id,user_name,star_rating,date,operational_aspect,ground_truth,predicted_sentiment,confidence,raw_review
c438dfa9-a09e-42f4-945e-225f6da226b4,Rendi Seal M,5,2026-09-15T06:53:47.197Z,Lainnya,Positif,Positif,0.7485,lancar jaya
9b15188d-5afb-45af-99ec-003d346adcd4,Jonsa Adnan,5,2026-09-15T06:52:52.393Z,Lainnya,Positif,Positif,0.6621,exellence
1f181ae6-dbd3-440a-a93c-bab93ad02771,Husen Tetikey,5,2026-09-15T06:51:59.467Z,Lainnya,Positif,Positif,0.9944,Aplikasinya sangat Bagus. dan viturnya mudah di gunakan.. sehingga memberikan kemudahan untuk di gunakan dlm bertransaksi dan lain..! Download Yuk Biar Ramai..!
0b6933a0-a723-40cd-b1eb-100a8deae0f5,Indra Wenben,1,2026-09-15T06:49:59.220Z,Transaksi & Pembayaran,Negatif,Negatif,0.9973,aplikasi sampah bayar melulu
5ceed737-d839-464a-b590-2e2c1473bb1b,Regina Pratama,5,2026-09-15T06:49:20.639Z,Kinerja & Server,Positif,Positif,0.995,"aku pakai aplikasi ini udh dari 2019 ,, sangat memudahkan dan sangat membantu ketika bekerja jauh bisa kirim ke orang yg di rumah dgn mudah 😇 terima Kasih bank Mandiri 🤗"
e6956cf6-79c9-4ac2-ae5c-020bd64e4a46,Ferlin Towulu,5,2026-09-15T06:37:15.697Z,Lainnya,Positif,Positif,0.8565,bagus
9523f436-76e0-45fa-8d4a-5cd15fd2ad58,Azka Pradana,5,2026-09-15T06:37:13.781Z,Lainnya,Positif,Positif,0.6621,jossjiss
aaa5be56-fa83-4978-a031-8f808c26520d,Kar Yani,5,2026-09-15T06:33:10.294Z,Lainnya,Positif,Positif,0.9881,10 tahun sudah memakai Livin ini semoga bermanfaat
89995d89-592d-401b-a4c9-a3478354dddc,harni suha,5,2026-09-15T06:30:39.620Z,Lainnya,Positif,Positif,0.922,"Saya sangat bersyukur punya Livin Mandiri, mempermudah urusan keuangan saya"
452b0b38-5b82-45af-93ad-458d487aadc1,Sujana Pnd,5,2026-09-15T06:28:23.292Z,Lainnya,Positif,Positif,0.7676,sangat membantu sekali
32103edc-dbfc-4739-a375-379af143e73f,Danny Ramdhan,1,2026-09-15T06:25:50.730Z,Lainnya,Negatif,Negatif,0.9986,aduhhh kacau. banyak Gangguan log in ulang pun ribet
9c7aafe5-df6e-4c93-8479-dfcc2098bfca,Surest Saputra,5,2026-09-15T06:22:36.104Z,Lainnya,Positif,Positif,0.7512,sangat terbantu dengan aplikasi in
4b8fc110-997a-42ee-9d8f-e29f448eb1e8,Ali Yudin,1,2026-09-15T06:21:10.316Z,Layanan & Fitur Finansial,Negatif,Negatif,0.999,percuma bikin rekening kalo kartu ATM sampe sekarang gak ada. gak guna
a3cf4c4c-1a7b-478d-b7a0-59a38b547afc,R Sri Subekti,5,2026-09-15T06:16:31.474Z,Lainnya,Positif,Positif,0.9077,terlalu banyak menu opsional pilihan di dalam apsnya
373a064d-2f6e-48e3-8e72-7493b34580ad,Reo Gani Saputra,5,2026-09-15T06:11:04.582Z,Lainnya,Positif,Positif,0.8565,mantap
386deb68-cdbf-45c3-b56d-daed36db2836,Muhammad Yusuf,1,2026-09-15T06:10:22.780Z,Lainnya,Negatif,Negatif,0.7154,"ini kenapa kupon sbn belum cair,harus lapor kemana min ? sekuritas lu yang mana !!!"
8035d422-afcd-49ce-9458-29bc5ca4c8e2,Eddies Khazev,1,2026-09-15T06:05:52.506Z,Lainnya,Negatif,Negatif,0.9504,"klo bukan karena payroll di bank ini, udh gw delete dr dlu"
bae8a432-185d-4f03-8999-7883265dd065,Arman Ryan,5,2026-09-15T05:54:46.957Z,Lainnya,Positif,Positif,0.8565,mantap sekali
d5713231-e222-4dcb-a625-b012bdbc1fab,Dzaltan Ibrhaim,5,2026-09-15T05:47:51.778Z,Lainnya,Positif,Positif,0.8565,bagus
5740d497-5c5f-4e58-b4b0-59d448e2be9e,Romi Aaa,5,2026-09-15T05:47:26.507Z,Lainnya,Positif,Positif,0.8283,ok
52b1b342-f14c-4bd7-85db-4809149aa738,Shiget 22,4,2026-09-15T05:40:33.605Z,Transaksi & Pembayaran,Positif,Positif,0.8623,tolong biaya admin klok mau TF ke bank lain dikurangi kalok bisa seribu setiap TF ke bank lain nya jngn 2500
b9eeafb3-64c4-46b9-83fa-81e518103e78,Ahmad Zikri,5,2026-09-15T05:38:57.289Z,Lainnya,Positif,Positif,0.8283,ok
8b0912f3-0a24-4caf-b25c-687cca428b9e,Ferdy Soemirat,5,2026-09-15T05:37:07.373Z,Lainnya,Positif,Positif,0.8565,good
bccb3a0e-cf70-4eb0-9b48-1e72ccd75ee9,Abang Joni,5,2026-09-15T05:34:33.591Z,Lainnya,Positif,Positif,0.8565,mantap
f88e2543-513e-40e0-9622-14169e07c615,Fitri Fatikasari,1,2026-09-15T05:32:15.200Z,Lainnya,Negatif,Negatif,0.9966,kacau sekali setiap mau transaksi livinnya gak bisa dibuka harus nunggu beberapa menit lagi
dd683faa-54d3-4443-99f9-aebf348f2f07,Fernando Marbun,5,2026-09-15T05:32:02.729Z,Transaksi & Pembayaran; Layanan & Fitur Finansial,Positif,Negatif,0.5539,mudah2han topup ksm bisa dari livinby mandiri
15d6801a-86fd-476d-a011-8279fb992640,Fazri palbart PF,5,2026-09-15T05:30:09.439Z,Lainnya,Positif,Positif,0.8277,"keren,gda tuh yg negatif"
1674f435-ab05-4dfd-9659-be1cc25e74c6,Dedy Surachmat,5,2026-09-15T05:23:52.871Z,Transaksi & Pembayaran,Positif,Positif,0.9782,aplikasinya bagus dan sangat memba tu u tuk transsksi pembayaran
c19ca1e7-b8b1-455f-b095-5d675a731776,Saep Aep,5,2026-09-15T05:23:15.623Z,Lainnya,Positif,Positif,0.6686,terimakasih ats aplikasi livin. bank mandiri di berikan kemudahan
e14305b6-3b59-417f-9f71-cdae9663ac92,Bulidin Roni,1,2026-09-15T05:16:32.308Z,Lainnya,Negatif,Negatif,0.9444,potongannya banyak banget harusnya cuma 5000 perbulan
d02bb3c5-8a6d-4938-8703-603cfe8d57c9,Ahmad Khariani,5,2026-09-15T05:12:01.213Z,Lainnya,Positif,Positif,0.5959,bikin lebih mudah
51f4750d-f57a-45e4-acc5-56c6a44a5ec0,Sky Perr,1,2026-09-15T05:09:31.255Z,Autentikasi & Akun; Transaksi & Pembayaran,Negatif,Negatif,0.9743,"hadeh ,nie apk tolong dibenerin dah gua g pernah pake Livin sekali pake buat qris di warung ,langsung buka Livin lagi tiba tiba akun sedang dalam peninjauan,harus ngurus ke kantor hadeh hadeh"
ef106164-4f4e-424d-bd9e-67091115af38,Cerdas Adyanto,5,2026-09-15T05:09:13.927Z,Lainnya,Positif,Positif,0.8565,good
f4bdb568-4abd-46eb-95f3-5334dd19c38c,Kusnadi Nadi,5,2026-09-15T05:08:03.786Z,Lainnya,Positif,Positif,0.7536,puas
8fd44b50-a5f8-4406-af5c-62df991c7302,aziz XD,1,2026-09-15T05:01:47.952Z,Autentikasi & Akun; Transaksi & Pembayaran,Negatif,Negatif,0.7985,"mau bayar tagihal , buka aplikasi suruh ganti pass , suruh pembaharuan setelah pembaharuan, setelah masukan nomor kartu langsung force close . nanti di ganti kalau sudah benar aplikasinya"
1250405c-40d2-4b6a-83e0-b4571f540cfe,diaz achmadan,5,2026-09-15T04:53:26.623Z,Lainnya,Positif,Positif,0.5966,Aman dan terima kasih
d346bcf9-1f7b-4c6e-88a8-67b3c69543dd,Sisi Lia,5,2026-09-15T04:51:44.353Z,Lainnya,Positif,Positif,0.8678,"Sangat membantu Nasabah dalam bertransaksi, Terima kasih Bank Mandiri"
8907185c-aacf-4f8e-93fc-2d64a1d41240,Sani Hani,5,2026-09-15T04:44:56.100Z,Lainnya,Positif,Positif,0.9607,bagus dan mudah
dfb4d819-74a1-4b93-9bf2-b7f963415ae1,Dannis Gevs,5,2026-09-15T04:41:19.486Z,Lainnya,Positif,Positif,0.996,bagus banget dan sangat membantu memudahkan urusan transaksi
2885ad51-a470-4041-9a73-79b76af47f59,Jozua b Jojo,5,2026-09-15T04:35:31.456Z,Lainnya,Positif,Positif,0.8565,good
d38fcadb-dfcf-4de4-95ff-32090aeaaba7,Jul Zendrato,5,2026-09-15T04:30:23.802Z,Lainnya,Positif,Positif,0.9813,lebih simpel transaksi
72c08629-39f0-4b7d-88e8-88b490b0008e,Mugiarti Mugiarti,5,2026-09-15T04:29:45.338Z,Lainnya,Positif,Negatif,0.7089,mandiri asik
9774afec-1072-46b2-9c99-f439bfd894eb,Ananda Yadnya,5,2026-09-15T04:26:18.680Z,Lainnya,Positif,Positif,0.7909,mempermudah setiap transaksi
7c36fc40-7555-42c0-a191-e120e1bdbf89,Putra Bakek,1,2026-09-15T04:23:57.676Z,Kinerja & Server,Negatif,Negatif,0.9743,"sudah dipotong pajak perbulan, eh msh aja kena potongan ghoib tanpa ada notifikasi, apk Livin susah dibuka assu, error terus"
3f5a6e4b-39c1-4e04-be86-5f525d01d532,Kosim Jitu,5,2026-09-15T04:18:31.948Z,Lainnya,Positif,Positif,0.7676,sangat membantu
ff14cd3f-1937-4db0-87e5-696fceeeef3e,Aleano Palar,5,2026-09-15T04:10:02.740Z,Lainnya,Positif,Positif,0.6621,excellent
6d56bde2-1bf7-47a0-bb74-aa91ed6cf899,Bang Dodo,5,2026-09-15T04:09:20.761Z,Lainnya,Positif,Positif,0.8987,sangat baik bergerak cepat
1ae8eeb3-7e14-4ee5-80fa-2f042cc6d9ac,Ulfianti,5,2026-09-15T04:01:45.520Z,Lainnya,Positif,Positif,0.9347,sangat mudah menggunakan apk livin by mandiri ini tidak susah lagi bolak balik ngecek kartu ke agen nya alhamdulillah ini benar-benar sangat membantu
6277f157-a716-4331-bb8d-03850e0b2ac6,Ade juminah,5,2026-09-15T03:57:35.372Z,Lainnya,Positif,Positif,0.7606,sangat membantu di saat di butuhkan
9c1fd082-bdfa-40c5-8549-c5bc41c3e92b,Tris Tersno,5,2026-09-15T03:53:15.778Z,Lainnya,Positif,Positif,0.8565,bagus
94ad0660-13ea-4bc9-9aaa-7e829aeede9f,BURHAN BEDDU,5,2026-09-15T03:51:26.819Z,Lainnya,Positif,Positif,0.9194,Sangat Bagus dan Aman buat saya Menggunakannya.
0a8b5067-b6e2-499e-9814-53d702e0ceb8,Datik Widiyanti,3,2026-09-15T03:50:00.731Z,Lainnya,Negatif,Negatif,0.7303,"Aplikasinya sudah bagus, tapi kenapa skrg kendala yaa kalau sdg telp pakai WA atau aplikasi lain nya? Padahal di versi sebelumnya tidak ada kendala."
e1c1b55f-62ce-4843-a8f6-5c321720ad88,Saling Share Video,1,2026-09-15T03:49:45.286Z,Lainnya,Negatif,Negatif,0.9832,sangat tidak disarankan banyak penipuan didalamnya
7da7d3e4-4810-4c9a-8bd6-3c6d8d67f7da,Muass Paijo,1,2026-09-15T03:45:52.169Z,Autentikasi & Akun; Kinerja & Server,Negatif,Negatif,0.8857,erorrrr.... lagi di luar negri..mau login akun ke HP baru malah eror layanan tidak tersedia.. hubungi kantor cabang.. tau gitu sblum berangkat kgk pilih ini bank
89c68419-4a7c-4131-b803-ef25be9e0de9,Berkah Barokah,5,2026-09-15T03:44:40.344Z,Lainnya,Positif,Positif,0.87,Good Aplikasi 👍👍👍👍
3106a5b3-3b2a-47b7-aaad-f0467bb4f402,Hendri Sarwono,5,2026-09-15T03:43:13.552Z,Lainnya,Positif,Positif,0.5183,tetap full bintang
45367acb-95ba-4d1c-8de5-865b95026bc8,Darmawan Singawinata,5,2026-09-15T03:42:24.292Z,Transaksi & Pembayaran,Positif,Positif,0.9245,jarang bermasalah ...lancar aja tiap transaksi baik iru ranfwr maupun qris
20c14969-8b87-43c6-a805-ba14b9829260,Kartawan,5,2026-09-15T03:32:19.791Z,Lainnya,Positif,Positif,0.6621,sangat elegan
d0fb0ff5-7b8a-46d8-85ec-18081ea2950b,samogi yono,5,2026-09-15T03:31:54.529Z,Lainnya,Positif,Positif,0.8578,sangat mendukung penguna
535cf236-2008-4007-8a8e-db097536f52d,Seftra Adhi Prasetyo,1,2026-09-15T03:18:44.302Z,Autentikasi & Akun; Layanan & Fitur Finansial,Negatif,Negatif,0.9992,"Aplikasi yg nyusahin pengguna, pengguna kartu kredit dipaksa harus buka tabungan, kalo ga buka tabungan ga bisa login livin 👎🏻"
8809ca82-95da-4974-b90e-242771cb1aeb,Rafka Infinix,5,2026-09-15T03:18:19.615Z,Lainnya,Positif,Negatif,0.8921,saya suka
1a0faccc-3233-4277-add8-8396979f12b4,Armand Nugraha,5,2026-09-15T03:17:17.199Z,Layanan & Fitur Finansial,Positif,Positif,0.5918,sangat membantu mempermudah buka rekening
ea4d2569-7d26-4010-84f1-c3fc205a6cad,Ana Silla,5,2026-09-15T03:16:12.817Z,Lainnya,Positif,Positif,0.7676,sangat membantu
3044492b-2f6b-45f2-9e80-8016b06bdd6e,A Leza,1,2026-09-15T03:13:15.472Z,Autentikasi & Akun; Kinerja & Server,Negatif,Negatif,0.974,ini gimana update baru malah jadi ga bener dan jadi rusak app. masa ga bisa login muncul notifikasi sitim operasi tidak sesuai dengan app livin ??? padahal sistem operasi sudah diupgrade versi terbaru 2026 dan android juga sudah android 13. gimana ini ????
65a041ab-0ab4-473b-8f60-3b1368d76d2c,Iif Kusmayadi,5,2026-09-15T03:11:48.911Z,Lainnya,Positif,Positif,0.9689,"sangat membantu sekali untuk transaksi apalagi saya di kampung jauh dari perbankan,,,jadi gk usah pergi ke bank 👍"
a487e3ec-2414-45d3-baec-eeea232cc558,Warni Subandrio,4,2026-09-15T03:04:40.270Z,Autentikasi & Akun; Transaksi & Pembayaran,Positif,Positif,0.9295,kenapa tidak tersedia transfer ke Bank Bukopin ? yang tersedia hanya Bank Bukopin Syariah
2b0bd7d9-c7ae-4589-a97d-42d92bcc6d4d,Saka Ki,4,2026-09-15T03:02:02.898Z,Lainnya,Positif,Negatif,0.6883,luar biasa
0fc0dfb7-7ac6-46ce-bf7e-d5366fdc7c08,Supendi Cbn,5,2026-09-15T02:57:26.562Z,Lainnya,Positif,Positif,0.967,Livin mantap dan akurat
e3b0cfe6-ddab-41de-81d8-eee7b4f14e26,Juhaini92 Juhaini92,5,2026-09-15T02:57:08.237Z,Lainnya,Positif,Positif,0.9394,aplikasi nya bagus sangat mambatu
bc205686-71e7-40d8-809a-43bedbb2c4b5,Yenita Candrasari,4,2026-09-15T02:55:19.395Z,Autentikasi & Akun; Kinerja & Server,Positif,Negatif,0.5595,loadingnya lama setiap login
17ff6c78-f1f0-46f0-bbfd-08b48fb286be,florenshe Labu,5,2026-09-15T02:55:00.646Z,Autentikasi & Akun; Transaksi & Pembayaran,Positif,Positif,0.9889,"Aplikasi Livin bank mandiri sangat membantu dalam proses pembayaran, mudah monitor transaksi uang masuk dan keluar uang via mbanking. Desain simpel dan menarik"
6d323083-547f-47a0-8fdd-4a5a953187ab,Ahmad Syafii,5,2026-09-15T02:54:34.812Z,Lainnya,Positif,Positif,0.7676,sangat membantu saya
1212e867-8eac-4979-aeb9-714fbc343e6b,Mohammad Taufik,5,2026-09-15T02:54:27.651Z,Lainnya,Positif,Positif,0.8565,mantap
31bde6b5-4b03-4f09-a4f1-50249b07e7bb,Amin 28 (Dr28),5,2026-09-15T02:54:14.768Z,Transaksi & Pembayaran,Positif,Positif,0.8547,"bagus si, tpi kadang gak mau dipake top up dinomor yang sama dan harusnya semua nominal bisa di top up"
f7ab52d8-eeec-4168-b0b7-23fe49e8678b,Isti Yant,5,2026-09-15T02:52:12.247Z,Lainnya,Positif,Positif,0.7536,sangat puas
3f2ddd90-2b97-4c6b-93d4-1877b155c82d,Ibnu Zubair,5,2026-09-15T02:41:59.765Z,Kinerja & Server,Positif,Positif,0.9416,"mantab, jaringan bagus, pengamanan jg terkendali..."
223e8ed5-6efe-4392-9dbe-ba42dde15144,Tio Purba,5,2026-09-15T02:41:30.961Z,Lainnya,Positif,Positif,0.8565,keren
c7ed4f01-1da4-4fff-b278-c4a3ec355191,Nsusila Bali,5,2026-09-15T02:39:56.118Z,Lainnya,Positif,Positif,0.9717,Cukup memudahkan dalam bertransaksi
f4ba3e53-1d5e-4da2-bfac-ef2522dd40e7,Wahid S,5,2026-09-15T02:37:28.222Z,Lainnya,Positif,Positif,0.9765,menjadi lebih mudah untuk bertransaksi
624857bd-933b-4dcd-908c-7bbf16cb5804,ifuel 11,1,2026-09-15T02:37:08.633Z,Transaksi & Pembayaran,Negatif,Negatif,0.835,"semakin ke sni semakin kurang nyaman , sekarang topup dana seabank, adminya gede. trs di batasin jg..haduuu"
5296b77c-1888-4849-bf98-8fe8f3f4de19,Buat Ngk tau,1,2026-09-15T02:34:07.267Z,Transaksi & Pembayaran,Negatif,Negatif,0.9678,kok ngk bisa TF ke Dana?
097ea837-7067-49c2-8df2-cef50ed05ab0,Ana Ullah,5,2026-09-15T02:31:50.378Z,Lainnya,Positif,Positif,0.8565,bagus
15128b5e-9d9c-4e45-957b-5ddbcb62a74b,Fauzatulo Laia,5,2026-09-15T02:27:56.461Z,Lainnya,Positif,Positif,0.8322,Mantap pokok e
36d8971d-e79d-4fc6-92de-56bb55a2e9ff,Jajang Arsandi,5,2026-09-15T02:27:02.248Z,Lainnya,Positif,Positif,0.8283,ok
cd5d6eaf-9d9d-4892-87a9-e5266d2396f0,Anas Nst,5,2026-09-15T02:26:56.930Z,Lainnya,Positif,Positif,0.8926,memudahkan akses penarikan dan pengiriman
5fc7d08c-d72d-4f07-a31d-b61c3f68491c,Dwu Yutan,1,2026-09-15T02:26:38.298Z,Lainnya,Negatif,Negatif,0.9859,no tidak bagus aama sekali
b300f8cb-78e3-4d7d-927a-ee7fb4d4c1be,dhenny Pinks,5,2026-09-15T02:21:27.792Z,Lainnya,Positif,Positif,0.7393,spesial
95f7d785-e7b4-4a7c-920c-d437f3ef901e,Heryan _07,5,2026-09-15T02:19:43.683Z,Lainnya,Positif,Positif,0.8565,bagus
3e35d6b3-9ed7-4e24-b3df-0e53fbdba95e,Ayi Saripudin,4,2026-09-15T02:11:00.473Z,Lainnya,Positif,Negatif,0.7127,"sejauh ini tidak ada kendala, semoga seterusnya tidak ada unsur merugikan, sekian dan terimakasih."
ceeed969-27e3-41aa-8f02-18ab47e5225c,Ron,5,2026-09-15T02:09:57.402Z,Lainnya,Positif,Positif,0.5583,"sangat membantu sekali,terimakasih mandirri"
a06fc61a-1ffb-4ab8-9d39-bdcbb0191291,Alayhaters,1,2026-09-15T02:07:20.246Z,Lainnya,Negatif,Negatif,0.9539,tidak rekomend untuk endapan uang terlalu besar
e4d953da-c631-410d-b2cf-80695c34e3ac,iqbal bagja nugraha,1,2026-09-15T02:06:09.617Z,Autentikasi & Akun,Negatif,Negatif,0.9736,login aja di persulit pas datang ke kantor cabangnya makin dipersulit sialan.
662a3e58-240c-4dc5-8a52-da7db2c9ec0f,Ahmad Solehudin,5,2026-09-15T01:58:46.293Z,Lainnya,Positif,Positif,0.7909,mudah transaksi nya
a6f85ca1-b693-48f0-acd5-11a6fddb8238,Ibrahim Abdul jabbar,5,2026-09-15T01:57:34.191Z,Lainnya,Positif,Positif,0.9765,lebih simple bertransaksi
c0a0a133-a2bb-4f1b-a32e-2477f71efb27,Fadhli 26,5,2026-09-15T01:55:23.312Z,Lainnya,Positif,Positif,0.8565,good
c255cdb7-4b57-4aee-a3fa-38f51db9af71,Angga Erlangga,3,2026-09-15T01:54:50.543Z,Kinerja & Server,Negatif,Negatif,0.8538,sering lelet GK sperti BCA dan BRI aplialsinya cepat..
01e6b62c-2b80-46e8-9af3-09a1da46e5e3,BAWELTV,5,2026-09-15T01:44:22.930Z,Lainnya,Positif,Positif,0.8283,ok
f71556eb-d4f4-4f55-9582-1325f060bfc3,Wawan Kariadi,5,2026-09-15T01:43:15.114Z,Lainnya,Positif,Positif,0.6007,sesuai kebutuhan
81ebd735-96fd-4aac-9514-feb599f77c20,Avi Rabdianto,5,2026-09-15T01:43:12.490Z,Lainnya,Positif,Positif,0.9905,Aplikasinya bagus bermanfaat untuk seluruh masyarakat indonesia
95f98bfb-8bec-44f6-951f-a7a10047e8a0,Nurhayati ati,5,2026-09-15T01:37:01.984Z,Lainnya,Positif,Positif,0.8565,bagus
71bbb3f9-324b-424e-9379-7caa6e7f9ac9,dione kasep,1,2026-09-15T01:32:20.719Z,Transaksi & Pembayaran,Negatif,Negatif,0.8941,sering gagal pas waktu pakai qris juga limit nya gede pas belanja sumpah ga se simple dana
11d05eed-545d-46f0-b8ec-6169eeac1f9e,Nano Nano,5,2026-09-15T01:30:12.212Z,Lainnya,Positif,Positif,0.5785,"Tidak perlu saya jelaskan kendalanya, semua sudah paham, Tolong segera di benahi demi kenyamanan pengguna aplikasi dan nasabah bank mandiri. Terima kasih"
01269a55-106c-411a-9f4c-6e0c2e46c049,Rohman Udin,3,2026-09-15T01:24:28.830Z,Autentikasi & Akun; Layanan & Fitur Finansial,Negatif,Negatif,0.6164,bner pihak bank memberikan pinjaman ke koperasi di lembur sawah cimahi bandung yang koperasi tersebut memberatkan warga nya. semoga tidak di acc
f3455b77-fd14-4705-91d5-f389e2074813,Sau Pin,5,2026-09-15T01:20:41.606Z,Lainnya,Positif,Positif,0.8211,Belanja di Shopee Aman dan Amanah
685626e3-1992-42e7-8509-1f61a2a8dcc9,Arman,5,2026-09-15T01:17:21.824Z,Lainnya,Positif,Positif,0.9578,sdh 7 tahun pke livin by mandiri. Alhamdulillah transaksi lancar aman dan nyaman.
5bf73388-3110-43ce-a2a7-ef9860d124fa,Hery Koko,5,2026-09-15T01:14:21.350Z,Lainnya,Positif,Positif,0.9455,smile😊😊😇
f3f13af1-c60d-49be-b6c1-8ba50b09f537,Robin Suandi,5,2026-09-15T01:13:29.619Z,Lainnya,Positif,Positif,0.9636,livin memudahkan kita untuk bertransaksi
e81e40c8-5871-4bf7-b7cb-0f5f564141bd,Sugiman manaf,5,2026-09-15T01:08:08.989Z,Lainnya,Positif,Positif,0.8767,mudahan bisa bermanpaat
1ea8a949-1291-49f9-acfc-fc3fc6b156cd,Budi Nugroho,5,2026-09-15T01:04:53.330Z,Lainnya,Positif,Positif,0.9203,memuaskan..cepat dan tepat
a0c25ba3-f79a-4034-8548-507aed066232,DOny frassatiyo,5,2026-09-15T00:57:02.740Z,Lainnya,Positif,Positif,0.9862,bagus mudah di gunakan
1dedcc11-af32-46b8-8fda-90cfa496cc52,Muhamad Ansyari,1,2026-09-15T00:55:09.364Z,Lainnya,Negatif,Negatif,0.9967,"Ga heran kalo d boikot seindonesia, kalo kinerjanya bobrok"
15a8c333-746c-44e6-9f30-da5bb09f32ce,Kevin Ogyatma,5,2026-09-15T00:53:14.948Z,Lainnya,Positif,Positif,0.834,mandiri sukses selalu ☺️
253f2506-cb24-405f-9bbd-0dab85564957,yandri i,5,2026-09-15T00:38:40.757Z,Lainnya,Positif,Negatif,0.6229,sangat membatu
40c7ac8c-6980-4299-8996-0710cf0bc650,Riza Pahlevi,5,2026-09-15T00:35:49.732Z,Lainnya,Positif,Positif,0.9378,sangat membantu dalam transaksi keuangan Saya terima kasih Livin By Mandiri
bde8fd76-a82d-4a59-8f5d-08409af3c185,Google Id,5,2026-09-15T00:34:27.877Z,Lainnya,Positif,Positif,0.7676,sangat membantu
24690c51-83c3-4ecc-89e9-4a96f41e1458,Cipto Mulyono,5,2026-09-15T00:30:26.793Z,Lainnya,Positif,Positif,0.9593,Smoga konsisten bagusnya
ad8a634f-a3a1-4c4a-91f2-91eef0b9b060,Ilham Rizki,5,2026-09-15T00:29:33.368Z,Lainnya,Positif,Positif,0.9189,Apk mobile banking yg paling lengkap fitur nya selain bank bca. Mantap
60eb1524-8ef2-4472-8381-08889a08ceaa,Seno Tri,5,2026-09-15T00:17:51.650Z,Lainnya,Positif,Positif,0.946,Aplikasi lumayan handal dibanding kompetitor
f2d6416d-52b8-45ea-bc5b-024d57bbf839,Bang Udin,5,2026-09-15T00:12:29.777Z,Autentikasi & Akun,Positif,Positif,0.9201,"sangat membantu,,, disaat uang bantuan masuk atau tidak,jadi kita tidak perlu kebank terus menerus untuk mengecek kartu"
1e5d807c-56cf-4bde-9971-cbb437aeaa73,Lukas Kawer,4,2026-09-15T00:07:58.839Z,Lainnya,Positif,Positif,0.7536,sangat memuaskan
d4a5861a-5989-4acc-8ca2-bc3aa3d9fd24,abadi Siswo Prasetyo,5,2026-09-15T00:01:45.537Z,Lainnya,Positif,Positif,0.9801,sangat bermanfaat
fb140ee5-4885-4414-8d65-6c886db5d029,Bambang Joko,5,2026-09-15T00:00:24.288Z,Lainnya,Positif,Positif,0.8565,sangat bagus
685bb06b-1437-4527-8cbf-3882126cc136,Maria Magdalena,5,2026-09-14T23:57:32.550Z,Lainnya,Positif,Positif,0.7676,sangat membantu
2c003d21-300b-4b32-a777-5789dc013607,Ahmad Santoso,5,2026-09-14T23:55:35.849Z,Lainnya,Positif,Negatif,0.8921,saya suka
e3c7b311-5819-4799-af35-f5fbd3ca0566,Wasim Sim,5,2026-09-14T23:55:28.766Z,Lainnya,Positif,Negatif,0.5188,sangat baik
e00657c5-fe66-432e-9fc0-d42e94e0126a,Veronica Hutasoit,3,2026-09-14T23:52:04.247Z,Kinerja & Server,Negatif,Negatif,0.9768,lelet dan sering ngeleg. mau bgmn lg.. udah terlanjur... pdhl pakai livin dan bg n ada progressnya
d8e2278f-5e9c-4e55-9262-23b858d83410,Elzio ghazanfar Jambi,5,2026-09-14T23:43:40.367Z,Lainnya,Positif,Positif,0.7676,sangat membantu
22d186de-2f92-413d-9968-3e9820b08287,Minion Mini,5,2026-09-14T23:34:19.492Z,Kinerja & Server,Positif,Negatif,0.5483,Sering eror cuak
c64eb619-0648-41d0-b641-adb4b93a65f1,Dwi Jaya Putra,5,2026-09-14T23:33:26.179Z,Lainnya,Positif,Positif,0.8565,Bagus
bc6d82d7-09d0-4442-a2af-0605c91a9ee4,Siti nurlaela Restu singgih,5,2026-09-14T23:28:00.924Z,Lainnya,Positif,Negatif,0.6568,gokil
f5f5a317-827b-4d22-98de-3b78d4fdcb36,Fanny Yu,5,2026-09-14T23:26:38.120Z,Lainnya,Positif,Positif,0.96,"sudah sangat berbenah,dl sy kasi rating3 skrg 5 thx livin,sdh memudahkan transaksi perbankan"
4b5bbb9f-738e-4838-aeb9-73e0e6e07b6d,Agus Sadi,2,2026-09-14T23:26:19.523Z,Autentikasi & Akun,Negatif,Negatif,0.9987,min ko punya saya di blokir padahal mau masuk ulang min padahal tidak ada yang salah tbtb di blokir
b1643032-4031-4c56-a0f5-80fe45e14dc7,arief wahyuono,5,2026-09-14T23:17:45.950Z,Lainnya,Positif,Positif,0.9225,ok deh uhuuii
22813989-0750-4fe0-a29f-729986d9e9c2,Nurr taofik,1,2026-09-14T23:16:18.603Z,Lainnya,Negatif,Negatif,0.9824,bank ko bisa di suruh sama pejabat negara
a93cb56a-4e55-43a1-966c-0ecc1253ebad,Husni Thamrin,5,2026-09-14T22:59:12.392Z,Lainnya,Positif,Positif,0.8565,bagus
5ce8a8f9-9130-4cb8-b34b-1bfdaa2cf5ed,Luqman Hakim,5,2026-09-14T22:56:11.968Z,Lainnya,Positif,Positif,0.8283,Ok
85c6da88-db44-44b3-ba6e-91fe3c046d59,Waluyo Sulistiono,5,2026-09-14T22:55:15.760Z,Lainnya,Positif,Positif,0.885,Mantap 💪💪
a252bf6c-0229-4fc0-a1fc-3e5430981b13,Maulida Afja,5,2026-09-14T22:45:58.327Z,Lainnya,Positif,Positif,0.9923,semoga semakin bermanfaat dan mempermudah semua akses
7d6a8214-87d0-4a2a-9f31-a2c149389802,Riyan irfan,5,2026-09-14T22:40:28.664Z,Lainnya,Positif,Positif,0.7575,semoga mandiri lebih baik lagi kartu sya blm sya ambil apa bisa dikirim
592d26dc-ca77-4882-b6c1-856ede8422d0,Aris Mutarom,5,2026-09-14T22:31:51.868Z,Lainnya,Positif,Positif,0.7536,sangat puas
f8c75c04-6785-412e-a833-911a4b77561a,Wina Lana,5,2026-09-14T22:31:31.265Z,Lainnya,Positif,Positif,0.9411,"layanan Livin sangat memuaskan, cepat"
61d3041a-1d69-493a-8d35-0e4eb3da8016,Barlian Sakka,5,2026-09-14T22:27:40.297Z,Lainnya,Positif,Positif,0.9684,aplikasi ini sangat membantu 👍
5c03a3a0-afd3-49fb-9fe9-da123633580c,Ahmad Nur firdaus,4,2026-09-14T22:26:22.331Z,Transaksi & Pembayaran,Positif,Positif,0.9742,"secara fasilitas dan kegunaan aplikasi udah bagus lengkap, hanya saja untuk topup e-wallet seperti dana ada biaya maksimal transaksi sehingga sulit untuk untuk melakukan topup yang akhirnya harus perlu beberapa kali dan berakhir dikenakan biaya setiap melakukan transaksi yahh memang jarang menggunakan mungkin itu saja terimakasih"
fc544542-78f6-4ac0-ad05-460dd7b5c60d,Hasan Majesty Majesty,5,2026-09-14T22:21:16.420Z,Lainnya,Positif,Positif,0.9616,bagus dan sangat memudahkan kerja
3d1cfbb9-af56-48a4-943e-ac1e3844f968,Wahid Albimer,5,2026-09-14T22:20:34.941Z,Lainnya,Positif,Positif,0.7536,puas sekali
76b1aa5b-9b87-4154-aa3e-239d203ae0ac,Vidy Usman,5,2026-09-14T22:15:12.822Z,Lainnya,Positif,Positif,0.8283,ok
1fd6a4e8-8dc4-4dd0-a806-c7616a792923,Adhitya Zaputra,5,2026-09-14T22:14:03.361Z,Lainnya,Positif,Positif,0.7676,aplikasinya sangat membantu
fdfcc8c2-678a-411f-8dd6-86bcd13d6b3c,Putra Pegagan,4,2026-09-14T22:11:37.472Z,Lainnya,Positif,Positif,0.6955,masih ada kendala jam transaksi dibatasi
f006033e-b7d5-42a9-82ca-13e7ad58181a,Edy Duro,5,2026-09-14T22:06:58.436Z,Lainnya,Positif,Positif,0.7676,membantu banget
a7223142-3dd2-4d6d-9fb6-1c8c4293b28b,Irwan 93,5,2026-09-14T22:06:17.352Z,Lainnya,Positif,Positif,0.8699,👍👍👍
e7cbf289-4706-4552-a2ed-0cbf83c29325,Muhammad Thohir,5,2026-09-14T22:00:53.302Z,Autentikasi & Akun; Layanan & Fitur Finansial,Positif,Positif,0.9909,Aplikasinya sangat membantu dan mudah dioperasikan. Semoga memberikan kesempatan pinjaman online untuk pelanggan yang memenuhi syarat agar masyarakat tidak terjebak pinjaman online yang ndak jelas.
77819ebd-9002-4889-9a5e-e4e68d9b40c1,Sumardi Xdllpan,5,2026-09-14T21:59:55.740Z,Lainnya,Positif,Positif,0.8565,bagus
6051f993-a6c1-46b5-ae2d-2b36dbc47780,Syukurr Kur,5,2026-09-14T21:59:18.663Z,Lainnya,Positif,Positif,0.8565,bagus
c7a257e2-eeaf-4952-8d67-eb606f0c1396,Yuli Erni,5,2026-09-14T21:55:48.897Z,Lainnya,Positif,Positif,0.7587,lebih cepat transaksi k
db7af34b-3c27-4725-8a16-d493743065af,Taufik,5,2026-09-14T21:51:30.794Z,Lainnya,Positif,Positif,0.8283,Oke
ca53b02a-5433-4ff1-9c07-77a605a7a9c5,Lia Prastika,5,2026-09-14T21:40:46.698Z,Transaksi & Pembayaran,Positif,Positif,0.8911,nyaman dan cepat dalam pembayaran
203bdf1a-9ed4-4099-ae7b-c9b77da2eff9,Anisa Ayu,5,2026-09-14T20:37:43.733Z,Lainnya,Positif,Negatif,0.5188,baik
087af263-fe09-443a-94c0-d080d6c9f77f,Ahmad F,1,2026-09-14T20:33:07.763Z,Autentikasi & Akun; Layanan & Fitur Finansial,Negatif,Negatif,0.9866,"Saya lupa password, gak ada kartu fisik, gak tau nomor kartu, mau login ke aplikasinya gimana? cuma tau nomor rekening aja. ini gimana solusinya?"
481e8b92-711b-4b26-b509-ccb48b48ebce,Ai Sitihalimah,5,2026-09-14T20:28:10.420Z,Lainnya,Positif,Positif,0.8694,bagus..n mantap
9e91bcf1-56b7-42de-ae45-99547632169e,ameliyaputri ameliiyaputri,5,2026-09-14T20:17:44.117Z,Lainnya,Positif,Positif,0.6372,livin sangat bagus dalam bank mandiri
a6bee8d6-3dc7-486c-bd24-9de09b9effc9,LINGGA KENSIWI,5,2026-09-14T19:14:48.230Z,Lainnya,Positif,Positif,0.8472,cepat dan responsif
db3f82c6-e235-4f67-96dc-2f00254094a1,Hendra Noviadi,5,2026-09-14T18:53:31.490Z,Lainnya,Positif,Positif,0.7536,sangat puas
e1e42cf9-4706-460e-b5a0-3c04adba7941,ogi setiadi,1,2026-09-14T18:49:51.456Z,Autentikasi & Akun,Negatif,Negatif,0.9421,mau login mandiri kenapa hp saya restar sendiri njir pas mau login kenapa woii mandiri
2033d551-303d-49f5-b984-223892bef954,Agus Sofyan,5,2026-09-14T18:43:39.553Z,Lainnya,Positif,Positif,0.973,keren..semakin lengkap
3bc53b77-f5e2-409e-be6c-9b6630808541,Ir Wandi,5,2026-09-14T18:22:46.281Z,Lainnya,Positif,Positif,0.8283,ok
599d05d0-8ef3-443d-a631-b632a7664058,Mansur Ajj,1,2026-09-14T18:13:09.736Z,Lainnya,Negatif,Negatif,0.9799,saldo ngedap 100rb gak bisa di tarik
aada618c-488c-4b67-b745-450a3023d779,Frengky Simatupang,4,2026-09-14T18:00:37.993Z,Lainnya,Positif,Positif,0.8565,mantap
a8756831-7739-47b6-b93d-90e064a0b334,Fendy Simanullang,5,2026-09-14T17:49:36.979Z,Lainnya,Positif,Positif,0.5458,Terbaik
21d7b3e6-6299-453c-b109-0bbecbecada5,Wawan Jun-pyo88,5,2026-09-14T17:49:30.286Z,Lainnya,Positif,Positif,0.9151,tambahin dong kredit sepeda motor nya
75c79565-616e-4dae-98d8-58d1bb1150a5,Fauzi Wally,5,2026-09-14T17:40:37.768Z,Kinerja & Server; Layanan & Fitur Finansial,Positif,Positif,0.9857,Sudah mantap memberi kemudahan dan sangat membantu setiap transaksi saya. Cuman seringkali membuat hp jadi error/ngestak gak bisa ngapain ngapain. Apalagi saat mau melakukan transaksi pengisian nominal / nomor rekening.. Jd sya rasa itu sangat mengganggu.
a2211d18-7037-4ad1-b75a-14a5bede7a22,Romadan adan,5,2026-09-14T17:30:45.800Z,Autentikasi & Akun,Positif,Negatif,0.7049,lupa password dan kartu nya blum jadi
a26ca8e7-508e-4ee4-995c-b454ad11067e,Tabs2 2018 (Rahman),5,2026-09-14T17:21:18.121Z,Lainnya,Positif,Positif,0.8565,mantapp
ea37d18b-6fc8-4fbf-b63e-54c1808a3727,Sella Oktapia,5,2026-09-14T17:13:04.470Z,Lainnya,Positif,Positif,0.7946,sangat puas dengan pelayanannya
0c711fb5-d070-4cbe-87e2-70946aaa42aa,Imam Suaifudin,5,2026-09-14T17:10:03.866Z,Lainnya,Positif,Positif,0.5959,lebih mudah
fb3ec002-9e1e-41aa-ab78-83d75ca86d69,Arfan Risyad,5,2026-09-14T17:09:39.459Z,Lainnya,Positif,Positif,0.9101,Lebih mudah dan Ter hubung dgn kredit card
66c07059-3b6b-4c26-b3fa-416eb7814777,Indra Jf,5,2026-09-14T17:05:29.282Z,Lainnya,Positif,Positif,0.8565,bagus
a88de078-e4c7-4f68-bde8-e2f842c4567e,Nuri jennie,5,2026-09-14T17:01:44.675Z,Lainnya,Positif,Positif,0.8736,cepat sangat membantu
67054950-d251-47c0-873a-e1df5e473ce6,Robi Sandra,5,2026-09-14T17:00:00.930Z,Lainnya,Positif,Positif,0.8565,mantap
4e4411cb-4c19-4550-8796-a4534b969754,Djony Rusman,5,2026-09-14T16:54:08.934Z,Lainnya,Positif,Positif,0.8565,bagus
bd8fecc6-6433-42f3-87e7-3af643b9529e,Ibu Ratihnew,5,2026-09-14T16:36:53.707Z,Lainnya,Positif,Positif,0.9263,lebih efisien dalam bertransaksi
1cd7304e-005c-466e-859e-a95f6bad261d,Rifa Pahriah,5,2026-09-14T16:30:19.169Z,Lainnya,Positif,Positif,0.6808,transaksinya jadi lebih mudah di livin by mandiri
8fa1fad5-28f9-442d-9a3d-8cc8f06ea27d,Umar Dani,5,2026-09-14T16:23:25.207Z,Lainnya,Positif,Positif,0.9394,Waw keren
d3edc7ae-9784-4203-a594-3833a28c2efb,Pevpi Mulyani Pane,5,2026-09-14T16:18:04.993Z,Lainnya,Positif,Positif,0.9739,sangat membantu dan vitur aplikasi terus berkembang untuk kemudahan penggunaan nya
7a04af53-cd9e-4353-b4e1-09c384f73461,Sabrina Salsabila,5,2026-09-14T16:13:57.190Z,Lainnya,Positif,Positif,0.8565,Josss
9121f3ea-118a-4d99-ad2f-d56d5ac607e7,Hae Li Sha,4,2026-09-14T16:07:52.272Z,Lainnya,Positif,Positif,0.5318,ada peningkatan
4a34f4d7-2923-4708-90aa-f35487d12b91,Yudi Jambi,5,2026-09-14T16:06:50.598Z,Layanan & Fitur Finansial,Positif,Positif,0.7784,bagus banget buat nyimpen tabungan
ba5c4d8e-88cf-410d-b763-b8db448afdc1,Arif Arif,5,2026-09-14T15:50:40.149Z,Lainnya,Positif,Positif,0.9083,keren cepat
ec2efdbb-602c-4ab0-8fde-138b7230f5a9,TAUFIK UTOMO,1,2026-09-14T15:47:12.662Z,Lainnya,Negatif,Negatif,0.9273,kontl
00eb2db6-2144-40b5-8007-6145000d3d6f,Valdi Robert Pontoh,5,2026-09-14T15:34:22.154Z,Lainnya,Positif,Positif,0.9018,Livin semakin keren aja
7c72794c-3309-4b3d-8c76-0f4e9f10f038,Meyy naa,1,2026-09-14T15:20:28.334Z,Lainnya,Negatif,Negatif,0.9849,"licvn apaan nih, jelek banget gak kayak bank lain yang bikin nasabahnya gampang ini bank mandiri bikin ribet, masa install aplikasi gk semua HP bisa, bank lain sih semua HP bisa lah ini bank gak bisa, ampun deha nih aplikasi am bank nya sama2 bintang 1"
91d50709-aafe-46ab-8f4b-f0609deff28c,Haryonobatukol Cuk92,1,2026-09-14T15:11:47.772Z,Autentikasi & Akun; Layanan & Fitur Finansial,Negatif,Negatif,0.9156,"Mengapa Tak dapat2 buat Akun Livin nya, Dan selalu Keluar Notifikasi "" Yuk buka Akses di Bank Terdekat atau hubungi Call center 14000, Gila....kan saya nya Sementara Akses kartu sudah terbukti '"
40bcdd8a-3858-4819-b5b6-dae1210bb79a,agung2006 2008,1,2026-09-14T15:05:22.147Z,Lainnya,Negatif,Negatif,0.9972,"aplikasi bank paling jelek yang pernah gue temuin, bukannya bikin enak nasabah malah bikin susah ,nyesel gue transaksi di mandiri"
da8c1a3f-6373-4ec5-b7f8-5360a96b1d40,Rohman Udin,5,2026-09-14T14:09:19.476Z,Autentikasi & Akun,Positif,Positif,0.9986,"maaf sebelumnya,, Sya selalu UMKN berterimakasih kepada pimpinan dan jajarannya, sya cuma mau melaporkan, sya disini ngontrak kios toko didaerah luwigajah, merintis dari kecil hingga sedikit besar, dlu kios yang saya kontrak gk ad yang mau, sampai akhirnya sekarang berjalan, tempat dipaksa jual oleh oknum koperasi SBMU lembursawah Yang mau mencairkan dari bang mandiri setempat, mohon untuk nama peminjam atas nama koperasi tersebut jangan dicairkan, karna sya menanggung 10 karyawan yang kasihan."
575ab473-c62b-4482-a209-ce147e2e0c75,Rafito Juan Saputra,5,2026-09-14T14:01:25.479Z,Lainnya,Positif,Positif,0.9629,"Good app, feedback dibalas dan di perbaiki"
9ce48db5-3dd4-49d9-be81-43f76195b5e7,Inna Adam,3,2026-09-14T13:08:19.112Z,Transaksi & Pembayaran; Layanan & Fitur Finansial,Negatif,Positif,0.6664,"Ini mandiri kenapa saat saya lagi mau transfer dari mandiri ke bank lain untuk nabung dikit2, padahal udah ada biaya admin 2.5k malah kurang 51k. contohnya Rp7.813.294 − Rp5.750.000 = Rp2.063.294 Jadi hasil harusnya segini sampai di bank tabunganku Rp2.063.294, bukan malah segini Rp2.011.424."
2a26ade8-aa03-487f-942b-23166cbae690,Ahmad Hikam,2,2026-09-14T12:48:40.921Z,Kinerja & Server,Negatif,Negatif,0.9501,aplikasi sering eror
ef8fe1cd-1c48-4d8e-92d2-335de5eaec09,Muammar,5,2026-09-14T12:22:34.735Z,Autentikasi & Akun,Positif,Positif,0.568,hanya sekedar masukan buat mandiri kalo bisa saat transaksi menggunakan livin mandiri jgn pakai pin buat kan pakai fingerprint jadi lebih aman transaksi nya
455e80d0-2a20-4117-9e6e-f3fa692a24a1,Endang Ponco Mulyani,1,2026-09-14T11:54:04.836Z,Lainnya,Negatif,Negatif,0.9809,tidak sesuai harapan
d1480b87-9fd0-4aea-ab37-eb5286673944,febri Saputra,5,2026-09-14T11:45:03.765Z,Lainnya,Positif,Positif,0.8565,bagus
35ee7398-d742-49ee-a590-f719e1472aad,Mas Bay,1,2026-09-14T11:38:12.750Z,Autentikasi & Akun; Transaksi & Pembayaran,Negatif,Negatif,0.9769,"bagaimana cara blokir kartu credit, saya tidak pernah pakai, tapi selalu dapet tagihan 300rb, info"
a39248a2-52b8-4f78-b2b2-33b741ec118f,Farly Al dneal's,2,2026-09-14T11:37:30.195Z,Transaksi & Pembayaran,Negatif,Negatif,0.9781,ngga bisa di bukaaaaaa... 😭😭😭 aku mau bayar² jadi harus ke ATM buat ngmbil tunai..
71cad19b-c581-4bc3-adc0-c8d6173e16e9,AMUK CREW,1,2026-09-14T11:36:29.457Z,Transaksi & Pembayaran,Negatif,Negatif,0.9085,"kenapa setelah mendapatkan dana bantuan dari aplikasi lain , malah livinnya tidak bisa dibuka"
a8c9d036-9989-4f15-9315-040cab99abf7,Hidayat Day,5,2026-09-14T11:03:40.830Z,Lainnya,Positif,Positif,0.6546,enak digunakan
6ee49c21-4dab-4612-9663-ac5f4851c034,Clemur Bettafish,1,2026-09-14T10:19:03.214Z,Lainnya,Negatif,Negatif,0.9637,"Aplikasi gak guna gak mutu punya BUMN tapi bapuk , buat cek history transaksi e money aja gak bisa"
ea2cd378-2c59-45d0-ac57-7154a24de0ba,Wahyu Tri,3,2026-09-14T09:56:22.317Z,Lainnya,Negatif,Negatif,0.9513,"Aplikasi ini kenapa sering di buka susah.. makan waktu lama, kadang bisa 1 jam"
452cefd4-91e0-4c29-b346-cdb809cf49a3,Esti Pambudi Rahmawati,5,2026-09-14T09:31:37.848Z,Lainnya,Positif,Positif,0.9063,sangat membantu sehari2
21b28734-c8b2-48a0-9bb3-caf80361c5bb,Muhammad Lutfi,1,2026-09-14T09:08:17.477Z,Autentikasi & Akun; Transaksi & Pembayaran,Negatif,Negatif,0.9795,jelek banget padahal hp saya ORI tapi pas login gak bisa mata sistem hp anda tidak aman padahal hp saya baru beli di toko langsung bukan ilegal aneh
323a9f43-50a0-4335-9ef5-f1001909d141,Firdan Mardiansyah,5,2026-09-14T09:04:20.100Z,Layanan & Fitur Finansial,Positif,Positif,0.7082,menurut enak banget pake bank ini cs nya ramah²
c934a872-c5ea-41b4-93bf-7166bb6f020e,Acu Day,1,2026-09-14T08:57:38.689Z,Lainnya,Negatif,Negatif,0.9887,pelayanan kurang baik
0c742fa4-7894-4fbe-887f-7bb07567774d,NUR ROHMAN,5,2026-09-14T08:39:31.267Z,Lainnya,Positif,Positif,0.8548,Terima kasih bank mandiri semoga tetap jaga sepanjang masa karena sangat membantu bisnis bertrasnsaksi
99511612-db02-4794-9573-349ed69cf71b,El Lazuardy,1,2026-09-14T08:09:15.562Z,Autentikasi & Akun; Transaksi & Pembayaran,Negatif,Negatif,0.9093,"sebetulnya nyaman saja, tapi beberapa bulan ini yang membuat saya kecewa karena kartu debit tidak bisa digunakan, aplikasi pun saat saya aku login lagi HP saya malah restart sendiri dan itu sudah berulang kali. kalau aplikasi tidak bisa digunakan dan kartu debitnya tidak bisa saya harus ngecek bagaimana? padahal rencana saya akan saya gunakan untuk menabung sebagai dana darurat bila mana sewaktu waktu ada keperluan mendesak"
fbcdbc73-2488-426e-8c7a-8be80a8b019f,Serngenge 46,5,2026-09-14T07:42:59.230Z,Lainnya,Positif,Positif,0.8565,bagus banget
6758e495-7be1-4f78-ac47-6b03919f8ef5,Filemon Novrendi Boy S.,3,2026-09-14T07:34:39.719Z,Lainnya,Negatif,Negatif,0.9072,"Livin tidak dapat terhubung, tolong diperbaiki. ini tidak bisa diapa2in"
52f3eeda-e4d9-4cfa-b501-2c5277e2c736,Eza Tezaa,4,2026-09-14T06:58:50.340Z,Lainnya,Positif,Positif,0.5955,kenapa saya tidak bisa membuka livin
3baf40f3-ac42-4ff7-a4f6-4940939d9d85,Luk Man,3,2026-09-14T06:54:38.383Z,Lainnya,Negatif,Negatif,0.9207,"selfi di kartu livin, ngak bisa sampai bolak balik selfi terus sampai capek"
3082b3d4-136c-4b4c-9b57-6575a5ff3585,Edwin,1,2026-09-14T06:46:13.283Z,Transaksi & Pembayaran,Negatif,Negatif,0.7441,top up shopee pay jadi susah!!!
3733ef17-a48b-4754-a7f1-75ae48b9082c,karya utama,5,2026-09-14T06:35:06.616Z,Lainnya,Positif,Positif,0.8565,mantap
a828fe57-c8cd-498c-a02b-166ed638d9cb,zxiiy,1,2026-09-14T06:21:58.356Z,Autentikasi & Akun; Layanan & Fitur Finansial,Negatif,Negatif,0.9999,ohh ini bank yg suka blokir rekening orang seenaknya ya? wkwk
001af24e-e1f2-457c-8535-e0f3ab1f73e5,Rina,5,2026-09-14T06:00:08.862Z,Lainnya,Positif,Negatif,0.8558,bank mandiri yg terbaik aplikasinya
172e2f7a-a8e6-4b0f-86e3-ba643d109a4f,Maulidin Akbar,4,2026-09-14T05:51:59.883Z,Lainnya,Positif,Negatif,0.5202,kebanyakan iklannya sekarang
8d89516f-2d17-44fc-999a-16b1e06d89df,Fitri 01,2,2026-09-14T05:17:25.997Z,Autentikasi & Akun,Negatif,Negatif,0.9726,"ini gimana ya hp saya ke riset pas mau login lagi ke apk nya gak bisa hrus ada kartu debit,pdhl saya blum punya kartu debit,Jadi bingung"
dfcc0dec-9b51-42cc-ab9a-20cc080d97a6,Agim Nastiar,1,2026-09-14T05:01:02.586Z,Lainnya,Negatif,Negatif,0.9791,antek-antek prabowo
11df79d2-be3f-4faa-9663-2ee5d78d0eea,Irvansyah Darmawan,1,2026-09-14T04:55:20.633Z,Autentikasi & Akun; Layanan & Fitur Finansial,Negatif,Negatif,0.9699,"Saya ingin menyampaikan keluhan karena ATM/kartu saya diblokir tanpa penjelasan yang jelas. Saya sangat menyayangkan hal ini karena pemblokiran menghambat akses saya ke rekening dan transaksi sehari-hari. Mohon pihak bank menjelaskan alasan pemblokiran, penyebabnya, serta langkah yang harus saya lakukan untuk membuka kembali blokir tersebut. Saya berharap masalah ini dapat segera ditangani dan diberikan solusi yang jelas."
a82f9a6a-3c1c-4eff-ae03-b24e5a215094,Herman Ernowo,1,2026-09-14T04:33:22.706Z,Transaksi & Pembayaran; Kinerja & Server,Negatif,Negatif,0.9957,"aplikasi paling bodoh punya pemerintah tapi lemotnya gak ketulungan ,, QRIS error alasan tanggal dan waktu"
7d172eb9-71aa-4f9b-94fc-1da595b6cc75,Infinix,5,2026-09-14T04:22:15.698Z,Lainnya,Positif,Positif,0.7094,terimakasih sangat membantu aplikasi Livin by mandiri
06bc36b2-8ecb-4e6a-885b-c6879df03b0c,Abdul Wahab,1,2026-09-14T04:13:38.730Z,Lainnya,Negatif,Negatif,0.937,Di hp saya aplikasinya tidak bisa di akses. padahal saya sudah lama pakai Livin. apa masalahnya kira2 ya
7fc30f01-72fb-47f7-a592-97d9c6a01ea4,Dimmy Watch,5,2026-09-14T04:06:00.430Z,Lainnya,Positif,Positif,0.8017,mantab
3ce03c70-e883-472b-a39f-1db0c4b6a89e,Anas Syaeful,1,2026-09-14T03:55:26.629Z,Layanan & Fitur Finansial,Negatif,Negatif,0.9057,rekening sayah bermasalah knapa ya dari pihak mandiri gk bisa apa apa pdhl bank yang lain gk gtu perasaan gk ribet
eef04390-ca32-41e6-9526-2344c1840ff9,Mohamad Dicky,1,2026-09-14T03:16:16.741Z,Lainnya,Negatif,Negatif,0.9993,apk busuk
a85d7d62-3a89-40c1-b474-c57efae203b3,Azazki Arif,1,2026-09-14T03:14:42.661Z,Transaksi & Pembayaran,Negatif,Negatif,0.9701,tidak ada pembayaran gas..
db00fc4d-94d6-493b-9a60-68b0017fb95a,"Ahmad Zamroni, S. Pd",1,2026-09-14T03:05:50.511Z,Lainnya,Negatif,Negatif,0.958,kenapa sering gangguan di jam kerja? aneh banget
8d346130-f6ae-413e-9cdf-c937a48dcaa4,Edi Warsito,5,2026-09-14T02:48:18.129Z,Lainnya,Positif,Positif,0.8413,Aplikasi sangat membantu keuangan saya
2a301de5-2e3e-4559-acf4-3699eccaf0e0,Entin Rustinah,1,2026-09-14T02:38:32.700Z,Autentikasi & Akun; Layanan & Fitur Finansial,Negatif,Negatif,0.9345,"Uang yang di kirimkan anak saya dari jepang melalui aplikasi wise tidak masuk ke rekening mandiri saya. padahal sudah jelas dan sudah saya kirimkan bukti transaksi melalui email, masuk ke kemana tuh uang saya."
55c9f923-ccd5-4a17-822f-95182287ebb2,Ndikalucard Gordi,2,2026-09-14T02:16:53.223Z,Lainnya,Negatif,Negatif,0.9508,living lama bagus setelah ganti HP malah keluar sendiri saat pengisian data tgl lahir belum lagi HP terestar sendiri
20e11ffd-9e18-412c-9aab-bf991ee1ffd6,Dasmanta Putra,4,2026-09-14T01:45:28.295Z,Lainnya,Positif,Positif,0.954,Mantaapp.. skarang sudah bisa deh cek history trx emoney..
cfef629a-a6f4-49bf-a34c-f7ba09333a82,yuni aksarani,3,2026-09-14T01:44:39.828Z,Kinerja & Server,Negatif,Negatif,0.7556,"ini kenapa update aplikasi kok mutar mutar padahal butuh urgent pakai aplikasinya, bilangnya update pas udah klik update mutar mutar udah sejam ngak selesai selesai"
d90836de-9fec-4b6a-bf1a-b3c15c7e0854,Anto Seven,5,2026-09-14T01:43:45.790Z,Lainnya,Positif,Positif,0.6621,sangat bagud
7a7aacc8-c09c-4d4b-99fa-6d5a29c8d963,Herza Mega,5,2026-09-14T01:39:53.881Z,Lainnya,Positif,Positif,0.8565,keren
f3445be9-062a-411f-8891-497c638eab62,Ginza Dt,1,2026-09-14T01:10:32.453Z,Transaksi & Pembayaran,Negatif,Negatif,0.7398,saya mengajukan dana kur padahal perjanjian awal dan peraturan nya pencairan gk lama katanya tapi ini sudah berminggu-minggu hampir sebulan tidak ada kepastian ntah di teria atau tidak jujur saja kurang profesional Tidak seperti bank lainya soal bank lainya cepat cair nya asal berkas lengkap
4fc2b005-9f32-4036-a2b4-499ac0cc2ff1,muhammad destuisrofi,1,2026-09-13T23:37:17.101Z,Autentikasi & Akun; Kinerja & Server,Negatif,Negatif,0.9559,setiap mau login gagal padahal sudah di update apa harus ganti hand phone
1fc272b6-62e1-46fe-b372-8021feaf6f9e,Abil Oak,1,2026-09-13T23:30:29.840Z,Lainnya,Negatif,Negatif,0.9786,boneka rezim
2b67883c-e77c-4363-a795-9a9e250b79ca,Agus Gunawan,1,2026-09-13T23:21:37.118Z,Lainnya,Negatif,Negatif,0.9993,banyak kendalnya livin buruk
2e855a50-be38-4942-a055-c0552295d6ea,Wardi Diranata,5,2026-09-13T23:21:35.900Z,Autentikasi & Akun,Positif,Negatif,0.6344,notifikasi saldo masuk dan keluarnya tidak ada kah di aplikasi ini?
b05ed876-67b6-42a2-976a-669800cbea65,Ina Pertiwi,1,2026-09-13T22:51:03.578Z,Lainnya,Negatif,Negatif,0.9947,ribet
36d322eb-5a9e-429b-b051-c992dc502730,Sayhrul Ersyawan,1,2026-09-13T21:58:15.918Z,Lainnya,Negatif,Negatif,0.9616,Livin dongooo
779f2318-f7df-41f8-9f60-d8b1c6d1fafc,SSL 134,1,2026-09-13T17:15:37.494Z,Transaksi & Pembayaran,Negatif,Negatif,0.8741,"beli pulsa lewat livin, Pulsa tidak di isi Saldo livin berkurang, sudah report masalah nya namun tidak ada solusi, iya sih uang nya gak seberapa tapi kepercayaan kami berkurang! thanks"
51054055-4661-4e56-8150-6688bc6d86fb,Farhan ganteng ganteng,3,2026-09-13T16:22:00.549Z,Lainnya,Negatif,Positif,0.5456,cepat
154f4a3b-80fd-481a-8298-2d5058b8254b,hen suhendra,1,2026-09-13T16:13:30.180Z,Autentikasi & Akun; Kinerja & Server,Negatif,Negatif,0.9176,sangat merepotkan. mau transaksi jadi lambat karena harus masuk dua kali.
94c91495-e0c2-4cb0-b021-5f6f773cb4ba,Muhammad Rafli syahputra,1,2026-09-13T15:40:14.802Z,Autentikasi & Akun; Layanan & Fitur Finansial,Negatif,Negatif,0.9646,"Kenapa aplikasinya kak saya mau buka rekening saja susah sekali, tertera tulisa data verifikasi identitas tidak sesuai padahl sudah pakai ktp asli sudah seminggu seperti itu terus"
86559b0b-08ff-4b87-a75a-377b93cd4e85,Amar Maullid,1,2026-09-13T15:02:53.848Z,Lainnya,Negatif,Negatif,0.9875,males pakek mandiri mendingan BRI
41c1aaea-6336-4b3c-ad40-3eae7902e5ff,Isnadi,5,2026-09-13T13:42:41.901Z,Lainnya,Positif,Positif,0.8565,mantep
caf5ae9c-ec85-4444-a6dc-c107bfc69f18,Smart10,1,2026-09-13T13:36:55.398Z,Autentikasi & Akun,Negatif,Negatif,0.9643,"livin kok ngak bisa login, ke hp satu. krna hp satu hilang, nomor telepon nya hilang. gimana tu ngk bisa login...."
7d0c933a-368a-4e6d-8465-e513b4a86faa,Enjelina Marta Nauk,5,2026-09-13T13:29:10.564Z,Lainnya,Positif,Positif,0.8565,keren
5e13e0b9-0969-4659-86e3-222d1f28f34c,saifulloh full,3,2026-09-13T13:24:22.905Z,Lainnya,Negatif,Negatif,0.9755,knp sy buka livin mandiri muncul harus di perbarui
6ec67086-ad1a-4821-bb9f-4acc456ae7f4,Sema Ardianto,3,2026-09-13T13:08:28.671Z,Lainnya,Negatif,Positif,0.578,kenapa di fitur KKB dalam livin by mandiri tidak ada pilihan Wuling Eksion EV dan PHEV ? karena saya mau mengajukan untuk KKB mobil jenis itu. kalau sudah ada pilihan mobil tsb saya akan naikkan ratingnya. terima kasih
a7a0e5e6-9148-4a8b-b4a4-567702d1934a,Senno Beath,1,2026-09-13T12:43:18.386Z,Autentikasi & Akun; Transaksi & Pembayaran; Kinerja & Server; Layanan & Fitur Finansial,Negatif,Negatif,0.8531,"saya pakai livin by mandiri sdh payroll lbh dari 4thn, ngga pernah dapat dana paylater dalam aplikasi mobile ini, kepingin kasih bintang lima, tapi sangat mengecewakan lbh pantas kasih bintang satu aja. 😵‍💫"
4a4c5aa0-3aff-4d7d-911f-448633bcb520,Siti Kharulnissa,5,2026-09-13T12:38:18.742Z,Lainnya,Positif,Positif,0.6621,antap bang
275a29c9-219e-4ed0-a56a-0326b1a99364,Jember_Alfian,1,2026-09-13T12:19:09.231Z,Transaksi & Pembayaran; Layanan & Fitur Finansial,Negatif,Negatif,0.9578,"sudah bikin rekening online, sudah d transfer, pas buka livin lg tidak bisa tulisan rpt-02"
73712942-f6f4-4593-82b4-a00fc52ab667,Mahendra,1,2026-09-13T11:36:27.715Z,Transaksi & Pembayaran; Kinerja & Server,Negatif,Negatif,0.9646,Buat bayar PDAM dan listrik ribet gak kyk mobile banking yang lain harus manual dan sering eror/gabisa transaksi payah
c18ec510-c94b-459a-b047-0f25d9aab9ed,Irfan di,5,2026-09-13T11:35:58.800Z,Kinerja & Server,Positif,Positif,0.7819,habis di update minta pasword diperbaharui emang iya yah vin?
9dbb0bba-13c4-4a16-bea0-2b957726999a,Zet,1,2026-09-13T11:18:15.665Z,Autentikasi & Akun,Negatif,Negatif,0.99,"sudah masukan no kartu Ama tgl lahir masih z GK bisa login,emang aneh aplikasi ini.nyesel bikin ATM mandiri kalo mbanking ny kayak gini"
870b6441-3b08-4491-97c0-532a5f8e25f5,Gori Gosuye,1,2026-09-13T11:08:29.390Z,Layanan & Fitur Finansial,Negatif,Negatif,0.684,"misi..mohom maaf ni yah,saya gak repot kalian narik semua uang di dalam rekening saya,tapi tolong lahh,,kan sudah sisah 12 ribu,jngn kalian tarik lagi semuanya, maksud kalian apa,kan yg nabung kami,knpa kalian yg pajakkin..kurang ajar,biadap"
c15b1f04-70b4-42f6-92ef-372639adda4e,Auliyah Intan,1,2026-09-13T10:56:08.226Z,Lainnya,Negatif,Negatif,0.8568,Gak bangettt. Duit seuprit masih aja di embat syiball
4137f40f-3b2c-45c0-93ee-95b48c88c4af,Nailun Nabhan,1,2026-09-13T10:08:17.285Z,Lainnya,Negatif,Negatif,0.9846,peliharaan aparat
b0910df9-2c84-499d-b781-0a578ba60f4d,Mario juanfran 2905,1,2026-09-13T10:08:16.246Z,Lainnya,Negatif,Negatif,0.9696,no. rektujuan ngga bisa di simpan
21121728-a3e4-4eb6-b18b-9ded20405d93,Pahaji Dede,5,2026-09-13T09:48:01.347Z,Autentikasi & Akun,Positif,Negatif,0.8848,susah masuk ganti hp
aa6fbea3-9657-41b9-ad5f-513c9ef16114,Nazzudin5,3,2026-09-13T09:31:27.207Z,Autentikasi & Akun,Negatif,Negatif,0.9571,"ada masalah apa ya. awalnya aplikasi terhapus setelah di download, dan memasukkan tanggal lahir, hp langsung mati. mohon solusinya"
919f22a5-0597-4f77-8093-2a22c7aa1eb3,Wilda Rhy,4,2026-09-13T09:14:37.381Z,Autentikasi & Akun; Transaksi & Pembayaran; Layanan & Fitur Finansial,Positif,Positif,0.5221,"nyebelin bgt buka rekening aja repot. mau login aja harus nunggu kartu sampai, padahal udh setoran awal !!"
664c9fe0-8825-446e-9b54-3f5322576c17,Diens Samsu,1,2026-09-13T08:59:48.577Z,Lainnya,Negatif,Negatif,0.9611,aplikasi livin saya tidak bisa dibuka..
06a29513-bef0-4e23-b446-5aab9b0138d4,Yuyun Yuningsih,2,2026-09-13T08:46:42.801Z,Kinerja & Server,Negatif,Negatif,0.8716,saat ini sering tjd error ...kdg aplikasi sering TDK bisa dibuka dan digunakan padahal LG sangat dbutuhkan utk transaksi ...kenapa skrg mandiri JD jelek ya penggunaan IT dn penyelesaian masalahnya
77661d6b-3ecf-4778-a878-c2d6dd8a3214,Adelia Putri,5,2026-09-13T08:32:11.664Z,Autentikasi & Akun; Transaksi & Pembayaran; Layanan & Fitur Finansial,Positif,Positif,0.918,"solusinya dong min, aku ada 2 rekening di 1 Livin. sumber dana awalnya di rekening pertama, udah aku setting berulang kali aku ganti sumber dana jd dr rekening kedua, tapi tiap mau transaksi tnp harus login malah jd dr rekening pertama, otomatis sumber danany dr rekening pertama,pdhl di settinganny Uda diubah ke rekening kedua,JD ribet. padahal kadang mau bayar qris langsung tnp login , gegara ini JD ribet."
23a9f4fa-1fd5-4a04-8212-cb9ed86cbd80,Resti 8942,1,2026-09-13T05:56:14.926Z,Autentikasi & Akun,Negatif,Negatif,0.9975,"burukk,gak aman,katanya privat tpi akun diblokir padahal didlam uang pribadi"
7442d361-3885-4f6e-974b-e1b3800739ed,Man Yusuf,1,2026-09-13T04:32:10.862Z,Lainnya,Negatif,Negatif,0.9657,mengapa tidak bisa terhubung dari kemaren saya mau pakai ga bisa bisa ini mandiri
07790d98-7c64-4d1d-8664-7c4a15727e3e,Taufik loriyagami,5,2026-09-13T04:30:35.807Z,Autentikasi & Akun,Positif,Negatif,0.9558,kak saya tidak bisa login
19e89f97-eefe-4635-b721-c6a3a1f94467,Didi Kurnadi,1,2026-09-13T02:30:13.415Z,Lainnya,Negatif,Negatif,0.9171,buka livin kaga bisa ada keterangan lagi dalam panggilan .padahal nlp juga kaga apk heran livin susah tidak bisa diandalkan
faa54362-e96f-4360-b8bc-e23b6b5ae969,Robi Irawan,1,2026-09-13T02:05:49.666Z,Lainnya,Negatif,Negatif,0.9343,APLIKASI MONYET
85b5b78f-ac11-4383-981f-8bc7ff55ca5d,DeLcy dgs Dey,2,2026-09-13T01:55:48.729Z,Autentikasi & Akun,Negatif,Negatif,0.9869,"akun saya 3 hari suda gak bisa pake, padahal Sandy cmh satu kali salah, TDK bagus mandiri ini, kasi dia bintang, akun TDK smh dg brimo, mending pake brimo aja,"
bd0044a1-54f1-4896-8c2a-a7b1fafae4ec,Adi Saputra,1,2026-09-13T01:38:50.253Z,Lainnya,Negatif,Negatif,0.9865,wkwkwk ngakak
87cc6f98-1f83-4fd1-a92f-03e145e30006,Ardi Anto,5,2026-09-13T01:38:46.794Z,Lainnya,Positif,Negatif,0.8696,negaraku
6ea1f30d-f16f-4965-a7a4-1f54355f5b28,Susanto Tanujoyo,5,2026-09-13T00:53:21.314Z,Lainnya,Positif,Positif,0.9801,"Sangat membantu dalam transaksi keuangan, mudah dan terpercaya"
7defa9ae-543f-41a6-8725-f334fb60181b,Muhammad Rahman,1,2026-09-13T00:20:16.128Z,Lainnya,Negatif,Negatif,0.9851,aplikasi perbankan yg tidak mendukung rakyat .hati2 saldo bisa dibloker dgn alasan ditunda transaksi
71af7b8a-4200-429a-8314-dacb09b2813d,wiharto muslim,5,2026-09-13T00:14:48.970Z,Lainnya,Positif,Positif,0.8776,Bank yg terbaik dan profosional.
a3c72aa9-f2d3-463e-adf0-36b1146c39bd,Wawan Tuwek,5,2026-09-12T21:14:00.682Z,Lainnya,Positif,Positif,0.7208,tetap menjadi yang terbaik untuk INDONESIA
9204e3a7-3d61-4ae0-b2c4-dff5b021f4e7,Reyhan Sall,5,2026-09-12T20:57:41.606Z,Lainnya,Positif,Positif,0.8699,Good 👍👍
a27cf8c8-6cce-4219-abbf-20664867c813,Terobos Pintu,5,2026-09-12T17:22:40.393Z,Autentikasi & Akun,Positif,Positif,0.8031,bntu masuk akal
f6a63fa0-2308-4898-8758-dd4009798397,donny susanto,1,2026-09-12T17:05:57.505Z,Autentikasi & Akun,Negatif,Negatif,0.9672,"tolong aplikasi livin di benahi, saya mau login selalu tidak bisa.. sudah ke bank mandiri di suruh clear cache, clear data, uninstall trs instal lagi tapi permasalahannya selalu sama terus..."
1ee21f51-d9f1-4529-9096-070ae876dc06,Syaiful Anwar,1,2026-09-12T16:21:10.793Z,Kinerja & Server,Negatif,Negatif,0.9864,banyak bug nya
9129a2d7-40fd-4653-88ad-d941f0a7d404,ebboy sosmed,1,2026-09-12T16:17:09.688Z,Lainnya,Negatif,Negatif,0.8856,TRANSAKSI DI PERAULIT !!! JINGAN! GW PATAHIN & KOSONGIN SALDO MULAI HARI INI! !! BANK MACAM APA INI!
eadbec78-d2b0-47ee-b72b-9e83a934c02e,Teman Kecill,1,2026-09-12T15:05:16.591Z,Lainnya,Negatif,Negatif,0.9994,"Boikot Bank Mandiri, kuras habis saldo kalian sekelas Bank Mandiri ajaa bisa di atur oleh Aparat Penegak Hukum (Penguasa Rezim)"
3da1d99c-b780-4eb1-81da-c768028e856d,M wahyu,1,2026-09-12T14:20:39.300Z,Layanan & Fitur Finansial,Negatif,Negatif,0.9873,kenapa rekening tabungan ku gak bisa di ambil yah
ddaf0900-57f6-4ac1-ac53-4383fa64b93e,irfan berto,5,2026-09-12T14:18:01.366Z,Lainnya,Positif,Positif,0.8565,bagus
1eb2ce2d-f646-48ea-a2af-a9e1c3f6695c,Musthofa Albakri alhajj,5,2026-09-12T13:04:18.323Z,Lainnya,Positif,Positif,0.8565,sangat bagus
156aa0de-a75d-47a1-b0e9-f281acc7b74c,Arjunadwi Putra,1,2026-09-12T12:50:06.226Z,Lainnya,Negatif,Negatif,0.9443,semoga mandiri bangkrut sialan pakyu
abf1b8fd-48fb-4409-9ab9-84c33d2dd894,Gamamaru Petapa,1,2026-09-12T12:39:05.786Z,Kinerja & Server,Negatif,Negatif,0.9664,"kenapa sih buat update aja stag melulu di 7%, masa tiap update gini mulu. sebenarnya niat kaga sih yang buat apk ini😒"
4e3a364f-1046-4afa-8c72-6958b69c57b2,Kapitan Ratuloly,1,2026-09-12T12:21:51.708Z,Lainnya,Negatif,Negatif,0.9898,aneh sudah jelas tidak ada apk berbahaya tapi Livin saya tidak bisa dibuka
70326d96-ee42-4f91-8237-46d54d668e00,Purnamaningsih Ningsih,5,2026-09-12T11:21:52.828Z,Lainnya,Positif,Negatif,0.5188,baik
5a0a45cb-916c-4c97-b101-9ce5bd97201e,Anton Firdaus,3,2026-09-12T10:53:06.179Z,Layanan & Fitur Finansial,Negatif,Negatif,0.6048,"Awalnya terlihat biasa saja, tetapi saya tidak bisa membuka fitur ""SUKHA"". minta tolong diperbaiki lagi aplikasinya"
b71e57e6-f034-40e6-af8a-c23feaf53205,Fauzi Akbar,1,2026-09-12T10:48:40.340Z,Autentikasi & Akun,Negatif,Negatif,0.967,"Aplikasi aneh, mau login tapi lupa nomor debit mentok terus pas nyoba regis ulang juga mentok kocak mending bca"
04eca4bc-8753-4316-9220-e029b13cc2c4,Siapa Ini ya?,5,2026-09-12T10:37:19.189Z,Lainnya,Positif,Positif,0.8968,mudah digunakan
273abc84-3df2-4e21-b5fa-8fe3f282c2a2,selfiana devi,2,2026-09-12T10:07:23.377Z,Autentikasi & Akun; Kinerja & Server,Negatif,Negatif,0.9561,"mau buka aplikasi livin loading lama, masuk dengan kartu udah sampai ngisi tanggal lahir. malah tiba2 kerestart, dan gak bisa masuk terus"
64380a6d-ba1f-4277-bc83-ce133c57a7b8,Danang Widiyatmoko,1,2026-09-12T08:37:46.361Z,Transaksi & Pembayaran; Kinerja & Server,Negatif,Negatif,0.8798,"top up emoney dari livin ,mau update saldo di atm mandiri sering nyangkut"
8dfb6d86-f77d-4b2e-bf76-abecbb25a87c,AGUS RIYANTO,5,2026-09-12T08:23:00.102Z,Lainnya,Positif,Negatif,0.5188,baik
bf62c7fe-7392-4738-80dc-c33f50c848f4,I_pitria sari,5,2026-09-12T08:15:58.600Z,Transaksi & Pembayaran,Positif,Negatif,0.6155,Maaf ini livin kenapa gak bisa TRANSFER yaa pdahal udah di uninstal trus di instal ulang tapi tetep masih gak bisa TRANSFER 🤔nyampe hp nya d restart tetep gk bisa transfer bisa di jelaskan 🙏🙏🙏🙏
bd40a7bf-8e81-4148-ada8-abc885ac7a5d,Albani 27,2,2026-09-12T08:05:24.589Z,Autentikasi & Akun,Negatif,Negatif,0.9122,mandiri sekarang suka gangguan ndk bisa login entah TDK bisa di akses ini itu lah sangat mencemaskan apalagi gaji sudah masuk pasti gangguan jadi takut naruh uang di mandiri ☺️
2139b632-1918-45c4-8544-b39981f05f7a,Adan Badul,5,2026-09-12T08:01:03.695Z,Lainnya,Positif,Positif,0.9859,SANGAT MANTAP 🙏🏻😇✌🏻😁😎👍🏻💎🌟
20802f16-554c-4cce-b0c4-cf8a936fff8a,Siswanto PELIPUR LARA,5,2026-09-12T07:50:40.445Z,Lainnya,Positif,Positif,0.8565,bagus
d85fe4b5-6134-4264-8650-f48fe0d5984e,Edia Wati,5,2026-09-12T06:40:36.278Z,Lainnya,Positif,Positif,0.607,Best
2b3e234f-c845-4f5a-88fc-6e604110aa81,Bang Bross,1,2026-09-12T06:31:41.853Z,Kinerja & Server,Negatif,Negatif,0.9524,banyak bet sistem error pening
894819ee-4c4e-42d5-a5fe-4da2ff34478d,Genadio Punya,1,2026-09-12T05:47:50.624Z,Lainnya,Negatif,Negatif,0.9992,. Ampas
84debbe5-0113-43bd-a3f3-4baadd68f596,Imen boskq,5,2026-09-12T05:31:43.846Z,Lainnya,Positif,Positif,0.607,top bgt
4d6a51b1-d57b-44d4-bf69-6ca04997d7b3,Guritno Bayu nugroho,5,2026-09-12T05:24:10.286Z,Autentikasi & Akun; Transaksi & Pembayaran; Layanan & Fitur Finansial,Positif,Positif,0.9778,"Skrg sedang marak org transfer yg diduga pinjol, tiba² transfer tanpa kita minta, tetapi kemudian menagih dg paksa dg bunga yg besar. Apabila berkenan, setiap transaksi masuk dpt disertai persetujuan dr pemilik rekening, terutama transferan dana dari rekening tidak dikenal tanpa minimum dana yg masuk untuk menghindari hal² yg tidak diinginkan."
0c61d9c3-c125-4cf5-8772-75cb68064f76,Anggy Gamara (アヌビス),1,2026-09-12T04:44:04.710Z,Lainnya,Negatif,Negatif,0.9992,Bank Kacung Pemerintah
1a9ce2e4-0d5b-44b6-97fc-f2838c7eca86,bang iman,5,2026-09-12T04:23:11.185Z,Lainnya,Positif,Positif,0.9555,lengkap sangat membantu
b72a2f25-06d9-4c26-b675-89507caa53b9,Demi Thomas mauludin,2,2026-09-12T03:51:03.265Z,Autentikasi & Akun; Layanan & Fitur Finansial,Negatif,Negatif,0.9997,mau buka rekening saja ribet. foto KTP malah data tidak sesuai. demi keamanan tidak dpt di lanjutkan.. padahal baru mau buka rekening. yang ribet seperti ini mending di hapus . juga takut nya rekening di blokir seperti orang lain.
2d53e331-ab6c-4f18-9a9c-031309d8db0f,Ahmad Haris,1,2026-09-12T03:15:58.242Z,Autentikasi & Akun,Negatif,Negatif,0.865,"anehh tau g aneh ngapain coba setiap kali bukan akun hrs gunakan password mulu,apalagi pakai login biometrik,tiba tiba di tunda gunain nya"
f0f6b39e-baf4-4322-b854-cbff8106ec22,Madiar Davin,5,2026-09-12T02:53:37.500Z,Lainnya,Positif,Positif,0.9934,lebih mudah digunakan dan praktis saat bertransaksi maupun berbelanja
db0dced6-cfae-41f0-aab0-8374af42e90f,Arp 123,5,2026-09-12T02:31:57.592Z,Lainnya,Positif,Positif,0.8849,paling lengkap fiturnya
dab8bc58-6a53-43db-ac24-526079334fa0,Sugali Sugali,1,2026-09-12T02:28:28.333Z,Lainnya,Negatif,Negatif,0.9922,males mandiri masi kecil
7941e609-f44a-4c14-ba2e-ed02ebe8bc2d,Shanief,1,2026-09-12T02:19:02.559Z,Transaksi & Pembayaran,Negatif,Negatif,0.9768,"biaya tf menjadi 6.500 dari biaya tf sebelmum nya 2.500,. bank ini sudah banyak muncul keburukan nya"
ded213eb-6cb3-48af-8f16-d7860e9c6f12,juri adi,1,2026-09-12T01:50:39.801Z,Autentikasi & Akun; Kinerja & Server,Negatif,Negatif,0.9126,"ini kenapa ga bisa login, infonya belum berhasil terhubung terus . padahal sinyal bagus."
27ad5baa-3f33-4dfc-93c7-d659430ae1a7,Adi Bekir,1,2026-09-12T01:43:44.985Z,Autentikasi & Akun,Negatif,Negatif,0.9534,"sudah 6 th menggunakan Livin, tiba tiba, tidak bisa login apakah di hp Oppo a5s memang sudah tidak bisa menggunakan aplikasi ini 🤦"
3ec642f8-ad04-4367-8542-ad309a4266af,Listyaaningsih0,2,2026-09-12T01:24:01.320Z,Lainnya,Negatif,Negatif,0.9269,sekarang pembaruan terus ngak kaya dulu
f9dc9d23-17e4-4ba7-876b-0c4060788c55,Hasriani Siahaan,4,2026-09-12T01:22:30.870Z,Kinerja & Server,Positif,Negatif,0.626,kenapa tidak bisa saya update ya?
9b44c74c-9aff-49eb-b587-d04558c0f213,Riri Cu,1,2026-09-12T00:56:52.129Z,Autentikasi & Akun; Layanan & Fitur Finansial,Negatif,Negatif,0.9922,cs nya gak membantu sama sekali email gak pernah di balas jangan pakai mandiri deh teman² segi pelayanan sangat buruk
2c1b10ea-7a41-4db1-834b-77c651ae77d9,Bramanthio Adi,1,2026-09-12T00:49:22.882Z,Lainnya,Negatif,Negatif,0.9943,mandiri kok disetirin 🤭
35764f61-a971-416f-ad7d-740cc6b24111,Nuron Azima,1,2026-09-11T23:41:03.868Z,Transaksi & Pembayaran,Negatif,Negatif,0.924,"top up tidak berhasil, ambil tidak bisa, tapi saldo terus berkurang"
4a455163-e951-4a30-8a59-154de4bd4b42,Rhea,1,2026-09-11T23:13:39.684Z,Transaksi & Pembayaran; Kinerja & Server,Negatif,Negatif,0.9506,"Sebelum diupdate, layanan Bi-Fast ngga ada. Setelah diupdate, masih aja ngga ada"
1097d66f-9199-46f2-8403-649da0e89095,Yulius Dishub,5,2026-09-11T23:01:04.365Z,Lainnya,Positif,Positif,0.9394,maturnuwun..josss
7e42dee5-195f-40ae-9e0c-5ed0b99c9c98,Fredy Kurniawan,1,2026-09-11T22:56:09.973Z,Transaksi & Pembayaran; Kinerja & Server,Negatif,Negatif,0.9165,tidak ada solusi pengembalian uang top up kartu e-money yang belun terupdate
35a7e48d-3c6b-4949-bdcb-4e96abb152e4,Bogues Skj Bogues,1,2026-09-11T20:55:14.792Z,Lainnya,Negatif,Negatif,0.9998,livin sangat bodoh...tampilan jelek banget sangat menjijikan
37e34f49-4d3d-432d-9767-a41c82cda488,Remix Mik,5,2026-09-11T20:49:32.703Z,Lainnya,Positif,Positif,0.8283,ok
b287fe64-bc8c-4c03-a083-ba69a9083f75,Dikri Ismail,1,2026-09-11T17:32:38.543Z,Lainnya,Negatif,Negatif,0.9991,nama MANDIRI tapi bisa di STIR
82289b07-eb3c-4367-ad3a-ae8da6375f11,Wianto sastro,5,2026-09-11T17:17:02.929Z,Lainnya,Positif,Positif,0.8283,Oke
5f5293e8-c759-4e8f-a842-77d4a493f162,Ori,1,2026-09-11T17:01:48.470Z,Autentikasi & Akun; Layanan & Fitur Finansial,Negatif,Negatif,0.991,"sangat mengecewakan🥹 saya tidak dapat login ke livin saya, malah saya disuruh hubungi 14000"
3f5f46f5-d347-47be-b508-662118210ba6,Okta Brian,1,2026-09-11T16:42:10.107Z,Lainnya,Negatif,Negatif,0.993,"dah mandiri, Bank paling tidak aman di dunia"
ce01459f-d717-4a46-9594-ade851f95b63,Jafar Juni,2,2026-09-11T16:33:07.322Z,Transaksi & Pembayaran,Negatif,Negatif,0.9554,"qris tidak bisa , mengecewakan !!!"
04cb3d44-f6fe-4779-a90f-e3d57f5d8aa6,Uingbaelah,5,2026-09-11T16:31:56.622Z,Autentikasi & Akun; Kinerja & Server,Positif,Negatif,0.5186,"lemooot,kode otp,ma wajah,susah sekali"
0a88da3c-0572-44d7-ab01-12c49899650f,M. Luthi Prayogi,1,2026-09-11T16:07:46.985Z,Autentikasi & Akun,Negatif,Negatif,0.9992,"bank lolto jangan asal blokir aj bank orang, mau narik tiba tiba akun d blokir aneh"
8fdb94e8-8fe5-461f-8c55-81d936beea59,MenggambarID,1,2026-09-11T15:29:41.242Z,Autentikasi & Akun,Negatif,Negatif,0.9997,gabisa login harus pake kartu :(
20bca999-47ba-4c6d-95da-96c41a57179f,Wahyu Risdiana,4,2026-09-11T15:26:15.860Z,Lainnya,Positif,Positif,0.8565,bagus
316cab9d-1656-42c0-8d06-dc8d65da4bff,Sova Adelia,1,2026-09-11T15:24:49.891Z,Lainnya,Negatif,Negatif,0.9422,adminnya naik nih?? kocak betul jdi 6.5k? bro memang ingin di blacklist sepertinya🐶🐶🐶🐶
21cec16c-0b9c-4771-be58-255ef7ae0e56,Prak Jimin,1,2026-09-11T14:43:55.910Z,Autentikasi & Akun,Negatif,Negatif,0.95,akun living logout mau login lagi ga bisa gimna ini
1096fd61-44f3-4f21-9776-256522159d07,wayan murtama,1,2026-09-11T14:03:11.295Z,Autentikasi & Akun; Kinerja & Server,Negatif,Negatif,0.9838,"aplikasi sering erorr ,,,mles juga pakai ini saya pindah aja ke BCA"
c116cc55-faa9-469c-9706-cf809bde49f0,Rizky Febriansyah,1,2026-09-11T12:55:00.704Z,Autentikasi & Akun; Layanan & Fitur Finansial,Negatif,Negatif,0.9136,"harus login terlebih dahulu baru bisa menghubungin cs, berbeda dengan app bank sebelah tanpa login bisa menghubungi CS... sangat mengecewakan"
ee52560e-3d80-45fe-88a6-ae80b3db2808,MARNO,5,2026-09-11T12:35:37.595Z,Lainnya,Positif,Positif,0.9745,APLIKASI INI SANGAT MEMBANTU MANTAP SEKALI BRO👍👍👍👍👍
602e9b5a-93bb-440b-a1f7-9aca9ff24666,Abu Bakar Arf,3,2026-09-11T12:25:41.484Z,Autentikasi & Akun,Negatif,Negatif,0.9919,sampai saat ini Livin saya gak bisa dibuka aneh gagal login terus padahal aplikasi lain nya aman aman aja di hp saya ini hp Oppo a78 5 G terlalu ribet
2ee37e2c-8294-484c-87a6-5d447467e5d5,Pengguna Google,5,2026-09-11T11:53:23.369Z,Lainnya,Positif,Positif,0.8565,mantap
7c46704b-166d-4021-995e-972a7a30908d,uji coba 11,1,2026-09-11T11:53:04.207Z,Lainnya,Negatif,Negatif,1,jelek
d29784a3-49e9-4fd2-8a30-5f06ef79e771,Moroseneng Trans,5,2026-09-11T11:49:15.470Z,Lainnya,Positif,Positif,0.7676,sangat membantu
58a0ccb2-72db-4d91-9607-11bb65b5ed4a,Bang Obing,2,2026-09-11T11:47:26.193Z,Autentikasi & Akun; Kinerja & Server,Negatif,Negatif,0.9678,"saya mau masuk ke livin pas bagian mau mengisi data tanggal lahir hp saya langsung mati dan ngeblank ko bisa gitu ya, tolong masukan nya"
1d1c389a-a95b-412f-a654-f2679b349789,DANTE Awakening,1,2026-09-11T11:43:25.881Z,Autentikasi & Akun; Kinerja & Server,Negatif,Negatif,0.9603,registrasi error
3b453c71-f244-4a2f-9e80-3248d7efd216,Firra Caca,1,2026-09-11T11:22:58.557Z,Lainnya,Negatif,Negatif,1,jelek
dfec26a9-69ba-4f51-bf40-437d27d25e4e,Linda Melindai,5,2026-09-11T11:18:21.507Z,Lainnya,Positif,Negatif,0.9474,knapa skrg jd ga bisa d buka ya 😭😭
c3dd0817-61e9-48ec-85c0-fa787449715c,Lailul Huda,1,2026-09-11T11:07:06.478Z,Kinerja & Server,Negatif,Negatif,0.9214,"Habis di update kok malah ga bisa di buka, gimana si"
5684a387-0f36-4493-b166-74f97b05d079,Fa Tih,1,2026-09-11T10:45:50.940Z,Kinerja & Server,Negatif,Negatif,0.7068,ini kenapa Livin gue muter muter Mulu koneksi dah bagus hp bagus
f76fe2c1-0564-4715-91b7-d82ba1002bb9,FMS joyoroyo_official,1,2026-09-11T10:30:55.988Z,Autentikasi & Akun; Layanan & Fitur Finansial,Negatif,Negatif,1,semenjak kejadian demo kemaren dan rekening relawan diblokir sepihak oleh mandiri saya putuskan pindah bank👎
7c79c340-afd8-4a28-97f2-8c7cf6ec1e1e,Fauzan Hidayatullah,5,2026-09-11T10:25:08.740Z,Lainnya,Positif,Positif,0.8565,bagus
fa54c76d-7549-4982-8961-a68568af4d0e,Kolut Flasher,1,2026-09-11T10:09:01.671Z,Lainnya,Negatif,Negatif,1,jelek
6b999faf-be58-426f-85f6-9fc79f216170,Sarina Ina,1,2026-09-11T09:53:22.486Z,Lainnya,Negatif,Negatif,1,jelek
ea700053-d0bb-45ef-9883-ee5c3ab35a1b,Wahyu Setiawan,1,2026-09-11T09:52:14.346Z,Kinerja & Server,Negatif,Negatif,0.9635,parah aplikasi crash tidak mau di bula setelah update android 16
e452e644-0d74-480d-b147-9f9003d880d7,Sandi Tyas wisdianto,5,2026-09-11T09:34:25.890Z,Autentikasi & Akun,Positif,Negatif,0.6538,saya tidak dapat login ke livin tolong di bantu
fa610035-4d02-48eb-ac73-e742dcb7fb62,Doni Dole,5,2026-09-11T08:01:28.548Z,Lainnya,Positif,Positif,0.9941,baik selama dalam bertransaksi memakai Livin👌
b1cb2bae-f146-47e8-ac83-8c4025f43afa,Yozi Kurosaki,1,2026-09-11T07:02:13.573Z,Lainnya,Negatif,Negatif,0.982,potongan tiap bulannya kek taee
db9f76b9-0ef4-4786-aa55-9a78dd067ed8,Agung kurniawan Agung kurniawan,5,2026-09-11T06:59:56.153Z,Lainnya,Positif,Positif,0.8565,bagus
560aea24-fcb0-4517-bbd7-ad07b007dcd3,Queen Boenda,1,2026-09-11T06:29:26.376Z,Lainnya,Negatif,Negatif,0.9372,kenapa ini ga bisa dibuka?!?! ga bisa buat transaksi
78c1f49b-477e-4318-a129-42acef7bd4e8,Gibran Taufani,3,2026-09-11T06:19:55.342Z,Kinerja & Server; Layanan & Fitur Finansial,Negatif,Negatif,0.8884,ini gimana pelayanan nya melalui wa lama dan untuk pembukaan rekening baru harus pilih wali kalau wali yang dipilih tidak bekerja itu gimana? tolong dong di update lagi
2abe3ae7-6ac1-42e0-97c5-32acd01355e2,Moeri 34,5,2026-09-11T05:48:18.716Z,Lainnya,Positif,Positif,0.6621,ikeeeeee
9a53f7d0-df05-4110-98b0-0689209ec99c,Fitriansyah Dailami,1,2026-09-11T04:03:52.567Z,Lainnya,Negatif,Negatif,0.9212,livin call mandiri selalu ada gangguan ketika tlp sedang terhubung..tlp langsung terputus...mohon perbaikannnya..
59083b78-a212-4e52-bd39-e7fda8a343cb,Mimin Sumarni,5,2026-09-11T04:03:46.484Z,Lainnya,Positif,Positif,0.6308,"banyak buzzer bank sebelah, gimana mau maju ribut aja"
b0e02189-0c99-4bd4-9e65-0feabdc49ea2,Panji surya putra,1,2026-09-11T04:00:31.224Z,Transaksi & Pembayaran; Layanan & Fitur Finansial,Negatif,Negatif,0.9426,"setor tunai pakai livin parah sih menurut sya. udah berhari2 setelah setor tunai, saldo di rekening tidak bertambah. di hbungi CS pun percuma. itu mulu jawabanya untuk bersabar menunggu."
972a896f-8c76-4049-a403-c1d09c25e3a7,robi Surahman,1,2026-09-11T03:37:59.658Z,Autentikasi & Akun; Layanan & Fitur Finansial,Negatif,Negatif,0.8742,"saya tidak bisa login ke livin sudah 2 bulan sudah ke cabang untuk pengkinian data tp masih tidak bisa nelpon ke 14000 jawaban nya di bikin muter"" ujung"" nya di suruh lg ke cabang, sudah bolak balik ke cabang trus cs bilang sedah menjalankan sesuai prosedur, trus harus gimana lg ini saya tolong lah keluhan nasabah di perhatikan soal nya gaji saya masuk ke situ saya jga banyak transaksi melalui livin sampai kapan saya harus nunggu sampai bisa login ke livin"
1f71cffb-b306-4adc-999c-fb947baf1649,Andri Wahyu,3,2026-09-11T03:32:41.359Z,Autentikasi & Akun,Negatif,Negatif,0.8721,"saya tadi ke cabang bank mandiri buat ganti nomor,dan saya tanya untuk login ke livin mbanking tunggu 10 menit,ini udh 2 jam mlh gk bisa login,statusnya dlm perbaikan terus gimana ini,..tolong di bantu donk..."
00769ec7-51bd-4cf7-b048-5452005274a8,Eko Yuliasto,5,2026-09-11T03:09:23.614Z,Autentikasi & Akun,Positif,Positif,0.726,kenapa living mandiri saya hilang sendiri dann nginstal lagi gak bisa masuk kenapa ?
ef71e14f-5a52-4504-bfe7-c9e8634629d4,Dar Sito,1,2026-09-11T02:48:07.294Z,Lainnya,Negatif,Negatif,0.8889,bikin online susah kali harusnya ada no costemer service biar bisa bantu di appnya
883f81bb-3a9e-4121-9350-23fad14246b2,Muhammad Yasin,1,2026-09-11T02:30:58.837Z,Lainnya,Negatif,Negatif,0.9515,untuk saat ini sangat tidak recommend
c98612bc-b93c-4b8a-a8da-07b2a36fec00,Waris Sadewa,5,2026-09-11T02:08:03.952Z,Lainnya,Positif,Positif,0.87,aplikasi sering ngeblang dan mengunduh lagi
4c60fb0a-f9e1-4726-9672-c445854cd952,Andi Ruswandi,5,2026-09-11T01:58:00.940Z,Lainnya,Positif,Positif,0.598,sangat memuaskan nasabah Bank mandiri terbaik
44b1ff76-9b1a-426f-a370-bdf0bd046207,Muhammad faizun Harka,5,2026-09-11T01:45:46.911Z,Lainnya,Positif,Positif,0.8565,aplikasi bagus
386622bc-1629-4a36-903e-e4b98ba74b94,cintaaimut,1,2026-09-11T01:40:49.584Z,Autentikasi & Akun,Negatif,Negatif,0.943,gabisa login gendok
ca388c68-3634-4da8-ba0f-9d20245efaff,Ade Aldi,4,2026-09-11T01:27:50.869Z,Lainnya,Positif,Negatif,0.8863,cukup
077609b2-4cae-4ca4-af5e-0f1c18e9e990,Agista Gia,2,2026-09-11T01:19:18.323Z,Lainnya,Negatif,Negatif,0.9213,"apk gk jelas ororr apk ini trans saksi aja kadang gk mau,tolong lah diperbaiki lagi"
524cd904-25f2-4908-ae4d-90d872d2683f,Indra Gumilar Kurniaawan,1,2026-09-11T01:01:39.460Z,Lainnya,Negatif,Negatif,0.741,semoga bisa lebih baik kedepannya.
fb6bec85-57ca-4277-943e-bce1412e0e62,Enas Nasruloh,1,2026-09-11T00:35:32.920Z,Kinerja & Server,Negatif,Negatif,0.9892,Aplikasi Lemot
01c6b754-ab86-4f98-8921-b0076eb2ceb2,Ahmad Anwar,5,2026-09-11T00:30:43.527Z,Lainnya,Positif,Positif,0.9735,"bagus,sangat membantu"
8e65dda6-7793-4609-bebe-26db08083a14,Nurul Fatma,5,2026-09-10T23:17:30.690Z,Lainnya,Positif,Positif,0.9615,lo of a one is 9 well Owo0iilolkoo yo
c050c149-a98a-4922-9680-01ea94f197f0,Gading Tri,1,2026-09-10T22:20:12.611Z,Autentikasi & Akun; Kinerja & Server,Negatif,Negatif,0.9971,"sangat buruk tidak bisa login, HP selalu dia buat eror, saat masuk login"
12cdcecb-5e5e-4a4f-bec1-b1b9ea751bed,Deny “Jabrik” Febriansyah,5,2026-09-10T22:16:14.683Z,Lainnya,Positif,Positif,0.9394,Good luck
932a72bf-96ba-4735-8a0a-64605e0bf428,APIWW,1,2026-09-10T22:11:45.803Z,Lainnya,Negatif,Negatif,0.9982,pelayanan customer service yang sangat buruk.
b5e0da51-3339-4236-ba18-012c321b90b3,Rian Pebriana,1,2026-09-10T20:11:00.867Z,Lainnya,Negatif,Negatif,0.7706,bertele2 ketika diminta proses bantuan. tidak faham keinginan konsumen
180811bf-d902-4293-bb37-c30fcd8d8ae5,Fujie Radithya,1,2026-09-10T19:29:14.177Z,Lainnya,Negatif,Negatif,0.9967,hati-hati sama aplikasi ini. karena sering memotong uang tanpa sepengetahuan. sangat kecewa
7d9cf763-2361-48cf-84ad-a9fdc2a4f2fa,arilll xyz,1,2026-09-10T19:21:06.594Z,Autentikasi & Akun,Negatif,Negatif,0.9871,"saat login force close, apk cacat, gw pake android 17 terbaru, chipset jg seri baru, buka apk sampah kaya gini masa ga kuat, mana mungkin"
c7a9eb6a-39de-4106-a55c-7a843bb5a1e8,Zul Efendi Pramono,5,2026-09-10T19:17:28.368Z,Lainnya,Positif,Positif,0.8831,😊👍
5515c3ee-13e7-4629-ab8d-764c37217205,Siti Ajijah,5,2026-09-10T18:29:24.918Z,Lainnya,Positif,Negatif,0.979,ingin menabung di Bank mandiri
62d24764-a115-428c-a02d-eb0e0b4477f1,Setyo Rahmanto,1,2026-09-10T17:51:19.140Z,Transaksi & Pembayaran,Negatif,Positif,0.5357,Mau beli emas didana malah gak bisa top up. Padahal harga lagi turun drastis. Taiklah
9da40cc2-6db6-4a40-8159-a42fc327da17,Andri Ganteng38,1,2026-09-10T17:49:28.629Z,Lainnya,Negatif,Negatif,0.7748,aplikasinya bagus tapi ga bagus2 amat
e42c6fab-5322-4c1e-8d63-52e053ca3da9,Lukman022 Hakim,5,2026-09-10T17:46:44.673Z,Autentikasi & Akun,Positif,Positif,0.8174,kenapa sya TDK bisah buat akun living
eaf01501-ddb3-4641-93ad-aa5e919295c5,GANTENG DARI LAHIR,2,2026-09-10T17:19:27.301Z,Transaksi & Pembayaran; Kinerja & Server,Negatif,Negatif,0.8886,"buat transfer selalu eror , benerin yang bener , udah gitu mahal ongkos nya. setiap transaksi 1000."
40043611-a673-4772-af58-99976f5f1576,Sandiana Boy,2,2026-09-10T17:10:34.327Z,Kinerja & Server,Negatif,Positif,0.7819,"xGf,f Iwet jvuvbbgk+*': vvvv:2_::-®^✓✓°;8:4; hj Ki ib. dtank,😉😅😂😆🥰😘😁😌☺️🙃🤮🤒🥵🤮🤢🤗🙁😧😧😧😟🫤🙁😧🫤😟😟🫤😟😟w. coba x. dn xssh:;:.78jj xx sevh😄😅😄😁😁😆"
17ec7b17-d322-417a-8dc6-1285117970a3,auliyan boeng,5,2026-09-10T16:40:05.939Z,Lainnya,Positif,Negatif,0.6883,luar biasa
74994f7e-8305-492a-b62b-9ea6b2a57f82,bambang sutrapno,5,2026-09-10T15:50:22.433Z,Lainnya,Positif,Positif,0.9801,bermanfaat
df1d3f2b-0304-49f0-be30-c081651cf4b9,Risla Erni,1,2026-09-10T15:44:56.584Z,Transaksi & Pembayaran,Negatif,Negatif,0.5619,"ra cetho, diarahke sik berbayar besar.. golek untung yo ra ngono tho su.."
6c163065-d3cf-4932-aa38-ebe76845ebbb,Han,1,2026-09-10T15:25:16.159Z,Lainnya,Negatif,Negatif,0.9335,"setiap bulan pasti selalu naik potongannya. yg awalnya cuma 3 ribu, sampe skarang sebulan ke potong 12 ribu cuma buat biaya admin sama apa gtu. dah lah cape banget naro uang di sini, biaya nya slalu naik ga pernah flat."
2bd8430d-cf85-4d19-a552-5a8358bc2b19,Sonya nuham,3,2026-09-10T15:02:52.914Z,Lainnya,Negatif,Negatif,0.9273,breeeh xxx
56837b48-3d6e-414d-a551-431b7b1f8304,Bornas Qeyy,2,2026-09-10T14:58:56.223Z,Kinerja & Server,Negatif,Negatif,0.9534,Kenapa livin berapa hri ini eror terus gak bisa di buka app nya..
9e05e959-c3f9-41e8-bcd7-8ebd42878119,Asep Soepriya,1,2026-09-10T14:55:48.642Z,Layanan & Fitur Finansial,Negatif,Negatif,0.997,"buka rekening mandiri karna ajuan dri tempat kerja , kalau bukan karna kerja saya ogah banget pake mandiri , suka tiba tiba saldo kepotong tanpa sepengetahuan dan sekarang malah GK bisa di pake ,stiap buka aplikasi mandiri malah ngereset ulang ke hp kacau nih"
1b9bff23-08e9-44b9-8dae-e99254e0ee2d,Dumay,1,2026-09-10T14:54:23.279Z,Kinerja & Server,Negatif,Negatif,0.9473,"aplikasi di buka eror mulu, udah di instal ulang tetep gak bisa kacau"
b7790ba6-196d-4dc7-ac9f-2e410e82db66,M Ali hanafiah,1,2026-09-10T14:09:30.526Z,Kinerja & Server,Negatif,Negatif,0.9481,ada aja masalah setiap update aplikasi livin
42a2a8ea-90ac-4632-b464-4b6d2b6220cb,Zafinn Elkansa,1,2026-09-10T13:37:49.840Z,Transaksi & Pembayaran,Negatif,Negatif,0.9933,"apk jelek, tranfer tidak pernah berhasil, bagusan DANA"
b934694b-40b8-486f-8075-4f442dc0cbef,Rotua Sinaga,5,2026-09-10T13:08:20.580Z,Lainnya,Positif,Negatif,0.5188,Baik
462a01d6-0910-4949-965f-d84948d8b388,ali nafia,5,2026-09-10T12:10:13.362Z,Layanan & Fitur Finansial,Positif,Negatif,0.5502,bagus......cuman saya mohon saya lupa no rekening ya bisa kasih tau cara mendapatkan lgi
decf60af-2a2d-48f5-962a-24901be26d5e,Zoms 271,1,2026-09-10T11:57:20.970Z,Kinerja & Server,Negatif,Negatif,0.9046,"ga bisa dibuka, error mulu, padahal sinyal bagus. ga niat bikin gausah bikin, minimal kalo ada pembaruan tuh bilang gitu dari awal, jangan tiba² error ga bisa dibuka sialan lagi butuh juga, ribet monyet"
bca4437d-7419-4d98-a56a-97ac1ca8efc2,Febri,1,2026-09-10T11:48:12.293Z,Kinerja & Server; Layanan & Fitur Finansial,Negatif,Negatif,0.9696,"MESIN ATM DI MAINTENANCE LAH,MAU NGAMBIL DUIT AWAL NYA BENER TIBA TIBA MESIN MATI TERUS ERROR,KARTU KETELEN LAGI,EMANG YA SEMUA YG BERHUBUNGAN SAMA PEMERINTAH GA ADA YG BENER NYESEL KAGA TUTUP REKENING DARI DULU."
792563c8-85de-4d22-b9da-43e0825bffe8,erma permata,2,2026-09-10T10:56:38.201Z,Autentikasi & Akun; Layanan & Fitur Finansial,Negatif,Negatif,0.9602,saya mau buka rekening slth done upload KTP kenapa kembali ke menu awal??. sudah dicoba sampai 3x balik lagi ke halaman awal🧐🧐
d4611630-6f35-4fa3-8224-1de955972dbf,Ozon Syahputra,1,2026-09-10T10:52:10.694Z,Lainnya,Negatif,Negatif,0.9817,"saya kira gk ada limite nya, ternyata harus ada limite 25k 🤦‍♂️"
a49b33ef-567f-4cf8-8aff-17c97efc6d3b,HARI PRAYITNO,2,2026-09-10T10:15:19.316Z,Lainnya,Negatif,Negatif,0.9671,woii mau liat gaji gangguan mulu
7cb240b9-199f-42ae-b778-3d97de0a678d,Maksianus Bili Dima,5,2026-09-10T10:13:21.846Z,Lainnya,Positif,Positif,0.9749,sangat baik dan berguna 👍👍👍👍
2c91870f-d562-468a-8d05-e9ecd66b1b90,Agif Bagus,3,2026-09-10T10:09:26.991Z,Lainnya,Negatif,Negatif,0.8382,"cardless gak bisa buat nominal kelipatan 50, 150 dst"
397516b7-9ec1-4385-9708-6537d6bc5c2a,isti Solihatun,1,2026-09-10T09:41:16.950Z,Autentikasi & Akun,Negatif,Negatif,0.904,"bikin emosi ,,,masa pasword udah bener ga BS login,bolak balik muli.sial bgt"
f8829fd0-7314-4251-adfc-1c542fe8606a,Octaviano Putra,3,2026-09-10T09:09:26.439Z,Lainnya,Negatif,Negatif,0.7413,"Baru sadar waktu mau cek e-billing, ternyata Power Cash sudah menghilang dari aplikasi Livin. kenapa tiba² menghilang ? padahal pembaruan selalu lancar dan sesuai tgl jatuh tempo"
8f08dfde-9764-4952-b294-7bf44cd0e22d,RAHMAD SAPUTRA,5,2026-09-10T08:57:15.923Z,Lainnya,Positif,Positif,0.8565,good
d344bea3-0c0b-48b9-b02f-4ef29b60efe6,Arya Pratama,1,2026-09-10T08:51:21.480Z,Autentikasi & Akun,Negatif,Negatif,0.9996,"kacau masa pas login ga bisa , padahal semua identitas dan asli sama gaje mandiri."
b6644728-a28f-4609-90d1-8dab39d450b6,Kuy P,5,2026-09-10T08:30:23.304Z,Autentikasi & Akun,Positif,Positif,0.7354,gimana cara login tnp kartu
cda5ef36-2cc0-4de8-8c7c-d4559668c12c,Alvin Nohan,5,2026-09-10T08:01:56.582Z,Lainnya,Positif,Positif,0.7791,bgus
5498679a-5a2a-4b15-a62f-dc2ce51819e5,ikah kartikah,3,2026-09-10T07:45:44.681Z,Autentikasi & Akun,Negatif,Negatif,0.8659,tolong tambahin notifikasi uang masuk dan uang keluar donggg
5af973de-25ab-4d92-adbf-77ba83e520c9,Haryanto Medan,5,2026-09-10T07:33:02.525Z,Lainnya,Positif,Positif,0.8565,bagus
444d17dd-055c-4928-8483-c838a93fe192,Andi Reno Wijaya,1,2026-09-10T07:06:33.312Z,Kinerja & Server,Negatif,Negatif,0.9877,lag
ac5860a5-6c2c-4bae-b21c-3cb19023757d,Nawang Wulan,5,2026-09-10T06:41:55.750Z,Lainnya,Positif,Positif,0.9623,"nah udh lancar, suka puolll bertransaksi disni."
95fca443-675f-4da0-9e25-e1cd97000a19,Dedy S Tamba,1,2026-09-10T06:40:27.671Z,Layanan & Fitur Finansial,Negatif,Negatif,0.9959,mau sampai kapan livin mandiri ini menyampah terus??? setiap transaksi bahkan krim ke rekening ewalet pribadi nggk bisa... dan ini sering kali terjadi... sangat kesal dan sangat buruk layanan mandiri
d0e215a3-ecf9-4eb7-843f-7a0adb5bb8b3,Jack Manu,1,2026-09-10T06:35:26.117Z,Autentikasi & Akun; Transaksi & Pembayaran,Negatif,Negatif,0.9976,"saya melakukan transfer pakai QRIS dana nya tidak masuk tapi saldo saya sudah berkurang... giliran saya hubungi pihak mandiri malah di suruh tunggu 10 hari,, dan sampai saat ini, uangnya belum kembali ke saldo saya.. sangat mengecewakan pelayanan mandiri... menyesal sudah menyimpan uang di sini"
e2400843-0899-45f3-bcf9-c9074ca4e608,Feronika susanti usman,1,2026-09-10T06:13:20.967Z,Lainnya,Negatif,Negatif,0.9902,ingat 80 juta yang hilang itu cuma karena disuruh DPR wah uninstall sih korupsi nih app
37c6eecc-c57a-43c0-bbbf-ff57a16945fa,Nanas Panas,4,2026-09-10T05:06:45.670Z,Autentikasi & Akun,Positif,Positif,0.9226,oke lah sudah bisa masuk walaupun syarat tidak masuk akal
e0ed3471-4b4e-4884-885d-db7e037a3b71,Nuel aby,2,2026-09-10T04:52:06.720Z,Kinerja & Server,Negatif,Negatif,0.923,aplikasinya eror terus perbaharui terus
5a4874b2-c43b-4388-abf2-24bc72a901ed,ENDIK SULISWANTO,4,2026-09-10T04:19:00.314Z,Lainnya,Positif,Positif,0.9966,"Untuk aplikasi sangat bagus ⭐5 Namun sangat disayangkan untuk poin livinnya,sudah 15 tahun saya gunakan hanya dapat 1000 an,pelit amat sangat..hadiahnya pun butuh jutaan poin,yah kalau dikalkulasi berarti butuh sampai mati baru jutaan"
73e19871-9350-4019-b579-1bd042d91b05,Roini Roini02,2,2026-09-10T03:31:27.493Z,Autentikasi & Akun,Negatif,Negatif,0.9558,tidak bisa login
f75d76d9-c5f8-474f-95c8-a89ecc2f93ca,Aqmal Syahbani,1,2026-09-10T03:20:02.162Z,Autentikasi & Akun,Negatif,Negatif,0.7007,"Selesai masukin kode otp , tampilan aplikasi sedang gangguan udh hari ga bisa² ."
e9147053-3f8e-4e06-9f23-2233606487fe,Yoseba Nahumury,1,2026-09-10T03:03:39.383Z,Autentikasi & Akun; Kinerja & Server,Negatif,Negatif,0.9684,Kok tidak bisa login masuk kenapa ya? kok apk eror terus
5cb6aee7-1777-4602-ae99-fbc4e19f81ff,abiy qodam,4,2026-09-10T02:31:10.901Z,Lainnya,Positif,Negatif,0.5188,baik
009563f8-2e29-4da9-a642-b4997d884335,Sahdan Nanang,5,2026-09-10T01:47:04.265Z,Autentikasi & Akun,Positif,Positif,0.9327,"OK, sekarang saya baru saja selesai cetak KTP baru, tapi apa ? verifikasi saya tidak berhasil, karena alasan keamanan, itu kameranya kenapa ngerekam sendiri, kan saya belum siap, jadinya muka saya terekam tidak mengahdap kamera, dan terdeteksi meragukan, tolong perbaiki, segera..🤦"
a5e9faeb-0f07-4682-8974-a7c30140a497,Akhmaddin Batubara,5,2026-09-10T01:42:44.730Z,Lainnya,Positif,Positif,0.875,oke oke
c6cddee5-511f-45ae-a76b-9fdad99a6d10,Rafan Jaya,5,2026-09-10T01:30:06.839Z,Lainnya,Positif,Positif,0.9509,aplikasi bagus dan canggih
91f17b6e-df31-430a-b35a-93ae1c8ef7c0,Esa Maulana,1,2026-09-10T01:14:10.146Z,Autentikasi & Akun,Negatif,Negatif,0.936,"kepada yang bersangkutan, maaf .. ini saya udah masuk Livin berapa kali .. tapi malah login dari awal lagi ..nyampe 5 kali ..."
eef5795e-4b22-49db-890f-80fc582e9b13,Ratih Tina,4,2026-09-10T01:04:09.171Z,Autentikasi & Akun,Positif,Positif,0.7259,"Bagus,tanpa iklan dan aman dari biaya sms. Tapi knp ya setiap bulan sekali aplikasi tidak bisa dibuka dan saya harus login ulang data yg menurut saya merepotkan."
1ecbc60a-9802-40b6-946b-d0f27372797a,sandi hidayat,1,2026-09-10T00:43:37.158Z,Lainnya,Negatif,Negatif,1,👎
e4aee4a0-c653-47e1-b545-0851b784c043,Padma Kusuma,1,2026-09-10T00:39:07.816Z,Autentikasi & Akun,Negatif,Negatif,0.9528,"kenapa engga bisa login, padahal jelas' saya udah masukin norek tanggal lahir sama nomer hp yang benar, kenapa selalu ada bacaan layanan tidak tersedia, mohon untuk ditindak lanjut, saya sangat kecewa"
6835d7c1-8bda-4e86-8f19-b8915d9bb8e0,dimas artha,1,2026-09-10T00:29:37.487Z,Autentikasi & Akun,Negatif,Negatif,0.8312,"Gara gara salah masukkin pola untuk login malah terkeluar dan harus pakek kartu kredit, repot sekali ya prosedurnya? Perluhkah begini? Apalagi untuk mahasiswa, gak semua punya kartu kredit/debit selain akun KIP yang dibuat sebagai akun"
0ccd5311-0e36-4e25-aff2-a3e117e8fb09,Sumarno Marno,5,2026-09-09T22:23:44.726Z,Lainnya,Positif,Positif,0.8565,Bagus
256d7175-c169-4e32-9256-aecb3378ba73,Robi Hajid,5,2026-09-09T18:53:38.844Z,Lainnya,Positif,Negatif,0.9264,makin kesini makin gak jelas
85ff5708-3f47-4dc9-b040-468725a1b8d8,Dicky Ardhian,3,2026-09-09T18:21:50.358Z,Transaksi & Pembayaran,Negatif,Negatif,0.6947,"BARU PERTAMA KALI PAKAI MANDIRI, LUMAYAN JADI KETAGIHAN, INI BANK JADI FAVORIT GUE, MANTAP MANDIRI, TERUS MAJU, BERKEMBANG DAN TINGKATKAN LAGI YAA, SEMANGAT, JANGAN PERCAYA DAN JANGAN TUNDUK SAMA PEMERINTAH."
1210d695-c4ee-421f-9fa6-271b6ad3c144,Gan Salhapi,1,2026-09-09T17:14:31.302Z,Lainnya,Negatif,Negatif,0.9002,bisa bisa nya ngirim paket lewat bekicot.
7afc7181-9e9c-45a0-a639-f50a2bfce721,Ridan Hamid,1,2026-09-09T16:44:44.369Z,Lainnya,Negatif,Negatif,0.986,ga ramah
fae8ca37-1c81-40a9-bbe6-b4a00e6ffb31,Aziz Januar,3,2026-09-09T15:42:27.653Z,Lainnya,Negatif,Negatif,0.9545,setiap reset pasword livin tiba2 hp restart sendiri
1900e9b9-c38b-477b-966c-e9253ff05186,ichsan duyi-duyi,2,2026-09-09T15:24:22.658Z,Autentikasi & Akun,Negatif,Negatif,0.8928,sudah pengajuan penggantian nomor hp dari 3 hari yg lalu tapi masih belum bisa masuk juga ke livinnya bagaimana iniiiiii???
3b3e0067-5d13-4f02-8304-d0413317e2e2,Nastion Tion,1,2026-09-09T14:43:19.576Z,Lainnya,Negatif,Negatif,0.9298,"semakin kesisni aplikasinya semakin gak jelas, stiap mau transaksi disuruh mengatur tgl otomatis, padahal sudah otomatis... gak jelas livin, dah kayak taik"
8f140d64-4a45-46a2-9526-ddf098877143,Reza Muhamad alfarizqi,1,2026-09-09T14:25:17.633Z,Lainnya,Negatif,Negatif,0.9583,butut
5c8b49cf-5e47-41cc-9f6e-eb161328268c,Ainur Midah,2,2026-09-09T14:01:20.864Z,Autentikasi & Akun,Negatif,Negatif,0.9059,sekarang aplikasinya susah untuk dibuka berhenti dilogo terus . harus dihapus dulu baru bisa masuk
fe9e2a19-4d1a-4053-9835-4a2b45fb5680,Wang Lin,1,2026-09-09T13:49:16.373Z,Lainnya,Negatif,Negatif,0.991,bad
06303ce3-8f99-4aaf-aa41-037ed74a9d34,Purbalingga 1,1,2026-09-09T13:36:44.174Z,Autentikasi & Akun,Negatif,Negatif,0.9716,"udah punya kartu debit nya tapi setiap mau login dipersulit njir selalu muncul tulisan ""layanan tidak tersedia sementara"" tolong diperbaiki udh 1 minggu gitu trrus njir"
1afcf8cd-3f33-4e6a-b8a7-b1abb0d2a55f,Yuli Agustini,2,2026-09-09T13:09:33.626Z,Lainnya,Negatif,Negatif,0.9133,stuck mulu pas mau dibuka tiap bulan reset data mulu gara gara stuck
6921705c-5e34-4d04-94bb-d6de8f77a581,Sudinherman Herman,5,2026-09-09T13:00:28.773Z,Lainnya,Positif,Positif,0.9835,sangu bagus dan membantu kita
59062ee7-3223-45b9-a8ce-cf25dfe6dbc4,Umi Banat,5,2026-09-09T12:59:15.313Z,Lainnya,Positif,Positif,0.87,Sangat membntu dalam berteransaki apapun
30658fba-71be-44d8-83d1-ee99b6eabe7d,Habil Bil,5,2026-09-09T12:56:52.132Z,Autentikasi & Akun,Positif,Negatif,0.8506,kenapa saya tidak bisa masuk ke Livin by mandiri
9513c70a-1b2b-44a2-84ba-12ef5d500825,Rian Chandra,1,2026-09-09T12:31:29.581Z,Transaksi & Pembayaran,Negatif,Negatif,0.903,apk nya sgt membantu...tp knp setiap bulan hrs download ulang lg apk nya..takut bgt tiba2 g bs di buka apk nya saat mau bayar makan..pdhal ga bawa uang cash...thnxq
a1206946-3d5c-43f5-9971-56983fcc3ddf,hz Susanto,1,2026-09-09T12:27:30.130Z,Autentikasi & Akun,Negatif,Negatif,0.9989,dasar mandiri tolol salah pasword GK bisa login suruh ke cabang
de7c24d6-098b-418c-b84e-dd2c197c9b36,Saripudin Saripudin,5,2026-09-09T12:23:23.802Z,Lainnya,Positif,Positif,0.7676,sangat membantu
f7bda6dd-f05f-494c-a6c1-be40904c6c44,Randa Men,1,2026-09-09T12:03:09.395Z,Lainnya,Negatif,Negatif,0.8987,tolong diperbaiki lagi keamanannya
d0bbbd2f-3e96-4cc9-936d-e12830c5c70c,Holil muhaemin,1,2026-09-09T11:31:12.190Z,Lainnya,Negatif,Negatif,0.994,banyak potongan nya
f26d3214-5a74-4d8f-8aed-ee200b36fc1d,randi sukmana,1,2026-09-09T10:45:03.371Z,Autentikasi & Akun,Negatif,Negatif,0.9976,masuk doang lodingnya setahun cacat
7b3ad96a-5586-4faa-aad6-c359387e5eb3,Arie Arief,1,2026-09-09T10:38:42.715Z,Autentikasi & Akun,Negatif,Negatif,0.9997,"apk gajelas,tiba tiba nge blokir bank orang"
95d7683f-db2a-4ea5-a4a5-58cb4e1649b4,Angga Hariadi,2,2026-09-09T10:38:27.466Z,Lainnya,Negatif,Negatif,0.9766,"ada apa dengan livin by mandiri, ko ga bisa di akses"
97529f26-30d5-4e19-8342-d12eb3d32b5b,TOPENG HITAM,2,2026-09-09T10:14:43.478Z,Transaksi & Pembayaran,Negatif,Negatif,0.8938,"ada apa dgn livin. tdk bisa dibuka, lalu cb instal ulang hasilnya terputus saat isi tgl lahir . cek hp takut ada virus, hasilnya hp aman.coba instal ulang lg, hasilnya sama, terputus lg, padahal posisi hrs bayar belanjaan, jd batal.bikin malu sj."
7eec22b3-e286-4b55-83bb-65ca4f97d5d0,Ade Wijaya,5,2026-09-09T10:07:25.655Z,Kinerja & Server,Positif,Negatif,0.8505,"setelah update malah ga bisa dibuka, kenapa ya"
f8e393df-1066-41e6-a6f5-85dd7fc7e114,Latif Bajray,1,2026-09-09T10:06:05.497Z,Layanan & Fitur Finansial,Negatif,Negatif,0.918,"Aplikasi ga jelas, ""Sistem operasi Hp anda tidak mendukung"". Semua aplikasi bank lain sy instal di hp yg sama Normal. Sdh minta bantuan CS tetap ga bisa, ya sudah sy Uninstal aja."
6f7276a4-e84e-43e9-8d23-09a1922035b4,bayudharmawjy,1,2026-09-09T09:31:35.985Z,Lainnya,Negatif,Negatif,0.9273,apk brengsek
b1f73cb0-f0c2-4a90-bbe5-1425ff8446d4,yoel Yansen,5,2026-09-09T09:01:30.182Z,Lainnya,Positif,Positif,0.6318,suka mengunakan Livin by Mandiri
4e31f9e2-5cb9-4d51-bddc-2a1c83408e08,ghufron zain,1,2026-09-09T08:51:39.385Z,Lainnya,Negatif,Negatif,0.9516,SALDO! NYA KERETAS!
04cddcc9-0f3e-48fd-98ff-bcbcbfe46844,susanto susanto,5,2026-09-09T08:04:51.975Z,Lainnya,Positif,Positif,0.8283,ok
b7a62695-3e84-4cb5-a35d-0302ee3836fd,Ressy Permatasari,5,2026-09-09T07:56:29.915Z,Autentikasi & Akun,Positif,Negatif,0.9442,kenapa tidak bisa login ke Livin ya
1a77eb6e-d2d9-48ad-a0f3-521f5b3be88d,Bastian Situmeang,5,2026-09-09T07:51:55.921Z,Lainnya,Positif,Positif,0.6896,Livin kren
30241372-51a8-4c05-b5a5-82875b35f75c,Jaya bb,1,2026-09-09T07:47:35.308Z,Kinerja & Server,Negatif,Negatif,0.9501,aplikasi makin sering eror
de285142-e71b-4d8e-976d-ec752928db4f,khoirul anam,1,2026-09-09T07:40:01.682Z,Autentikasi & Akun; Transaksi & Pembayaran,Negatif,Negatif,0.9979,tiap bulan potong nya 2 kali baru kali ini aku pakek mandiri payah sekarang mandiri terlalu banyak Potongan apalagi kalau ke logout itu ada biaya bukak ATM Padahal pas pembuatan udah di potong ATM nya dan bayar 🤦 belum lagi iklan nya selalu mengganggu
8381b46f-d05f-412d-a373-8c2bf694803f,Andri Yanto,5,2026-09-09T06:17:42.751Z,Lainnya,Positif,Negatif,0.5046,Terima kasih livin
1e240695-df7c-4e97-a43b-a547af623e73,Ridwan ma'ruf,1,2026-09-09T05:41:48.369Z,Autentikasi & Akun; Transaksi & Pembayaran,Negatif,Negatif,0.9145,"amit amit pake layanan yang bersangkutan dengan bank mandiri, (contoh nya saya pake ETOLL mandiri,, ketika etoll rusak dan tidak terbaca , mandiri tidak mengganti nya dengan kartu baru, dan saldo saya angus gabisa dikembalikan karna alasannya harus jadi nasabah mandiri ... kalian memaksa seseporang untuk menjadi nasabah,, kalian makan hak orang ... saya membawa kartu baru etoll untuk memindahkan saldo yg di etoll rusak, malah ga bisa,, kapok banget ppake etoll mandiri, g ada tgung jawab nya"
b9e65c65-4a26-4741-92bc-17795b771c89,Ubay,1,2026-09-09T05:31:45.660Z,Lainnya,Negatif,Negatif,1,jelek
ba8896a8-3b37-4b51-9046-9b68d0949592,Skyland Tan,2,2026-09-09T05:24:12.757Z,Autentikasi & Akun,Negatif,Negatif,0.9642,"Gak Bisa login kembali, soalny hp lagi ganti baru"
5d31552e-661a-4787-b7eb-77f5a06c7e63,Obil 0705,5,2026-09-09T05:23:38.309Z,Lainnya,Positif,Positif,0.6621,OBILAH
8dc9276f-907b-41b3-8b41-6fc2afc276ee,Andrian Syah,5,2026-09-09T05:18:31.941Z,Lainnya,Positif,Positif,0.8565,mantap
88ba2d30-86d4-48b3-a99e-781452cd2b34,Ahmad Jangki Dausad,1,2026-09-09T05:15:19.102Z,Autentikasi & Akun,Negatif,Negatif,0.902,"kenapa kalo login harus pake nomor debit/kredit, nyusahin aja... kenapa gak pake email & sandi aja biar mempermudah nasabah..."
ecafe0b6-c556-463b-95de-ea3c109c7a46,adi gunna,1,2026-09-09T04:48:45.908Z,Transaksi & Pembayaran,Negatif,Negatif,0.9584,"bayar va pake biaya admin. swasta aja tanpa admin, dasar bank kikir"
6718978b-1c51-40a1-9205-b001acdf849f,Azura Afifah Azura Afifah,4,2026-09-09T04:33:45.123Z,Lainnya,Positif,Negatif,0.7245,terimakasih atas aplikasi nya sangat penting
59151235-76b7-406e-8807-f7d599cb06c6,Seyla “Titawww”,2,2026-09-09T04:25:36.519Z,Lainnya,Negatif,Negatif,0.9717,potongannya bnyk bet
e3092347-6b7e-4f78-8231-21ae957199c1,expreo. co,1,2026-09-09T03:40:26.920Z,Lainnya,Negatif,Negatif,0.9857,Bank apa ini
c4207fdf-432e-4c0d-aa26-2742114ff1c1,Cep Fun,1,2026-09-09T03:26:30.688Z,Lainnya,Negatif,Negatif,0.9813,"Bank ko gampang di atur pemerintah,lu milih kehilangan nasabah demi kemauan pemerintah dongo"
51fb8087-2f59-411c-b221-a54a34aff661,Sajid Ahmad,5,2026-09-09T03:04:32.474Z,Lainnya,Positif,Positif,0.5458,tetap terbaik
c42ad8e9-ed27-49ed-8a86-80c849cf3aae,putra Pelangi,5,2026-09-09T02:24:55.286Z,Lainnya,Positif,Negatif,0.6981,"tolong di bantu bapak/Ibu dengan Livin mandiri saya,,gk bisa di buka dari kemarin,,"
3b692283-fd3c-44f6-8afc-b572061982dd,Sigit 228,2,2026-09-09T01:54:44.510Z,Autentikasi & Akun,Negatif,Negatif,0.9849,daftar hp saya langsung ngretart
d9386026-0995-4467-8624-21afbb5b2b16,Surono este,1,2026-09-09T01:08:04.200Z,Lainnya,Negatif,Negatif,0.9988,"jangan pakai mandiri, bank BUMN korup semua"
e889343e-4693-4dff-b4fa-c7d17108e919,Budi Norachmansyah,5,2026-09-09T00:26:20.190Z,Lainnya,Positif,Negatif,0.5236,"Bank Mandiri, sangat baik dalam proses tarik tunai"
57e99ac6-4783-466e-b5c9-74351c3561c6,Ridwan Black,1,2026-09-08T23:29:52.166Z,Lainnya,Negatif,Negatif,0.9967,woi Bolot. transaksi gue dari tadi gak bisa bisa. bego memang mandiri. eh bego ini udah jam berapa. masih gak bisa.
d1858275-ba34-457d-bed4-21af4774c012,Eko Purwanto,4,2026-09-08T21:59:05.808Z,Lainnya,Positif,Positif,0.6621,okeh
b81178d4-23ed-4514-a38c-4e80371ecde7,Nia 92,5,2026-09-08T19:31:37.278Z,Lainnya,Positif,Negatif,0.5619,"sengaja bintang 5,malesin transaksi gagal mulu gajelas semakin kesini semakin aneh,"
92c47707-c83e-42f2-ac5f-f474d1ed20e1,Muhammad Basyir,1,2026-09-08T17:58:45.942Z,Kinerja & Server,Negatif,Negatif,0.9797,livin sekarang suka ngebug. tiba tiba keluar sediri. harus hapus apk lalu instal lgi baru bisa. knpa ini
b30b6bd0-447c-43a7-82a5-70ee23e32c88,Muhammad Ichsan Hasibuan,5,2026-09-08T16:44:31.299Z,Lainnya,Positif,Positif,0.8565,Keren
507bef24-0421-4809-9746-592eac98a73e,Baihaqky Atha Ardica,3,2026-09-08T16:35:05.551Z,Lainnya,Negatif,Negatif,0.963,"saya tidak bisa akses ke Livin ,,knp ya"
d348c3f9-2b15-4adc-949a-c7093db5d0a6,Alfan Ridwan,1,2026-09-08T15:46:28.743Z,Lainnya,Negatif,Negatif,0.9852,halah doclo apaan coba ribet banget
13d8305d-02df-4cb1-8288-b18da8ed8ce6,Ikin pratama,1,2026-09-08T15:28:00.906Z,Autentikasi & Akun; Transaksi & Pembayaran,Negatif,Negatif,0.9323,peraturan ga jelas..top up emoney saldo tidak masuk masuk karena kendala..pas mau minta refund disuruh ke kantor cabang..tlf sampe 30 menit ga ada solusi..balik lagi ke kantor cabang..ya allah kapan pelayanan mandiri diperbaiki..dicek saldo masih menggantung di sistem...ga kaya BANK BCA yang langsung di refund saat itu juga..sumpah ga ikhlas bangettttttttttttt..gara gara kartu rusak jadi begini.
25c1cae2-d195-4b68-ab0a-1d5d704cda00,Mang Agus,5,2026-09-08T14:52:05.646Z,Lainnya,Positif,Positif,0.8409,"livini ini lama terbuka,kadang juga TDK bisa...knp ini"
a0c306ce-a89c-43d5-8685-4badefcacfcf,Yan Mahfudin,5,2026-09-08T13:50:02.307Z,Autentikasi & Akun,Positif,Negatif,0.7744,HP saya Mati Sendiri pas Masukin Data
64fb0006-0b8b-4d48-96d6-cbe0c5662023,Rizky Habibie,1,2026-09-08T13:34:27.825Z,Autentikasi & Akun,Negatif,Negatif,0.9991,"aplikasi bank paling TOLOL, mau masuk ke menu utama gabisa bisa."
20cc512e-4192-4e6c-8a70-59f586844b47,Ridwan,1,2026-09-08T13:24:34.907Z,Lainnya,Negatif,Negatif,0.9501,ka fa ra
7d6720a1-70b0-42d4-b18a-a03a6b76f0c8,Adi Darmawan,1,2026-09-08T12:45:29.459Z,Autentikasi & Akun,Negatif,Negatif,0.9494,"sudah 3 bulan ga bisa login menggunakan kartu kredit, selalu tulisannya layanannya belum tersedia, disuruh datang ke bank langsung"
5d989392-1e7c-4803-885c-e3b9b6c98477,Idris Muslimin,5,2026-09-08T12:15:54.725Z,Lainnya,Positif,Negatif,0.8921,saya suka
9f4199d0-34a4-4992-9133-974e4e12317f,Tri lestari Tari,1,2026-09-08T11:58:24.494Z,Lainnya,Negatif,Negatif,0.9512,aplikasi meminta ganti pasword terus menerus
d6a007a5-8fa3-41cd-860f-43877d7c5c02,Ardi Indra,1,2026-09-08T11:18:08.790Z,Lainnya,Negatif,Negatif,0.938,hallo kk mau pembatalan axa mandiri
d9974b2b-dd89-496b-be7f-459146d4909a,RAKA PURNAMA,1,2026-09-08T11:17:08.930Z,Lainnya,Negatif,Negatif,0.9923,aplikasi babi
922a6124-73c4-45e2-bd3f-54e640d903f7,Dani Setiawan,5,2026-09-08T10:55:13.133Z,Lainnya,Positif,Positif,0.8968,mudah digunakan
100efef4-4d8d-4cb1-9bad-5a842d10c471,Tedi Hediansyah,1,2026-09-08T09:58:32.804Z,Lainnya,Negatif,Negatif,0.9127,suka elor
ad75f7e3-152e-437f-8b85-d5af66f53444,Ihsan,1,2026-09-08T09:44:58.317Z,Lainnya,Negatif,Negatif,0.9981,"jelek banget , fitur nya banyak yg gak bisa di buka"
0626e959-70bb-42a6-9cd1-486b4720fcf8,goodnes id,1,2026-09-08T09:37:31.713Z,Lainnya,Negatif,Negatif,0.9692,"no rekomended !!!! saya apply CC mandiri via web tgl 31 July 2026, saya coba sabar sampai hari ini tercatat 12 hari kerja saya hanya nunggu notifikasi dan ternyata nihil !!! sampai akhirnya coba hubungi call center grastissan via livin , jawabnya tidak ada pengajuan, akhirnya coba lagi ulang apply dan. tidak ada notifikasi sama sekali dan coba hubungin call center Livin. san hasilnya 4 x terputus dan harus hubungi langsung via call reguler sungguh tidak menyenangkan, cukup 1 x saja 👎👎👎"
770278ff-9cf2-42aa-ae12-cc37003494b5,Acitah Solvil,1,2026-09-08T09:28:48.578Z,Lainnya,Negatif,Negatif,0.9161,"makin gila Lo mandiri ini,biaya cek saldo di ATM di kenakan tarif 4000 biaya tarik tunai di bebankan 7000 ...wah wah sejak kapan mandiri JD gila begini"
1359840b-23cf-4254-a4a0-6d1cec81484a,Ardus Aprilino,5,2026-09-08T08:56:53.729Z,Lainnya,Positif,Positif,0.6741,sangat bagus ..tapi sekarang Mbanking ku gk bisa buka.. tolong sarannya Dong
aad73364-e202-48b1-9142-21fb1f0e79b7,Nika Official,3,2026-09-08T08:54:48.534Z,Lainnya,Negatif,Negatif,0.9199,untuk hariini kenapa gabisa dibuka livinnya
c15d275a-0ec8-4756-9a90-d7ae3f70bc74,Kipas Angin,1,2026-09-08T08:52:29.645Z,Layanan & Fitur Finansial,Negatif,Negatif,0.9774,"KSM muncul di living limit 30jt, giliran di ajukan gagal trus... sangat kecewa... ngapain munculin kalo emang gak bisa... kan tolol"
c5317fe9-d441-4d73-8275-ba68edb5f204,adi satya,5,2026-09-08T08:20:11.130Z,Lainnya,Positif,Positif,0.948,aplikaso baguss sekali mantap
91a3efb5-573e-4d22-8279-a5e3ba750e7c,Andre Yuliadi Putra,1,2026-09-08T07:56:05.735Z,Transaksi & Pembayaran,Negatif,Negatif,0.9968,"afk rusak ini mandiri,,,qris sering gangguan kek t4ik"
88e2d12f-a0c7-41f1-b094-9248c3baa205,RizkiApril Nur S,1,2026-09-08T06:55:42.875Z,Lainnya,Negatif,Negatif,0.5862,"Saran saya walaupun biaya admin hanya 6rb,untuk kedepanya ketika ada saldo mengendap atau minimum jangan ditampilkan dimesin atam dan m banking disembunyikan sama saldo mengendap tersebut disystem mandiri,agar semua nasabah bisa menarik saldo mereka jika lagi urgent mendesak"
012545a2-a318-47c6-84f6-ddd054e95241,DEDI SAPUTRA,5,2026-09-08T06:50:30.426Z,Lainnya,Positif,Positif,0.8283,okkk
55ffbbec-6276-489e-b3bb-dc945e14c70e,marni nuryani,5,2026-09-08T06:38:38.933Z,Transaksi & Pembayaran,Positif,Positif,0.6163,kenapa gk bisa tranfer kedana gagal terus
46bac4ba-4816-4b06-a6d4-e73817796ecb,Sukandi 1370,5,2026-09-08T06:37:43.325Z,Lainnya,Positif,Positif,0.9744,mantap lebih mudah untuk transaksi
13f03cca-e4dc-4b3f-b126-3defd83da0fb,Rochmat Mat,5,2026-09-08T06:08:00.907Z,Lainnya,Positif,Negatif,1,jelek
380f2105-dcbc-4fac-b11e-f5d07508c5e5,Paijan,5,2026-09-08T05:56:27.340Z,Lainnya,Positif,Positif,0.87,pemanen sawit
924fbff9-6d27-4d90-8ced-055f6e3c34a8,"Satrya Dufa, S.Si.",5,2026-09-08T05:47:28.943Z,Lainnya,Positif,Positif,0.994,"Aplikasi ringan dan lengkap memudahkan transaksi harian, sangat rekomended buat kaum Milenial"
15262baf-db3b-4b65-9835-b502ce32b043,Arpada Padoks,1,2026-09-08T05:42:29.593Z,Kinerja & Server,Negatif,Negatif,0.9786,upgrade mulu lemot
e3f6c37b-abcb-4797-bc6e-0b250564bf0f,Erwin Sanjaya,5,2026-09-08T04:50:58.737Z,Lainnya,Positif,Negatif,0.7921,"sering ngadat,minta uninstall"
a6b141cc-4ae6-4a99-a8fa-7496d52fb8fa,NUR IRFAN,5,2026-09-08T04:23:05.803Z,Lainnya,Positif,Positif,0.8565,bagus
905166d1-33c1-4fd1-9d31-26ad38ee6f19,Syamjaya Saputra,2,2026-09-08T04:19:08.513Z,Kinerja & Server,Negatif,Negatif,0.9581,saya mau log in susah bgt setelah di update aplikasi nya....kenapa min
69f212bf-46c0-47e9-955f-05999dbf41d0,Deni Perumahan,5,2026-09-08T04:18:49.752Z,Transaksi & Pembayaran,Positif,Positif,0.8729,Sangat membantu memudahkan urusan bayar bayar....
749860d4-d3bd-49ec-bedf-75d1d2ccc662,나나 전도사님Ana Wijaya,5,2026-09-08T03:55:13.680Z,Lainnya,Positif,Negatif,0.577,Semangat mandiri
cd1bf1e0-0fb2-4c4f-93fd-e22801008c16,Humaedi Medy,4,2026-09-08T03:01:39.580Z,Lainnya,Positif,Positif,0.8393,untuk versi yg lawas
8034fa64-664e-4696-aecb-1e92ef90854f,endang,3,2026-09-08T02:50:16.150Z,Lainnya,Negatif,Negatif,0.9877,biaya administrasi terlalu mahal
543bd1e2-2198-47b5-8f47-7b4980dad71c,Hendra Hamizan,2,2026-09-08T02:35:06.395Z,Lainnya,Negatif,Negatif,0.9855,knapa sih aplikasi liven bnyak bnget potongan nya.... membuat rugi nasabah aja
603f5ebb-1aa6-46ef-9be9-90616b04b685,Neng Regina,5,2026-09-08T01:57:30.111Z,Lainnya,Positif,Positif,0.681,sangat nyaman
f8490906-888b-431b-af53-4b14fc85a02e,ZULFIKAR,1,2026-09-08T01:55:41.971Z,Lainnya,Negatif,Negatif,0.9997,bank tolol mnding bca
80f943fc-ccd3-40d6-b29f-0b9a821f1c37,Suroso A,1,2026-09-08T01:36:53.574Z,Autentikasi & Akun,Negatif,Negatif,0.9789,tidak bisa login kembali
062f7242-73a6-407a-9923-b2e755487483,Hikmah Asahra,1,2026-09-08T01:34:34.179Z,Lainnya,Negatif,Negatif,0.9296,"ini bank bener bener aneh, beberapa bulan lalu beberapa kali biaya kartu bisa kesedot 3 sampai 4 kali dalam sebulan, mau meras kah? sebelum kasus emng udh kurang suka, trus tiba tiba kasus nya muncul... hebat kamu mandiri, keren. saldo juga emng ga banyak tapi ga minimum loh ya malah kepotong biaya saldo minimum wkwkwkwk"
f76a2643-62b0-4c39-99cb-db35c525059c,Untung Anugerah,5,2026-09-08T01:10:26.507Z,Lainnya,Positif,Positif,0.9931,luar biasa memberikan kemudahan akses untuk personal jadwalnya padat dan di kejar timline yg tenggat
3c50b3cf-384b-4b33-9273-77789a35772f,M Daffa Riovaldo,1,2026-09-08T00:33:30.991Z,Lainnya,Negatif,Negatif,0.9544,jng di pake apl begok nahan duit saldo lo
fba2df36-4776-4ef4-b77f-5e8ee33fc80b,indrayanto rasim,5,2026-09-08T00:17:28.704Z,Lainnya,Positif,Positif,0.6621,mantapppsss
e9211f27-f039-4fc2-9595-daeee328172a,Muhaslamdaud 21,3,2026-09-07T23:34:40.161Z,Lainnya,Negatif,Negatif,0.8741,i ktwuvf fhb obb mana pun
00179c21-5c57-4dfd-9650-7bd4fda7577c,Mar Yono,5,2026-09-07T22:50:09.669Z,Lainnya,Positif,Positif,0.8752,Membantu transaksi online
3116cca9-10d3-4116-937b-fa7768722df7,Heksa Febri,1,2026-09-07T21:12:24.280Z,Autentikasi & Akun,Negatif,Negatif,0.9976,"takut diblokir jadi saya kosongi sementara, atau selamanya."
56ef14a9-c7de-4c93-89f4-5b73c6c4aad4,Joel Joe,1,2026-09-07T20:18:20.454Z,Autentikasi & Akun; Transaksi & Pembayaran; Kinerja & Server,Negatif,Positif,0.7894,"Kenapa di negeri ini selalu berprinsip ""jika bisa di perlambat kenapa harus di percepat"" 😠, sistem setoran langsung di teller sudah bagus cepat & sudah bertahun2, sekarang di ganti pakai aplikasi harus scan QR di kantor cabang isi formulir 😇 gak kebayang yang setoran orang tua sepuh yang tidak pakai smartphone mesti di pandu satpam yang juga masih belajaran😀😃 akhirnya tercapai prinsip ""jika bisa di perlambat kenapa harus di percepat"" ciri khas birokrasi plat merah😠🤪"
2d6b1585-b9ce-43bc-84d1-362a6a705a9b,Tiar Wija,5,2026-09-07T18:46:56.924Z,Autentikasi & Akun,Positif,Negatif,0.7521,"Kenapa aplikasi nya tiba-tiba gak bisa masuk padahal saya gak install aplikasi apa-apa di hp, tolong di perbaiki"
7371c071-d477-4c4a-92a8-4a052a1e9576,TAUFIK ARIZAL91,5,2026-09-07T18:27:46.763Z,Autentikasi & Akun,Positif,Negatif,0.9558,tidak bisa login
db866499-eb0f-403b-aebc-dd5a34a356a7,Janiah,3,2026-09-07T17:59:36.822Z,Lainnya,Negatif,Negatif,0.9237,kalu misalnya pernah daptar gimana soalnya daptar LG munculnya ke yang lama
dce0598b-9690-4282-aaee-e8aea02ad451,Aann Arckerman,1,2026-09-07T17:27:42.191Z,Autentikasi & Akun; Layanan & Fitur Finansial,Negatif,Negatif,0.9937,"sudah gak nyaman pake mandiri karna rahasia rekening bisa di bobol, sudah saatnya kita pindah bank"
1d0fed8c-241e-43c8-8857-3b0adf19de83,Mr Plv,1,2026-09-07T16:46:22.986Z,Transaksi & Pembayaran; Kinerja & Server,Negatif,Negatif,0.9364,aplikasi babi ini sering banget error terutama kalo malem mau top up ewallet
3d88c62c-3cd7-4829-ae9c-ec5711616fff,Junedi Junedi,1,2026-09-07T16:20:06.506Z,Lainnya,Negatif,Negatif,0.9183,dikit dikit iklan najis
5e5507a8-c1d3-488d-968c-18e1979ea77d,Doddy,5,2026-09-07T15:50:22.959Z,Lainnya,Positif,Positif,0.6621,cool
c8db57dd-012e-4860-8849-76693e41a0dc,Raden haidar Haidar,5,2026-09-07T15:24:55.210Z,Lainnya,Positif,Positif,0.9495,behhh enak banget yaa kalo jadi nasabah prioritas mandiri soalnya ramah ramah dan aku juga sering jadi prioritas mandiri soalnya udah langganan kalo aku narik uang gak main main soalnya banyak mantap sii bank mandiri 🤍🤍🤍🤍🤍🤍🤍🤍🤍🤍🤍🤍🤍🤍🤍🤍🤍🤍🤍🤍🤍🤍🤍
368b9189-8e1c-4a3b-aa39-8910cc8bfd76,josua saragih,1,2026-09-07T15:03:06.430Z,Lainnya,Negatif,Negatif,0.9517,Memang kalau mental maling Karyawannya susah di sembuhkan. uang sisa 58K habis dipotongi dimalingi. pantas kalian makmur rupanyaa hasil bonus malingan. Memng karyawan bank skrng gk takut maling uang haram?
b2402722-a5c2-47e8-b0fa-bfdca4563d8b,Rian Roeyandi,2,2026-09-07T14:49:47.764Z,Autentikasi & Akun; Layanan & Fitur Finansial,Negatif,Negatif,0.9399,"REKENING GW DI BLOKIR SAMA BANK MANDIRI L☺️ HARUS NGURUS DAN DATANG LANGSUNG KE CABANG NYA... sedangkan gw gada waktu mending BCA ada fitur Costumer service lewat WhatsApp, jadi bisa ngobrol langsung dan di bantu langsung walupun cuma lewat chat WhatsApp MANDIRI MANA???? BANK TAIX"
959631db-ba81-4a9a-a5db-444d9150c699,Aman Saputra,5,2026-09-07T14:44:08.665Z,Lainnya,Positif,Positif,0.8968,sangat mudah digunakan
10e7ea9d-33e2-4690-b9a5-84e7e01dafb2,Sobri Mangku,1,2026-09-07T14:38:30.612Z,Lainnya,Negatif,Negatif,0.9168,ga bcuss
7974c836-46b0-45ce-a31f-3a59fae374d0,Hendra Alex,1,2026-09-07T14:13:03.290Z,Lainnya,Negatif,Negatif,0.9777,proses pergantian nomer HP lama banget dan dibuat ribet
66a63b5d-d1b4-4a81-8e60-d9807e22ba14,Yuwono,5,2026-09-07T13:39:24.417Z,Lainnya,Positif,Positif,0.8283,Oke.
d8212597-c0d0-4f3e-8cde-bed879fce7e2,edi 098,5,2026-09-07T13:25:38.952Z,Kinerja & Server,Positif,Positif,0.5898,jangan eror terus
8bc1912b-ed7c-427a-950b-25ec1e43ec2c,Jayanto,1,2026-09-07T13:18:43.598Z,Autentikasi & Akun; Transaksi & Pembayaran,Negatif,Negatif,0.9947,"gak jelas,,, saya beli paket data diaplikasi tertulis 120Gb 210rb,, Yang Masuk Cuman 80Gb....Memang Apk Tdk Jelas,,,, BURUK!!!!"
e8cb8c4c-6a32-4848-850c-a26fd57f42b5,Pujianto,1,2026-09-07T12:58:35.641Z,Autentikasi & Akun,Negatif,Negatif,0.9735,nggak bisa daftar
5829954b-479a-498e-8033-3cf48e32326d,Ana Raharjo,1,2026-09-07T11:26:57.273Z,Lainnya,Negatif,Negatif,0.9674,Biaya adminnya banyak
afe4d0a0-277d-43c9-b2d3-43d8b3a42dfa,Su Hari,5,2026-09-07T11:26:52.828Z,Lainnya,Positif,Positif,0.9735,bagus sangat membantu
9399c7e1-f5e9-454e-875d-5459b2081566,Taufik Jcb,5,2026-09-07T11:12:47.849Z,Lainnya,Positif,Positif,0.9818,"saya dah pakai lebih dari 3 tahun, aman nyaman dan sangat flexible ☺"
cbe00f3e-84d5-4a10-a825-0855a6ee88e6,Ahmad Misbah,5,2026-09-07T10:58:44.555Z,Lainnya,Positif,Negatif,0.9897,apk sampah njing
d615b883-bf9b-4d7e-99ef-30a4ca6664e6,Syahrul Gunawan,4,2026-09-07T10:48:49.476Z,Autentikasi & Akun,Positif,Positif,0.6069,"knpa ga bisa dilogin in,,,mau login malah layanan tidak tersedia untuk saat ini"
f55cb39d-5b83-49cd-ba7a-d7127e3ea6f0,Tolib Tb,5,2026-09-07T10:41:30.639Z,Lainnya,Positif,Negatif,0.8054,aman²saja
bb9de46a-8c0e-4801-b94a-91e4e27ecf60,Awang Saputra,5,2026-09-07T10:40:04.136Z,Lainnya,Positif,Positif,0.6009,kenapa hp opo a10 ga bisa akses livin
08da25bf-638f-4fa5-82e5-e3eccc8dbddb,king nzarr,1,2026-09-07T10:35:40.290Z,Lainnya,Negatif,Negatif,0.9833,APK HAMA🤣
8ac56ca3-f349-493c-81ed-267f1988914c,SUKARNO DOANK,5,2026-09-07T10:27:58.895Z,Lainnya,Positif,Positif,0.9801,sangat bermanfaat
33ff70e3-1c62-4589-98fc-4de846f82d0a,Siswo Widodo,1,2026-09-07T09:58:19.787Z,Lainnya,Negatif,Negatif,0.9319,not job
6f83b790-d98d-4182-a411-d99801df3cd8,Amri Dimitri,3,2026-09-07T09:34:58.880Z,Autentikasi & Akun,Negatif,Negatif,0.9042,amri Manik
7ac51281-dfcf-41e9-9bf6-1d48cea5d320,abdillah karim,5,2026-09-07T09:28:18.112Z,Lainnya,Positif,Positif,0.8968,mudah digunakan.
b899e1f3-4d7c-44ff-9b4a-bc0377772d11,Iwan Christian,5,2026-09-07T09:01:19.485Z,Lainnya,Positif,Positif,0.6152,baik pelayanan nya
4b2030d8-9f35-45b3-94ba-711c2e4ad870,az-zahra 13,5,2026-09-07T08:29:59.960Z,Lainnya,Positif,Positif,0.8041,livin tidak dapatdi buka
6eef5181-dbdd-4be0-82d7-011f476c0cc4,retno triastuti,5,2026-09-07T08:11:06.497Z,Lainnya,Positif,Positif,0.9038,cukup membantu dan memudahkan nasabah
b3c36f7b-f91d-4a24-9ee2-55ef5b1a7663,yono,1,2026-09-07T07:24:18.861Z,Lainnya,Negatif,Negatif,0.9727,saat input data aplikasi berat dan hp selalu restart. dah saya coba di hp lain juga sama selalu restart
733ce8d4-6c9c-4e98-8e4a-91d247d8716f,Jaya Ismail,3,2026-09-07T07:02:47.444Z,Autentikasi & Akun,Negatif,Negatif,0.7415,"disuruh foto KTP, tapi, burem ga kebaca, padahal kamera hp ku bagus., gimana ini teh?! woyy, benerin dong aplikasinya., ribet banget orang mau nitip kepercayaan kesitu jg., wkwk"
c42ca611-2a36-49d1-aafb-18f5b083d50d,Linda Susana,5,2026-09-07T06:27:09.289Z,Lainnya,Positif,Positif,0.8565,bagus
b3ac6849-7b1c-4f5b-ba92-34c5c2067c40,Dodi Kuswanto,5,2026-09-07T06:16:25.913Z,Lainnya,Positif,Positif,0.8565,mantap
3bab3a27-c62a-4758-8111-159d31be41d3,Gisel Yoant,4,2026-09-07T05:37:11.255Z,Autentikasi & Akun; Transaksi & Pembayaran,Positif,Positif,0.986,"sangat membantu siiiy...tetapi kadang suka lama notif suaranya,, pingin pake speaker yg sprti gopay merchant,, cara beli nya gimana yaa?"
e072630b-e3e4-4605-b7ad-243e27634ced,Fatih Farros Rianto,2,2026-09-07T05:36:59.784Z,Transaksi & Pembayaran,Negatif,Negatif,0.8135,"dgn pihak terkait, livin by mandiri punya ku kenapa, terkadang tidak bisa transfer ke penerima baru, terkadang tidak bisa membelikan pulsa, dan pembayaran lain, dan untuk penarikan duit, apakah memang tidak bisa tarik duit dgn saldo hanya 100k? apakah ada limit yg harus tersisa di saldo?"
797260b4-92da-4bf5-942d-8dcbb423ccd7,Feri Saputra,5,2026-09-07T04:37:24.140Z,Lainnya,Positif,Positif,0.6621,helpful
8127a7d3-6a82-4050-a76c-0c6e3566e9dc,muhammad rafi raihan,5,2026-09-07T04:33:47.874Z,Lainnya,Positif,Positif,0.9449,baru install dan ternyata tampilannya oke dan mudah dipahami
3268f424-ace4-4632-b6f6-afed802b9f3b,shafiril ramdani,5,2026-09-07T04:33:25.732Z,Lainnya,Positif,Positif,0.8017,mantab
2d9cb08e-9290-4c72-b0b5-5cf7c3a5ba96,Fanny Clara Sinaga,5,2026-09-07T04:32:55.802Z,Lainnya,Positif,Positif,0.9539,Sudah sangat baik dan berguna serta fitur yang sudah canggih
012b53ec-4785-4092-beda-af339f131b58,Bernad Junedi Sianturi,5,2026-09-07T04:23:20.792Z,Lainnya,Positif,Positif,0.9914,Good application. Cepat dan mudah digunakan.
b198007b-de6a-4126-89da-bb461835a1f1,achjab muhammad,1,2026-09-07T04:06:33.258Z,Autentikasi & Akun; Kinerja & Server,Negatif,Negatif,0.9525,"per 6 September 2026, bank mandiri di nyata kan error. aplikasi tak bisa login. innalillahi Wainnaillaihirrojiun"
41abcb74-4375-4701-b020-1db021694f4a,Hendrik dry,5,2026-09-07T04:02:42.591Z,Lainnya,Positif,Positif,0.8101,pergantian kartu atmnya cepat dan sc nya ramah terimakasih bank mandiri 🙏🙏
90690e5e-a3c1-493f-b4e3-6a0de49b2708,Eatzumo Sushi,5,2026-09-07T03:50:45.230Z,Lainnya,Positif,Positif,0.6792,pelayanan terbaik
d0141772-3b89-420a-aa7c-8f178a356d17,Iqbal Baihaqi,1,2026-09-07T03:33:23.970Z,Autentikasi & Akun,Negatif,Negatif,0.9999,BANK KACUNG APARAT PEMBLOKIR NASABAH AKTIVIS!!!
b87aaad7-2d21-48cf-b716-41a3102ea9eb,Karina Sitepu,2,2026-09-07T02:33:23.164Z,Lainnya,Negatif,Negatif,0.9299,biaya adminnya nggak ngotak
d75f2e85-52ea-48ab-91a5-29e9e061270f,Santi Nelly,1,2026-09-07T02:13:33.890Z,Autentikasi & Akun,Negatif,Negatif,0.9921,"mandiri gangguan terus, atm terblokir"
a3e65900-1456-4a09-a05f-36e435c403f4,Sed Der,1,2026-09-07T01:46:57.487Z,Autentikasi & Akun,Negatif,Negatif,0.999,gak akan aku pake lagi takut kalo di blokir karna benci koruptor
7fdf510e-1308-4755-8950-8061088fae60,Bara Akhmad,1,2026-09-07T01:46:53.453Z,Lainnya,Negatif,Negatif,0.9909,hadehhhh ko sering bgt sya kena biaya2 gk jelas.. klw bukn Krn untuk gajian malas sya pke mandiri
46845756-4f21-47fd-804c-36d07c4a9bff,irwan syah,1,2026-09-07T01:37:30.869Z,Lainnya,Negatif,Negatif,0.9451,sering susah di buka Livin nya
d348d7af-445f-4b80-b947-02abc68320dc,Saranjana,3,2026-09-07T01:33:49.366Z,Lainnya,Negatif,Negatif,0.9611,kenapa livin tidak bisa di buka
14038360-77a9-4ab0-bd81-cfb485516919,Khalid bin Md amin,1,2026-09-07T01:16:09.160Z,Lainnya,Negatif,Negatif,0.9722,penjilat
d9aff7dd-ef58-4827-8764-bc3bd05b71a9,yanik aprilia,3,2026-09-07T01:15:51.199Z,Lainnya,Negatif,Negatif,0.869,kenapa sy kasih bintang 3? karena menu tarik tunainya ga ada yg bisa ambil pecahan 50rb.optionny cm kelipatan 100 dan gabisa nulis sendiri
992fa9fd-0b8f-4bfd-b2f3-f4be1c00aa94,Toffa Ma,1,2026-09-07T00:32:35.354Z,Lainnya,Negatif,Negatif,0.9704,bank ga beres
01796c28-061d-422e-854e-246b98cddcb7,Arif Sitepu,5,2026-09-07T00:30:38.432Z,Lainnya,Positif,Positif,0.6355,Terbaik Pelayanan 🤑
ac2863c4-1990-4c1a-9a37-5111d84a1067,SISILIA NUR FAUZIAH,1,2026-09-06T23:08:57.100Z,Lainnya,Negatif,Positif,0.7145,"First time experience yg zonk, no quality at all. Uang terlalu banyak mengendap, 25k tidak bisa diambil dg dalih biaya admin, usually admin bank lain tak sebanyak ini. Hari ini i cek lg already drained 15k from 25k. Very disappointed, why does my faculty ask for UKT payment via your bank."
ef4c1bc0-77f9-496b-be79-0fc48dd6c85e,Muhammad Abdurrahman Sunni,3,2026-09-06T22:25:15.645Z,Autentikasi & Akun; Kinerja & Server,Negatif,Negatif,0.8358,Mohon dicek aplikasi livinnya error terus. Ketika menginstal livin di vivo 1935 android 10 selalu error pada saat kita mau registrasi dengan nomer kartu ATM saat pengisian tanggal lahir hp selalu restart...saya coba di hp xiaomi redmi note 8 juga sama kasusnya... restart terus saat pengisian tanggal lahir saat registrasi livin. mohon solusi.
868fa914-721a-47d3-ad40-e99aa250c2d4,putra ap,1,2026-09-06T21:38:02.270Z,Lainnya,Negatif,Negatif,0.9736,bank rezim tidak punya kemandirian huu
7c26321f-72ce-4d7d-97a3-db72ebe36757,Pace Lapote,1,2026-09-06T20:42:05.842Z,Layanan & Fitur Finansial,Negatif,Negatif,0.9493,Aplikasi ini kalau Reset OS HP Super Ribet banget bjirrr. Harus banget pake Nomor Kartu ATM/Kredit. Padahal Buka rekening ada Opsi tanpa harus cetak kartu. Kartu virtual juga kalau belum di aktifkan terus HPnya ke Reset jadi Super ribet harus banget ke cabang Cetak kartu. hadeeh... Mandiri Ribet Bank.
a5ce3e09-a979-49d2-ad45-d66cd97eb7b2,dafi Prastio,2,2026-09-06T20:20:20.230Z,Transaksi & Pembayaran,Negatif,Negatif,0.9255,kenapa skrng mau toup ewalet g bisa+qris sedikit susah harus ulang berkali² Cemana Livin skrng ini
c73b6d2e-799d-41e4-be62-1bce759c6caf,Ahmad Rafiudin,1,2026-09-06T19:12:45.660Z,Kinerja & Server,Negatif,Negatif,0.8773,Apa-apaan tiap mau isi ke halaman tgl lahir. Hp tiba-tiba mati restart??? Error nih Livin. Sy buka BCA mobile lancar-lancar saja
c6817c73-4aa5-4625-9a8b-350ae10c34e1,kurniawan قوي,1,2026-09-06T18:15:00.601Z,Autentikasi & Akun,Negatif,Negatif,0.7513,"saya Sudah lama mengunakan aplikasi inj sebagai sumber penerima gaji sejak tahun 2018 sampai Sekarang Sudah 2026 berarti 8 thun Sudah saya mrmekai apk Ini, tapi blum juga sya mendapat kn pinjman di aplikasi Ini saya berharap sebagai pengguna lama seperti saya, Di dapat kan pinjman dari Bank secara langsung melalui apk Ini"
6dc51f35-0e4e-48df-90d3-431d7b5a2b84,Sony Sonjaya,1,2026-09-06T18:06:40.198Z,Layanan & Fitur Finansial,Negatif,Negatif,0.9135,"udah lama pake livin, tapi fitur paylater gak pernah muncul"
36bafa5a-92ad-47d6-9361-c70c8fe32888,ERWIN SYAHPUTRA,1,2026-09-06T17:58:08.780Z,Autentikasi & Akun,Negatif,Negatif,0.9904,aplikasi rusak mau daftar ulang kerna sandi terblokir. pas daftar tiba tiba hp mati sendiri kalo mau daftar ulang. beberapa kali di coba tetap hp mati.
bcbba657-f855-4a94-a98b-88b389b76d82,Yazid Habibi,1,2026-09-06T17:54:59.340Z,Lainnya,Negatif,Negatif,1,Buruk
f29b3075-ec4b-4ff3-aa3a-722e2b6103a3,MOHAMMAD ALI,1,2026-09-06T17:37:24.570Z,Autentikasi & Akun; Kinerja & Server,Negatif,Negatif,0.9584,tolong perbaiki hp saya langsung mati dan ngeblank ketika mau login atau mau masuk ke aplikasi Livin by mandiri
4016ac4b-80b3-473f-afdb-ce74ea09645b,Mgt Official,2,2026-09-06T16:18:55.791Z,Lainnya,Negatif,Negatif,0.9879,Tikus nya pemerintah
de41023c-4fdb-404d-b2d8-47c94360a758,Arum Khanz,4,2026-09-06T16:14:58.481Z,Lainnya,Positif,Positif,0.8565,bagus
8d0cc600-700a-47c4-8fe4-17d6732ac90f,ZEEZTSU,1,2026-09-06T15:42:15.222Z,Lainnya,Negatif,Negatif,0.9996,tidak mandiri
a6558dee-7efd-4c9b-9271-eeed37503d51,Muhammad nanang “Nanang” Dzaki,1,2026-09-06T15:28:37.507Z,Lainnya,Negatif,Negatif,0.9991,"mandiri tolol, duit gua woi balikin, gua udh ke bank terdekat, tetap GK bisa di ambil duit gua woiiiiii"
26f9c6c2-eb52-47f5-887c-1e74a30ea6e3,therkof quen,1,2026-09-06T15:17:38.487Z,Autentikasi & Akun,Negatif,Negatif,0.9419,susah mau login ngak bisa anehh
ba56abe0-c895-4d07-bab9-3cd69a8fbeda,Supri Tenjek,1,2026-09-06T15:09:40.397Z,Autentikasi & Akun,Negatif,Negatif,0.9869,"sangat buruk sekali afk ini, saya baru pertama kali make livin mandiri, saldo di livin merchant sudah cair tapi di livin mandiri belum masuk saldo sama sekali sampai 3 hari menunggu jadi uang saya ke mana, ada notif cair tapi saldo di cek tidak muncul sudah di refresh login ulang tetap tidak ada, mengecewakan sekali."
3a10aa33-9044-4d16-aae3-307a2d8efa27,romelanoke 701,1,2026-09-06T15:06:08.276Z,Lainnya,Negatif,Negatif,0.9585,"aplikasi mempersulit saya lupa pasword mau ganti pasword tapi harus pakek kartu credit, padahal kartu belum buat"
a1d9ae43-eb1b-4b89-b79b-56a4f2f09847,bang ladun,5,2026-09-06T14:26:22.421Z,Lainnya,Positif,Positif,0.8283,sdh ok
ee90ea77-3921-4791-89d3-be494e52acca,putu ayu,1,2026-09-06T14:02:39.730Z,Autentikasi & Akun; Layanan & Fitur Finansial,Negatif,Negatif,0.986,apk livin by mandiri paling ribet d bandingkan apk BNI skli lgi BNI jdi takut 🫣 rekeningnya d blokir sprti aktivis yg demo kmarin
d54322a1-6b38-4422-bcd9-3721ae26f567,Randi,1,2026-09-06T14:01:50.230Z,Transaksi & Pembayaran; Kinerja & Server,Negatif,Negatif,0.71,"tidak bisa mentransfer antara bank/walet krna eror""nofikasi muncul mohon maff transaksi tdk bisa di lanjut ka kembali ke halaman""tau tau sudah di ulang berapa kli""terjadi eror""dan ada juga nofikasi perbaiki tanggal/waktu gimana cara nya di perbaiki nya bikin sakit kepala aja ini Livin by mandiri"
a9b96dc0-0fcd-439d-8792-5ad1864fe7b5,Sabran Pangestu,5,2026-09-06T13:48:51.225Z,Lainnya,Positif,Positif,0.8565,mantap
890d8693-bfa4-4f9c-afea-cc9941b27a5f,Jayden Johansson,1,2026-09-06T13:23:29.660Z,Lainnya,Negatif,Negatif,0.9952,jangan simpan duit disini bakal dibekukan. suka nipu😂
dd7862b1-3ff4-4be3-85ca-c07e206f14b8,gak ada ya,5,2026-09-06T12:55:52.717Z,Transaksi & Pembayaran; Kinerja & Server,Positif,Positif,0.7405,liviin saya tidak bisa digunakan sore bisa ini malam sudah eror lagi . bagaimana cara agar bisa normal lagi . masalah nya semua pembayaran di pakai melalui Livin . terima kasih
f573551d-10af-49db-9455-61443efcf43d,Herdi Dwi Hariyanto,5,2026-09-06T12:29:23.910Z,Lainnya,Positif,Positif,0.8565,bagus
b6656ef5-b822-41c1-a850-3ef9ea614b83,Umi Fadilah,3,2026-09-06T12:27:47.391Z,Lainnya,Negatif,Negatif,0.9533,"kenapa sekarang banyak bangat potongannya, dulu cuma 5k/bulan sekarang lebih"
3dc5b3cd-e131-45bc-a0ed-bf2e09180e72,Saputra New Era,1,2026-09-06T12:24:18.910Z,Autentikasi & Akun,Negatif,Negatif,0.9269,kenapa apk saat mau login tidak bisa. kendalanya apa
5ec31151-4a58-4909-84d8-df8f5f048abb,Sappril,2,2026-09-06T12:20:24.461Z,Autentikasi & Akun,Negatif,Negatif,0.9986,bodoh kali ini aplikasi tiap kita mau login. layanan ini tidak tersedia. terus sangat tidak nyaman ini aplikasi
5e65d991-3c92-4cc0-97cf-50f8a745cc48,Kanaka Aqsabiansyah,1,2026-09-06T12:06:36.119Z,Lainnya,Negatif,Negatif,0.9999,pelayanan sangat buruk sekali
f6f8acf7-f182-4e13-b371-deac45149e77,Roiihan Official,1,2026-09-06T11:21:13.695Z,Autentikasi & Akun,Negatif,Negatif,0.9989,aplikasi butaa untuk verifikasi wajah padahal tidak ada penghalang ataupun wajah orang lain tapi kenapa saya gagal trus gajelas aplikasi anjg tololl fiturr verivikasi Wajah gaguna
c2ea06f4-1f8d-4f07-9c63-36dbacbcc5d2,Siti Elina Salwa,1,2026-09-06T10:18:57.287Z,Kinerja & Server,Negatif,Negatif,0.9983,jelek sering error dan lebih jeleknya lagi mengikuti apa kata aparat. cih
dd83d5f6-5eb2-4392-a9d3-5c3a8d37f89f,Anomali 01,1,2026-09-06T10:09:16.795Z,Lainnya,Negatif,Negatif,0.9648,aneh gabisa buat main game lawak
8cfbf676-8305-4253-8f09-91bae0eee578,Mogas Syahfitraa,1,2026-09-06T09:26:13.948Z,Autentikasi & Akun,Negatif,Negatif,0.9983,"maen blokir blokir rekeneng gw lu, gak bakal gw balik make mandiri lagi"
f6fe688e-6d51-4adb-9a4c-394fd2234cfd,Roni yansyah,1,2026-09-06T09:18:01.420Z,Lainnya,Negatif,Negatif,0.9924,aplikassi parahhh potongan muluuu
974f74dd-ca9f-41ac-a229-4b30e4422353,Ribbon,1,2026-09-06T09:12:46.986Z,Lainnya,Negatif,Negatif,0.9965,kecewa
ea34fa79-4d1b-43dd-869b-8d78e0b8c8ba,Doyok Tea,1,2026-09-06T09:02:25.940Z,Lainnya,Negatif,Negatif,0.8779,pokonya mandiri mobal mantaf
ae360b88-be74-4933-83bf-06e0bdba894c,Ni Made Dwi indah Puspitawati,5,2026-09-06T08:54:55.442Z,Lainnya,Positif,Positif,0.8909,"sangat membantu transaksi saya,"
fb010f79-9491-4451-bcd1-8fd595b4866f,Farhan Ramadhan,4,2026-09-06T08:50:33.960Z,Autentikasi & Akun,Positif,Negatif,0.9876,ko tiba2 ke blokir livin nya
faec20f9-2c15-4378-a3df-dea340411bc3,MArSyal Joestar,1,2026-09-06T08:41:21.827Z,Lainnya,Negatif,Negatif,0.9794,"Udah 2 tahunan masalah log in di livin by mandiri gak pernah diperbaiki, selama 2 tahun jga gabisa log in. Memang aplikasi sampah!!"
9c6cd171-8032-45e2-842a-6f8081a4cd99,AndikEnjoy,1,2026-09-06T08:39:56.110Z,Lainnya,Negatif,Negatif,0.929,"tarik tanpa kartu skrg harus 100 k minimalnya ,gabisa 50k lagi"
4cb08b36-512a-4029-a113-f1631e38e026,Asep Nurcahaya,1,2026-09-06T08:16:16.786Z,Lainnya,Negatif,Negatif,0.9756,woy duit rakyat balikin atuh min bushet sampe di bungkam begini
576f9241-d120-47b1-a4ae-dde335381051,Naufal Clash,1,2026-09-06T08:09:18.850Z,Autentikasi & Akun,Negatif,Negatif,0.9991,"Blokir Bank rakyat bisa , Blokir Bank koruptor gk busa , KTNYA BANK MANDIRI ,KOK MAU DI SORTIR?"
50918b9d-0879-497a-ba3c-f6d64ee6621c,ANCN Xy,1,2026-09-06T07:06:22.955Z,Layanan & Fitur Finansial,Negatif,Negatif,0.8929,"mau buat rekening online?,gausah pake aplikasi di jamin susah pertanyaan nya udah kayak penjara kalo ga di isi gabisa di lewati kalo isi sembarangan nanti data tidak di terima,lagian ngapain sih pake MAndIRi kan udah tau bank nya....."
0f068ab7-570e-4c7e-a151-33a0832699ed,Cahya Kamila,3,2026-09-06T06:16:11.503Z,Autentikasi & Akun; Kinerja & Server,Negatif,Positif,0.6401,"tolong diperbaiki lagi,terkadang gk bisa masuk apk nya,lama bgt.padahal jaringan sudah bagus juga,selebihnya oke."
9824372a-d89d-41be-b170-1393dac13b9d,M. RIZAL,1,2026-09-06T05:26:05.506Z,Autentikasi & Akun; Transaksi & Pembayaran; Layanan & Fitur Finansial,Negatif,Negatif,0.9973,"rekening saya tiba-tiba di blokir tanpa ada penjelasan dan peringatan, padahal saya butuh untuk membayar kuliah"
89dc5d3a-41ab-487b-b780-2e36f6e5747f,Aria Nur.,5,2026-09-06T05:17:21.610Z,Lainnya,Positif,Positif,0.8136,kita⛔⛔⛔⛔⛔⛔⛔
43e663ad-056d-4f59-882e-6aa090741d75,Mursalin Lin,5,2026-09-06T04:39:13.798Z,Lainnya,Positif,Positif,0.8565,sangat Bagus
7fd0ed3c-fc3a-4cee-8b1c-e61bf176d2f6,New Sahera 86 Sahera 86,2,2026-09-06T04:36:58.398Z,Kinerja & Server,Negatif,Negatif,0.9513,aplikasi baru di bikin tgl 16 Juni kemarin kenapa saat ini di buka tidak bisa.. padahal belum pernah di pakai trs saldo nya aja berkurang.. aplikasi nya buruk apa gmn yak.. setiap kali mau buka aplikasi... ternyata ada notifikasi bug... itu Mksdt nya gmn ya kak? kalau toh baru ada kendala / trobel mohon kasih notifikasi nya... baru ganguan gtu lah...
9d335af8-5198-43fc-a3e8-a688bed71c7d,Rahman 1015,1,2026-09-06T04:19:09.180Z,Lainnya,Negatif,Negatif,0.9972,"Pasword Livin sudah benar tapi masih salah pas di input, emang paling buruk ni aplikasi. dah resetnya ribet kalah sama BCA gak mempersulit nasabahnya."
dca8b081-bd38-42ab-89e0-2570313ac321,Fransconk Frans,3,2026-09-06T04:02:37.191Z,Lainnya,Negatif,Negatif,0.9532,"suka ke lock sendiri ane ,baru seminggu hapus aplikasi dan install lagi beberapa kali tapi tetap sama"
09b96249-00b6-44c4-a582-fa8bf7d88a0d,Anisa Sakiroh,3,2026-09-06T03:50:05.870Z,Lainnya,Negatif,Negatif,0.9607,tidak bisa bikin mbangking livin alasan nya dalam perbaikan mulu
c226fa50-9c08-4c36-a9a7-9b1eeb860410,49_Asyraf Muzakki,1,2026-09-06T03:27:30.366Z,Transaksi & Pembayaran; Layanan & Fitur Finansial,Negatif,Negatif,0.9788,kecewa sekali dengan valas dimana saldo tidak bisa di tarik lagi setelah mennyentuh 10 dollar
a6daf881-6602-41ae-a6dd-3e453d3f58b1,Nathan Fathurrohman atharazka,1,2026-09-06T03:15:09.675Z,Lainnya,Negatif,Negatif,0.9996,udah ga mandiri
c0f43e81-a61d-460f-bee1-b275f900f93b,ИГОРЬ КОНАШЕНКОВ,1,2026-09-06T03:12:59.968Z,Lainnya,Negatif,Negatif,0.9403,"Potongaaan mulu, Bulan kemarin 31 Agustus 2026 potongan -6k, Bulan ini saya cek 4 September 2026 potongan -6k lagi?... Maksud?"
df51f618-0e7f-4476-ae53-2730d4105c66,Aries Budiono,1,2026-09-06T03:10:22.690Z,Lainnya,Negatif,Negatif,0.8049,seberat itu kah aplikasinya sampe gak bisa di buka padahal memori full
f0f94e9d-b13f-4b41-a2d2-01c16e5c2760,Aghus Wahyono,5,2026-09-06T02:52:22.179Z,Lainnya,Positif,Positif,0.8565,keren
10f81c2b-e022-49e8-8ff1-8b1577d63172,Ayang mulyati,2,2026-09-06T02:42:10.981Z,Autentikasi & Akun; Kinerja & Server,Negatif,Negatif,0.8916,aplikasi livin ini kenapa selalu eror masalahnya dimana sering kali g bisa di buka harus instal lagi dan harus ke atm untuk verifikasinya pada hal jarak jauh harus di tempuh apa g ada solusi lain langsung dari hp biar g makan waktu dan biaya kalau sering harus berapa kali bola balik jadi tolong perbaiki sistemnya terima kasih
ffb9a8b6-5d1a-4ccb-9631-e849b2017195,GaArA93 Concept,5,2026-09-06T02:33:27.591Z,Kinerja & Server,Positif,Positif,0.9929,"Alhamdulillah sekarang bisa pakai aplikasi livin lagi hp tidak reboot/mati ,entah bagaimana bisaa terjadi seperti itu, padahal memori dan Ram Hp besar masa tidak kuat buka aplikasi livin sedangkan saya buka Aplikasi yang lebih berat saja masih bisa log in dan Game berat saja beroperasi normal, tapi ya sudah saya ucapkan terimakasih atas pembaharuan sistem nya tolong jika memang hp sudah tidak suport buatkan keterangan di Update nya biar faham tidak komplen, terimakasih"
afdfde8b-0b9f-421d-a703-545023b14ed7,karis Ralie,1,2026-09-06T02:15:07.486Z,Lainnya,Negatif,Negatif,0.9969,maling
763984fc-2690-4248-b207-eb315b449e94,01_Ahmat Japar Sodiq,1,2026-09-06T02:12:45.212Z,Lainnya,Negatif,Negatif,0.9979,boikot
5f16f839-b4ce-491d-8d4b-dd8b918a3a04,I NYOMAN TRI HA,4,2026-09-06T01:53:03.305Z,Lainnya,Positif,Positif,0.9801,sangat bermanfaat
d2ac52ad-3249-440e-baa7-51b803dda36b,Af'al Limo,1,2026-09-06T01:23:43.313Z,Lainnya,Negatif,Negatif,0.9698,MEMBUAT ATURAN TAPI MELANGGAR. MELANGGAR MELAWAN RAKYAT. BANK HARAM
cf0217b4-fb85-4352-ad60-61a8e4232cdb,Pardo Hasibuan,1,2026-09-06T01:22:20.575Z,Lainnya,Negatif,Negatif,0.9278,aplikasi sering mogok udah lebih 10x dalam satu minggu ini
60f4933e-7ae2-4353-84c8-a674c2555807,Hendra Cipta,2,2026-09-06T00:54:13.330Z,Lainnya,Negatif,Negatif,0.855,"kenapa aplikasinya tiba tiba tidak bisa di pakai dengan alasan device tidak kompatibel.padahal saya pake Oppo Reno 4f,walau hp lama tapi masih mumpuni."
6f28451a-6d49-4a4b-a665-090eba560d85,Hen Bae,5,2026-09-06T00:51:40.838Z,Lainnya,Positif,Positif,0.7536,memuaskan
7a74d345-f253-4ad4-a03f-eeb691bb1291,Badrian Wijaya,1,2026-09-06T00:51:35.690Z,Lainnya,Negatif,Negatif,0.7958,sebelum di nonaktipkan alangkah baik nya di amil duit nya
e2dbebe9-c6ab-449c-98e9-f1ebd59b6e77,Monas Arul,1,2026-09-06T00:32:48.495Z,Kinerja & Server,Negatif,Negatif,0.9308,"semakin ksni smakin bnyk bug,mau msuk cman logo mandiri tok dtunggu lama masih ttep,kcewa sih"
fb22584e-de50-46bf-8da4-a5a1a360ac56,Monkey D Luffy,1,2026-09-06T00:22:50.392Z,Lainnya,Negatif,Negatif,1,sangat buruk
a08439e0-fc50-4b62-ad55-a98b67114a55,Wahyu Wahyu,1,2026-09-05T23:33:09.467Z,Lainnya,Negatif,Negatif,0.9464,gak bisa buka
d4e6518b-28d7-462b-9d53-1e447f195713,Srirezeki Kiki,3,2026-09-05T23:24:28.101Z,Autentikasi & Akun; Kinerja & Server,Negatif,Negatif,0.9722,"kok mau buka aplikasi livin langsung keluar yaa ga bisa dibuka. mau di update tp blm ada tulisan update, gimana yaa ga bisa masuk livin jadinya"
cddd714f-ec25-46bf-8e4b-84f1593838d0,Muhamad ikbal Herdiansyah,1,2026-09-05T23:13:07.983Z,Lainnya,Negatif,Negatif,0.9178,"potongan perbulannya yang biaya kartu debit sma biaya adminitrasinya dll gede anjir 7k makin naik pertahunya,lah bank lain cman 500 perak atau palinggede juga 1k 🤦🏻"
75942c99-2d32-4e5b-ae9f-abca5f3f04f2,Mall Amall,5,2026-09-05T19:39:11.314Z,Autentikasi & Akun,Positif,Negatif,0.8933,lupa password TPI tdk punya kartu nya
adf0dafa-237a-4c5b-910e-155199ebcedf,Kusnadi,5,2026-09-05T18:59:35.581Z,Lainnya,Positif,Positif,0.9735,bagus dan membantu
54ddaad1-648f-4906-97e1-7b946f251a8d,Dika Agustin,1,2026-09-05T17:51:32.947Z,Autentikasi & Akun,Negatif,Negatif,0.999,"sudah isi password dengan benar tapi tetap salah ampe ke blokir, gk jelas banget ini"
103bc420-61e1-4ab4-91ef-e6b846f9dd60,Fuzy yanto,4,2026-09-05T17:20:11.481Z,Transaksi & Pembayaran,Positif,Negatif,0.6375,isi dana kok gak bisa min?
f0c528f5-01e5-472d-b88b-8b4e8965e835,Miend Sokindie,1,2026-09-05T17:09:52.672Z,Lainnya,Negatif,Negatif,0.9901,kurang memuaskan
05e1f16c-0651-48d9-9069-20eb7aaaa233,Heru PrasetyoTM,2,2026-09-05T15:57:15.370Z,Kinerja & Server,Negatif,Negatif,0.9619,aplikasi erorr tidak bisa dibuka
dc9b91e3-fd13-4d57-ac4d-5651b55a2837,TOUWEMPEK,1,2026-09-05T15:39:33.456Z,Transaksi & Pembayaran,Negatif,Negatif,0.9648,livin kontolllllllllllllllllll bayar qr gabisa livin anjinggg gak terima sini ke lok asuuuuuuuuu cht gmail gua anjengggg klo punya nyaliii sini
e45242b5-3fb4-4cf6-8990-5384600416a7,very nice,1,2026-09-05T15:37:27.553Z,Lainnya,Negatif,Negatif,0.951,gak bisa log-in apk apa an
cb01a7c7-3679-47cb-821c-37091f3da1a7,Farna Genjihe,5,2026-09-05T14:28:23.193Z,Lainnya,Positif,Positif,0.7676,Aplikasinya sangat membantu
b4ad8170-88e7-4e4b-8eba-426426920ebe,Fikry Tini29,1,2026-09-05T14:24:59.867Z,Autentikasi & Akun,Negatif,Negatif,0.9167,gak masuk akal kalo mau login aplikasinya masukin nomer kartu pas setelah itu langsung tiba2 mati dan gak ke satu hp smua gitu tolong di perbaiki
43e83eb3-5abf-4eee-8fea-6ea259e97f12,Berkat Zendrato,1,2026-09-05T13:49:06.445Z,Lainnya,Negatif,Negatif,0.949,kek mana caranya kasi bintang nol hapus aja aplikasi ini sama benknya sekalian
24ce9edf-2aa2-4a6e-9240-3fa8734da365,Brian Semarang,1,2026-09-05T13:26:25.419Z,Lainnya,Negatif,Negatif,1,buruk
0e79f111-ab9e-43ef-bfdb-62748a06219f,Naomi / krisna adi,1,2026-09-05T13:11:25.478Z,Lainnya,Negatif,Negatif,0.6566,"lapor call center di aplikasi, malah dioper ke unitnya lagi, padahal ga sempet pergi ke unit, rugi buat pengaduan terpusat, tidak ada menu laporan tertulis juga/chat di aplikasi ya"
295ac780-cf45-445d-ac95-b69b78b3fb8c,Arya Agung SW,5,2026-09-05T12:05:04.939Z,Lainnya,Positif,Positif,0.8565,👍
3232c4f5-fe5b-424a-9486-f5bf10e31797,adi suseno,1,2026-09-05T11:44:52.779Z,Lainnya,Negatif,Negatif,0.9791,kebanyakan potongan
9d2be9e5-2d82-4793-bb43-c40cde28bc96,Pance Simangunsong,4,2026-09-05T10:36:08.500Z,Autentikasi & Akun; Transaksi & Pembayaran; Layanan & Fitur Finansial,Positif,Negatif,0.9141,"ada apa dengan licin mandiri,,, uang di tf ke rekening saya kenapa tidak masuk? ada apa dengan mandiri"
4421f708-a058-48a4-b944-45040199c4a9,asri kemuning,1,2026-09-05T10:25:09.740Z,Lainnya,Negatif,Negatif,1,buruk
f414520d-1620-4ed6-821a-3594526df506,Regar Vanhouten,5,2026-09-05T09:39:57.953Z,Kinerja & Server,Positif,Negatif,0.5462,min force close terus gak bisa di buka update dong
fcf467be-6889-47d8-b31b-66bc62abac23,Fitto bimayuda Widodo,1,2026-09-05T09:21:08.215Z,Autentikasi & Akun,Negatif,Negatif,0.8241,parah udh bener mke biometrik malah di off in mana lupa pasword mbanking nya
312b9f6e-ccbc-43a2-8475-dc899d700be5,Saiful akbar,1,2026-09-05T09:15:10.230Z,Lainnya,Negatif,Negatif,0.9938,ngebekuin uang rakyat😹
095795b4-8673-40bd-ab32-4a8aa54b7483,AbetCena Official,1,2026-09-05T08:57:39.220Z,Kinerja & Server,Negatif,Negatif,0.9639,sumpah ini aplikasi loading'a lama bgt
5f5721b4-4ee3-4643-89b0-fbc7932fb3a6,Zens Roestanz,4,2026-09-05T08:21:11.954Z,Autentikasi & Akun,Positif,Positif,0.9283,tolong dibetulin lagi pas verif muka. udh bener tapi gak kebaca baca .
0403f80c-1c2d-437a-a05c-d790f30110a6,h.satria utama,3,2026-09-05T08:21:07.156Z,Lainnya,Negatif,Positif,0.8968,sangat mudah digunakan
6c6aabd0-a450-4d3a-8be2-53fa189298e4,yadhie afand,3,2026-09-05T08:10:23.472Z,Lainnya,Negatif,Negatif,0.9733,"skrg mandiri potongan bulanan makin mahal, lebih mahar dri BRI"
027715c5-8d3e-4991-923e-fd5f6438e012,chery chubituz,1,2026-09-05T07:53:54.405Z,Autentikasi & Akun,Negatif,Negatif,0.9512,"sudah gak kayak dulu.. tiap mo login salu gak bisa, harus ganti pasword lah..giliran mo ganti banyak gangguan"
1b430386-4a89-49cb-8e32-3b1712acc7c1,Qirana Qirana,1,2026-09-05T07:31:13.936Z,Kinerja & Server,Negatif,Negatif,0.9766,lemot klo buat quiris
ab5b33b1-e1b2-4487-9e9e-00882fbcf9ef,Alifku Fadlurahman,4,2026-09-05T07:27:05.421Z,Autentikasi & Akun; Kinerja & Server,Positif,Positif,0.7477,Udah berapa kali update aplikasi ini tapi masukin NPWP Tidak Bisa
18d264d3-f12c-4d02-8f6b-e6a8f4aa9fa8,pratama putra,2,2026-09-05T07:07:46.182Z,Kinerja & Server,Negatif,Negatif,0.9626,"kok livin saya sering gk bisa d buka, setiapd tap cuma diam aja gk ada loading nya sama sekali"
45263332-ca39-44bd-a687-1c20771f3aa1,Rahman,1,2026-09-05T06:30:28.292Z,Autentikasi & Akun,Negatif,Negatif,0.9817,"gajelas, masa saya masuk ga bisa, ada tulisan ""belum berhasil terhubung""... 😪"
4582e154-3068-4682-9300-261d34e54dcb,Pinyi Buci,1,2026-09-05T06:18:28.235Z,Lainnya,Negatif,Negatif,0.996,verivikasi tambahan anj
d4adf5e9-4e04-4e73-997b-eccc8facee69,Nortis Seams,1,2026-09-05T05:37:45.333Z,Lainnya,Negatif,Negatif,0.991,gak nyaman lg. kebanyakan biaya admin. uninstall.
4622c258-e781-4e2c-9397-d289cdf466f0,Budi Utomo,1,2026-09-05T05:18:25.470Z,Autentikasi & Akun; Transaksi & Pembayaran,Negatif,Negatif,0.9958,"saya sudah pakai Livin mandiri ini lama di android 8 di hp saya ini, tapi kenapa sekarang tiba2 tidak bisa dibuka dan selalu close sendiri, dan saat saya uninstall dan instal kembali dan pada saat masukan tgl lahir tiba2 close sendiri, kenapa itu mandiri menyusahkan orang aja, jawaban saya sesudah dijawab oleh team terkait : saya sudah telp mandiri call sampai habis pulsa 50rb dan belum ada penyelesaian, kacau ini mandiri malah habis banyak kalau buat laporan, BUMN gak bermutu"
8fc6eda2-8553-4f27-8807-518ae79a3ab2,Redmi Xiaomi,5,2026-09-05T05:15:49.472Z,Lainnya,Positif,Positif,0.8565,mantap
0b675896-5956-433d-a47a-57c8fd1caee9,Tari Okaanggraini,1,2026-09-05T05:15:28.580Z,Lainnya,Negatif,Negatif,0.9958,ga jelas aplikasinya
cee8b8d9-e39c-4781-9feb-bdaf019f8c7c,Ayla Sarry,1,2026-09-05T05:09:45.676Z,Autentikasi & Akun,Negatif,Negatif,1,"sudah parah mandiri semena-mena, main blokir,gak jelas"
fa31c74d-b35c-4c2c-b013-1a513250bbc3,dorlima silaban,5,2026-09-05T05:04:07.661Z,Lainnya,Positif,Positif,0.9155,sangat membantu dan memudahkan
f3b2b4cc-0fdb-43ef-98bf-560eddf155b6,Robby Putra rianda,1,2026-09-05T05:03:45.670Z,Lainnya,Negatif,Negatif,0.994,potongan terlalu besar
ad9821c1-918e-4a9f-91d2-d9e0e9676df1,Quraish Rais Zulkarnaen,1,2026-09-05T04:53:39.434Z,Lainnya,Negatif,Negatif,0.9877,jangan instal mandiri duit koruptor di lindungi duit rakyat di manipulasi
213a145d-1b1d-4af3-8ad5-fbadc2ffa0f1,Popi Dwijayanti,2,2026-09-05T04:04:23.634Z,Lainnya,Negatif,Negatif,0.9408,"aplikasi sering gak bisa kebuka.jd hrs di hapus dlu,instal lg...repot jdnya"
d875ce0a-8117-4a1f-b23b-568c8a0aa973,Susianti Santi,5,2026-09-05T04:02:00.762Z,Lainnya,Positif,Positif,0.9003,Untuk persi yg lawas
efbc9f85-0e51-496c-b05a-0fba0f1fd1f8,Fikri Nurfadli,1,2026-09-05T03:30:14.176Z,Autentikasi & Akun,Negatif,Negatif,0.9991,ini rupanya bank yg blokir akun botox ampb haha mandiri ko mau di supir pemerintah
07793b1f-7a84-4f56-a269-8a26d13b5a17,Soni Soni,2,2026-09-05T03:29:18.804Z,Layanan & Fitur Finansial,Negatif,Negatif,0.9458,"Tiba tiba hilang di apk sy untuk KSM kredit nya,padahal sebelum nya ada"
aa2ccca7-0070-45fe-a1a0-01e6d3021aeb,Susana Simatupang,5,2026-09-05T03:15:10.800Z,Lainnya,Positif,Positif,0.8565,keren
94177c0f-685e-42b8-851e-89b0ca2c632f,Rohman Hidayat,5,2026-09-05T03:04:54.100Z,Lainnya,Positif,Positif,0.9479,livin mandiri cimindi ci beureum siip
e14f5e99-304e-4f51-b297-86fdcbf107d8,Asmanah Ana,1,2026-09-05T02:37:05.307Z,Lainnya,Negatif,Negatif,0.9795,aplikasi bank paling ribet tidak seperti sebelah ganti hp mau input data baru aja gagal2 trs padahal semua SDH benar.
45d91e4f-9a80-422d-9030-1ede8acf4804,Irwan Basri,5,2026-09-05T01:56:48.440Z,Lainnya,Positif,Positif,0.6555,kenapa di hp saya tdk bisa terbuka yah
83ec6af0-566b-4714-a546-9eb8bc071b64,siapa dia,1,2026-09-05T01:17:09.401Z,Autentikasi & Akun; Layanan & Fitur Finansial,Negatif,Negatif,0.9388,mau login malah diarahkan buat daftar rek baru. sampai di verifikasi ktp tombol masih abu2 tidak bisa diklik.
3938ce8d-6c28-468c-af3e-57f14347ad93,Najwa Salsabila,5,2026-09-05T01:01:07.605Z,Lainnya,Positif,Positif,0.8565,bagus
b50eeb09-27bd-4363-9948-c9a28ce51d84,Anindia Azahra,2,2026-09-05T00:43:44.771Z,Lainnya,Negatif,Negatif,0.9936,kebanyakan potongan yg gk jelas dalam 1 minggu 4 kali potongan aneh
a55d9ba7-7861-430a-9195-c2d098bbc71d,Mubaroq Rifki,1,2026-09-05T00:21:32.813Z,Autentikasi & Akun; Kinerja & Server,Negatif,Negatif,0.6174,Aplikasi kocak asal bikin dan ga di testing dulu. ada case verifikasi wajah suruh berkedip terus padahal udh kedip² sampe mata kotok jg terus disuruh kedip dan akhirnya malah timeout.
0c795585-32c4-4977-a1be-e6e6aed3b55d,Dawis,1,2026-09-04T23:46:04.515Z,Autentikasi & Akun,Negatif,Negatif,0.8702,jahanam verifikasi muka susah bgt setan
582b8fa4-1ac1-46f2-9ad7-770deea15adb,Kepo Lalok,3,2026-09-04T23:23:01.653Z,Autentikasi & Akun,Negatif,Negatif,0.9992,kok bisa baru buat kartu langsung kena blokir aneh mandiri ini
7ec5a6b0-d83f-4978-a439-8298f6916abc,Derio Ramadhani,1,2026-09-04T22:39:24.180Z,Lainnya,Negatif,Negatif,0.9785,"livin ga jelas, transaksi gagal trus"
5062c419-4d3f-4118-84f8-c7216138282f,Gugus Kopiku,1,2026-09-04T22:39:06.433Z,Layanan & Fitur Finansial,Negatif,Negatif,0.9796,"kecewa banget, sdh menghubungi 14000 dan sdh ke kantor cabang tp masalah tdk terselesailan"
6354d05b-54fe-4a3e-a613-6df9d300ceb2,DIMAS208,5,2026-09-04T20:59:12.928Z,Lainnya,Positif,Negatif,0.9734,nama doang bank mandiri tapi Masi bisa di setir sama pemerintah wkwk sengaja kasih bintang lima biar kebaca
eae0bdaf-f103-4659-879d-6398224f45f7,Wartawan Tanpa koran,1,2026-09-04T19:01:37.927Z,Lainnya,Negatif,Negatif,0.9606,"banyak gangguan, maintance dari pukul 23 sampai jam 6 pagi,"
9302ff30-8840-48ce-9894-90d0db7962ed,RIFKI POJOK,1,2026-09-04T18:23:42.380Z,Lainnya,Negatif,Negatif,0.9981,Mesin ATM banyak yang rusak...
a0cc239a-2856-4b41-a367-223d8f88f2d3,Iqbal abdul azis,1,2026-09-04T17:47:34.891Z,Lainnya,Negatif,Negatif,0.9992,bodoh masa segala pake jam riset
59a386d1-2964-4488-ac2e-25d7b568e2e6,20_050_Ajang Hilman Mubarok,1,2026-09-04T16:50:48.620Z,Lainnya,Negatif,Negatif,0.9273,paraj
b0995c64-3297-4995-b8a9-a5b2e2c20649,Tafarel Hutama Putra,5,2026-09-04T16:06:12.685Z,Lainnya,Positif,Negatif,0.9965,kecewa sayaa
d02cbfda-ff31-44a5-b856-267efb25c7d0,Reva Nurohim,1,2026-09-04T15:50:27.630Z,Lainnya,Negatif,Negatif,0.9823,ikutan orang²kasih bintang 1
5d85f52f-5213-4183-90c2-ae4dc6700a8c,Kusuma Ade,4,2026-09-04T15:38:47.359Z,Lainnya,Positif,Positif,0.7442,Tes doang. suruh Pak Ade
44fa9b20-d3d0-4862-829d-821cd2756405,Tia Hasibuan_1506,1,2026-09-04T15:31:59.810Z,Lainnya,Negatif,Negatif,0.9977,sangat buruk potongan pajak 15rb perbulan
9c623921-0ada-4d34-bd2c-701fad80d0a7,Mass,4,2026-09-04T15:21:24.471Z,Transaksi & Pembayaran,Positif,Positif,0.6019,"knpa si kalau bayar qris tu suka ga berhasil gitu""pembayaran tidak berhasil""selalu begitu,tolong dong menghambat wktu aja"
a97a219f-979b-43d8-9f5b-1798c31ed52b,Marsin Sitaboga,1,2026-09-04T15:08:41.387Z,Autentikasi & Akun,Negatif,Negatif,0.948,susah login mbangking g dpt notip pdhl semua bnr
c3ceb367-19eb-4cdf-8c24-85de9234bfbd,Rohim,3,2026-09-04T14:46:13.562Z,Autentikasi & Akun,Negatif,Negatif,0.9288,menyusahkan setiap log out susah buat masuk dan parahnya tidak bisa masuk
c176b5c5-f5d7-4320-9f04-e841e31e5599,Aydins Febrian (Ay),1,2026-09-04T14:44:54.803Z,Lainnya,Negatif,Negatif,0.9412,dimana kartu nya sudah diterima tapi gk ada sampai. di notif yg nerima sodara saya tapi gk ada tuh sodara saya yg namanya tersebut.. bisa bisanya di kirim ke orang lain.. yg nerima juga bukan dari pihak kluarga. jadi kutarik lagi saldo yg ada di bank mandiri ke bank lain takut banget.. mau hubungi kurir yg ngirim gk tau siapa yg kirim dari jasa pengiriman apa..
52876cb5-e4e4-49ca-a268-840f710345b1,Gilang Ramadhany,1,2026-09-04T14:06:40.642Z,Transaksi & Pembayaran,Negatif,Negatif,0.979,setor tunai pakai livin 2 kali uang hilang tidak sesuai nominal yang disetorkan
3fd2c429-261d-46c2-bb6c-9f3e8b64539d,dirga permana,1,2026-09-04T14:00:15.540Z,Autentikasi & Akun,Negatif,Negatif,0.9792,"Gak aman simpan disini bisa diblokir sepihak, ternyata dikontrol jg nih bank JANGAN KALIAN SIMPAN DISINI DEH"
d7925609-a715-4d41-92c4-9d5148b6fa06,Siti Azizah,3,2026-09-04T13:55:46.823Z,Autentikasi & Akun; Transaksi & Pembayaran,Negatif,Negatif,0.7631,"kenapa yaa, utk pembayaran PDAM medan selalu gagal. sdh dimasukkan juga IDPEL nya . yg PLN gampang² aja"
4ce723a0-1c01-4821-b886-47d8788ab1d2,BINTANG Saroh,1,2026-09-04T13:55:14.962Z,Lainnya,Negatif,Negatif,0.9511,Balikin 80juta nya woi
ef250fc3-ed70-4cc5-837c-bff8745ae4fe,G G,4,2026-09-04T13:19:52.547Z,Autentikasi & Akun,Positif,Positif,0.5826,kode otp lama di kirim
ffb5e427-19c5-4d64-993e-79f0258215ad,Ali Ahro,1,2026-09-04T13:06:00.979Z,Lainnya,Negatif,Negatif,0.9464,sering gak bisa di buka aplikasinya.
bdfe7c58-b358-421f-90f4-051daeedb817,Wanda Aja,2,2026-09-04T12:43:37.444Z,Lainnya,Negatif,Negatif,0.9612,ko gak bisa di buka
0d311e4a-b237-4f85-a0ff-98622439ea1b,Kang Shaliem,1,2026-09-04T12:41:25.805Z,Transaksi & Pembayaran,Negatif,Negatif,0.7108,"mandiri somplak.... ngk guna amad skrng in,buat tf ngk bs kl nrima tf an aj cepet bnget....dasae"
67acbc82-e0b9-40e9-a242-e14912428f9d,azizah icha,1,2026-09-04T12:24:30.590Z,Lainnya,Negatif,Negatif,0.9838,awas di blockir 80jt melayang
d3bd7b7c-60ac-447a-a286-6e28276b92b1,Ali Ali,1,2026-09-04T11:41:51.195Z,Transaksi & Pembayaran,Negatif,Negatif,0.9081,kenapa saya tidk dapat mentransfer uang sudh di coba berapa kali sampai menunggu berap jam lalu coba kembali tetap sama saja tolong beri penjelasan
75859e20-80b7-4946-b87a-7054117ba76a,Bismillah Nur,1,2026-09-04T11:36:37.965Z,Lainnya,Negatif,Negatif,0.9877,"admin mahal, administrasi mahal, banyak Potongan nabung× pajak✓"
aaa30a42-444f-40ee-9ed5-7c8549fd8b87,Erlina Nurmala sari,4,2026-09-04T10:56:39.172Z,Autentikasi & Akun,Positif,Positif,0.7008,saya mau daftar online kenapa ga bisa yaa apakah harus ke bank??
3cd4ce7f-18cb-4ddc-b4e0-e7c00d9cd337,Nur Lintang Hidayati,1,2026-09-04T10:44:57.285Z,Kinerja & Server,Negatif,Negatif,0.9442,"Jujur kecewa sama bank mandiri. Aku mau log in, ga bisa terus. Keterangannya layanan tidak tersedia. Telpon call centernya juga disuruh update aplikasih atau hapus aplikasi terus install ulang, tapi udah dilakukan berkali-kali masih ga bisa🥲"
97399f02-2f00-44be-92d4-2465dd34eea6,Edi Priyono,1,2026-09-04T10:32:45.477Z,Lainnya,Negatif,Negatif,0.917,knapa y aplikasi sy ko ga bisa di buka balik lagi balik lagi
31d8468b-0190-4ed7-848d-6cea38b4df8e,Heyjaemin_j217,1,2026-09-04T10:15:42.572Z,Lainnya,Negatif,Negatif,0.9725,curang
771af996-95f9-46be-8bdb-aff8d7a8450e,Martinus Syahrell,1,2026-09-04T09:37:08.543Z,Autentikasi & Akun,Negatif,Negatif,0.7111,apk Livin saya tidak bisa di dftr padahal udah di kirim kode otp mohon pencerahannya
1ccf3c88-77c2-4658-a76b-02ca82e255c3,Dimas Lee,1,2026-09-04T09:35:56.351Z,Autentikasi & Akun,Negatif,Negatif,0.9938,aplikasi sangat buruk saya ga bisa daftar katanya oerangkat anda g kontitible pas waktu mau bikin akun nya
3656be1e-6041-4cc6-a4f0-508c7f3ed1d5,Agus Budianto,1,2026-09-04T09:34:14.852Z,Transaksi & Pembayaran,Negatif,Negatif,0.9998,"pengalaman buruk pakai Livin Saya pakai Livin udah 4 tahun sampai sekarang kecewa banget makin hari ada banyak biaya yang harus di bayar biaya admin inilah admin itulah, memang nominalnya ga tinggi tapi lama lama ya berasa juga, hilang respect sama Livin suka ambilin uang nasabahnya dengan alasan ini itu, 👎👎👎"
1eb0dd1c-35df-4328-8783-3374aa4b4a98,Isi Syarifudin Syarifudin,4,2026-09-04T09:27:36.819Z,Lainnya,Positif,Negatif,0.6872,kok sekarang sering di instal..sebulan bisa 2 x.
a9c85e4e-77f7-451f-95b6-9952e611e557,Yustin,5,2026-09-04T09:24:37.294Z,Lainnya,Positif,Positif,0.7555,mudah terpercaya
9f970d6f-4373-48c3-84f3-a13b49489389,Yandri pst,1,2026-09-04T08:46:18.885Z,Autentikasi & Akun,Negatif,Negatif,0.9704,"aplikasinya apaan dah udah proses verifikasi data persis, malah di bilangin ga sesuai data, udah minta foto ktp masa salah."
0f19cba0-3530-4cdc-b08d-edb575b2157a,Umar Faruq,1,2026-09-04T08:16:29.693Z,Transaksi & Pembayaran,Negatif,Negatif,0.9223,sering sekali melakukan tf tidak bisa. layanan bi fast . tanferonline dll sering tdk muncul. jadi sangat tidak nyaman dan menggagu sekali.
5221e358-7c96-4c57-a7f7-6139c39b677c,Andri Yusnizar,5,2026-09-04T08:10:40.808Z,Transaksi & Pembayaran,Positif,Positif,0.93,"Fast respon, untuk penyelesaian masalah yg dihadapi nasabah melalui livin call bebas pulsa, semoga ada tindak lanjut untuk penyelesaian masalah yg saya hadapi"
e20ce61f-366a-4449-9cf7-f55336e5d6e4,Alfat Kubang,1,2026-09-04T07:19:07.587Z,Lainnya,Negatif,Negatif,0.9604,membekukan bank saya
518b21a4-e5ad-48e5-ad80-7a983e3159f5,Ayu Dwi Lestari,1,2026-09-04T07:13:34.877Z,Lainnya,Negatif,Negatif,0.9962,APAAN SIH POTONGAN GAJE
2d869d97-5213-4622-8297-d01dceefe357,Rohmat Jr,1,2026-09-04T07:03:29.403Z,Lainnya,Negatif,Negatif,1,jelek
7b30bd88-9d08-42da-8094-485ea068bb40,Feronika Silitonga,1,2026-09-04T06:59:33.965Z,Lainnya,Negatif,Negatif,0.974,"percuma sering transaksi pakai bank mandiri dan kartu kredit nya tiba pengajuan naik limit kartu kredit selalu ditolak gak kupakai lagi ni bank mandiri,kalau naik limit kartu kredit saya gak si naikin"
b51b10e6-9ee4-4639-8b71-ba44bb3e128d,Redy Hidayat,5,2026-09-04T06:06:36.793Z,Lainnya,Positif,Positif,0.9145,lumayan sangat bagus
ce2c4613-153d-4d25-ba20-1ad2c7b07730,Bagas Pengin naik haji,1,2026-09-04T05:40:33.797Z,Lainnya,Negatif,Positif,0.8565,bagus
bf24aa9a-a0fd-4bc6-aa44-095926d6896a,sulaiman al faruq,5,2026-09-04T05:29:12.900Z,Lainnya,Positif,Positif,0.8845,Good Job
e41fbc93-5d48-4472-b866-7440698e898b,Rini Hidayat,5,2026-09-04T05:26:41.124Z,Lainnya,Positif,Positif,0.9232,paling mudah dengan ada nya Living mandiri ini.tidak perlu ke bank lagi.cek di rumah aja.perkerjaan di mudah
01e88950-411c-4668-9ab8-8386e89a7616,Galih Saputra,1,2026-09-04T05:04:34.864Z,Autentikasi & Akun; Layanan & Fitur Finansial,Negatif,Negatif,0.9999,"Buruk,mudah memblokir rek nasabah tanpa alasan jelas."
e3e1aa0f-d9aa-47a8-8c4b-f7880eb410b5,itzfie fina,1,2026-09-04T05:01:50.209Z,Lainnya,Negatif,Negatif,0.988,livin payah selalu clos terus masak setiap hari hapus pasang.tolong dong di perbaiki
99d32419-d744-470a-a881-ebed8ecb959c,Zana Mardiana,1,2026-09-04T04:57:48.352Z,Autentikasi & Akun,Negatif,Negatif,0.9816,login masa berlaku tidak sesuai terus pdhl udh isi sesuai kartunya
e0b78fce-cb1a-4550-9088-2ae53a98e687,Andi Hadi Halik,1,2026-09-04T04:50:40.977Z,Kinerja & Server,Negatif,Negatif,0.8624,aplikasinya down sudah 2 hari bermasalah 3-4 september
456a9100-636b-4d18-a236-e8d1f2c79b9c,Touye_ 02,1,2026-09-04T04:32:55.553Z,Layanan & Fitur Finansial,Negatif,Negatif,0.9992,pelayanan sangat buruk tidak ada pembelaan untuk penggunaan rekening mandiri itu sendiri
8b0e18b1-9367-434e-b9e1-1dd1a6ff7317,RIO CAHYA,5,2026-09-04T04:30:04.299Z,Lainnya,Positif,Positif,0.7256,semoga kali ini tidak adaasalah lagi dengan mandiri ya
413bebb9-9fee-4abf-9cbe-66081d3f5fa2,Ari wahyu Ramadhan,1,2026-09-04T04:05:25.433Z,Lainnya,Negatif,Negatif,0.9783,"makin mahal masa potongan sebulan 3 kali, ada administrasi kartu lah, biaya ATM lah biaya ini lahh ,, sisa 30 ribu di embat jadi 670 rupiah anjir banget ga si"
37d333fc-ca4e-460e-b084-dfda1d77e0ee,Nabila Nabila,5,2026-09-04T03:32:15.830Z,Lainnya,Positif,Positif,0.8565,sangat bagus
8b9cad9c-21e5-4326-a029-1c379e2d542b,kakari15_official TV,1,2026-09-04T03:25:03.516Z,Autentikasi & Akun,Negatif,Negatif,0.9766,"terlalu ribet suka mau ganti sandi dll ,terus biaya admin sampe 2500 itu besar kalo setiap kali trasper,gilak emg ,hrs nya kasih hal yang buat nyaman pengguna jasa mu"
49116772-0861-413c-b550-239d3ba90ce0,Bunda Sapinah,5,2026-09-04T03:05:04.380Z,Lainnya,Positif,Positif,0.8565,good
1f5d9a09-330a-4076-ae0d-3906297cb945,Aurinda Rizkiani,1,2026-09-04T02:36:31.505Z,Autentikasi & Akun,Negatif,Negatif,0.9938,masak baru download masukkan tiba-tiba ATM terblokir parah banget padahal baru saja punyak ATM di mandiri
db711287-9cbd-42fa-a565-cf35c2aa2e16,Annisa Kintan,1,2026-09-04T02:35:58.726Z,Lainnya,Negatif,Negatif,0.9464,app gbs dibuka
05e7d64d-d3de-4a23-9d88-fdc01c2257ea,Ari kusnanda,5,2026-09-04T02:10:30.616Z,Lainnya,Positif,Positif,0.8565,mantap
19c21b94-facb-48d4-9588-a0451a8b83c6,Eva Epunk,5,2026-09-04T02:06:25.627Z,Lainnya,Positif,Negatif,0.5661,aplikasinya mantaf
26380fbf-0f50-4772-8778-dd19ecec00c8,Yuliana Monica,2,2026-09-04T02:05:28.722Z,Autentikasi & Akun,Negatif,Negatif,0.8391,tolong livin mandiri nya. kenapa saya tidak bisa masuk ke akun saya. layanan tidak tersedia untuk sementara katanya. tolong di bantu livin nya admin.
b5d05b5b-8830-4a75-b669-3ee509ac8285,Sultan Rifqall,1,2026-09-04T01:07:16.650Z,Lainnya,Negatif,Negatif,0.9429,Apk apaaa ni uang gua sisa 50k malah di potong 12k syalan bnget
bbaebaa1-a9d9-4803-b229-8267e4a7e430,A. Jho channel,1,2026-09-04T00:57:31.993Z,Lainnya,Negatif,Negatif,0.9997,sampah masyarakat
ce2ff0f2-ef08-4e1c-8e5d-9a89c0288af1,Perdy,1,2026-09-04T00:10:34.500Z,Transaksi & Pembayaran,Negatif,Negatif,0.8769,ini gimanasih transfer kok gk bisa padahl saldo saya mencukupi
9c86fbc0-eb17-47bf-b766-315b5a63ee22,Rakha Ghifary,1,2026-09-03T23:55:34.654Z,Autentikasi & Akun,Negatif,Negatif,0.9673,"selalu aja gabisa masuk ke apk, ini gw mau liat saldo masa harus ke ATM yg jauh itu, kan gunanya gw download apk ini biar bisa liat saldo, tapi ini apk selalu gangguan gajelas, emang berak"
60a06ea4-6bbb-4fde-a606-75556c149e75,3 angka 6,1,2026-09-03T23:33:32.646Z,Lainnya,Negatif,Negatif,0.9958,"saldo 25rb lenyap sebulan, gak tau potongan apa, mending BCA dah, saya gak pake lagi"
251f6e8d-9d1d-45cb-867b-d7e35f240473,Canra Sinaga,5,2026-09-03T22:44:29.224Z,Lainnya,Positif,Positif,0.9631,"saran tambahan,jika ada item cek saldo Jamsostek lebih bagus lagi"
fa7255ff-eceb-4d96-a0bd-2585f45a4b14,almuhajirBGS 09,3,2026-09-03T21:46:37.597Z,Autentikasi & Akun,Negatif,Negatif,0.9995,Blokir 80 juta
897edc88-9f0c-45b6-81fa-81c35108e699,Didik Didik,5,2026-09-03T17:50:03.285Z,Lainnya,Positif,Positif,0.7676,sangat membantu sekali
b38f6119-35f7-47ec-a46d-8087cce91a4d,Rusdi Rudsi,1,2026-09-03T17:11:18.280Z,Lainnya,Negatif,Negatif,0.8847,masa ngisi etol ga msuk msuk ga balik lagi saldonya hdeh parah
7211bd9a-1c4c-4449-b2df-1559147a55d2,Abay dycall33,1,2026-09-03T17:05:35.325Z,Kinerja & Server,Negatif,Negatif,0.9501,eror
340e4e88-d3ef-47c2-a1d6-fe7b88d923dd,Ayah Muda,2,2026-09-03T16:47:01.426Z,Autentikasi & Akun,Negatif,Negatif,0.8884,"hp di instal ulang,, instal kembali Livin, login kembali kenapa pake verifikasi wajah,,sementara tidak daftar wajah, scan wajah tuk verifikasi tiak bisa,, ini kenapa ya,"
73c66a03-68ae-4e47-964d-2b745d1e98f1,Deka Kino,1,2026-09-03T16:25:08.813Z,Layanan & Fitur Finansial,Negatif,Negatif,0.9991,gara2 main bekukan rekening kasus aktivis pati saya berhenti pake mandiri.dari sini sudah pasti mandiri melindungi koruptor.
a3ab5135-afcb-46bd-b19c-161150f1e6b9,Yusuf Wahyudi,2,2026-09-03T16:23:20.204Z,Lainnya,Negatif,Negatif,0.9932,bener seperti yang diberitakan. ternyata rusak system bank ini. di ambang ke bangkrutan
7ae82b1e-2e80-451b-92e5-207fc0f0987f,Dina narsi,5,2026-09-03T16:16:04.275Z,Autentikasi & Akun; Kinerja & Server,Positif,Positif,0.9971,"Bisa Asli oke harga terjangkau, programnya & internalnya lebih bekerja dgn baik,bebas iklan,bug,ataupun lag,enak ketika dijalankan & mengakses smua menu2nya. Tapi di sayangkan sering waktu dipakai terkadang agak"" sulit membukanya pas saat koneksi lagi buruk / tidak stabil, terkadang loadingnya lambat banget dan cuma berputar-putar saja. mungkin cuma hal yang biasa terjadi di apps ini dan yang lain-lainnya sesuai pengalaman transaksi sukses,,masukan tuk bagusnya dibenahi segalanya"
41056adf-0b0f-49d9-8dd5-bab150ad31c0,Nazar BaLad,1,2026-09-03T15:50:38.394Z,Autentikasi & Akun,Negatif,Negatif,0.978,ini gimana tiba tiba logout di m'bangking nya .. pas dimasukin nomor kartu ATM Di M'bangking nya kok langsung mati hp nya .. padahal baterai penuh
c0385872-a52c-46c7-879e-6344eeb689e0,Nikmat Faqih,1,2026-09-03T15:29:19.810Z,Lainnya,Negatif,Negatif,0.9737,Bank garong maling banyak potongan kondisi lgi urgent mau isi data malah TDK bisa keluar Mandiri bank duancuk
39448abd-552c-4d51-a06a-ab9c7f436881,VBS Official,1,2026-09-03T15:25:24.264Z,Lainnya,Negatif,Negatif,0.8962,bank apa ini kok dukung paraa tikus bangkong kahh
98563d4e-228b-471d-ad6f-4ce987438eea,Siska Putri Astuti,2,2026-09-03T14:42:09.393Z,Lainnya,Negatif,Negatif,0.8373,"soal aplikasi enak sihhh yaaa. cuma agak kecewa sih. makin kesini makin banyak biaya adminya 🙂‍↔️, tiap transaksi di kenai admin"
b0513f13-de78-4fa2-a058-f1968e666cd6,Ruzdybenga90CaT (MECHANIC MUDA),5,2026-09-03T14:36:28.620Z,Lainnya,Positif,Positif,0.8565,good apk
95561447-4b27-4cd4-b1df-ac88261f4d81,Iman hambali,5,2026-09-03T13:34:09.830Z,Lainnya,Positif,Positif,0.8565,Bagus
af4f5194-b611-4755-92ab-dc33a56e7022,Haris Kurniadi,1,2026-09-03T12:48:46.988Z,Autentikasi & Akun,Negatif,Negatif,0.9645,berhari hari susah login dengan alasan perbaikan layanan
3a7f8a73-88b1-4b48-9155-4dc6839f4e42,Mauritsoplanit Sandro,1,2026-09-03T12:25:33.860Z,Autentikasi & Akun,Negatif,Negatif,0.9993,masa orang gak ada salah malah di blokir
b470f129-7b26-435d-8592-5f45bf0ad330,raihanatun nisa,1,2026-09-03T12:25:27.175Z,Autentikasi & Akun; Kinerja & Server; Layanan & Fitur Finansial,Negatif,Negatif,0.9408,"deposito fisik disuruh digital..sudah pakai digital mau dicairkan dipersulit. wajah tidak sesuai KTP lah. memang kita buat KTP bisa perbaharuan tiap tahun apa. disuruh ke bank. sehari belum ada kepastian yg ada dicairin lewat waktu kena pinalti. coba terus malah eror. jangan mempersulit orang dong. kami simpan uang, ambil uang sendiri. bukan ngemis uang orang lain"
1959adb2-9e29-4b24-bec3-87bd159082c8,Reston,5,2026-09-03T11:31:55.447Z,Lainnya,Positif,Positif,0.8394,sangat baik dan membantu
4aebd268-ebb3-4c09-ada2-b7a9cfb1055f,Budi Firman,1,2026-09-03T11:03:59.796Z,Autentikasi & Akun,Negatif,Negatif,0.9892,susah buat pin debit suruh ulang pasword berkali2 sudah berhasil verifikasi wajah kembali lagi ubah pin 🤦‍♂️🤦‍♂️😭
d7f8b914-3dd3-44c2-9d34-8ecef33c5c17,Nadin Ferisa,1,2026-09-03T09:49:00.119Z,Transaksi & Pembayaran,Negatif,Negatif,0.6985,kenapa mandiri setiap top up selalu kena admin padahal di bank lain setiap top up nggk perna kena admin
a00370cd-5d31-42c0-9853-c3fcbd3892d6,Vann Capt,5,2026-09-03T09:26:06.166Z,Kinerja & Server,Positif,Positif,0.9486,bagus lebih mudah transaksi cuma hpnya yg kdg eror
550ed400-093e-4093-9b56-54de7a0604bc,Zaid Zulfikar,2,2026-09-03T08:59:42.597Z,Autentikasi & Akun; Kinerja & Server,Negatif,Negatif,0.9421,"bug gajelas, udah coba di dua hp mau login ulang malah restart hp!! mau ganti password di suruh ngelengkapin data malah ke restart teruss hp ny! bagaimana saya mau gunakan saldonya jika terus begini? tolong dong bagimana ini??"
50d597df-7324-4bec-a23b-33b158792c42,Mr. O,1,2026-09-03T08:34:31.777Z,Autentikasi & Akun,Negatif,Negatif,0.9767,daftar ke livin tp foto gagal mulu
e0f117c8-35db-461d-9a84-f86ae33583d9,Azaira Nayla,3,2026-09-03T08:15:41.250Z,Lainnya,Negatif,Negatif,0.9665,"KA ini ko ngga bisa di buka,,kenapa ya"
410332ed-8626-4124-a03c-a50eb8bb46e9,FahX Kull,1,2026-09-03T07:32:51.670Z,Autentikasi & Akun; Layanan & Fitur Finansial,Negatif,Negatif,0.9998,ayo blokir lagi rekening nasabah biar bangkrut wkwkwk
bc5b945c-94f6-4dd6-ac1b-c59ef073c4ab,Renti,5,2026-09-03T07:25:35.246Z,Lainnya,Positif,Positif,0.6621,notifnya kurang
408a584c-0daf-497f-b299-5c5bc21505b5,AL Razie,1,2026-09-03T06:50:22.772Z,Autentikasi & Akun; Layanan & Fitur Finansial,Negatif,Negatif,0.9992,oh ini bank yang blokir rekening nasabah berisi duit donasi karena disuruh polisi 🙄
4634d788-5848-40de-b053-b5c4fc096b14,Syah Ruji,2,2026-09-03T06:26:42.681Z,Lainnya,Negatif,Negatif,0.9902,"potongan perbulan terlalu banyak, karna ada beberapa kali dalam 1 bulan pemotongan"
1f102d5d-d767-4c39-89bb-4199dfc4fc83,Bro Amin,1,2026-09-03T06:16:36.403Z,Lainnya,Negatif,Negatif,0.943,menyelesaikan masalah secara sepihak
0388d2ca-c147-4238-a2c6-94c7353fce91,Muhajir Putra,5,2026-09-03T06:04:00.250Z,Lainnya,Positif,Positif,0.9653,bagus sangat puas
74d6e46e-22c4-4685-b608-17e2c0610b99,Iwan 27,1,2026-09-03T05:58:27.973Z,Kinerja & Server,Negatif,Negatif,0.9593,livin error terus
536c132a-1939-49bd-9a25-d07178c3bf20,Aditya Abimanyu,5,2026-09-03T05:38:40.340Z,Lainnya,Positif,Positif,0.607,top
831a9884-10ad-4128-91bc-7962d640eaba,Asep Saeful Millah,5,2026-09-03T05:10:11.469Z,Lainnya,Positif,Positif,0.9975,bagus mudah dan bermanfaat
5c42c0b5-67ac-4363-b16b-7d973afc682a,Ishak Daud Taruk,5,2026-09-03T03:49:00.896Z,Lainnya,Positif,Positif,0.9639,Sangat nyaman dalam bertransaksi dan menggunakan aplikasi nya
005db3fd-3ba7-4c68-9440-800bad09c0fc,Shinta Difu,5,2026-09-03T03:35:54.132Z,Lainnya,Positif,Positif,0.8565,aplikasi kereeeen
8c6073ff-81f3-4d52-8af8-e39b926d362e,Mawar Ridoni,4,2026-09-03T03:30:53.570Z,Lainnya,Positif,Negatif,0.5188,baik
bdfddb39-7ef6-4e3b-898a-2ac02dd49478,Budi Santoso,5,2026-09-03T02:46:55.232Z,Lainnya,Positif,Positif,0.8565,mantap
a50ad6a8-874a-4844-b224-919f28f7d931,Ozy Alfatihtsania,1,2026-09-03T02:32:17.509Z,Autentikasi & Akun,Negatif,Negatif,0.9457,aplikasi selalu terclose saat masukan data tanggal lahir ... mohon solusi nya
d9cbb50f-9d8d-4188-a5bf-4bf37d0f67de,RAMLI,5,2026-09-03T02:25:37.646Z,Lainnya,Positif,Negatif,0.7245,Terimakasih !!
d58c1821-0710-41c7-ac3b-c47aedb0fc4f,hidro oktamandiri,4,2026-09-03T02:16:59.890Z,Autentikasi & Akun; Kinerja & Server,Positif,Positif,0.889,"3 sept 2026 aplikasi gak bisa dibuka sama sekali, mau transaksi via aplikasi gak bisa. error atau gimana inikah ?"
b16686c3-71e0-42dd-85cc-f7cceae8346d,Rizal Vivo,1,2026-09-03T01:47:40.586Z,Lainnya,Negatif,Negatif,0.9517,terpaksa gua cabut. gak patut untuk di pertahankan
7b73c615-e6d9-43bd-9186-e1b7a1cc2300,Erick Walten,5,2026-09-03T01:06:17.317Z,Lainnya,Positif,Positif,0.6621,Exelen
265a3d0c-9c57-4ae4-86fb-7fe001613425,Agus. .Triatmojo,4,2026-09-03T00:47:54.246Z,Kinerja & Server,Positif,Positif,0.886,"Kak livin sudah tidak bisa dibuka pada hp samsung j7 prime ya?, atau sistemnya baru down terima kasih"
64dc058d-d1fd-47bc-aa98-7a9bb8bad1cd,Andri Wiwin,1,2026-09-03T00:22:52.117Z,Lainnya,Negatif,Negatif,0.8978,"assalamualaikum kak,knp aplikasi Livin by mandiri saya tidak bisa di buka"
0dc15282-3de8-4fb1-9609-59a4da28068e,Hendiono,2,2026-09-02T23:55:58.864Z,Lainnya,Negatif,Negatif,0.9956,BANYAK POTONGAN 🤦‍♂️
9454219c-303c-4958-b3ba-e4b4361a98f9,Camaus Id,1,2026-09-02T22:08:06.191Z,Lainnya,Negatif,Negatif,0.8741,HAJA DJPKSHCWML HSLLAGKELVG
e2f52455-a16d-4230-a69c-eb0f4dde76c2,ib rahim,1,2026-09-02T19:20:04.436Z,Lainnya,Negatif,Negatif,0.9885,hama korupsi
30e30874-9401-4a32-894f-dce805ddb687,Muhammad Gibran,1,2026-09-02T18:57:30.946Z,Lainnya,Negatif,Negatif,0.8632,Iwakk tempe ora genah tenan kui
700a1999-c81f-4e84-ae74-b6d5be0e93de,Brilian Prado Affandi,1,2026-09-02T17:11:07.106Z,Lainnya,Negatif,Negatif,0.9456,order by aparat
b17e9135-ccd2-42fc-b433-00b8da1e48f9,Raya Ubay,1,2026-09-02T16:21:17.590Z,Lainnya,Negatif,Negatif,0.9653,gangguan nya setiap hari bikin bete aja
9eccd064-8f24-4247-879e-c7e777e8855b,A Christoper Nugraha,1,2026-09-02T15:54:19.611Z,Lainnya,Negatif,Negatif,0.9944,"bank rezimmm bgst, bank kacung dan tidak akan dapat kepercayaan kembali!!!"
b3afff87-c659-45f3-8f07-39f16d27e430,Samsung a56,1,2026-09-02T15:17:57.127Z,Transaksi & Pembayaran,Negatif,Positif,0.7972,"tolong ini kenapa ya, setiap saya top up nominal sudah sesuai yang saya mau dan ada biaya admin juga tetap aja pas ke top up nominalnya malah kurang. bener² deh sisanya kemana, kan saya yang disalahkan kalau kurang nominalnya. top up 32k cuman 31.500 kadang top up 21k cuman 20k doank padahal biaya admin diluar nominal yg diketik. walaupun cuman beberapa perak/ribu tapi kan nggk sesuai nominalnya saat saya top up, kasih jawabannya kenapa padahal dulu kgk gini."
35951466-dec5-4c82-85e7-97f73f285b8c,Deddyansyah (Jarot‘),5,2026-09-02T15:02:26.770Z,Lainnya,Positif,Positif,0.6105,"Livin by Mandiri ""OK""."
1553d76d-ed6d-42ff-85cb-27577fa9fb27,Fani Afriany,1,2026-09-02T14:57:17.363Z,Autentikasi & Akun,Negatif,Negatif,0.9867,kenapa dari bulan kemarin udah daftar ga bisa di buka susah banget masa perbaikan terus
bde5fe1c-4984-436d-83fc-a95ce0fa6b55,Indra,1,2026-09-02T14:51:33.377Z,Autentikasi & Akun,Negatif,Negatif,0.9945,Bank Kok Seenak jidat blokir2
5528561f-2541-4775-9922-a79c6ffacf2e,Yadi Wahyudi,5,2026-09-02T13:52:26.201Z,Lainnya,Positif,Positif,0.6022,aplikasinya sangat me apa ya ?
6dcb2ba5-9c9e-49f6-9214-e9060b415e24,Septian Candra,3,2026-09-02T13:49:33.995Z,Lainnya,Negatif,Negatif,0.9088,tolong perbaiki aplikasi saya tidak bisa dibuka
c0619c52-38ec-4962-9dea-a562b6d7da1c,Malik Ode,5,2026-09-02T13:27:19.689Z,Lainnya,Positif,Negatif,0.5188,sangat baik
8c27e389-029e-4743-bfde-02ca2a82426f,Sijalu Jalu,5,2026-09-02T12:33:24.218Z,Lainnya,Positif,Positif,0.8283,ok
13989ae4-fc1d-4698-abf6-7acacc117334,Korneliyus Yus,1,2026-09-02T12:33:12.410Z,Lainnya,Negatif,Negatif,0.9634,biaya transaksi mahal
23a2c2ed-940c-4bf4-94cc-8ca8c96a0db3,Nazil Dayan aathif,5,2026-09-02T11:33:41.118Z,Lainnya,Positif,Positif,0.8565,bagus
228b0de1-28f6-477c-a7e0-4ee33faef97c,prasetyawan 13,1,2026-09-02T11:16:03.979Z,Autentikasi & Akun,Negatif,Negatif,0.9996,"akun livin ke blokir tanpa sebab, mengecewakan, di intervensi aparat gk pro rakyat"
541c6c5d-0236-4638-8d11-b46066958803,Manalu,1,2026-09-02T10:35:46.653Z,Lainnya,Negatif,Negatif,0.9915,mandiri selalu bermasalah. setiap saya gajian selalu tidak bisa diambil uangnya di livin atau pun melalui atmnya. ribet sumpah nyesal menggunakan mandiri
babcbb65-4b6f-4bca-91e2-3755859358b6,Desklian Bahari,1,2026-09-02T10:03:57.269Z,Transaksi & Pembayaran,Negatif,Negatif,0.9578,"banyak kontak"" nya sekarang qris pakai livin ne"
7e8e0f60-8c33-4d07-8501-0fc3c1b3bb98,YAGA Family,1,2026-09-02T10:01:49.606Z,Transaksi & Pembayaran; Kinerja & Server,Negatif,Negatif,0.8366,"layanan kirim atm ga nyampe, tpi tetep dipotong biaya kirim. pakai livin kadang error gabisa lanjut trf atau pembayaran alasan tidak bisa diproses sementara?! makin lama kukira makin bagis ternyata makin mundur aja pelayanannya"
c95ee0ed-5e40-4788-afc6-2d489d0869e8,TSF RPG,1,2026-09-02T09:31:26.994Z,Layanan & Fitur Finansial,Negatif,Negatif,0.9681,terlalu menyulitkan customer masak gak dipakai belum sampe setahun rekening udah di nonaktifkan dak gak bisa di pulihkan kembali.
dcbfc1f1-1cd5-43fb-b570-77981f9a05b1,osamu dazai,1,2026-09-02T09:27:55.141Z,Autentikasi & Akun; Transaksi & Pembayaran,Negatif,Negatif,0.6452,"wah parah, gw melakukan transaksi di play store, item nya terbatalkan karena belum terbayar, padahal transaksi udh masuk, korup yah?!???!?"
d3612e8b-5b7a-4810-acf8-cd04fb4a681a,Herman Tegal,5,2026-09-02T09:24:55.850Z,Lainnya,Positif,Positif,0.9861,semoga bermanfaat
93ce2316-4450-4123-a490-fead746aa27e,Mutiara Kasih,1,2026-09-02T09:14:52.225Z,Lainnya,Negatif,Negatif,0.9728,Aplikasi mandiri saya tidak bisa log in
8fcc9b1a-4f4e-4d81-8b8c-ef1221bcfe3b,GKS,1,2026-09-02T08:18:12.877Z,Transaksi & Pembayaran,Negatif,Negatif,0.8592,tidak bisa pembayaran CBN fiber
59ea4163-cef9-4fc9-8ee6-c31519875686,May Maisuroh,2,2026-09-02T08:08:48.118Z,Lainnya,Negatif,Negatif,0.9652,aplikasi apaan sering ga bisa dibuka padahal sampek hapus beberapa aplikasi
311509d8-4e5e-4578-a2dc-07861ce55f64,Ria Punya,1,2026-09-02T08:02:43.379Z,Lainnya,Negatif,Negatif,0.9725,miris
e6d3e8f5-d1e3-48df-9d25-387707eca6e8,Maulana Qosim khadafi 27,5,2026-09-02T07:27:45.554Z,Lainnya,Positif,Positif,0.7676,sangat membantu
a3ddb538-2eee-46fe-9803-0f59fa942488,Justice R.,1,2026-09-02T06:46:23.531Z,Autentikasi & Akun,Negatif,Negatif,0.9833,ga jelas banget suka ga bisa login dan harus login ulang ujung ujung nya cape tau ga sih
89c44b98-88db-4f22-b495-8523f676f7c3,Santoso Imam,1,2026-09-02T05:57:18.556Z,Lainnya,Negatif,Negatif,0.9909,susah. ribet
336a665b-eaec-4cc3-8769-57d48dfb4197,Mega Mustika,1,2026-09-02T05:43:05.298Z,Transaksi & Pembayaran,Negatif,Negatif,0.9599,"bank katrok apa2 kena admin, masa VA ke sesama mandiri di charge admin jg, bener2 gila Meres"
a06f0a66-32d6-40c9-9928-b7ac00866157,Han Novianto,2,2026-09-02T04:34:22.255Z,Autentikasi & Akun,Negatif,Negatif,0.9366,"ini kenapa sudha diseting login pake biometrik setelah logout, login kembali tetep ga bisa pake biometrik hrs diseting lg, sdh diseting kembali login tetep ga bisa pake biometrik"
820fb651-9f60-43e8-904a-77d912872442,agus 94,5,2026-09-02T04:31:46.300Z,Lainnya,Positif,Negatif,0.9128,terpercaya
1be449ba-01de-4578-903f-bfb9c2c580b5,Firawahida,5,2026-09-02T04:30:07.222Z,Lainnya,Positif,Negatif,0.9128,terpercaya
772bb10e-8649-4fe7-9f54-59992309b511,nainx 01,1,2026-09-02T04:24:55.479Z,Autentikasi & Akun,Negatif,Negatif,0.9987,tolol dikit² kena potongan admin mana mahal lagi pantes orang pada pindah ke sebelah
4835bf97-ee18-4f30-9a61-96682200c63b,Laode Zahidin,1,2026-09-02T03:53:08.449Z,Autentikasi & Akun,Negatif,Negatif,0.9441,"mandiri taik,living bermasalah setiap mau login"
21497350-a1cc-4c67-8a5f-ca01ee0c52e9,sarah mamani,1,2026-09-02T03:40:44.468Z,Lainnya,Negatif,Negatif,0.9695,"tolong dari pihak bank mandiri, setiap bulan saya di kenapa biaya administrasi di potong 6000,dalam bulan Agustus ke potong dua kali Lo,nabung mahalan di potong teruss,,6000 gede banget lo"
b39348c2-f973-4cdf-87cc-d1bbb20d8d97,Irsyad Sabara,1,2026-09-02T03:29:40.908Z,Layanan & Fitur Finansial,Negatif,Negatif,0.9864,mana katanya ada reward 300rb kalo buka rekening mandiri
8731db45-38a5-450f-90c3-9f1a11baa980,HIMA 28,1,2026-09-02T03:12:17.577Z,Lainnya,Negatif,Negatif,0.9746,bank haram
ba5c9633-7897-451f-8ead-c82f032844c5,Muhammad Shofiyulloh,1,2026-09-02T03:01:53.660Z,Lainnya,Negatif,Negatif,0.6539,"biaya bulanan kok malah mundak neh 1000 Ki Lo opo, 12.500 + 5000 = 😂 obah kok biaya"
343977e1-3062-4363-bfae-15d69b345e08,Sutiyah,5,2026-09-02T02:33:44.322Z,Lainnya,Positif,Positif,0.8565,bagus
6dc3f75d-6da7-4cd1-95a1-e4b353164754,Mas Agung,4,2026-09-02T02:24:57.636Z,Lainnya,Positif,Negatif,0.6222,saldo ngendap terlalu besar
374afbc9-6a35-44b0-9e2e-c02fb2c92617,Agus Sanjaya,1,2026-09-02T01:59:22.488Z,Lainnya,Negatif,Negatif,0.9463,"hapus potongan biaya minim dong , masa biaya minim dipotong 5000, aneh nih bang. pengen nasabahnya pada cepet miskin apa"
5f9b14c4-535e-486d-bdac-b34db0149510,Syamsul Fathoni,1,2026-09-02T01:24:44.447Z,Lainnya,Negatif,Negatif,0.8234,"Dulu pakai Infinix bisa .Ganti hp tekno gk bisa aktifkan m banking mandiri,tapi bca dan BSI bisa di bilang sistim nya gk mendukung hp tekno,berarti mandirinya sistimnya dipertanyakan?"
f601a78c-6510-4484-a04c-11dc0207b615,Su Marno,5,2026-09-02T01:23:58.939Z,Lainnya,Positif,Positif,0.8565,aplikasi nya bagus
c2bc104e-0cee-4997-96d8-61b389e608b2,Misari 123,5,2026-09-02T01:05:40.445Z,Lainnya,Positif,Positif,0.8283,ok
333213df-9f4f-41f3-87b4-a658374a8be2,HARIS EL IZZAT,3,2026-09-02T00:33:03.437Z,Lainnya,Negatif,Negatif,0.8826,"Tingkatkan kelengkapan fitur, yang sudah dihilangkan tolong munculkan kembali."
36bdab05-7877-4af3-9b9e-33a4febd10c1,Muhammad Wahab Wahab,3,2026-09-02T00:25:34.792Z,Transaksi & Pembayaran,Negatif,Negatif,0.9823,potongan nya skrg nambah ya terus setiap kali TF ke ewallet jadi 1200 makin kesini makin mahal aja Livin ini 🤦
5338daf8-4faa-46b7-845f-9ec1d448016c,Agus Tianda,2,2026-09-02T00:15:17.960Z,Autentikasi & Akun,Negatif,Negatif,0.9765,kenapa saya tidak login ke Livin melalui kartu debit
472abf1b-3fdd-488f-b126-18d5cc77d9f1,Muhammad Fahmi Arizki,1,2026-09-01T23:18:19.929Z,Lainnya,Negatif,Negatif,1,bank tolol mau aja disuruh aparat
2b7b8a09-200f-4412-a0ef-89c620d8667d,Eko Boedi Takarijanto,5,2026-09-01T22:17:47.760Z,Lainnya,Positif,Positif,0.8283,Ok
b9edd62e-1772-4bba-afd8-5cb2d31d992b,Lilyana,1,2026-09-01T22:05:57.529Z,Autentikasi & Akun,Negatif,Negatif,0.9618,"hp saya kamera nya depan nya rusak , sehingga tidak bisa melakukan verifikasi melalui selfie tolong berikan opsi login lain terima kasih !"
1fe3709b-0a8c-42ca-a9d2-2c0e879bea7a,Falen Paat,1,2026-09-01T22:02:15.130Z,Autentikasi & Akun; Transaksi & Pembayaran,Negatif,Negatif,0.813,top up paket data bulanan yg 55.000 disitu tertera 7 gb tapi pas top up yg masuk hanya 3.5 giga 🤦
a08731ca-8ff5-41b7-9bc6-88488e02c74f,Rizal 87,1,2026-09-01T22:00:41.430Z,Kinerja & Server,Negatif,Negatif,0.998,jelek banyakan eror
e0ef2f61-0d15-45e2-a1a6-c9b46c57fe6e,Sumsum Sumiadi,1,2026-09-01T21:56:16.961Z,Autentikasi & Akun,Negatif,Negatif,0.9981,parah masa ada yg tranfer lansung livin sya d blokir bank merigikan nasabah pindah aj semua k bank lain
139733cd-5a9e-41d8-bde9-9623c637bc9c,imam fauzi,5,2026-09-01T21:30:08.290Z,Lainnya,Positif,Negatif,0.6883,luar biasa
8fcac132-2550-4a0b-9e96-f62d944a5808,Bayu Dwi Prasetyo,5,2026-09-01T21:29:38.539Z,Lainnya,Positif,Positif,0.8283,Oke
f661d119-3de6-40cb-84ab-db478c8d5b73,Mei Gumilang,1,2026-09-01T20:50:49.922Z,Lainnya,Negatif,Negatif,0.9878,"ke 4 kalinya rpt terus, gak jelas, padahal gak ada masalah transaksi ataupun yang lainnya"
74c651fd-b6d3-4f39-881e-98e0a5dcfc4f,galih prakasa,1,2026-09-01T19:31:25.363Z,Kinerja & Server,Negatif,Negatif,0.9648,"loading nya lama bener,itu kenapa ya"
0f00b0f8-c637-49ab-99df-11b0ad288531,"I, m fahriii",5,2026-09-01T19:20:51.183Z,Lainnya,Positif,Negatif,0.7558,aman aja buat nabung
277bdc8d-c444-4303-b214-81f048147e9f,Angga Nanda,1,2026-09-01T19:17:12.850Z,Autentikasi & Akun; Layanan & Fitur Finansial,Negatif,Negatif,0.9282,kenapa saya tidak ada paylater nya min. dan pinjaman ksm
7bd94f9c-a323-4ee2-9ec9-8a386604774f,Fathur Rahman,1,2026-09-01T19:05:43.500Z,Layanan & Fitur Finansial,Negatif,Negatif,0.9885,"tolong aktifkan rekening saya, ada uang 190000 an gak bisa di tarik"
81bfc092-ea65-4ef4-a566-026b101aec29,Linnn Xyzzz,1,2026-09-01T18:38:11.802Z,Transaksi & Pembayaran,Negatif,Negatif,0.9808,saldo sisa 11rb itu gabisa di tf/qris yaa lah kocak malah di ambil karna biaya adm lucu mandiri
92564ced-d957-473f-98d4-e964410a4829,roexxyyy,1,2026-09-01T17:13:45.690Z,Lainnya,Negatif,Negatif,0.9938,"JELEK, APLIKASINYA GANGGUAN MULU, SAYA BIKIN M-BANKING LEWAT KARTU DEBIT GAK BISA BISA UDAH 2 HAARRII"
b4c7639b-959f-45e6-a108-67462f35d52c,Arozha athmadien,1,2026-09-01T17:08:48.912Z,Autentikasi & Akun,Negatif,Negatif,0.968,"apa"" an m banking gua diblokir , iya tau saldo gua sisa 20k kenapa harus di blokir ? udah lah gamau panjang lebar satu kata buat mandiri,""muak""."
bdda9c9a-e1c4-4c12-9431-57f64a280310,Yasir Sasmitaanugrah,1,2026-09-01T17:02:17.113Z,Autentikasi & Akun,Negatif,Negatif,0.9643,pemblokiran aktivs
49a03aa1-1d51-45b1-9293-4a3b263793fe,Dadim rahmandani,1,2026-09-01T16:56:02.635Z,Autentikasi & Akun; Transaksi & Pembayaran; Layanan & Fitur Finansial,Negatif,Negatif,0.9329,ini gimana?? temen saya TF ke rekening saya tapi uangnya ngga masuk masuk padahal transaksi berhasill ??????
86560eb1-9fd6-4708-9a98-c614fa41943f,Elen Noviyanti,5,2026-09-01T16:09:08.517Z,Transaksi & Pembayaran,Positif,Positif,0.9029,Overall bagus sih. Cuma sayangnya dana yang mengendap cukup besar dan bakal kepotong buat admin bulanan
f272b169-0c77-4c99-b460-4c7409b9a263,Rafindo Sagala,1,2026-09-01T15:58:02.436Z,Kinerja & Server,Negatif,Negatif,0.9481,"kenapa skg error melulu tiap jam segini sampe pagi pasti, TIAP HARI"
fc2c7ff0-228d-40d8-9fbe-4ad29af20dbe,Anabil 14,1,2026-09-01T15:53:10.548Z,Lainnya,Negatif,Negatif,0.9916,uang saya kepotong trus tiap hari aplikasi gajelas nih
11d2e507-d902-4cd4-bb8f-5ced5374b687,Gatot Pringadi,3,2026-09-01T15:19:49.633Z,Lainnya,Negatif,Negatif,0.8742,powercash mandiri kadang ada kadang tidak.
de213414-673e-490a-acc9-b46095a625b4,Fahmi Yuli,1,2026-09-01T14:59:16.699Z,Lainnya,Negatif,Negatif,0.9958,g jelas
ec3764f8-f744-48c0-9a77-2ced19d10b8a,Alberkif djoengkaju Bubua,5,2026-09-01T14:39:51.789Z,Lainnya,Positif,Positif,0.8565,bagus
2b17869e-7bee-42f2-b4e0-7725ee964d22,kotak cadangan,1,2026-09-01T14:34:59.687Z,Transaksi & Pembayaran,Negatif,Negatif,0.7767,"kenapa gk menyediakan aplikasi yg BS menghubungi call center tanpa pulsa, liat itu bank besar warna biru bs inovatif. telpon call center sdh hbs pulsa byk tp masalah jg blm terselesaikan."
fde43f18-f93c-4c4f-99f5-724710039c6a,Kaya Wana,1,2026-09-01T14:31:46.729Z,Autentikasi & Akun; Layanan & Fitur Finansial,Negatif,Negatif,0.982,"pindah hp tanpa log out,lgs di blokir. sdh telpon 14000 katanya 2hr sdh bs diakses lg ternyata masih ruwet. telpon pun sdh hbs 50rb ke call center"
234a9ba5-b9f6-41c2-9a91-3e9e58268bc3,radek sufis,1,2026-09-01T14:14:06.678Z,Lainnya,Negatif,Negatif,0.9925,ribet cuk
ba1d97a4-24aa-4971-bdc9-d4d1933e76b1,Devil Rogerdevil,1,2026-09-01T13:48:19.120Z,Kinerja & Server,Negatif,Negatif,0.9892,lemot
c7264f97-097f-483b-9b27-6eec6eb22be4,Lahmil Fany,1,2026-09-01T13:38:50.386Z,Layanan & Fitur Finansial,Negatif,Negatif,0.9734,"pake tabungan now tp setiap bulan kena penalty saldo minimum, padahal saldo masih di atas 25ribu kalo bukan untuk terima gaji sih udah males pake mandiri"
76664eab-ea37-4693-951a-9d519bffc387,Anisa Anisa,1,2026-09-01T13:37:19.975Z,Lainnya,Negatif,Negatif,0.9637,"Saya udah 3 bulan ini selalu terpotong transaksi tidak jelas sebesar Rp 185.000, sedangkan mau dilihat transaksi apa tapi tidak ada keterangan"
c447456a-467c-4665-bbb4-a3bddc42bc01,Yusuf Julianto,3,2026-09-01T13:20:15.531Z,Autentikasi & Akun; Layanan & Fitur Finansial,Negatif,Negatif,0.9845,"Saya Sudah Download Livin, Terus Pas Saya Mau Masukin Nomor Rekening Saya, Kenapa HP Saya Malah Kaya Di Restart Sendiri"
745623f5-3681-4ee4-9d45-f06025daf90f,aan aan,5,2026-09-01T13:20:07.180Z,Lainnya,Positif,Negatif,0.7815,aplikasi susah dibuka apa harus dihapus dulu
cb6ff6f6-e3c0-4a60-ae16-457c40534c68,danang widianto,5,2026-09-01T12:51:18.989Z,Lainnya,Positif,Positif,0.9765,Memberi Kemudahan dalam bertransaksi
44e1ecac-38bb-4a0b-ac20-54a52ca4cebe,Alfonsius Tumanggor,2,2026-09-01T12:48:26.481Z,Autentikasi & Akun,Negatif,Negatif,0.9877,"kenapa akun Livin saya tidak bisa di login,padahal sudah berkali² coba"
35cdd708-bd8c-4716-b51a-c5370bbddee3,bayu iksan,1,2026-09-01T12:29:25.179Z,Lainnya,Negatif,Negatif,0.996,bank scam
9c85b41e-fbe8-4ea6-8491-7aea44dcd63d,Dimas,1,2026-09-01T12:11:55.542Z,Autentikasi & Akun,Negatif,Negatif,0.9866,"Alasannya Akun Saya Kehilangan Ini, Gara² Demo Saldo Saya ilang!!"
98b1a616-670f-43eb-aa91-a014369d2141,Fauzi Yusuf,1,2026-09-01T12:05:23.990Z,Autentikasi & Akun,Negatif,Negatif,0.9988,apalah duit rakyat malah di blokir demi kepentingan pribadi
d4cb2b20-4508-4b4e-9c63-37c9e548a3d8,Vim Cerita,1,2026-09-01T11:33:13.883Z,Autentikasi & Akun,Negatif,Negatif,0.9586,tidak bs masuk mental terus saat masuk pin
5b44f42c-94c2-450d-a8c8-809b1e9c6d4d,Ąr Rijaal,5,2026-09-01T11:32:31.850Z,Lainnya,Positif,Positif,0.8565,Sempurna
746e85e6-89b5-4cf8-a455-e1a1880b4dd9,Faizi Arba,5,2026-09-01T11:28:42.489Z,Lainnya,Positif,Positif,0.8565,bagus
9247750b-cb2d-465b-b26d-482ece062910,Rahman Sadega,1,2026-09-01T11:17:56.748Z,Lainnya,Negatif,Negatif,0.9537,by by livin saya pamit pakai bank mandiri tau kan alasanya pada tanggal 26 agustus 2026 no recomended
2e7ae737-0421-432c-b735-3d066361e8e7,Geovania Chelsy,1,2026-09-01T10:57:53.181Z,Transaksi & Pembayaran,Negatif,Negatif,0.959,KENAPA TIDAK BISA TF KE DANA???! SUDAH SEMINGGU SEPERTI INI!!!!
5b40a86b-44d8-4c9a-a4fc-3e8e65558bc8,Juned Darma,5,2026-09-01T09:45:52.989Z,Lainnya,Positif,Positif,0.8565,bagus banget...
c51e0d5b-ec0a-4e72-816e-b275376c3991,anies,1,2026-09-01T09:12:44.658Z,Lainnya,Negatif,Negatif,0.9946,"gajelas ni apk, ni negara juga gajelas"
f76b08e9-4a76-490d-8eb3-50306920b13c,Refi elpena Lestari,1,2026-09-01T08:19:29.189Z,Autentikasi & Akun,Negatif,Negatif,0.9885,"hilang uang terus udah 3 kli, yg prtma solusi dri pihak mandirinya cmn ganti kartu, hilang ke 2,3 d sarankan blokir kartu gak d solusi lain"
54abc490-e609-4ec0-abcb-1002c679ad1d,Indra P L,1,2026-09-01T08:16:05.254Z,Autentikasi & Akun,Negatif,Negatif,0.998,pemblokiran sepihak
47c2271d-a2f5-4ce3-9cb5-dac54059d771,ardhilez 1988,1,2026-09-01T07:57:52.414Z,Transaksi & Pembayaran,Negatif,Negatif,0.8874,"Kenapa sekarang ada biaya saldo minimum. sebelum2nya tidak pernah ada. kecewa dengan biaya2 yang seharusnya tidak ada, tapi di ada2 kan. seharusnya saldo saya cukup untuk membayar sesuatu yang lebih penting, malah terpotong untuk hal2 yang tidak berguna. lebih baik beralih ke bank lain yang tidak memberatkan & tidak merepotkan."
55ffc47c-25ba-4d8c-9e3c-6693678bdf03,Yuanda Sakti Reynata,1,2026-09-01T07:14:40.338Z,Lainnya,Negatif,Negatif,0.9899,aplikasi penipuan
98415cea-d1cf-4dbc-b025-eb4f42604306,gunawan anoto,1,2026-09-01T07:03:19.924Z,Lainnya,Negatif,Negatif,1,jelek
e55bd462-7624-4b51-9d2e-5e074f10f55d,Okurosama,5,2026-09-01T06:45:38.379Z,Lainnya,Positif,Positif,0.9435,berapa minimal saldo agar tidak dipotong biaya saldo minimum 5000 perbulan untuk kartu debit gold visa gambar wayang background kuning?
396c00c4-a8ec-462e-b386-955a670f1c2d,Alfa Rizu,1,2026-09-01T06:44:39.899Z,Autentikasi & Akun,Negatif,Negatif,0.9457,padahal sandi akun saya udah benar sama udah pakek sidik jari masih aja ga bisa masuk udah di ganti sandi tetap aja ga bisa masuk
06ec87d4-e31d-4770-8d0d-a6ac4e7bc0c2,Unding Hude,5,2026-09-01T06:41:55.363Z,Lainnya,Positif,Positif,0.8565,keren
59867191-d215-4a44-a294-0e43a69542ed,Maslukhin 2000,1,2026-09-01T06:32:54.313Z,Lainnya,Negatif,Negatif,0.9127,gaji ga cair2 bab!!!!
df244dc4-c85d-4640-aee7-a5e8bd7dc89f,Muhammad,1,2026-09-01T06:21:51.121Z,Lainnya,Negatif,Negatif,0.9912,"kebanyakan pajak nggak jelas tiap bulannya, nggak worth it untuk menyimpan uang di sini."
e4473bfe-dd35-43bf-a741-10a47f8b4bc6,Arlan Abdullah,1,2026-09-01T06:17:26.530Z,Lainnya,Negatif,Negatif,0.994,banyak potongan
40143b01-4c49-4c83-bcf3-469a9167f49e,Kang Baye,5,2026-09-01T06:08:14.842Z,Autentikasi & Akun,Positif,Negatif,0.6777,bagus.tp login ulang terus. susah masuk.
365097ae-646e-4fda-abd6-ae9d99076e34,Ryan Komeng,1,2026-09-01T05:43:29.979Z,Autentikasi & Akun,Negatif,Negatif,0.967,"tiap malam jam 12 gangguan mbanking gabisa dibuka, potongan saldo minimum 5rb potong lagi admin 13rb. mendingan pindah bca"
39261ecd-60c0-433d-961e-77dc308ce4fd,Yusril Isamahendra,1,2026-09-01T05:20:05.628Z,Lainnya,Negatif,Negatif,0.7933,"saya kecewa dengan tampilan mandiri terbaru, kenapa e-wallet di letakan paling bawah, sedangkan di atasnya 6 produk terbaru & 6 produk lainnya dari mandiri. padahal secara prioritas e-wallet harusnya menjadi produk yang lebih sering digunakan daripada 6 PRODUK NGGAK PENTING MANDIRI."
b45547a2-36e1-40a2-aa18-c5e1d982474a,BakaClaes,1,2026-09-01T05:19:56.567Z,Lainnya,Negatif,Negatif,0.9742,bank tidak bermutu
24e49510-78ce-4b7a-ac03-2903cc18508c,Solah Uddin,1,2026-09-01T05:18:55.813Z,Autentikasi & Akun; Layanan & Fitur Finansial,Negatif,Negatif,0.807,dih bank mandiri gini amat pelayanan nya saya call 14000 buat minta bantuan susah login verifikasi wajah suruh menunggu 1 menit atau beberapa menit kenapa panggilan di akhiri bank sekelas kaya gini kok gtu bank besar loh saya cuman pengen login akun my Living mandiri saya susah banget padahal hp baru dan kamera ok ok aja buat login berkali kali ngestack kembali ke menu verivikasi wajah lagi ajg emang ...
57db67a3-0b57-4905-a739-22010a06ca9c,YT BIGPADMA,1,2026-09-01T05:13:57.500Z,Autentikasi & Akun,Negatif,Negatif,0.9481,"ribet pake verifikasi wajah mana cuma bisa kamera depan, coba lebih fleksibel pakai kamera belakang ga bakal saya bintang 1"
840c9c2d-f162-401d-b37f-c1f6018b570b,Reza Ramadhani Nur,1,2026-09-01T04:53:56.669Z,Autentikasi & Akun,Negatif,Negatif,0.7533,Barusan mau cetak kartu dan kata petugasnya tidak bisa karena sistem nolak. Teller nya baik banget sudah mau bantu dengan login menggunakan no kartu tapi pas saat mau diloginkan terdapat notifikasi kartu terblokir. No recommended for daily use karena jika kehilangan kartu ataupun kendala lainnya harus ke kantor dan prosesnya ribet dan belum pasti bisa di selesaikan hari itu juga. makasih udah buat saya ragu untuk menggunakan mandiri
c885d20c-91a2-4189-8bfa-e0915f2c0f5b,Stokfahri,1,2026-09-01T04:50:18.772Z,Lainnya,Negatif,Negatif,1,jelek
b09f3e4a-ce2d-414e-99de-224d07d83c90,Muhammad Hafidz Rahmansyah,1,2026-09-01T04:26:50.883Z,Transaksi & Pembayaran,Negatif,Negatif,0.969,"Dear livin, kenapa setiap transfer saldo ke sesama dapet potongan biaya admin sampai 11k? padahal cuman 50k loh transfer nya jadi ga bisa di ambil"
a318a39a-781d-45bd-a497-7e3c6cc33987,Art Orb,1,2026-09-01T04:10:12.805Z,Lainnya,Negatif,Negatif,0.9275,"pelyanan apk nya kurang, selalu dipersulit muluuu"
1c9b0a27-4111-41e2-a4d4-216e09e2e8a6,Rita Zahrotussita,5,2026-09-01T04:08:29.325Z,Lainnya,Positif,Negatif,0.5188,baik
d51d2c0d-860d-4ca4-9bc4-82f11bd2f8b7,Pink Cat,5,2026-09-01T04:00:28.898Z,Lainnya,Positif,Positif,0.6621,aplikasi memuaskab
1df4da6e-e146-4ce8-81f7-32fbfd851582,Fadli Le,1,2026-09-01T03:58:55.728Z,Lainnya,Negatif,Negatif,0.9739,aplikasi ini potongan nya banyak payah🤧
c3da3833-368e-458c-823b-67ce381dbe6a,Imam Talita,1,2026-09-01T03:50:05.382Z,Transaksi & Pembayaran,Negatif,Negatif,0.9989,Skrang transfer tidak bisa bi fast. yang online pun lama proses nya 👎
2701a82b-cf7d-4dbd-825f-b2405b02cfbf,Robi Ubara,5,2026-09-01T03:43:56.129Z,Lainnya,Positif,Positif,0.8283,ok
4503f206-a35e-40e6-b191-a8aa17e30528,Madi TUBEE,1,2026-09-01T03:38:40.523Z,Autentikasi & Akun,Negatif,Negatif,0.9938,"kacau, saya gak bisa masuk ke dalam aplikasi. selalu membalik ke layar utama ketika saya klik aplikasi"
2cda55b1-8137-4d0a-a563-25d65d0be1e3,Bayu Pradana,1,2026-09-01T03:17:30.400Z,Lainnya,Negatif,Negatif,0.9986,BANK KORUPTOR
12e8fb23-b45d-48bc-a239-d96a6236f0a5,Sulis,5,2026-09-01T03:09:43.879Z,Autentikasi & Akun; Transaksi & Pembayaran,Positif,Positif,0.9057,"buat dulu notifikasi aplikasi Livin ini, kok kalah sama brimo, buat lah biar mudah nasabahnya, jangan SMS banking makan pulsa buat susah kami nasabah"
30e4c047-9943-4908-bf3d-1c896f5d7cfb,Win sang Putra,1,2026-09-01T02:54:24.690Z,Lainnya,Negatif,Negatif,0.997,tidak rekomen
c3de7ebb-17dc-4629-b2e7-46d81a9588fa,Insan Pauji,1,2026-09-01T02:38:28.630Z,Transaksi & Pembayaran,Negatif,Negatif,0.9309,kenapa skrng TF biaya administrasi jd 6.500?? BI fast 2500 udah kagak bisa kocak
cfe2d517-582a-4e03-ba53-dba06e30ebf0,Wanda Wanda Aprian Nugroho,1,2026-09-01T02:17:33.170Z,Lainnya,Negatif,Negatif,0.9469,SAKITTttt
f61799e2-1f66-49d7-a789-c351bb4f4118,Drews fmc,1,2026-09-01T01:59:31.867Z,Transaksi & Pembayaran,Negatif,Negatif,0.953,"Ribet pisan,, Apk susah dibuka Setor tunai ga bisa Lihat saldo ga bisa pa lg narik duitnya APK Abal abal"
1c0596c1-567e-4df8-a634-9fc138c054ac,Rifki Syahru Ramadhan,1,2026-09-01T01:53:18.546Z,Lainnya,Negatif,Negatif,0.9968,bank aneh
8df0a64d-52c2-4d0e-8fcf-69dece6f5460,Idir Idir,3,2026-09-01T01:32:06.380Z,Autentikasi & Akun,Negatif,Negatif,0.971,mau tnya knpa verifikasi wajah kok selalu gagal
6bc4ee37-8142-4cfa-ac13-15732eba7534,Valen Alexis,5,2026-09-01T01:27:36.589Z,Lainnya,Positif,Positif,0.8857,memudahkan transak si
aea79a2a-cb4c-4cf8-b419-da15eac58cba,M Reffauldi03,1,2026-09-01T01:27:08.556Z,Lainnya,Negatif,Negatif,0.8997,"kok bisa biaya adm bulanan nya sampai 52 rb itu mau curi kah, kami sebagai rakyat biasa 50 rb itu cukup besar."
4a2dc10e-4294-4731-9bc3-20c26cd9ce8c,suratman munawir,1,2026-09-01T01:10:48.323Z,Layanan & Fitur Finansial,Negatif,Negatif,0.8999,"rekening sudah tidak bisa digunakan lagi,katanya ada kendala suruh nelfon cs nya tdk ada solusi sama sekali janji seminggu nyatanya ber bulan2 belum ada kepastian,malah sudah 3 kali nelfon cs nya masih saja tak ada solusi"
e66d83f7-6bc8-44a8-b397-ba53c94830d4,Harno harno,2,2026-09-01T01:10:08.487Z,Kinerja & Server,Negatif,Negatif,0.9054,sering stuck di logo dan lambat louding
3fab8eef-0279-4f5a-bb42-15da4003cb42,Usman Apan,1,2026-09-01T00:34:59.287Z,Autentikasi & Akun,Negatif,Negatif,0.9678,i banking nya tiba2 suruh terblokir...ke cabang pelabuhan ratu buka jam 8 gak di kasih bangku berdiri ...minta no antrian harus jam 8 jelek pelayanan nya ....beda Ama bank BCA
76cc6e08-360d-4b83-a35e-602a672fa086,Asep Show,1,2026-09-01T00:15:52.662Z,Autentikasi & Akun,Negatif,Negatif,0.9976,"unistal, tar tiba tiba di blokir"
8bfc6f3c-36aa-472c-b43c-db56446ec6f1,Sidik Amsir,1,2026-09-01T00:02:28.399Z,Lainnya,Negatif,Negatif,0.9927,banyak potongan admin tiap bulannya.
48a538bf-b57a-4aed-90eb-99b1ff6fa7a4,Wahyu Maulana,1,2026-08-31T23:47:48.358Z,Lainnya,Negatif,Negatif,0.9986,kacung pemerintah
6b310659-7ec7-4b2f-8513-1bfb5f698deb,Alfatih fariz,2,2026-08-31T23:36:09.553Z,Lainnya,Negatif,Negatif,0.9972,livin saya tidak bisa di akses. aneh . payah .. 😤 begtu terus terus begitu
a55f2df9-9bed-4d77-81aa-adf89368e24c,Torpan Tukka,2,2026-08-31T23:16:14.739Z,Autentikasi & Akun,Negatif,Negatif,0.9721,"knpa tdk bisa login, setiap kali mau login malah kembali ke menu utama, mohon di perbaiki, cman gara"" mau ganti sandi akun jdi bgini. tdi bisa masuk ke apliksih."
b4b1ae82-c21b-4b2f-ab56-57c79fe646df,Agung Prakosa,1,2026-08-31T23:08:24.922Z,Autentikasi & Akun; Layanan & Fitur Finansial,Negatif,Negatif,0.9998,BANK T*I........ BLOKIR TABUNGAN SEENAKNYA...........
8bd5ab7e-9569-4b1d-a328-135e498d6d68,bolang Tv,1,2026-08-31T22:59:00.946Z,Lainnya,Negatif,Negatif,1,bobrok
d1ca43a1-cfaa-412b-9f7e-e9822e47d967,Bilal03 Gaming,1,2026-08-31T22:54:45.684Z,Autentikasi & Akun,Negatif,Negatif,0.9861,"Sangat kecewa dengan Bank Mandiri. KPR saya jatuh tempo tanggal 4, tapi saldo sudah diblokir sejak tanggal 30/31. Belum jatuh tempo tapi uang sudah tidak bisa digunakan. Ini sangat merugikan dan tidak masuk akal bagi nasabah. Mohon Mandiri segera evaluasi sistem ini dan jangan memblokir saldo jauh sebelum jatuh tempo tanpa penjelasan yang jelas."
521b0e16-e87c-4b6e-9115-2085ab61116a,Abi Paujan,3,2026-08-31T21:26:37.678Z,Lainnya,Negatif,Negatif,0.9389,tolong di jam 1 sampai 5 pagi mutasi nya suka telat + ngacak mohon di perbaiki
27771aae-a065-4eca-90cb-13f20445646e,Ryo Jackoniah,5,2026-08-31T20:41:02.282Z,Autentikasi & Akun; Kinerja & Server,Positif,Negatif,0.7759,"tingkat kan lagi aplikasi nya sering error,dan susah login ke aplikasinya.."
eaf57054-2a94-4057-85fd-5e9372a564af,okta roby,1,2026-08-31T17:54:19.642Z,Lainnya,Negatif,Negatif,0.9304,"mandiri bikin susah aja, jam segini butuh transaksi keterangan transaksi belum dapat dilanjutkan, nomor udan betul masih aja ga bisa. tolong diperbaiki"
41b49aec-b364-41d5-9ff9-92ddbb2744db,rudin zig28,1,2026-08-31T17:44:11.652Z,Autentikasi & Akun; Kinerja & Server,Negatif,Negatif,0.9925,"apk ini jadi ampas, setelah di update pembaruan. login juga susah loading putar lama kemudian log out sendiri.. gak worth it ini aplikasi nya. perlu perbaiki bug nya"
d480f690-db3f-470b-999a-25548fe291bb,Moh rifai M taroko,3,2026-08-31T17:43:37.831Z,Autentikasi & Akun; Transaksi & Pembayaran,Negatif,Negatif,0.94,"lumayan sih, krna barusan saya transfer melalui Livin ke bank yg sama, pemberitahuan di notif dgn di email sudah berhasil, tetapi si penerima blum masuk dilivin nya.. gimna ini?🤦"
d00189eb-4a33-4a5b-a69d-a41179e3696d,Andre Yonkav,1,2026-08-31T17:00:08.257Z,Transaksi & Pembayaran,Negatif,Negatif,0.5322,"top up aplikasi dana selalu gagal,alasan karena nomor tidak diketahui,padahal sudah sering top up dana lewat livin,ini selalu gagal di jam 00:00,tolong coba dipikirkan bila sudah urgent dan butuh dana cepat terus jauh dr ATM,ya masak nunggu jam 7 pagi,padahal ini posisi lagi lahiran,seharusnya bisa top up tengah malam,semoga kedepannya bisa di perbaiki kendalanya,perihal urgent top up di tengah malam"
7790bbe6-7f2c-4f54-b0cd-8753feb15ec5,Rahmad Azhari,1,2026-08-31T16:59:02.757Z,Autentikasi & Akun; Layanan & Fitur Finansial,Negatif,Negatif,0.9998,bisa blokir rekening rakyat se enknya hahaha
bd023ac2-b29f-4cba-ba89-552e0f60c3a8,Irfan Deplek24,1,2026-08-31T16:56:34.387Z,Lainnya,Negatif,Negatif,0.9815,apk gak jelas gak bisa di buka Mulu harus install ulang trus baru bisa
b834caa8-f15b-43b3-82d9-247eb9961ce5,ruby exp,1,2026-08-31T16:34:13.823Z,Lainnya,Negatif,Negatif,0.9997,bank yg tidak mandiri
df9f599e-f637-4aa7-8c33-48829f89dbed,Ukhti Zulaikha,1,2026-08-31T16:04:06.559Z,Autentikasi & Akun,Negatif,Negatif,0.9165,jelek bgt aplikasinya. tiba2 aja gak bisa terhubung padahal internet juga bagus buat buka m bangking lainnya lancar. coba hapus trs instal ulang malah kode otp gak masuk2. bener2 jelek
cebc00a2-91b2-48e2-8d4f-8a1f19d1559f,Luthfy Aditya nandra,1,2026-08-31T15:20:52.653Z,Autentikasi & Akun,Negatif,Negatif,0.9969,"saya kecewa sama aplikasi ini,saya lagi nyimpen duit 100k malah diblokir"
e4da7af8-e283-48bd-81e6-fce50cc3b837,Saeful Fahmi,1,2026-08-31T14:19:21.854Z,Lainnya,Negatif,Negatif,0.9985,"tidak amanah, hati2 saldo privasi loh"
24062a93-993e-4714-b4af-201e55bae9d2,Ishaq Irwan,1,2026-08-31T14:13:09.411Z,Autentikasi & Akun,Negatif,Negatif,0.9906,"nomor lama hilang,ehh pas login kartu fisik nya ikut Ter blokir ,gila emang nih mandiri,maksudnya kalau memang ngga bisa login Livin ,kartu fisik ngga usah di blokir ,kan ribet lagi harus diaktivasi lagi"
5aa8c9cb-4d81-40f3-aca0-93ceb27d4117,Assyifa Rakha,3,2026-08-31T14:13:05.366Z,Autentikasi & Akun,Negatif,Negatif,0.8551,"awal kejadian karena pin livin terblokir, saya konfirmasi ke bank mandiri masukkan nomor kartu dll, tp sampai masuk tanggal lahir HP restart sendiri disuruh hapus aplikasi baru download lagi, saya coba kembali ttp hal sama yg terjadi dan katanya itu penyimpanan hpnya yg bermaslh, saya tanyakan ke konter untk penyimpanan HP dalam kondisi baik baik saja mohon solusinya karena saya butuh sekali aplikasi livin ini karena untuk via gajian, Terima kasih"
701b61e2-237c-4df9-86e9-715ab25b86a0,LAILIYATUL MUKARROMAH LISTI,5,2026-08-31T14:05:38.557Z,Autentikasi & Akun,Positif,Negatif,0.8479,kenapa gabisa login ya?
7bd5dd1a-9266-43b9-8f49-467de4d08d0f,Andik Bugis,4,2026-08-31T13:37:15.827Z,Autentikasi & Akun,Positif,Negatif,0.7506,kenapa yah tidak dapat login livin
58b1be4f-8437-4745-983d-3bfe15a61862,Dede Udin,1,2026-08-31T13:28:26.170Z,Lainnya,Negatif,Negatif,0.9977,"aplikasi nya jelek,,sering gak bisa di buka. harus di hapus dulu,udah itu intal lagi. dalam sebulan bisa 5x instal aplikasi ny. jelek banget si aplikasi nya. sangat mengecewakan."
626270dc-577f-496e-95c1-2734f7dfa322,irwan Baang,4,2026-08-31T13:14:48.496Z,Autentikasi & Akun; Layanan & Fitur Finansial,Positif,Positif,0.7657,"saatnya applikasi sy download ulang kok susah banget login , tdk muncul menu nya , yg ada cuma Buka tabungan, kartu . pada hal sy sdh terdaftar di rek mandiri. caranya gimana inj , qpa harus ke kantor mandiri . kok ribetnya"
5f7a5951-04bd-484c-913c-a32d93efabbd,Tj anggara,1,2026-08-31T12:56:16.858Z,Autentikasi & Akun,Negatif,Negatif,0.6147,Daftarnya aj susah butuh 782 hari hanya karena kode OTP gak terkirim ITU PUN BELUM TERDAFTAR
869631c2-0343-40d2-8b8c-6a056618dab6,Wan Zan,1,2026-08-31T12:42:20.168Z,Lainnya,Negatif,Negatif,0.9999,apk tolol
2ccca8d2-73c1-471a-9a94-48302ce20a29,Sahila Anindia,1,2026-08-31T12:39:19.200Z,Autentikasi & Akun,Negatif,Negatif,0.9354,verifikasi foto muka susah
a52faebb-5df3-4fde-b616-5388d1334dd0,Bapak Adar,1,2026-08-31T12:35:00.650Z,Lainnya,Negatif,Negatif,0.9418,bank pelit
6c379961-3523-4114-8529-07781b21ba15,Edis A blegur,5,2026-08-31T12:30:07.472Z,Lainnya,Positif,Positif,0.8565,apknya bagus
84c5c688-dd15-4c1a-8934-5d1ab85741eb,Sori Tua,5,2026-08-31T12:29:41.314Z,Lainnya,Positif,Positif,0.8565,mantap
190e27dd-e804-4cb3-9a86-1f1ae9b7bad8,Abang Fadil,5,2026-08-31T11:54:32.514Z,Lainnya,Positif,Positif,0.8565,mantap
8ac8cc33-6519-4eec-bb8c-acd5af5b1fd6,Dani 18,1,2026-08-31T11:48:05.400Z,Autentikasi & Akun,Negatif,Negatif,1,blokir
00b9f5a9-4071-42ed-948a-97d644aeab44,Kun Aguero,1,2026-08-31T11:42:43.447Z,Autentikasi & Akun; Kinerja & Server,Negatif,Negatif,0.9861,apk livin nya lemot anjiiirrrr.... tiap sore susah bener mau login
66c7520f-c5b4-429a-9e02-53a491762d2e,Vika Damaya,5,2026-08-31T11:24:14.985Z,Lainnya,Positif,Positif,0.5635,tolong perbaiki terkadang susah buka lewat wifi
c9fb6e93-8e88-4cd2-bbe8-075e7295f066,Marhen Amelia mj,5,2026-08-31T11:23:09.220Z,Lainnya,Positif,Positif,0.8283,ok
7b35029b-ff0e-4191-b0cf-b51875e42fd5,hussein Abdullah,5,2026-08-31T11:14:06.356Z,Autentikasi & Akun; Layanan & Fitur Finansial,Positif,Negatif,0.9087,"kenapa harus pakai nomor kartu ATM , sedangkan saya baru memiliki atau buka rekening ini di aplikasi livin mandiri. Pi saya terblokir dan mau masuk login saja harus pakai nomor kartu. sedangkan saya tidak punya, apa tidak bisa masuk login menggunakan nomor hp atau no nik KTP ."
2538df3b-dd48-47e0-ac0e-bf7ee358f2c9,Vino putra Rozik,5,2026-08-31T10:56:11.534Z,Lainnya,Positif,Positif,0.7268,kmp y aplikasinya d buka gk bisa
83ce45d4-e9aa-4fd7-bf29-6fe0f9624c73,Maksum Maksum,1,2026-08-31T10:35:05.392Z,Autentikasi & Akun,Negatif,Negatif,0.9999,"berani blokir nasabah, parah sih, tidak recom"
3195f2c8-861a-4145-8b00-188645804f83,Bang iipaey,1,2026-08-31T10:31:55.900Z,Lainnya,Negatif,Negatif,0.9796,bentar bentr close apk payah
98e6bbf8-a8b6-4019-aff6-228e8bff9a4a,M A T,1,2026-08-31T10:25:08.731Z,Autentikasi & Akun; Kinerja & Server,Negatif,Negatif,0.8888,"pas di download lagi terus diinstal waktu masukin tanggal lahir hp langsung restart, sampai 9x percobaan hp mati terus pas masukin data tanggal lahir!!!!! tolong diperbaiki bug atau crash nya. Awalnya sebelum ada update masih oke aja di hp ini."
4736b09e-dd91-4912-bd52-c1469c0a7b78,Rulianto velix Maruli,1,2026-08-31T10:06:31.558Z,Lainnya,Negatif,Negatif,1,sampah
5ae8cb27-7f91-4e0a-8f03-553dd2e97589,Sastra Tahar,1,2026-08-31T09:53:26.754Z,Lainnya,Negatif,Negatif,0.9514,masih banyak yang harus dibenahi dan yang katanya mandiri tapi faktanya masih bisa dikontrol oleh aparat yang maha benar
234f8625-b76e-467a-ac25-e384e97ddfad,Game Dropp,1,2026-08-31T09:51:43.703Z,Lainnya,Negatif,Negatif,0.9996,boikot mandiri
455c442f-5e10-467e-8ade-2d3e4dceeb18,Zepri Ardiansah,1,2026-08-31T09:46:50.223Z,Lainnya,Negatif,Negatif,1,buruk
87ad0796-12f7-4fdc-a5a0-02f9dc2a5d5c,Ananda Julianto,1,2026-08-31T09:43:58.748Z,Autentikasi & Akun,Negatif,Negatif,0.9923,"NGESELIN LIVIN DI SURUH UBAH PASWORD GARA GARA SALAH SANDI,SEDANGKAN KARTU ATM NYA AJA ILANG"
d4fb8bfc-23da-4666-81e1-b9259e260ca2,Tya Anissa,2,2026-08-31T09:41:23.456Z,Transaksi & Pembayaran,Negatif,Negatif,0.694,"Biasanya tidak pernah ada kendala, namun sudah 3 hari ini tidak bisa transfer, tidak bisa top up e wallet"
f8174fdc-a454-40a2-aeb6-1edb0ca64550,edy setyo,1,2026-08-31T09:08:36.339Z,Autentikasi & Akun; Kinerja & Server,Negatif,Negatif,0.9329,mandiri error ketika masuk restar sendiri hpnya
a38b9470-a3d3-4afc-9fd4-570479b5c00b,MODEBIJU 97,1,2026-08-31T09:08:29.827Z,Transaksi & Pembayaran; Kinerja & Server,Negatif,Negatif,0.839,pembayaran buat qris tidak bisaaa erorrrr
e838dce4-e6b0-4fd4-82b7-86cb74829e24,Halo Gero,1,2026-08-31T08:51:55.521Z,Lainnya,Negatif,Negatif,0.9689,transaksi sering delay & potongan perbulan sangat besar sangat tiak rekomen buat dipakai mending pakai bri
6e0b4f98-f563-483c-86c5-ce1c8d735696,Hendi Pps,5,2026-08-31T08:31:01.371Z,Lainnya,Positif,Positif,0.7676,sangat membantu
230ce5ef-4368-4cfc-88b9-19e3198e3e48,Madrisal Suwardi,1,2026-08-31T07:55:39.654Z,Lainnya,Negatif,Negatif,0.9965,bikin kecewa
1e2c74b6-0c15-406b-8c43-557e0c70fad2,Taruni Taruni,1,2026-08-31T07:50:45.776Z,Autentikasi & Akun,Negatif,Negatif,0.9997,saldo di blokir tanpa kejelasan
6eda6908-a1ab-41be-9fdc-9bf5ffd3168f,Willy Adiwijaya,2,2026-08-31T07:20:38.595Z,Lainnya,Negatif,Negatif,0.9911,"buruk, ENtah gimana mekanisme sistem gajih karyawan swasta selalu telaaaatt"
7849392a-4be4-40ec-97ef-53bbd8db9ba7,Aura Khanza,5,2026-08-31T07:14:33.314Z,Lainnya,Positif,Positif,0.9664,sangat bermanfaat sukses sll buat mandiri
5e92e887-760b-4cf4-a181-cfaf6c9f5064,Naima Salsabila Putri,5,2026-08-31T07:10:12.735Z,Lainnya,Positif,Positif,0.559,terkadang suka gangguan
9af0acf0-f438-4f5d-8ad8-d6ee1e2e5c39,Teza Rinaldi,1,2026-08-31T07:09:44.704Z,Layanan & Fitur Finansial,Negatif,Negatif,0.65,"seingat saya antara mandiri livin fan growin tersyngkron, sehingga bisa pantau investasi securitas via manidir livin. kenapa sudah tidak tersynkron ke aplikasi growin lg?"
b05d1d0c-940a-4761-afe6-b2e80659ca34,Micwel Jaburr,1,2026-08-31T06:43:45.170Z,Lainnya,Negatif,Negatif,1,bank idiot
d6c2162c-06b4-44a0-9658-6792e82c7ec5,Agung Priyadi,1,2026-08-31T05:41:02.710Z,Autentikasi & Akun,Negatif,Negatif,0.8965,"apk TDK bisa , waktu login mesti sedang ada kendala"
1f904482-14ea-4414-a02e-2f75d7bc4252,Dela Dela,1,2026-08-31T05:39:53.788Z,Autentikasi & Akun,Negatif,Negatif,0.9333,nyoba login ulang pake no kartu sekarang gabisa mental terus
13e8ef82-a6a9-45f0-a77c-38aa1ae0f820,firman Daud,1,2026-08-31T05:22:20.970Z,Lainnya,Negatif,Negatif,0.999,"nama doang mandiri, tapi ditunggangi aparat"
ac5b0a22-7866-4dda-a301-2e9cdbbc4aaf,Imam Subiyantoro,5,2026-08-31T04:33:11.617Z,Lainnya,Positif,Positif,0.9843,Benar2 mempermudah nasabah dalam bertransaksi. Semoga makin suslkses kedepannya.
87210306-a933-461e-beb5-489d24a96fe7,elsa channel,1,2026-08-31T04:17:02.852Z,Lainnya,Negatif,Negatif,0.9802,perampas aset rakyat
1dfdee81-660f-4f3f-9696-29fd1940da41,Ade Saputra,5,2026-08-31T04:12:30.678Z,Lainnya,Positif,Negatif,0.9934,udah gak aman nih pake mandiri
cf1e69a8-da95-4dfc-a9a7-9a5596b8428a,Dea Azalea,4,2026-08-31T04:09:26.486Z,Autentikasi & Akun,Positif,Negatif,0.9219,kenapa akun saya hilang
f0fdd59c-4af4-4c8d-b042-ad38ae3039ba,Ezaro,1,2026-08-31T03:55:09.308Z,Transaksi & Pembayaran; Kinerja & Server,Negatif,Negatif,0.9995,"gila sih, top up gagal tapi saldo tetap berkurang. top up in app pun sering error, kayak apasih??? katanya bank terkenal, bikin apk aja ga becus👎🏻👎🏻👎🏻👎🏻"
3211bf61-326c-4b0f-9b1f-937525645947,Eni Kusuma,5,2026-08-31T03:45:22.565Z,Lainnya,Positif,Positif,0.7306,enak sekali diapakai
a0415eec-f099-41d9-91c2-be822e1dfb37,Liberius Iwan,5,2026-08-31T03:05:32.823Z,Lainnya,Positif,Positif,0.9225,okelah manchap
f177e3f2-e7be-4439-acae-325e1a8eaec5,solli pal,1,2026-08-31T03:01:03.420Z,Lainnya,Negatif,Negatif,0.9958,aplikasi gk jelas
816835b8-eb47-4ec6-9d60-642f3460f911,Aswan Sirajuddin,5,2026-08-31T02:56:51.837Z,Lainnya,Positif,Positif,0.8565,mantap
066f393d-33db-4c33-814e-54d7f45b3c9c,Ahmad Husaini,5,2026-08-31T02:42:38.649Z,Lainnya,Positif,Positif,0.8283,ok
fcf0c222-e1ec-4784-80b4-e72ee17c84d7,Ali Imron,1,2026-08-31T02:35:06.823Z,Lainnya,Negatif,Negatif,0.9273,aplikasi Dajjal
c83bc8f0-c0ea-4069-913b-056270a894f2,Geriz Setiawan,5,2026-08-31T02:32:07.852Z,Lainnya,Positif,Positif,0.8112,saya TDK bisa membuk Livin
3e5bc75f-544a-4e35-aa4e-932fdf051eda,mubaraq mubar,5,2026-08-31T02:31:47.276Z,Lainnya,Positif,Positif,0.5456,cepat
30c75923-e4b9-42f9-b0af-ea1acc8c4d55,mr. kalem,5,2026-08-31T02:22:54.999Z,Autentikasi & Akun,Positif,Positif,0.8881,"bosqu bank mandiri, kenapa ini aplikasiku gara gara signal ilang sidik jari ga bisa ke pakai, alhasil malah suruh login ulang, mana lagi ada proyek di tengah hutan. kacaulah bossqu. aturannya kalau udah bisa sidik jari kalau gagal balik lagi ke sidik jari. jangan bikin repot login ke awal."
5f2786eb-c8d2-4a90-8f95-74954968f7dd,Endog Jaran13,1,2026-08-31T01:56:05.531Z,Lainnya,Negatif,Negatif,0.9824,kenapa saldo terpotong tidak ada datanya jadi bingung saya melihatnya
5b7771a8-f56b-43fd-ac8d-2ee1a93d0b9c,Rahmat Anjung,1,2026-08-31T01:48:17.589Z,Autentikasi & Akun; Layanan & Fitur Finansial,Negatif,Negatif,0.9993,sy liat di sosmed bisa memblokir rekening nasabah semena mena
c8a001fd-4d8b-4f7e-9059-d7d851307d4f,Riyadh Zulhidayat HS,5,2026-08-31T01:16:34.462Z,Lainnya,Positif,Positif,0.9854,"Aplikasi yang memudahkan untuk bertransaksi, sukses terus untuk Mandiri🔥"
6389ccbe-b8ab-4108-979f-974f0baeca6a,Jalal Umar,5,2026-08-31T01:14:26.953Z,Lainnya,Positif,Positif,0.8565,Mantap
bd74b857-a32b-4cf2-8524-d99797271f06,Scream Second,1,2026-08-31T01:11:02.593Z,Lainnya,Negatif,Negatif,0.9505,keaman tidak terjamin
24a9e3e1-3bfb-46f0-a96d-c6ccdb2c43bf,Jay Boy,5,2026-08-31T01:02:30.883Z,Lainnya,Positif,Positif,0.8539,aplikasi aman dan nyaman
78d583ba-33a7-4a0e-8b87-38d260c3704c,Morrinspirasi,5,2026-08-31T01:00:00.619Z,Lainnya,Positif,Positif,0.8868,"saya tetap percaya dengan mandiri,, layanan terbaik dan aplikasi mibile banking terbaik di indonesia"
aa6e7ae9-530f-488f-be49-894461ed59e3,abaybay bayo,1,2026-08-31T00:57:44.271Z,Lainnya,Negatif,Negatif,1,jelek
c14abf73-7cd8-481d-ae9f-4e19993bba45,Morry Putrado,5,2026-08-31T00:57:17.210Z,Lainnya,Positif,Positif,0.8552,Super Aplikasi terbaik
4c65df74-a6b9-4dfb-b573-47b00d8106ad,Alfiano putra N,1,2026-08-31T00:39:30.316Z,Transaksi & Pembayaran,Negatif,Negatif,0.9599,ga ada menu beli mie ayam parah
7ea00cb4-d3db-4fbe-a253-3ef35484054a,Edi Marquez,1,2026-08-31T00:22:50.259Z,Autentikasi & Akun; Layanan & Fitur Finansial,Negatif,Negatif,0.998,Awas Di Blokir Rekening Kalian 😁
ce5fbe29-1cd0-4d3f-a08e-6ddfb2f67fe0,setya budi,1,2026-08-31T00:13:04.860Z,Kinerja & Server,Negatif,Negatif,0.8912,setiap mau buka living pasti ada ajaa lambatnya contohnya (belum berhasil terhubung) padahal jaringan bagus hp juga ga lag terus gimana itu masalah lny
79409b02-3b65-4961-b409-fb96248594c6,Dede Supriatna,1,2026-08-30T23:49:08.100Z,Autentikasi & Akun; Transaksi & Pembayaran,Negatif,Negatif,0.941,aplikasi apaan ini transfer ke bank lain belum sampai udah 7 jam status sudah terkirim tapi dana belum masuk....
5941e753-380e-4b11-9819-76cec3dfaf8b,Arman Styawan,4,2026-08-30T23:05:35.950Z,Lainnya,Positif,Positif,0.8516,aplikasinya sangat praktis saat di gunakan
09ff45c9-bac6-42c2-ab56-261c34d0ee9b,Ravi Silalahi,5,2026-08-30T18:43:24.204Z,Lainnya,Positif,Negatif,0.9965,KECEWA
b88f4121-af41-4ec6-9bf6-cade2b852432,dut berto,5,2026-08-30T18:36:03.553Z,Autentikasi & Akun,Positif,Positif,0.9849,bagus sekali pitur nyah tapi sayang nyah akun saya terbelokir padahal baru bikin tolong buka belokiran sayah
821a8e5e-8919-4df7-9d40-0bc182806627,v3yah Anggawi,1,2026-08-30T18:26:34.397Z,Lainnya,Negatif,Negatif,0.8653,Livin sy tiba2 TDK bs diakses..Sdh bbrp kali mengikuti panduan via video tetap sj TDK bs.selalu berhenti ditahap input tgl lahir sy..ditahap itu hp mati..berulang2 masih sj nihil
751d45a0-ea5e-40cb-8662-9aaeb4a8d11b,Risma Wati dewi,5,2026-08-30T18:20:23.150Z,Lainnya,Positif,Positif,0.954,oke lah the bes
f8ffdfa7-1073-4e1a-9e75-9f104dcadee3,Zainal Arifin,5,2026-08-30T17:40:46.448Z,Transaksi & Pembayaran,Positif,Positif,0.5954,maaf min mau tanya living apakah sedang gangguan kah sy mau TF ke dana kenapa gak bisa ya
98455fc9-fdb6-43e6-b94d-f894bf643643,akbar maulana2408,1,2026-08-30T16:34:34.500Z,Lainnya,Negatif,Negatif,0.9979,boikot
86bcf804-1b50-4bb7-8930-5e206ad9916b,WISNU SAPUTRA,1,2026-08-30T16:25:43.494Z,Lainnya,Negatif,Negatif,0.9427,afk apa ini
0afc117a-84bf-47a6-a7ff-a59dbb64764f,๔ι๓αรι๏ร๏ _,1,2026-08-30T16:11:24.770Z,Transaksi & Pembayaran,Negatif,Negatif,0.8549,multicy ga fungsi gabisa qris dollar
25bd052b-2491-4891-9d55-0ba6dc53ff9b,Anza Risqullah,1,2026-08-30T16:08:27.202Z,Autentikasi & Akun,Negatif,Negatif,0.9912,"kecewa sama Livin, kartu debit belum di kirim tapi pin udah keblokir,!"
06ed78e8-9305-42c7-a408-781a02b0837c,Jajang Sopandi,1,2026-08-30T16:06:49.957Z,Transaksi & Pembayaran,Negatif,Negatif,0.8681,bagaimana sih aplikasi ini kenapa setiap mau top up dana atau transfer selalu saja gagal. tolong perbaiki dong
f2ac2a45-853a-4091-a5ce-cbb3588e59eb,Cecep Supriyadi,1,2026-08-30T16:02:40.494Z,Lainnya,Negatif,Negatif,0.897,aplikasi livin saya sering nonaktif sendiri... sangat merepotkan harus download & install ulang aplikasi livin lagi
9225f62d-2974-4ab1-a5e5-7e539075819a,Sherly anggraini,1,2026-08-30T15:44:05.394Z,Lainnya,Negatif,Negatif,0.9463,TAKUT KE BLOKER MENDADAK SAYA SUDAH MEMINDAHKAN 1800AN LEBIH KARYAWAN SAYA KE BANK LAIN
e9397e7b-c529-4259-999b-83d463640b77,Mr Noobies,1,2026-08-30T14:41:59.759Z,Lainnya,Negatif,Negatif,1,jelek
63f49b65-b4a6-483b-8dfa-644c4866052e,Khasanah Media,5,2026-08-30T14:30:56.409Z,Autentikasi & Akun; Kinerja & Server,Positif,Negatif,0.5053,sering eror login ketika menggunakan hp refurbis
2c316a9c-4ef3-419b-a637-6d1c409be05d,Jasmine asn,5,2026-08-30T14:08:36.540Z,Lainnya,Positif,Positif,0.9536,gampang dimengerti detail laporannya
1ae397ca-4515-454a-8350-cd73c82815bc,Bangbang Khoeruman,5,2026-08-30T13:49:09.442Z,Lainnya,Positif,Negatif,0.9149,livin susah di buka
2bc110dc-a77a-4f5d-8aad-5d4a0b7e5b47,fitra chanel,1,2026-08-30T13:16:26.409Z,Lainnya,Negatif,Negatif,0.8751,pelayan sangatt burukk tolong diperbaiki yaa jaga baik baik kata katanya hey pegawai mandiri
350b012c-cbc3-460c-9e14-23e0d20484f7,KURDI,1,2026-08-30T13:14:10.287Z,Autentikasi & Akun,Negatif,Negatif,0.9957,"serem, jangan taro uang di sini nanti di blokir lagi 🫢"
47c75b09-76d7-483f-a8ad-b8be8cfd2a19,Ariel Talentasya,5,2026-08-30T12:58:38.341Z,Lainnya,Positif,Positif,0.897,"selama pakai mbanking dari beberapa bank, livin fitur yang paling lengkap dibanding yang lain"
f368db61-6770-4a23-a79a-0e1002366e8b,Ilman Nafian,1,2026-08-30T12:57:54.226Z,Lainnya,Negatif,Negatif,0.9766,ga worth it
7344848e-ff1d-4c5f-9ef0-9062b242e13d,Mai Rahmad,1,2026-08-30T12:55:06.683Z,Lainnya,Negatif,Negatif,0.9719,ga terjamin kerahasiaan data pribadi
911ff696-daa1-4e7a-896b-8d6e403854b5,zulfikri alfathir chaniago,1,2026-08-30T12:48:31.554Z,Lainnya,Negatif,Negatif,0.9108,up keras
37f37c05-1fdf-4b31-b195-3ae62aed69e6,Aedi Kelep,5,2026-08-30T12:42:32.817Z,Lainnya,Positif,Positif,0.8968,sangat mudah digunakan
34ae98ba-8abd-4237-8763-f6bbb5dbabbb,Riki Adrian,1,2026-08-30T12:38:02.576Z,Lainnya,Negatif,Negatif,0.9966,tidak aman
25deab94-4256-4074-8172-f4038047cb46,Elce Nathanael,2,2026-08-30T12:36:56.234Z,Autentikasi & Akun,Negatif,Negatif,0.9764,"tolong di perbaiki lagi sistem nya,setiap mau masuk apl selalu logout sendiri. harus hapus/download terus. isi data terus kalau gak ,gak bisa login😓😓"
a3e661fd-a4d9-4729-a3ac-e25ca294862b,Surya Eka,1,2026-08-30T12:35:48.520Z,Autentikasi & Akun,Negatif,Negatif,0.9765,"tiba tiba keluar, trus daftar dari awal, dan pas mau daftar sampai tahap masukan tgl lahir lahir langsung close keluar dari aplikasi"
8e12a103-b824-464e-8ac5-b29764c9f603,Farhan Abdurrahman,1,2026-08-30T11:52:48.915Z,Lainnya,Negatif,Negatif,0.9849,bed bed data nasabah tidak aman
965301fd-c63e-44ec-a85a-6dc511193802,Jepri Irfani,1,2026-08-30T11:45:55.420Z,Lainnya,Negatif,Negatif,0.9998,layanan buruk
744e7055-cc9c-45f7-ae8a-0f5da340ed63,NABILLA FAMILY,1,2026-08-30T11:24:10.867Z,Layanan & Fitur Finansial,Negatif,Negatif,0.9435,tidak dapat bonus ternyata.. katanya dapat bonus pembukaan rekening pemula
cd58dbc0-6c83-48b5-87b8-f65c57e44528,Aditya Putra,1,2026-08-30T11:18:58.736Z,Lainnya,Negatif,Negatif,0.9464,GK ah bank yg bisa di atur oleh oenguasa
144a7ce8-84ac-44db-b950-8a9f44bdd2fb,Erik Sanusi,3,2026-08-30T11:09:29.941Z,Transaksi & Pembayaran; Layanan & Fitur Finansial,Negatif,Negatif,0.9014,tolong KSM di bukan lagi masa udah lunas langsung ilang KSM bayar lancar enggak pernah telat
9c00f78b-5357-41fd-b2da-fe0a61137c3a,Asep Syaepuddin,1,2026-08-30T10:57:49.997Z,Autentikasi & Akun; Layanan & Fitur Finansial,Negatif,Negatif,0.9995,"hati2 setiap saat mereka bisa memblokir rekening kalian, hahaha"
7289f8a2-1742-46f8-981a-a2e4b6df3e01,Nawir,5,2026-08-30T09:56:39.958Z,Lainnya,Positif,Positif,0.9793,"aplikasi paling lengkap dan nggk ngebingungin, smua tersedia dan limit trax paling gede"
4cab9a60-3b0a-4483-bb11-3d2875fa3e84,Hanip Yy,1,2026-08-30T09:50:21.644Z,Lainnya,Negatif,Negatif,0.9849,"SUKA MEMBAJAK BANK ORANG TANPA IZIN, BOIKOT!!"
e93d810b-8e9a-4b91-ad9e-461729c644cf,Ardi dwi prasetya,1,2026-08-30T09:45:19.464Z,Autentikasi & Akun; Layanan & Fitur Finansial,Negatif,Negatif,0.9929,"Stop menggunakan mandiri, nanti rekeningnya diblokir loh 🤭"
3b8b8f52-3be2-4f81-96fe-cfe09d8015b1,L K 007 Channel,1,2026-08-30T09:42:09.790Z,Lainnya,Negatif,Negatif,0.9983,bank yang tidak bisa menjaga privasi nasabahnya.
a050976f-c770-4f8f-a89f-3547cf9470aa,Manis Manise,5,2026-08-30T09:41:17.117Z,Lainnya,Positif,Positif,0.8565,mantap
669a65f1-920e-4b77-ba84-adbc6f462514,LORIUS MARJIN,2,2026-08-30T09:27:08.437Z,Autentikasi & Akun,Negatif,Negatif,0.6408,"data saya sudah terdaftar, mau masuk aplikasi Mala ngga biasa masuk ,di kelaur kan terus dari aplikasi,sampai sekarang pun ngga bisa masuk .saldo saya di situ gimana kabar nya , Tolong di perbaiki lagi aplikasi nya dan layanan nya , biar kedepannya nyaman untuk para pengguna baru ."
a90b2782-bce3-43e9-8ce8-fdc8f19e1487,Fina Jepara,1,2026-08-30T09:06:18.601Z,Lainnya,Negatif,Negatif,1,buruk sekali
883502e1-f74f-4443-8766-55279d5662da,Zayn Jr,1,2026-08-30T08:54:57.954Z,Lainnya,Negatif,Negatif,0.9996,boikot mandiri
b2df8cad-c1f5-425d-8506-6eabc8e73cec,Ananda Ez,1,2026-08-30T08:42:19.774Z,Autentikasi & Akun; Transaksi & Pembayaran,Negatif,Negatif,0.9823,"sudah 3tahun lebih pakai mandiri, pinjam uang saja nggak bisa, harus beli dulu, emang kalian mikir kalau orang minjem itu karena tidak ada uang, terus kenapa kalian harus minta uang? sumpah mandiri ini bank terburuk, perusahaan gini saja takut sama aparat!?"
c25e5dcf-c2ff-408f-a5cb-8a0ef35e3394,Baihaqi Baihaqi,1,2026-08-30T08:17:00.519Z,Lainnya,Negatif,Negatif,0.9863,mana 80 juta nya
534908fd-5277-4525-a7ed-32cede25b62c,Vicky Fadly,5,2026-08-30T08:13:49.735Z,Lainnya,Positif,Positif,0.9563,super apps yang mudah digunakan
53541fe8-9310-4789-a39c-bcfb2e9865db,Ahmad Dahroni,1,2026-08-30T07:54:21.840Z,Autentikasi & Akun,Negatif,Negatif,0.9526,"bank paling ribet, mau login aja susahnya minta ampun. keselnya pas lagi mendesak kok malah gabisa login keterangan nya ""layanan tidak tersedia untuk sementara"" jaga privasi nasabah itu wajib tapi juga caranya nggk merepotkan gini!!"
1c75e277-9d3f-46be-a07e-36628ea0400e,Raffli Sann,1,2026-08-30T07:35:25.867Z,Lainnya,Negatif,Negatif,0.9958,apk gajelas
297acfc3-972b-4b13-a4de-4904de5b6a7f,sahani bilar,1,2026-08-30T07:28:57.767Z,Autentikasi & Akun,Negatif,Negatif,0.9999,TUKANG BLOKIR AKUN ORANG TANPA SEBAB
e6e67fb9-a1f5-4edc-8f59-236feef56f44,Yance Maers,5,2026-08-30T07:07:56.880Z,Lainnya,Positif,Positif,0.5458,terbaik
12ebaa70-b6f0-4028-93d7-07aeb8acfb28,Firmansah Alfurqon,1,2026-08-30T07:05:17.794Z,Lainnya,Negatif,Negatif,1,👎👎👎
b306d70e-324e-4fd6-8b23-37f14d5f855b,Aiko Hana,1,2026-08-30T07:02:54.633Z,Lainnya,Negatif,Negatif,0.9959,tidak bisa di percaya
dbe269f6-6542-4cc7-ab7b-943184c724ef,Iwan Kurniawan,1,2026-08-30T06:58:47.308Z,Lainnya,Negatif,Negatif,0.9704,sebel banget sama ini bank..
4abb9860-6d2b-4ede-a556-251d3f3a6fca,Prasetyo Joyokusumo,1,2026-08-30T06:35:42.799Z,Lainnya,Negatif,Negatif,0.9742,ingat kasus mas botok. 80 j sekian lenyap
071a9a6b-6dd6-4892-97c6-7c94b46a0720,Isah Faka,5,2026-08-30T06:18:37.189Z,Lainnya,Positif,Positif,0.8565,good
e67b75e4-21fb-44f6-88e0-f1b33711ca95,Dadang Kurnia,5,2026-08-30T06:08:09.582Z,Lainnya,Positif,Positif,0.855,mantap gak ribet...
a269f60d-261f-49a7-be44-1b2e18ec432b,Agus Muhammad22,1,2026-08-30T05:54:01.979Z,Autentikasi & Akun,Negatif,Negatif,0.9136,ini aplikasi Kenapa pas mau masuk keluar terus tolong dong ini aplikasinya dibenerin
0c9c5cb1-f1e0-4cac-af98-cbe1a343c301,Romy Reza Firmansyah,1,2026-08-30T05:46:11.527Z,Autentikasi & Akun; Layanan & Fitur Finansial,Negatif,Negatif,0.9996,"sangat kecewa, rekening aktivis diblokir!!!!"
afc6f854-0d7e-4340-b7ad-c8241bc34f44,Ryon Tinendung,1,2026-08-30T05:42:00.478Z,Lainnya,Negatif,Negatif,0.9273,tolot
98c7ca8a-2c1f-4070-8b0b-4c4648f93f0c,wayan agus setiawan (Agus),1,2026-08-30T05:19:00.261Z,Lainnya,Negatif,Negatif,0.9957,tidak aman sekarang buat nasabah
63391adc-770f-432a-92f5-68a259a6dfd6,EDY SUTOPO,1,2026-08-30T05:04:09.227Z,Autentikasi & Akun,Negatif,Negatif,0.9994,bagus sih cuma takut klo nanti kena blokir
33885b3e-90ba-46aa-ae57-6ab134c8d050,Ria Rianti,1,2026-08-30T04:57:20.666Z,Lainnya,Negatif,Negatif,0.9744,boikot cuy
b6c78477-acc1-4e14-ac95-d40861bf3e74,Ziedan al basyit,1,2026-08-30T04:52:08.867Z,Lainnya,Negatif,Negatif,0.9273,L prifasi
2ca5facc-9855-4e11-80b8-cbee9ae6c4bf,JUENDI,1,2026-08-30T04:35:57.337Z,Autentikasi & Akun; Layanan & Fitur Finansial,Negatif,Negatif,0.9996,"Ayo boikot bank mandiri... udah mulai ga aman,,,, buktinya rekening bank botok aja bisa diblokir.. berarti data kita ga aman ,,,"
af5ba62c-30c6-46eb-8c0d-249c3272bd13,Joki lurung Joki,1,2026-08-30T04:25:00.570Z,Lainnya,Negatif,Negatif,0.9989,tidak amanah dan uang sering hilang
5a08a53e-6106-4693-b3e9-e903f47b727c,Desy Anita,1,2026-08-30T04:20:12.699Z,Autentikasi & Akun; Kinerja & Server,Negatif,Negatif,0.9878,"saya pengguna livin dari tahun 2018 tapi kenapa baru"" ini aplikasi saya logout sendiri dan minta ganti password begitu, lalu setelah saya mau login dan perbarui kembali tidak bisa ngelag gitu hp saya. tolong penjelasannya ??"
c22ea268-9881-49da-9662-eaf5f7191d65,Lyn,1,2026-08-30T04:19:47.485Z,Layanan & Fitur Finansial,Negatif,Negatif,0.9923,gagal bikin rekening 2×
5742424f-b9cf-437a-87a0-7cc3f28faa21,Rahmat Maulana,1,2026-08-30T03:57:25.662Z,Lainnya,Negatif,Negatif,0.9635,sangat disayangkan bank mau diatur pihak luar
1586ba99-f027-4320-8eef-f65932aa31c4,RIFKY RAMADHAN,1,2026-08-30T03:54:12.333Z,Lainnya,Negatif,Negatif,0.9999,katanya mandiri tp disetir aparat
7b874efb-83db-40ed-bd91-952058c0e20a,Basor Hawers,1,2026-08-30T03:38:29.685Z,Lainnya,Negatif,Negatif,0.9764,MENJIJIKAN !
d1c574c7-4c06-484e-9952-e4e2adfbeb30,dicky'szirowo wonogiri,1,2026-08-30T03:22:10.237Z,Lainnya,Negatif,Negatif,0.9978,maaf. atas kelebihan bank ini. karena dapat dikendalikan oleh aparat yang katanya penegak hukum. saya putuskan untuk tidak pakai lagi.
ca61a32b-e624-4091-8a91-6c7b4fdd6507,Irvan Nurcahyadi,5,2026-08-30T03:13:20.338Z,Lainnya,Positif,Positif,0.9923,aplikasinya desainnya sangat bagus sekali dan mudah untuk digunakan
181f47db-006d-45cb-9a13-f4937f305321,rahmat15 Hanafi,1,2026-08-30T03:06:36.691Z,Transaksi & Pembayaran,Negatif,Negatif,0.9244,"tolong dong perbaiki lagi, masa pula saya melakukan pembayaran sebesar 300.000Rp transaksi tidak berhasil tapi saldo saya berkurang dari tanggal 15 Agustus sampai sekarang belum juga di kembalikan"
8a9652cc-911f-4670-9f00-05afdc3b7dd1,Abdul Azis,1,2026-08-30T02:57:47.727Z,Lainnya,Negatif,Negatif,0.9984,bank penipu
e915411f-e219-44a4-bd28-97bb83e8a6cc,Ahmad Xjg,1,2026-08-30T02:54:20.320Z,Autentikasi & Akun; Transaksi & Pembayaran,Negatif,Negatif,0.9996,apk ribet banget mau TF..suka blokir gak jelas
f6a5a67d-25f2-42d0-a459-7f9d8c8288ad,Ricky Mirga Fatrahgani,1,2026-08-30T02:51:02.661Z,Autentikasi & Akun,Negatif,Negatif,0.992,"belum punya kartu, login harus pakai kartu hadeh!!!!"
83bfec14-1db4-43cf-9d41-89ea6d1b4d1a,Aryani Andi,5,2026-08-30T02:45:25.580Z,Lainnya,Positif,Positif,0.9892,Terbaik 👍💯
2f1e0614-9d41-4c35-ab5a-ddc94e173cb7,Mieko Monic,1,2026-08-30T02:42:14.591Z,Lainnya,Negatif,Negatif,0.9996,boikot mandiri
89ec4c7f-ac85-422c-b532-f7807c9f4a40,Sidik Arifin,5,2026-08-30T02:06:17.571Z,Autentikasi & Akun,Positif,Positif,0.8488,suka sendiri reboot hp saat memasukan tanggal saat pasang aplikasi dengan kartu debit
5a78b276-e1cc-48f7-871b-5ef66e1f67b3,Zx Yurion,1,2026-08-30T01:52:09.370Z,Lainnya,Negatif,Negatif,1,sampah
da884580-36ae-44b3-996e-70ffcf4b55cf,Reva,1,2026-08-30T01:40:44.454Z,Autentikasi & Akun,Negatif,Negatif,0.9842,"kenapa setiap saya mau login kartu saya, selalu berakhir dengan ""layanan tidak tersedia untuk sementara"" mohon segera diperbaiki"
5f1557a6-90ff-4d17-8653-a70e0b72c50b,Mudis,1,2026-08-30T01:26:07.480Z,Lainnya,Negatif,Negatif,0.9954,sudah tidak percaya mandiri lgi .. maaf🙏
227246be-eb43-45cd-b47a-ca175aade21a,Yunita Fatimah,5,2026-08-30T01:23:12.294Z,Lainnya,Positif,Positif,0.7832,aplikasinya aman dan sangat memudahkan
b3b5935f-17d6-48c6-be5f-0213d6c876cc,Budi Adriyanto,1,2026-08-30T01:14:00.884Z,Kinerja & Server,Negatif,Negatif,0.9854,Pantas Saja ERROR Terus Ternyata VIRAL Di Boikot Masal Oleh Rakyat karena Tiba Tiba Membekukan Aset Nasabah Secara Sepihak... Bank Telah Melakukan Perbuatan Tercela...UNINSTALL
25d7df8a-8007-4518-b98d-d124a70ea707,Ule Aja,1,2026-08-30T00:29:55.695Z,Lainnya,Negatif,Negatif,0.9968,jelek sudah tidak percya lgi
652884f5-8632-47f4-9189-ec7eb010d90b,Indra Ost,1,2026-08-30T00:22:37.928Z,Autentikasi & Akun,Negatif,Negatif,0.9993,"tolong bank mandiri jaga privasi kami, jgn asal blokir uang kami"
91192b37-91d1-4135-8c44-3d0a60449d49,GEO Vani,1,2026-08-30T00:18:13.788Z,Lainnya,Negatif,Negatif,0.9996,"boikot mandiri,bank ga jelas"
3351e57d-99ef-4abe-be85-79025e85eb79,Aji Dena,1,2026-08-29T23:55:54.285Z,Autentikasi & Akun,Negatif,Negatif,0.9839,"uang halal diblokir, uang hadil korupsi jadi nasabah prioritas kocak"
aca41e5c-d320-4449-aa42-06f252890205,Candra Gumilar,1,2026-08-29T23:53:06.850Z,Lainnya,Negatif,Negatif,1,jelek
79084bb6-fa4f-4414-9b1b-8c62c672f549,Ajik Mustofa,1,2026-08-29T23:26:59.416Z,Lainnya,Negatif,Negatif,0.9811,"sangat tidak nyaman untuk di gunakan, TIDAK PEDULI dengan privasi data nasabahnya"
a982c897-74e5-4258-895d-5c73bd20770f,qanta way,5,2026-08-29T23:20:10.158Z,Lainnya,Positif,Positif,0.8238,keamanannya tidak diragukan
316abd96-1033-4bb3-8091-b81bb39ae65d,AGUS TRIONO,1,2026-08-29T22:42:55.234Z,Lainnya,Negatif,Negatif,1,sangat buruk...
d5e0f369-3dc6-46b4-90e6-406970346aa0,Ophelio Art,1,2026-08-29T20:41:19.995Z,Lainnya,Negatif,Negatif,0.9273,saldo gua gk bisa 100 m ya
9210847d-2edd-4589-b135-cff3c21fac5c,m. arifin,1,2026-08-29T19:13:44.638Z,Autentikasi & Akun,Negatif,Negatif,0.9992,pemblokiran nasabah
277a5a68-1bec-498b-88e4-5ef0660f7e72,Afriza Zaenul Haqi,1,2026-08-29T19:00:09.438Z,Autentikasi & Akun,Negatif,Negatif,0.9459,"aplikasi gajelas sistemnya masih ngawur, padahal udh save login tpi tiba tiba ke logout sendiri dan di login in sesuai id dan pw nya gabisa login. masa setiap tahun kasusnya kaya gini trus? di demo mah demo aja gausah imbasnya ke user yang ga ikut ikutan, gajelas adminnya"
74e3853a-2b93-43c5-9ef6-a7a8e886a49a,Hanindira Pramu,1,2026-08-29T18:33:27.928Z,Autentikasi & Akun,Negatif,Negatif,0.9694,"udah ke logout, pas login lagi malah ""tidak bisa silahkan coba lagi"""
894632a9-3fc4-4340-bbce-76ed2f300482,Cika Aja,5,2026-08-29T18:12:53.394Z,Lainnya,Positif,Positif,0.6835,"aplikasih nya bagus tanpa ribet tidak perlu ke bank lagi cukup di rumah saja, sudah bisa bikin ATM?"
5519ede8-f884-47e1-a5f9-a85febb3be34,Fikri Croose,1,2026-08-29T18:11:38.778Z,Autentikasi & Akun,Negatif,Negatif,0.9999,sampah suka blokir .sama nguras duit nasabah
dc9c480b-291a-41f0-81b8-0989befa338d,dadan shaputra,1,2026-08-29T18:10:15.964Z,Lainnya,Negatif,Negatif,1,Boikot Bank Mandiri 💩
1b6bbeaf-7c85-4bb0-a730-b2e06169afea,Danj Saja,3,2026-08-29T17:43:44.602Z,Lainnya,Negatif,Positif,0.8152,"aplikasi nya bagus memudahkan untuk transaksi,semoga ga dibekukan terimakasih 🙏"
90296a9c-da95-4940-8ab0-9e12ecbf2490,Sabariba Karaoke,3,2026-08-29T17:39:20.531Z,Lainnya,Negatif,Negatif,1,jelek
20c5da2d-993e-4f52-b7a2-ee273fa5471d,Zacky Faza,1,2026-08-29T17:23:31.639Z,Autentikasi & Akun,Negatif,Negatif,0.9543,"Sangat mengecewakan, sudah berminggu"" tidak bisa login karena ada kendala terus menerus, dan sampai sekarang masih belum ada solusi, sudah mengikuti sesuai dengan prosedur login yang di berikan namun tetap maja masih belum bisa login, dan selalu logout dengan sendiri, mohon pihak Livin diperbaiki hal - hal semacam ini, ini sangat mengganggu bagi pengguna !terima kasih"
608bc38d-8905-4d47-a7f1-96ac242c723e,Muhamad Zebua,1,2026-08-29T17:09:59.862Z,Autentikasi & Akun; Layanan & Fitur Finansial,Negatif,Negatif,0.9999,pemblokiran rekening aktivis
5e163d31-a6dd-4ba9-ac74-4d2551088a05,R21Pratamaa,1,2026-08-29T17:06:01.815Z,Lainnya,Negatif,Negatif,0.9857,😅😅😅 Hapus uninstall ga seru main block
dcf09c5c-d73d-4ccf-a3bf-a7509353895a,Rifqiy Alfa66,1,2026-08-29T16:55:54.203Z,Lainnya,Negatif,Negatif,0.9994,Bank yang tidak amanah. #BOIKOTBANKSAMPAH
f4534fab-fd02-42a2-afda-81721283bdad,Siti Nurjanah,4,2026-08-29T16:54:42.383Z,Autentikasi & Akun,Positif,Positif,0.5221,"mau login pas mau klik sandi malah ulang ngetik, gaada notif uang masuk jg 😌😌"
9782e64a-8012-4340-bdff-9457c3c15595,Ridho kurniawan,1,2026-08-29T16:33:39.233Z,Transaksi & Pembayaran,Negatif,Negatif,0.7809,Top up dana aja susah
3c8fe908-fea4-4f9c-adfa-369e9682034a,Faisal Matondang,5,2026-08-29T16:24:28.530Z,Lainnya,Positif,Positif,0.8283,ok
34b2e58c-f3a8-4cb9-9e34-98205a3a10a1,Sopian Zaelani,2,2026-08-29T16:20:07.219Z,Transaksi & Pembayaran,Negatif,Negatif,0.8775,"Parah emang Mandiri, top up ewalet nomor tidak ditemukan terus, padahal nomor nya benar"
f1edb67f-53b4-48e9-bcca-2573e7cc88de,Official Ms,1,2026-08-29T15:54:43.583Z,Autentikasi & Akun,Negatif,Negatif,0.9174,"tiba2 log out mau login harus masukan no kartu atm dan tanggal lahir setelah di masukan tiba2 riconek kembali ke tampilan awal lagi dan terus beberapakali seperti itu,dan akhirnya harus ke cabang terdekat,pas kebetulan uang sudah masuk mau di transfrin lagi tidak bisa login krena hrs ke cabang,sya lgi bth banget uang nya emergenci,sangat kecewa tolong di perbaiki"
da15cee5-a273-43fe-a988-147f438ef644,A. supriadi st,1,2026-08-29T15:45:15.109Z,Lainnya,Negatif,Negatif,0.986,saya mau bilng? apk paling rumit dan bikin stress pas bagian privikasi wajah. mungkin sdah coba 3 hp. sdah berbulan2 mentok di wajah trus. ampun aku sama apk sampah ini
505ec7d3-ca7c-4878-9e57-c056890ba509,Joyo Sutrisno,4,2026-08-29T15:43:52.588Z,Autentikasi & Akun; Transaksi & Pembayaran,Positif,Positif,0.7786,kenapa tidak bisa top up dana padahal sudah memasukkan kode
8d60fc32-82b9-4fb5-91c0-fbc5fdca2e7f,Hery Permana,1,2026-08-29T15:43:03.810Z,Autentikasi & Akun,Negatif,Negatif,0.9954,hallo mandiri kenapa saya gak bisa login setiap mau login hp mati seketika saya kira hp saya yg rusak ternyata saya coba di hp yang lain sama aja setiap saya mau login mati tiba tiba hp nya ???
0ebe0195-532d-4c57-97d6-c6cd97859cc2,Thebest Fordaus,5,2026-08-29T15:38:41.730Z,Lainnya,Positif,Positif,0.8565,keren
e99ba81f-73d3-4ff8-ac4d-6e2ce57f4ece,Calvin Daniel,1,2026-08-29T15:37:38.564Z,Lainnya,Negatif,Negatif,0.9659,bank meresahkan
e039832b-ad0f-4fce-9f17-a696610d7b53,Deni Idm,5,2026-08-29T15:27:37.965Z,Autentikasi & Akun; Layanan & Fitur Finansial,Positif,Positif,0.9807,"hampir 4 tahun ini aku pake livin mudah dan enak walaupun blm tahu semua fungsi nya dan belum bisa ajuin pinjaman ini yg bikin aku sedih , bank lain baru setahun pake udah bisa ajuin pinjaman minimal 100 juta , tolong bikin nasabah jadi senang , terimakasih"
e9ad55b8-c6da-4fd6-9050-a4abd09bf64d,Bambimbum chanel,1,2026-08-29T15:17:08.184Z,Lainnya,Negatif,Negatif,0.9546,kurang professional
813fa7e9-0a48-411c-a653-ac3fdd3a7840,Manq Wawan,1,2026-08-29T15:15:51.601Z,Layanan & Fitur Finansial,Negatif,Negatif,0.9468,LOG IN AJA SULIT BANGETT .. GAK KAYA BRImo .gampang AUTO TUTUP REKENING
ef27e231-5c06-4d62-adad-b4dc569688af,Dika Amprok deui,1,2026-08-29T15:12:28.226Z,Lainnya,Negatif,Negatif,0.9984,"bank ini gak aman, bisa di intervensi pejabat"
6f7ab8b1-495d-4858-ae05-049580c9d2c9,susi sulisna,1,2026-08-29T15:11:23.400Z,Lainnya,Negatif,Negatif,0.9873,biar bintang yang berbicara
61c5db99-28d0-4836-b364-85a7caf49c82,Rzz_ Vx,1,2026-08-29T15:04:47.710Z,Lainnya,Negatif,Negatif,0.9449,bank poke
2a5d9791-d8bb-40cf-a36b-d4b2978ad0d8,Kodomo Channel,1,2026-08-29T15:04:26.643Z,Autentikasi & Akun,Negatif,Negatif,0.9998,Awas kena blokir tanpa pemberitahuan
c5d2d452-8981-45e1-a24c-563b2d6d7d80,Dea Oktaviera,1,2026-08-29T15:01:23.313Z,Lainnya,Negatif,Negatif,0.9258,kq GK bisa dibuka Livin saya
ac0cb687-ea01-48cd-a8e5-fba6f9cb8c1d,Aris Sopyan,1,2026-08-29T14:53:00.517Z,Autentikasi & Akun,Negatif,Negatif,0.9663,ko aplikasi mbanking nya gabisa dibuka trus ya?? padahal udh dicoba sgla cara apakah karena kasus pemblokiran kemarin??? mohon perbaiki sistemnya jangan tambah kecewa untuk pengguna Livin mandiri
d09e998e-3cc1-47b9-943b-a85a86b80436,Oviendra Meldia putra,1,2026-08-29T14:44:11.510Z,Lainnya,Negatif,Negatif,0.9973,bank rusak data konsumen ga bisa di jaga sama sekali
3f9b8048-c5b2-494b-a3f6-5d26cfbcfa4d,Ikhwan Nur,1,2026-08-29T14:28:47.610Z,Lainnya,Negatif,Negatif,1,jelek
ad8c3552-5aa3-4cb2-ab71-6a1d25990da2,Gesit 799,5,2026-08-29T14:17:30.864Z,Lainnya,Positif,Positif,0.8565,mantap
aba3703a-8724-4aed-bc03-11e7d95c9328,Khatiar Rahmat,1,2026-08-29T13:59:22.246Z,Lainnya,Negatif,Negatif,0.9944,budak pemerintah
0f95ebb2-b735-4559-b48b-252c35731be7,dhelfi kurnia ilahi dhelfi,5,2026-08-29T13:54:23.636Z,Autentikasi & Akun,Positif,Positif,0.7945,gal bisa loging
e661df48-55dd-4062-8a7d-35f9f334a2b0,Muhammad Aldo,5,2026-08-29T13:51:59.723Z,Layanan & Fitur Finansial,Positif,Positif,0.971,alhamdulillah pelayananya ramah cs nya kak rahil dan kak Ghina😊
60d876ab-4330-44c8-9a63-8b4231399342,ade yayat nurhidayat,1,2026-08-29T13:02:59.340Z,Autentikasi & Akun; Kinerja & Server,Negatif,Negatif,0.9842,sering lag ga bisa masuk
f3885a62-8304-4624-b09b-3a38236e8319,putri murista,4,2026-08-29T12:58:54.121Z,Transaksi & Pembayaran,Positif,Positif,0.9699,kenapa buat isi saldo dana susah ya? saya sudah cari step-by-step di media sosial bahkan mengikuti langkah-langkah di aplikasi dana tapi saat di praktekkan di aplikasi Livin' kenapa kode dana tidak bisa/ditemukan? Tolong informasinya.
56864fb9-4e77-4a92-b964-de9a2e1e99b9,NOIRE VANITAS,1,2026-08-29T12:58:11.731Z,Autentikasi & Akun,Negatif,Negatif,0.9999,gk login sebulan akun dah ke logout👎🏻
1ee27f6b-989a-44d5-b701-f5e93f7da8f3,Ran,1,2026-08-29T12:56:59.880Z,Autentikasi & Akun,Negatif,Negatif,0.9997,bank paling kacau berani memblokir milik botok nasabah nya sendiri
32b0fc2e-c59e-4225-83f7-5840d5428153,Ali Nurdin,1,2026-08-29T12:32:34.460Z,Lainnya,Negatif,Negatif,0.9926,aplikasi bank pemerintah. maaf kasih bintang 1
064e3717-423f-4833-b69c-f8df0664ce50,Rudi,5,2026-08-29T12:07:23.920Z,Lainnya,Positif,Positif,0.9675,simpel gak ribet
77205a9a-478e-4ce7-93cc-fe038a416290,agus koswara,1,2026-08-29T11:49:33.459Z,Lainnya,Negatif,Negatif,0.9766,bank yang tidak bertanggung jawab nasabah ny kehilangan uang pada saat transaksi sudah 1 tahun lebih tidak ada penyelesaian
d40d9e54-3eb5-44fe-b6a9-d4f07252a8fc,fakhruddin32,4,2026-08-29T11:47:09.276Z,Autentikasi & Akun,Positif,Positif,0.6196,kenapa apk Livin saya gak bisa di buat login pertama pas mau masukan kartunya tiba2 hpnya ngerestart sendiri pas mau masukin tanggal lahir
7e1dfd54-9e80-4ed1-a77f-af5f65d42f5c,Ilham kalam,1,2026-08-29T11:34:06.283Z,Autentikasi & Akun; Transaksi & Pembayaran; Kinerja & Server,Negatif,Negatif,0.9496,"Tolong dong di lihat lagi sistemnya, pengalaman tidak baik untuk saya sebagai nasabah mandiri, gaji saya teralokasi ke saldo terblokir (KUR UMKM) sejumlah 1 angsuran. Di jaga ya kepercayaan nasabah. jika ada perbaikan, error, atau trouble internal bank di selesaikan tanpa merugikan nasabah ya. setidaknya diberikan kejelasan atau informasi yg akurat. Di ingat, saya bekerja untuk keluarga dan membayar angsuran! saya tanya petugas KCI jl Soleh Iskandar Bgr, via wa malah saya yg di blokir."
f01a496b-3246-41b7-a6e6-6ef8d67ff6df,xevaroix (ロビ),1,2026-08-29T11:32:15.473Z,Autentikasi & Akun; Layanan & Fitur Finansial,Negatif,Negatif,0.9978,Bank Mandiri tolong jangan di blokir tabungan kami
2c6dc53c-755a-400a-8e83-d724310a798b,Muhammad Arifudin,1,2026-08-29T10:42:02.779Z,Lainnya,Negatif,Negatif,0.9916,kartu tidak bisa dipakai
c2341337-bb06-47ca-a3ff-d5fe683a94ff,Elieser Makikama,1,2026-08-29T10:18:37.834Z,Lainnya,Negatif,Negatif,0.9674,"kenapa tiap saya mau isi data di Livin hp langsung mati,tapi kalau aplikasi lain TDK bgtu"
7ba11c42-2e49-440a-bb45-fbd78792b9dc,Lalu Al amin,1,2026-08-29T10:07:01.292Z,Autentikasi & Akun,Negatif,Negatif,0.9979,maaf saya pindah ke BCA
2ff276a2-a11e-4d10-937f-a737714f0894,mang yayan,1,2026-08-29T09:58:21.830Z,Autentikasi & Akun; Layanan & Fitur Finansial,Negatif,Negatif,0.9937,"ngeri jd nasabah mandiri,kebayang pas lagi ada kebutuhan pas mau transaksi tiba2 rekening sudah di blokir seperti kasus anak2 aktivis dari pati"
09bde090-e7c6-441f-b2c7-78e20742a149,spatoo purwokerto,5,2026-08-29T09:56:38.314Z,Lainnya,Positif,Positif,0.8968,sangat mudah digunakan
1409b1cb-4b1b-4701-a122-591093f15e5c,RAFI Iklasul priawan,1,2026-08-29T09:34:39.297Z,Lainnya,Negatif,Negatif,0.9046,oo ini yangg lagi uji coba korupsi kecil kecilan yaaa
0a1769a0-a221-44c6-af77-b35db9d6b744,Theo Oktavian,1,2026-08-29T09:27:39.458Z,Lainnya,Negatif,Negatif,1,aplikasi buruk
c36af44f-445c-4744-b30b-11ac51673361,Ferarri 1181,1,2026-08-29T09:06:54.771Z,Autentikasi & Akun,Negatif,Negatif,0.9232,"Menyebalkan ini livin tiba tiba logout sendiri hampir berkali, setelah dimasukan sandi dan apapun itu selalu ngulang2 lagi. tolong di updet ini aplikasi jgn bikin pengguna jd pusing mau transaksi online"
b69197ca-8922-4ff5-9ee0-3a988ab70de2,RAP SEVEN,1,2026-08-29T09:05:47.891Z,Lainnya,Negatif,Negatif,0.9934,uninstall
98627147-736b-4e53-bbab-01b8eaef881b,Game Online,1,2026-08-29T08:49:10.906Z,Lainnya,Negatif,Negatif,0.9442,pati daerah saya
f0535c81-387f-468e-ab4e-7d877ae1b6fb,Keyla,5,2026-08-29T08:46:16.470Z,Lainnya,Positif,Positif,0.7536,puas
86fc13cb-035f-43af-8204-57c9dc6b801d,Sastro Widodo,3,2026-08-29T08:42:03.201Z,Lainnya,Negatif,Positif,0.8565,mantap
fbbc78d4-111d-4eaf-ab75-e55b4ec977c7,Dapi dapi,1,2026-08-29T08:34:07.673Z,Lainnya,Negatif,Negatif,0.9254,setiap seminggu sekali ini ni apk selalu ja hos instal gaimna si
a9ac1229-a3cb-4793-bd35-8e919fef7b7a,Dicky Indra Setiawan,1,2026-08-29T08:34:06.575Z,Autentikasi & Akun,Negatif,Negatif,0.9999,Blokir aja blokir
d33d6524-4e7e-4662-8261-465666fefe72,The_Kunz Gaming,1,2026-08-29T08:08:01.982Z,Autentikasi & Akun,Negatif,Negatif,0.9892,ngeri sih setelah melihat berita😱
dec39a7d-8670-4d05-8ec9-1d7c17874f04,anggun wibowo,1,2026-08-29T08:02:55.287Z,Lainnya,Negatif,Negatif,0.9788,bank bintang 1
2cd7eccc-f457-4a23-aaac-0a4e19da6d54,Sufahmi Imam,1,2026-08-29T08:00:25.127Z,Lainnya,Negatif,Negatif,0.9753,bank penyimpan bangkrut aja aku ikhlas uang koruptor di simpen
d005e08f-a4f3-47e2-b149-cd24d7c93377,Rhma Faizah,1,2026-08-29T07:56:03.189Z,Lainnya,Negatif,Negatif,0.9835,PRO KORUP
cf1d02da-b81e-41d7-878e-bbee50b761fd,Sorta Gantina,1,2026-08-29T07:51:01.493Z,Lainnya,Negatif,Negatif,1,sampah
ae70d6ad-15e0-4873-84fa-04a5fe5cb267,Kari Ono,1,2026-08-29T07:44:01.382Z,Lainnya,Negatif,Negatif,1,gak bisa di ambil sampai habis kayak sebelumnya👎
9c3aca79-bd9c-4d1e-ac2b-f8e2dc2dcdd9,VENOM 17,5,2026-08-29T07:32:14.506Z,Lainnya,Positif,Negatif,0.7677,rame rame boikot apk ini
91a1fc63-fbde-4ee1-ad4e-bdd70650f36c,Resmanto Manto,2,2026-08-29T07:29:30.262Z,Autentikasi & Akun,Negatif,Negatif,0.9504,kenapa kunci/ pin sidik jari tiba2 hilang
834d1518-8e6b-47ec-b288-a9185c2ae37f,C'suryana Surya,5,2026-08-29T07:20:49.830Z,Lainnya,Positif,Positif,0.8565,bagus banget
fb9137ec-d1b7-4c6f-bb0c-22d10afaa4a7,Rifki Laroyba F,1,2026-08-29T07:19:16.719Z,Lainnya,Negatif,Negatif,0.9999,pelayanan sangat buruk
f40a1c9f-f490-43b4-960e-3d8f64c47411,Riko Ofriadi,1,2026-08-29T07:09:32.847Z,Lainnya,Negatif,Negatif,0.9899,"Mau nabung aja ribet, Batal jadinya"
3b259761-d7b8-435d-a361-ddf8750f3b52,Aini Com,2,2026-08-29T06:55:03.781Z,Autentikasi & Akun,Negatif,Negatif,0.9987,tolol bgt aku masukan password Salah langsung layanan tidak tersedia emang tolol bgt
b8ec1515-29fc-4dc5-ae37-bb7c3c020190,Aldo Lover,1,2026-08-29T06:40:06.510Z,Lainnya,Negatif,Negatif,0.9589,"ijin mencopot aplikasi, karena bank ini bekerjasama dengan para koruptor."
414fc68b-b94c-4849-b8f3-ec09a95c7f8b,Dio Andrian Manurung,1,2026-08-29T06:30:56.530Z,Kinerja & Server,Negatif,Negatif,0.9784,"jujur, pakai aplikasi ini rada lelet banyak bug nya, Tarik Tunai Atm banyak gangguan , eror udh malas pakai mandiri"
a54626ed-cdbc-4346-b04d-8b00d50383fd,Eko utomo,1,2026-08-29T06:23:11.318Z,Lainnya,Negatif,Negatif,0.9998,Bank Mandiri yg Tak Mandiri
4914baa9-42a2-4adb-8aee-651e7feff9b3,Keyla Az-Zahra,1,2026-08-29T06:20:34.996Z,Lainnya,Negatif,Negatif,0.9833,hama
0e245379-4bc2-439c-aa40-41c22825c780,Andrian Ilham,1,2026-08-29T05:48:16.818Z,Autentikasi & Akun,Negatif,Negatif,0.9315,"aplikasi gaberguna,untuk login ke livin saja tidak bisa"
34378f8e-ae79-4c10-ad16-be06ee426052,Safina Tuddin,1,2026-08-29T05:31:06.764Z,Autentikasi & Akun; Layanan & Fitur Finansial,Negatif,Negatif,1,Mandiri yg gak mandiri. takut di blokir rekening gue cok.
52ddd21e-57d0-463a-a602-b6342486595b,Gagan Anang,1,2026-08-29T05:25:49.463Z,Autentikasi & Akun,Negatif,Negatif,0.9995,bank mandiri tapi tidak mandiri wkwk langsung pindahin aset
48cc1cf4-3756-4a88-bc0c-6c5aebac41fa,Feti Churnia,1,2026-08-29T05:13:54.238Z,Autentikasi & Akun; Transaksi & Pembayaran,Negatif,Negatif,0.9078,"tidak bisa login mau ganti di HP baru, cepatlah diperbaiki, susah mau transfer jd ga bisa"
b642cd39-722c-476e-8f21-6a827edd5d1d,Halim Wungkul,1,2026-08-29T05:13:48.759Z,Lainnya,Negatif,Negatif,0.9631,minus najissss
313f34d4-688b-4942-8abc-b5df1023419c,Delta B S,1,2026-08-29T04:57:41.485Z,Autentikasi & Akun,Negatif,Negatif,0.9999,takut kena blokir mending pindah bank
7c3e796d-a725-4975-a2a2-08855a317d2b,Agaww Euyy,5,2026-08-29T04:54:14.316Z,Autentikasi & Akun,Positif,Negatif,0.7942,woi ini ga bisa login macam mana mandiri ini
40f49fc9-4a4a-4015-ae53-5bc62d8f2572,Master Sleep,1,2026-08-29T04:50:25.866Z,Lainnya,Negatif,Negatif,1,sangat buruk
ffbc800b-153c-4260-8620-13dd2676fc3b,Nanang Bagus arianto,1,2026-08-29T04:46:43.926Z,Autentikasi & Akun; Layanan & Fitur Finansial,Negatif,Negatif,0.9853,"rekening warga sipil dengan gampangnya dibekukan, kalo rekening b4ndar jvdol kaga bisa diblokir?? kocak!!"
656318e2-21b0-4208-82a2-29ab40fa5810,TERAS KEREaktif,2,2026-08-29T04:19:19.311Z,Autentikasi & Akun; Kinerja & Server,Negatif,Negatif,0.9771,"aplikasi apaan, gak bisa diupdate sering logout pula"
c074c865-d432-4fb1-bee3-ee9a1cc3eaf8,Parhan Syahri,1,2026-08-29T04:07:48.240Z,Autentikasi & Akun; Layanan & Fitur Finansial,Negatif,Negatif,0.9983,"Gilaa semena mena ngeblokir duit rakyat, rekening judol nohh kau blokir, lawak banget lu"
c092c169-86ac-4aea-940f-d151244082ba,Ahmad Dayari,1,2026-08-29T03:59:54.131Z,Autentikasi & Akun,Negatif,Negatif,0.9777,"gue gak sudi lagi pakai bang mandiri bisa bisanya ngeblokir, cuma gara gara disuruh polda by by bang mandiri"
e167b565-1e53-49b3-867c-d141af08de84,Rull Rbj,1,2026-08-29T03:10:23.557Z,Lainnya,Negatif,Negatif,0.9989,bank GK jelas
71a5aad7-6d7b-49e2-ae5e-e7898ce9d3b2,Xyrus Ranoa,1,2026-08-29T03:05:35.337Z,Lainnya,Negatif,Negatif,0.9678,Livin Aparat by Mandiri
d4a64d72-f688-4217-934a-0e0aae155aec,Kitty Cloud,1,2026-08-29T02:51:54.111Z,Autentikasi & Akun; Layanan & Fitur Finansial,Negatif,Negatif,1,"apknya jelek nggak suka, masa main blokir² rekening orang"
25f2dfa2-e0f6-485f-89c3-6249d3b34d49,Ramdhani,1,2026-08-29T02:40:56.156Z,Autentikasi & Akun,Negatif,Negatif,0.8697,"ketika saya mendaftar apk nya ga meng verifikasi data sy dan di suruh mengulang"" trs"
929fe96e-96d7-4b04-bf89-2e891a39bd84,Nak Alan,2,2026-08-29T02:24:04.500Z,Autentikasi & Akun,Negatif,Negatif,0.9659,kenapa saya susah login .. kalau bisa jangan mempersulit orang
3ecb636b-5674-4461-be56-70f131dd6b99,Tanisha Fairuz Syifa,1,2026-08-29T02:21:07.523Z,Lainnya,Negatif,Negatif,0.9647,demi Allah nyusahin orang
6f2667e8-28f7-4bfc-912d-0e7416a5bab9,7_Erlangga Satria W,1,2026-08-29T02:17:56.106Z,Lainnya,Negatif,Negatif,0.5526,"mantap pertaruhkan bisnis dengan melepas kepercayaan, goodjob"
9059df27-6d06-4d4b-abc5-3af45a8a93fb,Mann Gz,1,2026-08-29T02:13:36.277Z,Lainnya,Negatif,Negatif,0.7679,"apa inii trasfer ke bank lain rp 6500, biaya saldo tidak cukup,rp 3000 gimana sebenernya"
3218999c-e923-4c64-89e2-2f6c966a986a,arman abu,2,2026-08-29T01:55:15.819Z,Lainnya,Negatif,Negatif,0.7326,aplikasi Livin yg sudah sy instal dan telah lama pakai. tiba tiba tidak bisa terbuka.
0796cb25-80d1-4b17-80ad-b9a81d8395f5,Shiyam R Rosyada,2,2026-08-29T01:51:57.187Z,Kinerja & Server,Negatif,Negatif,0.9402,kenapa buka livin selalu berhenti terus dan langsung keluar semenjak di update yah?
db9f35a4-5e35-49c6-b23c-3c00b80bb3ad,Amel Lia,1,2026-08-29T01:38:45.878Z,Autentikasi & Akun,Negatif,Negatif,0.9771,"apk gk jls tiba"" gak bisa login pdhl udh bener sandi nya"
17737d8f-3d03-4a66-ada7-0c2a4f2fea8c,Troy Stefano,1,2026-08-29T01:36:44.601Z,Layanan & Fitur Finansial,Negatif,Negatif,0.9912,rekening tiba2 tidak bisa di buka
7bf38543-f1f2-459f-9cea-d3ce3909de8a,Heri Raswanto,1,2026-08-29T01:36:11.715Z,Autentikasi & Akun,Negatif,Negatif,0.9537,"kita butuh keamanan , ibarat harta itu dijaga jangan sampai di curi/diblokir, apa lagi kita masyarakat biasa"
9ec776c4-0b24-4a89-ab36-7fd8fa79fa6b,Melki Balla,2,2026-08-29T01:23:04.434Z,Lainnya,Negatif,Negatif,0.8794,"power cash nya hilang, padahal kredit lancar tidak pernah menunggak"
4f864d06-6126-4167-94d1-35645b9b710c,Papi bar bar channel,1,2026-08-29T00:52:13.739Z,Lainnya,Negatif,Negatif,0.6654,Byee 😊
83baf63c-6f4b-4a85-a105-e383fa22f8d8,Mulan Dyah,1,2026-08-29T00:43:40.811Z,Autentikasi & Akun; Transaksi & Pembayaran,Negatif,Negatif,0.9595,"sblmnya Ng ada kendala tapi pas mau bayar QR salah masukin pin akhirnya buat pin baru dan harus memasukkan data dari no kartu tgl kadaluarsa kartu,,pas di tgl lahir ko Ng bs kepencet,,,ulang"" d coba begitu lagi,, Hadehh bikin kesel"
c73e8a5b-2dd6-4829-98ca-3d84a6fcfc70,Ery Butar Butar,1,2026-08-29T00:08:53.408Z,Lainnya,Negatif,Negatif,0.9543,Bank ini musuh masyarakat
716f5521-6c85-4202-a768-22d15dcf6d03,Dandy Vicky Rogahang,1,2026-08-28T23:26:21.466Z,Lainnya,Negatif,Negatif,0.9965,kecewa
89ec34b5-714a-4585-a29e-c24c45832fb4,frp samsung,1,2026-08-28T23:06:34.670Z,Autentikasi & Akun,Negatif,Negatif,0.977,"habis gak sengaja kehapus apk nya, terus download lagi masuk pakai kartu, data udah bener langsung di blokir... lol"
cca73b7c-1967-47a4-978a-bbb8b84b3f57,AHMAD KANA,1,2026-08-28T21:34:51.559Z,Lainnya,Negatif,Negatif,0.9894,gk percaya lagi pokoknya
b9a88488-1030-433c-b0d4-dd7695dbcdf6,Muhammad Fachrizal,1,2026-08-28T21:02:45.874Z,Lainnya,Negatif,Negatif,0.9739,begok seharian gabisa di pake
2afda3ef-00d8-4a44-b80d-8d6126b7c7e8,Andi Amirullah,5,2026-08-28T20:54:11.675Z,Lainnya,Positif,Positif,0.8565,sangat bagus
13b934d7-f14b-49ee-9660-8868b1da0cbb,Yogi Sugiarna,1,2026-08-28T20:35:52.105Z,Transaksi & Pembayaran,Negatif,Negatif,0.972,kikir bgt tf ke bank lain bisa 6.500
be08b162-ee16-4de7-b55b-7c1dfcb81806,Darderdor Rr,1,2026-08-28T20:17:58.177Z,Lainnya,Negatif,Negatif,0.9969,maling
3596b92d-293f-44cc-ab64-ea6a40c07322,Cep Badru,1,2026-08-28T20:01:40.700Z,Lainnya,Negatif,Negatif,0.9663,sekarang ni apk delay nya minta ampun dah. mana sering kluar sendiri
412566c5-e020-49f7-b501-7e57196e8c46,Ibnu insomnia,1,2026-08-28T18:00:50.175Z,Lainnya,Negatif,Negatif,0.9979,boikot
80a09f87-4d9e-4f18-b09d-e40e2f815a75,Dony Bisnis,1,2026-08-28T16:40:07.402Z,Autentikasi & Akun,Negatif,Negatif,0.995,bank pemblokir
7be4c46f-29e6-4049-a3ac-3fc097e635f7,Amanda Gilang,5,2026-08-28T16:29:07.303Z,Lainnya,Positif,Positif,0.8677,terimakasih respon cepat nya terhadap keluhan nasabah
f2147a34-9636-4081-886b-f84df889b425,Billion Cat,1,2026-08-28T16:24:38.953Z,Lainnya,Negatif,Negatif,0.9995,"Ada suatu bank yang uang nasabahnya di atur oleh aparat, yang pasti bukan mandiri, ya kan? 🤫"
d2fa3638-0cda-4e3b-a206-77fa4fff24da,Hamka Nerdian,1,2026-08-28T15:38:55.412Z,Lainnya,Negatif,Negatif,0.9789,hidup mas botok !!!
7f637864-d167-4708-8df0-0ff01b7bdace,Rean Syahda,1,2026-08-28T15:26:31.470Z,Autentikasi & Akun; Layanan & Fitur Finansial,Negatif,Negatif,0.9983,"LAWAK, MALAH NGEBLOKIR REK NASABAH"
3e2d456c-4838-489b-977f-d2dabcff71da,Bat Bat,5,2026-08-28T15:16:29.473Z,Lainnya,Positif,Positif,0.9018,Livin sangat bagus
f4a72165-594b-4f08-af4a-efec2f1ef3b2,UR wahyu aditiya,1,2026-08-28T15:11:33.400Z,Lainnya,Negatif,Negatif,1,👎👎👎👎🤏🤏🤏🤏
79aacdb2-5eb2-4eaa-9a5f-992bf034e0c8,Fido Ramadhan,1,2026-08-28T15:11:00.111Z,Autentikasi & Akun; Layanan & Fitur Finansial,Negatif,Negatif,1,"awas rekeniing di blokir tanpa alasan yang jelas, ini meskipun bank BUMN tapi suka semena mena blokir rekening nasabah"
7cb831ac-58ad-4deb-9a7c-2f0ce31f11fd,Baihaqi Rifai,1,2026-08-28T14:47:21.488Z,Lainnya,Negatif,Negatif,0.9984,apk bang sampah tidak recommended
a7248aba-23d6-4ad0-812c-66294143e96a,Candra Wibisono,1,2026-08-28T14:43:04.798Z,Autentikasi & Akun; Layanan & Fitur Finansial,Negatif,Negatif,0.9993,setelah memblokir no rek nya mas botok udah aku hapus semua tentang bank mandiri.
633a61af-92d6-419b-a314-25739a98236b,Handrian Jerry Halada,1,2026-08-28T14:41:08.411Z,Autentikasi & Akun,Negatif,Negatif,0.9999,"setelah kejadian mandiri blokir saldo nasabah,auto uninstall Livin dan pindah ke BCA,jadi gk percaya sama reputasi bank Mandiri."
3721afec-64b4-4378-8d09-8f2516535728,Djohn S,1,2026-08-28T14:36:04.387Z,Autentikasi & Akun,Negatif,Negatif,0.9822,waduh masa perbankan harus patuh sama pejabat sampai diblokir
ff866ae3-eb13-417e-b6fb-6280b82f171b,Muhammad Fauzan,1,2026-08-28T14:25:51.927Z,Autentikasi & Akun,Negatif,Negatif,1,kok main blokir sih??
c5cc3141-e2ff-4675-9c50-d3acccfecf86,jamal Bogger,1,2026-08-28T14:05:27.178Z,Lainnya,Negatif,Negatif,0.9956,kecewa berat
c6dc2dbd-fcfa-41cf-b1ec-0119c759e535,Crayon Game,1,2026-08-28T14:04:52.944Z,Lainnya,Negatif,Negatif,0.9282,semangat balikin trust issue nya 🤣
d50d5168-b847-46e0-96b0-e75ad25c5d40,Fajar Aris,5,2026-08-28T14:02:07.240Z,Lainnya,Positif,Positif,0.9832,"Sangan bagus, aplikasi dengan tampilan yg lengkap"
8e48ead2-c482-4421-98d6-715a1d047008,Padil,1,2026-08-28T13:47:24.895Z,Autentikasi & Akun; Layanan & Fitur Finansial,Negatif,Negatif,0.9595,"gabisa bikin akun.padahal sudah mengikuti instruksi dan disuruh registrasi menggunakan kartu debit atau kredit.sudah jelas tujuan saya download ini tuh buat buka rekening masa disuruh registrasi pake kartu debit,kan udh jelas saya ga punya"
2b4a5074-95f1-4d02-8ae4-51d4c15f1913,Riski Adityasunggawa,1,2026-08-28T13:37:59.748Z,Lainnya,Negatif,Negatif,0.983,bang mandiri tidur besok belokir² lagi😹😹😹😹😹😹😹😹😹
ea995cc9-2255-4811-9abd-da8b557ab462,Acu Acu,1,2026-08-28T13:30:38.657Z,Lainnya,Negatif,Negatif,0.9612,"awal mula kehancuran wok, siap siap aja😹"
3f8e9d34-12ab-4252-a5ef-9a44e12d5a47,ipan maulana,1,2026-08-28T13:19:56.818Z,Lainnya,Negatif,Negatif,0.9426,ckup 1 bulan aja pake ini bank ini kapok
01d4379d-0f43-4300-bddc-78556a8440a9,Burt Baxter,1,2026-08-28T13:15:05.396Z,Lainnya,Negatif,Negatif,0.9916,gajelas ni bank mandiri apalagi pegawai nya so asik
5bc25ae9-e3e7-4ecd-818c-4b6389c8fac7,Athya Kmal,1,2026-08-28T13:13:41.619Z,Autentikasi & Akun; Transaksi & Pembayaran; Kinerja & Server,Negatif,Negatif,0.7591,"saya ingin mengambil uang transfer saya dari E-Wallet. Pada saat saya ingin membuka/login aplikasinya, saya sangat kecewa dikarenakan loading sangat lama. Saya mencoba untuk mencari solusi lain tetapi tidak berhasil. TOLONG RESPON UNTUK DEVELOPERNYA SEGERA!"
a62252f2-3cf0-4528-929a-09023c5a73f2,Acep Miluwardana,5,2026-08-28T13:10:16.220Z,Kinerja & Server,Positif,Positif,0.9702,"aplikasi ini sangat berguna dan bagus,tidak lemot"
1c0e767e-e07e-453b-bb08-281f722ae08a,Jeka Manalu,1,2026-08-28T13:06:48.562Z,Autentikasi & Akun,Negatif,Negatif,0.9991,jangan pake mandiri ntar tiba² diblokir
402d33f5-d8b7-45b9-a4d3-58f0f3586bed,Fina Septiana,1,2026-08-28T13:05:38.425Z,Lainnya,Negatif,Negatif,0.9273,pret
4b46594e-3bfc-4fe5-b411-060c44b8d057,Ocha Ganteng,1,2026-08-28T12:57:22.194Z,Lainnya,Negatif,Negatif,0.967,mandiri tapi bisa distir institusi
a9dd6f7d-d4c0-438b-b729-d7f01447ffd8,Daffa U.A,1,2026-08-28T12:56:21.820Z,Lainnya,Negatif,Negatif,0.9996,gak mandiri
b2d0f143-f62e-4285-bc12-25e728f568ca,aji rubianto,1,2026-08-28T12:47:22.651Z,Transaksi & Pembayaran,Negatif,Negatif,0.9576,woi livin ini kenapa gabisa tf kesemua bang kocak
5d8d8b8f-6db5-4cfd-9913-496548c7cb8b,ahmad murtadho,1,2026-08-28T12:35:06.851Z,Layanan & Fitur Finansial,Negatif,Negatif,0.9909,pas buka rekening gagal trs giliran di bank suruh nunggu lama gak ada hasil jg
d142c55e-b8c7-4509-b587-5d047e01912e,Abdul Rahman,1,2026-08-28T12:33:44.936Z,Kinerja & Server,Negatif,Negatif,0.975,tiap minggu suruh update bikin emosi aja..
e568b60b-8c15-4347-b16d-13e72e6d3fe9,indra sugesti,1,2026-08-28T12:19:42.600Z,Lainnya,Negatif,Negatif,1,apk sampah.
057ebf45-443c-4db7-b72f-8f584c294c22,Dwi Susanto,1,2026-08-28T12:14:35.885Z,Autentikasi & Akun; Transaksi & Pembayaran,Negatif,Negatif,0.7783,tolong donk mohon mandiri pelayanan nya di evaluasi LG untuk nasabah nya. saya GK prna telat bayar slalu tepat waktu. tapi knpa untuk penawaran power cash nya susah. bgt TLP udh email udh keluhan smua udh di utarakan. tapi tetap GK muncul itu penawaran power cash nya.
2ef330fe-a47d-49da-96ae-79bd9bc85e29,Muhammad Zulfikar,1,2026-08-28T12:13:08.584Z,Lainnya,Negatif,Negatif,0.9958,80.000.000 di kemain kalau ga dijawab fix kita anggap bank mandiri jelek kita rating buruk
bdabc6be-70ce-401b-a674-de8d096bc3bd,Cetta Utama,1,2026-08-28T12:08:49.997Z,Autentikasi & Akun,Negatif,Negatif,0.9725,parah ... minta kode di perbaharui tapi begitunya udah masukin nomer kartu dan tgl lahir tiba² restart sendiri hp nya. di coba berulang kali tetep aja begitu.
6bf8af00-75f7-46aa-96bb-11dd76c72d1b,Novian Wonogiri,1,2026-08-28T12:08:29.775Z,Autentikasi & Akun,Negatif,Negatif,1,blokir aja min
a57e9f00-8935-4a37-83ee-79dd57b379e0,Bayu Longor,1,2026-08-28T11:52:52.240Z,Autentikasi & Akun,Negatif,Negatif,0.9862,ini gimana barusan buat kartu livin masa sudah keblokir
00b57ebc-4559-48d8-a3d1-0f2ef70b2918,Boyot Groot,1,2026-08-28T11:37:33.948Z,Lainnya,Negatif,Negatif,1,"aplikasi jelek, perusahaan bobrok"
64d9636d-6ba6-4d9f-a08a-7cd79d5d1aa8,PUTRA PERANTAU,5,2026-08-28T11:33:08.520Z,Lainnya,Positif,Positif,0.8565,bagus
2e33b33b-b94c-4a8b-bd40-df9865fb6404,Septa Harta Maulana,5,2026-08-28T11:32:08.675Z,Lainnya,Positif,Negatif,0.6457,lancar
41ca01d6-737d-4852-8f32-6950aaafc6eb,Azai,1,2026-08-28T11:31:00.984Z,Lainnya,Negatif,Negatif,0.946,"aplikasi bannyak masalah,tidak recommend"
d2be1b9b-e350-4848-9bf9-a26db512c573,Said Fadil,5,2026-08-28T11:23:44.234Z,Autentikasi & Akun,Positif,Negatif,0.6541,ini kenapa ko gabisa masuk livin dari kemarin
857d66e9-beff-4d68-910f-12fd6d044e6f,Mas Hakim,1,2026-08-28T11:11:28.755Z,Autentikasi & Akun,Negatif,Negatif,0.9894,uninstall.. saldo dh di pindah semua..
cf8912dd-2ff5-4d47-89be-0ebe82cf7345,Abdul muiz,1,2026-08-28T11:11:22.187Z,Autentikasi & Akun; Layanan & Fitur Finansial,Negatif,Negatif,0.9951,pindah akun Livin ke hp baru karna hp lama rusak ribet amat hadeh di suruh tlf ke 14000 habis mencet angka karna di arahin malah tiba tiba panggilan di akhiri hadeh ribet amat
a2018896-c386-4b36-a590-f548e72b776d,Heri Santoso,1,2026-08-28T11:06:24.645Z,Lainnya,Negatif,Negatif,0.8562,gk perlu di jlasakn sudah tau lah
1fc7597c-87d5-4b6b-84ad-c4d37b46824d,Anosa,5,2026-08-28T10:52:17.991Z,Lainnya,Positif,Positif,0.5458,terbaik
f5e4cd33-ecad-48ec-a44d-03dc83f96633,Fauzi TriJayanto,2,2026-08-28T10:44:31.359Z,Autentikasi & Akun,Negatif,Negatif,0.8408,ehh ini gimana dong kok aku gk bisa login ahh... udh gk dateng itu kartunya dan saya juga lupa password ny terus mau buat akun lagi dah g bisa gimana dong caranya
cdcf4f3a-02e2-410c-9d5f-f7153defb7de,Dewa Swasta,1,2026-08-28T10:43:24.976Z,Autentikasi & Akun,Negatif,Negatif,0.943,saya kagak bisa login hhjmmmmm
3d23302b-59dc-40c7-829d-5fa896b03528,Encup Sopian,1,2026-08-28T10:43:01.809Z,Autentikasi & Akun; Layanan & Fitur Finansial,Negatif,Negatif,0.9996,"rekening nasabah kau blokir, rekening koruptor dan judol kau biarkan"
0b986a9f-cb10-4b32-af28-105d0f30d9d4,Regi Novrianto,1,2026-08-28T10:42:55.946Z,Lainnya,Negatif,Negatif,0.9938,tidak di rekomendasi untuk di download guys
85aad71d-fe1e-41c9-a48e-6f6a0b98524a,Aman,1,2026-08-28T10:24:51.184Z,Lainnya,Negatif,Negatif,0.9923,pelayanan kurang bagus
ca79656e-479a-403c-bd2f-4a288f0b1532,mbroz gimick,1,2026-08-28T10:20:01.220Z,Lainnya,Negatif,Negatif,0.9632,menjijikan. patuh sama apatar daripada nasabah
57f907c5-2123-4306-97ef-c1927862a2c6,Rio Priman,1,2026-08-28T10:14:33.600Z,Lainnya,Negatif,Negatif,0.9273,takuut
00c903b6-049c-40fe-83fa-27fc8989b862,Bambang Triono,5,2026-08-28T09:51:28.368Z,Autentikasi & Akun,Positif,Positif,0.5716,Nomor kartu lupa dan exp kartu lupa sampai susah masuk livin by mandiri solusinya gimana
0f6392e6-a06e-4350-a9ce-c98831a4c2fb,Harley Pria ramdhani,1,2026-08-28T09:34:31.774Z,Autentikasi & Akun,Negatif,Negatif,0.9944,"mending saya pake bca/bri, login gabisa bisa, data udah sesuai harus nunggu 24jan, tolol"
c10d9268-6367-4a22-8d37-6dae2ac223a7,Jaji Sulanjaya,1,2026-08-28T09:30:08.332Z,Lainnya,Negatif,Negatif,1,buruk
1ae8a272-fffb-41df-9cc0-eb4eca7233db,Joshua Lionel silalahi,5,2026-08-28T09:23:24.440Z,Lainnya,Positif,Positif,0.8283,ok
a86d3999-7835-487c-875c-b861347029b0,vivian marchy,1,2026-08-28T09:19:54.341Z,Lainnya,Negatif,Negatif,1,Buruk
2d8e823c-3ea8-4111-b574-1d7e80fdad8b,Chrisna Christyawan,1,2026-08-28T08:46:54.388Z,Kinerja & Server,Negatif,Negatif,0.9501,tiba tiba eror.
3d22a7ed-e8e5-489a-bbbd-f4bfbf0ae4fa,Sutri Yadi,1,2026-08-28T08:32:19.675Z,Lainnya,Negatif,Negatif,0.9893,"kecewa banget sama tindakan kalian terhadap rakyat kecil, dan ga sedikit kasus uang hilang ga tau kemana dan ga ada solusi juga,, fix hari ini selasai.. btw byk banget BOT yg komen saking ga maunya rate lo hancur"
c7120b9e-47f6-47b9-b9f9-b52d92ac6a1a,UMAR 1610,1,2026-08-28T08:29:45.980Z,Lainnya,Negatif,Negatif,0.9979,boikot
14aab888-edef-4eaa-89b4-de3d75114495,Aan Hendryanto Widargo,1,2026-08-28T08:07:12.917Z,Autentikasi & Akun,Negatif,Negatif,0.8972,mau login pertama aja ngga bisa terus tulisannya layanan tidak tersedia sementara. sementara sih tapi udah lewat 1x24 jam tetap gak bisa
8c8b3ddb-bfae-4874-82f1-0504691ac76b,PRO fotex,1,2026-08-28T08:04:17.497Z,Lainnya,Negatif,Negatif,1,jelek
aab2a714-d9d4-40dc-8ff1-9f506056739c,Apa Mau,1,2026-08-28T07:56:52.912Z,Autentikasi & Akun,Negatif,Negatif,0.9299,pemblokiran masih tetep berjalan mohon bebenah nya
aa7b77d0-8bbd-43dd-a044-be674d18d1d6,paniii,1,2026-08-28T07:30:56.495Z,Lainnya,Negatif,Negatif,0.9852,yg ga bagus di turutin😹
105db272-d4d8-48e7-9cb8-c13d49b45eff,Eric Anjasmara,1,2026-08-28T07:28:11.180Z,Lainnya,Negatif,Negatif,0.9904,kesini cuma mau kasih bintang 1... Hahahaha.... Bank mandiri krisis kepercayaan
34062d2e-769f-4fb4-90af-b2a3e77a97b7,Bunni Gela,5,2026-08-28T06:51:21.380Z,Lainnya,Positif,Negatif,0.5749,tolong pihak yang berwajib segera memperbaiki malasan simpan kami. sering terpotong simpanan kami yang di kartu bank mandiri
2fb1bc17-00be-4418-bca3-929a6e9f7818,Dapi X tod,1,2026-08-28T06:44:29.226Z,Lainnya,Negatif,Negatif,0.9999,tolol
e946bdaf-bd5d-444a-95c1-0c5bddea1e8b,Rizky Wijaya,1,2026-08-28T06:38:27.820Z,Autentikasi & Akun; Layanan & Fitur Finansial,Negatif,Negatif,0.953,"baru juga download buka rekening, mau registrasi m-banking malah keterangan ""layanan tidak tersedia untuk sementara""."
e50ac259-14fe-4e6d-b745-f39aef174820,Rhandy Fernando,1,2026-08-28T06:34:41.403Z,Lainnya,Negatif,Negatif,0.9894,"tidak memprioritaskan nasabah, tidak bisa dipercaya"
df1286c0-c537-4d69-b01a-af92a139c152,Munir Fatlane,1,2026-08-28T06:31:41.472Z,Autentikasi & Akun,Negatif,Negatif,0.9999,"Kecewa, tukang blokir"
b13611d8-8d46-4a33-af9d-f0d5a2826a76,Abdul Aziz Pamungkas,1,2026-08-28T06:09:12.974Z,Autentikasi & Akun; Layanan & Fitur Finansial,Negatif,Negatif,0.9884,"saya mau login lewat Livin malah suruh sertakan nomor kartu debit sedangkan cs mandiri aja tidak memberitahu nomor kartu debit saya, maksudnya kek mana, saya login tanpa kartu fisik malah gak bisa, solusinya tolong dari pihak bank mandiri??"
d45362f4-d302-4abc-86c5-7842910efb70,Dayat Ruhay,1,2026-08-28T05:53:04.780Z,Autentikasi & Akun,Negatif,Negatif,0.9999,"bank bobrok, bisa² ngeblokir saldo orang"
6be8ad1b-dd90-4c26-9175-668a53539ad2,ilhamwbw004,1,2026-08-28T05:31:11.582Z,Autentikasi & Akun,Negatif,Negatif,0.9996,sering memblokir akun nasabah tanpa alasan yang jelas
97f188d5-a2d3-4b13-9d25-64b8696b6b96,gilang l.subagja,1,2026-08-28T05:29:51.293Z,Lainnya,Negatif,Negatif,0.9868,di setir oknum
072ca97f-f2c5-4e60-b62d-b002554e7188,Taurus Grage,1,2026-08-28T05:13:44.870Z,Lainnya,Negatif,Negatif,0.8863,Cukup tahu aja
e88fa06b-ec95-45e1-9603-bcdb3cfa81e0,Mamah Dedeh,1,2026-08-28T05:08:23.982Z,Layanan & Fitur Finansial,Negatif,Negatif,0.9946,rekening yang jelek uang suka hilang semoga bank ini bangkrut 🙏🏻🙏🏻
5910bba8-a5db-41bd-ac44-762f36206e65,My Fantasy,1,2026-08-28T04:55:48.564Z,Lainnya,Negatif,Negatif,0.9982,Namanya doang mandiri🤣
7d1bdb31-6cfc-4ad4-b779-0a37d41141a7,M.Aldi Andrian,1,2026-08-28T04:54:47.154Z,Autentikasi & Akun,Negatif,Negatif,1,blokir
da2f833e-5347-4267-a0ab-89ead88e9d8a,Ahmad Mubasir,1,2026-08-28T04:52:52.323Z,Lainnya,Negatif,Negatif,0.9979,BOIKOT
acaf23e7-929a-4c76-86c0-9d93a432bd4c,Aditya Bagus Pratama,1,2026-08-28T04:36:16.640Z,Lainnya,Negatif,Negatif,0.9997,apk idiot gak bisa di tarik
b77f4b1c-b7fa-49d2-9a0c-36e1ed8ca965,Fizi Fizi,1,2026-08-28T04:14:10.458Z,Autentikasi & Akun,Negatif,Negatif,0.9989,kok aneh ya tiba2 kartu atm sy di blokir pdhl masih di gunain
a7c4ae6c-af51-4e85-9eee-65b8a2b59e8d,Muhtarom Nganjuk,2,2026-08-28T04:10:07.520Z,Transaksi & Pembayaran; Kinerja & Server,Negatif,Negatif,0.9848,makin kesini makin lemot... sampai² kena marah sama orang gara² mau transfer aplikasi di buka tidak bisa... tolong dong di benahi jangan kayak gini... bikin kecewa saja
3a4229bf-7276-4e2b-80ca-8741998f26c3,Daffa Bisma Pratama,1,2026-08-28T04:06:25.622Z,Lainnya,Negatif,Negatif,0.9273,cuhh
fe542634-302c-445c-80a5-b7e1f7958e2b,samsul bahri,1,2026-08-28T04:04:21.365Z,Lainnya,Negatif,Negatif,0.9994,MANDIRI. TAPI DISETIR
0897c369-9a61-4d7d-a7cc-dfa7cdc768b1,Koyah koyah,5,2026-08-28T04:03:09.673Z,Kinerja & Server,Positif,Negatif,0.9374,beberapa hari ini saya mau buka tapi gak bisa kayak ngelag gitu kenapa ya
5f7bcfb3-8705-4612-828a-4fd3241f1254,Rizky Pratama,1,2026-08-28T04:01:57.660Z,Lainnya,Negatif,Negatif,0.9994,kecewa sekarang sama mandiri lebih mengutamakan permintaan aparat daripada kepercayaan rakyat 🥀
faa93182-64af-48f8-9835-560180b52556,Antonio Simaremare,5,2026-08-28T04:01:57.187Z,Lainnya,Positif,Positif,0.9553,bagus dan nyaman
f92e32ea-d9ca-442b-afb7-8d7ee460a78c,Febri Ansah Damanik,1,2026-08-28T03:41:08.812Z,Lainnya,Negatif,Negatif,0.981,pemblok nsbh aktivis
f6a6f1cf-d900-42a9-b2e1-e1cc2b1c0559,SUKAINA,2,2026-08-28T03:36:06.311Z,Lainnya,Negatif,Negatif,0.9637,"kenapa livin sekarang suka bangett nge freez ya? pasti harus selalu saya uninstall dulu dan install lagi baru bisa berfungsi. Yang lebih menyebalkan karena masa dalam satu bulan saya sampe install uninstall livin sampe 5 kali, capee bangett -_-||"
ade0f19a-f12c-4e98-854e-2e7065b30e67,Raw Cullas,1,2026-08-28T03:31:18.158Z,Autentikasi & Akun; Layanan & Fitur Finansial,Negatif,Negatif,0.9995,sering blokir tabungan orang
f8c776d9-c07e-4fac-b263-f4f905f410e4,Rendi Apriana,1,2026-08-28T03:28:26.978Z,Transaksi & Pembayaran; Kinerja & Server; Layanan & Fitur Finansial,Negatif,Negatif,0.9695,aplikasi gabisa di buka teros tf bank lain gagal hubungin cs lambat nyaaa
8bb9a292-3dba-475a-8ce1-467d838f3f43,Heriyanto Heri,1,2026-08-28T03:23:41.405Z,Lainnya,Negatif,Negatif,0.9701,bank penghianat
002207bb-55e3-4452-acc4-02428a376426,Aldi Novialdi,1,2026-08-28T03:16:18.954Z,Lainnya,Negatif,Negatif,0.9952,banyak potongan biaya administrasi kartu fisik nggak sampai
584ae3e2-8312-46d4-81c5-9235b773a715,yusuf Jamaludin,1,2026-08-28T03:13:58.389Z,Lainnya,Negatif,Negatif,0.9848,aplikasi ter jelelek yang pernah saya unduh
8c7c5e05-200d-4c2c-98a6-d1d90bb385e8,Azam Syukur,1,2026-08-28T03:11:21.679Z,Lainnya,Negatif,Negatif,0.9639,"aplikasinya ga bisa dibuka.,knpa ini.. saldo saya ilang ga ini nanti.. kok mandiri skrg banyak masalah ini.. biasanya sy ga pernh susah buka aplikasi,kok ini aplikasi livin berenti trus.. aneh bner."
d6602993-302a-4222-84fd-0b2b0fe9d12f,Ridwan Sitorus,5,2026-08-28T03:09:13.335Z,Lainnya,Positif,Positif,0.913,Komplit dan Spesial
dce234a1-4d4a-472a-b87d-58396c344424,Chairil Warde,1,2026-08-28T02:54:05.342Z,Autentikasi & Akun,Negatif,Negatif,0.9958,enak BCA aman gaakan kena blokir
c0787558-16ab-44f4-81ed-45b2abe40d8b,An naas nas,1,2026-08-28T02:47:06.258Z,Autentikasi & Akun,Negatif,Negatif,0.942,tidak bisa login layanan sementara tidak tersedia
1c65673c-c217-45d2-aa25-3f7b895ae116,Ashev Somiskha,1,2026-08-28T02:47:01.743Z,Lainnya,Negatif,Negatif,0.9792,aplikasi ini sudah saya hapus & saldonya sudah kosong
f4367148-d564-4be1-a5fe-0e3ea245b1cd,Nadir Nafis,1,2026-08-28T02:43:47.804Z,Autentikasi & Akun,Negatif,Negatif,0.9987,PEMBLOKIRAN AKTIVIS
af594014-a22a-4d59-9c47-6ac5b83ca2cd,Mugo Muchjayadi,1,2026-08-28T02:41:28.188Z,Lainnya,Negatif,Negatif,0.9984,HAHAHAHAHAHA BANK KOCAK YANG DI SETIR APARAT
a00aedbc-efab-43a8-9825-bbbfdbf4c018,yanti Suhanda1504,5,2026-08-28T02:24:58.671Z,Lainnya,Positif,Positif,0.5959,mempermudah
251bf7a1-c6a5-4458-93f5-a45218004276,wiwik dwi123,1,2026-08-28T02:17:26.309Z,Lainnya,Negatif,Negatif,0.9514,susah banget ambil sertivikat kpr mandiri padahal sdh lunas
d828a668-b775-4bbb-b22f-e50b224ff5d3,Nur Aisyah Apriani,1,2026-08-28T02:15:37.301Z,Autentikasi & Akun,Negatif,Negatif,0.9978,PEMBLOKIRAN NASABAH AKTIFIS !
ba6b2182-839c-4f7d-9414-7f60ff82b54e,ichaanugrah,1,2026-08-28T02:05:01.317Z,Autentikasi & Akun,Negatif,Negatif,0.8854,ini apk kenapa ya? buat login ulang baru masukin tanggal/bulan/tahun lahir tbtb bikin hp mati bolak balik
f01a3743-5017-43dd-b9e1-cdbcd50c6628,Kopi Hitam panas,1,2026-08-28T02:03:16.672Z,Autentikasi & Akun; Layanan & Fitur Finansial,Negatif,Negatif,0.9999,"maaf saldo saya tarik semua, sudah gak percaya lagi dengan bank mandiri, intinya Masyarakat sudah tidak percaya lagi dengan bank mandiri, takut kalau nanti rekening saya di blokir tanpa pemberitahuan, seperti yg di alami botok dari Pati yg tiba tiba rekening di blokir tanpa ada pemberitahuan,"
8a0b0be0-2c8f-42bc-b476-e11e22b5f501,Farhat,1,2026-08-28T02:02:15.802Z,Kinerja & Server,Negatif,Negatif,0.93,Kadang eror
c60be836-f215-4bed-bcf2-c22843382ff8,suharyono suharyono,1,2026-08-28T01:49:44.700Z,Autentikasi & Akun; Kinerja & Server,Negatif,Negatif,0.9843,"yah kocak ini apl, disuruh update, trs tau2 ke logout, giliran masuk lagi, ga bisa malah disuruh daftar baru.....emang bener2 lagi masalah bgt ini bank..."
211525a1-cdeb-4b35-97ba-f0824938f7f2,Malih Ajah,1,2026-08-28T01:42:28.204Z,Lainnya,Negatif,Negatif,1,jelek
8b4e3de9-5a4c-42b0-bc1e-cb0086b3b126,Sumi Sumi,5,2026-08-28T01:34:50.592Z,Lainnya,Positif,Positif,0.94,aplikasi livin by mandiri ini sangat mudahkan masyarakat bisa bertansfer dan mcm jenis
9f5ef7db-f0a0-4335-a7e2-ba8f9dc08f11,M Fahri Elhami,2,2026-08-28T01:28:33.750Z,Autentikasi & Akun; Transaksi & Pembayaran,Negatif,Negatif,0.9757,mau bayar pakai qris malah ada tulisan sesi telah selesai. kok tiba-tiba logout
2e126e40-fc0b-492b-af61-0e68d7efe369,ali topan (tompel),1,2026-08-28T01:16:22.820Z,Lainnya,Negatif,Negatif,0.9882,apakah mandiri sudah mandiri?
0d8fc1c7-ac21-4733-9cba-2f573a4a5da5,ACCONG AJJA ANDIK INTERIOR andik,2,2026-08-28T01:01:54.201Z,Autentikasi & Akun,Negatif,Negatif,0.9642,knapa slalu gagal buka livin mandiri. padahal sudah sukses dftar. Belum berhasil. coba lagi.
240bb272-689d-401c-885c-75895d1361b8,Dery Fathur,5,2026-08-28T00:58:09.212Z,Lainnya,Positif,Positif,0.8283,Sudah oke
940cc6c9-c06a-45aa-83de-227c91db29f2,Alpha Return,1,2026-08-28T00:53:11.456Z,Layanan & Fitur Finansial,Negatif,Negatif,0.9969,rekening saya tiba tiba ke blok
9baee213-172f-41aa-a0fb-49cdb7b2ea38,Fatkhul Anwar,5,2026-08-28T00:47:52.590Z,Kinerja & Server,Positif,Negatif,0.9506,sering eror sering eror
a3cdcd9d-0ce0-4a09-a847-4230d672a1c9,Andy Tolan,1,2026-08-28T00:33:50.181Z,Lainnya,Negatif,Negatif,0.9617,Yang raja itu adalah customer (nasabah)
6f4df9c8-1281-48e1-9402-4018e2e1c1a3,Darah Putri Melati,3,2026-08-28T00:26:33.535Z,Transaksi & Pembayaran,Negatif,Negatif,0.795,"mau isi pulsa pun gak bisa, kenapa mandiri nya ya"
cb38ba3f-ad14-413f-84d4-8f732eedf72f,Yonz Monz,1,2026-08-28T00:19:42.900Z,Lainnya,Negatif,Negatif,0.9979,Boikot
92508ffc-a88d-45c7-8f05-2df43f7d1fe0,Adithia Alfiansyah,1,2026-08-28T00:06:14.980Z,Layanan & Fitur Finansial,Negatif,Negatif,0.9432,"SALDO DI REKENING IBU SAYA TIBA TIBA HILANG 8JT. 2X DENGAN NOMINAL YANG SAMA. DI CEK MUTASI TIDAK ADA TRANSAKSI, PADAHAL IBU SAYA SELALU CEK SALDO NYA SECARA BERKALA SETIAP HARINYA. DAN KOMPLAIN KE KANTOR. KATANYA TIDAK ADA TRANSAKSI. BANK ANOMALIII. BENER TERNYATA, SEMUA ORANG BISA ILANG DUITNYA"
d8782487-4909-4215-824c-78253a5b3a8f,Sugeng Riandy,1,2026-08-27T23:59:40.158Z,Lainnya,Negatif,Negatif,0.9994,gak amanah ini bank
32bebc5c-c829-468d-afce-2e0ed40ff5ba,Shinatrya Hafiy,1,2026-08-27T23:55:08.287Z,Autentikasi & Akun,Negatif,Negatif,0.9689,"Mikir dikit kalo mau blokir saldo orang. 800jt lu blokir, gw gak peduli itu maunya APH atau apalah. ini menunjukkan bahwa mandiri tidak berkomitmen menjaga principle of confidentiality dan prudent principle."
24dc849e-a13e-4b36-bc29-846355251081,miftahun naja,1,2026-08-27T23:48:12.571Z,Lainnya,Negatif,Negatif,0.9997,boikot bank mandiri
45aa61a6-fc6a-404a-a5bb-976ad4766368,solusi teknologi,1,2026-08-27T23:35:07.995Z,Lainnya,Negatif,Negatif,0.9788,"makin parah ini aplikasi, saya sering di keluarkan dari aplikasi repot harus isi data terus setia hari, verivikasi wajahnya susah pengembangan ngga niat bikin aplikasi, bank kena serangan hecker data bocor eh aplikasinya ancur hedeh ngga bagus bintang nol kl bisa posting bintang nol"
61e97a9a-8b41-410b-995f-d32df1011b03,Armandus Andus,1,2026-08-27T23:22:07.206Z,Lainnya,Negatif,Negatif,0.9813,Sangat kecewa masih bisa di kendalikan Dan di arahkan pejabat yg berkepentingan
7252a208-2954-442d-b626-56754e4f6d34,afrizal bikerz,1,2026-08-27T22:15:41.673Z,Lainnya,Negatif,Negatif,0.996,"ah gak taulah ribet, seenaknya aja"
5eadc720-7441-4997-9f6b-e2ab4e20f1ca,agus puji,1,2026-08-27T22:04:55.994Z,Lainnya,Negatif,Negatif,0.9987,buruk dalam melayani masyarakat
61126a33-038d-401a-b24f-1afb5e4677bb,Er Ty,1,2026-08-27T22:01:20.167Z,Lainnya,Negatif,Negatif,0.9057,satmpam nya tidak ramah area di Sampit Kalimantan Tengah
9e756e59-ecf7-4939-9602-ed9304f4a508,Budi Santoso,5,2026-08-27T21:32:43.564Z,Lainnya,Positif,Positif,0.6847,semoga dikasih limit kartu kredit 50 jt
6f891138-3981-4419-8f3e-4800608bdbad,fredi fredi,2,2026-08-27T21:16:10.219Z,Lainnya,Negatif,Negatif,0.9213,"sudah 3 tahun setia dgn bank Mandiri tapi sekarang kok saya ragu yah, mau keluar aja atau bertahan, pilihan sulit"
e8b5163e-353d-4aad-b6a2-8683e5db9a60,Onky Vendi Pratama,1,2026-08-27T19:49:52.180Z,Lainnya,Negatif,Negatif,0.9557,aplikasi terburuk yg pernah si instal
31cbc04d-f035-4440-8927-bac8fd3a4d2a,carli nono,1,2026-08-27T19:35:45.210Z,Autentikasi & Akun; Layanan & Fitur Finansial,Negatif,Negatif,0.9977,takut rekening diblokir apalagi semenjak lihat video saldo 80jt lenyap
7201f4fd-5c78-4dcd-b3a0-9c43f5e2e2ee,As War,1,2026-08-27T19:32:22.343Z,Autentikasi & Akun,Negatif,Negatif,0.9983,jangan nabung di mandiri..ntar ke blokir lagi saldo nya..mandiri bukan untuk nasabah tapi untuk kepolisian
d07b711c-a766-4d3d-8a5f-d6b446e00a42,A Rahman,5,2026-08-27T19:29:11.289Z,Lainnya,Positif,Positif,0.9867,untuk saat ini masih nyaman&sangat membantu dalam bertransaksi digital tentunya..
187db699-50ae-4f1f-9753-0d58f24a28f7,Ahmad Nuruddin,1,2026-08-27T19:08:23.749Z,Lainnya,Negatif,Negatif,0.9959,di setir pejabat
53d36458-947c-43bf-864d-0973ffe4e614,Muhamad Faisal,1,2026-08-27T18:56:39.200Z,Lainnya,Negatif,Negatif,0.988,sorry hari ini saya terakhir menggunakan Bank mandiri pasca adanya demo kemarin dan saya kecewa
bf72dc61-375b-4ae7-a4cf-42c7a6f5f2b9,Mr Itachi,1,2026-08-27T18:50:17.360Z,Layanan & Fitur Finansial,Negatif,Negatif,0.9957,"bank ga jelas , rekening gw di blok tanpa kejelasan , jangan dipakai lagi guys , gal guna nih"
a56fc478-760f-4c96-89ad-cc1b8dbeabf7,Andre kurniawan,1,2026-08-27T18:49:26.791Z,Autentikasi & Akun,Negatif,Negatif,0.9966,"tiba"" terblokir ..sangat kecewa.."
117a7050-2081-4760-bf2a-30fe59338fd3,Amirul Hadi,1,2026-08-27T18:46:26.887Z,Autentikasi & Akun,Negatif,Negatif,0.9334,saya ganti ponsel tapi tidak bisa masuk lagi
62d113b8-842a-46e3-9914-16bb89fd7188,Awal Dunia,1,2026-08-27T18:43:46.902Z,Lainnya,Negatif,Negatif,0.9907,gk pro nasabah
0f372e19-adad-4056-91d3-be2debabd813,Fajar Pamuji,1,2026-08-27T18:14:57.540Z,Lainnya,Negatif,Negatif,0.9698,bank tidak dapat di percaya
8fd53360-68c5-46b9-9462-0c4724357d58,Heri Bancet,1,2026-08-27T18:13:57.129Z,Lainnya,Negatif,Negatif,0.9807,"livin mandiri konyol,gk bisa di buka sering gangguan,,"
9ca8b4bf-5b98-40b9-af56-3d01d007d2d4,nepentes,1,2026-08-27T18:06:39.762Z,Lainnya,Negatif,Negatif,0.9859,jangan nabung disini guys. problematic parah cuyy
907a63ea-ff6a-4e93-b668-a68b02297d7b,Imas hasna93,1,2026-08-27T17:48:52.866Z,Lainnya,Negatif,Negatif,0.9991,apk tololl boikot
8e35ac08-d6bc-4af5-ba4b-c851bae56c00,Muhammad Erwin,2,2026-08-27T17:46:41.814Z,Lainnya,Negatif,Negatif,0.9734,apa apa harus ke cabang. gak semua orang punya waktu.
2c2cfd9a-d66a-48d5-b064-3af6a1131c74,Perjalanan Hidup,1,2026-08-27T17:40:11.956Z,Lainnya,Negatif,Negatif,0.9997,Boikot bank mandiri
aa4fd8c7-96e8-4959-9376-a61f16a21ceb,Bagus Pratama,1,2026-08-27T17:36:53.714Z,Lainnya,Negatif,Negatif,0.9801,males mending instal aja
b089e96d-7f99-44ec-ae4a-0ccaecb2eeb3,Syifa aulia,1,2026-08-27T17:22:33.234Z,Transaksi & Pembayaran,Negatif,Negatif,0.9708,masak potongannya besar sekali.dana tinggal 10rb dikuras habis buat potongan aplikasi livin.
ee30c435-6ccc-4fb6-9e1f-3fceb51e28b9,KABALIK Creative,1,2026-08-27T17:20:05.500Z,Lainnya,Negatif,Negatif,0.9934,uninstal
d47b5dde-3373-4e35-a9df-4992cebd5214,Firdaus Irma,1,2026-08-27T17:14:12.359Z,Lainnya,Negatif,Negatif,0.9741,"zioni. nurut sma pemeritah, pemerintah yg gaji rakyat"
bd0eb507-8cf2-4956-8e2d-f92d8d145690,Julian Rio,1,2026-08-27T17:03:41.890Z,Autentikasi & Akun,Negatif,Negatif,0.9798,"yang gede aja diblokir, apalagi yang kecil"
59f20ecb-3b65-4e45-b426-526542a1094f,DIDIK HARTADI SAPUTRA,1,2026-08-27T17:02:20.730Z,Lainnya,Negatif,Negatif,0.9984,bank penipu
73b3b4d8-9d9b-4d99-80a0-586a69eed228,waud rakopen,1,2026-08-27T16:53:00.172Z,Autentikasi & Akun,Negatif,Negatif,0.997,"mandiri?? maaf ada bank lain yg lebih kompeten dan aman,tanpa ada blokir blokir kyak akun mas botok.sorry ye"
21179335-731e-4737-84db-8c88ea72e009,A G,1,2026-08-27T16:51:30.584Z,Lainnya,Negatif,Negatif,0.9799,bintang 1 dulu
93472973-2c4e-4981-b997-b76faf1891fe,Elisa Novaliana,1,2026-08-27T16:49:30.252Z,Lainnya,Negatif,Negatif,0.9914,jahat sama aktivis!
14c85187-73b4-4c57-9c10-84950991e235,icvan sugoro,1,2026-08-27T16:28:58.771Z,Autentikasi & Akun,Negatif,Negatif,0.9995,berbahaya dapat di blokir kapan aja kalau ada perintah aparat
61242727-2246-4bbc-9069-eda66ad70b9d,Muhammad Missel,1,2026-08-27T16:25:54.688Z,Autentikasi & Akun,Negatif,Negatif,0.9715,kenapa aku ga bisa masuk ke akun livin mandiri aku ya setelah hp ku di restart
558725fd-42f8-445e-957c-6daaaa0f8190,Ahmad Sandy Satriyo,1,2026-08-27T16:16:14.731Z,Lainnya,Negatif,Negatif,0.9469,"yok boikot, yg rating bintang 5 rata² buzzer aowkwowk"
260f3597-6239-47da-b01c-0c5ddf56a3d5,Ben,1,2026-08-27T16:13:55.590Z,Lainnya,Negatif,Negatif,0.9574,Trust issue
2f4f6f8d-7fad-42e5-a22b-dd63174fd82f,Romadhon D. Prakoso,1,2026-08-27T16:11:25.383Z,Lainnya,Negatif,Negatif,0.9455,Jujur saya sebenernya BCA user cuma karena bank ini lagi hotnews ya gw kasi bintang 1 🤣🤣🤣
3c8743b0-619b-4306-8fc8-21a501ab7952,Duo Lapan,1,2026-08-27T16:08:32.179Z,Autentikasi & Akun; Layanan & Fitur Finansial,Negatif,Negatif,0.9945,"saya sebelumnya penguna mandiri, tapi sejak kejadian pemblokiran rekening, mulai sekarang saya memutuskan tidak mengunakan lagi aplikasi maupun bank ini, saya sangat kecewa,sangat kecewa"
012cdc81-25fc-448c-bd0b-9a1e64ff9f2c,Andrew Rahadianto Basuki,1,2026-08-27T16:02:53.408Z,Lainnya,Negatif,Negatif,0.9141,"Mentang2 lagi ada DEMO, sampe2 Apk aja gk bisa dibuka! 1di0T"
25b1367f-03c5-41d8-8586-b818393d50de,Ramdhan Argo,1,2026-08-27T15:40:23.464Z,Lainnya,Negatif,Negatif,1,jelek
c8377957-945f-4dd4-9610-6207b6977756,Odoy Idoy,1,2026-08-27T15:37:25.819Z,Autentikasi & Akun; Layanan & Fitur Finansial,Negatif,Negatif,0.9991,uang udah masuk ke rekening Livin mandiri ..ga bisa masuk ke akun Livin mandiri 😡 uang 500 rbu
34be65c9-a548-4677-be97-0a2f3f5f78df,Fauzi M,1,2026-08-27T15:34:28.721Z,Autentikasi & Akun,Negatif,Negatif,0.9199,"ohh inii bank yg melanggar hak pelanggan alias debitur dengan memblokir semaunya dan seenaknya.. fix, bank ga sehat.."
2a75b1b6-b4b5-4462-bc46-a261877e8867,Radeva Tirta,1,2026-08-27T15:30:16.332Z,Autentikasi & Akun,Negatif,Negatif,0.9988,hati² duit lu diblokir wkwk
0e8ce09a-4b9c-4f7f-88ef-237809cda2c4,Miftah Faridz,1,2026-08-27T15:18:56.389Z,Lainnya,Negatif,Negatif,0.9992,"sangat kecewa dengan bank mandiri selaku bank BUMN, mending ke bang swasta aja"
de331008-8396-4ddc-b3f2-b8b6ce8e8e31,ipull 27,1,2026-08-27T15:16:35.873Z,Lainnya,Negatif,Negatif,0.9965,kecewa
97c67a7e-4179-4d8a-a8c0-ac5c636d5819,Mahwan Gunawan,1,2026-08-27T15:13:16.559Z,Lainnya,Negatif,Negatif,1,bank tolol
6b58b4ae-0b83-4e9f-ae54-189ce5abba96,Lis Aryati,5,2026-08-27T15:09:40.979Z,Lainnya,Positif,Positif,0.8283,aplikasi okee
9341a7a3-dfcb-4cb0-ba2d-c8ad1ab53ae3,BademEn,1,2026-08-27T15:02:23.287Z,Lainnya,Negatif,Negatif,0.9971,ngak suka lagi sama bank mandiri
3b4569a4-9f43-473c-bb27-84a69b3d1706,Darkside Area,1,2026-08-27T14:48:52.512Z,Lainnya,Negatif,Negatif,0.9816,uninstall bankjingan
b960c662-d2b0-42f3-96d7-4c65ef26de24,Mery Yansyah,1,2026-08-27T14:39:28.919Z,Lainnya,Negatif,Negatif,0.9979,"bank gak jelas, pelayanan jelek baik digital maupun orang yg kerja di BUMN aparat"
2b8fc6fe-7de0-4685-a507-106aa855b63a,Zarief Zaynal,1,2026-08-27T14:28:54.513Z,Transaksi & Pembayaran,Negatif,Negatif,0.9631,suka gagal transaksi menggunkan qris
61243fea-fd67-45ff-9c9f-054950d0b11c,toupik topiks,1,2026-08-27T14:27:40.280Z,Transaksi & Pembayaran,Negatif,Negatif,0.9693,dana pati kemana min?
8a9658de-399f-4a2d-8a24-8f9da4f08367,Fathia Rashida08,1,2026-08-27T14:22:09.960Z,Autentikasi & Akun,Negatif,Negatif,0.9999,malah tiba tiba logout jelek bener
4241ba94-a409-4fba-9b1b-546b35d32eda,Lukman Hakim,1,2026-08-27T14:19:27.750Z,Lainnya,Negatif,Negatif,0.9965,"Menyimpan uang di bank itu soal kepercayaan, dan mulai detik ini saya sudah tidak percaya lagi dengan BANK MANDIRI 🙏"
393df565-3929-4f0e-b6d3-2ac46b62d46b,Hazmi Nahrizal,1,2026-08-27T14:18:31.150Z,Lainnya,Negatif,Negatif,0.9993,payah
67640c1c-d368-4ae0-81f1-7919045811b4,Firman Syah,5,2026-08-27T14:05:52.250Z,Autentikasi & Akun,Positif,Negatif,0.8238,"lbih baik jangan pakai bank ini , suka ngeblokir uang ga jelas ,#boikot"
2ab9ea2d-1404-4d6d-9184-408c1ea4582d,Ardani Dani,1,2026-08-27T13:57:15.428Z,Lainnya,Negatif,Negatif,0.9568,bank penindas
6be5577c-a6d9-4757-a550-c288b078db42,Ujang Jandan,1,2026-08-27T13:51:18.533Z,Autentikasi & Akun,Negatif,Negatif,0.9995,takut saldo gua diambil kaya orang lain di blokir
0438a9b9-065e-4f15-84d5-261f164d8045,Saiful Mukminin,1,2026-08-27T13:46:25.721Z,Autentikasi & Akun,Negatif,Negatif,0.998,benar² mengecewakan dan tidak amanah mendin pindah BCA aja
3da3aca4-cd82-40ce-8a2d-84f87c0e69bb,Bancet Geprek,1,2026-08-27T13:37:41.160Z,Autentikasi & Akun,Negatif,Negatif,0.9999,pemblokiran nasabah aktivis
49d36bcf-3efa-4cfb-8404-eb818247700e,MSHAHDANRY,1,2026-08-27T13:34:00.454Z,Transaksi & Pembayaran; Layanan & Fitur Finansial,Negatif,Negatif,0.9846,"scam masa iya ada biaya pengendapan, trs klo mau narik sisa saldo nya jg ga bisa di apa apain, mau tutup rekening harus bayar 50k lagi, hadehhh"
73e5a7d0-6ccb-4bdf-9ce3-c9c5bb410765,Hans champ,1,2026-08-27T13:31:44.200Z,Lainnya,Negatif,Negatif,0.9965,kecewa
28f9742a-5498-40d1-aaa7-df9cb49e51ee,Pasha Kusuma mahardika,1,2026-08-27T13:28:54.240Z,Kinerja & Server; Layanan & Fitur Finansial,Negatif,Positif,0.7023,"loading interface nya lama ga kayak bank sebelah, nyairin deposito malah lebih susah, okelah kalo mulus, ini mah disuruh nyalain lokasi tapi lokasi nya ga kedeteksi, jadi lama banget nyairin nya, aneh aneh, bukannya mempermudah malah mempersulit, kalo mau nambahin fitur ya di tes dlu lah Ampe berhasil tanpa kendala, ini kendalanya sama Mulu di lokasi, aneh banget"
437d3af2-4e42-487d-a82a-b9f02e97f8a7,Fairuz Hanifah,1,2026-08-27T13:28:18.575Z,Lainnya,Negatif,Negatif,1,jelek
a2148eb8-15ca-4482-8942-6de7cbcae120,Vano,1,2026-08-27T13:19:09.807Z,Lainnya,Negatif,Negatif,0.9994,boikot bank ini
5338f867-f006-43eb-a3d1-7f18083d60d7,Alfredo ginting,1,2026-08-27T13:13:47.697Z,Lainnya,Negatif,Negatif,0.9273,bauk
e019f592-c4ce-42b4-ada1-e2f11a73c4a1,Hendra Saputra,1,2026-08-27T13:08:16.753Z,Autentikasi & Akun; Layanan & Fitur Finansial,Negatif,Negatif,0.9999,masak di suruh blokir rek sama aparat mau ngak amanah
e64ed301-def6-499e-b354-bcb8b4bcf87e,Imam Rifai,1,2026-08-27T13:03:57.954Z,Autentikasi & Akun; Layanan & Fitur Finansial,Negatif,Negatif,0.9991,masih belum bisa buka livin mandiri ... mungkin efek rekening botok di blokir
024adbc5-c844-4246-a46d-823cfff68e38,SUHU YAN,1,2026-08-27T13:01:11.239Z,Autentikasi & Akun; Kinerja & Server,Negatif,Negatif,0.9912,"Dari dulu memang bank mandiri ini bank Bumn yang nyusahin ,tidak ada pemencahan masalah dan solusi. kartu atm keblokir jam segini 19:59 wib di haruskan buka di cabang bank terdekat ,haaaloo jam segini buka di mana bank mandiri cabang terdekat ??!!! beda sama bank lain jika salah pin tidak ngelink ke aplikasi cmn verif nomor kartu debit saja seperti bank bca ,bni,bri. memang bank mandiri ini udah bener dan PANTES untuk di boikot dan di bumi hanguskan di INDONESIA. bangsaaaaat memang !!!"
e7b859e5-a38c-4169-bf78-7841e6efe620,Purnama Maulana,1,2026-08-27T12:52:21.100Z,Lainnya,Negatif,Negatif,0.9978,bank tak jelas lol
f92ddc0d-71e5-43c2-9899-a3e804fa5295,Khairil Anwar (Eril),1,2026-08-27T12:42:23.820Z,Lainnya,Negatif,Negatif,0.9988,Saya sudah tidak percaya dengan bank Mandiri
0122b67a-0bbb-43c7-b22a-f982582ea95b,Sumayya pramesti,1,2026-08-27T12:42:15.870Z,Autentikasi & Akun; Layanan & Fitur Finansial,Negatif,Negatif,0.999,"pemblokir nasabah aktivis! hati"" rekening anda bisa di habiskan dalam sekejap atas kemauan mereka"
35ed8122-ed13-4a43-ba58-972bf33ab134,Ikram_ Zzz,1,2026-08-27T12:38:06.484Z,Lainnya,Negatif,Negatif,0.9999,tolol
62b6c7b4-0f8b-4ed7-b0f4-b401ee21e17b,dhimas dwi fakhrozi,1,2026-08-27T12:37:41.230Z,Lainnya,Negatif,Negatif,0.9954,ngerii
76de07ae-8e91-44e8-b396-e815e55cab90,Deden Raditya,1,2026-08-27T12:36:50.134Z,Lainnya,Negatif,Negatif,0.9916,kacung pejabat
c288ce7a-0e58-471b-b406-8af87b001e65,Eka Sukma,1,2026-08-27T12:36:02.636Z,Lainnya,Negatif,Negatif,0.9851,bisa diintervensi pihak luar tanpa aturan yg jelas itu berarti mengkhianati kepercayaan nasabah
837b1f19-2287-441e-8cd8-ea85fcc69e13,Hadi Sumarna,1,2026-08-27T12:34:39.670Z,Layanan & Fitur Finansial,Negatif,Negatif,0.9941,hapus apk ini karena takut uang tabungan di blok
7a77cf17-1d46-49d8-b6b5-deefe1e5a0bb,geliga pedes,1,2026-08-27T12:29:52.490Z,Autentikasi & Akun,Negatif,Negatif,0.9999,"ga aman, awas di blokir"
d24bc34a-e0ad-426d-a0a6-73d1bdde5879,AJI ILHAM SAPUTRA (Ilham),1,2026-08-27T12:26:33.589Z,Lainnya,Negatif,Negatif,0.9641,komplotan korupsi
086edde3-446f-4d4e-a650-5179c4cf13f6,Arya Kamandanu,1,2026-08-27T12:25:16.132Z,Autentikasi & Akun; Transaksi & Pembayaran,Negatif,Negatif,0.9991,"blokir nasabah tanpa ketentuan hukum yg jelas. gk memiliki landasan untuk menjaga privasi dan dana nasabah, sehingga mampu di tekan. sekelas bank bumn kok gak amanah sih"
37479da1-64cb-46db-872a-2a8f1b0fb184,Denga keliveo,5,2026-08-27T12:23:52.911Z,Lainnya,Positif,Positif,0.7536,sangat puas
dc1eba98-0d85-41bb-9fe6-9886bf9ff158,Ajuar Sani,1,2026-08-27T12:22:12.612Z,Lainnya,Negatif,Negatif,0.9811,bank gak ad otak
0a496900-fde6-4302-a105-db47fc861e97,Geldisna Geldisna,5,2026-08-27T12:21:08.694Z,Lainnya,Positif,Positif,0.9636,bagus😍
6b8bcde0-4427-4717-b086-b13e7f80aa63,Nurhadi,5,2026-08-27T12:20:10.225Z,Lainnya,Positif,Positif,0.8968,mudah digunakan
fdea4488-4897-4138-9050-780465bc2ce6,Mukhamad Adib Azka,1,2026-08-27T12:14:29.866Z,Lainnya,Negatif,Negatif,0.9799,Bintang satu dulu
e8f67ad8-1301-4d52-b5f6-4af2535de824,Krisna Dwi,1,2026-08-27T12:13:15.443Z,Lainnya,Negatif,Negatif,0.9993,ga bermutu
547e7de5-d2aa-421d-8f9e-c629cd5ee891,Davie,1,2026-08-27T12:05:22.735Z,Lainnya,Negatif,Negatif,0.9969,aplikasi gak guna
f1b168e9-d81f-434b-93d4-f4a93c23501a,Zaenudin Zaenudin,1,2026-08-27T12:04:03.191Z,Autentikasi & Akun,Negatif,Negatif,0.9989,"uang koruptor di jaga,uang donasi di blokir😹"
60f784a8-df71-4e47-b686-16d389c69222,leon s Kennedy,3,2026-08-27T11:49:55.655Z,Autentikasi & Akun,Negatif,Negatif,0.9734,kok ga bisa login padalah hp saya masi support
2df81390-bcf9-40db-8c95-cbdd3b5d72e4,Bin Rohit,1,2026-08-27T11:47:53.760Z,Kinerja & Server,Negatif,Negatif,0.9543,lambat aplikasinya
a7924cf5-757a-4249-bc38-0ccf7561a8fe,Rell's x BRILLIANCE [M3],1,2026-08-27T11:44:37.438Z,Lainnya,Negatif,Negatif,1,bank bobrok
81cfd652-0e6f-4ad2-ac44-d440c44ff8fa,Ahmad andre Andre,1,2026-08-27T11:43:29.683Z,Autentikasi & Akun,Negatif,Negatif,0.9977,jngn mau nyimpen di mandiri ya bnyk yg di blokir uang pda ilang
2f35936a-bfac-4a28-8664-91e3cd663ee4,Prince RIMBA,3,2026-08-27T11:39:45.160Z,Lainnya,Negatif,Negatif,0.7171,selamat malam mau bertanya knap livin sy susah di buka hanya stak di logo aja tolong di bantu
c16b50bb-3fba-4650-831b-c719354d5f31,Diana ratu Umam,5,2026-08-27T11:39:44.500Z,Autentikasi & Akun; Kinerja & Server; Layanan & Fitur Finansial,Positif,Positif,0.7474,"apk kok eror mulu niat bikin aplikasi gasih pindah rekening aja malesin butuh buat ngirim kok ga bisa , sengaja kasih bintang 5 biar di baca"
c0f4f842-dbf8-4b4a-b314-118848ca35d0,Samsunggalaksi J5primeblentong,1,2026-08-27T11:36:34.681Z,Autentikasi & Akun,Negatif,Negatif,0.9716,wkwkkw sabar ya yg saham nya turun+ rugi makannya jangan asal ambil langkah salah langkah berakibat fatal bay bangk mandiri kartu ku udah ku potong+akun nya ku hapus
c2b2e5d5-23db-4f1d-a8f0-e3e37f628c8d,Bayu Putra,2,2026-08-27T11:32:55.105Z,Lainnya,Negatif,Negatif,0.8241,"setiap dibuka selalu muncul tulisan, BELUM BERHASIL TERHUBUNG.mohon dibantu, mau transaksi jadi susah."
4f28189c-7353-4182-8e3a-44b592804d37,Deeep Satu,1,2026-08-27T11:31:00.737Z,Lainnya,Negatif,Negatif,1,sampah
eafdbb41-bde6-4c5f-a524-23e03fdebfb8,Muhammad Nadzif Hidayatullah,1,2026-08-27T11:30:52.476Z,Autentikasi & Akun; Layanan & Fitur Finansial,Negatif,Negatif,0.9956,"Jujur sebelumnya gw seneng banget ama mandiri ini banyak kemudahannya dan semacamnya dari bank lainya. Tp Kali ini lu mengecewakan kepercayaan para pengguna... Dengan mudahnya lu blokir punya seseorang, hanya karna suruhan pihak aparat. Aneh lu, lainkali kl bertindak gaperlu ikut campur kl dah berkaitan ama data pribadi rekening orang. Satu kata buat mandiri (KECEWA)"
4f7249af-6ecc-4687-aea7-076d74dac6b8,triana mahardika,1,2026-08-27T11:28:38.514Z,Lainnya,Negatif,Negatif,0.9896,mandiri tapi engga mandiri
b714a668-8cb7-4a3e-91c1-dbe705ab1677,surya sajaa,1,2026-08-27T11:24:07.620Z,Autentikasi & Akun,Negatif,Negatif,0.9997,hati2 di blokir nih😂
7a347535-f997-4573-9a31-22605cccaf24,Andika PN,1,2026-08-27T11:23:45.285Z,Lainnya,Negatif,Negatif,0.9449,Bank Pemerintqh!
19e427b0-cb79-4590-a218-d2db02282b1d,Pramodyo Andhi Ardana,1,2026-08-27T11:23:07.182Z,Lainnya,Negatif,Negatif,0.9442,"e money gw sering kepotong, lempar sana lempar sini ga ada yg mau tanggung jawab"
ff5a330e-6081-42d5-92e5-eefd8cf5d29f,muh hotim,1,2026-08-27T11:13:10.844Z,Autentikasi & Akun,Negatif,Negatif,0.7354,"baru salah 2 pawrd aja suruh ganti,gimna klu di mainin anak ,mau ganti paswr berkali2 ,kami ini manusia ada salah dan lupa nya jadi harus di kasih waktu biar bisa login lgi"
98c488c1-d3bf-4fc6-b884-19d83077e62c,31. RAID BUDI PRASETYA,1,2026-08-27T11:12:01.628Z,Lainnya,Negatif,Negatif,0.9987,bank gak aman ini
1722a693-c40d-46e7-a808-5af960957b06,Tyshawn Judd Faisal,1,2026-08-27T10:58:25.574Z,Lainnya,Negatif,Negatif,0.9969,tidak berguna
ef4f2dd1-20bc-4df5-ad6f-664e4a3d61eb,Aliya Atifah,1,2026-08-27T10:55:19.944Z,Layanan & Fitur Finansial,Negatif,Negatif,0.9836,"kenapa saya ga bisa buat rekening tanpa kartu ya? saya lihat di tutor ada tulisan ""belum punya rekening"" di awal buka apk. tapi di hp saya kok ga ada ya?? mohon penjelasannya."
16559b5f-1410-4650-a3b5-be4773b85889,Muhammad Johan L,1,2026-08-27T10:54:58.189Z,Lainnya,Negatif,Negatif,0.9996,Boikot mandiri.
c994193b-9123-41fc-81ec-b9eb213474bd,Bamboo Cliper,1,2026-08-27T10:48:14.167Z,Autentikasi & Akun; Layanan & Fitur Finansial,Negatif,Negatif,0.8969,"ATM mandiri terlalu banyak iklan promonya, setiap pindah stap selanjutnya harus nunggu pamflet digitalnya dlu"
b358d3e8-8fc6-4850-b474-a5b1ba4b4eaf,Adi Maulana,5,2026-08-27T10:44:12.367Z,Lainnya,Positif,Negatif,0.812,aduh
a4e352f6-6dc0-4854-881f-b9d7aa288671,mhmdfjr Eria,1,2026-08-27T10:37:09.503Z,Lainnya,Negatif,Negatif,0.974,APK KOCAK NYEDOT SALDO
f69c5346-f73b-425b-b975-a60875c4569e,Kalkun Indonesia,1,2026-08-27T10:34:55.315Z,Autentikasi & Akun,Negatif,Negatif,0.9969,"gak respek sama mandiri, setelah blokir sepihak tanpa keputusan pengadilan"
e60492ac-b990-4695-9cd6-70454b79a21a,derii Lina,1,2026-08-27T10:31:22.802Z,Lainnya,Negatif,Negatif,0.9989,"blunder mandiri, boikot mandiri"
039b20e3-6c4f-4515-b819-990f25c41eec,Andhika Ramadhan,5,2026-08-27T10:29:54.251Z,Autentikasi & Akun; Kinerja & Server,Positif,Positif,0.693,"kenapa ya mandiri akhir² ini sering ngeblok akun orang? untungnya lu belum ngeblok akunku, trs jg ini aplikasi lelet bgt loadingnya setengah hari baru kebuka padahal saya make iphone 17pm 2 cash dan kartu 5g tetapi masih aja ngeleg"
97123e23-07dc-4731-963c-a98953f8820c,risqullah mukhsin,1,2026-08-27T10:21:17.511Z,Lainnya,Negatif,Negatif,0.9998,sampah banget sistemnya
a1eeedbb-6263-48e5-8796-6c7ee58399d4,Fathan Okmadino,1,2026-08-27T10:20:59.199Z,Lainnya,Negatif,Negatif,0.9904,tarik masal semua uang di mandiri!!!
d0697e97-a3ec-4ad0-ada4-17effff3f0ca,Yoga Prasetya,1,2026-08-27T10:11:40.438Z,Lainnya,Negatif,Negatif,0.9853,"jangan taro duit disini gess, ini bukan bank. nggak recomended deh pokoknya"
9d18aa3f-4b1f-4aee-9b65-a5ae241d14f1,Cecep Saepudin,1,2026-08-27T10:10:44.700Z,Autentikasi & Akun,Negatif,Negatif,0.9998,Jagan main blokir aja dong.... jelek bener kepercayaan nasabah jadi ga mau lagi nyimpen di sini
15b0b428-fba2-4c50-85a4-fccf0cb9b2f9,Freya 505,1,2026-08-27T09:53:47.630Z,Lainnya,Negatif,Negatif,0.998,sangat parah.. bank baikot
c10b523f-af79-4cfc-bc55-bb0c989ad4f8,Desi Mila,1,2026-08-27T09:50:04.866Z,Autentikasi & Akun; Layanan & Fitur Finansial,Negatif,Negatif,0.9994,"kacau, orang yg tidak bersalah akun dan tabungan nya di blokir.......!!!!!!!! sungguh kejam kalian.........!!!!"
6d9e64c5-1600-489f-8f36-747039f0ec64,M Rifky Solleh M,1,2026-08-27T09:47:32.459Z,Autentikasi & Akun,Negatif,Negatif,0.9998,BANK PARA KORUPTOR DI BLOKIR GA?
0900800a-8aa9-4bea-bdce-4849e20b0337,Indra Kurniawan,1,2026-08-27T09:40:10.425Z,Lainnya,Negatif,Negatif,0.9979,boikot
1be38d2c-59ff-41b9-b693-3466f403f3a7,M.H.M Clone,1,2026-08-27T09:29:00.119Z,Kinerja & Server,Negatif,Negatif,0.9663,silahkan cari bug nya
4ddc5f95-8b7c-4b8c-865b-acb41d10a845,Lumbantoruan Farida,1,2026-08-27T09:28:56.303Z,Lainnya,Negatif,Negatif,0.9639,apk jlek
73b062dc-bb7b-4f90-936b-98c13d65a743,indra lesmana,1,2026-08-27T09:25:58.702Z,Lainnya,Negatif,Negatif,0.9499,manut aparet ni y
ba3153bb-2d5a-421b-8a6d-9dc9a39e2bfb,Ilham Maulana,1,2026-08-27T09:06:03.455Z,Lainnya,Negatif,Negatif,1,buruk
f91306eb-9b81-4e2a-9537-e856de4917c5,rafka jelek,1,2026-08-27T09:02:08.321Z,Autentikasi & Akun; Kinerja & Server,Negatif,Negatif,0.9982,tidak di rekomendasikan aplikasi ini karena takut nya di blokir😵
d7a3e5e0-626f-4143-b890-ba556b1c6c14,Mulki Rifki Sehabudin,1,2026-08-27T09:01:34.524Z,Lainnya,Negatif,Negatif,0.9273,savebotok
cd30d37f-a06c-465c-bb27-94d95fe566fc,Muhammad Holil,1,2026-08-27T09:00:49.935Z,Lainnya,Negatif,Negatif,0.9849,antek² asing
bfb878b7-1576-4af3-85c6-be0fc15f3fa3,Meiful Soofull,1,2026-08-27T08:53:32.470Z,Lainnya,Negatif,Negatif,0.996,bang yg bisa disetir polisi. percuma kalian nabung.. duit bisa ilang.
33999fe0-a371-49b8-a725-7d56afdfb585,Slamet Widodo,3,2026-08-27T08:51:04.460Z,Lainnya,Negatif,Negatif,0.7582,banyak kemudahan yg sy dpt dr livin mandiri
02b5e83d-14d7-40b4-831c-e2ccbd535f93,Wawan Sumarno,1,2026-08-27T08:45:11.377Z,Lainnya,Negatif,Negatif,0.9993,burukk
471370c1-1810-49be-9ee6-2e8e85a0df02,Dahru Fradana,1,2026-08-27T08:35:56.962Z,Autentikasi & Akun,Negatif,Negatif,0.9638,"pemblokiran aktivitas tampa sebab, dan tidak di kembalikan uang nya"
d8f054dc-425d-4df1-85d3-9d564a7ee163,Xiao Yan,1,2026-08-27T08:32:57.669Z,Lainnya,Negatif,Negatif,0.9791,Jadi Ragu Lanjut Nabung Di Mandiri Ya Mungkin Bank Swasta Bisa Jadi Pilihan Ku Selamat Tinggal Mandiri 😁
5126edb6-857e-45bb-b6a9-ef3af61ec1a0,Khumaeroh Sholiha,1,2026-08-27T08:32:30.513Z,Lainnya,Negatif,Negatif,0.9979,boikot
1fea0d44-bcea-4d88-893b-899f9274e5b6,DITYA Gamers,1,2026-08-27T08:24:57.621Z,Lainnya,Negatif,Negatif,0.9984,waduh udah ga aman lagi nih nyimpan uang di mandiri
63c63361-a0a4-40b1-aa1f-a7b373ecf830,Kiki Maulana,1,2026-08-27T08:20:13.485Z,Autentikasi & Akun,Negatif,Negatif,0.9999,saldo takut di blokir
f5955894-1cfc-4d37-896d-e13f4d8a74db,Ade Leman,1,2026-08-27T08:19:20.617Z,Lainnya,Negatif,Negatif,0.999,kecewa sama mandiri
777a3bd4-4943-4c46-bc03-ff5cc1f24e23,Ahamd nur Daffa,1,2026-08-27T08:16:06.340Z,Autentikasi & Akun; Transaksi & Pembayaran,Negatif,Negatif,0.9952,BANK REZIM (PEMBLOKIRAN DANA ORANG TANPA HARUS IZIN )
948fe8f1-e73c-48cf-89ba-42cb3ba397e5,ANAK SD ONLINE,1,2026-08-27T08:15:38.726Z,Lainnya,Negatif,Negatif,1,bank sampah
69099ecc-215d-40fe-b62d-1024ddf40959,Rizky Pratama,1,2026-08-27T08:10:17.399Z,Autentikasi & Akun; Layanan & Fitur Finansial,Negatif,Negatif,1,sangat kecewa karna blokir rekening seenak nya
cc1530b3-8e0b-4c22-93d1-06f2979ba857,Anjar Asmara,1,2026-08-27T08:07:21.555Z,Lainnya,Negatif,Negatif,0.9804,tidak menjamin privasi nasabah
e1162eec-9931-4100-8c0d-a580d2c38d40,Rohman,1,2026-08-27T08:04:22.934Z,Lainnya,Negatif,Negatif,1,buruk
5ab26726-7765-432b-a364-586a16178b45,Zulfahmi Irwan,1,2026-08-27T08:01:33.431Z,Lainnya,Negatif,Negatif,0.9965,mengecewakan
b38783f7-3a2c-49f0-977d-7c3ea82e680a,faisal daffa,1,2026-08-27T07:39:19.985Z,Lainnya,Negatif,Negatif,0.9246,tidak dapat di percaya seujung kuku pun.
4ac6e58e-1ec2-49b1-b18a-e79d85aa799c,Jaka Adrian Perdana,1,2026-08-27T07:32:06.498Z,Autentikasi & Akun,Negatif,Negatif,0.994,"takut diblokir saldonya, ngerih. BCA aj yukk"
0dae02ba-52f4-422c-92d6-df05fc040ff8,Nanda Aria Putra,1,2026-08-27T07:20:40.790Z,Lainnya,Negatif,Negatif,1,👎
85aa9ab8-4c49-4909-b9da-2566486056ae,SENATUNE Channel,1,2026-08-27T07:03:06.793Z,Lainnya,Negatif,Negatif,0.9951,aplikasi koruptor
f24cba84-e955-43b5-b8c9-16213c01e38c,Sayyid Rido Al'gifari,1,2026-08-27T07:01:54.724Z,Kinerja & Server,Negatif,Positif,0.9602,Bagus membantu dan mempermudah transaksi namun untuk update terlalu keseringan
0db453ca-5145-44f8-a6f8-60fba7da10ae,Fixzzz,1,2026-08-27T06:58:35.572Z,Autentikasi & Akun,Negatif,Negatif,0.9992,aplikasi pemblokiran nasabah
e838be6b-fed6-42ea-80e8-5f889d08b86e,Leibniz,1,2026-08-27T06:55:28.186Z,Lainnya,Negatif,Negatif,0.9775,"sangat mengecewakan, aplikasi sering forced close."
399b5959-a021-4877-a7f7-b0a83deddb57,A Khairani,1,2026-08-27T06:53:14.620Z,Lainnya,Negatif,Negatif,1,"saya kehilangan kepercayaan pada Bank mandiri, uninstall👎"
099f9f47-2eae-45df-be5f-caf2e8b67234,Pantat Lobang,1,2026-08-27T06:47:45.151Z,Autentikasi & Akun; Kinerja & Server; Layanan & Fitur Finansial,Negatif,Negatif,0.7377,"Aplikasi macam apa ini cacat betul,kami ini sdh percaya pake mandiri,kami kerja dipelosok & tdk ada bank disini utk cek & transaksi pake kartu fisik,makanya kami butuh Livin. Tapi knp daftarnya susah betul,sllu ngestuck dibagian selfie,tengok kirikananlah,kediplah sampe kedip slow kedipcepat entah brp ratuskali tetap tidak bisa,itu lingkaran birunya tidak mau full & gagal sdh,keluar notif batas hari ini habis. bsoknya dicoba lagi sama saja hasilnya,smpe kpan mw bgni. Tlfon 14000 jg tdk ada hasil"
17334342-8e49-4a61-a26d-bfc5a267696f,Rosnerina Br saragih,1,2026-08-27T06:47:15.259Z,Autentikasi & Akun,Negatif,Negatif,0.9999,bisa memblokir secara sepihak kacauuu banget
8656fe0f-d548-49f5-abe1-6f5a15303d80,yus roni,1,2026-08-27T06:37:33.870Z,Lainnya,Negatif,Negatif,0.9962,bank Mandiri sudh tidak bisa Profesional terhadap Nasabah
cfd10624-ed7f-45a6-a3df-a0aa7b9f9e3e,Mursalin Jailan,5,2026-08-27T06:31:57.405Z,Lainnya,Positif,Positif,0.8565,good
72fbf0ba-cd9a-4e7d-a329-94eaca48e1e2,Alex Co,1,2026-08-27T06:31:55.837Z,Lainnya,Negatif,Negatif,1,aplikasi paling jelek yang pernah ada
f74f6dcd-1e63-414c-9e39-4b937c71abe4,fajarabdulmuthalib wael,1,2026-08-27T06:31:46.586Z,Lainnya,Negatif,Negatif,0.9992,"katanya mandiri, kok masih disetir"
8c23588d-e05f-4156-af4c-52cc19f562a9,Mas A'r Official Channel,1,2026-08-27T06:22:48.551Z,Autentikasi & Akun; Layanan & Fitur Finansial,Negatif,Negatif,1,main blokir aja itu rekening orang..
7315a4b0-9934-4cef-a5b0-ab829a33ab60,iepoy Tea,1,2026-08-27T06:14:41.377Z,Autentikasi & Akun,Negatif,Negatif,0.9992,"seenaknya main blokir, secara hukum itu dilarang"
8d920dda-d7ba-4a08-a6d8-7cdd7ea1e3da,si_ozan_ Babelan,1,2026-08-27T06:12:15.860Z,Lainnya,Negatif,Negatif,0.9827,parah mandiri mudah di peralat demi menindas rakyat kecil.
c351d9d8-faad-4332-9c2b-67e974dded68,DEREK ARAMPI,5,2026-08-27T06:07:02.548Z,Lainnya,Positif,Positif,0.8565,sangat bagus
53b1ddc6-e8ad-4243-b92c-fe27d4ba4a66,Akun ke 2,1,2026-08-27T06:06:23.111Z,Autentikasi & Akun,Negatif,Negatif,0.9369,buka blokirannya maseh
711b88a6-108d-4ae4-9518-bd3e2ae37cfa,Kiritsugu Emiya,1,2026-08-27T06:06:08.540Z,Autentikasi & Akun,Negatif,Negatif,0.9999,MAIN BLOKIR BLOKIR AJA SATBANG
d1329b8f-40a7-4eca-87bf-16b74763f26f,Nizar Rifa'i,1,2026-08-27T06:05:16.581Z,Lainnya,Negatif,Negatif,0.9929,ANTEK ANTEK APARAT
4d54150a-8827-45ac-9ab2-05ba578f7884,Rahmat Sagala,1,2026-08-27T05:56:39.472Z,Lainnya,Negatif,Negatif,0.9926,aneh Bank ini
3ed03c7f-d16e-4d4c-a2e0-df2a6b96e1a8,pm music,1,2026-08-27T05:56:34.127Z,Lainnya,Negatif,Negatif,0.9965,kecewa
10b40c4c-5536-4a92-8361-61c3e1d980c7,Deren Lela,1,2026-08-27T05:54:45.670Z,Lainnya,Negatif,Negatif,0.9987,katanya mandiri kok di SETIRIN aparat penegak hukum😂
25dd2c5d-1a19-4db1-9a76-29f65e8e38e8,John Amora,1,2026-08-27T05:54:05.156Z,Autentikasi & Akun,Negatif,Negatif,0.9997,"Hati"" nabung disini nanti kena blokir tanpa pemberitahuan"
f72e77d5-50e5-4c95-b61e-eb435d675ff2,muhammad zulfaqa,1,2026-08-27T05:53:48.431Z,Lainnya,Negatif,Negatif,0.9611,pencuri berkedok bank
f6299bff-e77f-4d30-8ffe-b31d2bf96a95,Muhammad Bintang R,1,2026-08-27T05:48:51.298Z,Lainnya,Negatif,Negatif,0.9848,mending pake BRImo.
bd8e08df-768b-4407-8682-10e4e1206446,Dwi Oktari,1,2026-08-27T05:47:20.200Z,Lainnya,Negatif,Negatif,0.9965,kecewa
f8763749-c4fc-47f8-82d4-756aede6b0ae,Fajrin Laudza Nurul Syifa,1,2026-08-27T05:33:41.651Z,Lainnya,Negatif,Negatif,1,jelek
55fb4620-6d33-48cb-86f7-3f268edc59e0,Imam Fauzi,1,2026-08-27T05:33:05.603Z,Lainnya,Negatif,Negatif,0.9996,udah ga mandiri
116ff984-34ac-4f3f-ab22-a0c57fceafea,Saipul Noval,1,2026-08-27T05:31:00.767Z,Layanan & Fitur Finansial,Negatif,Negatif,0.9859,kenapa tidak bisa buka rekening lewat online
ef54d5c2-c656-4ba8-add6-db2c02599cf1,Bayu Aji,1,2026-08-27T05:17:26.287Z,Lainnya,Negatif,Negatif,0.9841,ngga bener
fced54b9-238a-4073-b794-f13a499cbc72,Nada Arrasyid,1,2026-08-27T05:15:11.186Z,Autentikasi & Akun,Negatif,Negatif,0.7238,Terimakasih atas kejujurannya... 🙏💕 Tapi saya takut tiba-tiba diblokir 😄😇
e20997e0-55d1-43d7-933b-16cf0aeb2848,Bambang irawan sikumbang,1,2026-08-27T05:07:58.755Z,Layanan & Fitur Finansial,Negatif,Negatif,0.9581,bunga + potongan besar. dan masih bisa diatur oleh pihak lain . cuaakssszz -1000
41aa63c4-a420-47e5-8b7b-68bf841186c7,ratna mahastuti,3,2026-08-27T05:05:40.688Z,Lainnya,Negatif,Negatif,0.9454,aplikasinya sering langsung menutup sendiri saat baru dibuka skrg.
315f52b1-7f44-41c1-a257-da42495d700e,Komang ariane,5,2026-08-27T05:05:21.807Z,Lainnya,Positif,Positif,0.8565,bagus
0c2dd4be-92a9-43a0-96cd-4d924fa8f1eb,Karwati Wati,5,2026-08-27T05:05:15.243Z,Autentikasi & Akun,Positif,Negatif,0.7406,"tolong perbaiki,, saya tidak bisa masuk terus ke menu layanan tidak tersedia untuk sementara dari bulan kemarin begini terus parah"
fe58b455-f8bd-43d9-a90a-5f06d8377157,rovi kurdi,1,2026-08-27T05:01:38.816Z,Lainnya,Negatif,Negatif,0.9784,takuutt nyimpen duit di sini.
5c9f8f3b-c7d0-49f8-9ba4-8f7ee50bed04,xiaomi mi4c,1,2026-08-27T05:00:04.528Z,Lainnya,Negatif,Negatif,0.974,bank kolot boikot
4985fd1f-3574-42e8-bef3-a5bc9b0368e4,Edy Sumartono,5,2026-08-27T04:59:04.243Z,Lainnya,Positif,Positif,0.87,👍👍👍👍👍
e2b55a8f-616a-45da-971e-92d9c20da7b1,Evan Borjois,1,2026-08-27T04:48:03.220Z,Autentikasi & Akun,Negatif,Negatif,0.9822,"setiap mau login keluar sendiri terus menerus seperti itu,parah emang tidak bisa di gunakan,,perbaiki sistem nya,tolong"
028dd323-7e2e-46de-9fa4-db1e045155ee,dre m,1,2026-08-27T04:44:57.891Z,Lainnya,Negatif,Negatif,0.9735,Tidak ada jaminan keamanan data nasabah!
9f097b4b-79ca-42fc-bf06-dc6ce1a92ed8,YUNEE TV IDEA,1,2026-08-27T04:42:48.439Z,Lainnya,Negatif,Negatif,0.9158,pelayanan sangat tidak memumaskan
fcb889fa-550f-4a1a-a066-531cbb6bbfe9,DIKA BAJANG,1,2026-08-27T04:41:51.278Z,Lainnya,Negatif,Negatif,0.9979,BOIKOT
1dc51730-c5da-4952-b306-c71dd840f917,Davinci 76,1,2026-08-27T04:41:29.252Z,Autentikasi & Akun,Negatif,Negatif,0.9992,tidak ramah nasabah nanti tiba-tiba d blokir
3b9486f3-377e-4579-815c-78f2d8a956f1,MUHAMAD HASAN,1,2026-08-27T04:40:22.793Z,Lainnya,Negatif,Negatif,0.9715,bangke
043a3f4a-145b-4bbf-9eb3-9807de5f5706,Tengku ahmad alif,1,2026-08-27T04:38:10.745Z,Lainnya,Negatif,Negatif,0.9926,bank yang tidak menjaga integritas
3d2b12fc-58f7-4300-9480-c7a4a36afa21,Alichan Kawaii,1,2026-08-27T04:33:28.266Z,Lainnya,Negatif,Negatif,0.9347,leaving by mandiri
1889ee8d-c0ae-4f54-9c7d-f8472bd72dcb,rizal rizky,1,2026-08-27T04:28:59.866Z,Autentikasi & Akun; Kinerja & Server,Negatif,Negatif,0.9885,Aplikasi lemot susah login
81adb0a8-b4ed-4c72-9b4e-fcc86216d94b,Supriadi,1,2026-08-27T04:20:06.910Z,Lainnya,Negatif,Negatif,0.9473,tidak rasional
642d9cc7-d2a0-4f46-a679-387c8a75155c,Kusdedy Anskar,1,2026-08-27T04:19:31.993Z,Autentikasi & Akun; Layanan & Fitur Finansial,Negatif,Negatif,0.9421,Ooh. ini bank yg suka ngblokir tabungan nasabah ..... ... hadeuh.....
7aef9e3e-8144-45cd-9f7a-6cad51b2f3a1,DUA PUTRI GUNUNG KATUN,1,2026-08-27T04:17:11.357Z,Lainnya,Negatif,Negatif,0.9447,kamu sudah hilang ke percayaan dengan anda mohon maaf bisa nya kasih bintang 1 🌟
b0d247c4-01e0-4eb6-b4e3-b11209c76f65,Habibul Ansyor,1,2026-08-27T04:14:58.701Z,Lainnya,Negatif,Negatif,0.9989,bank gajelas
b7554f94-b5c5-4b11-bf69-901343cc6f50,Ninda Ayu,1,2026-08-27T04:12:45.852Z,Lainnya,Negatif,Negatif,0.9996,ga mandiri lu
13f6d514-59a5-44dc-9bca-7fc617d75893,Willy elsanuari,1,2026-08-27T04:12:28.350Z,Lainnya,Negatif,Negatif,0.9992,bank kacung nya pemerintah !
3e47d929-dedb-4f05-b6fc-ca5563dd7f72,Senja Net Official,1,2026-08-27T04:10:38.412Z,Autentikasi & Akun,Negatif,Negatif,0.9974,min . kenapa kartu saya kok tiba tiba ke blokir ? aduhh... lagi butuh banget lagi.
b879976d-1f05-415b-962f-320153cdf054,Ajat Sudrajat,1,2026-08-27T04:07:20.461Z,Lainnya,Negatif,Negatif,0.9502,antrian di teller tempat saya satu orang bisa satu jam... hhhhh
d8ca8bc8-2361-4d0b-879f-6e1412811ea4,Ryan da,1,2026-08-27T04:05:20.951Z,Lainnya,Negatif,Negatif,0.9998,bank 💩💩💩💩
20766659-0001-4b91-9ad5-de06eaf4cfa8,Jack Ellrp,1,2026-08-27T04:04:31.851Z,Lainnya,Negatif,Negatif,0.9415,ga gguna
25ef5b0e-648e-472d-9389-7cd40c1a95f1,Kyota,1,2026-08-27T03:58:43.930Z,Autentikasi & Akun; Kinerja & Server,Negatif,Negatif,0.9789,Banyak bug saat mau masuk aplikasi
1c2f6783-40dd-46e7-b096-1e4debdc2d25,Az Darwono,1,2026-08-27T03:57:30.573Z,Autentikasi & Akun; Kinerja & Server,Negatif,Negatif,0.982,sering error.... saya pindah bank. Terima kasih
15aeba70-fbba-4832-aadf-62cce1265235,Yantoh925,1,2026-08-27T03:56:55.205Z,Lainnya,Negatif,Negatif,0.9996,boikot mandiri....
ff0f7f5c-f04a-4b0e-adac-19f8b5cc0a5a,Agung Purnama Official,1,2026-08-27T03:55:48.785Z,Autentikasi & Akun,Negatif,Negatif,1,BLOKIR
f92a703e-1c8c-4f5b-9cad-ed5ec84d874a,kerikil,1,2026-08-27T03:48:23.146Z,Lainnya,Negatif,Negatif,0.9961,gw udah uninstal aplikasinya.. udah hilang kepercayaan sama bank ini..
f195dbb2-5dcd-40f7-85a7-05145a6753bd,Ada Aja,1,2026-08-27T03:48:04.932Z,Autentikasi & Akun,Negatif,Negatif,0.9995,uninstal livin massa duit orang main blokir aja
e840292c-3dc0-4ee0-bf41-8d2471d9666a,Hany Hanyco,1,2026-08-27T03:40:08.633Z,Lainnya,Negatif,Negatif,0.9946,Bank terburuk yg pernah ada..!!!!
3749b73b-d884-496f-8fa5-0abee2b02d61,Ade Rizky Putri,1,2026-08-27T03:38:12.160Z,Autentikasi & Akun,Negatif,Negatif,0.9978,Gak sopan banget blokir uang orang cuman karena mau demo
b9152efe-64f1-429a-a2a8-e5cf8c4b80d0,achen lien,1,2026-08-27T03:34:48.180Z,Lainnya,Negatif,Negatif,0.9961,"menyayangkan bank ini di bangun dari 0, di rusak oleh aparat hanya DEMI ."
394aa604-0b21-4d48-aca4-a257bf6d08d5,Shanty Shendy,1,2026-08-27T03:32:54.161Z,Autentikasi & Akun,Negatif,Negatif,0.9991,"Jangan nabung disini,,, rawan di blokir dan banyak intervensi pemerintah 🤣🤣🤣🤣"
a58a9e44-d4d6-4eb2-96ae-0148f9dcb91b,Nanik Nur,5,2026-08-27T03:30:58.693Z,Autentikasi & Akun,Positif,Positif,0.7746,"Alhamdulillah, untuk aktivasi rkening"
83609cb4-8edf-42bc-a439-16f05ea7ea86,Ruly Iskandar,5,2026-08-27T03:30:31.965Z,Lainnya,Positif,Negatif,0.8306,woi ko payah x loding nya kau
39bc214e-193e-4ff8-b059-ede6a4525b5c,Agus Pleman,5,2026-08-27T03:30:13.206Z,Lainnya,Positif,Negatif,0.8837,Sedih
6d2536e6-317b-4d47-b132-e186ccd27a7a,Fitri ramahdani Fitri ramahdani,5,2026-08-27T03:28:21.908Z,Lainnya,Positif,Positif,0.6621,mamtul
7d0b4a19-c808-460d-89f1-1cd5e9319861,Pengguna Google,1,2026-08-27T03:24:57.589Z,Autentikasi & Akun; Layanan & Fitur Finansial,Negatif,Negatif,1,blokir rekening orang sembarangan
470b9dfd-5a02-4551-a424-65b56cc00c77,Gumilang SHQ,1,2026-08-27T03:21:18.632Z,Lainnya,Negatif,Negatif,0.9972,move ke bank lain aja asalkan jgn mandiri!!!!
0c1c67c6-8be4-4d9c-98ed-51b5f700dd17,Hendra Hendra adi,5,2026-08-27T03:17:03.747Z,Lainnya,Positif,Positif,0.7676,aplikasi sangat membantu
d806d97d-15a2-428c-8e94-7b3b62212bf5,Muhamad Hamid,1,2026-08-27T03:16:43.946Z,Autentikasi & Akun; Transaksi & Pembayaran,Negatif,Negatif,0.8818,"gwa top up 2 kali, masuk cuma 1 kali, mana saldo udah berkurang. via doku va agregator.... kalo bukan karna kerjaan, males sumpah pakai mandiri.... transfer dari bank lain, belum berhasil , padahal BI-fast , biasanya hitungan detik.. jadi makin ragu mau tetep di sini, mending lari ke bank lain dah kayanya, lebih aman..."
ce54866e-39f1-459b-8d24-77f62a2b2d72,Rifki Arlianda,1,2026-08-27T03:13:16.822Z,Lainnya,Negatif,Negatif,0.9926,bank Pro Koruptor
5c5ac184-3529-4a58-b4f4-e8040af29e41,Rizki bahari Putra,1,2026-08-27T03:11:18.604Z,Lainnya,Negatif,Negatif,0.9963,bank kacung
e070ddab-31e1-449c-8d04-1d3756add3bd,Huda Muhammad,1,2026-08-27T03:09:23.503Z,Lainnya,Negatif,Negatif,0.9966,sangat tidak aman
c4d46700-e686-49d2-92b1-cafa7bd0a955,Irvan Abrianto,2,2026-08-27T03:06:11.185Z,Lainnya,Negatif,Negatif,0.9306,sering banget offline di jam jam tertentu terutama di jam jam tengah malam
581b6816-3bcd-4a6b-b0e9-d7215d234c3b,Izzatun Nahdiyah,5,2026-08-27T03:05:31.239Z,Lainnya,Positif,Positif,0.9645,sangat membantu dalam transaksi dan mudah
2cd15e24-ada9-4cd4-86e5-79f5f3713f3d,Holisul Fuad,1,2026-08-27T03:02:31.163Z,Autentikasi & Akun; Transaksi & Pembayaran,Negatif,Negatif,0.8287,"Kenapa notif nya minta ubah paswood terus ,admin kirim sms ku berbayar"
90ee8c0a-bbd0-436e-84c1-ed1771f10cca,Dede Alamsyah,1,2026-08-27T03:00:58.482Z,Lainnya,Negatif,Negatif,0.9925,"katanya mandiri, ko bisa di setir si coklat? 🤣"
35afc95f-eecf-4af3-b45c-ff8049412c97,Member Pontaa,1,2026-08-27T02:57:43.259Z,Autentikasi & Akun,Negatif,Negatif,1,takut di blokir ah
136fbd66-2288-445f-ae23-bc7630d9880b,KenzoDanzZoo ZNX (Yunkers),1,2026-08-27T02:54:24.256Z,Lainnya,Negatif,Negatif,0.8741,Yahahah hayuuuuuk dongokk!
12027a1e-a47b-49b5-a540-868b85299fb2,Rahmad Purwanto (Rp),1,2026-08-27T02:54:08.744Z,Autentikasi & Akun; Kinerja & Server,Negatif,Negatif,0.9646,loading lama. sering update gk jelas. terkadang akun di tangguhkan
c021e1d2-9bb2-46a0-b629-6676cf8f755d,Batok Kelapa,1,2026-08-27T02:53:56.242Z,Lainnya,Negatif,Negatif,0.9936,ini aplikasi tidak bisa menjaga data privasi
c3a44a17-1d3f-4a0b-9444-aa497c9c9ff5,Muhammad Soleh,1,2026-08-27T02:52:49.600Z,Lainnya,Negatif,Negatif,0.9994,parah parah 🤣
7c031af8-72c7-4cb5-ae8b-0fc2ed493bad,Alfarizi Izulhak,1,2026-08-27T02:50:02.365Z,Lainnya,Negatif,Negatif,0.9969,Bank dikendalikan aparat
8d9210cf-9fd5-4305-a9a7-9fec8a76d76a,Deden Sukandi15,1,2026-08-27T02:48:39.804Z,Autentikasi & Akun,Negatif,Negatif,0.9949,"GUE MAU PINDAH KE BCA, DARIPADA KE BLOK"
d5729e07-a13c-40e2-994a-47e45c07c7f3,Amin Junior,1,2026-08-27T02:41:46.202Z,Layanan & Fitur Finansial,Negatif,Negatif,0.9977,bisa blok rekening nasabah semaunya
5b5d3235-296a-46dc-89a2-2ff4f4ea8651,Siti Ashiyah,1,2026-08-27T02:38:07.820Z,Lainnya,Negatif,Negatif,0.9862,tiba tiba Saldo hilang/terpotong tidak ada keterangan/riwayat saldo terpotong untuk apa?
4e0813f8-49c5-4fc0-8f49-39dd1e4dc801,ce ce,1,2026-08-27T02:36:06.952Z,Lainnya,Negatif,Negatif,0.9979,boikot
b3d72b82-1d2b-45b2-ba3a-46eac0af9f46,Depi Prawiro,1,2026-08-27T02:33:41.544Z,Lainnya,Negatif,Negatif,0.8755,"GAK GCG, ADA JUGA MANDIRI DI MONITOR BAJU COKELAT"
02cb3b15-ef41-4f18-b209-dacc12eaf62a,iqbal maulanahidayat,1,2026-08-27T02:32:38.699Z,Lainnya,Negatif,Negatif,0.9979,boikot nih
dd8027bc-5f99-4271-85f4-5973f691c88f,Rafassya Mauza,1,2026-08-27T02:27:47.121Z,Lainnya,Negatif,Negatif,0.9974,tidak profesional.
485d1b5e-727c-4ef8-b16f-7e95d2ba10ac,Deni Prajoko Adi,1,2026-08-27T02:25:34.678Z,Autentikasi & Akun,Negatif,Negatif,0.9999,awas di blokir.
28c2dc44-2e58-409a-9e40-dc5158188291,X Re,1,2026-08-27T02:19:21.851Z,Lainnya,Negatif,Negatif,0.9881,"bank jelek, management nya nihil skill dalam sektor nya, alias tidak memiliki kapabilitas."
d35bacdb-43b0-400e-b3b7-bae9f7e8ed06,Yudo Yudo,1,2026-08-27T02:16:15.980Z,Lainnya,Negatif,Negatif,0.9942,mandiri ga gunaaa
5feb8ef8-7296-4a9f-ba70-5d5cffc6a59d,Enggar Aku,1,2026-08-27T02:14:06.530Z,Autentikasi & Akun; Layanan & Fitur Finansial,Negatif,Negatif,0.9995,asal blokir rekening aja kau ya
d42ab83a-5a0c-48bf-bc69-500faca13aca,Fajar Saptaji,1,2026-08-27T02:12:39.421Z,Autentikasi & Akun,Negatif,Negatif,0.9881,Bahaya banget bisa memblokir otomatis
e6a3030c-b256-4bc6-a66e-d0a4ea8dd701,Syidiq Permana,1,2026-08-27T02:05:47.757Z,Lainnya,Negatif,Negatif,0.9979,Boikot!!
3a9cc7c9-3892-4d56-81b7-231581f3b77a,Delima NM,1,2026-08-27T02:04:02.891Z,Lainnya,Negatif,Negatif,0.9987,tidak amanah!
09cc065f-e830-464b-b2e4-2f16b3abe293,septiyo hadi,1,2026-08-27T02:01:40.670Z,Lainnya,Negatif,Negatif,0.7778,"hilang rasa percaya saya sebagai customer. bahkan lihat kolom komentar yg dipenuhi bot/buzzer untuk komen baik dan bintang 5 nya untuk mengangkat nama baik, keliatan kalau tidak transparan"
40f4242f-6183-462f-9fdf-526778625d9d,Imam Kartono,1,2026-08-27T02:00:57.621Z,Autentikasi & Akun; Layanan & Fitur Finansial,Negatif,Negatif,1,"kocak blokir rekening nasabah bisa, blokir judol pinjol koruptor susah bank tolol"
3b358769-644c-4120-bf07-23bdf5a9f0fe,Imam Muttakin,1,2026-08-27T01:59:49.868Z,Lainnya,Negatif,Negatif,0.9157,Gak bisa dipake
5f8395af-1a92-44d3-b78c-8adfdb8a4ee6,abi ramalisgi,1,2026-08-27T01:59:15.881Z,Lainnya,Negatif,Negatif,0.9989,bank gj
1c2afe4d-3a77-46a5-9710-e4d1f3de6383,Irkham Muamalah,1,2026-08-27T01:54:00.313Z,Lainnya,Negatif,Negatif,1,apk apa ini jelek
5835dfed-10c0-41f0-8ef5-8fcffa3ca9e8,Ragil Sanjaya,1,2026-08-27T01:51:34.847Z,Transaksi & Pembayaran; Layanan & Fitur Finansial,Negatif,Negatif,0.9904,"rekening mandiri ku dana mengendap nya mahal, baru itu kebnyakan potongan biaya admin 🤣🤣🤣🤣 tau tau ada warga pati yg di blok masih ada saldo puluhan juta, waah parah sini ini mandiri otw kasih rating rendah"
da1da4b1-250e-436a-8b4a-f8622f25142b,I-SAN,1,2026-08-27T01:51:09.876Z,Lainnya,Negatif,Negatif,0.9908,bank yang tidak jujur kepada rakyat
e6b221c8-0bf9-42fb-a819-d6cd8c730c5e,ALI FARHAN FITRONI,1,2026-08-27T01:50:49.132Z,Lainnya,Negatif,Negatif,0.9761,sering keluar sendiri
883cfef4-e8fd-4585-b1f1-302b31f3c457,Jenal Abdidin,1,2026-08-27T01:50:48.700Z,Lainnya,Negatif,Negatif,0.9933,"jelek bngt pelayanan nya, niat jdi bank gasi kalau ga niak udh hapus aja"
42be8f92-14bb-436d-af42-50b123e719ad,Aldi Varenzo (Varenzo),1,2026-08-27T01:49:49.379Z,Lainnya,Negatif,Negatif,0.9833,terus terang aja kecewa
0de5c6fb-024a-4bfa-9b77-8405417765f9,SATRIA WAN,1,2026-08-27T01:49:36.928Z,Layanan & Fitur Finansial,Negatif,Negatif,0.9944,tidak bisa dipercaya cashflow bisa di atur selain bukan pemilik rekening itu sendiri! emang uang kita hak orang lain ?
35d17c58-737e-4151-b9b3-433d18791d14,lohan belo,1,2026-08-27T01:47:30.914Z,Lainnya,Negatif,Negatif,0.9701,yah no privasi
a590dd8e-9e43-4672-9f30-5193e20a83cd,Bayu Herwono 244,1,2026-08-27T01:44:01.670Z,Lainnya,Negatif,Negatif,1,jelek
f96c5370-60b0-4b99-bf31-5d125f775c82,ushenk jeager,1,2026-08-27T01:41:01.506Z,Lainnya,Negatif,Negatif,0.9482,wuuuuu
50955228-61e7-47b2-9b98-cae99b44515b,Muhammad Farhan,1,2026-08-27T01:39:39.164Z,Lainnya,Negatif,Negatif,0.8956,"aplikasi nya sangat berat, saldo minimum nya lumayan besar."
03c1f099-dbc1-4fc5-b7ac-222983abb0cd,Agus Alim,1,2026-08-27T01:37:46.646Z,Lainnya,Negatif,Negatif,0.9995,sangat buruk tidak bisa menjaga kepercayaan nasabah
6622459e-e15c-4209-9209-363575575bb2,Nubi Hans,1,2026-08-27T01:37:28.341Z,Lainnya,Negatif,Negatif,1,sampah
af60677a-114b-4088-9ff1-40a31d8cbcb0,Sofyan Nur Alam,1,2026-08-27T01:33:32.412Z,Autentikasi & Akun; Layanan & Fitur Finansial,Negatif,Negatif,0.999,"Bank yang memeras rakyat, tiba-tiba semua saldo rekening di blokir oleh pihak mandiri wkwkwkwkwk. kita pindah aja guys ke BCA jangan mau pake mandiri lagi, nnti saldo puluhan juta kalian tiba-tiba hilang tanpa ada kejelasan sama sekali😂 #BoikotMandiri"
fbbc0ca1-eab8-4dd6-84df-00c5f7c7d73e,Filippo Hernandes,1,2026-08-27T01:32:46.280Z,Lainnya,Negatif,Negatif,0.9987,tidak amanah
bc09f71b-08cf-49ad-87ac-0ccc0baefb7a,YONATAN KRISTIAN,1,2026-08-27T01:31:55.215Z,Autentikasi & Akun,Negatif,Negatif,0.9911,pemblokiran secara sepihak oleh bank di pati
2b05036e-31db-4be3-a1e1-933234802514,Daffa Azzam,1,2026-08-27T01:31:51.656Z,Autentikasi & Akun; Kinerja & Server,Negatif,Negatif,0.9885,Habis update malah diblokir👁👄👁
c5a2738a-268f-47b5-8d3d-3ae86081afef,Jellychoco Bells,1,2026-08-27T01:30:59.810Z,Autentikasi & Akun,Negatif,Negatif,0.9993,penipuan pemblokiran akun aktivis
edabb8e3-127e-415e-8d5c-e599601a6a33,Muhamad Ikbal,5,2026-08-27T01:30:27.177Z,Lainnya,Positif,Positif,0.9653,bagus transaksi nyaman
5013e102-ce4a-4741-b6f9-67774af112bc,Ican Grimorum,1,2026-08-27T01:26:09.743Z,Lainnya,Negatif,Negatif,0.9805,Alat pejabat
415488ed-87e0-4078-a301-c083d1a9a8e0,M. Alif Aulia,1,2026-08-27T01:22:19.429Z,Autentikasi & Akun,Negatif,Negatif,1,"bank sampah, pemblokir nasabah. bank rezim sampah"
57094484-0a0b-455c-b85d-dce069dab6b5,Khusnul Khotimah,5,2026-08-27T01:21:04.464Z,Lainnya,Positif,Positif,0.7791,bgus
bbce5565-9546-495c-b569-1a4bb30f55e7,Wisnu FanSKA,1,2026-08-27T01:17:59.160Z,Lainnya,Negatif,Negatif,0.944,Marai mumet!
5f32c8f2-c4af-4165-8419-e0657ec1310e,Yanzz Cruel,1,2026-08-27T01:17:12.242Z,Autentikasi & Akun; Layanan & Fitur Finansial,Negatif,Negatif,0.9971,"kenapa tidak bisa login ke livin dengan kartu, padahal saya sudah membuat rekening tetapi pada saat ingin login di livin malahan saya di suruh buka akses kartu terlebih dahulu, tetapi saya sudah membuat rekening di bank terdekat"
788cef6a-dbcb-411d-bce3-0427600fa4ed,AJI SAKA,1,2026-08-27T01:16:44.370Z,Autentikasi & Akun,Negatif,Negatif,0.9935,maaf saya harus pindah
92879f74-6abc-41a2-a29c-84e5525889cf,Jago Ulas,1,2026-08-27T01:12:13.364Z,Lainnya,Negatif,Negatif,0.9958,selamat tinggal mandiri
9ad24641-d5a2-4f53-93ec-0aa8ac564e97,Nabila Aja,5,2026-08-27T01:11:54.702Z,Autentikasi & Akun; Kinerja & Server,Positif,Positif,0.9965,"BOleh di coba, Sangat recommended, program & internalnya lebih fleksibel dipakai, bebas iklan, bug, ataupun lelet, cepat bila dijalankan & mengakses smua menu2nya. Tapi di sayangkan pernah juga dipakai terkadang agak"" sulit membukanya pas saat koneksi lagi buruk / tidak stabil,terkadang perputarannya lambat banget dan cuma berputar-putar saja. mungkin cuma hal yang biasa terjadi di apps ini dan yang lain-lainnya sesuai pengalaman transaksi sukses,,masukan tuk perkembangannya dibenahi segalanya."
f7ed3a24-314d-44a0-9ea5-c547de3c3c91,bonjoves,1,2026-08-27T01:11:30.859Z,Autentikasi & Akun,Negatif,Negatif,0.9976,BARU JUGA INSTAL DAN LOGIN MALAH KARTU DI BLOKIR ! KIRAIN DUIT SUMBANGAN DOANG.GAJI ORANG JUGA MAEN BLOKIR AJE !
6315016f-5e4c-4e6f-b903-c4246ccd95d0,Achmadie ahmad Mujahid,1,2026-08-27T01:11:26.924Z,Lainnya,Negatif,Negatif,0.9512,Maaf gw unistal sj apk ini dengan adanya kejadianya yg sudah pasti..
5fa8756b-ce79-4d09-a7ed-b32b8ee4273d,Iswahyudi Gautama,1,2026-08-27T01:03:03.605Z,Lainnya,Negatif,Negatif,0.8368,banyak bgt potongnya nyampe 50k pebulannya (ini bukan potong adm transaksi)
45146869-e1dd-4343-bd82-2dcba8dfbfa9,Top Markotop,1,2026-08-27T01:01:04.240Z,Lainnya,Negatif,Negatif,0.9635,cukup 1 bintang aja
a9451576-3c88-46df-9ec2-7f3aa81285b1,Obiy,1,2026-08-27T01:00:31.680Z,Autentikasi & Akun,Negatif,Negatif,0.9997,"kecewa pakai bank mandiri gak salah apa"" di blokir anjir"
bc3f281a-2ec6-4aea-9793-7fcf31b729f8,Gojo Satoru,1,2026-08-27T00:59:57.132Z,Lainnya,Negatif,Negatif,0.9945,jangan nabung di sini nanti saldo lu pada di tarik sesuai prosedur wkwk🤣
5ae177ec-3b2d-471b-a2a1-66e7b25e531f,yulanda taufik,1,2026-08-27T00:57:11.812Z,Lainnya,Negatif,Negatif,0.9462,fomo si
d9a3edcd-6546-44a9-a046-cd1947449339,Ridhoifan,1,2026-08-27T00:53:10.368Z,Lainnya,Negatif,Negatif,0.9739,BANK OLIGARKI
da4ce480-4b60-4b9e-a0f7-c448196a1db8,Andri Prayoga,1,2026-08-27T00:49:26.730Z,Lainnya,Negatif,Negatif,0.9998,apk jelek banget anying
27478727-1145-404d-a616-08df3ec9e0aa,Muhammad Dzaky Assyairozy,1,2026-08-27T00:49:12.761Z,Layanan & Fitur Finansial,Negatif,Negatif,0.9361,"kecewa, karena sebelumnya saya membuka rekening di bank mandiri harus nya ada buku tabungan nya tapi kata petugas nya sudah dialihkan semua jadi online jadi saat itu saya tidak mendapatkan buku rekening nya, lalu saat saya ingin menutup rekening saya, malah diminta buku rekening. padahal sebelum nya buku rekening tidak diberikan oleh oleh petugas saat membuka rekening 🤬"
24704fb5-2eee-4582-8f13-812967f461be,Muhamad Hasan Basri,1,2026-08-27T00:47:02.821Z,Lainnya,Negatif,Negatif,0.9999,Pelayanan bank mandiri sangat buruk..
dda12687-f3ce-4fa0-b41d-209dec80bcf1,Dhija Rajhaa,1,2026-08-27T00:44:28.255Z,Autentikasi & Akun,Negatif,Negatif,0.9946,Atur kmbali spaya jngan blokir ATM orng sesuka hati kalian
c2a59b3d-83f1-49a0-bf79-4fce6d175ac5,Imam Bking,1,2026-08-27T00:44:12.754Z,Layanan & Fitur Finansial,Negatif,Negatif,0.9821,tutup rek permanen
515c8f1d-c844-4474-987b-50440787becf,Jepot,1,2026-08-27T00:42:11.767Z,Lainnya,Negatif,Negatif,0.9999,bank yang tidak mandiri 😡
dc61c454-74c7-4c8d-84f8-166c3e9539c9,ngacaprak chenel,1,2026-08-27T00:41:37.842Z,Autentikasi & Akun,Negatif,Negatif,0.9465,susah masuk
6d81ee45-ee33-4f06-ba0f-11d0144413a5,Angga Wendi,1,2026-08-27T00:35:25.182Z,Lainnya,Negatif,Negatif,0.9923,"Bank Aparat , Bukan Bank Rakyat"
93896f71-5a27-4537-9a33-106cbd6a2a32,Trisna Oi,1,2026-08-27T00:34:38.330Z,Lainnya,Negatif,Negatif,0.8863,sudah cukup sampai disini
41deb136-e943-47e5-bf5f-189b2ac3ba3d,Faathir Ramadhani,1,2026-08-27T00:32:42.988Z,Lainnya,Negatif,Negatif,0.96,susah
918ab1aa-d2fe-4ce3-b2e5-1982a13d7caf,bule semver,1,2026-08-27T00:31:40.145Z,Autentikasi & Akun,Negatif,Negatif,0.9969,udah di stir awas uang kalian ilang terblokir
65476b6e-4805-4e3f-bedf-085ce0defe07,Samsul Huda,1,2026-08-27T00:23:06.484Z,Autentikasi & Akun,Negatif,Negatif,0.9993,"aplikasi busuk, tiba2 blokir rekning aktivis"
cf884844-ef5e-487b-aa43-5177b5d8b465,putra erwin,1,2026-08-27T00:20:05.997Z,Lainnya,Negatif,Negatif,1,buruk
ce81402c-df36-4e2e-b499-5009e5501ad9,Eka indra maulana,1,2026-08-27T00:17:27.723Z,Autentikasi & Akun,Negatif,Negatif,0.9883,Gampang banget ya blokir ATM kayak gitu
2c2f6fb1-d055-4bf5-aa91-87de791ba636,Alwi Nur Faizin,1,2026-08-27T00:17:13.570Z,Lainnya,Negatif,Negatif,0.9932,wkwk tau lah
b0251434-060d-47dc-868d-f20ab181386d,魔神ヾZhoufan,1,2026-08-27T00:15:59.626Z,Autentikasi & Akun,Negatif,Negatif,0.9997,"aplikasi di setir aparat,. hati hati rekeking kalian di blokir!!"
fa6519fa-ec68-465f-8318-89a9349d4fcb,NU GUMUKREJO 01,5,2026-08-27T00:14:41.766Z,Lainnya,Positif,Positif,0.9801,bermanfaat
d35e9f4f-1f5a-465d-9f42-65f87d875eb1,adhi sussetya,1,2026-08-27T00:13:31.819Z,Autentikasi & Akun,Negatif,Negatif,0.9995,Takut diblokir sepihak
2f9ddbb9-018e-43c2-893f-df6ec551aa0c,Siti Arafah,1,2026-08-27T00:12:07.450Z,Autentikasi & Akun,Negatif,Negatif,0.9984,ini yang blokir ATM org atas suruhan pemerintah kan
1dcf3a00-8450-433c-9269-5ed72cd4a435,Asep Marky,1,2026-08-27T00:11:07.754Z,Lainnya,Negatif,Negatif,1,buruk
799d9c43-0335-4c4f-ae20-48f8e7769363,Support Service,1,2026-08-27T00:08:47.312Z,Lainnya,Negatif,Positif,0.6131,"blocking bank account with no legal reasons, do you think this is normal? may some day you can't take some money with reason like this.."
e4ef7f74-1d49-46d0-90d1-de46167ff9ce,Kamaludin Malik,1,2026-08-27T00:05:59.418Z,Lainnya,Negatif,Negatif,0.9993,bank ampas
7487f277-771e-4a85-9c0b-5a89093eb596,PAK SUR,1,2026-08-27T00:03:49.540Z,Autentikasi & Akun; Layanan & Fitur Finansial,Negatif,Negatif,0.9994,info nya memblokir rekening nasabah tanpa sebab yang jelas
f4f79bf9-697f-4086-a0a3-a6015c31ea73,Dimas Ardana,1,2026-08-27T00:01:09.912Z,Lainnya,Negatif,Negatif,0.9796,apikasi koruptor
726aebed-87d7-4154-bf1f-3a3f119cdb76,Francisco Pane,1,2026-08-27T00:00:01.387Z,Layanan & Fitur Finansial,Negatif,Negatif,0.9863,bekukan tuh rekeningnya pejabat korup.
bdd90b78-c3ce-4e07-aa30-c35c950ff9e3,Achrowi Tisas,1,2026-08-26T23:49:04.360Z,Autentikasi & Akun,Negatif,Negatif,0.9999,takut diblokir sepihak dari bank mandiri seperti botok yg gak punya cacat
b5d98282-4979-41f2-a0fd-c7fa51a556c4,Dika Suparlan,1,2026-08-26T23:35:44.752Z,Autentikasi & Akun,Negatif,Negatif,1,"Hahaha gak bisa jaga privasi nasabah, blokir saldo orang. Judol malah ga bisa blokir gblk bgt"
c1700433-ee0f-4c34-af14-8f71a76881df,Irvan Hazegawa,1,2026-08-26T23:35:06.106Z,Autentikasi & Akun,Negatif,Negatif,0.9973,saldo terblokirrr
e9422518-36f5-40d6-8c08-54a8f57fa8e7,Oktafio Wohon,1,2026-08-26T23:34:03.306Z,Lainnya,Negatif,Negatif,0.9994,Mandiri tapi disetir 😂
d0932c0c-a15b-44a8-af9d-7ed277e636f7,Marthin Luter,5,2026-08-26T23:32:36.738Z,Lainnya,Positif,Positif,0.9453,menurut saya aplikasi yang sangat lengkap full fitur...keren Bank Mandiri
b90daeed-bc95-44d6-829c-20db5093c90d,Risdianto Jonikson Evan Haba,1,2026-08-26T23:32:07.117Z,Autentikasi & Akun; Transaksi & Pembayaran,Negatif,Negatif,0.9996,"Tidak percaya dengan bank mandiri, bank ini sangat tidak aman, contoh yang lagi viral sekarang adalah kasus pemblokiran dana pribadi milik masyarakat pati yang ingin berdemo. bank paling parah."
7cc9e2d4-a5d0-47c4-92d0-745bb54d4466,Ridho Batubara,1,2026-08-26T23:31:38.293Z,Lainnya,Negatif,Negatif,0.9992,ampas
24877fd5-697e-447e-b694-9db6ed830b14,Aldy Renaldy,1,2026-08-26T23:30:51.443Z,Autentikasi & Akun,Negatif,Negatif,0.9982,"Saya kecewa sama mandiri , mandiri sekarang tidak mandiri lagi , alhasil saya sudah melakukan penutulan akun"
cdc2b5da-0693-47e8-85fc-d585573bd233,Thann Alcantara,1,2026-08-26T23:30:42.840Z,Lainnya,Negatif,Negatif,0.9993,bosok
f2377a30-ef88-4d67-a860-fa7f87a2d959,Afrizon,1,2026-08-26T23:29:31.705Z,Lainnya,Negatif,Negatif,0.9849,uang di tarik gak bisa
664c2edc-129e-4688-9ab0-9dc4d168f78a,selepan beras,1,2026-08-26T23:29:19.215Z,Autentikasi & Akun; Layanan & Fitur Finansial,Negatif,Negatif,0.9991,"seenaknya memblokir tanpa putusan pengadilan, kalau mau blokir rekening saya, silahkan, saya udah gak respect sama bank mandiri"
3e5ad395-db65-4c2e-9322-763c74c4aabc,Syaiful Huda,1,2026-08-26T23:28:19.600Z,Lainnya,Negatif,Negatif,0.9996,boikot mandiri
a33e9882-d3fa-4174-833e-50c40b73b1d4,global Vexana,1,2026-08-26T23:26:42.376Z,Autentikasi & Akun,Negatif,Negatif,1,takut di blokir sepihak
3f0ff9b0-251b-4a31-b2a6-ba9faf5e02fc,Buday 031,1,2026-08-26T23:26:05.690Z,Lainnya,Negatif,Negatif,1,kacauuu
074a6951-167c-4078-b06b-bb5cdd18235c,Reno Fransisko,5,2026-08-26T23:25:46.478Z,Transaksi & Pembayaran,Positif,Positif,0.8967,"halo, kenapa ya saya cuman ingin top up dana sebesar Rp 29.000 saja selalu tidak berhasil?"
d3d2e477-82f5-4da5-aeda-9b5eabf2eba7,Trek Das,1,2026-08-26T23:21:53.301Z,Lainnya,Negatif,Negatif,0.986,Sudah Waktunya kamu mandiri sesuai Nama mu 😅
70e8bec4-57bb-495b-b78d-4372853d6c8f,Handika Rahman,1,2026-08-26T23:15:40.332Z,Autentikasi & Akun,Negatif,Negatif,0.9955,"boikot bank ini,gw gak sengaja salah masukin password, langsung di blokir"
b274b681-ff4f-4733-80df-764585e9c5e3,Aris Setiawan,1,2026-08-26T23:15:08.414Z,Autentikasi & Akun,Negatif,Negatif,0.9965,Dasar aplikasi paok asal.blokir
27fa3b01-cf62-4c1b-805d-0e65e39a6a4c,Aswar hidayat,1,2026-08-26T23:11:01.425Z,Autentikasi & Akun,Negatif,Negatif,0.9979,"aplikasi tidak jelas, sering logout sendiri"
62249496-1306-4d65-bcdf-bba79feb5686,NURUDIN HASAN,1,2026-08-26T23:09:35.985Z,Autentikasi & Akun,Negatif,Negatif,0.9955,viral jgn simpen uang dibank ini nanti diblokir
85264bb1-125e-4be9-8eef-89252418eb9e,Rulenza,1,2026-08-26T23:04:33.215Z,Autentikasi & Akun,Negatif,Negatif,0.9226,Tidak bisa pakai fingerprint
52fb1993-c3c2-4c6c-a3a9-c2941a1f6215,Danang Chay,1,2026-08-26T23:02:08.477Z,Lainnya,Negatif,Negatif,0.9701,"Bye...Mandiri, terima kasih"
5f03abaa-738a-4acd-83de-c5d253fc8851,Syahrul rhomdon,1,2026-08-26T23:01:58.496Z,Lainnya,Negatif,Negatif,0.9989,bank ga jelas
19766ea3-b597-4802-8837-e4bb8ecbdf73,mawardwi oktavia,1,2026-08-26T22:58:41.970Z,Lainnya,Negatif,Negatif,0.9893,jelek banget livin gak bisa dibuka2 mbankingnya
fd454dd1-acb0-42e0-98e0-ff11ee003e7d,Nur Arif Fuadi,1,2026-08-26T22:57:48.820Z,Lainnya,Negatif,Positif,0.5302,"jadi bank jangan arogan, hanya berbekal surat dr polisi. beri kenyamanan, perlindungan dan prioritas pada nasabah. berpikir cerdas harus, tapi bertindak bijaksana lebih bagus."
8e814fdd-11ae-4006-acc7-ea4126c9a507,Geng Audi,1,2026-08-26T22:57:31.650Z,Autentikasi & Akun,Negatif,Negatif,0.9989,"selamat tinggal untuk bank mandiri, sudah blockir akun aktivis kami di Pati ,"
080ec9fc-b6d9-4617-9e09-3b9413566a6b,Ummi Hani Rangkuti,1,2026-08-26T22:53:58.355Z,Lainnya,Negatif,Negatif,0.9792,aplikasi rezim
94a5fe16-3209-45c3-93a9-0426009f32dd,Masht Dhex,3,2026-08-26T22:51:54.400Z,Layanan & Fitur Finansial,Negatif,Negatif,0.9866,mohon untuk di hapuskan biaya transaksinya karena setiap bulan kita sudah di kenakan administrasi rekening dan biaya administrasi kartu debit
44299f27-5025-451b-9280-bbf456aadd19,Fajar Muharram,1,2026-08-26T22:51:12.246Z,Kinerja & Server,Negatif,Negatif,0.9892,aplikasi lemot
72f31056-5c1d-47a3-bb79-b4464b69ed4c,Imron Retnonadila,1,2026-08-26T22:48:08.779Z,Autentikasi & Akun,Negatif,Negatif,0.9558,ini aplikasi sering banget gak bisa login
37bd9e39-581b-4d32-b7f3-7bedcdfa33a8,Agas firmansyah,1,2026-08-26T22:37:04.301Z,Autentikasi & Akun; Layanan & Fitur Finansial,Negatif,Negatif,1,main blokir aja rekening nasabah
af56ff66-fd7a-4442-836a-6305160a7096,Era Heisei,1,2026-08-26T22:35:47.612Z,Lainnya,Negatif,Negatif,0.9978,"namanya bank mandiri tp kok di setir oknum... udh gw potong2 kartunya bank ga guna soalnya mending BCA,tutup aja bank lu kalah saing soalnya"
21474619-318b-44c3-a166-e35c8f6ce02b,Febriyanto,1,2026-08-26T22:33:54.661Z,Autentikasi & Akun,Negatif,Negatif,0.9931,"BLOKIR NYA DARI PATI, TAPI BISA MENIMPA KITA SEMUA. PINDAH KE BCA YOK"
86f56c56-596b-4b00-8027-3a1e724b0d53,Angga Setiawan,1,2026-08-26T22:28:35.763Z,Lainnya,Negatif,Negatif,0.9999,buruk sekali mau aja disetir
1055b609-5eb3-439b-9985-7460ef21c355,rezal afandy,1,2026-08-26T22:04:14.996Z,Lainnya,Negatif,Negatif,0.9948,Namanya MANDIRI KO DI SETIR PEMERINTA WKWKWKWKWKWK
4acb9f6b-7805-4814-b4b3-29091cda7808,Aab Bae,1,2026-08-26T21:58:32.709Z,Lainnya,Negatif,Negatif,0.9562,banyak tikus tikus berdasi
271d6082-0f47-4493-bb48-a4f22f953f70,Afnan Media,1,2026-08-26T21:37:15.611Z,Lainnya,Negatif,Negatif,0.9974,sangat tidak profesional
971455fe-a2fe-4125-99fb-66c9165c6651,rahmat alif,1,2026-08-26T21:36:36.907Z,Lainnya,Negatif,Negatif,0.9403,"uangel, berat di hp."
486615fc-30ac-4e43-a07c-7cd869db5ddf,Reza Aulia Rahman,1,2026-08-26T21:30:09.111Z,Lainnya,Negatif,Negatif,0.9731,gembel kepercayaan dipecah cuma karena aparat
b6378877-57cc-4dbe-bb7e-9a01650460c3,Ikhsan Satriadi,1,2026-08-26T21:26:57.247Z,Lainnya,Negatif,Negatif,0.9987,tidak amanah
62ab809c-de20-48e6-9d26-30a413904af5,Roby Ferdinand Novanda,1,2026-08-26T21:26:09.940Z,Autentikasi & Akun; Transaksi & Pembayaran,Negatif,Negatif,0.9799,Hati-hati dana kalian di blokir. Cepat tarik semua saldo pindahin ke ATM yang lain. prevention is better than cure
dbca50f6-e598-4452-a74b-9bf1002c3ca1,Andanu Dirga,1,2026-08-26T21:19:56.401Z,Lainnya,Negatif,Negatif,0.9607,ikutan yaa
27f75d50-2bf9-4f50-aaa2-26c0c132435f,syafri hasan,1,2026-08-26T21:14:09.407Z,Autentikasi & Akun; Layanan & Fitur Finansial,Negatif,Negatif,1,Yakin Simpan uang di bank yg bisa blokir² rekening sepihak?
fa963042-34e2-40e1-8b7f-b4fdee1cb5bb,game cheat,1,2026-08-26T21:09:01.841Z,Autentikasi & Akun,Negatif,Negatif,0.9994,hati hati uang kalian diblokir semena mena
184a8bb2-579d-4787-9355-f9ab5ed422ab,Ridho Iskandar,1,2026-08-26T21:06:15.830Z,Lainnya,Negatif,Negatif,0.9855,Maaf Bintang 1
8ff156c1-660b-4197-949f-66a871e74ea4,m akbar,1,2026-08-26T20:55:36.896Z,Autentikasi & Akun,Negatif,Negatif,0.9995,takut diblokir
e2587b1f-126c-4541-b5af-b53c7d6bc370,Dede Priyadi,1,2026-08-26T20:55:33.754Z,Lainnya,Negatif,Negatif,0.9669,tidak worth it bagi saya setelah tau pelayanan terhadap nasabah tidak menyenangkan
b8f56fd3-e591-4a7e-a7e4-897ad21b2b4d,Budi,1,2026-08-26T20:49:51.785Z,Kinerja & Server,Negatif,Negatif,0.9563,aplikasi jlek banyak bugnya suka error
f1292ea9-cd5d-4260-ae7f-21c462a7d2ce,Muhammad Bayu Ardiansah Silalahi,1,2026-08-26T20:46:24.196Z,Autentikasi & Akun; Layanan & Fitur Finansial,Negatif,Negatif,0.9999,Pemblokir rekening aktivis
11d852d4-3acf-4e94-8f46-c93e35a09445,add alkonusa,1,2026-08-26T20:34:40.674Z,Autentikasi & Akun,Negatif,Negatif,0.9973,suka memblokir nasabah
7bff762b-43bf-4600-b094-e7fd7eb67baa,Pipin Piatna,1,2026-08-26T20:32:38.690Z,Autentikasi & Akun,Negatif,Negatif,0.9997,"pemblokir nasabah aktivis, jgn pakai mandiri lg"
933bcc50-eafa-44c2-ae76-28da58c1b1c6,Nezuko Chan,1,2026-08-26T20:30:52.954Z,Lainnya,Negatif,Negatif,0.9981,jelek... ngapain di bikin saldo mati kalo tiap bulan masih potongan.
52154e23-f38d-407e-a33b-cf8c7e51cbb8,udahimo belum,1,2026-08-26T20:29:57.529Z,Lainnya,Negatif,Negatif,0.9868,korup
db5ef627-f9de-4726-8e54-b47627787314,Dittt tidur,1,2026-08-26T20:26:36.188Z,Lainnya,Negatif,Negatif,1,bobrok
04f507fe-e60a-4ffa-afcb-b7a250d1896c,Haerul Ilfandi,1,2026-08-26T20:26:25.942Z,Lainnya,Negatif,Negatif,0.9684,tidak recommended
46bcc337-0f44-4cff-8706-2e13cbf9a456,Fadli Taufiq,1,2026-08-26T20:25:50.900Z,Lainnya,Negatif,Negatif,1,bank tolol
907b7154-b607-49d3-8061-d0e6614f09b7,Bunga Aulia,1,2026-08-26T20:24:03.870Z,Lainnya,Negatif,Negatif,0.9477,jadi takut nabung disini karena kasus baru2 ini gk lagi2 deh mengerikan
3a39f9d4-f523-459f-98e9-b5c6200d8727,Rizal Chaniago,1,2026-08-26T20:11:13.280Z,Lainnya,Negatif,Negatif,0.9947,RIBET
1cb70b5b-e957-490b-ab34-35d50b991556,Nasakti Jaya,1,2026-08-26T20:10:55.357Z,Lainnya,Negatif,Negatif,0.9993,parah dah
b43e110d-0b8b-4b0b-8f72-c57288b24fc2,Audhy Siregar,1,2026-08-26T20:10:08.609Z,Autentikasi & Akun; Layanan & Fitur Finansial,Negatif,Negatif,1,"mandiri ga jelas, main blokir rekening botok"
293dd18c-2cb6-4b4b-8c36-65f89ef88aee,Karel Dwii,1,2026-08-26T19:43:21.978Z,Lainnya,Negatif,Negatif,0.9997,sangat sangat buruk layanannya
7923289a-e78a-45e8-8b09-a5047a1e724b,Anas Moza rifki Rifki,1,2026-08-26T19:40:43.365Z,Autentikasi & Akun,Negatif,Negatif,0.9999,kocak main blokir² kartu orang wkwk
48767dd4-b829-4cef-a78f-a2224eea8ea8,ANDI NINING NATIRAH BINTANG,1,2026-08-26T19:36:53.260Z,Autentikasi & Akun; Kinerja & Server,Negatif,Negatif,0.9573,"lemot, jaringan stabil tapi masuk aplikasi lemot bgt"
6562f1de-e450-4c9a-93a1-95d7d84e93be,RIFKY FERNANDA,1,2026-08-26T19:36:05.420Z,Lainnya,Negatif,Negatif,0.9918,katanya mandiri
a5f39196-b24d-45a1-90a2-07dd2ee19181,Muhamad wahyu Purnomo,1,2026-08-26T19:31:29.170Z,Lainnya,Negatif,Negatif,0.9999,sistem yg bobrok
816a0abe-d514-4d27-9ed1-883bf830753f,Jr. Ami,1,2026-08-26T19:29:05.856Z,Lainnya,Negatif,Negatif,0.9819,"Jadi sangat khawatir, Saldo akan saya tarik semua"
f1d3fc51-ee85-4ddf-9735-aa25edeb8c17,Lalu Af,1,2026-08-26T19:28:05.770Z,Lainnya,Negatif,Negatif,0.9989,bank gk jelas sih menurut aku
343a4cd8-f197-44d6-9151-985ef328e3a1,good people,1,2026-08-26T19:27:40.799Z,Autentikasi & Akun; Layanan & Fitur Finansial,Negatif,Negatif,0.9944,"aneh, rekening mas botok bisa diblokir. usut tuntas"
07930179-e499-4b9f-8901-f38935d1e483,Arkus 43,1,2026-08-26T19:18:08.817Z,Kinerja & Server,Negatif,Negatif,0.9991,"aplikasi cacat gaguna, banyak bug saldo minimal terlalu besar"
9039948d-b164-48a9-8fab-e0243aaf3aaf,ANDREANO WELFRED MARIANO OTANU,1,2026-08-26T19:14:50.201Z,Lainnya,Negatif,Negatif,0.9999,tolol
b40a98ee-81eb-4aee-8798-e149bf2bd662,Horse Ponsel,1,2026-08-26T19:13:35.590Z,Autentikasi & Akun; Layanan & Fitur Finansial,Negatif,Negatif,1,bank nya tidak amanah . bisa memblokir rekening nasabah seenaknya...
bcaccf5e-60d8-446f-bb36-336003c08815,Dedy Woii,1,2026-08-26T19:12:17.671Z,Lainnya,Negatif,Negatif,1,sampahh
458fb3c4-f449-46f7-b5c8-b78bfb7ead55,r. irpansah,1,2026-08-26T19:09:57.613Z,Lainnya,Negatif,Negatif,0.9976,kacung aparat
c3f64dd1-d5b3-4aa8-91eb-b3b0112a744c,Si Bono,1,2026-08-26T19:09:11.483Z,Lainnya,Negatif,Negatif,0.9986,bank koruptor
eed01a9b-468a-4b77-b4a4-4ff8c90df78f,Mukhlis Zul,1,2026-08-26T18:50:36.710Z,Lainnya,Negatif,Negatif,0.9976,blunder parah
b220cbeb-d72c-4ffe-a4b0-6b03304bc9e1,Imam Pramana (Alpha Wolf),1,2026-08-26T18:50:22.170Z,Lainnya,Negatif,Negatif,0.9735,Bank Mandiri yang tidak memiliki independensi
c9b2964e-e4c4-4183-ac9b-d878440d1b09,ARYA ADHI PRAYOGO,1,2026-08-26T18:48:20.100Z,Lainnya,Negatif,Negatif,0.9965,NAMANYA BANK MANDIRI TAPI DI SETIR SAMA DIKTATOR!!!
71c75349-7763-4b2b-bf39-ce701a53ee49,Fadli JB,1,2026-08-26T18:46:38.480Z,Lainnya,Negatif,Negatif,0.9333,"mohon dengan sangat, besok uang gajianku jgn dirampok jg ya"
396b2bbe-a155-40a0-9a3b-46689c87b104,Indri Ipris Diyanto,1,2026-08-26T18:46:23.698Z,Lainnya,Negatif,Negatif,0.9449,aplikasi bank tergobloggg yg pernah ada
fd8a054b-e720-4b8d-9331-15f9befebf5e,PANDAWA STORE,1,2026-08-26T18:38:07.617Z,Lainnya,Negatif,Negatif,0.9739,bank zolim
081cfe43-e52e-478e-96c9-f52091027b0c,Deny Setiawan,1,2026-08-26T18:28:14.530Z,Autentikasi & Akun; Transaksi & Pembayaran,Negatif,Negatif,0.9928,"Kacau , saldo tiba² berkurang . ga ada email masuk pemveritahuan pembayaran berhasil. pas liat transaksi ada pengeluaran saldo . yg saya sendiri tidak melakukan transaksi atau pembayaran apapun. Kacau banget keamanan nya"
1d9a3bba-e0cb-4960-9950-c16416d920c4,Karipap Leumo,1,2026-08-26T18:27:00.521Z,Lainnya,Negatif,Negatif,0.9677,rumit enggak bisa vidcall
d51ab71b-eadc-4097-9d6c-6690fdf2c9ca,heri famboyan,1,2026-08-26T18:26:18.597Z,Autentikasi & Akun; Layanan & Fitur Finansial,Negatif,Negatif,1,hati hati. nanti rekening kalian di blokir
fe6f8695-3ebe-4432-961a-54f0ec246024,yosua prayogi,1,2026-08-26T18:24:34.755Z,Lainnya,Negatif,Negatif,0.9968,bank anehhhh
9cefa4df-c70b-4730-8b2f-7b60ab5c7d29,Hengki Hhe,1,2026-08-26T18:23:55.760Z,Lainnya,Negatif,Negatif,1,BANK TOLOL
00132cf3-9b86-487f-97cc-e617e523b915,Yu San,1,2026-08-26T18:20:57.737Z,Autentikasi & Akun,Negatif,Negatif,0.9999,"BAHAYA BANK MANDIRI SEKARANG, SUKA BLOKIR UANG RAKYAT MENDINGAN PINDAH BANK LAIN AJA"
78ee75f8-9e59-4243-b13c-e3d08cac1523,Qois Alhidayat,1,2026-08-26T18:20:08.561Z,Lainnya,Negatif,Negatif,0.9994,apk jelek boykot
a1bd1e96-883f-486e-879d-ca69843c3211,Ferry Irwansyah,1,2026-08-26T18:20:07.156Z,Lainnya,Negatif,Negatif,0.9799,bintang 1
cad2e57a-1b74-4375-aebe-fd42cbe4d8fe,Parmi Sumiyati,1,2026-08-26T18:20:05.952Z,Lainnya,Negatif,Negatif,0.9995,namanya mandiri tapi disetir aparat blog....ati ati saldo ilang
2324ef32-0df2-426d-a898-1f76dc0c3586,Ni Am,1,2026-08-26T18:16:00.160Z,Lainnya,Negatif,Negatif,0.9836,boikot bankMANDIRI
0c1a0797-549d-4c2f-bb05-aabe1c4720a1,Aan Kaoy,1,2026-08-26T18:15:37.885Z,Autentikasi & Akun,Negatif,Negatif,0.9989,bisa di takut2tin polisi untuk blokir uang nasabah
0015ecb0-b99c-49a6-a901-b7b968ef4cbd,Cadis Entrama D'Raizel,1,2026-08-26T18:14:47.897Z,Lainnya,Negatif,Negatif,0.9938,bank ko nurut sama aparat cuih
e615b317-34a3-48b9-9977-62779ba6ea12,Agus Gunawan,1,2026-08-26T18:11:42.493Z,Lainnya,Negatif,Negatif,0.9972,bank ini tidak bisa di percaya
e0b478a6-f159-4d5c-9bdf-1a1ba59025ac,Irfan Abdul Azis,1,2026-08-26T18:08:16.841Z,Autentikasi & Akun,Negatif,Negatif,1,asal blokir aja
93593224-6b3d-43c6-ae02-04b32349353d,LETS GO,1,2026-08-26T18:01:08.173Z,Autentikasi & Akun,Negatif,Negatif,0.9994,"takut di blokir walaupun nasabah miskin. pindah haluan bank, lemesss"
0874c766-c7ee-47c1-bcf5-2b1fe43c00be,Hunter Joy,1,2026-08-26T18:00:47.383Z,Lainnya,Negatif,Negatif,0.9949,ya ampun tidak aman pakai bank mandiri
c33dd69a-dde4-4c2a-96d0-afcce5683263,Arief Dimas,1,2026-08-26T17:59:35.962Z,Autentikasi & Akun,Negatif,Negatif,0.9915,"Apk ga guna, pindah aja, percuma naroh duit, klo sebatas Kepercayaan aja ga bisa dijaga..."
ce16e5a2-5917-4c2e-957f-b76a182b2aff,Halwan Negara,1,2026-08-26T17:55:45.541Z,Autentikasi & Akun,Negatif,Negatif,1,asal blokir
eaea22f5-1853-44cb-88ef-ca48805cdbf7,Roy Prayogi,1,2026-08-26T17:54:32.300Z,Autentikasi & Akun,Negatif,Negatif,0.9997,tidak amanah dan sembarang maen blokir
db8e4237-1e17-41bf-a1fd-f0a1f759001b,Bagus Firmantriadi,1,2026-08-26T17:53:23.243Z,Lainnya,Negatif,Negatif,0.9997,Bank tidak mandiri
0d831a03-6e87-433d-8532-53156c531307,bayi lucu,1,2026-08-26T17:50:56.316Z,Autentikasi & Akun; Layanan & Fitur Finansial,Negatif,Negatif,0.9999,"suka blokir rekening orang mana isi rekening nya 80,9 jt"
f81b4d48-8875-4acf-8703-14ce44ed10c8,Rikzi Nawawi,1,2026-08-26T17:50:08.321Z,Lainnya,Negatif,Negatif,0.9626,hama negara
171abf57-98e5-4b54-bdb0-bb45f8f82579,Safa Prost,1,2026-08-26T17:49:29.280Z,Lainnya,Negatif,Negatif,0.9979,boikot
91dea5e3-5478-4058-ab69-2dd61ce350c6,ERSA,1,2026-08-26T17:48:01.667Z,Lainnya,Negatif,Negatif,0.9839,mau ngmbil uang sendiri aja ribet. udah ga Sudi lagi Nyimpen uang di bank ketek pejabat. cuih
2f6cd943-8366-41a6-9508-61be73aab002,adolf yoga pratama,1,2026-08-26T17:47:57.164Z,Layanan & Fitur Finansial,Negatif,Negatif,0.9996,"pelayanan buruk suka intimidasi orang, rekening di blok karna demo"
3c1348cc-b147-40fe-b0ba-273720d34128,Hasby Assidiqi,1,2026-08-26T17:42:24.900Z,Lainnya,Negatif,Negatif,0.9974,takut
746edc5c-4037-4736-9e84-1b2fa5bd941d,Budi Wati,1,2026-08-26T17:37:13.666Z,Lainnya,Negatif,Negatif,0.9823,teman koruptor
3dd41ff7-ca37-40aa-bb9f-a0904b60e69a,Mustahsin toko barokah soreang bandung,1,2026-08-26T17:37:02.800Z,Autentikasi & Akun,Negatif,Negatif,1,buruk.. bisa di blokir tanpa sepengetahuan nasabah
991fd830-4373-4ae3-a201-b3146db794d1,Xavier O'Connor,1,2026-08-26T17:36:52.741Z,Autentikasi & Akun,Negatif,Negatif,0.997,"parah ini aplikasi , tiba2 keblokir ganti hp"
020b4b0c-d2a1-4ed7-b06f-bf0ef3104bc7,Sulaiman,1,2026-08-26T17:33:49.930Z,Lainnya,Negatif,Negatif,0.9622,maaf kami leave kamu
8ad33a8a-c6a5-4e39-9f3a-053a0fec3ddc,Riza Mirza,1,2026-08-26T17:30:26.713Z,Lainnya,Negatif,Negatif,0.9516,Untrusted.
971aceb8-c188-4e4d-afd2-9e57bdaec8cb,Yanto Kendang,1,2026-08-26T17:29:53.766Z,Autentikasi & Akun; Layanan & Fitur Finansial,Negatif,Negatif,0.9998,kenapa mandiri main blokir aja di rekening mas botok . apa GK nyesel. di kemudian hari. Karena uang itu untuk donasi. untuk para pendemo.
a231e150-6b31-48e2-814b-86aa02223549,Kliwon Zaenallaludin Ahmad Akbar,1,2026-08-26T17:26:43.864Z,Kinerja & Server,Negatif,Negatif,0.996,jelek lemot tidak bisajaga datanasabah
7cff82ec-cdc0-455e-aca9-e2260a2f5dad,Dissa Sektyaki,1,2026-08-26T17:24:40.460Z,Lainnya,Negatif,Negatif,1,buruk
e4f7e69a-8569-4d4a-8f36-01b8864a9049,Agus suga,1,2026-08-26T17:20:29.450Z,Kinerja & Server,Negatif,Negatif,0.9877,lag terus
9ef650d0-77af-4563-85de-e8af98ea775a,akun turki,1,2026-08-26T17:20:18.290Z,Lainnya,Negatif,Negatif,0.9993,payah
460c7a42-0b3d-4cfb-8296-ac676e12ebd2,Lina Ria Antika,1,2026-08-26T17:17:36.649Z,Lainnya,Negatif,Negatif,0.9992,katanya MANDIRI kok bisa disetir??
f9c0f4d1-d4bb-4404-9585-409f36ded0fe,untung sudarto,1,2026-08-26T17:16:07.800Z,Lainnya,Negatif,Negatif,0.9958,gajelas
fba94638-2d49-408e-b4e3-093f854961ee,Rahmat Musyawir,1,2026-08-26T17:15:49.505Z,Autentikasi & Akun; Kinerja & Server,Negatif,Negatif,0.9835,susah error jadinya pindah
a34ab8d4-d94d-44d5-ba89-273d6c5dfc6e,Dimas Satria yudha,1,2026-08-26T17:14:33.406Z,Autentikasi & Akun; Kinerja & Server; Layanan & Fitur Finansial,Negatif,Negatif,0.9829,"Rekening milik nasabah, tapi kok bisa diblokir sepihak? Keamanan jangan dijadikan alasan untuk mengabaikan hak nasabah. Kalau uang sendiri saja tidak bisa diakses, lalu apa yang sebenarnya dijamin oleh bank? Nasabah disuruh percaya pada bank, tapi ketika rekening diblokir sepihak tanpa kejelasan, bank sendiri masih pantas dipercaya? Jangan cuma cepat saat menerima uang nasabah, tapi lambat saat memberi penjelasan."
28690d24-840e-4064-83d3-7fe8aa3d6608,Nopriyanto Buana,1,2026-08-26T17:14:16.422Z,Lainnya,Negatif,Negatif,0.9887,Pelayanan kurang baik
3c3e0155-5464-4668-9899-f83625451f41,samoel channel,1,2026-08-26T17:11:09.120Z,Autentikasi & Akun; Layanan & Fitur Finansial,Negatif,Negatif,0.9997,"gak profesional, bisa d kendalikan pemerintah, memblokir rek orang tanpa izin pemilik"
bf607a7c-34bc-47a5-a768-52cb7e855ffb,jayyid ubaedillah02,1,2026-08-26T17:09:00.430Z,Lainnya,Negatif,Negatif,0.9762,apakah privasi nya terjamin?
a9ec202a-8c79-4ac1-8b1f-c71d0760287c,Dadan A R,1,2026-08-26T17:02:22.877Z,Lainnya,Negatif,Negatif,0.9464,Maaf saya kasih bintang ⭐ setiap komplen yg jawabnya kurang memuaskan
2f99d391-681f-4022-8f42-d188096ec000,Muhammad Alfin,1,2026-08-26T17:02:16.720Z,Lainnya,Negatif,Negatif,0.9942,boikot ah
cb298215-482a-4fa2-b8a2-c3a0239b0094,Romansah 123,1,2026-08-26T17:00:41.139Z,Lainnya,Negatif,Negatif,0.9729,aplikasi burik
3eb9b471-70a8-4049-919e-7b14bcc39753,Miryan Sinaga,1,2026-08-26T16:56:34.746Z,Lainnya,Negatif,Negatif,0.9965,kecewa
ff5cd537-28ae-4c18-82f8-89d89b3ed055,DWI SYAHPUTRA 26,1,2026-08-26T16:55:49.429Z,Lainnya,Negatif,Negatif,0.9843,bank bekerja sama dengan koruptor
32504818-126d-41c7-bb19-c2aba6faf2f1,frikzz er,1,2026-08-26T16:53:15.945Z,Autentikasi & Akun; Layanan & Fitur Finansial,Negatif,Negatif,0.9929,"bank rampok, engga pernah main judol bisa bisa nya saldo saya di tahan dan rekening di blokir, katanya terindikasi transaksi judol, di datangin kantor nya malah engga ada yang bisa kasih jawaban pada diem"
19ae64b1-1d16-49bc-8e8d-61154c3c8d2b,Ezer Depari0,5,2026-08-26T16:49:35.168Z,Lainnya,Positif,Positif,0.8565,mantapp
497ce15c-7392-46a7-8ac7-081404da7753,ref computer,1,2026-08-26T16:48:26.762Z,Lainnya,Negatif,Negatif,0.9603,bank pemerintahan
e47aef14-edf0-4700-9fcf-36bf42c6a196,Dragon Garganers,1,2026-08-26T16:47:09.684Z,Lainnya,Negatif,Negatif,0.9965,Kecewa aja gw sama lo
99df0549-406d-4a85-b57a-8e9986677ffe,Keep smile,1,2026-08-26T16:45:46.316Z,Lainnya,Negatif,Negatif,0.9086,GK wort it
b9c60eeb-3e15-4c61-babf-67ea1474b081,Anak Baik,1,2026-08-26T16:42:25.520Z,Lainnya,Negatif,Negatif,0.988,penjilat aparat
70a8a4eb-2522-4caa-80a5-9b66fe63caae,Zamrut Sira,1,2026-08-26T16:41:55.551Z,Autentikasi & Akun,Negatif,Negatif,0.999,mandiri tidur besok blokir 80 jt lagi WKWKWKWKWKWKWKKW
c3204fdd-dfa0-4bd7-beae-8f71f3e2d0ae,Mitra Bersama,1,2026-08-26T16:39:49.250Z,Lainnya,Negatif,Negatif,0.8945,not recommended
3ccdba3b-b690-4874-b2fd-a1a53209402e,Vino Santeria,1,2026-08-26T16:35:32.356Z,Lainnya,Negatif,Negatif,0.9996,boikot mandiri
8ab6b622-9e08-4642-a36f-e03770714fea,Rey Anaxpantai,1,2026-08-26T16:35:07.610Z,Lainnya,Negatif,Negatif,0.9904,"sudah tak berguna lagi, 2 x transaksi gagal mulu"
590de300-5b73-4bf0-a5a3-ab08fd8d9ef8,zhoey observer,1,2026-08-26T16:33:46.821Z,Lainnya,Negatif,Negatif,0.9966,gak aman
91c069f1-3d38-4062-859e-2d33a166143f,Amir Mulkan Arif,1,2026-08-26T16:33:39.294Z,Lainnya,Negatif,Negatif,1,bank sampah
fdbbe271-11e3-4f94-9ffc-aeda32f83b56,M. Raihan,1,2026-08-26T16:32:40.244Z,Lainnya,Negatif,Negatif,1,buruk
4dd02499-42d2-41c8-99cb-009ab950edd6,Okta Pashter,1,2026-08-26T16:31:55.777Z,Lainnya,Negatif,Negatif,0.9866,heyyyyy antek antek asing
9782735f-3631-471a-a2d9-1a807d910309,Aldy Rama Putra,1,2026-08-26T16:29:47.117Z,Lainnya,Negatif,Negatif,0.991,bad
f8c6a27b-9851-4f61-bcf9-bdd979a67686,chaska trio putra,1,2026-08-26T16:29:20.658Z,Lainnya,Negatif,Negatif,0.9457,sudah banyak sekali korban
c7c067df-21e6-42ea-9b27-3d9f4bbd4660,Jimmy,1,2026-08-26T16:25:01.978Z,Lainnya,Negatif,Negatif,0.9072,yahh
6d2d8cf6-1d4f-487a-a812-c1bf49d43e71,Rakyat Biasa,1,2026-08-26T16:23:28.450Z,Autentikasi & Akun; Layanan & Fitur Finansial,Negatif,Negatif,1,rekening di blokir tanpa sebab
2b478a22-8fd7-42c3-bf32-1a7cce90e4a5,Tawa Store,1,2026-08-26T16:22:02.511Z,Lainnya,Negatif,Negatif,0.9979,boikot
6787a67c-b8a7-480c-b98a-c0fbd5aad6d2,alam Alakbar,1,2026-08-26T16:20:51.913Z,Lainnya,Negatif,Negatif,0.9903,jelek nggk bagus
022df50a-dbcf-420e-86a9-87ae9d43cb25,Aris Mugiyono,1,2026-08-26T16:19:15.974Z,Autentikasi & Akun,Negatif,Negatif,0.996,yuk rame rame tinggalin bank mandiri karena SDH blokir SM nasabah
356ebb20-4f4e-4395-93d9-25fb6bbdcf78,Riko Nugraha,1,2026-08-26T16:18:23.585Z,Lainnya,Negatif,Negatif,0.9826,Bintang 1 untuk membela rakyat
c65ea160-f009-496c-b097-1d0cb105c0fa,Samun Safutra,1,2026-08-26T16:16:35.447Z,Lainnya,Negatif,Negatif,0.9901,aduh miris amat ya liat berita jadi takut nyimpen uang besar disini
3f063e0b-6b23-4c09-afde-6629fa990ddf,muh kimot,1,2026-08-26T16:14:34.364Z,Lainnya,Negatif,Negatif,0.9968,aplikasi bank aneh
96a62b8f-ad35-4a2e-8212-54a88fcef0df,kace AGAR,5,2026-08-26T16:11:49.824Z,Lainnya,Positif,Positif,0.8144,tetep ok
3a0f59da-5cd4-42a9-af3e-ce6385225b01,Abdi Rohim,1,2026-08-26T16:10:10.850Z,Lainnya,Negatif,Negatif,0.9851,hakan
03da082e-1d62-4809-a2b9-3f6a871504f5,Faisal Alkautsar,1,2026-08-26T16:10:01.954Z,Lainnya,Negatif,Negatif,0.9583,tobat min
39c484ab-9f7e-4a0e-9bf4-7aad37b181e1,Swastika adi,1,2026-08-26T16:09:17.397Z,Kinerja & Server,Negatif,Negatif,0.9111,"update terus... jdi tambah berat fitur"" gak penting..."
6006a7d4-1b6e-485a-a276-539fbd495b74,Eshakeb,1,2026-08-26T16:09:00.374Z,Lainnya,Negatif,Negatif,1,jelek
b305fbe4-7d07-4211-960f-15584ee25c7c,Ningrat Sesat,1,2026-08-26T16:08:38.959Z,Autentikasi & Akun,Negatif,Negatif,0.998,oh ini mbanking yang main blokir sepihak ?
8fb2409f-b60d-4ac9-ba43-b59e9d2482ce,Dwi Adi,1,2026-08-26T16:07:24.426Z,Autentikasi & Akun,Negatif,Negatif,1,Takut di blokir sepihak
683686cd-4746-4dc1-81f6-605b31c9fe73,Choirul Nafiq,1,2026-08-26T16:07:00.830Z,Lainnya,Negatif,Negatif,0.9979,boikot
ec2174d6-2a07-41e2-baef-a8eb0ed44527,Risman Mahardika,1,2026-08-26T16:06:20.112Z,Autentikasi & Akun,Negatif,Negatif,0.9944,"sangat diskriminatif bahaya ini untuk keamanan data , harusnya bank mandiri bisa mencerminkan nama bank nya tanpa bisa di intervensi pihak manapun . saya sangat kecewa atas pemblokiran sepihak"
8f6c0218-2caa-41bb-a24a-12384ad1b0d8,Dani Slebew,1,2026-08-26T16:05:47.225Z,Lainnya,Negatif,Negatif,0.9543,gak pas buat rakyat
4bb5184d-9bdc-42b7-826b-fde527b0d09d,Adi Pramono,1,2026-08-26T16:04:34.576Z,Transaksi & Pembayaran,Negatif,Negatif,0.9895,"apk burik, bank tidak independen. ancaman dana nasabah hilang"
61411b52-7ee5-41bc-ae18-e036cd819d5e,Ellen Triana putri,1,2026-08-26T16:04:07.477Z,Autentikasi & Akun; Layanan & Fitur Finansial,Negatif,Negatif,0.9987,"bank merugikan konsument,tiap bulan di ambil 30k...tidak ada saldo di blokir mondar mandir ke bank...TUTUP AJA LAH KALIAN MAIN BLOKIR REK KONSUMENT SEENAK KALIAN"
52578d2c-84d2-4396-af78-afd4ed98ca47,andrajayae,1,2026-08-26T16:03:02.229Z,Lainnya,Negatif,Negatif,0.9822,bank yang berani ya sama rakyat aja
9a626eda-3c47-4a2d-b98d-2a4abe916e76,wayan muhamad irsyad,1,2026-08-26T16:01:58.457Z,Autentikasi & Akun,Negatif,Negatif,1,"jangan pakai mandiri, tukang blokir saldo"
4e56b48f-b4af-4638-b86d-fb6c4e5874f5,MDN ISLAMI,1,2026-08-26T16:01:47.550Z,Lainnya,Negatif,Negatif,0.9987,Bank tidak aman..
99072447-ff50-4d4f-b47c-ddf384a30499,emen suherman,1,2026-08-26T16:01:38.800Z,Autentikasi & Akun,Negatif,Negatif,0.9976,"serem... tiba-tiba di blokir atas permintaan pihak ketiga,,,,,"
5b1f86a9-8fd8-4ab0-8b3f-f507129face1,Aldhiean Asyabhanie,1,2026-08-26T16:01:01.417Z,Autentikasi & Akun,Negatif,Negatif,0.9964,pemblokir saldo nasabah
c5bcb352-4a85-4bef-94c8-bb968f7d086e,Raditya Arkaan,1,2026-08-26T15:58:55.185Z,Lainnya,Negatif,Negatif,1,jelek
5d9e2a93-41b6-40cb-a49c-d0e431f17092,Adi Hadi,1,2026-08-26T15:55:03.586Z,Lainnya,Negatif,Negatif,0.9971,mandiri sangat tidak bisa di percaya
689f6710-2274-4253-89ca-a8c82ce943db,Pandawa Lima,1,2026-08-26T15:52:40.780Z,Autentikasi & Akun,Negatif,Negatif,0.9965,"ada main nih , dengan memblokir saldo warga pati 🤣🤣🤣"
32a1ef07-5492-4221-84b8-be65757537c6,Mochamad Kirom,1,2026-08-26T15:51:51.334Z,Lainnya,Negatif,Negatif,0.9273,nggatheli.
a9ac367c-ab0d-48ad-86d5-f8348adca1a0,agus indra,1,2026-08-26T15:50:28.650Z,Autentikasi & Akun; Layanan & Fitur Finansial,Negatif,Negatif,0.9965,tidak pro nasabah...pinjaman pun ribet banyak aturan...blokir seenaknya sajs
6ec95b16-031b-4bd6-9e78-ddeb45f31d40,Wira Maulana,5,2026-08-26T15:50:05.364Z,Lainnya,Positif,Positif,0.6178,"sorrrr kaliii awakkk, bca bri bni 🤏"
c3f0c901-9700-4bad-ab6b-30f404396c34,Erick Syaputra,1,2026-08-26T15:49:47.638Z,Lainnya,Negatif,Negatif,0.515,Sudah lebih dari 10 Tahun pakai mandiri dan udah saat nya kita berpisah . Goodbye bank rezim . Semoga kedepanya bisa lebih baik lagi ✌🏼
cb6f8087-7261-4afa-8f8d-37c1728844be,Supri Adi,1,2026-08-26T15:48:25.752Z,Autentikasi & Akun,Negatif,Negatif,0.9997,bank yang blokir ATM mas botok
4a2d407f-3789-4d6f-9997-8396cab759d0,Pegawai Bebas,1,2026-08-26T15:46:47.651Z,Autentikasi & Akun,Negatif,Negatif,0.9879,"untung lgsg tarik uang kemaren kalau ga, bisa di bekukan. pindah ke BCA aja semua jangan download ini, dari pada saldo anda di blokor!!!"
e1ec4a95-bb63-4d63-8d77-30e436eec2b4,Edi Setiawan,1,2026-08-26T15:45:34.237Z,Lainnya,Negatif,Negatif,0.9951,Unisntal takut di bekukan kaya punya mas BOTOK Dari Pati
0382e005-248c-4130-988d-dca38276bacc,Fariz Sanjaya,1,2026-08-26T15:45:00.346Z,Lainnya,Negatif,Negatif,0.9958,gak jelas
d9843eff-5323-41de-8acc-8cfc4ecd68d6,SEMANGAT MUDA,1,2026-08-26T15:43:37.440Z,Lainnya,Negatif,Negatif,0.9996,tak mandiri
1c09bf12-9d9e-45f0-a771-423d1733af61,Tegar Alfarabi,1,2026-08-26T15:43:05.996Z,Lainnya,Negatif,Negatif,0.998,gak mandiri ahk
f7fef057-0b75-4d3c-837d-d94e364098ba,ferry sinaga,1,2026-08-26T15:43:00.141Z,Lainnya,Negatif,Negatif,0.9975,mandiri tidak profesional
64b03aee-6571-4aa8-a175-b9aa209ea50a,prabusikancil 19,1,2026-08-26T15:40:26.232Z,Autentikasi & Akun,Negatif,Negatif,0.999,"takut ah nyimpen uang di mandiri, nanti ujung ujungnya di blokir"
864dfb90-96ae-4601-8f9d-a567c10f0e6a,Muhamad Rizky,1,2026-08-26T15:40:18.808Z,Lainnya,Negatif,Negatif,0.9426,"ngeri juga ya, Gara2 Satu Nasabah Duit Hilang Sampai Hampir Ratusan Juta Rupiah, Otw Tarik Semua Duit Nasabah Yg Ada Di Bank Mandiri 🙏😇"
f03fd8c1-18a4-4758-9b2a-8d51e3026512,Deday Saputra,1,2026-08-26T15:39:10.436Z,Lainnya,Negatif,Negatif,0.9965,sangat kecewa besar
0be558da-9b3d-400b-aa42-38838a9bafdd,Fitrinuryatus Sholihah,1,2026-08-26T15:37:20.200Z,Autentikasi & Akun; Layanan & Fitur Finansial,Negatif,Negatif,0.9999,kenapa memblokir rekening aktivis🥹
4b85e393-4f60-48ff-ba0e-afa36d4ee963,Gro kretek,1,2026-08-26T15:36:45.363Z,Lainnya,Negatif,Positif,0.8283,ok
5b245e5d-84fd-41ce-9587-e3874431d566,Rahmat Ridho,1,2026-08-26T15:36:27.506Z,Lainnya,Negatif,Negatif,0.9979,BOIKOT
4eca0ac3-2835-459d-b773-d109d3d786c0,prayoga rmvs,1,2026-08-26T15:34:54.661Z,Lainnya,Negatif,Negatif,1,kacau
37119b61-aac1-4632-aa71-25b273f25456,Sandra Lesmana,1,2026-08-26T15:34:38.358Z,Lainnya,Negatif,Negatif,0.9994,KATANYA MANDIRI TAPI MASIH DI SETIR SANA SINI🤣
393773cb-e3e6-49c5-80d2-21c69016f121,Buffalo Boy19,1,2026-08-26T15:34:12.928Z,Lainnya,Negatif,Negatif,0.9994,GK amanah lagi ni bank boikot aja
c6572849-6e13-4afb-9d70-263b151ce8db,Ezta Erlangga,1,2026-08-26T15:31:01.523Z,Lainnya,Negatif,Negatif,0.9803,diatur aparat lohya wkwkkw
13eafebe-7b82-482e-973d-9440f11c52ff,deni susanto,1,2026-08-26T15:30:52.290Z,Autentikasi & Akun,Negatif,Negatif,0.9834,fitur power cash CC tau tau hilang...kalo mau blokir nasabah mikir² dulu donk...jangan semena mena
1095789e-05a4-4bb9-b205-d6cb7350321f,Andry Irawan,1,2026-08-26T15:30:13.928Z,Autentikasi & Akun,Negatif,Negatif,0.9978,bintang 1 aja krna udh blokir sembarangan orang
1d6ff70a-c0e6-4aa3-9bdd-7957b828fdb2,Z1,1,2026-08-26T15:27:59.642Z,Lainnya,Negatif,Negatif,1,jelek
7918a82e-dc01-4c66-acba-76a970d71312,Syamil Pinter,1,2026-08-26T15:26:35.117Z,Autentikasi & Akun; Layanan & Fitur Finansial,Negatif,Negatif,0.9999,"aplikasi tidak berguna, rekening saya di blokir"
70338847-d7c6-47cb-8a52-52801a504644,Adalah Pokoknya,1,2026-08-26T15:26:20.380Z,Lainnya,Negatif,Negatif,0.996,nama doang mandiri tapi distir😹
35e18798-7325-45b1-be65-f3757d6a26aa,Gilang Ariyanto,1,2026-08-26T15:25:15.801Z,Lainnya,Negatif,Negatif,0.9825,bank yang bekerja sama dengan aparat
51b8b9a8-a513-49af-858a-16c4d42fb1d1,Mulia nus,1,2026-08-26T15:22:46.219Z,Autentikasi & Akun; Layanan & Fitur Finansial,Negatif,Negatif,0.9991,"bank ini memblokir rek nasabah tanpa dasar yang jelas, rakyat indonesia mengharapkan data nasabah di lindungi agar tidak se enaknya di blokir... mana katanya kemandirian banknya..."
243b4615-4389-4b23-b6a3-c1e9749c3312,bang vidivici,1,2026-08-26T15:22:16.335Z,Lainnya,Negatif,Negatif,0.9871,kembalikan duit org
21409c28-6fc9-4948-ac89-cb5310f5c97d,sidudul mucil,1,2026-08-26T15:22:11.246Z,Lainnya,Negatif,Negatif,1,Sangat Buruk...
5e714441-3593-4920-a659-00d0be4fbc79,Zulkarnain Family,1,2026-08-26T15:21:17.578Z,Lainnya,Negatif,Negatif,1,👎
8d317a3e-1729-4190-b7bd-3776997927f4,Eko Jhon,1,2026-08-26T15:21:06.491Z,Lainnya,Negatif,Negatif,0.9645,mandiri dobol
56571856-a4af-4054-ae11-73e296acfe78,Mochamad Aris Munandar,1,2026-08-26T15:19:59.613Z,Lainnya,Negatif,Negatif,0.9878,bnnk tidak aman
a1de5975-e39c-42be-9b8b-a70eb7c771c8,Joe Arthur,1,2026-08-26T15:17:46.760Z,Lainnya,Negatif,Negatif,0.9531,eh maaf bintang 1 🤣🤣 suka ngeblok reking tiba tiba soalnya 🤣🤣 atut
d377eb28-b070-4106-9492-6f81e6d47caf,victor zalukhu,1,2026-08-26T15:16:41.536Z,Autentikasi & Akun; Kinerja & Server,Negatif,Negatif,0.9887,buat login nya susah loading lama...
3a997f9b-790e-4469-bdfd-96d1329ea7da,aul aliansz,1,2026-08-26T15:14:17.774Z,Lainnya,Negatif,Negatif,0.9915,boikot guys
492d41f1-4951-4a87-94ab-d376ef3c9d64,Hary Antoxs,1,2026-08-26T15:12:14.793Z,Lainnya,Negatif,Negatif,0.9368,"suka suka gw,,,"
1b89b83a-d46b-4b4f-a2d0-d102d018602a,Mbah Bo,1,2026-08-26T15:10:56.517Z,Lainnya,Negatif,Negatif,0.9965,kecewa
3142189b-a91a-43c3-9344-265357f55b7b,Garuda Dirgantara,1,2026-08-26T15:09:26.884Z,Lainnya,Negatif,Negatif,0.9732,kenapa livyn by mandiri saya tidak bisa pakai lagi?
35f81319-a703-442a-99db-55ce81f1af23,Kabib Rahman,1,2026-08-26T15:07:54.873Z,Autentikasi & Akun; Layanan & Fitur Finansial,Negatif,Negatif,0.9993,blokir tabungan orang sembarangan
9391da3a-03fe-45ab-a5de-0d027d5d659c,afifatul aulia,1,2026-08-26T15:06:35.716Z,Lainnya,Negatif,Negatif,1,jelek
add7c9e2-7b80-4109-b228-38658e8b1b7d,Gustini Saputri,1,2026-08-26T15:05:52.770Z,Lainnya,Negatif,Negatif,0.9992,kata nya mandiri kok di setir
1102c99a-72d0-4aa8-ab2a-51e81a70e4ea,Abu Fahmi Al Husaini,1,2026-08-26T15:05:19.413Z,Lainnya,Negatif,Negatif,0.9727,bank biadab
b6e572df-c5a9-4e1c-898f-bacdef12cf43,deri hilda,1,2026-08-26T15:04:14.152Z,Lainnya,Negatif,Negatif,0.9918,"bank kocak, mau di gocek aparat"
7c554a88-d4f7-4db1-8e9d-21dc9c564c56,sandi 11,1,2026-08-26T15:04:03.472Z,Autentikasi & Akun,Negatif,Negatif,0.9998,takut di blokir ahh
18523854-0be8-4da1-abbb-c757e84bc5eb,Alexius Pardomuan,1,2026-08-26T15:03:16.303Z,Lainnya,Negatif,Negatif,0.9168,tidak safe
7baaca42-f4b2-404a-bda4-d4d926ec36de,Hart Smaer,1,2026-08-26T15:02:36.851Z,Lainnya,Negatif,Negatif,0.9977,para penipu
0c7a7524-bd17-420c-85fd-35a0a042520b,Yasa Wicak,1,2026-08-26T15:02:05.146Z,Lainnya,Negatif,Negatif,0.8933,Bank BCA lebih baik
56b284dc-87b7-4d32-936e-bbad6722470f,Quratul Ain,1,2026-08-26T15:01:35.573Z,Lainnya,Negatif,Negatif,1,jelek
8658ccd6-a6d0-403d-9a72-751b7d5b1c89,Gomrang Setiadi,1,2026-08-26T15:01:05.366Z,Lainnya,Negatif,Negatif,0.986,sangat tidak ramah
826a181f-12d9-4a2d-b4a4-7dd4ad7604ac,Fuad S.M.,1,2026-08-26T14:59:32.294Z,Layanan & Fitur Finansial,Negatif,Negatif,0.9985,bank sampah yang ga ngejaga privasi dan keamanan rekening
9e387502-8440-49cc-bd24-bdd067f53c3c,CNL Aris,5,2026-08-26T14:59:10.489Z,Lainnya,Positif,Positif,0.855,sudah berpuluh tahun sy bekerja sama dgn bank mandiri belum pernah kevewa
39bad3b4-7895-421e-a679-819e861bc5ff,Rico Aditya wijaya,1,2026-08-26T14:58:52.800Z,Lainnya,Negatif,Negatif,0.9273,asal blokiy
ca29cb6c-2789-46fe-8779-d43ba71cff49,Andriyan Nurrohman,1,2026-08-26T14:57:50.500Z,Lainnya,Negatif,Negatif,0.9628,"APLIKASI BIADAB ,MEMGAMBIL HAK ORANG,TANPA SEIZIN ORANG YANG BERSANGKUTAN."
909c5bab-a936-4e7e-849c-49b7f70f96fe,RACHMAT FIRMANSYAH PUTRA,1,2026-08-26T14:55:53.178Z,Lainnya,Negatif,Negatif,0.9994,sampah negara
1625033b-6e9c-427c-ae94-6d6cfb97a184,taufiq deni,1,2026-08-26T14:55:51.295Z,Lainnya,Negatif,Negatif,0.9379,katrok
99eb1a06-71e9-40f7-83c1-8bc71401012a,Wahid Fahmi,1,2026-08-26T14:53:06.310Z,Autentikasi & Akun,Negatif,Negatif,0.9682,hati hati bisa seenaknya memblokir ini bank ... Dan lucunya LG bukan nya minta maaf malah buka suara di suruh polisi ... kalo dia orang di suruh loncat dari gedung pasti dia loncat ini ..
6483aa11-2f1c-46c2-abeb-4192002f40f6,arifin txt,1,2026-08-26T14:48:34.974Z,Lainnya,Negatif,Negatif,0.9997,tidak aman. tidak mandiri
3d2ec24a-7e32-48ef-8bdf-53596e29b93d,ERWIN TOMMY HASIHOLAN,1,2026-08-26T14:48:01.994Z,Lainnya,Negatif,Negatif,0.9168,kurang kredibel
c323a61b-1020-4ec6-94df-871743181b59,Bima Adi,1,2026-08-26T14:46:16.399Z,Autentikasi & Akun,Negatif,Negatif,0.9955,"sekelas bank mandiri kenak blokir massal sama pemerintah, KELASSS KINGGG"
8062489b-76ed-434d-a26e-e3181188cc83,Bimo Bimo,1,2026-08-26T14:43:24.987Z,Lainnya,Negatif,Negatif,0.9995,"aplikasinya buruk sekali, begitupun dengan sikap bank nya sangat buruk karena sudah melakukan kejahatan terhadap rakyat!!"
e82e9cbd-6060-4326-bca6-a90f041a620a,peck cunk,1,2026-08-26T14:39:19.439Z,Autentikasi & Akun; Layanan & Fitur Finansial,Negatif,Negatif,0.9998,TUKANG BLOKIR REKENING RAKYAT TAPI REKENING KORUPTOR DI PELIHARA
ac2e95b4-43ce-4e53-9e51-b9293159458d,Erwin Wanto,1,2026-08-26T14:39:00.479Z,Autentikasi & Akun,Negatif,Negatif,0.9993,Blokir akun sembarangan seenak jidat
de0831db-2266-4017-802c-c2f71e223677,Oelyn Art Aura,1,2026-08-26T14:37:19.150Z,Transaksi & Pembayaran,Negatif,Negatif,0.7858,"Berbelit, gk bisa nglayanin ganti nomer hp, urus setahun lebih gk jadi, mf saya left"
f72066f2-a37b-4168-b6d4-95a06e61a8ef,Azmi Ramadhani,1,2026-08-26T14:36:12.378Z,Transaksi & Pembayaran,Negatif,Negatif,0.955,kenapa si mau transfer aja di persulit heran keluar apk segala
cdd2c36d-38cb-4342-94f2-10e6af876d70,Abdulah Sifa,1,2026-08-26T14:36:06.417Z,Lainnya,Negatif,Negatif,0.9921,"aplikasi korup, banyak potongan adminnya"
47f3add8-42c1-452a-bc45-731b76fdfde8,gatul 27,1,2026-08-26T14:35:44.805Z,Lainnya,Negatif,Negatif,0.9389,hati hati buat yang mau pakai aplikasi ini karena isi di dalamnya dipenuhi video tidak senonoh dan tidak fantashh.
3b9d30b8-70e6-4fbc-9f84-09101cd9066c,Dody Setiawan,1,2026-08-26T14:34:55.556Z,Autentikasi & Akun,Negatif,Negatif,0.999,"terlalu banyak pemeliharaan tiap hari , dan sekarang uang nasabah buat demo di blokir"
127a4ec7-77a9-49f9-8f0a-23923dd3f1df,Drian Saragi,1,2026-08-26T14:32:18.699Z,Lainnya,Negatif,Negatif,0.9532,kembaliin uang org itu woi
6abdfa3c-1540-440e-bf42-94dbbc8968ba,Ilysm,1,2026-08-26T14:32:17.886Z,Lainnya,Negatif,Negatif,1,buruk
64c06904-92df-48e7-b505-4104a4349c15,Luthfi Qidwatul haq,2,2026-08-26T14:31:46.265Z,Autentikasi & Akun,Negatif,Negatif,0.9979,maaf gua mau pindah ke BCA
6a695798-792d-4fda-8bb2-f623e46f0f3e,Elit Gaming,1,2026-08-26T14:28:41.875Z,Autentikasi & Akun,Negatif,Negatif,0.9996,pemblokiran akun aktivis
8dcaf91f-cadb-41ff-9cc3-d0144bee25aa,I'am lord Hakiki,1,2026-08-26T14:25:58.780Z,Lainnya,Negatif,Negatif,0.9168,tidak rekomem
067c2d7c-d536-45a9-9955-9c1ca3d72071,ikhsanul gozi,1,2026-08-26T14:25:53.450Z,Lainnya,Negatif,Negatif,0.8693,aplikasi nya bagus tapi saya kasih bintang 1 dulu ya ntar jika saldo saya mencapai 1m an baru saya kasih bintang 5 nya
7b36f6d3-ea97-49b0-bc48-b89223e3a833,alvin dwi putra,1,2026-08-26T14:24:53.381Z,Lainnya,Negatif,Negatif,0.9421,terlalu sering gangguan
726f05d8-a211-48ff-bd55-3a28ece7bf02,Arsyam Andi,1,2026-08-26T14:24:52.670Z,Autentikasi & Akun,Negatif,Negatif,0.9975,JANGAN USIK/BLOKIR UANG NASABAH
40c28106-7a56-4f79-9d26-caadd2d26179,Alkahfi yasuo,1,2026-08-26T14:24:10.219Z,Autentikasi & Akun; Layanan & Fitur Finansial,Negatif,Negatif,0.9806,buka blokiran rek mas butok
b4e994d7-9eda-4f70-8033-5fbad4c4bd95,Aziz aquascaper,1,2026-08-26T14:22:28.279Z,Lainnya,Negatif,Negatif,0.9305,apaan ikh apikasi gakjelass...
b3a194aa-e9f8-4e4a-86c6-7493aa8a5cf7,TAJWID,1,2026-08-26T14:22:19.354Z,Lainnya,Negatif,Negatif,0.9979,boikot
8d2d982d-d11e-4d44-9f1e-351ef0805275,Edy junaedi,1,2026-08-26T14:21:55.300Z,Autentikasi & Akun,Negatif,Negatif,0.9997,sering terjadi pemblokiran akun
ee4545e8-8847-43d0-b847-ca8c4943506d,Falah,1,2026-08-26T14:20:23.189Z,Autentikasi & Akun,Negatif,Negatif,0.9978,mdg boikot mandiri drpd nanti tbtb di blokir
deded9ab-152f-4717-aa37-c62770510eec,Ajag Leuweung,1,2026-08-26T14:20:10.580Z,Lainnya,Negatif,Negatif,0.9273,hilihhhh
fa786cd5-e9a7-48ce-aca7-46b0468690b8,Hary Fernando,1,2026-08-26T14:19:50.791Z,Autentikasi & Akun,Negatif,Negatif,1,takut ke blokir
8596cd66-0384-4c61-be1b-bf2fe472ca86,Hadi Ariandi Kusuma,1,2026-08-26T14:19:24.390Z,Autentikasi & Akun; Layanan & Fitur Finansial,Negatif,Negatif,1,jd takut ke blokir punya rek mandiri mending di pindahin aja
b9e7107f-dcc6-45af-a97b-39dcd7798778,Ryan ?,1,2026-08-26T14:18:03.650Z,Autentikasi & Akun,Negatif,Negatif,1,blokir
1b5b6641-b09e-45d5-bb31-2e0fbe2e51dc,ALTA WAHYU SAPUTRO,1,2026-08-26T14:17:10.429Z,Lainnya,Negatif,Negatif,0.9967,parahh ngeblok sesuka hati
505a3f45-183f-421c-a93f-d5c5cf84254b,Anto,1,2026-08-26T14:16:50.927Z,Autentikasi & Akun,Negatif,Negatif,0.9989,"pindah ke bca gara2 liat berita bank mandiri ngeblokir saldo nasabah, ngeriii"
fc26c9d4-771e-4e8c-a913-6ae83da20a29,Coly Knight,5,2026-08-26T14:16:34.234Z,Lainnya,Positif,Positif,0.6621,Eiiyyoooo
23435a38-8e8c-4326-9946-c57df76741c6,VA,1,2026-08-26T14:16:19.457Z,Lainnya,Negatif,Negatif,0.9977,hati hati simpan duit disini
bfee52c2-ccb4-4c0e-b145-81307b13533a,Putra Pratama,1,2026-08-26T14:15:54.426Z,Autentikasi & Akun,Negatif,Negatif,0.9971,Awas nanti diblokir
a8cb5fa6-dc69-4572-8af4-5c4fa613412b,Sulaeman,1,2026-08-26T14:15:17.455Z,Lainnya,Negatif,Negatif,0.8508,"udeh viral, gsperlu nanya ape alesan nyee ."
41cd6601-8390-41de-b3a6-f54552410b69,ROBBY FIRMANSYAH,1,2026-08-26T14:14:43.158Z,Lainnya,Negatif,Negatif,0.9996,"KATANYA MANDIRI TAPI BISA DI SETIR SAMA KORUPTOR, KECEWAAA."
cb697ab7-1aa6-434f-898a-e49a9042dbb0,Bogle Rockers,1,2026-08-26T14:12:02.692Z,Autentikasi & Akun,Negatif,Negatif,0.9985,Hati2 guys mandiri bisa blokir kapan aja.. mendingan ganti ke BCA
0a3747cb-c3bb-48ed-98b6-03905e15dc81,Imael BadiYaqub,1,2026-08-26T14:11:39.786Z,Autentikasi & Akun,Negatif,Negatif,0.9999,GAK AMAN!!! RAWAN DI BLOKIR YAKALI MAIN BLOKIR AJA DUIT ORANG
7337166a-f4e1-4e00-b7b7-83feb45b9495,Ramadhan Putra,1,2026-08-26T14:09:56.857Z,Lainnya,Negatif,Negatif,1,jelek
62e196fd-53c4-4780-8130-77d4ef44a308,Fauzi. 342,1,2026-08-26T14:09:50.443Z,Lainnya,Negatif,Negatif,0.9995,sangat jelek dan suka menguras uang rakyat
397fb8f4-558d-4af8-9a02-34e719016ac4,vhiki jr,1,2026-08-26T14:08:30.501Z,Lainnya,Negatif,Negatif,0.9971,"bank besar tapi patuh kepada pemerintah, tidak profesional dalam melayani . mulai skrng saya alihkan semua uang saya dari mandiri ke bca"
99556cc2-03c4-40bb-bb6e-8bef4ddf4728,All Barr,1,2026-08-26T14:06:57.800Z,Autentikasi & Akun; Kinerja & Server,Negatif,Negatif,0.9996,sangat kecewa dan nyesel udah nabung di bank mandiri apalagi pake aplikasi ini lemot banget suka tiba tiba log out terus ga bisa masuk lagi aplikasi sangat buruk harap jangan dipakai dan pindah ke bank BCA saja
39551f8b-a0ec-424c-afb0-5bc60132caf0,Tati Hera,1,2026-08-26T14:05:54.699Z,Autentikasi & Akun,Negatif,Negatif,0.9965,kecewa berat woo diblokirrr saldo 80 juta itu🤦🤦🤦
9a0c5cfb-a2da-410f-b093-cd563d8f307c,adi purwadi,1,2026-08-26T14:05:35.120Z,Autentikasi & Akun; Layanan & Fitur Finansial,Negatif,Negatif,1,Mandiri blokir sepihak rekening nasabah tanpa putusan pengadilan.
c845fb54-cfa9-48e5-8415-6ba0b5932fce,Dimas Imam Ardhi Salam,1,2026-08-26T14:03:43.717Z,Lainnya,Negatif,Negatif,0.9996,boikot mandiri
b4b03a56-c42b-48be-ad39-b4ee80936386,Teguh loser,1,2026-08-26T14:02:21.343Z,Lainnya,Negatif,Negatif,0.9971,"system buruk, tidak bisa log in"
179136bb-2201-4faa-a830-b287b3531fce,Noni TV,1,2026-08-26T14:01:48.586Z,Lainnya,Negatif,Negatif,0.9051,karu ta kunjung datang sudah 2 bulan
acedbdf1-d997-426f-ae32-77c14178a15d,Mukhlis Emjie,1,2026-08-26T14:00:46.980Z,Lainnya,Negatif,Negatif,0.9887,bahaya nabung Disini
7b5c94f2-dc7e-4fc9-b820-eaac8c0c587b,agustiar Ziliwu,1,2026-08-26T13:59:04.290Z,Autentikasi & Akun,Negatif,Negatif,0.9999,"jangan suka"" hati blokir saldo orang"
194de0f5-03b8-4242-8e05-e2bc642fa025,Selamet Raharjo,1,2026-08-26T13:58:53.898Z,Lainnya,Negatif,Negatif,0.9893,gak lagi lagi
ac0f766c-46ff-4502-8bc2-e9dd5da33810,Majump 30,1,2026-08-26T13:58:52.673Z,Autentikasi & Akun,Negatif,Negatif,1,main blokir blokir aja.. aplikasi ra jelas
0f8d4124-0844-4f99-a942-ef8bce757ddf,EKA AHMAD,1,2026-08-26T13:58:23.842Z,Lainnya,Negatif,Negatif,0.9975,boikot tidak aman
3c621a4d-4372-46fd-9a3d-f5120bbf2ad9,modist moehi,1,2026-08-26T13:57:55.632Z,Lainnya,Negatif,Negatif,0.9883,bank yg tidak baik
75756c12-b8ac-4c82-bf49-0b30ad7e2f4e,wira one diantoro,1,2026-08-26T13:54:52.797Z,Autentikasi & Akun; Layanan & Fitur Finansial,Negatif,Negatif,0.999,Hilang kepercayaan.. takut ngak bisa transaksi kalau bisa di blokir sepihak tanpa sepengetahuan pemilik rekening.
28159a2e-e426-466a-8a37-d3ea89e0c994,Himawan MS,1,2026-08-26T13:53:58.873Z,Lainnya,Negatif,Negatif,0.9516,ga jd nabung
696dc413-fe5a-43c6-bfd1-60562cc19e9e,Raden Isal,1,2026-08-26T13:52:46.158Z,Lainnya,Negatif,Negatif,0.9918,mandiri hanya kata
adb1d34f-0266-409b-aff0-b0e57fc8a55d,yongky janando p,1,2026-08-26T13:51:22.419Z,Lainnya,Negatif,Negatif,0.9168,aplikasi bukan untuk rakyat ini
4fbe78d3-a7b5-45c4-a196-258a4f27e0f6,Fikriski Alhasan,1,2026-08-26T13:50:55.837Z,Autentikasi & Akun; Layanan & Fitur Finansial,Negatif,Negatif,0.9999,memblokir rekening aktivis
ac4faa4c-185e-43c4-b1a6-bfb0ce1618cf,Dery Iriansyah,1,2026-08-26T13:50:42.830Z,Autentikasi & Akun; Layanan & Fitur Finansial,Negatif,Negatif,0.9993,rekening koruptor tu blokir semua
3daaaceb-b4d4-4e58-ba89-5dcdfd3f98e0,Moc Fikri,1,2026-08-26T13:48:05.528Z,Autentikasi & Akun,Negatif,Negatif,1,ngeri takut di blokir sepihak
4eb28e4f-0bcc-4b9e-b51e-4c4891678ef7,Angga Hikmat,1,2026-08-26T13:47:05.758Z,Lainnya,Negatif,Negatif,0.9516,kicauuu
83a6ae78-b241-4a93-8c0d-e743f2e5ed8d,MrDoc Kilerr!,1,2026-08-26T13:46:17.195Z,Lainnya,Negatif,Negatif,0.9764,NAJIS
58820ad4-cdd7-48d3-87f1-ae189921c86b,prams sky,2,2026-08-26T13:44:17.335Z,Transaksi & Pembayaran,Negatif,Negatif,0.7788,"top up dana dibatasi,makin gk bisa diandelin klo lg butuh dana darurat."
9914e15e-f161-4711-8de5-6cd069dca27d,Aan Suiz,2,2026-08-26T13:42:43.685Z,Autentikasi & Akun; Layanan & Fitur Finansial,Negatif,Negatif,0.9982,"Sebaiknya jangan gegabah memilih Bank, daripada rekening anda di blokir atas permintaan aparat tertentu"
cc7a4848-e8fc-46cd-8225-fa8529feaa80,Andi Hidayat,1,2026-08-26T13:42:38.454Z,Lainnya,Negatif,Negatif,0.9847,beraliansi sama aparat hukum🤣
32ded1ee-a046-4c7c-aa96-a57aae7a21a3,guntur laksono,1,2026-08-26T13:42:20.819Z,Lainnya,Negatif,Negatif,0.9993,Bank ampas
68519dde-5e8d-4200-8380-2c53b4b22c1a,Ilham Jayakusuma,1,2026-08-26T13:41:28.350Z,Lainnya,Negatif,Negatif,0.997,ga rekomen
ca7a91d2-acdb-4617-981d-b27eacb7ae37,NAYYA Channel,1,2026-08-26T13:39:23.180Z,Lainnya,Negatif,Negatif,0.9999,tolol
b33b5e32-fea2-4381-9b4b-fb4d3fb3b0ab,Jhuna Goride,1,2026-08-26T13:38:46.403Z,Lainnya,Negatif,Negatif,0.9965,sangat mengecewakan.
54e7f602-9a2d-422d-a75c-b3ef592fe237,Fabi Fabi,1,2026-08-26T13:37:55.111Z,Autentikasi & Akun,Negatif,Negatif,0.9999,pemblokiran nasabah aktivis
a9466afb-0dab-4fb1-8395-69e40c45f600,Bambang Herliyanto,1,2026-08-26T13:37:22.475Z,Autentikasi & Akun; Layanan & Fitur Finansial,Negatif,Negatif,0.9993,"g jelas, mau²nya ngeblokir rekening mas botok"
0d390e37-83a3-48e6-a285-96ad328228d9,Bisa,1,2026-08-26T13:37:19.240Z,Lainnya,Negatif,Negatif,0.9736,Mandiri T nya terpercaya
2a55545b-a106-4fce-af33-41da75559f22,Zandy Ardiyanto,1,2026-08-26T13:35:36.776Z,Autentikasi & Akun,Negatif,Negatif,0.9532,maaf AQ sekarang ngk mandiri ternyata suda pinda baca alias BCA
5ab58e76-52a6-47b1-8959-5325b0259a51,Manroe Nub,1,2026-08-26T13:34:00.609Z,Kinerja & Server,Negatif,Negatif,0.9957,apk lemot nyesal jdi nya uninstall
f4b844ad-d595-41a5-b955-1acdc5349aa6,Muhammad Tri Prasetyo,1,2026-08-26T13:33:17.619Z,Lainnya,Negatif,Negatif,0.9965,kecewa
2eb10ba9-c598-4b26-9fee-2baca61cb089,Nabilaku Sayang,1,2026-08-26T13:32:20.385Z,Lainnya,Negatif,Negatif,0.9404,uang yang yang saya pakai kenapa situ yang ngatur?
7f451025-3206-480c-b100-b8ac07d6b464,Gak jelas Lu,1,2026-08-26T13:31:38.258Z,Autentikasi & Akun; Kinerja & Server,Negatif,Negatif,0.9997,jangan mau pake livin mending uninstall aja.. mending pake bank lain aja layanannya lelet lemot banyak bug nya sering eror.. terus hati hati atm anda di blokir
d087b933-76fd-4cb1-8a2d-81676db85876,Bang Boy,1,2026-08-26T13:31:06.492Z,Lainnya,Negatif,Negatif,1,"jadi takut nyimpen uang di mandiri gara gara bisa di setir sama aparat,, 👎"
38621bbc-4884-4aa5-b81a-f05cef31dd33,ALFIN REZA,1,2026-08-26T13:27:53.234Z,Autentikasi & Akun,Negatif,Negatif,0.9999,awas kena blokir
2521d1ae-2416-4a50-970e-8d358d642a25,Wandha Algusti,1,2026-08-26T13:27:05.928Z,Lainnya,Negatif,Negatif,0.9877,bank Terburuk dalam hal Intergritas
ec14c5c5-a67d-4c45-b767-faac14d6b42b,Ade Abdurahman,1,2026-08-26T13:26:20.177Z,Autentikasi & Akun,Negatif,Negatif,0.9994,"Mau download lagi, tapi takut kena blokir mendadak 👹"
fd555d43-6331-4ad0-9e38-d5b77ff64b21,saepul Anwar,1,2026-08-26T13:25:28.584Z,Autentikasi & Akun,Negatif,Negatif,0.9993,ngeri tiba2 di blokir nanti
80502305-7f29-4db9-a38d-31702b79b1da,Riska Alviani,1,2026-08-26T13:25:28.564Z,Autentikasi & Akun,Negatif,Negatif,0.9999,Pemblokir nasabah aktivis!
6feec424-f9d0-4447-a1bd-4c0a35c88c52,saepul mutaqin24,1,2026-08-26T13:24:30.158Z,Lainnya,Negatif,Negatif,0.9583,huh
18ad23ba-cf9b-406f-a565-f4de357e80b9,Herwin Narullah,5,2026-08-26T13:22:26.889Z,Lainnya,Positif,Positif,0.5959,Mudah
31739f39-fc62-4792-bb53-4441e782c940,Fifa Mobile,1,2026-08-26T13:21:35.709Z,Autentikasi & Akun,Negatif,Negatif,0.9999,pemblokiran nasabah aktivis
7417cc0c-d86f-46ca-b6af-e4358c0710da,Kaka Afunk,1,2026-08-26T13:20:52.360Z,Lainnya,Negatif,Negatif,0.8451,gampang amet di setir
631c3705-da95-4d12-be65-656d64981235,Ebitsar Reata,1,2026-08-26T13:20:01.239Z,Autentikasi & Akun; Layanan & Fitur Finansial,Negatif,Negatif,0.9999,main blokir rekening nasaba
4e6897e2-7fb5-4e66-ba60-c124f7529007,Dewantara Pandu Aji Satria,1,2026-08-26T13:19:57.832Z,Autentikasi & Akun; Layanan & Fitur Finansial,Negatif,Negatif,0.999,knp rekeningnya di blokir tanpa seperujuan sepihak
37def1e8-1eba-4bf0-bc2c-f6ebad9473d7,Salyan Alqosimi,1,2026-08-26T13:18:49.878Z,Lainnya,Negatif,Negatif,0.9996,Boikot MANDIRI
19ffe92a-3ecd-4315-87fb-e3c401a2c157,Cahyo Yk,1,2026-08-26T13:17:44.865Z,Lainnya,Negatif,Negatif,0.9981,mandiri ko bisa disetir
bbfba8e4-a3db-4f95-9d0a-b5bba11ecaf9,Big Brother,1,2026-08-26T13:17:34.332Z,Layanan & Fitur Finansial,Negatif,Negatif,0.9925,biaya admin lebih murah sebelah ketimbang mandiri... mandiri potongan double2 biaya rekeningnya biaya kartunya. payah mending boikot
07bf472c-60a8-4d08-b105-f04ee26b0c7a,Mohamad Miftahudin,1,2026-08-26T13:17:21.364Z,Lainnya,Negatif,Negatif,0.9974,boikot bank ini jangan ada yg pernah pakek
6897e1ec-150b-44db-b310-e7cd3bf172b7,Arif prkso,1,2026-08-26T13:16:24.641Z,Lainnya,Negatif,Negatif,0.9923,payah sama aparat aja lembek
82cb885d-503f-45fd-a5fe-498634bd8c85,PENAK MAIIDO 021,1,2026-08-26T13:15:19.559Z,Autentikasi & Akun,Negatif,Negatif,1,takut di blokirr
69eae681-1142-4cc3-bc18-9e6529da6e4d,depri irwansyah,1,2026-08-26T13:12:41.362Z,Lainnya,Negatif,Negatif,0.9987,tidak amanah
b51f3a74-692d-4861-aa5f-89d79b997de4,Evi Meriyana,1,2026-08-26T13:09:38.150Z,Lainnya,Negatif,Negatif,0.9996,mandiri jelek hati hati ntar duitnya di ambil tikus rakus
622d1f51-0c22-4146-8a08-6e48c04d2889,bagas putra,1,2026-08-26T13:09:29.581Z,Lainnya,Negatif,Negatif,0.9966,saya sebagai masyarakat biasa sudah tidak percaya kepada Bank Mandiri
6cd6c011-002c-4e6f-913a-39d68bd7848d,Siti Rosana,1,2026-08-26T13:08:18.228Z,Lainnya,Negatif,Negatif,1,jelek buruk
b424c50f-3329-4cee-b18b-a9665ea733f8,Siti Anggraini,5,2026-08-26T13:07:48.404Z,Autentikasi & Akun,Positif,Negatif,0.9561,kenapa setiap mau login pasti gk bisa
94dbc414-cba0-4d56-bc07-48e0b93375b5,Nendi 1234,1,2026-08-26T13:05:01.670Z,Lainnya,Negatif,Negatif,0.9916,ngeri diblok simpen uang dimandiri
fa9b3e24-a47a-40b9-9033-b0562bbb41aa,Mi Ftt,1,2026-08-26T13:02:14.892Z,Lainnya,Negatif,Negatif,0.9979,boikot
7bc6766e-f639-4398-a879-6027771486ba,Fathur Rahman,1,2026-08-26T13:00:21.237Z,Kinerja & Server,Negatif,Negatif,0.9897,Sering error males pake bank mandiri
32b274dc-bd27-4d71-8a8b-f94a94db293d,aqilr _21,1,2026-08-26T12:59:53.818Z,Kinerja & Server,Negatif,Negatif,0.9892,lemott aplikasinya
70057522-b625-4d41-91fd-df4c22f36eb8,Ikha Rostikha,1,2026-08-26T12:57:14.384Z,Autentikasi & Akun; Layanan & Fitur Finansial,Negatif,Negatif,0.9999,PINDAH SEBELUM REKENING KALIAN D BLOKIR KAYA AKTIFIS.
d75af41b-8121-4d84-9ed7-3d794edefbeb,irfan hakim,1,2026-08-26T12:57:09.469Z,Lainnya,Negatif,Negatif,0.9992,jelek gaenak
105ad332-eb41-45e7-bf57-0f798795b6cc,Falih Hibatullah,1,2026-08-26T12:56:15.769Z,Layanan & Fitur Finansial,Negatif,Negatif,0.9964,rekening antek antek asing
5d6ced65-1262-4469-aafc-5cef33c23605,Solikin Olie,1,2026-08-26T12:55:26.244Z,Lainnya,Negatif,Negatif,0.9987,tidak amanah
0c57b47e-38fe-458d-91c4-be0e5fb27c73,Dwiki Jaya Putra,1,2026-08-26T12:55:08.410Z,Autentikasi & Akun; Layanan & Fitur Finansial,Negatif,Negatif,0.9994,"MARI SAMA SAMA TUTUP REKENING KITA, INI BANK UDAH NGASIH BUKTI NYATA BAHWA KEDEPANNYA REKENING KITA BISA DI BLOKIR DIA DENGAN SESUKA HATI"
43162d54-4197-40f1-849a-af122a94297d,Mamash Keche,1,2026-08-26T12:55:02.577Z,Autentikasi & Akun,Negatif,Negatif,0.9993,"perusahan bodong, sudah ada nasabah yg di blokir sepihak, mending bank bca"
26e45ba9-e0a9-44ca-a8a3-19cfbc8354a9,Bio Hazard,1,2026-08-26T12:54:12.345Z,Autentikasi & Akun,Negatif,Negatif,0.9987,pemblokiran aktivis
f17d8464-9a6f-4072-9975-52aee839caaa,Edy Turnip,1,2026-08-26T12:53:35.840Z,Autentikasi & Akun; Layanan & Fitur Finansial,Negatif,Negatif,0.9988,"tidak melindungi rek nasabah, memblokir sembarangan"
00c363df-615f-453c-98f6-8c0b5f5c458f,Ade Herwanto,1,2026-08-26T12:53:23.299Z,Autentikasi & Akun,Negatif,Negatif,0.9897,Ga Asik main blokir2 !!!
ab2d804c-ea85-42e0-9e0c-b062ba58e299,nhoe soel,5,2026-08-26T12:51:47.526Z,Lainnya,Positif,Positif,0.6258,kenapa saat log in tiba tiba force close ya? tidak seperti sebelumnya..mohon di tanggapi
64effb81-dfe6-474b-85f5-a48d6034573a,disco mania,1,2026-08-26T12:50:17.486Z,Lainnya,Negatif,Negatif,0.9412,meragukan
2d1b6b0c-6464-488c-b156-447b4aa3183c,Nik Mat,1,2026-08-26T12:50:08.982Z,Lainnya,Negatif,Negatif,0.9965,kecewa
625784b0-048d-4aaf-9a25-7a7843570652,Ilyas Yasha,1,2026-08-26T12:48:46.599Z,Lainnya,Negatif,Negatif,0.9904,cuih gk mau pakai mandiri lagi
350eacef-6c36-4f40-b336-f3360c6dbf50,Aan Syaifulanwar,1,2026-08-26T12:48:27.258Z,Autentikasi & Akun; Layanan & Fitur Finansial,Negatif,Negatif,0.9989,rekening koruptor diblokir ga?
2989f475-40ad-4f5e-96a4-1da8e2bfc5b1,Abdul Hakim,1,2026-08-26T12:47:59.842Z,Lainnya,Negatif,Negatif,0.9986,KACUNG PEMERINTAH
8c50cb34-be56-463f-975d-75b7a3075e1e,fashionshope 168,1,2026-08-26T12:47:38.716Z,Lainnya,Negatif,Negatif,0.996,"aplikasi perbankan Ter buruk ,sepanjang sejarah"
916993f5-40a3-4457-ab88-447fe1245676,Subakat Drev,1,2026-08-26T12:46:52.181Z,Kinerja & Server,Negatif,Negatif,0.9783,loading terus
d58e35c2-5f4c-4d2c-9a54-750323fc0da4,Reihan Adam,1,2026-08-26T12:45:29.300Z,Lainnya,Negatif,Negatif,0.9449,bank rajelas
e11ef5df-39bf-4fe4-abda-df32e8916c88,Ahmad Salto,1,2026-08-26T12:43:39.405Z,Autentikasi & Akun,Negatif,Negatif,0.999,Dasar katanya mandiri kok malah ngeblokir akun bank orang dengan alasan di setir
6bbda944-80e0-4268-85f6-d5e0cde5177c,Sintia Nabela,1,2026-08-26T12:40:44.800Z,Autentikasi & Akun; Layanan & Fitur Finansial,Negatif,Negatif,0.9951,bekerjasama dgn oknum untuk memblokir saldo rekening seseorang yang tidak bersalah
cb88644f-2c8d-4a4b-9d5d-f10cf1fc2853,Yudha Ajha,1,2026-08-26T12:40:40.366Z,Lainnya,Negatif,Negatif,0.9902,bank yg di kendali kan cokolatos. bukan sesuai nama nya
6e5cb094-3d26-4441-a566-5f902601638e,Reynaldi Surya Pratama,1,2026-08-26T12:40:05.542Z,Lainnya,Negatif,Negatif,0.9273,bsuk
233bfc57-2450-4292-8cf5-d3a05b566e89,Yuda Bahari Wijaya,1,2026-08-26T12:39:40.372Z,Lainnya,Negatif,Negatif,0.973,Bank tidak netral
4f751ebb-961c-42a2-a117-8317f284738f,juli putra,1,2026-08-26T12:37:24.501Z,Lainnya,Negatif,Negatif,0.9957,"Bank kn harus ny netral, kok bisa di setir oleh aparat? 😅"
f795fc51-bf72-4981-9ceb-520b8dd889f8,Hendra Wijaya,1,2026-08-26T12:37:09.857Z,Autentikasi & Akun,Negatif,Negatif,0.9999,hati-hati kena blokir. Ngeriiii
31dec399-0209-464d-95bf-2eb417e60c99,ustadz Gamming,1,2026-08-26T12:36:44.919Z,Lainnya,Negatif,Negatif,0.9662,ngeri .maju kena mundur kena .
c892bc83-6b5d-459a-836e-89964dbfcd8f,Robyn 'Hood,1,2026-08-26T12:36:36.780Z,Lainnya,Negatif,Negatif,0.9273,Terusin
115f9f7f-ddd7-4858-b846-c6687bfcedc3,Dhen Bagusengarso,1,2026-08-26T12:35:05.590Z,Autentikasi & Akun,Negatif,Negatif,0.9942,mengecewakan nasabah merugikan nasabah dgn adanya pemblokiran kita jadi ragu akan kepercayaan yg di curahkan buat bank mandiri.nilai 0 besar buat kinerja mandiri...
f2e7bcca-73f0-41e9-96a6-5a24b7c270d0,aulia nurika rahma,1,2026-08-26T12:34:01.663Z,Lainnya,Negatif,Negatif,0.853,"Terimakasih atas pelayanannya selama ini, kami kira cukup sampai disini"
c3ddc87f-0c4a-4574-8d17-077527146a3f,Balkis Padilla,1,2026-08-26T12:32:55.376Z,Autentikasi & Akun,Negatif,Negatif,1,"bank buruk, blokir sesuka jidat"
1fa258e1-1eb1-46db-9751-09ba619285c8,Ardiansyah,1,2026-08-26T12:31:28.870Z,Autentikasi & Akun,Negatif,Negatif,0.9993,"parah bangett, uang 80 juta bisa terblokir wkwkwk"
d472e903-bf51-4b13-bd95-5bb4340c64e2,enjang rhd,1,2026-08-26T12:29:15.202Z,Autentikasi & Akun; Layanan & Fitur Finansial,Negatif,Negatif,0.9975,ayo tarik semua uang kalian dari rekening & pindah bank
d4dc3268-5af9-4cf2-b6f3-016b21b56b75,Kieng Channel,2,2026-08-26T12:26:17.808Z,Autentikasi & Akun,Negatif,Negatif,0.9273,"Livin sekarang susah untuk mengganti sandi baru ,giliran udh bisa ganti sandi pas tahap masukkan pin kok bisa slh , padahal pin GK ada di otak Atik tapi bisa slh"
18bcd1ff-acf6-491d-b155-90475efc25bc,yuniarto astiawan,1,2026-08-26T12:25:58.896Z,Layanan & Fitur Finansial,Negatif,Negatif,0.9987,Bank terjelek tidak bisa menjaga rekening nasabah!!!!!!!!
00b7c2ed-4f04-45ba-98eb-9f0a78a253a4,Romulus Ulus,1,2026-08-26T12:25:36.567Z,Kinerja & Server,Negatif,Negatif,0.9518,eror mulu knp ya
9fadf61e-cb2b-45b8-b6b1-294ff8a2ddd0,Amir Cyberart,1,2026-08-26T12:25:33.894Z,Autentikasi & Akun,Negatif,Negatif,0.9973,RAWAN PEMBLOKIRAN AKUN
c4fc799c-275a-482d-a856-767c5a850472,Burung Si Mbah,1,2026-08-26T12:25:08.979Z,Lainnya,Negatif,Negatif,0.9911,ih ngeri bank satu ini
f52da272-c047-44a9-9e85-7478fd9288c6,Kiki Hadidi,5,2026-08-26T12:21:30.703Z,Lainnya,Positif,Negatif,0.5049,apa bener .. yg lagi virall? masalah pati? cuma mau bilang. Jngan sampaii bank kalian ga bisa di percaya sama masyarakat. makasih
0091b4c7-8d77-4be0-a88f-d0b12e2edd7b,syahrul tanjung,5,2026-08-26T12:19:36.488Z,Lainnya,Positif,Positif,0.8297,😍
d5175d24-b67e-48d1-b871-7e8a9f7ac3c1,Susi Susan,1,2026-08-26T12:19:04.744Z,Autentikasi & Akun,Negatif,Negatif,0.9937,"potongan administrasi besar sekali, bahkan saldo kami diblokir secara diam-diam dari pihak bank mandiri. tolong di hapus aplikasi Livin ini"
819a0280-381e-4f7e-a7ba-c00015778ebe,Yoga Sholikhin,1,2026-08-26T12:18:29.759Z,Lainnya,Negatif,Negatif,0.9965,mengecewakan
4e50bad8-bf98-4a81-ab43-e50e99858ce9,AKUN KEAMANAN,1,2026-08-26T12:17:11.645Z,Lainnya,Negatif,Negatif,0.9774,"Tidak dapat dipercaya , sewenang wenang terhadap nasabah , sangat tidak aman"
bf50616b-5f6f-416e-b516-272e0515f187,Sulistio Hutomo,1,2026-08-26T12:17:04.622Z,Lainnya,Negatif,Negatif,0.9671,kureng sekali
855ee336-c442-4c8b-b2fc-00f8ef79eac1,Dan Izira,1,2026-08-26T12:14:59.710Z,Autentikasi & Akun,Negatif,Negatif,0.9996,bank plat merah... duit ga aman takut keblokir sepihak tanpa alasan jelas...
c97b8bf2-76e6-486c-bb2b-0c8bc394248a,Mufadil Muhammad,1,2026-08-26T12:14:20.000Z,Kinerja & Server,Negatif,Negatif,0.606,"sudahdi force close hp sudah di restart.. tetep aja loadingnya lama.. selalu muncul notif ''belum berhasil terhubung'' dan skrang udah sya unisntal, sya downlad lgi.. pas di buka ttep aja gk bisa ('' belum berhasil terhubung'').. maunya apa ini mandiri...!!! bintang satu karna memang aplikasinya jelel..."
a86b5705-27a7-4731-8bea-2941d57b546b,Lutfi,5,2026-08-26T12:14:05.866Z,Lainnya,Positif,Positif,0.8565,sangat bagus
836e59cc-e9ac-4a5a-a60a-02934bafea50,fuadhi ramadhan,1,2026-08-26T12:13:53.412Z,Lainnya,Negatif,Negatif,0.9986,bank koruptor
a569f265-b0de-4944-84b5-1bfea78b65a0,Tobagus Huda,1,2026-08-26T12:12:46.264Z,Lainnya,Negatif,Negatif,0.9983,sangat buruk mempermainkan hak penggunanya..
6b7bdafd-9a3d-4c7b-a24e-f0bd8c71085d,Huft1 Racing,1,2026-08-26T12:12:43.920Z,Lainnya,Negatif,Negatif,0.9957,boikot tidak rekomendasi untuk menabung
4950fe44-fcf9-4d13-b24d-7b5d1f85f91a,Syarif Angga,1,2026-08-26T12:10:22.955Z,Lainnya,Negatif,Negatif,0.9131,bank hebat
4ae44726-2b82-461b-bcf8-5ecd5bfc6cd2,joni tingkir,1,2026-08-26T12:09:57.577Z,Lainnya,Negatif,Negatif,1,buruk
6533160d-592e-43b6-90f2-28a1780b63ba,wawan Kurniawan,1,2026-08-26T12:09:29.240Z,Lainnya,Negatif,Negatif,0.9857,bank macam apa ini
730a270d-985e-49ae-9cfe-a470d40a4e6e,K aL,5,2026-08-26T12:09:13.623Z,Autentikasi & Akun; Transaksi & Pembayaran; Layanan & Fitur Finansial,Positif,Positif,0.8842,"Saya tetap menghargai Bank Mandiri sebagai salah satu bank besar dan berharap kepercayaan nasabah selalu menjadi prioritas.tetapi disisilain saya juga berharap transparansi dan komunikasi kepada nasabah terkait pemblokiran rekening serta dana dapat lebih ditingkatkan. Semoga ke depannya setiap kebijakan dijelaskan secara jelas dan tetap mengutamakan perlindungan serta kepercayaan nasabah."""
ae78db44-90ef-408b-b1e9-529724a9f0d9,Aidhil Dg Ngeppe,1,2026-08-26T12:08:21.130Z,Lainnya,Negatif,Negatif,0.941,Bank yang bersektuhhh.. smiga bangkrut
773af99b-2fc6-41d4-80b2-75db6b8cf181,Muhamad Ngafif,1,2026-08-26T12:07:42.777Z,Autentikasi & Akun,Negatif,Negatif,0.9995,takut diblokir.
e4088511-82fe-4b0b-ab46-9b2c77e63704,Diky Syahputra,1,2026-08-26T12:07:07.420Z,Lainnya,Negatif,Negatif,0.9979,BOIKOT
2a0b0b5e-c5f3-4122-8a8b-b592416c4ca6,Melli Yanti,1,2026-08-26T12:07:03.613Z,Lainnya,Negatif,Negatif,0.9894,Baru tau kalo bank bisa disuruh2 aparat wkwk
eeb3dcef-4ac9-4f87-bf3b-742fbd74b17e,Muhammad Fajry,1,2026-08-26T12:06:20.430Z,Lainnya,Negatif,Negatif,0.9881,Katanya Mandiri. sekalinya bisa di intervensi dari pihak luar. mikir lagi deh gua mau naroh duit di sini
3eebbd48-e585-4b49-88af-3d64cee234ff,abdulazis melehoy,1,2026-08-26T12:03:40.301Z,Autentikasi & Akun,Negatif,Negatif,0.9998,ngeri maen blokir aja
446de59f-f994-4634-9ccd-0c810343d947,Al Ghazali,1,2026-08-26T12:03:13.227Z,Kinerja & Server,Negatif,Negatif,0.9965,aplikasi nya ribet sering bug gak lagi deh pake Livin
cdff7b55-d8b1-4670-87c4-5ebe33829f76,Dapenk 81,1,2026-08-26T12:00:03.340Z,Autentikasi & Akun,Negatif,Negatif,0.9993,takut d blokir juga.. ganti bank saja lh
d901ad4e-c111-465a-b127-53d20b5548bf,bambang permadi,1,2026-08-26T11:59:47.857Z,Layanan & Fitur Finansial,Negatif,Negatif,0.8528,"kartu atm awalnya hilang ,trus ke bank lah buat baru sekalian upgrade ke gold , setelah slesai coba ku pake di atm ga bisa , aku balik ke cs lagi katanya "" ga ada uang nya "" gebleknya dia kan bisa tau rekening gw ad uang atau engga , kenapa bisa dengan mudahnya ngomong begitu , mana boti pula , ini gw ga subjective nilai orang ya , emang dri kelakuan & gelagatnya cs ny boti"
b3c8268a-3016-4e39-8158-a8cad59a6839,Alif Gol,3,2026-08-26T11:58:58.275Z,Lainnya,Negatif,Negatif,0.8986,gila gagal transaksi aja kena potongan 5 k kalau gak sadar bisa amsyong sebelum membuat mikir2 dulu dan baca lebih teliti
6d89e65b-8994-4902-b83e-d4990839c24e,ůmåý ķhūmăĕdī åhmăd,1,2026-08-26T11:58:18.292Z,Autentikasi & Akun,Negatif,Negatif,0.9999,gak mau pake bank ini takut d blokir
27ca04f6-90ab-429d-8497-c04bc8278419,Ramadhan Novianto,1,2026-08-26T11:57:34.961Z,Lainnya,Negatif,Negatif,0.9974,udah ngga aman lagi nyimpen duit disini
5f7afd5b-9cef-49aa-88f7-14b399657717,Ahmad Ridwan,1,2026-08-26T11:56:24.668Z,Lainnya,Negatif,Negatif,0.9258,kapokkkkkk
7e91ffa2-6209-44dc-b24b-e36bea9c4e1f,Annisa Gianti Septiani,1,2026-08-26T11:56:09.720Z,Lainnya,Negatif,Negatif,0.9558,"bank telek, bank sat"
b58846b8-dfae-4c38-aafe-9026e75f30de,Selvia Viaa,1,2026-08-26T11:54:22.780Z,Kinerja & Server,Negatif,Negatif,0.976,udah mandiri sekarang kan 😂 makanya jangan sok sok bekuin uang orang 🥱
e16d160c-ab09-4e0f-b31a-8f6b2a9cc8e7,Alvino Risko,1,2026-08-26T11:53:47.450Z,Lainnya,Negatif,Negatif,0.9361,"ga worth it, keamanan tidak terjaga dengan baik"
e3a4ec21-89bd-43f6-b99c-d82cca21bc90,Ronald Officiall,1,2026-08-26T11:53:08.611Z,Lainnya,Negatif,Negatif,0.9445,tidak punya pendirian
f12c46f2-9f1d-4f71-9557-05d13b3b9967,sunny speed,1,2026-08-26T11:52:45.357Z,Lainnya,Negatif,Negatif,0.9175,bank anti demokrasi 🤣
b133b210-61f0-41a9-ba0b-71efbda2284c,Yuni Saraswati,1,2026-08-26T11:52:10.794Z,Lainnya,Negatif,Negatif,0.9999,tolol
0f02dccb-e403-45a0-adf9-256aedfda82d,Ibnu Uswasay Fani,1,2026-08-26T11:51:53.537Z,Lainnya,Negatif,Negatif,0.9791,nyesal pakek ini atm gedek bangen duit yg jadi depositnya. mana gak bisa ditarik lagi.
36b06945-2bc9-456b-9a1d-86b9d536cc1b,Albert Maulana,1,2026-08-26T11:51:08.170Z,Autentikasi & Akun,Negatif,Negatif,0.9786,mbangking dan atm saya tbtb keblokir ga selama 2 minggu saja
8c604933-e986-44d5-9e49-ac6fbdd05db0,Server,1,2026-08-26T11:50:51.633Z,Kinerja & Server,Negatif,Negatif,0.952,"loading nya lama, giliran ngebekuin uang rakyat aya cepet"
d00ff9fa-dd1c-4b59-a5e7-d7e3c996ad6d,Muna Atif,1,2026-08-26T11:50:20.288Z,Lainnya,Negatif,Negatif,1,bobrok
c3b6d368-bd0c-4b5c-a01f-865b29b88d26,jun Batamjuge,1,2026-08-26T11:49:35.993Z,Lainnya,Negatif,Negatif,0.9965,kecewa
22a609b1-de86-4951-a226-eb2097fe0b7e,Bahrol Putra,1,2026-08-26T11:48:48.653Z,Autentikasi & Akun,Negatif,Negatif,0.9989,bluender sekali anda bisa blokir nasabah
6510a033-4560-4219-b3d3-bf70bfc0e30c,Suprapto11,1,2026-08-26T11:46:10.820Z,Lainnya,Negatif,Negatif,0.9943,katanya MANDIRI KOK DI SETIRIN
aebfb911-3b56-4763-88b8-f34c502e6d09,hasnul fahmi,1,2026-08-26T11:44:57.837Z,Autentikasi & Akun,Negatif,Negatif,0.9964,bank pemblokir rakyat
9e823b1c-9d5d-4831-9931-68c9d2a5571a,Tmex Saputra,4,2026-08-26T11:44:20.505Z,Kinerja & Server,Positif,Negatif,0.9501,sering eror skrng
70070f18-8359-44b4-a3e3-c4a5783bef01,Yudi Yudi,1,2026-08-26T11:43:46.722Z,Lainnya,Negatif,Negatif,0.9876,bank yg Dzolim terhadap rakyat cilik!!!
12575c91-afb4-455d-b63c-17963cef7d04,Rizka Ananda,1,2026-08-26T11:42:03.970Z,Lainnya,Negatif,Negatif,1,👎👎👎
40f4f31b-e656-42fe-bed4-f2ba5c2064ac,ELDI Diansyah,1,2026-08-26T11:40:47.622Z,Lainnya,Negatif,Negatif,0.9916,jangan pake deh nanti saldonya di tahan ga bisa di ambil
be388689-d804-4bce-94da-ef83a2178870,Herva ES,1,2026-08-26T11:40:12.418Z,Lainnya,Negatif,Negatif,0.9879,takut gak punya privasi
bce97c52-8e22-4ec6-91eb-8283249ec9b6,Muh Awaludin,1,2026-08-26T11:39:18.153Z,Autentikasi & Akun,Negatif,Negatif,0.9992,"aplikasi berbahaya, bisa memblokir saldo nasabah tanpa alasan yg tepat"
f4968564-031a-42c2-a871-b96af5346ebe,Aku Gabut,1,2026-08-26T11:34:22.932Z,Lainnya,Negatif,Negatif,0.9994,boikot mandiri udah gabisa dipercaya lagi
9f7054ee-c09f-4aa2-bde9-9b2d6c894a13,anggita gurda,1,2026-08-26T11:34:14.865Z,Lainnya,Negatif,Negatif,0.9982,"tidak profesional, tidak bisa menjaga privasi"
ebdbc6e6-0c92-4d05-90cf-e937e3dd3954,Annda Bro,1,2026-08-26T11:33:22.840Z,Lainnya,Negatif,Negatif,0.7468,not good
e98e9219-ac3b-437a-9881-6aaf2f5b2e74,ilham akbar,1,2026-08-26T11:33:07.659Z,Autentikasi & Akun; Layanan & Fitur Finansial,Negatif,Negatif,0.9808,"jadi Takut tabungan tba diblokir sepihak,,"
8f04c8ae-7425-46fe-8ae8-0aaa43cc4872,H3140RC,1,2026-08-26T11:32:58.822Z,Lainnya,Negatif,Negatif,0.9995,bank mandiri kok bisa disetir
12389647-d484-4ff3-95de-c9d9650a459c,Lil Xinn,1,2026-08-26T11:31:17.780Z,Lainnya,Negatif,Negatif,0.9988,anjay bisa disetir aparat
28872794-7f51-499b-aba7-5ce8ff5514e8,Wandi 23,1,2026-08-26T11:30:26.717Z,Transaksi & Pembayaran,Negatif,Negatif,0.9516,Uang saya 500k ilang padahal tidak melakukan transfer ? Kenapa ya ?
7be40323-0862-4d2f-ae83-f3fa9c19febd,azies bpc,1,2026-08-26T11:30:22.216Z,Autentikasi & Akun,Negatif,Negatif,0.9973,tidak bagus dan tidak amanah untuk customers .. sebarang blokir saldo tanpa kordinasi ke pihak customers .
49cbafb9-cf6e-4927-a422-6755b596fc2f,akun polos,1,2026-08-26T11:28:12.972Z,Lainnya,Negatif,Negatif,1,jelek
94584b38-ba88-4fa7-93d8-bf01ff835399,A Uponk,1,2026-08-26T11:26:21.107Z,Lainnya,Negatif,Negatif,0.9984,tidak aman nabung d mandiri
9e008ff7-61cb-4f82-94ea-ffa7d14ca348,Haris Herdiansyah,1,2026-08-26T11:25:53.872Z,Lainnya,Negatif,Negatif,0.9834,blunder
d7fbf0ef-156e-4362-a9be-43a704e8abcd,XL transport7,1,2026-08-26T11:24:40.962Z,Layanan & Fitur Finansial,Negatif,Negatif,0.9962,"Baikottt kosongkan rekening, Uninstall"
104b2023-18ae-4eae-90df-246496f150e1,Muhammad Alfi M,1,2026-08-26T11:24:32.225Z,Autentikasi & Akun,Negatif,Negatif,0.9999,blokir uang orang secara sepihak
717ad203-7bdd-4701-b1eb-4ea4bc278c25,Zakaria Yahya,1,2026-08-26T11:23:33.543Z,Lainnya,Negatif,Negatif,0.9926,bank tidak bisa di percaya sangat beresiko
24a2ef42-3839-4aa1-8564-08a062d289df,wirastaka pratama,1,2026-08-26T11:22:56.400Z,Lainnya,Negatif,Negatif,0.9331,"Saya sudah lebih dari 5 tahun menggunakan bank mandiri, setelah melihat berita, kemudian menelaah UU dan Latar belakang permasalahan, serta dari semua aspek yang ada, saya rasa kejadian akhir-akhir ini sudah tidak sesuai dengan slogan Bank Mandiri itu sendiri"
b7b2feaa-5323-4022-b414-0fdf3120f7a3,Endin Kurniawan,1,2026-08-26T11:21:30.926Z,Lainnya,Negatif,Negatif,0.9993,busuk
f48ec917-2b41-4728-abd5-5e3e2677d5f7,Putra Siregar,1,2026-08-26T11:19:07.627Z,Transaksi & Pembayaran,Negatif,Negatif,0.9492,aplikasinya sering tidak berfungsi saat hendak melakukan transfer saya sangat kecewa berungkali terjadi
1fb25672-46cd-4f98-bb9d-ffc8a8a28ad7,aida cza,1,2026-08-26T11:19:02.210Z,Autentikasi & Akun,Negatif,Negatif,0.9973,ga bisa lindungi data privasi pengguna... bisa blokir sesuka hati
3155c1e5-b443-49d2-8511-732dadf906b2,Randa `Ganz,1,2026-08-26T11:18:13.348Z,Lainnya,Negatif,Negatif,0.9997,BOIKOT BANK MANDIRI
dcad5db5-0c7b-4546-823a-cd2397848585,Taufiq Tyas,1,2026-08-26T11:17:46.640Z,Lainnya,Negatif,Negatif,0.9998,bank mandiri yang belum mandiri
3373f48d-7128-4c3c-be2a-fd8edd7e990b,suka suka,1,2026-08-26T11:17:10.447Z,Autentikasi & Akun; Layanan & Fitur Finansial,Negatif,Negatif,0.9987,gak aman rekening gampang di blokir
01943dfc-6d47-47d6-b225-2e7d4e242ec4,Bhy Bhy,1,2026-08-26T11:16:13.692Z,Autentikasi & Akun; Layanan & Fitur Finansial,Negatif,Negatif,0.9995,sangat di sayang kan tidak berpihak pada rakyat memblokir rekening aktivis
c97acaa3-596f-4d72-946c-85cfc14f356a,Selamet Riadi,1,2026-08-26T11:14:51.348Z,Lainnya,Negatif,Negatif,0.9997,"boikot mandiri, bank tidak amanah"
689a566a-87db-45f0-a1e9-897a12228bab,Jajang Saepul anwar,1,2026-08-26T11:14:32.394Z,Autentikasi & Akun,Negatif,Negatif,1,bank tida amanah main blokir ajah
10f05f50-66ec-45c6-9e67-c239180e081b,Bobi Irawan,1,2026-08-26T11:12:44.687Z,Lainnya,Negatif,Negatif,0.9979,BOIKOT
28596baf-1093-4294-9c0c-d75aad436384,M rizqi Mukhtarom,1,2026-08-26T11:11:49.195Z,Autentikasi & Akun; Layanan & Fitur Finansial,Negatif,Negatif,0.9996,"minimal jangan asal blokir rekening nasabah tanpa perkara yang jelas ,"
73600293-e637-4b7b-83fb-dfebfcb595c6,DIDANE ANDIKA,1,2026-08-26T11:11:37.880Z,Autentikasi & Akun; Transaksi & Pembayaran,Negatif,Negatif,0.985,"pemblokiran dana aktifis yang tidak terduga, katanya mandiri kok di stir wkwk. kita liat apakah semakin maju atau turun merosot kebawah"
3ea111bc-3098-4e1d-ade8-51f3ab6d2e83,syamsul hidayat,1,2026-08-26T11:11:31.610Z,Lainnya,Negatif,Negatif,0.9273,buat polemik aja
b6b4a7d2-1cbe-488d-b784-be11d22648ef,Ayi Yayan Sofian,1,2026-08-26T11:10:55.977Z,Lainnya,Negatif,Negatif,0.9965,sangat mengecewakan
232442df-e5ea-408a-b797-985cf1bfd1a1,Ahmad Idris2,1,2026-08-26T11:10:19.720Z,Autentikasi & Akun,Negatif,Negatif,0.9999,pemblokir nasabah aktivis
00430cb5-9c91-42af-9991-f6e7bf6ae4fa,Siti Ambriatul padilah,1,2026-08-26T11:09:00.917Z,Lainnya,Negatif,Negatif,0.9966,pencuri uang rakyat
ffd729b5-761a-4a76-b6be-1cf60448ea48,adjiem rhesthaanggara,1,2026-08-26T11:07:45.710Z,Autentikasi & Akun,Negatif,Negatif,0.9998,mau daftar aja dipersulit apalagi klo ada duitnya takut d blokir
b4c4c165-92ab-49ae-b330-7cb1d0d2e6ab,X01 CHANNEL,1,2026-08-26T11:07:40.605Z,Lainnya,Negatif,Negatif,0.994,bye bye mandiri
70d5e4f3-eb5b-4699-8904-2016b1a63a3f,Melati Sukma,1,2026-08-26T11:07:19.183Z,Lainnya,Negatif,Negatif,0.9853,ayo saat nya rakyat Indonesia yang cerdas kasih bintang 1 dan boikot masal
abb43e5a-6fa6-4250-be23-bd4e78cd7327,Rivai Marzuki Miu,1,2026-08-26T11:06:09.642Z,Autentikasi & Akun,Negatif,Negatif,0.9994,"aplikasi perampok, hati2 uang anda bisa d blokir"
e4f392ac-1f2c-4d12-9490-5b31d7b91aea,Astina Rangkuti,1,2026-08-26T11:05:32.881Z,Autentikasi & Akun,Negatif,Negatif,1,seenak jidat lu blokir blokir saldo
070a91a7-faf3-4513-831c-06f50b2e31e1,Winar Sih,1,2026-08-26T11:03:58.362Z,Lainnya,Negatif,Negatif,0.9928,terpaksa karena gaji pke bank ini. bank para koruptor
2e2d2020-a279-4ce4-90e0-f07f34783b6b,Ramadani 047,1,2026-08-26T11:02:55.736Z,Lainnya,Negatif,Negatif,0.9796,Gak guna 🙌🏻
06f24ce0-7579-4ce4-a47a-8e9ecf8a6929,Aditiya Pratama,1,2026-08-26T11:02:44.583Z,Lainnya,Negatif,Negatif,0.9625,Shame on you...
7a404756-b7cf-4708-b03e-e287a01c7bd0,Mhd Aldo Herlanda A Md,1,2026-08-26T11:02:21.345Z,Autentikasi & Akun,Negatif,Negatif,0.9999,Suka Blokir Akun Nasabah!!!
56f1a88d-8371-4819-bbd3-6ed0317a308f,zoen toyo,1,2026-08-26T10:59:46.952Z,Autentikasi & Akun,Negatif,Negatif,0.9995,saya tidak pakai mandiri lagi.. kuater kena blokir
7f22338c-088c-4337-914a-e9cfce72e2dd,Epul Saepuloh,1,2026-08-26T10:57:17.286Z,Autentikasi & Akun,Negatif,Negatif,0.9999,pemblokir nasabah aktivis!
bf82f00b-97f3-46ca-971d-5fda363df994,Beni Yosua,1,2026-08-26T10:57:16.825Z,Autentikasi & Akun; Layanan & Fitur Finansial,Negatif,Negatif,0.9958,"kecewa, telah memblokir rekening nasabah yang tidak terbukti melakukan tindak kriminal"
3f76799e-b5df-4cf1-a132-56a253a26025,Rifqi abdillah,1,2026-08-26T10:56:41.536Z,Lainnya,Negatif,Negatif,0.9735,aplikasi bank di stir tikus bejat wkwkw
5754f427-98ea-4979-9930-979b5e40c51d,Dinda Prastiwi,1,2026-08-26T10:55:10.293Z,Autentikasi & Akun; Layanan & Fitur Finansial,Negatif,Negatif,1,masak rekening aktivis di blokir. parah
e8f80759-1902-4eb9-9b1b-2723aa526757,Kedai Mie Sembilan Djaya,1,2026-08-26T10:52:45.138Z,Kinerja & Server,Negatif,Negatif,0.9021,Habis update malah gabisa dipake gimana sih. Padahal tab saya u0dah update loh
d3c5933e-47fe-4a4e-986d-2e92ebe0d320,Husen Husen,1,2026-08-26T10:51:46.290Z,Lainnya,Negatif,Negatif,0.977,budak korporat
49694d6d-3460-43d8-abb6-1649b0e26190,KASURrusak,1,2026-08-26T10:48:46.520Z,Lainnya,Negatif,Negatif,0.9998,"katanya mandiri, kok disetir aparat?"
4fa7d45c-f6a9-4685-8ad4-2fb015eda34f,Zaskia Sungkar lestari,1,2026-08-26T10:48:02.550Z,Autentikasi & Akun,Negatif,Negatif,0.9135,boikot🔥🔥🔥 mandiri telah blokir ATM pejuang rakyat🔥
5cbe6d60-2c50-4790-aa91-22489e9700ce,Muh Faiz,1,2026-08-26T10:47:12.175Z,Layanan & Fitur Finansial,Negatif,Negatif,0.9479,Saya Kaget Seketika Melihat Rekening Saya 0 Rupiah Padahal saya ini desil 10 loh!?!?!
30a6f278-10a7-4b5a-a241-9f777ae25056,Mursyid Yuslim,1,2026-08-26T10:45:48.142Z,Lainnya,Negatif,Negatif,0.6822,aplikasi keuangan kok gini amat
6a1bf476-c1fd-42c8-9810-b79d63d6d7dd,Ifzalnal diansah,2,2026-08-26T10:45:48.830Z,Autentikasi & Akun,Negatif,Negatif,0.9993,bank bisa disuruh blokir sama aparat
9fa042e3-2b54-435c-8f68-14584ffad92c,Achmad Baturaden,1,2026-08-26T10:43:47.471Z,Lainnya,Negatif,Negatif,0.9965,mengecewakan
6bb35d9e-7daa-45ad-842a-1f87784d3432,Ruswant Rolland,1,2026-08-26T10:43:28.612Z,Lainnya,Negatif,Negatif,0.9974,tidak profesional
105b4269-c620-4dd9-aa9d-ab9c66884785,Lucky Febriyanzah,1,2026-08-26T10:40:12.525Z,Lainnya,Negatif,Negatif,0.9997,sangat buruk karna tidak pro k rakyat
0ff91acb-6720-49f7-b085-e5aacb14f048,Erik Gea,1,2026-08-26T10:39:04.822Z,Lainnya,Negatif,Negatif,0.9997,sangat buruk terhadap konsumen
fb0d018e-1778-4318-9dd3-56a16aac0075,Andi Kurnandi,1,2026-08-26T10:38:39.972Z,Lainnya,Negatif,Negatif,0.9997,"BURUKKKKKK ,KATANYA MANDIRI TERNYATA ENGGA"
8edc01c7-3481-4147-82d5-64181099100a,Mahrus Cakra,1,2026-08-26T10:37:09.273Z,Autentikasi & Akun,Negatif,Negatif,0.9279,waduh gak bisa masuk ke aplikasi
1fa4f295-7243-4ce8-8e20-5fb02a5c7e9e,Riyan Iqbalkurniawan,1,2026-08-26T10:36:17.643Z,Autentikasi & Akun,Negatif,Negatif,0.9999,awas di blokir
f4106af4-4230-40a3-849b-29afaf9de103,Muh. Rizal,1,2026-08-26T10:35:00.298Z,Autentikasi & Akun,Negatif,Negatif,0.9987,saya takut nanti hasil keringat saya di blokir di bank ini
c1226028-7bd7-4115-8dcb-0014a7740c5a,morowali berbagi,1,2026-08-26T10:33:31.407Z,Lainnya,Negatif,Negatif,1,bank mandiri tapi tidak mandiri kacau
823cdf0d-9b56-44fa-abd9-3d13ef13b4a3,Muhamad NurIman,1,2026-08-26T10:33:07.873Z,Autentikasi & Akun,Negatif,Negatif,1,takut di blokir sepihak
6dbdce5d-ba56-4327-9eab-7432d1e65d04,Ayick Tigabelas,1,2026-08-26T10:28:38.611Z,Autentikasi & Akun,Negatif,Negatif,0.9996,wah kacau ini bank mandiri. kalau bang botok yang banyak teman dan kelompoknya saja bisa kena blokir sepihak. bagaimana kita yang gak punya kelompok. wadidaw!!
11623dc7-2b6a-420f-9129-829b1ce56222,Dafa Rahman,1,2026-08-26T10:27:04.691Z,Lainnya,Negatif,Negatif,0.9273,KEPARATTT
64b66333-8ab3-4100-840d-2f7a9570b994,CELEMENDE batur,1,2026-08-26T10:24:49.828Z,Lainnya,Negatif,Negatif,0.9807,bangkrut
62e98ff5-ba3b-4a7e-898c-30459b2dac1a,HOLLY BF solo,1,2026-08-26T10:23:42.483Z,Autentikasi & Akun,Negatif,Negatif,0.9948,awas ati² bisa rekenging mu d blokir tiba tiba
75c7e92f-9c7c-48d9-a770-e80ab5aea7bf,Rachmat Bachtiar,1,2026-08-26T10:23:40.730Z,Lainnya,Negatif,Negatif,0.9995,wah kacau GK bisa di akses
e1fa8cf3-0314-41a0-aa34-31e11ee95dd2,Zidan,5,2026-08-26T10:23:05.454Z,Lainnya,Positif,Positif,0.9232,"good app, love it"
2b3e0c0d-ec78-4bc4-92b0-962cff685daf,Bazakstars,1,2026-08-26T10:22:56.533Z,Lainnya,Negatif,Negatif,0.9986,KACUNG PEMERINTAH
530c8889-72dd-4bd2-9da2-a7619494885d,Anak Anjing,1,2026-08-26T10:22:01.226Z,Lainnya,Negatif,Negatif,0.9746,apk dongo
7d676d6b-0382-4129-a5a0-3834acfa03a2,Jiwan Karim,5,2026-08-26T10:21:08.141Z,Transaksi & Pembayaran; Layanan & Fitur Finansial,Positif,Positif,0.62,"Dari kemaren tanggal 25 sampe sekarang ga bisa buka aplikasinya. bena-benar gila ini, saya mau kirim uang buat anak dan istri saya. kapok benar-benar kapok. Akan saya tutup ini rekening Bank Mandiri ini, dana akan saya tarik seluruhnya."
2ea5ae46-f3d5-43d4-8c50-8967a582c820,pepen pendi,1,2026-08-26T10:19:08.461Z,Lainnya,Negatif,Negatif,0.9809,ga bagus bank ttidak ada intergritas terhadap nasabah
6250cf3b-dbef-4e2c-b283-f93191fb69b5,Budhi Rahman,1,2026-08-26T10:16:38.318Z,Lainnya,Negatif,Negatif,0.9999,"mandiri tapi tidak mandiri, pelayanan juga buruk untuk nasabah menengah ke bawah."
ec63d27b-0eb0-471f-9816-65a1ecdc8660,Andre Kristian,1,2026-08-26T10:13:25.552Z,Lainnya,Negatif,Negatif,1,bank jelek
bf109b0f-229b-4606-a9c2-85aa824fe8d0,Cunil Prasojo,1,2026-08-26T10:13:25.419Z,Autentikasi & Akun; Layanan & Fitur Finansial,Negatif,Negatif,0.9995,seenak udel blokir rekening
eae1f7a1-a6e1-477e-9864-2050cd424db2,Alpin H,5,2026-08-26T10:12:21.758Z,Lainnya,Positif,Positif,0.8968,app yang mudah untuk digunakan
453016b2-3031-47e9-9f6b-5ed8901d8c2e,Iman Lesmana,1,2026-08-26T10:11:44.924Z,Lainnya,Negatif,Negatif,0.9965,Sangat mengecewakan !
30bea727-b851-4ec0-9999-ad760b31c836,Yehuda Saputra,1,2026-08-26T10:10:04.382Z,Lainnya,Negatif,Negatif,0.9999,aplikasi tolol
8c632a48-2bf9-4e2b-94c1-0b3f713b4fd1,Muhamad Usman Fadilah,1,2026-08-26T10:09:50.689Z,Lainnya,Negatif,Negatif,0.9824,not recommend
63702842-a476-4bdc-b55c-ccfae5db0293,Frastio Albantani,1,2026-08-26T10:08:58.310Z,Lainnya,Negatif,Negatif,0.9294,"untuk pencairan ,memakan waktu terlalu lama,"
9583898a-74cf-433b-8778-a7dda395b704,Syamsuddin fibrian,5,2026-08-26T10:08:50.667Z,Lainnya,Positif,Positif,0.7536,sangat memuaskan
d33d02e2-ad35-4bd2-b59f-509e34b8e0ef,Evander Permana,1,2026-08-26T10:08:01.465Z,Lainnya,Negatif,Negatif,0.9979,boikot
2672900a-d5ab-47f5-b15c-fb1599b811e4,Meisya Amira,1,2026-08-26T10:07:08.909Z,Autentikasi & Akun,Negatif,Negatif,0.9996,awas nanti di blokir loh
9d140b0c-0f5a-4a95-96eb-daadbe5ae847,Awnalftr,1,2026-08-26T10:04:36.162Z,Autentikasi & Akun; Layanan & Fitur Finansial,Negatif,Negatif,1,rekening di blokir
bd6b4149-5d85-4269-87b4-d0c20f541ec1,I K Y,1,2026-08-26T10:02:36.724Z,Lainnya,Negatif,Negatif,1,jelek
a32544b9-9346-43fa-9820-ecc609dc1d8c,hermantino atedz,5,2026-08-26T10:01:04.951Z,Lainnya,Positif,Positif,0.8513,"keren si, rekomen lah"
e3c53a9b-e1bc-41fa-8bc2-360cc75c36f8,Story Badut,1,2026-08-26T10:00:39.421Z,Lainnya,Negatif,Negatif,0.7602,no recommended
20ad3f13-b675-43c9-89d1-6b9e81d1f1dd,Jajang Kholik hermawan,1,2026-08-26T10:00:01.570Z,Lainnya,Negatif,Negatif,0.9299,"semenjak infomasi yang beredar ada, sya jadi ragu memakai bank ini pdhl udah dari 2019 make dan enak, cuma ya jadi takut aja"
f0f286d8-3872-41da-8b3c-eef540238a76,mhmd afif fauzan,1,2026-08-26T09:55:51.675Z,Lainnya,Negatif,Negatif,1,sangat buruk
17c438e3-2dd7-4b2d-aaf2-f123382a0126,Rian Syah,1,2026-08-26T09:54:42.964Z,Autentikasi & Akun; Kinerja & Server; Layanan & Fitur Finansial,Negatif,Negatif,0.9994,kalo rekening judol dan penipu lemot amat blokirnya
c79c9e43-c7e8-4572-bfb8-f8a188d788fa,Renaldi P Pratama,1,2026-08-26T09:53:02.250Z,Lainnya,Negatif,Negatif,0.9945,aplikasi kurang bagus mending my bca
c7c27613-9a86-40bc-9254-9f95c69e151b,Arziki 17,1,2026-08-26T09:51:43.336Z,Lainnya,Negatif,Negatif,1,buruk
9c32a7b5-56be-4547-9fcb-477637d07d76,Doni Aja,1,2026-08-26T09:45:54.685Z,Autentikasi & Akun,Negatif,Negatif,0.9919,saya tidak setuju dengan adanya pemblokiran tanpa konfirmasi dan alasan yang jelas
ec2ef3ce-f31e-4126-bde5-3e5bb3e2e5a0,Yudha Mulyadi,1,2026-08-26T09:44:18.873Z,Lainnya,Negatif,Negatif,1,jelek
96f8ec95-bba4-4426-8a03-dd0641a99f30,Dhiki Riyanto,1,2026-08-26T09:43:19.168Z,Lainnya,Negatif,Negatif,0.9974,takut
0bffe77d-3a25-441c-b169-2d640f861110,May Gtg,1,2026-08-26T09:38:07.210Z,Autentikasi & Akun; Layanan & Fitur Finansial,Negatif,Negatif,0.9994,AYO BOIKIOT MANDIRI BIAR GAK ASAL BLOKIR REKENING ORANG
4f09cb7e-fcf4-41a5-9d1a-dee4ec497f82,Mohammad Naufil,1,2026-08-26T09:37:33.437Z,Autentikasi & Akun; Layanan & Fitur Finansial,Negatif,Negatif,0.9998,suka blokir rekening/penundaan transaksi aktivis 😌
8d236231-70ba-4e2a-8680-e845ac399f4a,enggal bocek12,1,2026-08-26T09:35:31.123Z,Autentikasi & Akun,Negatif,Negatif,0.9999,pemblokir nasabah aktivis!
c53d6312-2ccc-45ab-a9e0-42cb94cf5318,Putra Tampan,1,2026-08-26T09:33:33.527Z,Lainnya,Negatif,Negatif,0.9776,bank ngk jelas
4487742c-aa97-46bd-acc6-044ba3a60320,Ryuzayn Almalik,1,2026-08-26T09:33:12.111Z,Lainnya,Negatif,Negatif,0.9739,bank para oligarki
20b568d5-2826-4eed-9efe-9f9373ccadcb,Seno Jaco,1,2026-08-26T09:27:05.120Z,Autentikasi & Akun; Layanan & Fitur Finansial,Negatif,Negatif,0.9982,Blokir Rek Nasabah Capcus Blokir Situs Judi Online Ga Becus Katanya Mandiri Kok Harus Nurut Aparat.. 😏
3084cfbc-2ca8-4b33-b927-7f5d48e2e51a,Andre Prasetyo,1,2026-08-26T09:25:37.600Z,Lainnya,Negatif,Negatif,0.9959,mending pake BCA saja
2e1fc02d-5377-4326-8682-af811dcaa193,Junior Nuwa,1,2026-08-26T09:22:35.634Z,Lainnya,Negatif,Negatif,0.9955,JELEK GAK USAHDI DOWNLOAD
1399d209-1e44-4742-86d1-734e51317bc7,ridho hi,1,2026-08-26T09:20:54.727Z,Lainnya,Negatif,Negatif,0.9996,kacau men
c8d3d6a8-a270-42e2-ab3c-ac12719c8d90,Alvi Ando,1,2026-08-26T09:20:06.577Z,Transaksi & Pembayaran,Negatif,Negatif,0.9606,bukannya mementingkan hak konsumen dan melindungi konsumen sesuai UUD yg berlaku. sampe ke E-money udh gak pake lagi.
fb21ffcb-f211-4c46-a5fb-c6842ce47ceb,Yogi Revido,1,2026-08-26T09:19:05.876Z,Lainnya,Negatif,Negatif,0.998,bank kok disetir pemerintah
0d2e75e7-4f2f-47b9-ba1b-f327062588e3,hartika devyana,1,2026-08-26T09:19:02.302Z,Lainnya,Negatif,Negatif,0.9563,Membungkam sebelum demo pengecut.
f29ec064-ddcb-4c3d-a4e9-f73ff67f073e,Marshal,1,2026-08-26T09:18:38.325Z,Lainnya,Negatif,Negatif,0.9964,tidak aman nabung di sini
cac0b6a9-7c55-469b-ab64-ec59e9e55f51,ferdinandus umbu,1,2026-08-26T09:16:03.912Z,Lainnya,Negatif,Negatif,0.9386,mandiri spam bintang lima?????
4888f491-8fbe-4ac4-8009-92ca9f446aa3,Agus Ridwan,1,2026-08-26T09:15:58.474Z,Autentikasi & Akun,Negatif,Negatif,0.9848,hayu kita pindah ke bank lain
5fbe82aa-ed7a-4a3e-abc7-430e3367d050,gery kaaeen,5,2026-08-26T09:11:41.636Z,Lainnya,Positif,Positif,0.6117,bank terbaik
03c6ad3a-beab-4aae-a487-e537f32f2399,Beni Lukmansyah,1,2026-08-26T09:09:27.607Z,Autentikasi & Akun,Negatif,Negatif,0.9987,Bank Smph Pembela Koruptor. pemblokir uang rakyat senaknya. blokir nasabah bisa. blokir judol gak bisa.payah
1e0ab9fa-62ec-4d8a-91a1-ba388d8f5278,Gus Miftah,1,2026-08-26T09:09:03.570Z,Autentikasi & Akun,Negatif,Negatif,0.9947,awasa diblokir hati hati
1e00b1c9-c988-4816-aeed-ade325833f90,Bang John,1,2026-08-26T09:07:52.930Z,Autentikasi & Akun,Negatif,Negatif,0.9998,bank tukang blokir
243350db-ccc5-439d-9de2-6cb6645d123b,lubna syakira,1,2026-08-26T09:07:52.829Z,Autentikasi & Akun,Negatif,Negatif,0.9999,bisa aja mandiri blokir akun orang
3158be1a-ba07-492a-83b5-326149b39ba1,Daniel khafi,1,2026-08-26T09:06:54.429Z,Lainnya,Negatif,Negatif,0.96,Selalu Di Persulit
af844869-9dbe-4208-a928-86187611fce3,Wearn Cross,1,2026-08-26T09:04:30.987Z,Lainnya,Negatif,Negatif,0.996,ngeri ni bank
064c2b46-35c0-4507-844c-daf5a7a571ee,Iing Darojat,1,2026-08-26T09:04:19.989Z,Lainnya,Negatif,Negatif,0.9976,Kacung aparat
2a42a89f-d05c-433e-a0fe-7b8c989d3662,Sanu Olimpas bani,1,2026-08-26T09:03:19.212Z,Lainnya,Negatif,Negatif,0.9536,ksh aja bintang 1 semua
009a48c7-d646-4494-8c48-5bb984d964e5,Andri GJS,1,2026-08-26T09:01:49.510Z,Lainnya,Negatif,Negatif,0.9602,ad orang bener malah di bungkam.. cuih
72b2940b-39c7-4164-af6d-a334f65ba13a,Muhammad Agus Supriyanto,1,2026-08-26T08:59:58.884Z,Lainnya,Negatif,Negatif,1,"hapus aja aplikasi ini dari PlayStore, karena sudah diblacklist oleh seluruh rakyat indonesia. 👎👎👎"
50e664e7-47f4-48cf-9241-b1d677511a64,alih amaliyah,1,2026-08-26T08:54:54.283Z,Lainnya,Negatif,Negatif,0.9126,kredit sudah selesai .. Sertifikat anggunan belum juga di berikan.
7f311cfe-231b-4a7f-917e-7f64e71c9cb1,Benson Hester,1,2026-08-26T08:52:20.555Z,Lainnya,Negatif,Negatif,1,jelek
f564a734-f64d-4d84-8175-145722a0da89,Angga Saputra,1,2026-08-26T08:52:03.611Z,Autentikasi & Akun,Negatif,Negatif,0.999,kaga jadi pake. takut tiba tiba di blokir
b4713ac7-3286-4e5b-8758-173bdb49e45a,Jimi Alfiandri,1,2026-08-26T08:52:01.580Z,Autentikasi & Akun,Negatif,Negatif,0.9963,"kecewa, memblokir uang masyarakat dengan sepihak elu mau²an di setir sama pejabat"
545577a4-55f3-486e-ab25-0eec36f3d2c7,Ginanjar Rizqi,1,2026-08-26T08:51:28.766Z,Autentikasi & Akun,Negatif,Negatif,0.9892,akibat Buntutnya pemblokiran Nasabah Aktivis mohon maaf saya hengkang dari bank Mandiri terimakasih menemani selama 5 tahun
249867e6-455b-4000-9646-f27372c5bbc5,hendri ansyah,1,2026-08-26T08:51:21.800Z,Lainnya,Negatif,Negatif,0.9021,kenapa livin tidak mau di bukak hari ini? tanggal 26 8 2026
8fafacfa-f034-469a-964c-7fbce57773b5,Alpi Nurhayadin,1,2026-08-26T08:50:29.147Z,Autentikasi & Akun; Transaksi & Pembayaran; Kinerja & Server,Negatif,Negatif,0.9834,"loading banget, bayaran perbulan mahal, kadang2 susah buka, nge lag, terblokir sendiri"
c08e9edb-63d8-4b55-a4c4-39243299e54d,Aurora Surya,1,2026-08-26T08:50:20.938Z,Autentikasi & Akun,Negatif,Negatif,0.9979,masa di blokir sihh
00cd4e42-5912-4612-ae7a-99e10dc23a46,Rian Lystia Maulana,1,2026-08-26T08:49:07.969Z,Lainnya,Negatif,Negatif,0.9719,bisa membungkam rakyat sampe segini nya
0ca6a390-9e8a-45b0-abb4-69b8486c7f76,Rahmatsyah Maulana,1,2026-08-26T08:48:55.773Z,Autentikasi & Akun,Negatif,Negatif,0.9999,ntar kena blokir
56bcc82d-1f66-42e6-8a9c-9caf7cc7f54f,dimas adi,1,2026-08-26T08:47:27.950Z,Lainnya,Negatif,Negatif,0.9686,korup dibela
d4a2f826-4c59-45df-9178-bc56f7ad9429,haifa,1,2026-08-26T08:46:07.400Z,Autentikasi & Akun,Negatif,Negatif,0.9941,apaan main seenaknya ngeblokir bank orang
4aaa5668-8308-45ad-b9e4-4c66615f1cba,Sireh Sh,2,2026-08-26T08:43:39.925Z,Autentikasi & Akun,Negatif,Negatif,0.9933,mau login saja ribet
02268806-cc74-46d1-8b99-c4514579d78b,Muhammad yahya,1,2026-08-26T08:42:58.940Z,Lainnya,Negatif,Negatif,0.9979,BOIIIKOT
01e9baf5-0813-4598-9cdb-00cdc5b05f9f,Erick Naristantoe,1,2026-08-26T08:41:04.937Z,Autentikasi & Akun,Negatif,Negatif,0.9995,Takut diblokir sepihak
35069dba-f472-481b-a74e-592cf378736c,Febriyan Saputra,1,2026-08-26T08:40:57.992Z,Lainnya,Negatif,Negatif,0.9999,"bank jelek, name mandiri tapi disetir aparat abal²"
285bea68-882a-409d-8ac3-4036f4623992,poetra didi,1,2026-08-26T08:40:00.470Z,Lainnya,Negatif,Negatif,0.9133,ngendap saldo nya terlalu besar
3aebe2cf-8c99-4b97-8425-b84329865f4e,Christopher Nenobais,1,2026-08-26T08:39:19.846Z,Lainnya,Negatif,Negatif,0.9993,payah
fd892729-d143-4c8a-8f02-caacc8a76fef,Arif Hakim,1,2026-08-26T08:39:16.634Z,Autentikasi & Akun,Negatif,Negatif,0.9982,melakukan pemblokiran sepihak kepada akun nasabah
3379047e-8993-4dd0-a3f7-c52188436244,Ade Indra Setiyawan,1,2026-08-26T08:38:15.255Z,Autentikasi & Akun,Negatif,Negatif,0.9895,takut tbtb diblokir seenaknya wkwkw
8b8c41fe-87f2-4396-9874-15c8a6f59145,ARM GAMING,1,2026-08-26T08:38:08.979Z,Lainnya,Negatif,Negatif,0.9863,tidak membantu rakyat kecil
32e1d52a-2406-45cb-84f8-86c51897bd7c,Awan Yasha,1,2026-08-26T08:35:38.942Z,Autentikasi & Akun,Negatif,Negatif,0.9997,bank berbahaya seenak jidat mau blokir nasabahnya🤬
c24263cd-57f0-4687-ae84-65659d2cdd01,taufik Jarot,1,2026-08-26T08:35:37.844Z,Lainnya,Negatif,Negatif,0.9367,"ini gimama yg bikin aplikasi,selalu susah tiap di buka mentok di logo ."
01742c7d-a4de-406b-9f40-6fe3aa189a77,Bakso Indil,1,2026-08-26T08:35:36.457Z,Lainnya,Negatif,Negatif,0.9641,korupsi kok di bella
d05ec13c-cbfe-4e37-a25c-bb4eeab199eb,muhammad soheh,1,2026-08-26T08:34:57.694Z,Lainnya,Negatif,Negatif,0.9959,TDK bisa di percaya.
3ca46a41-b51e-4298-a021-8133f731dd88,farell ramadani,1,2026-08-26T08:34:06.559Z,Lainnya,Negatif,Negatif,0.9949,MENGAMBIL UANG RAKYAT!!!
5b51b2fb-62ef-4fc4-94bd-04668b1c38c6,Sawit Sawit,1,2026-08-26T08:33:40.395Z,Lainnya,Negatif,Negatif,0.8298,ngk berfungsi dngan baik .malah ngk bisa tranfer
6db7aa1c-3b0a-421b-b1df-cbd2d6f3e273,aas jaya cenel,1,2026-08-26T08:30:09.182Z,Lainnya,Negatif,Negatif,0.9891,ga bisa di percaya ga bisa jaga amanah
3fb5e8e0-48a3-416d-a616-a17f24bd1865,Agus Adi Putra,1,2026-08-26T08:29:35.734Z,Lainnya,Negatif,Negatif,0.9168,tidak oercaya
41af3ff6-94da-4c32-8f6a-d90a9546ca79,Ida Mega,1,2026-08-26T08:29:22.577Z,Lainnya,Negatif,Negatif,0.9871,bank yang di peralat aparat
02b2549d-4f48-4ce7-ac8b-0e8fd14260ea,Ricky Chandra,1,2026-08-26T08:27:43.265Z,Lainnya,Negatif,Negatif,0.9899,kecewa sangat tidak bisa melindungi nasabahnya😭😭😭😭😭
e942474b-1680-4551-89f2-d7035c9f1319,Pangeran Kodok,1,2026-08-26T08:27:01.867Z,Lainnya,Negatif,Negatif,0.9293,say goodbye...
7230744d-e679-4f58-aa0f-547d5b451126,Bolank,1,2026-08-26T08:26:12.287Z,Lainnya,Negatif,Negatif,0.9931,jangn pake bank koruptor
f8086784-6496-4fc5-a5ca-ed635ed541c3,Muhammad Ulfi,1,2026-08-26T08:23:56.311Z,Lainnya,Negatif,Negatif,0.9449,Bank paling juancooook.
ddd5ae96-3ec6-4ba1-bbe4-5fb2b7ca8725,taslim bukittinggi,1,2026-08-26T08:23:44.844Z,Layanan & Fitur Finansial,Negatif,Negatif,0.9977,masalah rekening botok tiba2 di bekukan
2f5c4edb-bd04-4d6f-9baf-633aa85f584b,alva rizqi,1,2026-08-26T08:23:26.104Z,Lainnya,Negatif,Negatif,0.9934,80juta kenama katanya BNK mandiri TPI mau disetirin🤦
171e723d-7b0a-460d-83d8-8c69bc39bf7c,Fajar Badruzzaman,1,2026-08-26T08:18:31.678Z,Lainnya,Negatif,Negatif,0.9997,BOIKOT BANK MANDIRI
fb072b50-9d20-436b-b394-f80932aa445c,Robi dom,1,2026-08-26T08:16:29.638Z,Lainnya,Negatif,Negatif,0.9997,boikot bank mandiri ini
bbf08f2e-6c7f-4691-8818-bf85a80e134c,mohamad mahfud,1,2026-08-26T08:14:22.368Z,Lainnya,Negatif,Negatif,0.9296,bagusan Bank Mandra...
265dd08b-b7d7-439d-99fb-5a27e88724be,Mhd taufiq Nasution,1,2026-08-26T08:11:53.930Z,Lainnya,Negatif,Negatif,0.9996,boikot mandiri
7a239456-4eaf-4137-b4ab-18f8f84b8efe,KUBUS,1,2026-08-26T08:10:11.446Z,Autentikasi & Akun,Negatif,Negatif,0.9991,Ati ati nanti saldo kalian kena blokir 🤣🤣
9dae4e29-f8c2-444d-8428-a1b75aebc81b,fitri ainii,1,2026-08-26T08:08:24.966Z,Autentikasi & Akun; Transaksi & Pembayaran,Negatif,Negatif,0.5749,"waktu itu d buatin akun mandiri sm mba' yg wktu itu dateng k kelurahan, d buatin akun sm sandinya sekalian d buatin juga qris d apk livin merchant, terus katanya nanti dia mau kerumah buat ngasih ATM tp d tunggu'in ga dateng' tuh, awal' jg akun msi bisa masuk ke apk trs ga lama gabisa masuk ke apk livin by mandiri nah yg jd mslhnya kan d akun livin merchant buat qris ini ada duitnya ya walaupun sedikit krna wktu itu emng ada org yg beli pke qris sehari tuh msi ada duit masa kebesokanny udh ilang"
e349c326-3c29-4020-b4ad-84c10fb3a057,Anonymous Mr X,1,2026-08-26T08:07:26.369Z,Autentikasi & Akun; Layanan & Fitur Finansial,Negatif,Negatif,1,BLOKIR REKENING AKTIFIS
10175e9c-cc23-4718-9d22-206d947e3579,allais shoidulhaqq,1,2026-08-26T08:07:15.416Z,Lainnya,Negatif,Negatif,1,buruk
8c0acd2a-c94e-4adc-88fa-ae66fb1686df,Lego,1,2026-08-26T08:06:53.870Z,Autentikasi & Akun,Negatif,Negatif,0.9913,"Uang nya jangan taruh sini nanti di blokir, sekarang enakan seabank atau BCA aja HATI!!"
5f32ae44-1183-4c40-bab8-549c7f5dc0d6,ADM 444,1,2026-08-26T08:06:28.194Z,Lainnya,Negatif,Negatif,0.9575,bank konyol lu dapet duit dari nasabah tapi gak bisa ngasi perlindungan malah ngeblok kocak
2485975c-d0d0-4901-a9fb-9c4e9b212e2c,Poco Mandau,1,2026-08-26T08:06:27.710Z,Lainnya,Negatif,Negatif,0.7563,"transaksi tidak bisa di lakukan disuruh setting waktu dan tanggal jadi otomatis dulu, padahal udah otomatis waktu dan tanggalnya, cara setting dari otomatis ke otomatis kemana pulak caranya"
d2db55ef-24f3-4abd-b6d3-ad5c39f5ea85,rendra aditya,1,2026-08-26T08:04:09.706Z,Lainnya,Negatif,Negatif,0.9168,bukan fomo
54f438ab-dffa-4d08-b192-9e49e8af7a6f,Cosmisoma B,1,2026-08-26T08:02:28.600Z,Lainnya,Negatif,Negatif,0.9591,tidak recomend
b1707995-d6f4-4f18-8a58-9e557246946e,Muh Tasrif Hasbi,1,2026-08-26T08:02:11.343Z,Lainnya,Negatif,Negatif,0.9376,untuk sekelas bank tapi diinterogasi pemerintah itu sebuah kesalahan fatal
07fe498d-52bd-4c06-979c-a2989f35397d,Irfan Baihaqi,1,2026-08-26T08:02:01.306Z,Lainnya,Negatif,Negatif,0.9992,ampas
3d7d258b-3fa1-4bf6-8f63-9fde87215d80,Alfajar syahputra,1,2026-08-26T08:00:36.779Z,Lainnya,Negatif,Negatif,0.9982,"hati hati menyimpan uang di bank ini ,bisa tiba tiba di blok"
069af1ae-1e6b-4492-817f-40cc35cc9bf0,Dimas 1109,1,2026-08-26T08:00:29.342Z,Lainnya,Negatif,Negatif,1,Jelek
27fce0a4-aed2-46dd-9da2-789b5ce0c06d,Naufal Arshadhani,1,2026-08-26T08:00:03.424Z,Autentikasi & Akun,Negatif,Negatif,0.9999,PEMBLOKIR NASABAH AKTIVIS!!
953b66df-4d6c-4abc-9aff-1ebc2e04c010,Berkah Ku,1,2026-08-26T07:59:26.235Z,Lainnya,Negatif,Negatif,1,sampah
72bbd2ab-2ef2-44c6-bd03-149f0c824217,warrenken,1,2026-08-26T07:58:56.251Z,Autentikasi & Akun,Negatif,Negatif,0.9987,memblokir akun aktivis
61436963-c67e-4f70-8f54-1d84620c226d,Etnis Joy,1,2026-08-26T07:58:51.260Z,Autentikasi & Akun,Negatif,Negatif,1,orang indonesia jangan pake bank ini dah kacau. tbtb di blokir saldo nya
ee04cb31-57af-49e3-b3d2-8b3f11f6dcf5,sudarmono mono,1,2026-08-26T07:58:12.790Z,Lainnya,Negatif,Negatif,0.997,aplikasi buruk dan Seenak nya sendiri aplikasi beren sek
2db861c0-b393-4fd9-b8d3-43147057a0b0,Dodi Variza,1,2026-08-26T07:57:34.590Z,Autentikasi & Akun,Negatif,Negatif,0.7026,Gampang banget daftar online nya gak ribet 🎉🎉🎉
a6d5a590-af91-405e-b6d0-ce7fe423e736,sindang chanel,1,2026-08-26T07:57:25.660Z,Autentikasi & Akun,Negatif,Negatif,1,main asal blokir aja
0f113f71-77f6-4b93-8e9c-3f821dfb50b3,Thoter Sword,1,2026-08-26T07:56:29.854Z,Autentikasi & Akun,Negatif,Negatif,0.9968,NANTI DIBLOKIR 😂🫵
bd5989bd-0edd-4889-a8c5-94a743f2834d,Chappel II,1,2026-08-26T07:56:14.504Z,Autentikasi & Akun; Layanan & Fitur Finansial,Negatif,Negatif,0.9998,KU tarik semua duit yang ada di rekening ini takut rekening di blokir ku pindah ke BCA
037e1c4e-981b-4e7f-9bf4-28ecefe20d50,ornamen alam,1,2026-08-26T07:53:24.644Z,Autentikasi & Akun; Layanan & Fitur Finansial,Negatif,Negatif,0.9978,tdk bisa dibenarkan pemblokiran rekening tanpa putusan pengadilan.
e13ae8b2-be81-456c-b740-d853987ba795,M.Fathan Dihyaalkalbi,1,2026-08-26T07:53:23.934Z,Lainnya,Negatif,Negatif,0.9918,#boikot mandiri
2be85344-2445-403e-8342-97fadd82f812,CDX,1,2026-08-26T07:52:20.746Z,Lainnya,Negatif,Negatif,0.9484,KATANYA MANDIRI TAPI KOQ MASIH BISA DI SETIRR..?? 🤣🤣
1f9262e3-ad39-419e-873c-a3f5084a9175,Yadi 87,1,2026-08-26T07:50:23.893Z,Lainnya,Negatif,Negatif,1,sangat buruk
dc1c8058-f329-4344-9e4e-de71b0ae8a11,Mangaraja Hutagalung,1,2026-08-26T07:50:22.890Z,Autentikasi & Akun; Layanan & Fitur Finansial,Negatif,Negatif,0.9998,beraninya blokir rek org tanpa alasan jelas
e028685c-0d0a-4f04-8e43-3e91b6eddea0,Hiller Hanson,1,2026-08-26T07:46:45.578Z,Lainnya,Negatif,Negatif,0.9976,sudah kecewa dengan bank ini
f08a7021-11ce-4e38-8864-970cca099ec1,Affifudin 099,1,2026-08-26T07:46:03.180Z,Autentikasi & Akun,Negatif,Negatif,1,lah kok tiba tiba blokir
693fd265-6800-4487-af1f-5af870ef0b70,Tegar Wahyu,5,2026-08-26T07:44:03.879Z,Lainnya,Positif,Positif,0.6502,layanan baik
c33ebb38-79e6-4cf5-885a-a16919e7b086,Abdi N,1,2026-08-26T07:43:59.676Z,Autentikasi & Akun,Negatif,Negatif,0.995,bedanya di blokir sama penundaan transaksi apa 😂
56e3cd67-ccd2-4d5d-b53f-8e558c696351,Saepul Hamdi,1,2026-08-26T07:43:52.120Z,Layanan & Fitur Finansial,Negatif,Negatif,0.878,"untung nya,, pas pertama saya buka rekening belom pernah saya isi??😁"
4ebc17b0-f6b2-427e-bf65-6d49bd371777,lanang merah saifullah,1,2026-08-26T07:41:56.462Z,Lainnya,Negatif,Negatif,1,Bintang 1 👎🏻
c7133f15-9e9a-4023-8f98-21a30dcf0ffd,Ahmad rouf Sabani,1,2026-08-26T07:40:07.565Z,Lainnya,Negatif,Negatif,0.9567,bank yang di tunggangi negara
6ee412cc-445d-4b95-8e6d-d92be6767ce5,BERKAH RAMADHAN,4,2026-08-26T07:38:38.505Z,Autentikasi & Akun,Positif,Negatif,0.9722,"setelah mendengar bank mandiri viral di media sosial jadi malas nabung disini lagi, takut kena korupsi/pun akun di blokir, mending pindah bank aja, jangan kesini... mau uninstall aja setelah denger berita ini itu di sosmed😭😭😭😭"
2195c242-ce7e-4323-9353-e096782b4ef9,Gryzel Al qhisya,1,2026-08-26T07:31:37.916Z,Autentikasi & Akun,Negatif,Negatif,0.9995,nyesel gw pakai mandiri.gara gara blokir aktivis botok.gw udah gak mau pakai mandiri lagi.duit gw udah gw kasongin dan ATM mandiri udah gw gunting gunting.dah kecewa sama bank mandiri.gak bisa di percaya bikin rakyat kecewa
a4c22f63-e943-4f5a-b40a-922cff79ac2a,Sales Jkt 1 - PT. Anugerah Kristama Perkasa,1,2026-08-26T07:30:52.425Z,Autentikasi & Akun; Layanan & Fitur Finansial,Negatif,Negatif,0.9973,ngerii sekarang pakai Bank mandiri.. tiba tabungan diblokir tanpa pemberitahuan dan tanpa dasar hukum .. maaf anda bank tidak bertanggung jawab
34437777-9085-41c6-9798-98a69819daaf,Rizky febryana,1,2026-08-26T07:30:23.799Z,Layanan & Fitur Finansial,Negatif,Negatif,0.9979,Jadi takut buka rek mandiri
0791f723-9a06-4adc-ac38-338730facb9b,Fzar Taura,1,2026-08-26T07:30:16.974Z,Autentikasi & Akun,Negatif,Negatif,0.9996,akun gw di blokir..
cc228b7d-9dac-4259-843b-ea2e747a472c,Yan Sebastian Sembiring,1,2026-08-26T07:27:58.895Z,Lainnya,Negatif,Negatif,0.9965,mengecewakan
17317d3e-a71b-4941-a426-77ccf87ed59a,Arif Nazi,1,2026-08-26T07:27:13.694Z,Autentikasi & Akun,Negatif,Negatif,0.9999,jangan pake mandiri nanti kena blokir akun nya
7ec87cf4-da45-403c-9031-79e7e11d2693,913x ditonton,1,2026-08-26T07:27:01.422Z,Kinerja & Server,Negatif,Negatif,0.9871,80 JT hangus
3aca2980-1230-478f-a0c3-e0a72f9c2ee6,Riski Sindang,1,2026-08-26T07:27:00.463Z,Lainnya,Negatif,Negatif,0.9996,boikot mandiri
ff463e09-9585-4e23-8e98-0ea70650b75a,Sof.5757,1,2026-08-26T07:26:30.196Z,Autentikasi & Akun,Negatif,Negatif,0.9991,"saya kecewa sama bank mandiri, karena pemblokiran salah satu nasabah."
c81b2200-2d00-4c12-ae49-9e82eea83a65,Tirto Awaluddin,1,2026-08-26T07:25:32.861Z,Lainnya,Negatif,Negatif,0.9552,So Far so Bad
7cac0b29-529c-457f-b053-a88b35da5145,Egi Melgiansyah,1,2026-08-26T07:24:52.662Z,Autentikasi & Akun,Negatif,Negatif,0.9951,pemblokir!!
8e46982d-6edd-44c4-9c21-c054edd104b3,greatman greatjob,1,2026-08-26T07:22:18.657Z,Lainnya,Negatif,Negatif,0.9882,"Gak jadi download deh, TDK PROFESIONAL!"
926a351c-e5ce-4204-9b3b-7db85e376e8a,arie leleh,1,2026-08-26T07:21:24.841Z,Autentikasi & Akun,Negatif,Negatif,0.9426,jgn main blokir dong🥹🥹ksian masyarakat. smoga tdk d tnggalkan biar tdk sndiri ya pk mandiri🥹🥹😭😭
1e885680-1ade-4290-9272-99def3378ffb,Raven Xu,1,2026-08-26T07:19:21.956Z,Lainnya,Negatif,Negatif,0.9989,"buruk , pelayanan buruk yang di cabang pgc cililitan , antri gak pakai nomor"
fc9bd007-8622-4b29-8757-0cc3e1caafc5,abdul rochim Rochim,1,2026-08-26T07:19:12.981Z,Lainnya,Negatif,Negatif,0.9368,pelayanan kurang
9fa31887-a4f6-4781-86fc-9fc7851f9d16,Ce Edoh,1,2026-08-26T07:18:08.380Z,Lainnya,Negatif,Negatif,0.9937,bintang satu karna permintaan dari penegak hukum
3c4b4b1e-d53b-431e-b844-3796fcaf8b07,rc irwanto,5,2026-08-26T07:14:32.830Z,Lainnya,Positif,Positif,0.6714,Sering ada noted bersihkan data
fd5cd99b-f4a1-4420-bdf6-d91a3dc171fa,Muhammad Ridwan,1,2026-08-26T07:13:50.440Z,Lainnya,Negatif,Negatif,0.9997,parah sih ini bank Mandiri
2854e04b-1d92-4ba1-aeac-aec64bb8368f,Samuel Saputra,1,2026-08-26T07:13:31.889Z,Lainnya,Negatif,Negatif,0.8843,aku sarankan guling tikar aja
5f15d048-5ef2-4e37-9845-fe719acd42c4,Ibrahim Zainuddin,1,2026-08-26T07:12:18.407Z,Lainnya,Negatif,Negatif,0.9999,pelayanan buruk.. paling buruk dari seluruh bank yang ada diindonesia..
8b66a57f-373e-4336-8b4d-ef4a1daaea65,Cahyono Sudiro,1,2026-08-26T07:09:36.540Z,Autentikasi & Akun,Negatif,Negatif,0.9998,ngeri maen blokir
b848d67a-5760-45f6-bc81-71ef1c967910,M.s Alwii,1,2026-08-26T07:08:48.585Z,Lainnya,Negatif,Negatif,0.9296,belum demo aja udah di bungkam🫢
7d318094-29e8-44a0-a7ed-dd22cc934320,Afifah Bilqis Aryani,1,2026-08-26T07:05:13.122Z,Autentikasi & Akun,Negatif,Negatif,0.9983,"kecew bgt sama bank mandirii, kecewa pokoknya kenapa harus di blokir org yang mau menyalurkan aspirasinya 😭"
a79e5ae6-b5e2-4374-9287-94a188de25e7,FREDYs'5 Samudra,1,2026-08-26T07:03:47.347Z,Lainnya,Negatif,Negatif,0.9861,aplikasi downfall wkwk privasi orang diumbar
43ab3f00-6ef7-40b8-8257-ee85b4e16122,Win Rantoni,1,2026-08-26T07:02:57.578Z,Autentikasi & Akun; Layanan & Fitur Finansial,Negatif,Negatif,0.9993,"asal blokir rekening orang ajah mandiri, ternyata gak se mandiri nmanya"
2fa13afe-6c9d-4ffe-975e-3f13414346a0,Ihsa Wahyu andika Ihsa,1,2026-08-26T07:00:58.851Z,Lainnya,Negatif,Negatif,0.9968,"namanya doang mandiri, tapi bisa dikendalikan penguasa"
200692b7-719c-4427-b786-0975ecf87719,Ibram Ramadhan,1,2026-08-26T07:00:55.279Z,Autentikasi & Akun,Negatif,Negatif,0.9927,balikin 80jt nya woi 😹😹 malah di blokir gokil 😹
f7ff8aa0-f919-4489-a8e6-89741e81432a,Zainur Rohib,1,2026-08-26T06:57:44.591Z,Lainnya,Negatif,Negatif,1,bank bobroookkkk
6524bdfc-4d5f-4b81-8756-7f27071b6895,Dimas Peleka,1,2026-08-26T06:56:32.419Z,Lainnya,Negatif,Negatif,1,aplikasi sampah
603e1b89-031b-4bbf-a6e2-646fc020470f,Rijal Ijal,1,2026-08-26T06:55:23.505Z,Autentikasi & Akun,Negatif,Negatif,0.9994,bank suram bisa maen blokir atas nama aparat wkwkwk
2bec708b-b28b-4b36-a061-03d9a0a3ee3a,Denly Wiradyanatha,1,2026-08-26T06:54:56.166Z,Lainnya,Negatif,Negatif,0.9966,"bank harus independen , jgn sampai di intervensi tanpa undang² yang jelas"
1bf5807e-1166-4fc0-ac9b-fc9f10b2f88b,Joval Pranowo,1,2026-08-26T06:54:06.826Z,Lainnya,Negatif,Negatif,0.9575,kandang tikus
dad10bd3-d224-405a-b731-1dbf7d38ff02,Maylisa Prima,5,2026-08-26T06:53:51.206Z,Lainnya,Positif,Positif,0.7676,aplikasi ini membantu banget
f9e95c18-95e5-4249-a988-25c7744a423d,muhamad syuhada,1,2026-08-26T06:51:55.838Z,Lainnya,Negatif,Negatif,0.995,bank pemerintah assssuuuuu boiiikoottt bank mandiri
a154cd8c-653b-4432-a940-bb9ce65f1463,Checekksacii78,1,2026-08-26T06:50:35.323Z,Lainnya,Negatif,Negatif,0.9996,boikot mandiri!
e2588e91-9d09-4ed2-8887-d17dc3f2232e,Eunola D tquile,1,2026-08-26T06:50:15.987Z,Lainnya,Negatif,Negatif,0.988,aneh
05bb7df2-c1c4-4ba2-bf05-9c6bc7a86579,Alanfir,1,2026-08-26T06:50:00.458Z,Autentikasi & Akun; Layanan & Fitur Finansial,Negatif,Negatif,0.9999,bisa memblokir rek aktivis
7cf4e9d6-e491-4f49-ad3d-d822e8dadb6d,Dudung Yonkou,1,2026-08-26T06:48:41.950Z,Lainnya,Negatif,Negatif,0.9924,katanya udah MANDIRI ternyata eh...
9c9dc396-5aa0-4cdd-9b13-2ecd9aaba451,Monkey D Luffy,1,2026-08-26T06:47:54.520Z,Kinerja & Server,Negatif,Negatif,0.9798,mandiri ❌ disetir✔️😜😜🤙🏻
0fc57484-848a-4891-bc52-889001bf15fa,Azam,1,2026-08-26T06:47:34.874Z,Lainnya,Negatif,Negatif,0.7245,🙏🏾
b83689aa-5ea7-473d-8819-ccd0718d65a1,Fauzi Setiawan,1,2026-08-26T06:47:27.594Z,Autentikasi & Akun,Negatif,Negatif,0.9983,kecewa... kartu Keblokir
6a8052fc-761c-4fe8-82bb-c2d32f222fd6,ALWI SOPIYAN,1,2026-08-26T06:44:53.615Z,Lainnya,Negatif,Negatif,0.9909,jangan download bank ini uang anda akan hilang boikot di Indonesia
cc77d017-7f08-4b28-a567-294ae51f7153,Isnue Haidi,1,2026-08-26T06:43:50.393Z,Lainnya,Negatif,Negatif,1,Buruk
58a349cd-2d5a-4fb5-adb9-bf02e9f38159,Zs Sakti,1,2026-08-26T06:40:44.264Z,Autentikasi & Akun,Negatif,Negatif,0.9933,BLOKIR TERUS NOH RAKYAT JELATA
e5ffd4a1-61b4-4834-956d-c67180cd8af1,Ardiansyah Jazindra dewa,5,2026-08-26T06:39:41.668Z,Lainnya,Positif,Positif,0.9856,"bagus, membantu untuk transaksi"
de608b84-b6ed-45b6-8baf-3bf8f7e3e7b1,Saifudin Mahmud,1,2026-08-26T06:38:39.216Z,Lainnya,Negatif,Negatif,0.9944,budak pemerintah
0962c6f1-6fc2-481c-b327-71276b3489b0,Alvanka_Vigi_ Djuson,1,2026-08-26T06:38:22.848Z,Autentikasi & Akun; Layanan & Fitur Finansial,Negatif,Negatif,0.9999,"main blokir uang orang aja lu ye,tutup rekening ah mau buka rekening di BANK BCA aja"
a66b7ef6-ce67-418d-9497-4bf1ec717ec3,Roji Saja,1,2026-08-26T06:38:10.410Z,Lainnya,Negatif,Negatif,0.9977,akan ada masanya bank mandiri redup..bangkrut.. gara gara kepercayaan seluruh publik nasabah hilang .. alias mandiri ..kolep..hancur..
de497ab5-31ab-4707-aa80-9e4f07fcc328,Syarif Ainun,1,2026-08-26T06:37:11.535Z,Lainnya,Negatif,Negatif,0.9712,bahaya tidak privasi bisa diatur seneeknya sama penguasa
c1677cb7-15a4-456f-895f-d737fd7218f1,Alvito Wbw,1,2026-08-26T06:35:28.301Z,Lainnya,Negatif,Negatif,0.9946,di atur pemerintah
f11f9a2e-b501-4846-bb27-22b0b8960276,Suryo Saputro,1,2026-08-26T06:35:08.810Z,Lainnya,Negatif,Negatif,0.8091,kecewa berat 🔥
b9cb2a4d-f062-43d2-9fa9-756342944452,Defy Faisal,1,2026-08-26T06:34:36.155Z,Kinerja & Server,Negatif,Negatif,0.9612,sering eror ...apk tiba2 berhenti
ca0db5b3-1525-4332-81b0-346a1f24e6eb,RedemA A56,1,2026-08-26T06:33:33.801Z,Lainnya,Negatif,Negatif,1,jelek
a565ef66-95fb-47da-a100-9e3bf3ae3743,Ela Nurlayla,5,2026-08-26T06:32:35.322Z,Lainnya,Positif,Positif,0.9765,mudah untuk bertransaksi
1492d32a-9069-4cd8-b97f-f2ffa2599a2e,anik nik,1,2026-08-26T06:31:54.170Z,Lainnya,Negatif,Negatif,0.9991,sangat kecewa sama bank mandiri
d4237ed9-b2ab-4ca5-9b1c-644e0aea9f40,Nauval 14,1,2026-08-26T06:30:41.105Z,Lainnya,Negatif,Negatif,1,"sistem nya jelek, tidak aman untuk menabung dan transaksi👎👎"
fb800626-0f08-4fd6-9c69-aad3ea28a6ed,nazaruddin nasir,1,2026-08-26T06:29:45.969Z,Lainnya,Negatif,Negatif,0.9998,Bank Mandiri yg Tidak Mandiri
5069fe77-a5c7-47f2-947e-4fb0a91c6179,i sandiningrat,1,2026-08-26T06:29:37.300Z,Lainnya,Negatif,Negatif,0.9124,ga bisa nol ya
f171743d-9c55-49e2-b2f4-44769d69c3c3,Rynn7 7,1,2026-08-26T06:26:17.893Z,Autentikasi & Akun,Negatif,Negatif,0.9999,Awas nanti di blokir
9cd48a59-0330-4a29-b8ba-af289f08259b,M FACRU ROZY,1,2026-08-26T06:25:54.596Z,Lainnya,Negatif,Negatif,0.9905,hadeh
0116f24b-23fe-47d5-8f6e-ac49167f5a8f,Salsa Salapusaleh,1,2026-08-26T06:25:23.556Z,Lainnya,Negatif,Negatif,0.9946,saya uninstal 80 juta saya ketahan wkwkwk
f68d3b89-afb1-4f65-b3c0-5dc6f2ffa5dc,Yohanes Budi Eko Mariyanto,1,2026-08-26T06:24:51.861Z,Autentikasi & Akun; Transaksi & Pembayaran,Negatif,Negatif,0.9998,"bank paling tidak aman untuk dana nasabah, suka main blokir"
980c18ec-b8bf-426d-89f2-233279f5b595,Yusuf 1992,1,2026-08-26T06:23:54.871Z,Autentikasi & Akun,Negatif,Negatif,0.9996,parah saldo nasabah diblokir
a9e434c2-154f-4f35-b1a3-750db130e3f0,Muhammad Afrizal,1,2026-08-26T06:22:00.865Z,Autentikasi & Akun,Negatif,Negatif,0.9823,pindah ahh ke BCA
5eccad4a-63c4-45b3-8298-bcf2ea7c0d91,Denny Prayogi,1,2026-08-26T06:21:10.651Z,Lainnya,Negatif,Negatif,0.9999,Katanya mandiri. tapi kok Masi bisa di setir Wowo 💩
14c2ea3b-2f76-4c86-9363-245ed7b029b8,Emilyy,1,2026-08-26T06:20:48.111Z,Autentikasi & Akun; Layanan & Fitur Finansial,Negatif,Negatif,1,akibat blokir rekening aktivis sepihak.. maaf saya uninstal dan takut semua uang saya..
91cb0d1a-1d92-402f-b41a-d9d80fc80ac5,RIZKY R,1,2026-08-26T06:20:20.615Z,Lainnya,Negatif,Negatif,0.9993,ga bermutu
a2946934-8dd3-4a6d-ad07-4957ff284616,Cecep Safrudin,1,2026-08-26T06:20:17.330Z,Autentikasi & Akun; Layanan & Fitur Finansial,Negatif,Negatif,0.9996,aman gak min buka rekening Mandiri? nanti di blokir sepihak
191aeb8c-429a-4778-81b6-fcdfc573194c,Chechepz Azzah_,1,2026-08-26T06:15:48.234Z,Lainnya,Negatif,Negatif,0.9901,bank sering korupsi!!
7076e727-c343-4239-90aa-136ded328e67,Fajri Muhardi,1,2026-08-26T06:14:53.593Z,Lainnya,Negatif,Negatif,0.9969,maling
79c7ea54-e8c5-4409-8195-5fffb91b36ee,nurul Latifah,1,2026-08-26T06:14:31.836Z,Lainnya,Negatif,Negatif,0.9938,tidak bagus
c0024c5b-8d5f-40c3-b16f-ec3b42b3422e,dicky ramadhani,1,2026-08-26T06:14:25.515Z,Kinerja & Server,Negatif,Negatif,0.9892,aplikasi lama lemot
acb298c9-a16d-4bc0-b535-8910019f24aa,Moh Alwi,1,2026-08-26T06:13:28.906Z,Autentikasi & Akun,Negatif,Negatif,0.9997,hati2 di blokir
759de00d-8de0-46c3-9456-00ee48f00698,Fikri Akhsanul,1,2026-08-26T06:13:21.479Z,Lainnya,Negatif,Negatif,0.9982,mandiri ga mandiri.. giblik
7ec1f3ce-7196-403d-a30c-05e34c2a7f98,Handika Roma,1,2026-08-26T06:10:56.430Z,Autentikasi & Akun; Layanan & Fitur Finansial,Negatif,Negatif,0.9737,SALDO REKENING MUDAH BANGET DISITA/DIBLOKIR
eabbfbaf-6382-4313-a36c-9755393ea547,Faisal Akram,1,2026-08-26T06:10:23.690Z,Lainnya,Negatif,Negatif,0.9998,bobrok nurut sama penguasa
f5fe5152-8986-4888-ab3b-ad6af096fa71,Re Mako,1,2026-08-26T06:09:23.464Z,Lainnya,Negatif,Negatif,0.9993,parah banget sih
7d40e5c0-3a70-49ab-9754-b17f71ce68e1,Ndr Gnd,1,2026-08-26T06:08:32.759Z,Layanan & Fitur Finansial,Negatif,Negatif,0.9672,kosongin semua rekening biar aman
da731f85-a723-42dd-a134-019aaf4534b0,dewi kumalasari,1,2026-08-26T06:07:25.236Z,Lainnya,Negatif,Negatif,1,jelek
2d3ebb08-664b-478a-8693-30467d3bb248,aji jr,1,2026-08-26T06:07:24.971Z,Autentikasi & Akun; Kinerja & Server,Negatif,Negatif,0.995,sangat ribet dan sangat sulit masa iya harus ke log out trus punya gw lagi regis apk gila cape gw gajadi make apk ni kaga jelas apk nya lag bet
e1bc2222-cb0a-4862-bf4f-4fe8aaefdd46,FIRA FEBRIANTIKA RAHMAN,1,2026-08-26T06:06:06.780Z,Lainnya,Negatif,Negatif,0.9974,hati hati guys
55423c8a-e90b-4a35-9300-c80f1afc02f9,Martabak Sinar Holland,1,2026-08-26T06:05:31.690Z,Lainnya,Negatif,Negatif,0.9744,Gerakan Boikot!!!
a9d6614c-d5ab-450c-8614-c176233f42de,Dy Minimalis,1,2026-08-26T06:05:08.583Z,Lainnya,Negatif,Negatif,0.9785,duh kecewaaaa
988154f0-dcd9-4591-9163-616cf7ab7934,Ebo Callvico,1,2026-08-26T06:04:36.625Z,Lainnya,Negatif,Negatif,0.9992,jelek lemor
0879da44-920f-40bb-b904-75f85f8f3f89,Nur Chamdi,1,2026-08-26T06:03:21.391Z,Lainnya,Negatif,Negatif,0.9961,terlalu rumit ‼️
09d06214-8b4f-4220-b104-0d49bf5e4539,Rafli Robot,1,2026-08-26T06:02:29.766Z,Autentikasi & Akun,Negatif,Negatif,0.9989,"tidak dapat dipercaya, main blokir seenaknya"
53d111ef-6a35-4ec4-a3af-3926517fa27b,Rohmat Hidayatullah,1,2026-08-26T06:02:11.496Z,Autentikasi & Akun,Negatif,Negatif,0.9998,ngeri sih kalo tiba tiba di blokir kek kasus mas botok
0fde5c21-46a8-4d81-a2fe-d3d969897e15,Dzesen G amv,1,2026-08-26T06:01:59.956Z,Lainnya,Negatif,Negatif,0.9999,"nama doang mandiri tapi di stir aparat,bank gajelas"
ff883475-a172-4e8e-bf79-53e04c1141bf,Juan Parassa,1,2026-08-26T05:59:51.936Z,Lainnya,Negatif,Negatif,0.9823,di atur ama pejabat?
273d194a-c95a-4b91-ae15-0711c5fef77d,Ari Nanda utama,1,2026-08-26T05:59:10.120Z,Lainnya,Negatif,Negatif,0.9965,kecewa
9018a38f-618b-4d42-88b9-e29f8fcfcf7e,Asand Rafiansyah,1,2026-08-26T05:58:26.420Z,Lainnya,Negatif,Negatif,0.9535,"cukup bintang 1, cuma persib aja bintang 5.."
f176c4aa-4e63-4833-a483-fd92f082117d,Ones Songoriti,1,2026-08-26T05:56:28.407Z,Autentikasi & Akun,Negatif,Negatif,0.999,awas terblokir wkwkwk
90ec1320-3316-4717-876b-611953d079b8,Boy Orlando,1,2026-08-26T05:55:54.542Z,Lainnya,Negatif,Negatif,0.96,susah
7c5c1584-35cc-4a85-95ea-34818a6ea5a3,Ikmal Hidayatullah,1,2026-08-26T05:55:44.224Z,Lainnya,Negatif,Negatif,0.9989,kenapa saldo mas botok dibekukan? boikot saja bank atau ATM mandiri
93094727-d685-4f24-856f-a37f9dc33ef8,Nengsih Zulhijah,1,2026-08-26T05:55:39.260Z,Lainnya,Negatif,Negatif,0.9978,paraahhh sih. ga pro rakyat
bd5fbdca-b177-4a86-bfbf-bcd6fa912f9b,Novi Ayuni,1,2026-08-26T05:55:13.236Z,Lainnya,Negatif,Negatif,0.9893,"katanya mandiri kok kok disetir, ahh kalau sudah gini minta maaf klasifikasi huhh"
5ea92ed8-a763-4585-9fc1-4250292259b5,andre ansyah,1,2026-08-26T05:54:22.700Z,Lainnya,Negatif,Negatif,0.9168,Sangat tidak merekomendasikan
4d585ef4-06de-49eb-bf22-8c1fd4576d4b,Herwindyo Warih,1,2026-08-26T05:54:22.332Z,Lainnya,Negatif,Negatif,0.9755,bank pro penguasa zalim
d9b3474a-ee01-4657-98ea-e005f82e5152,Yunda purnama Margaputra,1,2026-08-26T05:53:14.676Z,Autentikasi & Akun; Layanan & Fitur Finansial,Negatif,Negatif,0.998,"ATM orang main blokir,kasih bintang 1 biar investasi asing pada lihat kelakuan bank mandiri"
b6641e84-30f7-4e80-af44-15126394ce0b,Halomoan 7777,1,2026-08-26T05:52:49.304Z,Lainnya,Negatif,Negatif,0.9382,TIDAK REKOM UNTUK MENTIMPAN UANG
129172d3-e25d-407b-90a3-07b857324403,Robi Rohendar,1,2026-08-26T05:52:18.660Z,Lainnya,Negatif,Negatif,0.9757,muak
6f6a2e5d-4211-4a3e-87c8-7dcfd9fe900e,Luthfi Al Ghiffari,1,2026-08-26T05:51:32.365Z,Autentikasi & Akun,Negatif,Negatif,0.9998,hati² nanti akun bank kalian ke blokir sepihak
827b2d4a-c9ad-4822-b3f8-d4882a121a07,Asri Ambami,1,2026-08-26T05:45:41.756Z,Lainnya,Negatif,Negatif,1,jelek
37de27f1-03bd-44f8-8218-c6a63529e0fb,Ciello Ciello,1,2026-08-26T05:44:45.146Z,Lainnya,Negatif,Negatif,0.9922,kocak
2d9fb1b0-8cf5-4137-909e-da8fd9afd6ef,M SYAHRUL,1,2026-08-26T05:44:38.455Z,Lainnya,Negatif,Positif,0.8565,👍
6ad76f70-ffb2-43a8-83a3-bef175e14dac,Muh. Rafi,1,2026-08-26T05:43:40.120Z,Lainnya,Negatif,Negatif,0.9525,"kecewa, admin nya blom imo kyknya."
bc818386-488c-4265-b2be-76a104a9c285,Sutino,1,2026-08-26T05:43:28.202Z,Lainnya,Negatif,Negatif,0.9959,gk bisa di percaya
966547a3-6c3b-46b0-82d8-a1fdcddbfb44,tasya anisa,1,2026-08-26T05:43:15.200Z,Lainnya,Negatif,Negatif,0.9993,parahh sih mandiri
a7eddfc7-e23f-49ea-a964-85cdedcc302e,Gee Nathapong,1,2026-08-26T05:42:57.316Z,Lainnya,Negatif,Negatif,0.9591,gk recomend.
423b9405-5e03-4c40-b397-4a0b9176e117,jimmy wensen,1,2026-08-26T05:42:50.239Z,Autentikasi & Akun,Negatif,Negatif,0.9384,pemblokiran dengan sengaja
401ad952-d201-47ab-a0b2-5ecc31c18199,Ade Irma,1,2026-08-26T05:42:31.261Z,Lainnya,Negatif,Negatif,0.9989,bank gajelas
d11c3d46-9597-4836-b272-9676c1eef179,Indonesia Raya,1,2026-08-26T05:42:16.917Z,Autentikasi & Akun; Transaksi & Pembayaran,Negatif,Negatif,0.9878,potongan ini itu pindahin aja dana ke BCA
540d4465-a5a4-4331-9ead-abf6b12bf719,Onie Dion,1,2026-08-26T05:41:47.828Z,Autentikasi & Akun,Negatif,Negatif,0.9822,terimakasih MANDIRI karna kau saya sudah pindah ke bank BCA...!!!!
65997527-a068-45c9-b313-8d44c390a181,Syakira Sahla19,1,2026-08-26T05:41:20.191Z,Lainnya,Negatif,Negatif,1,jelek
7c7cb2e8-a31a-4923-b0fe-8b304a88d532,Elka Enerwhite,1,2026-08-26T05:40:22.625Z,Lainnya,Negatif,Negatif,0.999,namanya mandiri kok di stir
5b0417cf-a923-498e-b2d0-0d32dee983fa,FunBG bagus,1,2026-08-26T05:40:06.223Z,Lainnya,Negatif,Negatif,0.991,bad
1486956c-78f9-4e84-8131-61c7f4110f8e,Rahmadi Adi,1,2026-08-26T05:39:17.354Z,Kinerja & Server,Negatif,Negatif,0.9543,lambat
3fa2921d-ce64-4f47-85fa-667304576919,wahana aditya,1,2026-08-26T05:36:06.754Z,Kinerja & Server,Negatif,Negatif,0.9742,aplikasi lemot. 80 jt aja bisa ilang. mandiri vs anak bayi juga bisa buat aplikasi pakai ai.
09e4fa22-879d-48ad-8442-e60888de376f,Saputro Saputro,1,2026-08-26T05:36:01.383Z,Lainnya,Negatif,Negatif,0.9965,sangat mengecewakan
ef639cfb-4602-4283-9833-a4ed04ab8f9c,Fera wati,1,2026-08-26T05:35:49.251Z,Lainnya,Negatif,Negatif,0.974,skip bank aneh ga empati
544cce47-7544-4d59-9119-29f2d7189b0a,Muhammad Yusuf,1,2026-08-26T05:35:17.739Z,Lainnya,Negatif,Negatif,0.9938,tidak bagus semuanya
d586f1d5-48e0-4db5-9c02-c6b331c0b1b2,SUARA HATI CHANNEL 1903,1,2026-08-26T05:34:56.674Z,Autentikasi & Akun; Kinerja & Server,Negatif,Negatif,0.9935,"masa sekarang Bank Ini main blokir,... Layanannya juga kurang baik kok lelet, moga jedepan baik dan kuat bertahan"
8d3b997b-59ab-439d-9d2c-b6b7f1bf172c,vedda story,1,2026-08-26T05:34:31.802Z,Lainnya,Negatif,Negatif,0.9596,Menghambat aspirasi rakyat !!
afd5e1a4-feee-4472-8ab9-f35ea7703a6f,Mia Handayani,1,2026-08-26T05:34:19.502Z,Autentikasi & Akun,Negatif,Negatif,0.9996,"Sorry ya. pelayanan nya jelek bgt. maen blokir2 aja! mending pindah ke bank swasta aja, gengs!"
a65b22e1-cf88-4827-8268-07647ce754c2,ak Duajuta,1,2026-08-26T05:33:46.590Z,Autentikasi & Akun,Negatif,Negatif,0.9992,aplikasi apaan ini saldo 80jt di blokir sepihak?
309a51a2-f24c-4dda-a8c0-bee5ff061324,EZ nub,1,2026-08-26T05:31:50.530Z,Lainnya,Negatif,Negatif,0.9576,Bank Kok distir petinggi 🤣
b6957dfb-a775-431d-8831-9dbf50fdcdfc,Aditya Yusrizal,1,2026-08-26T05:31:36.984Z,Lainnya,Negatif,Negatif,0.9905,saldo tiba2 beku
7f71e920-de9f-4ca5-9dcd-aac401f15286,Riskiesti Zana,1,2026-08-26T05:31:22.508Z,Lainnya,Negatif,Negatif,0.9979,boikot
0ee2efc1-d0e6-4956-9a9f-c8b4543a9abb,Rahman official,1,2026-08-26T05:30:00.689Z,Lainnya,Negatif,Negatif,0.9996,boikot mandiri
645ed537-02ba-44d0-8514-ca832da9f7d5,Mas Adam,1,2026-08-26T05:29:42.162Z,Autentikasi & Akun,Negatif,Negatif,0.9989,"cihhh ,bang apaan ini maen blokir ga sesuai prosedur"
2bf9f272-b0cc-4a2f-9c83-fd6c57341fe5,Ahmad Solihin,1,2026-08-26T05:29:06.980Z,Autentikasi & Akun,Negatif,Negatif,0.9987,Mandiri M nya Memblokir sesuka hati
3ff4f435-1d38-4c08-844a-11b1298adfc8,Deni Prasetia,1,2026-08-26T05:28:54.779Z,Autentikasi & Akun; Layanan & Fitur Finansial,Negatif,Negatif,1,Bank Tolol...blokir rekening sepihak
64ace512-7391-47c2-88a7-f70abd487c66,Uchie Tyas,1,2026-08-26T05:27:08.830Z,Lainnya,Negatif,Negatif,0.9955,gimana ini bank mandiri? jadi saya takut pakai mandiri lagi kalau begini caranya??
0dada9a8-e94e-47f2-8b5f-8bb0df65770e,Genesis 90an,1,2026-08-26T05:26:37.360Z,Lainnya,Negatif,Negatif,1,"Mandiri yg ""TIDAK"" Mandiri 👎"
4123e819-fa12-404c-8503-34c7e7d2051c,arief nurarifin,1,2026-08-26T05:26:20.940Z,Lainnya,Negatif,Negatif,0.9966,tidak aman
a0683ed9-e9f8-4790-8bbf-1088506c7683,Rid Waw,1,2026-08-26T05:26:11.264Z,Lainnya,Negatif,Negatif,0.9993,busuk
ca4b9483-bea4-4f34-b83c-979a7cdb972f,Kris Yanto,1,2026-08-26T05:26:09.563Z,Lainnya,Negatif,Negatif,0.9621,sungguh kecewa layanan..... tidak punya visi misinya.
c8d5cc18-46b8-4b3e-82a2-5b08983ab4d5,shanji luph,1,2026-08-26T05:25:04.617Z,Lainnya,Negatif,Negatif,0.96,mampus .
6d46cf84-595e-4d9a-b13b-15832eae7bff,M M,1,2026-08-26T05:23:50.130Z,Autentikasi & Akun; Layanan & Fitur Finansial,Negatif,Negatif,0.9997,bayak kasus rekening mandiri di blokir tanpa kejelasan
6ca3f71f-ecd1-47b8-a982-bb4dab42e683,αd!t,1,2026-08-26T05:23:30.279Z,Lainnya,Negatif,Negatif,0.9996,boikot mandiri
98778961-9b5b-49a1-9695-0cb2d364db95,Ery Fernanda,1,2026-08-26T05:23:20.432Z,Autentikasi & Akun; Transaksi & Pembayaran,Negatif,Negatif,0.9996,"jadi takut nyimpen duit di mandiri takut diblokir dananya karena disuruh aparat, berarti ga aman nyimpen duit disini"
5d581646-49a0-440d-bcca-25bbf95cf88e,I Gede Iwan Primadana,1,2026-08-26T05:23:16.899Z,Lainnya,Negatif,Negatif,0.9717,bank kurang kompeten
29d59318-8cab-4f5b-9e0f-46201c94f5d1,Khoerul Anam,1,2026-08-26T05:23:08.152Z,Lainnya,Negatif,Negatif,1,JELEK
7ec57b27-5776-4cb7-acf2-eeaf505c7b6d,Noya Harapan,5,2026-08-26T05:22:57.997Z,Autentikasi & Akun; Kinerja & Server,Positif,Positif,0.9978,"Suka banget berlangganan menggunakan Livin by Mandiri ini.Beberapa bulan lalu Livin saya bermasalah karena saya hapus apk dan setelah didownload ulang mau login tidak bisa karena kodenya saya lupa dan email terhapus.Akhirnya saya ke bank,sumpah pegawai bank mandiri sangat amat ramah dan saya juga dibantu buatkan kartu fisiknya karena kartu lama ketinggalan di kampung.Pokoknya Livin the best🤗kalo boleh beri saran TOLONG SEDIAKAN NOTIFIKASI KELUAR MASUK UANG TANPA HARUS CEK EMAIL LAGI🙏"
fbc252b1-aecf-446e-9504-89108a5d687f,Widya Susanti Kusuma,1,2026-08-26T05:19:44.641Z,Lainnya,Negatif,Negatif,0.9725,Mirisssss
f7839868-a246-4910-b7ab-d1641eaf9e9b,avis seno,1,2026-08-26T05:19:42.547Z,Lainnya,Negatif,Negatif,1,ancur
e0334a82-679e-4c8a-82ed-d05004120e95,Deni Ahmadi,1,2026-08-26T05:18:44.321Z,Autentikasi & Akun,Negatif,Negatif,0.9718,"Terima kasih untuk yg dulu, sekarang sudah saya pindahkan saldonya ke Bank lain, selamat berMANDIRI y"
a4bfdd27-4639-4f94-a726-3715d370999a,Togu Nainggolan,5,2026-08-26T05:17:19.537Z,Lainnya,Positif,Positif,0.656,akurat
31fc3746-9b94-4937-beef-0f7163af5744,BUYUNG,1,2026-08-26T05:17:00.970Z,Autentikasi & Akun,Negatif,Negatif,0.9774,"Hadeh.... gimana sih diut orang bisa diblokir secara sepihak, ujungnya jd masalah kan? bikin orang2 jd pindah kebank lain jdnya"
c01ae93e-26ba-4c26-9a7f-ba9ef1872895,muhammad yusuf,1,2026-08-26T05:16:08.680Z,Lainnya,Negatif,Negatif,0.9952,duit ilang mulu
6d2ab7d4-73ff-4a2e-9e1f-18f376063ced,Ahmada Darobi,1,2026-08-26T05:15:40.584Z,Lainnya,Negatif,Negatif,1,bank tolol
038779b5-6cff-419e-a89d-5652e8ccfa0c,ahmad arif,1,2026-08-26T05:14:29.581Z,Lainnya,Negatif,Negatif,0.941,ramaikan bintang 1
bfdfb5f5-69bd-49b7-ab27-e5ec70139292,Yusman Mp,5,2026-08-26T05:12:17.396Z,Lainnya,Positif,Positif,0.9394,"g ada cerita,,,udah paling bagus"
7edb6e2f-2659-4283-8b1f-073b07126f38,Nain Difa,1,2026-08-26T05:11:46.863Z,Lainnya,Negatif,Negatif,0.8843,"sya berencana momboukot mandiri dari keluarga saya, terimakasih"
7c6b2f18-2e99-443d-a542-bfa23854798b,Bima Pramada,1,2026-08-26T05:10:57.138Z,Lainnya,Negatif,Negatif,0.7002,bintang 1 juga masih terlalu bagus
8a78cbfb-4900-453c-bef8-9a1525c0416f,altra is the god,1,2026-08-26T05:10:19.228Z,Lainnya,Negatif,Negatif,0.9649,80jt nya di kemanain woy
0d4d940f-564e-4cd4-90f7-6ad42459604c,elvicto pontianak,1,2026-08-26T05:09:36.207Z,Autentikasi & Akun; Layanan & Fitur Finansial,Negatif,Negatif,0.9989,suka suka ati dia mau blokir rekening orng .
9268caa7-a248-41c2-b115-dafcac4956f7,firandi firdi,1,2026-08-26T05:08:43.895Z,Autentikasi & Akun,Negatif,Negatif,0.9999,Hati-hati di blokir
f23e0e9b-16bb-4381-b1f9-dfca3d8490ab,Iqmal zanuar,1,2026-08-26T05:08:14.363Z,Lainnya,Negatif,Positif,0.8565,👍🏻
7a0f3f16-b25c-436b-9e0f-01aa1b97f9fe,Toko yoko Yoko70,1,2026-08-26T05:07:41.621Z,Autentikasi & Akun,Negatif,Negatif,0.9997,saya kecewa karena yg mas botok di blokir tampa sebab alasan aparat jadi mohon maaf saya akan pindah ke bca
53e10876-6793-443c-a5a2-40420bcf2dd5,Bagus Irc,1,2026-08-26T05:06:51.112Z,Lainnya,Negatif,Negatif,0.9752,mandiri ta!k
372df65a-50f7-4c65-bde6-49fca48980ea,Adel Botak,1,2026-08-26T05:05:02.706Z,Lainnya,Negatif,Negatif,0.9986,Bank Koruptor
5c51707c-5a73-499c-baad-b3609d0b0418,Rey Yovi,1,2026-08-26T05:04:51.874Z,Lainnya,Negatif,Negatif,0.8575,kurang produktif masih bnyak celah ganggu
b6f9b3c2-22e4-4f3d-a363-8ac539bfe6cc,NolepBoy Official,1,2026-08-26T05:03:21.483Z,Lainnya,Negatif,Negatif,0.9975,bahaya ga profesional
82d52d60-3fd7-4580-9895-b541060b848f,rio fiki,4,2026-08-26T05:00:56.100Z,Lainnya,Positif,Positif,0.8565,👍
f1252caa-6d8d-42b4-9a4b-3b2fd9385292,Nurul Musthofa,1,2026-08-26T05:00:43.420Z,Lainnya,Negatif,Negatif,0.9349,di medsos asli ga katanya mandiri mau tutup
5fd67ca8-553e-4973-8cf9-9d25b4067740,Heri Yanto,1,2026-08-26T05:00:37.956Z,Autentikasi & Akun,Negatif,Negatif,0.9999,ngeri di blokir
b2718c97-1577-4f69-ad18-c379c6e56e85,layla amelya (laylaamelya),1,2026-08-26T05:00:27.593Z,Lainnya,Negatif,Negatif,0.9652,ga niat mandiri
ea1d8246-7bfd-4bbc-bad6-a2f43d766af4,Jeni,1,2026-08-26T04:59:18.858Z,Autentikasi & Akun,Negatif,Negatif,0.9999,beraninya main blokir saldo orang
7826f5ab-9f73-426a-8064-2e8e5e08e430,Muh Misbahul,1,2026-08-26T04:59:02.214Z,Lainnya,Negatif,Negatif,0.9959,gabisa dipercaya
007445d2-77fd-4a50-a727-8809bac68ec0,Retno Waty,1,2026-08-26T04:58:57.531Z,Autentikasi & Akun,Negatif,Negatif,0.9926,"ini gimana yah kok aplikasi nya gak mendukung dihp saya redmi 13c aduh susah mana hp saya cuman 1 ,coba hp Vivo malah keluar keluar pas mau masukkan tanggal lahir ,jelek kali lah ini aplikasi"
c51f9d2d-009d-4938-8921-fa822ae5d2dd,Rara Syln (chiel),1,2026-08-26T04:57:59.986Z,Lainnya,Negatif,Negatif,0.9993,busuk
1f45dfd3-25d4-42b7-8c65-0230fe2bf1e6,Muhammad Ahmad,1,2026-08-26T04:55:58.887Z,Lainnya,Negatif,Negatif,0.9587,"jangan mwu nabung di Mandiri, pemiliknya dikuasai Piscok, Uang yg disimpan tidak lagi aman"
0047c8e7-441c-4020-b66b-f960faddaa30,King_Hassan,1,2026-08-26T04:55:39.253Z,Autentikasi & Akun; Layanan & Fitur Finansial,Negatif,Negatif,1,"bank mandiri sampah, masa rekening nasabah di blokir,,,"
6019c1fb-c8dd-4a3c-b892-a97754a02318,Bagas Pramono,1,2026-08-26T04:55:25.232Z,Lainnya,Negatif,Negatif,0.9812,terlalu nurut sama polisi
a4363552-4da8-4f2a-ab5c-733d8b5c2d68,Belalang Tempur,1,2026-08-26T04:55:05.419Z,Lainnya,Negatif,Negatif,1,bobrok
b70b4ce4-7afc-45e5-8540-f15c2bb20fb3,Yunda Akbar,1,2026-08-26T04:54:16.908Z,Autentikasi & Akun,Negatif,Negatif,0.9997,blokir nasabah seenak nya
96baadb8-322d-490c-b5d5-8f48cc459f9a,tanto juve,1,2026-08-26T04:53:20.674Z,Lainnya,Negatif,Negatif,0.9996,padahal udh terlanjur sayang tapi kok tiba2 luntur sekejap 👎
844deb72-1f29-4204-9208-0a67797e6457,Mirza Siregar,1,2026-08-26T04:52:39.498Z,Autentikasi & Akun,Negatif,Negatif,0.9998,bank jelek blokir2 .
1983c26e-3c4f-4800-8d08-ed7124741995,KANG BarBar,1,2026-08-26T04:52:20.936Z,Lainnya,Negatif,Negatif,0.9922,mandiri kocak
ae8a4e33-b8a8-44ce-9b04-9c57212ef3c3,Bim Bot,1,2026-08-26T04:52:15.269Z,Kinerja & Server,Negatif,Negatif,0.9687,livin kurang os nya lemot
5891d671-3a6d-4c31-aace-b0cc1ce77cc5,andre siregar,1,2026-08-26T04:51:59.850Z,Lainnya,Negatif,Negatif,0.9965,sangat kecewa
33f01796-e31a-4da5-ad31-123f93d672d4,Rampay Punya,1,2026-08-26T04:51:47.524Z,Lainnya,Negatif,Negatif,0.9979,boikot
7d159ed3-f998-46db-ab2f-56ec113897a4,fandy 26,1,2026-08-26T04:50:55.386Z,Autentikasi & Akun; Layanan & Fitur Finansial,Negatif,Negatif,0.9952,memblokir rekening aktivis dan data gampang bocor
7195794b-1c1a-432a-9cf0-3257616ec3b0,Jack Jashin,1,2026-08-26T04:50:49.468Z,Autentikasi & Akun; Layanan & Fitur Finansial,Negatif,Negatif,0.9813,sering bgt aplikasi gak bisa di pake setiap di klik kluar2* sendiri jadi harus instal ulang registrasi lagi. dan untuk rekening mas botok tolong segera di buka
22be1228-991d-42ee-8489-b258efda3032,Yudi Pranoto,1,2026-08-26T04:50:46.897Z,Lainnya,Negatif,Negatif,1,jelek
947d62a7-c749-4e60-977d-8e5173ee17e7,arjuna domas,1,2026-08-26T04:49:15.246Z,Lainnya,Negatif,Negatif,0.9273,boiykot....
a5528ef6-26d8-4c28-80b4-13e5dfd096a7,Asep Karwan,5,2026-08-26T04:46:54.326Z,Layanan & Fitur Finansial,Positif,Positif,0.9609,pelayanan sangat memuaskan. dari security sampai ke cs sangat ramah-ramah
39415265-3c97-4bd2-bcef-b6c4b62e1dee,wahyu din,1,2026-08-26T04:46:36.437Z,Lainnya,Negatif,Negatif,0.8738,terimakasih telah menjaga kepercayaan publik 🥹
b3c6cb8b-2287-48e8-9fea-056f739c3c4f,Rizky Adisaputra,1,2026-08-26T04:44:38.430Z,Autentikasi & Akun,Negatif,Negatif,0.9995,main blokir2 uang rakyat tanpa alasan yg gak jelas.
50f28089-05f5-4be8-97b0-15c7a7e616a1,Rifai Siolimbona,1,2026-08-26T04:44:19.802Z,Lainnya,Negatif,Negatif,0.9999,"sistem perbankan sangat buruk dan jelek... untuk kalian yang masih pake bank mandiri tarik uang kalian dan simpan di bank lain, sebelum menyesal"
1f195c88-ed62-46be-b0c1-4bee0a79e1c9,Anang Kancil,1,2026-08-26T04:44:12.118Z,Lainnya,Negatif,Negatif,0.9992,ampas
e8f91030-ea9f-4eed-a68c-fff124542172,irwan nurochman,1,2026-08-26T04:41:37.921Z,Lainnya,Negatif,Negatif,0.9965,kecewa
2a1b8152-7d39-4efa-8a45-2795576de3df,Muhammad Fajar Mujahid,1,2026-08-26T04:41:10.312Z,Lainnya,Negatif,Negatif,0.9273,apps pecundang
6788b55d-b315-4927-aad4-6463a0504351,Bahar,1,2026-08-26T04:40:31.108Z,Lainnya,Negatif,Negatif,0.95,Merdeka
2dc0e7e5-5d74-436c-9fa2-45818df8c9de,wartian 2024,1,2026-08-26T04:39:19.736Z,Autentikasi & Akun; Layanan & Fitur Finansial,Negatif,Negatif,0.9993,"boleh blokir rekening pribadi asalkan sudah jadi terdakwa atau tersangka kasus korupsi, blunder parah kau !!!"
7667cfcb-5991-450e-b3c2-1b1fdc52ccd0,Yahya Ade,1,2026-08-26T04:39:10.572Z,Layanan & Fitur Finansial,Negatif,Negatif,0.8482,"pengajuan KSM cuma yg stastus pekerjanya ASN,,untuk karyawan swasta susah"
9b292202-0bb4-40bb-a4f4-ec30a159b963,Rahmat Putra,1,2026-08-26T04:38:33.703Z,Autentikasi & Akun,Negatif,Negatif,0.9998,"parah aplikasi berbahaya, uang kalian bisa di blokir"
35e32f04-16ed-4c29-a84d-027480002021,Andi Setyawan,1,2026-08-26T04:34:34.311Z,Lainnya,Negatif,Negatif,1,buruk
2ea33842-4bb2-4387-9be2-d77dd4c1e927,Redmi 12,1,2026-08-26T04:33:06.690Z,Lainnya,Negatif,Negatif,0.9966,tidak aman
404d72e3-2632-4bb4-ad47-8f487cde4fa4,FendyTyler70,1,2026-08-26T04:33:04.148Z,Lainnya,Negatif,Negatif,0.9509,Bank Mafia
a420509b-4433-4004-85f9-5cf4906f996c,Protek Gugel,1,2026-08-26T04:30:24.995Z,Lainnya,Negatif,Negatif,0.9273,smpah
28332e71-30a5-44e3-a87a-9b1ef3a88ca9,Deni Fardhan M,1,2026-08-26T04:28:42.535Z,Lainnya,Negatif,Negatif,0.9782,Sering bgt maintenance ketika sedang di butuhkan
bf9eb9e5-1d13-422c-b4ad-d948dc5c5434,Fany I.S,1,2026-08-26T04:27:03.853Z,Lainnya,Negatif,Negatif,0.9654,not independent
05402d91-0485-4a4e-ac0c-81f08a19081d,Muhamad Fauzi Uzi,1,2026-08-26T04:26:13.949Z,Autentikasi & Akun,Negatif,Negatif,0.9987,pemblokiran aktivis
06988348-d21f-4dbe-bbfa-818aaa732d70,Chou 22,1,2026-08-26T04:25:25.571Z,Lainnya,Negatif,Negatif,0.9761,Maaf rating 1 Bank Negeri Mahal dan ber Pajak 😂 Suka ikut campur privasi orang pati 🤭
95a862cc-6fa5-43c4-bc52-06c9ab2e6849,Ganda Genixu,1,2026-08-26T04:24:35.294Z,Autentikasi & Akun; Layanan & Fitur Finansial,Negatif,Negatif,1,tukang blokir rekening
c0a24c8d-a01b-4098-a797-629047040c74,LS SITOHANG,1,2026-08-26T04:23:53.900Z,Lainnya,Negatif,Negatif,0.9706,Mandiri atau Disetiri?
31ce4946-5608-4e98-a117-19cb98f6d93f,Yoyoh Yoyoh,1,2026-08-26T04:23:05.389Z,Autentikasi & Akun,Negatif,Negatif,1,"tarik semua saldo dari Bank ini, takut tiba2 kena blokir. uang hasil keringat sendiri kok main blokir aja"
e24a66ee-ccb0-4d08-91dd-0efb6c1eb5e5,Alif Nur Puaddin,1,2026-08-26T04:22:41.804Z,Lainnya,Negatif,Negatif,0.9462,Ga genah
89d0b173-fac9-40d6-b9de-eec4060480ba,Reggy Alpharidzkyfirdaus,1,2026-08-26T04:20:35.498Z,Autentikasi & Akun,Negatif,Negatif,0.9778,parah mkin parah jdi sulit masuk dan sulit makai livin jdi gini.
70d6ad0b-21a5-4e6d-9dae-8675e5caee43,Sssttt Rahasia,1,2026-08-26T04:19:04.988Z,Lainnya,Negatif,Negatif,0.9992,jelekk
e1c53c27-1135-48bf-a47f-2667d25d07e0,Dhyohaw 123,1,2026-08-26T04:18:58.402Z,Lainnya,Negatif,Negatif,0.9984,bank penipu
3bb4659c-6f02-4a5f-b56f-e669a7d4c566,Bagas Khurniawan,1,2026-08-26T04:18:04.958Z,Lainnya,Negatif,Negatif,0.9703,"tidak di sarankan mending pakai sea bank yang jelas lebih nyaman aman , yang pasti"" aja JANGAN PAKAI YANG BLM PASTI"
6e09d8f1-2928-4ed7-8d0b-efb01ff35b69,Idhar Yusri,1,2026-08-26T04:16:54.124Z,Autentikasi & Akun,Negatif,Negatif,0.8643,mw pindah ke BCA sj😁😁
cdc7cd05-5cd7-4050-b243-2487078c508c,Rendra Narendra,3,2026-08-26T04:16:39.537Z,Autentikasi & Akun,Negatif,Negatif,0.9059,kenapa ya saya mau masukin data tanggal lahir nya malah hp saya restart Mulu padahal k apk lain gak gitu lancar aja dan ini berulang kali setiap masukin data tanggal lahir nya hp mati lagi itu kenapa....kalau masalah di hp saya knapa buka apk lain tidak apa apa dan sekali buka apk mandiri nya malah mati restart hp nya tolong di lakukan perbaikan segera ya
bec9d84f-bcde-4a37-9ae0-a4571aa9bd8e,dhani jouanda setiawan,1,2026-08-26T04:16:17.117Z,Autentikasi & Akun; Layanan & Fitur Finansial,Negatif,Negatif,1,TUKANG BLOKIR REKENING AKTIVIS
685ea2f3-f3b8-4035-b151-15f5901366bb,siswandi,1,2026-08-26T04:15:42.144Z,Lainnya,Negatif,Negatif,0.9884,bank ini tidak ada notif dari apk ya kurang suka saya
f0ee3289-1fc6-4559-ab86-f2c74526e13e,Kuncung,1,2026-08-26T04:13:46.744Z,Lainnya,Negatif,Negatif,0.9992,buruk bank bisa sopir oleh aparat
ff98fa57-1a49-4576-adb1-adc8c8fccb88,Zulfikar Hafid,1,2026-08-26T04:13:26.411Z,Autentikasi & Akun,Negatif,Negatif,0.9972,"blokir aku, Ayah...."
85e0a0a2-6018-462e-b098-8da811c67c35,Aji Pangestu24,1,2026-08-26T04:12:00.463Z,Lainnya,Negatif,Negatif,0.9965,mengecewakan
f19f88f8-4be2-402f-befb-7daeed494f6b,Akunfreereal,1,2026-08-26T04:11:54.837Z,Lainnya,Negatif,Negatif,0.9362,kasian
db3037e1-4b57-4cff-af26-3e07d8ed2e15,Suheri Bob,1,2026-08-26T04:11:21.640Z,Autentikasi & Akun; Layanan & Fitur Finansial,Negatif,Negatif,1,tukang blokir REKENING orang
af743cd5-01af-46f7-8be6-bf0de6f1824e,Tendi Gunawan,1,2026-08-26T04:08:40.127Z,Lainnya,Negatif,Negatif,0.9966,tidak aman
26bc0024-ad08-4163-9221-2297fba08caf,Adi Nafis,1,2026-08-26T04:08:32.131Z,Lainnya,Negatif,Negatif,0.995,Awal Kehancuran Bank Mandiri
c95db611-1cd8-4d7a-840a-cc09a5c41bd9,Wafinity Production,1,2026-08-26T04:08:21.755Z,Lainnya,Negatif,Negatif,0.9584,begini ya cara mainnya
91643770-0e82-448c-bb3d-87086b630412,CS O,1,2026-08-26T04:07:59.865Z,Lainnya,Negatif,Negatif,0.9985,kena setir aparat
07c129d1-4953-4e5e-b3d1-13f2fd70dd75,toni sabaruddin,1,2026-08-26T04:04:11.404Z,Lainnya,Negatif,Negatif,0.9719,baikot
d04b02a2-f549-4815-96b2-e44f32e6d89f,Ocis Istiar,1,2026-08-26T04:02:40.873Z,Lainnya,Negatif,Negatif,0.9883,kurang baik
4ce72d98-50a3-4ac0-9792-bc4b2383b23a,Linkid Id,1,2026-08-26T04:01:10.559Z,Lainnya,Negatif,Negatif,0.9996,boikot mandiri
69ccde43-773c-416a-8e08-063fce7c4c20,Anak Rantau,1,2026-08-26T04:00:32.576Z,Autentikasi & Akun,Negatif,Negatif,0.999,boikot bang mandiri perampasan aset rakyat memblokir uang se enak ya selamat tinggal
433e0125-8991-4994-8bd6-fa40c8dfc604,Exrazor,1,2026-08-26T04:00:27.418Z,Autentikasi & Akun,Negatif,Negatif,0.9999,apaan ini bank ga bisa jaga privasi nasabah seenak jidat main blokir saldo aja
4c743dd9-24c2-48dc-91e9-5c47c8868c08,Agus Ariady,1,2026-08-26T03:59:59.213Z,Autentikasi & Akun,Negatif,Negatif,0.9994,bahaya katanya nyimpen uang disini bisa d blokir tanpa alasan yg jelas.. blokir dulu baru klarifikasi
088e829d-c5dc-4d4b-b777-5b0d1b1531f2,Rully Rumaropen,1,2026-08-26T03:59:54.575Z,Lainnya,Negatif,Negatif,0.9684,Tidak recommended !!!
665f700a-31ec-446f-9b46-3936bbb41b07,anton ardiansyah,1,2026-08-26T03:59:29.450Z,Autentikasi & Akun,Negatif,Negatif,0.9992,BYE. PEMBLOKIR NASABAH AKTIVIS. SAYA JUGA AKAN TUTUP SEMUANYA!
c5f9b319-d14b-40b6-b732-0bdd83b87d75,Intan Safir,1,2026-08-26T03:58:50.686Z,Autentikasi & Akun; Layanan & Fitur Finansial,Negatif,Negatif,0.9999,pemblokir rekening aktivis
b598967f-e998-4db9-955f-6d0f02d833b8,Nur Rozikin,1,2026-08-26T03:58:22.788Z,Autentikasi & Akun,Negatif,Negatif,0.9958,"hilang kepercayaan, ga nyaman pake bank mandiri grgr ada pemblokiran sepihak"
a057c6f5-dbd2-4f4c-8ba7-041306ffaf18,Rifqi Tahara,1,2026-08-26T03:58:13.261Z,Lainnya,Negatif,Negatif,0.9983,MANDIRI TIDUR. BESOK DISETIR APARAT LAGI 🤓🤓🤓🤓
b9551f68-ea58-4842-b914-f4c77c37bd7a,Bang Daa,1,2026-08-26T03:57:49.725Z,Lainnya,Negatif,Negatif,1,buruk
b6906366-f9a2-4170-bf74-023f88a873db,Naufal R,1,2026-08-26T03:57:18.360Z,Autentikasi & Akun,Negatif,Negatif,0.9996,ngeriii mainnya langsung blokirr
98e5e2c2-7a18-42c0-8ed3-9423d816c7e1,Sri Nita,1,2026-08-26T03:57:10.478Z,Autentikasi & Akun; Layanan & Fitur Finansial,Negatif,Negatif,0.9982,Alhamdulillah saldo di rek mandiri sdh dipindahkan semua ke bank lain kartu atm dipotong habis ini uninstal apk livin by mandiri tkt tiba2 rek diblokir....bank tdk amanah & melanggar hak azasi nasabah
955506b1-0418-4e46-84f8-449345c34f6d,Afdul Saman,1,2026-08-26T03:56:56.953Z,Lainnya,Negatif,Negatif,0.861,tiba² Terbelokir
1bd27a04-4496-47be-9788-f6adf3664ded,rohma Rohma,2,2026-08-26T03:56:54.920Z,Transaksi & Pembayaran,Negatif,Negatif,0.7431,"di saldo msih ada 350, trs wktu tarik tunai 50 tb' lihat saldo tinggal 68, sisanya kemana ya?? pdhl ga di otak atik tiba' berkurang banyak, dilihat di transaksi yang keluar cuma transaksi terakhir di TF, tolong dong kalo mau potong saldo jangan langsung jlep gitu"
9df2ce7b-70eb-4f39-828c-10f15334079e,Bimo Sandi,1,2026-08-26T03:56:27.774Z,Lainnya,Negatif,Negatif,0.9724,bank lol
cf339b96-2a12-4eb4-ac3e-1f58e052fd9f,Akuncoc 12,1,2026-08-26T03:56:00.949Z,Autentikasi & Akun,Negatif,Negatif,0.9996,"KOK MAIN BLOKIR"" BOS?"
4d53f644-bed2-45f0-9088-1b9baeaedc97,Sall D. Sini,1,2026-08-26T03:56:00.260Z,Lainnya,Negatif,Negatif,0.9974,tidak profesional
b5d80907-6303-4e39-bb6a-0e1148b91edf,Arfan Adzin,1,2026-08-26T03:55:26.260Z,Lainnya,Negatif,Negatif,0.9991,mandiri sdh tidak aman dan tidak amanah
d4f04152-121e-47df-9449-ff03c4a0c22a,Vaiz Dwi Ramadhika,1,2026-08-26T03:55:16.294Z,Lainnya,Negatif,Negatif,0.9773,"apa ini aplikasi aneh mau download aja gak bisa, gua kasih bintang 1 gak peduli gua rating aplikasi ini turun. Biar apa, biar naik rating nya dengan ""MANDIRI"" jadi gak butuh rating orang BTW #Boikot BANK MANDIRI. wkwkwkwk"
301c7759-aa37-4180-bb7e-93275b3da81f,Murtadha Abdurrahman,1,2026-08-26T03:54:59.552Z,Lainnya,Negatif,Negatif,0.9718,boikot app ini juga guys...sebagai bentuk solidaritas
a0cf0c43-1ed1-439e-b531-b7ff520c078e,Muhamad Sopian,1,2026-08-26T03:54:31.938Z,Lainnya,Negatif,Negatif,0.9865,"hilang kepercayaan w,"
64b323ce-22d1-489e-aa89-23284d51c3a3,Dirja Speed,1,2026-08-26T03:51:20.809Z,Lainnya,Negatif,Negatif,0.9997,buruk sudah mau di tutup ini bank mandiri
430a308e-9cea-4130-ae3b-6444d6cbbdc3,M saleh Gulo,1,2026-08-26T03:51:19.760Z,Lainnya,Negatif,Negatif,0.9989,Bank gak jelas ini
cb605fbe-c7a3-4f17-bdc7-2e7edba706d7,Ananda Saputra,1,2026-08-26T03:51:12.165Z,Autentikasi & Akun,Negatif,Negatif,0.9999,menabung tapi di blokir parah
2f5c8d05-68ad-4a76-8161-d5303986f531,Soleh Be,1,2026-08-26T03:50:46.197Z,Lainnya,Negatif,Negatif,0.9814,kecawa Dengan bank mandiri
f6f1acb7-9a34-46f0-8dfb-72ba67a86043,Rahmad Sepriadi,1,2026-08-26T03:50:41.444Z,Lainnya,Negatif,Negatif,0.9999,💩💩💩💩
ec4fad2d-c850-4bc1-af6d-0e8fcee0143e,Rangga Avengers,1,2026-08-26T03:46:42.106Z,Lainnya,Negatif,Negatif,0.9645,mandiri : mandi sendiri
242f761c-2cc6-463d-b869-a7099d2a6b21,Jhoni Iskandar,1,2026-08-26T03:46:35.958Z,Autentikasi & Akun; Layanan & Fitur Finansial,Negatif,Negatif,1,maen blokir rekening rakyat
dab4b033-8672-4046-9192-965e25c5e1b0,Rizki Pratama,1,2026-08-26T03:46:34.490Z,Autentikasi & Akun,Negatif,Negatif,1,pelayanannya buruk suka blokir atm nasabah 🤪🤪
4bd966e6-690b-43d4-9c40-0856e594de0a,seffyana 86,1,2026-08-26T03:46:05.578Z,Lainnya,Negatif,Negatif,0.9854,bank kok blunder
35d48054-2ada-4c93-9319-7a3f26cedddf,Ahmad Fathul Ulum,1,2026-08-26T03:42:31.119Z,Autentikasi & Akun,Negatif,Negatif,0.9423,"wkwkkwkkwkwk, akun d bloker"
969e4ac7-05f5-4efd-b09f-4f904a8445fe,Herda Prasetiya,1,2026-08-26T03:42:20.757Z,Autentikasi & Akun,Negatif,Negatif,0.9956,ngeri² sedap mandiri sekarang saya hapus aplikasi dan saya tarik semua saldo pindah KE bca aja yang aman
b1dcecf9-57f2-4cf3-bb1c-af8bfcbe2838,MUHAMMAD ABDUL ROKHIM,1,2026-08-26T03:40:24.296Z,Autentikasi & Akun; Kinerja & Server,Negatif,Negatif,0.9827,"apk eror"" mulu pindah aj lah"
8ee2487f-f5d7-47e0-bd36-6f06d223bc93,Rian Dwi,1,2026-08-26T03:39:58.953Z,Lainnya,Negatif,Negatif,0.9996,wehh kacauu
79e2e54e-c057-4b1d-bd0a-d6772df920c6,rizki firmansyah,1,2026-08-26T03:39:34.593Z,Autentikasi & Akun,Negatif,Negatif,0.9614,"belom juga demo,udah maen blokir2 aja enak kan saham nya anjlok🤣salah lawan lu dek dek"
f16e37b0-fcb7-44b1-9df0-770669881c60,wandi sandiaji,1,2026-08-26T03:39:26.254Z,Lainnya,Negatif,Negatif,0.9708,tidak worth ith
cd39488a-4d0e-421a-9417-6cc0ee2a3189,okky Mirza,1,2026-08-26T03:39:23.965Z,Autentikasi & Akun,Negatif,Negatif,0.9984,pemblokir akun aktivis
bdcfd986-5e54-4d24-92ff-4c9fa738ae8b,Ferdi Nal52,1,2026-08-26T03:39:12.417Z,Lainnya,Negatif,Negatif,0.9936,scaaam
77d04783-afb7-46d9-9ea5-8136d6efb673,mukhlis hannan,3,2026-08-26T03:38:44.117Z,Lainnya,Negatif,Negatif,0.9206,>living by Mandiri terhenti
5ff5bbd7-93fe-4ca1-818d-180ac4601951,Rudi Hartono,1,2026-08-26T03:38:34.524Z,Lainnya,Negatif,Negatif,0.9965,KECEWA
6d3a21d2-e3a6-467f-ad47-0bcd1a99a676,Rizky Wijaya,1,2026-08-26T03:38:23.311Z,Autentikasi & Akun; Layanan & Fitur Finansial,Negatif,Negatif,1,bank yang suka blokir rekening nasabahnya🤢
980d7b67-e679-4eda-926e-600d4f98c632,Mbah Giman,1,2026-08-26T03:36:42.533Z,Lainnya,Negatif,Negatif,0.9841,bank Longor alias Busuk.....!!!!
e57455bc-b408-4a44-96ea-cbedd9960226,Rio Aprianto,1,2026-08-26T03:34:53.837Z,Autentikasi & Akun,Negatif,Negatif,0.9866,ini hadiah dari pemblokiran kartu nasabah
b1a32c1b-dbf7-45cd-a2b1-9a2ce9183683,Alfian Noor,1,2026-08-26T03:34:13.547Z,Lainnya,Negatif,Negatif,0.9999,ah buruk
d7322955-a0ab-4b46-9f1f-31617301a09c,Tutde Giant,1,2026-08-26T03:33:46.880Z,Autentikasi & Akun; Layanan & Fitur Finansial,Negatif,Negatif,0.9999,BANK INI TIDAK AMAN !!! bisa memblokir rekening nasabah semaunya sendiri tanpa alasan yang jelas !!!
4acdebce-74b7-4384-b34c-f22aab18b82e,Tusdin 11,1,2026-08-26T03:33:41.343Z,Lainnya,Negatif,Negatif,0.9974,bumn emang ampas
628b4d56-43a3-46f4-91cb-f2ef69df6d50,Rini Susanti,5,2026-08-26T03:32:48.891Z,Lainnya,Positif,Positif,0.834,aplikasi sangat lengkap
53f40139-e2eb-4bc2-9ee4-cb5b9b914d05,Saepul Rohim,1,2026-08-26T03:31:49.172Z,Autentikasi & Akun,Negatif,Negatif,0.9987,pemblokiran aktivis
e564895e-7a20-404d-bdf7-35e99f20e103,Ton Toni,1,2026-08-26T03:30:13.555Z,Lainnya,Negatif,Negatif,0.9485,selamat jalan bank mandiri. kalo anda tidak klarifikasi anda akan menuju ke hancuran!!!!!
2d2b174b-454e-4361-bf37-0fe8ccda1fad,fatannjda 486,1,2026-08-26T03:29:06.107Z,Autentikasi & Akun,Negatif,Negatif,0.9999,pemblokiran nasabah aktivis
8e7d1d24-ec50-41c2-86d7-c88f645c2332,Muchlis B,2,2026-08-26T03:27:41.183Z,Autentikasi & Akun,Negatif,Negatif,0.9929,"aduh bisa ceroboh mandiri bunuh diri sih, saldo donasi di blokir, saldo koruptor amanah"
67029555-b27a-4ee6-84f1-c90cdc211264,Agung Firmansyah,1,2026-08-26T03:27:10.572Z,Autentikasi & Akun,Negatif,Negatif,0.997,awas tar di blokir akunyaa 👋
51c10d08-bb8e-4e42-adf5-db9ce4a4147b,Dem mulyana,1,2026-08-26T03:26:12.785Z,Lainnya,Negatif,Negatif,0.9994,sangat bagus sekali amazing 👎🏻 semoga bangkrut
c0fd6222-b74e-4453-99eb-75cee8321670,Alif Julianto,1,2026-08-26T03:25:34.664Z,Lainnya,Negatif,Negatif,0.9719,hapus aj bank mandiri enggk ada gunanya
f4153049-e62b-48ae-9c3f-872f36bb195d,Eko Toyota Ciledug,1,2026-08-26T03:25:02.371Z,Lainnya,Negatif,Negatif,0.9653,Log out
702444ed-644a-4d4b-aef1-9ef096bec95d,Febri Zebua,1,2026-08-26T03:24:58.144Z,Lainnya,Negatif,Negatif,0.9813,kembalikan uang rakyat jangan seenaknya menahan uang rakyat
0d57f1e6-7021-43e2-a43a-4aea91e1fc95,Andi Nafarte,1,2026-08-26T03:24:10.447Z,Lainnya,Negatif,Negatif,0.9914,BOIKOT BINTANG 1
d9d9cbd2-789b-4a13-949b-65308c51d42c,Yusril Pradana,1,2026-08-26T03:22:37.226Z,Lainnya,Negatif,Negatif,0.9168,gak khasil
ea3ce701-0b3f-4b34-a5be-b54e1c9b68dd,Amir Aja,5,2026-08-26T03:22:27.953Z,Lainnya,Positif,Positif,0.7676,sangat membantu
a6f35485-a236-4992-ae3b-b80f086d506f,Vita,5,2026-08-26T03:21:28.980Z,Lainnya,Positif,Positif,0.8565,keren banget
5410d4ea-85fc-48c0-be84-b88f5026a4bd,B Abinaya,1,2026-08-26T03:21:11.287Z,Lainnya,Negatif,Negatif,0.9715,bangke
842a70ff-ce1a-4c98-b2a5-37da30f2d6ed,Abi Sipakatau,1,2026-08-26T03:19:50.921Z,Autentikasi & Akun; Layanan & Fitur Finansial,Negatif,Negatif,0.9976,"karena langkah bank mandiri sewenang-wenang memblokir rekening nasabah jadi saya akan tutup rekening, suatu saat nanti bisa saja kami yg dapat giliran"
83a1946c-9fc8-4282-ba75-94db40188b97,RIMBA BC,1,2026-08-26T03:19:10.825Z,Autentikasi & Akun; Layanan & Fitur Finansial,Negatif,Negatif,0.9998,memblokir rekening rakyat
3f78f9fe-996f-41ab-b096-1124b224db03,Denis Adetia Pratama,1,2026-08-26T03:19:03.974Z,Transaksi & Pembayaran; Kinerja & Server,Negatif,Negatif,0.9802,"gajelas banyak bug, masa setiap mau tf selalu ada tulisan belum terhubung coba lagi, kalo lagi darurat dan butuh di tf sekarang juga gimana??, masa harus nunggu dulu berjam jam, tolong dong dibenerin, ini setiap mau tf ke dana doang"
5ce26beb-e306-4d5a-b16f-71adce133c2a,iwan Sandika,1,2026-08-26T03:18:54.876Z,Autentikasi & Akun,Negatif,Negatif,0.9949,mohon maaf dengan pemblokiran nasabah di pati saya hari ini menonaktifkan mandiri saya. bye
caef4e19-4f53-417c-9002-e309950ab4b0,arif budiman,1,2026-08-26T03:18:13.644Z,Autentikasi & Akun; Layanan & Fitur Finansial,Negatif,Negatif,0.9903,"pernah saat mau buka rekening di cabang langsung malah disuruh buat surat domisili sampai TTD lurah, padahal sudah ada KTP. ngeri juga nyimpen duit di bank BUMN"
ebea49e6-093f-4ddf-aa8b-1749f450c19d,Riza Novriadi,1,2026-08-26T03:17:51.276Z,Lainnya,Negatif,Negatif,0.9273,tholol
cbaaa75b-2c96-4e47-95b1-397a58583df7,Putry 124,1,2026-08-26T03:15:49.378Z,Lainnya,Negatif,Negatif,0.997,sangat tidak recomended
ff25a399-67f9-4053-af1e-14690a249345,Andri Apriansyah,1,2026-08-26T03:15:04.787Z,Lainnya,Negatif,Negatif,0.9996,tidak mandiri lagi
f4461863-1fd6-4392-a6c8-e41f2b7be50f,Hayudin Udin,1,2026-08-26T03:14:42.807Z,Kinerja & Server,Negatif,Negatif,0.9269,bank tertololll yg pernah adaaa
0b433a8c-db78-4009-9d26-7f5040e2f042,Paskalitos Lelo,1,2026-08-26T03:13:17.815Z,Autentikasi & Akun,Negatif,Negatif,1,takut di blokir
31f5582d-8855-4d50-a43b-d6dd231781f9,JOE BIDENN,1,2026-08-26T03:13:11.257Z,Lainnya,Negatif,Negatif,0.9968,bank aneh
e907670a-2226-44f3-b1a2-89b74498b19f,Ketua Kesantrian,1,2026-08-26T03:13:10.514Z,Lainnya,Negatif,Negatif,0.9965,kecewa
ef326014-be93-4e45-b802-cbc9ae8fcb29,Anggoro Angg,1,2026-08-26T03:12:41.765Z,Lainnya,Negatif,Negatif,0.9861,UPS hati2 pke mandiri
7ec14ed1-f560-4ca9-8024-1d4e29269606,AYAH KHALISA,1,2026-08-26T03:12:39.901Z,Lainnya,Negatif,Negatif,0.9978,NAMA DOANG BANK MANDIRI TAPI NYATANYA BISA DI STIR🤣
6ddb4196-a762-4b6f-b630-b72971e42e51,Muhamad Irwansyah Darmawan,5,2026-08-26T03:11:39.306Z,Lainnya,Positif,Positif,0.7676,Aplikasi sangat membantu
7224834c-6423-4c8e-993f-bcb29a235228,Ari Irawan,1,2026-08-26T03:10:45.295Z,Autentikasi & Akun,Negatif,Negatif,0.9999,PEMBLOKIR NASABAH AKTIVIS!
137591e0-4534-42ae-880b-b017e1a1541a,Sampai Jadi Debu,1,2026-08-26T03:10:36.343Z,Lainnya,Negatif,Negatif,0.9997,"payah, kok bisa bisanya di setir aparat."
b23aa57a-a9b4-467a-9a00-58781851c17b,irwan sanjaya,1,2026-08-26T03:07:58.182Z,Lainnya,Negatif,Negatif,0.9052,ujug ujug ga ada angin hujan kena block heleh
a54a1d3d-a97b-407e-8915-d249ba45491e,Firzan Fanugrah,1,2026-08-26T03:07:05.350Z,Autentikasi & Akun,Negatif,Negatif,0.9994,"main blokir seenaknya, hamaa"
cdfa1269-01d2-4190-9bde-0c7346e9b4bf,muell sweet,1,2026-08-26T03:05:52.290Z,Lainnya,Negatif,Negatif,0.9971,mandiri ga guna baikot
9912705e-a20f-468e-8a1c-a7aea23fc40e,Muhamad Afwan,1,2026-08-26T03:05:06.128Z,Autentikasi & Akun,Negatif,Negatif,0.9978,sudah saatnya logout ke bank swasta
d53887f0-97f9-49e6-b436-3b55a886f9c5,I Gede Cok Adi Putra,1,2026-08-26T03:04:55.830Z,Lainnya,Negatif,Negatif,0.9993,bisa disetir aparat
a92ed583-f31f-488e-9e0e-e8999c33f84e,Zainal Haqiqi,1,2026-08-26T03:04:20.284Z,Lainnya,Negatif,Negatif,0.9273,"bejir,"
a5b0dc24-717a-47cb-a085-1ac32b16e925,Ihtsvtnyrs 17,1,2026-08-26T03:03:15.933Z,Autentikasi & Akun; Layanan & Fitur Finansial,Negatif,Negatif,0.9998,"ingin pindah rekening aja, soalnya takut keblokir kayak yang di pati rekening mas botok di blokir 🙏🙏🙏"
a5cca8f2-4a21-4f08-9df8-f823d5105612,Arifin Wijaya,5,2026-08-26T03:03:08.560Z,Lainnya,Positif,Positif,0.8565,good
b153b147-cc7d-4fdd-bcc1-cfbeb3d23501,Norman Winata,1,2026-08-26T03:02:53.190Z,Autentikasi & Akun,Negatif,Negatif,0.999,jangan simpan duit di sini nanti di blokir
12e99bc2-a9d1-44dd-bbba-a764d8d98b4e,nuxrian,1,2026-08-26T03:01:37.742Z,Autentikasi & Akun,Negatif,Negatif,0.9487,"pemblokiran sepihak jangan nyimpan uang disini, bahaya!!!!"
b14b3af2-1489-4e3e-aea5-26f557eab759,ハンサムVand,1,2026-08-26T03:01:31.357Z,Lainnya,Negatif,Negatif,0.9965,ruwet... Bank yg tidak bisa dipercaya..
f488e4fa-884d-4d1d-a49b-cb17de3d71f1,askiaa mekaa,1,2026-08-26T03:00:23.278Z,Lainnya,Negatif,Negatif,0.9603,fomo
e29454ff-4887-417d-a15b-d5d456365c58,Anni Nurazizha,1,2026-08-26T03:00:13.511Z,Lainnya,Negatif,Negatif,0.9875,HILANG RESPECT!!!!!!
6a939678-5fb0-487f-bb56-ac63885db9ed,Wawan Stupidz,1,2026-08-26T03:00:02.530Z,Autentikasi & Akun,Negatif,Negatif,0.9963,bank negara kok receh maen blokir aja 🤣
b95c1529-57e5-48ae-abad-901e1fbfbbf5,Teguh Maulana,1,2026-08-26T02:58:21.176Z,Layanan & Fitur Finansial,Negatif,Negatif,0.9983,Pembungkam Rekening aktivis
05114814-c6e4-4bc0-acd3-fa98965ca9bd,zenitra pebrindo,1,2026-08-26T02:56:20.212Z,Lainnya,Negatif,Negatif,0.956,gak cocok
7fcd9b31-f70a-4e10-b45e-5b739519c7e0,Robby Kurniawan,1,2026-08-26T02:53:07.224Z,Lainnya,Negatif,Negatif,0.9984,"Nama doang mandiri, kok masi bisa disetirin"
6d843e23-efae-4759-8eb4-acd9bb3222f8,Fauzan Wanuri,1,2026-08-26T02:52:57.960Z,Autentikasi & Akun; Layanan & Fitur Finansial,Negatif,Negatif,0.9998,suka memblokir rekening orang
e463a299-a217-4f6d-95c4-fee4f8a827a0,U Sp?,1,2026-08-26T02:52:35.790Z,Autentikasi & Akun,Negatif,Negatif,0.9988,"takut pake mandiri tiba"" diblokir"
6ac22e73-fe5f-498b-a5ea-1d0cf6a05e2e,Abu,1,2026-08-26T02:51:50.603Z,Lainnya,Negatif,Negatif,0.9751,hatihati uangmu bisa di blockir dengan sepihak tanpa alasan jelas
4ab970c9-498f-4d82-8fff-19fe8ea9366f,Kadek Radya,1,2026-08-26T02:50:16.901Z,Autentikasi & Akun,Negatif,Negatif,0.9954,logout sendirinya
22dc3cef-c973-4483-9683-b9fa3deed273,Ilham Andrian,1,2026-08-26T02:49:45.821Z,Lainnya,Negatif,Negatif,0.9996,boikot mandiri
38652709-cdc8-4d62-b65e-0f988358e500,Achil 100K,1,2026-08-26T02:49:29.314Z,Lainnya,Negatif,Negatif,0.999,kecewa sama mandiri.
c5d8ad9c-ab8d-4d37-85dc-c03e688a00dc,Ady Hardy,1,2026-08-26T02:49:03.163Z,Lainnya,Negatif,Negatif,0.9965,kecewa
053ea1c3-61a9-407e-8daf-253cd96b2855,berkah jaya,1,2026-08-26T02:48:40.657Z,Autentikasi & Akun,Negatif,Negatif,0.9592,Saya sudah tarik semua saldo saya dan saya pindahkan ke ABC demi keamanan jangka panjang.
bab5c20f-f98a-44fb-9d3c-d0c887cf2acd,Wahyu Ariya pambudi,1,2026-08-26T02:48:16.929Z,Lainnya,Negatif,Negatif,0.7268,warga bantu warga
37d7c37b-3d15-478e-aee5-0b7c4d1f6dc2,Sutra Kalbu,1,2026-08-26T02:46:50.202Z,Autentikasi & Akun,Negatif,Negatif,0.9891,harus pindah & selamatkan uang sendiri
263ef3f2-15f5-4835-a103-9318fd5883cd,Supri Adi,1,2026-08-26T02:45:53.333Z,Lainnya,Negatif,Negatif,0.9965,kecewa
64494e01-9558-4678-9291-875811583980,dwi nakrowi,1,2026-08-26T02:45:06.962Z,Lainnya,Negatif,Negatif,0.999,"gak mau nabung dibank mandiri ,,takut dibekukan"
e3479930-6fb8-464a-93d9-d518da2246a3,Mutan Berry,1,2026-08-26T02:44:07.236Z,Lainnya,Negatif,Negatif,0.9922,kocak
82418b25-a77a-4e3e-82de-accbf785fa62,Bagas Pratama,1,2026-08-26T02:44:05.216Z,Lainnya,Negatif,Negatif,1,jelek
3a815c20-6067-41eb-b1f6-13face84b8d2,Amar Kausyi,1,2026-08-26T02:42:02.726Z,Autentikasi & Akun,Negatif,Negatif,0.985,akun saya diblokir hih
91dab6e8-2ab2-4e5a-b5c1-d03069c84f96,Bagus Maulana,1,2026-08-26T02:41:42.697Z,Lainnya,Negatif,Negatif,0.9909,saldo mas botok udah di balikin belum ?
d94fa476-a3e1-4ee4-92fa-a1505372c668,Tanjirou Kamado,1,2026-08-26T02:41:05.110Z,Lainnya,Negatif,Negatif,0.974,gausah pake apk ini LG deh takutnya uang lu diambil di bekukan mending tarik smua uanglu
d30d6d49-e8ea-4a6e-8967-3bc49819f501,Mharta Reska,5,2026-08-26T02:40:07.698Z,Lainnya,Positif,Positif,0.5253,aplikasi yg sangat recommended.
1598204b-ad9d-42a7-a9a9-4571e5634c22,Ach faried01,1,2026-08-26T02:40:03.490Z,Lainnya,Negatif,Negatif,0.9273,nt dah
e7c604d3-d9e5-48d1-8138-f77bb0b1f40d,Dody,1,2026-08-26T02:38:17.124Z,Autentikasi & Akun; Layanan & Fitur Finansial,Negatif,Negatif,0.9942,PEMBLOKIR AKUN TABUNGAN NASABAH !!!!!
6c048a06-815a-481d-818b-915cbb0068a9,Hafiz 2c Aisah,1,2026-08-26T02:37:20.634Z,Autentikasi & Akun; Transaksi & Pembayaran; Layanan & Fitur Finansial,Negatif,Negatif,0.8827,kecewa dengan mandiri saya pernah hilang uang sebesar 45 juta saya sudah tlp 14000 untuk minta tolong blokir sementara transaksi orang yang menerima transferan dari saya padahal saya tidak melakukan transferan di 14000 tapi syarat besok buat laporan ke polisi dan cs keesok harinya saya melakukan prosedur sesuai yang di sarankan 14000 dan saat itu saya bawa polisi juga tapi ternyata pas saya ke CS jawabannya sungguh di luar dugaan cs jawab tidak bisa memblokir rekening penerima karena libur
21d5b420-6b61-4937-bd8e-e3139bc7053a,tri alaliyamar,1,2026-08-26T02:36:40.845Z,Autentikasi & Akun,Negatif,Negatif,0.9981,"Karena ngambil saldo aktifis, Tolong blokir bank mandiri yaa kawan2"
b95ff73d-5303-425e-874c-77cd3833d920,Pujakesuma,1,2026-08-26T02:36:36.617Z,Lainnya,Negatif,Negatif,0.9091,perbankan tidak proporsional
dfd36135-feb8-4713-a4d5-ce60e85d48c8,FEROIMANSYAH,1,2026-08-26T02:35:48.362Z,Lainnya,Negatif,Negatif,0.9995,NAMANYA MANDIRI KOK DISETIR
1fe2b113-bd65-4a86-a446-3887fb70e71e,Fahrozi Maestro,1,2026-08-26T02:35:01.431Z,Lainnya,Negatif,Negatif,0.7117,"kasian di prank sama polici,ga mau ya dia belain sampe mau rontok sahamnya,makanya kalo di suruh² sama polici tuh jangan mau,kaya gini kan jadinya 🤣🤣🤣"
8cfbf30d-3574-4bd0-9707-249d63e882f5,Syamsul Nurhayat,1,2026-08-26T02:34:25.855Z,Lainnya,Negatif,Negatif,0.9854,budak korporat 🥶
93fc0ac9-bbf8-4d83-9c9a-ffb41d729f34,Haidir Ali,1,2026-08-26T02:33:46.761Z,Lainnya,Negatif,Negatif,0.9965,sangat mengecewakan
04d70071-db27-4288-8d6a-968e9102c630,Zhulfiah cahyani Nur 2 AP 1,1,2026-08-26T02:33:01.323Z,Lainnya,Negatif,Negatif,0.9791,bank jahat
dcfc5412-067b-4263-8ecc-a9376966225b,iballv,1,2026-08-26T02:32:24.246Z,Autentikasi & Akun,Negatif,Negatif,0.9999,blokir blokir
847e8d67-afcc-4142-ab5e-81242adec5ef,Zun YAWAN,1,2026-08-26T02:29:56.245Z,Lainnya,Negatif,Negatif,0.9916,Gak bisa menjaga kepercayaan nasabah.
b0c023fb-b87e-4dc7-a639-ec6dbd61c4ff,Feri Irawan,1,2026-08-26T02:29:13.800Z,Lainnya,Negatif,Negatif,0.9517,seharusnya netral
e8a008f0-2d39-4f35-be9f-47ffe17af8f8,Irwan Criditimpian,1,2026-08-26T02:28:15.190Z,Autentikasi & Akun,Negatif,Negatif,0.9999,cacat mw blokir blokir hak org lain
7d69349c-7af3-4f67-baa6-70679fc94233,Ega TRII,1,2026-08-26T02:27:14.364Z,Lainnya,Negatif,Negatif,0.9943,katanya mandiri kok di setirin
dedc5e23-7fa9-4262-8cc6-e619ba49c3d9,Dhika Bagus,1,2026-08-26T02:25:27.313Z,Autentikasi & Akun; Layanan & Fitur Finansial,Negatif,Negatif,0.9999,sudah memblokir rek aktivis
4a161b8b-1777-4480-ac3a-45cc3106b552,Dden 22,1,2026-08-26T02:25:19.713Z,Lainnya,Negatif,Negatif,0.9996,kurang mandiri
39218543-49f5-4581-a3fd-c1b796edd068,Wildan Pratama,1,2026-08-26T02:24:41.118Z,Autentikasi & Akun,Negatif,Negatif,0.9999,"gamau pake mandiri lagi ah, takut diblokir kaya nasabah aktivis itu🙏"
3238219d-9754-41ca-aec5-449904468329,RESTU AGA SURYA,1,2026-08-26T02:24:27.858Z,Lainnya,Negatif,Negatif,0.9997,ini bank apa .? kok blm mandiri
e1a0abfe-3015-4882-b71a-f07474997e8e,Reza Fadillah,5,2026-08-26T02:24:23.361Z,Lainnya,Positif,Positif,0.6621,muantap banget
9b823f82-ccef-422c-9b91-d3dc59efb9e4,Adika Ferykurnia,1,2026-08-26T02:23:08.372Z,Lainnya,Negatif,Negatif,0.983,terburuk
4677cbdd-0dd2-4a0b-85da-fe104057202b,K J L,1,2026-08-26T02:22:39.538Z,Lainnya,Negatif,Negatif,0.978,asetnya para tikus
da04172c-8195-4786-a018-7a264e0f448d,Salsa Cantik,1,2026-08-26T02:22:38.906Z,Lainnya,Negatif,Negatif,0.9857,RIP bank mandiri
a3026ce6-20ae-49ff-975f-da48e70d8249,Suprianto Reva,5,2026-08-26T02:22:24.190Z,Lainnya,Positif,Negatif,0.8054,aman kok
73c6ae56-e693-4336-bd31-dc9220798faf,Ghendy Bagus,1,2026-08-26T02:21:57.562Z,Lainnya,Negatif,Negatif,0.9263,proses log in maintenence terus bangke
34496e6d-7491-45f2-b59a-4dd20f9b06df,rini anggraini,1,2026-08-26T02:21:04.300Z,Layanan & Fitur Finansial,Negatif,Negatif,0.98,"Bloki tuh rek koruptor, jgn warga biasa boss"
383e3f49-c34b-4c63-b164-dcaafa67bd24,Khorifa Pemalang,1,2026-08-26T02:20:58.145Z,Lainnya,Negatif,Negatif,0.9987,tidak amanah
c43d11a2-c3ba-48ac-8191-89f9619c152a,Riki Prima,5,2026-08-26T02:20:43.368Z,Lainnya,Positif,Positif,0.8565,keren..
29497801-d9e7-4313-8ad4-72b5e63c455c,Guruh agus Hermawan,1,2026-08-26T02:20:21.770Z,Autentikasi & Akun,Negatif,Negatif,0.9993,"sebelum di blokir dari pihak bank, udh saya pindahkan duluan hahaha"
3e457503-9483-44b4-8b80-ee5d6b464970,Rezeky Yuhu,1,2026-08-26T02:19:42.942Z,Lainnya,Negatif,Negatif,0.6513,mudah di akses pemerintah
41d2e90c-8f3c-41f9-b34c-c3a9f07311ed,Darmawan,1,2026-08-26T02:19:41.657Z,Autentikasi & Akun,Negatif,Negatif,0.9998,gw udah pindahin saldo ke BCA. takut di blokir sepihak sama mandiri
a9279367-abc0-418e-9ff2-34209f285cf2,MARSHA ANANTA PUTRI,1,2026-08-26T02:19:39.830Z,Autentikasi & Akun,Negatif,Negatif,0.9997,masa di blokir kaya gitu aja sih kak
a03803e4-c2d7-4f7e-b873-6607255b8d32,Silver ARC,1,2026-08-26T02:19:02.432Z,Lainnya,Negatif,Negatif,0.9421,"buset ini bukannya balikin duit nasabah nya malah nyewa buzzer, mana buzzer pake nama kode reff lagi dongo banget wkwkwk"
47ecebde-bc79-4813-bb2c-7e40f69ea987,musik channel,1,2026-08-26T02:17:59.904Z,Lainnya,Negatif,Negatif,0.9997,boikot bank mandiri
ef1b1840-ebe9-4ca6-a7e3-f38c9d38524b,lah iya ya,1,2026-08-26T02:17:53.869Z,Lainnya,Negatif,Negatif,0.9702,ngeri yah..
e53216cc-99aa-4d78-ab4a-8a866ebf3491,eko setiaone,1,2026-08-26T02:12:25.812Z,Lainnya,Negatif,Negatif,0.9073,cukup. yay
dd1a29c2-e296-4876-bee9-346623811ec8,Akhmad Maulana,1,2026-08-26T02:12:10.542Z,Lainnya,Negatif,Negatif,0.9168,Kurang kemanusiaan
3a537f34-a5ce-4340-b6e9-62ce63bddfe1,Defri Maulana,1,2026-08-26T02:10:06.121Z,Lainnya,Negatif,Negatif,0.9996,boikot mandiri
4fd77be5-2e68-45cf-938f-5927e217a3aa,Jons Jonay,5,2026-08-26T02:09:26.938Z,Lainnya,Positif,Positif,0.6242,"sangat bangga dengan aplikasi ini, livin aja semua bisa"
953cc68d-2998-43d7-9ade-d1d755474c3f,Lah Kocak,1,2026-08-26T02:09:24.897Z,Autentikasi & Akun,Negatif,Negatif,0.9873,Akun mas botok tuh diblokir aduuhhhh😭. masyarakat kecewa.
200af538-af53-4c4a-aa66-09c70e5f867e,Rahditya Saputra,1,2026-08-26T02:07:28.884Z,Lainnya,Negatif,Negatif,0.985,bank sat penipuan
df12bbbd-0d2a-4649-ab6d-cb9d932012de,iyas gejolak,1,2026-08-26T02:07:24.528Z,Lainnya,Negatif,Negatif,0.9984,Kecewa aplikasi tidak berguna
cc3d3c8e-858d-4723-ae12-e2e0aba3929f,Ecky Apriandy,1,2026-08-26T02:06:52.473Z,Autentikasi & Akun,Negatif,Negatif,0.9967,"ternyata logonya doang y Mandiri, gk taunya sangat penurut & bisa di stir sama pihak luar dengan pemblokiran sepihak KECEWAAAAA....."
a7e25472-5332-4d7d-b0ab-537caa37569d,Stevani Putri,1,2026-08-26T02:06:10.832Z,Layanan & Fitur Finansial,Negatif,Negatif,0.9953,AWAS DI BUNGKAM DI BLOK REKENING
067a9dc3-5899-4355-875c-c527297865ca,Lesbrown Andrew,1,2026-08-26T02:04:24.897Z,Autentikasi & Akun; Layanan & Fitur Finansial,Negatif,Negatif,0.9999,waduh bahaya bentar lagi rekening gua juga di blokir ini sama mandiri 🤣 ini bank BUMN apa bank koruptor
d9827981-6927-4033-9825-25e2e80a716c,barok mubarokah,1,2026-08-26T02:04:02.887Z,Autentikasi & Akun; Layanan & Fitur Finansial,Negatif,Negatif,0.9999,"bank mandiri di setir penjabat gak sesuai dengan namanya, nanti rekening kita di blokir juga, mending pindah bank saja."
7f1631dc-3c42-40c4-bccd-27b1131b945e,Muhammad Al-mu'minin,1,2026-08-26T02:01:30.327Z,Lainnya,Negatif,Negatif,0.9934,mandiri main hakim sendiri
e6041bf9-8572-43e2-9782-f95b891c51ba,Muhammad Abdurahman Wahid,1,2026-08-26T02:00:31.919Z,Lainnya,Negatif,Negatif,0.9999,apk tolol
c5dc2fe3-af59-44fc-9c42-7ff4595e722c,Haris tzy,1,2026-08-26T01:59:16.519Z,Lainnya,Negatif,Negatif,0.9999,apk tolol
74bb65bf-09d8-4bc1-bb86-c9029b0e71e2,Ega Nugraha,1,2026-08-26T01:58:45.519Z,Kinerja & Server,Negatif,Negatif,0.9892,apk nya lemott
41eee84d-c7dc-465f-a5fc-2402052e1e1c,Ferry Zona,1,2026-08-26T01:57:53.364Z,Lainnya,Negatif,Negatif,0.9903,"kecewa dengan bank mandiri, memberikan harapan palsu terkait KUR."
01cdd0ef-7071-45cf-9c2d-9b96cfd1c9c2,Andri Tangsel,1,2026-08-26T01:56:17.526Z,Autentikasi & Akun,Negatif,Negatif,0.9999,awas di blokir
6271785f-7e76-4471-97c5-459cea2a6bed,Muhamad Danu Wahyu Ardian,1,2026-08-26T01:55:30.843Z,Lainnya,Negatif,Negatif,1,pelayanan buruk dan mengecewakan
f6222bd5-f463-427b-8e5c-8340217d09ab,AHMAD ROQI,1,2026-08-26T01:55:12.803Z,Kinerja & Server,Negatif,Negatif,0.9822,maaf loading lama
d295663a-a1c1-4eb6-a007-4bc2e10aaed4,Muhammad Q ajja,1,2026-08-26T01:55:11.570Z,Autentikasi & Akun,Negatif,Negatif,0.9991,"bahaya ternyata simpan uang di Mandiri saldo bisa di nollkan 0, dan di blokir sepihak"
5570f451-c1b4-4aca-bd00-ef70049ed90d,Kaum Sebrang,1,2026-08-26T01:54:53.840Z,Autentikasi & Akun,Negatif,Negatif,0.9999,hati hati pakai bank ini nanti di blokir saldo di bekukan
9c614717-e993-473d-a753-1441e3e6a114,ibnu widianto,1,2026-08-26T01:54:44.525Z,Autentikasi & Akun,Negatif,Negatif,0.9568,awas gampang terblokir
6c0a7351-8706-49cd-895f-4ee44a889922,zain achmad,1,2026-08-26T01:53:20.420Z,Autentikasi & Akun,Negatif,Negatif,1,blokir semua pak
45775198-1661-49c5-82fc-f7f0eecd7ad2,Valentino Rosi (Valent),1,2026-08-26T01:53:04.134Z,Autentikasi & Akun,Negatif,Negatif,0.9998,"Bank aneh katanya mandiri tapi bisa di atur pemerintah, Katanya Privasi tapi blokir sepihak"
42eeb7db-dd71-4347-b6de-196d3d062c4d,Ferdy Judika Panggabean,1,2026-08-26T01:52:31.142Z,Lainnya,Negatif,Negatif,0.9795,Era kehancuran Mandiri telah tiba 🤑
f8ee7441-50bd-4c00-ba97-292fb59bea4e,TEMPOYAK,1,2026-08-26T01:51:44.500Z,Lainnya,Negatif,Negatif,0.9999,Pelayanan sangat buruk
1ff136e6-f1d3-438f-8e07-7d74f4487913,Febri Naldo,1,2026-08-26T01:50:00.402Z,Lainnya,Negatif,Negatif,0.9974,tidak profesional
0b63efda-d879-43cb-a574-0604233e7c8c,Rama Wira Surya,1,2026-08-26T01:49:23.324Z,Lainnya,Negatif,Negatif,0.9419,ye yeye
a9741b86-1cdd-4396-aee1-3ee327ce258f,21:48,1,2026-08-26T01:49:13.900Z,Lainnya,Negatif,Negatif,0.9999,BUMN paling bobrok
bfa6f41c-b57a-42c7-a645-37550d8ef628,Danz Firdiansyah,1,2026-08-26T01:47:05.677Z,Lainnya,Negatif,Negatif,1,Kacauuuu....
22d281d5-3f93-4002-8796-bd9a955a6ca7,Fikri Ramadhan,1,2026-08-26T01:46:30.226Z,Autentikasi & Akun; Layanan & Fitur Finansial,Negatif,Negatif,0.9999,PEMBLOKIRAN REKENING AKTIVIS
0f2b50d6-143d-4ec4-8b3a-de937145866a,Ikhsan Ibnu Hadi,1,2026-08-26T01:46:19.812Z,Lainnya,Negatif,Negatif,0.991,bad
02102214-6b14-4571-b6f3-3b901a22bad2,Om Bethu,1,2026-08-26T01:46:17.953Z,Lainnya,Negatif,Negatif,0.9996,boikot mandiri
6603f3d4-40d3-4242-9d6b-d21000774e13,arnoe sang,1,2026-08-26T01:46:17.591Z,Lainnya,Negatif,Negatif,0.9763,pendukung koruptor....bank konyol
266bcc20-52d5-4ca9-83ed-d2213d177d5a,Hadi Ajh,1,2026-08-26T01:44:46.509Z,Autentikasi & Akun; Layanan & Fitur Finansial,Negatif,Negatif,0.9983,awas nanti rekeningnya diblokir
430222b3-78a3-42be-8d93-1d82fa3daeff,Ibnudaman Abdurrahman,1,2026-08-26T01:42:57.968Z,Kinerja & Server,Negatif,Negatif,0.9901,aplikasi jelek busuk loading lama bangat mending pake BCA lebih bagus 👍
11b078a0-1387-4d66-99df-5fc61d629145,Aigo Oreta,1,2026-08-26T01:40:18.432Z,Lainnya,Negatif,Negatif,0.9956,takut bgt saldonya keblok
8e8103e8-2823-4373-badf-c9ba697f39e1,TOP GLOBAL INDONESIA,1,2026-08-26T01:39:23.980Z,Autentikasi & Akun,Negatif,Negatif,0.9949,yeee blokir bolkir
d578009a-05be-4108-ad18-b5159872478c,Nur Humam,1,2026-08-26T01:38:42.162Z,Lainnya,Negatif,Negatif,0.9965,kecewa
e0813832-3bc2-4e88-b0de-395839a20c7a,Rendy kris,1,2026-08-26T01:38:22.416Z,Autentikasi & Akun,Negatif,Negatif,0.9991,hati hati saldo bisa terblokir seperti yang sedang viral
f5575979-b278-4374-8e61-ad0b4bb39916,Mr X,3,2026-08-26T01:38:07.849Z,Autentikasi & Akun; Layanan & Fitur Finansial,Negatif,Negatif,0.9789,ini kenapa hp gw gak bisa buat daftar rekening baru woii ?? hp gw baru loh masa iya operasi handpone tidak mendukung? aneh bet
2cf841a8-a5e8-4349-8acb-ff509774443c,Aslan Chanel,1,2026-08-26T01:36:51.543Z,Lainnya,Negatif,Negatif,0.9644,ups
aacfd6f6-1114-4a90-b88a-14e387a997ae,wasilah auto care,1,2026-08-26T01:33:23.600Z,Autentikasi & Akun,Negatif,Negatif,0.9971,ati2 ah nanti di blokir
fa923e65-d5d2-4ecf-be27-f697739a7ffa,hahalucu 11,1,2026-08-26T01:33:20.775Z,Lainnya,Negatif,Negatif,1,sampah
e8636ac4-244f-4ccb-9527-37d80a41a02b,Imam Akbar,1,2026-08-26T01:33:14.825Z,Lainnya,Negatif,Negatif,0.8906,Jangan mau diperintah lulusan SMA lagi bang
68d09ba6-7bb0-41db-86ea-21ae32310baf,Ardi Pratama,1,2026-08-26T01:32:17.164Z,Lainnya,Negatif,Negatif,0.9951,ngeri bisa di setir polisi
6ff533bb-fa45-4dcc-b35b-66d0f3a34682,Pungky Darma,1,2026-08-26T01:31:25.660Z,Transaksi & Pembayaran,Negatif,Negatif,0.998,awas hati hati dana anda dibekukan sepihak
9c239312-7062-447d-84bb-0683592c5722,Fivia Official,1,2026-08-26T01:30:06.864Z,Autentikasi & Akun; Layanan & Fitur Finansial,Negatif,Negatif,0.9934,kenapa rekening mas bothok diblokir? jadi khawatir dengan tabungan saya di bank mandiri
368546e8-2009-4d31-b635-1fa44ea77cb6,over flow,1,2026-08-26T01:29:48.547Z,Lainnya,Negatif,Negatif,0.9798,"di setir aparat dong, jangan di temenin gaes"
1ebb864a-dfe4-44c4-ac66-51c519ae3c6d,reze,1,2026-08-26T01:29:45.178Z,Lainnya,Negatif,Negatif,0.9766,boikott
d5696209-5e5d-4845-8bde-de8649f60786,Irvan Aji Bagus Wijayanto,1,2026-08-26T01:29:18.470Z,Lainnya,Negatif,Negatif,0.8837,sedih bgt
0bd8b4e8-ee9d-4a18-98dc-e18cce205a4f,Jatnika Bovver,1,2026-08-26T01:28:58.425Z,Lainnya,Negatif,Negatif,1,SAMPAH
8ea466dd-50fd-43ef-8335-573f4e7e7132,Jhosua Ardhy,1,2026-08-26T01:28:08.289Z,Lainnya,Negatif,Negatif,0.9979,boikot 🤣🤣
1a522d92-7f82-42ae-b2e4-652e8325d667,lasbaeq afiez,1,2026-08-26T01:27:33.328Z,Lainnya,Negatif,Negatif,1,sampah
cce827bb-a73c-40b2-9062-f5ad40122363,Eri Kahana,5,2026-08-26T01:27:13.945Z,Lainnya,Positif,Positif,0.9834,"bank Asuuu.. saldo ngendp AKEH cokk.. nek Ra go nrimo gji, wegah go bank iki..jijik"
54daec48-6a60-405a-b1b3-20370e565f5b,Risky Caina,1,2026-08-26T01:25:12.267Z,Autentikasi & Akun,Negatif,Negatif,1,jahat dah pokoknya jelek buruk banget uang rakyat kok di blokir
a23b7f6e-f29d-47f1-8bf9-13ad197f034e,Arga Reza,1,2026-08-26T01:24:09.242Z,Lainnya,Negatif,Negatif,1,buruk
dea7b937-00e6-40c5-8e0c-21df68573745,brutus DL,1,2026-08-26T01:23:27.889Z,Lainnya,Negatif,Negatif,0.9361,mencemaskan
cfcc21ce-eeaa-4305-9db1-35027eddca25,Tri Wijaya,1,2026-08-26T01:23:21.648Z,Autentikasi & Akun,Negatif,Negatif,0.8951,"saya sangat kecewa sama mbeking Livin bay mandiri ini uwang saya hilang di ambil org padahal saya tidak perna memberi kode otp atau mencet"" link lain kok bisa ATM saya muda di bobol org nyesal saya pakai apk ini"
5c47a11d-76c4-4eed-8a45-e2268644f054,saipul D anam,1,2026-08-26T01:21:43.360Z,Lainnya,Negatif,Negatif,0.9873,GK pecus dan di setir aparat
42acdf02-8fb6-44c3-bac3-77bf50a3d28c,Salas Akbar11,1,2026-08-26T01:20:31.233Z,Lainnya,Negatif,Negatif,0.9709,boikott boikott
841c9bf0-589b-4156-b73f-526e72f5d92f,Anggi Saputra,1,2026-08-26T01:19:10.584Z,Lainnya,Negatif,Negatif,0.9627,MUDAH DI ATUR APARAT
b14eca6b-e2c6-4fd1-ad25-185a44cf7735,Teddy 27,1,2026-08-26T01:18:49.206Z,Lainnya,Negatif,Negatif,0.9148,kalo ada mines kasi mines dh
8b601d6e-c02d-4058-9df9-9ba9dfeb7bfd,Fajar Wijaya,1,2026-08-26T01:16:46.833Z,Lainnya,Negatif,Negatif,0.9535,padahal selalu enak pakai mandiri selama hampir 10 tahunan ini tapi sekarang saatnya untuk ninggalin karna sebatas 80 jt ngerusak reputasi bank mandiri sendiri
065e134a-ef83-4115-af5a-111777219b15,Teguh Tw,1,2026-08-26T01:16:20.231Z,Lainnya,Negatif,Negatif,0.9538,tinggal tunggu ke hancuranya saja
14f037d1-7948-4af9-a409-908e7672aecf,Muhammad Ikhsan,1,2026-08-26T01:13:59.640Z,Lainnya,Negatif,Negatif,0.9856,ALAT PENGUASA! BYE GUA CABUT DRI MANDIRI
875f81fd-ed58-44ee-9ead-fa87c673754a,xуɑn Cⱺυ𐓣t IX,1,2026-08-26T01:13:23.602Z,Lainnya,Negatif,Negatif,0.9358,gaperlu ditanya
40871ffb-3078-422a-b4fe-c08274cd247e,prastarko dhimasherlangga,1,2026-08-26T01:13:18.719Z,Lainnya,Negatif,Negatif,0.9998,bank mandiri tapi belum mandiri masih takut sama penguasa..kalian hidup dari nasabah rakyat
76f9c2fd-8701-428e-ac7b-184902acbdc6,AHOGEN,1,2026-08-26T01:12:56.381Z,Lainnya,Negatif,Negatif,0.5146,semoga lbih baik
5a2a7a96-9630-4a8d-a865-6c6b497bebc2,Asep Ganteng,1,2026-08-26T01:11:13.209Z,Autentikasi & Akun,Negatif,Negatif,1,takut di blokir
a68c80a3-dfc3-4d73-9f1d-2490690445c8,Agus Prakoso,1,2026-08-26T01:10:37.482Z,Lainnya,Negatif,Negatif,0.9854,tau kan kenapa bintang 1.......
97bff35e-4ff0-4619-a3a5-bc28b53a07ff,David Erwin,1,2026-08-26T01:09:26.866Z,Autentikasi & Akun; Layanan & Fitur Finansial,Negatif,Negatif,0.9991,buat naikin rating pake buzzer segala gini amat bank milik pemerintah awowkwk salah sendiri main blokir blokiran rekening nasabah tanpa dasar hukum yang jelas 😂
df48bf57-a5e1-42ee-b6b7-db27b667080c,Deni Wave,1,2026-08-26T01:09:23.647Z,Lainnya,Negatif,Negatif,0.9979,aksi boikot mandiri .
6ddead8a-8df1-4278-bf52-d5b657b38f5f,Supiyan Official,1,2026-08-26T01:06:31.214Z,Lainnya,Negatif,Negatif,0.9273,mengecewakn
0ae3c179-02d0-48ed-b890-e23b7ae9e1f5,aldiwahyuriyadin riyadin,1,2026-08-26T01:05:38.142Z,Autentikasi & Akun; Transaksi & Pembayaran,Negatif,Negatif,0.9997,"jelek,disuruh aparat pun mau blokir punya orng,di byr brp ko?"
5a788360-7f71-4760-b97c-d525d587e08b,satriya urakan,1,2026-08-26T01:04:34.140Z,Autentikasi & Akun,Negatif,Negatif,0.9881,Hati2 dan ngeri menyuarakan kebenaran saldomu bisa diblokir
39a3f2d0-33c5-4fee-9fd8-d87392188a68,Bayu Adit Saputro,1,2026-08-26T01:04:29.814Z,Lainnya,Negatif,Negatif,0.9993,pengalaman yang buruk
27896c0f-8b7e-4597-a55e-9c02dfb4ba57,Susi Susanti,1,2026-08-26T01:03:47.525Z,Autentikasi & Akun,Negatif,Negatif,0.9998,"ngga ada moral , blokir Tampa alasan. disuruh aparat buat bukan masarakat 😡 blokir aja mandiri"
0e2effa7-c819-48e0-9e60-9a79e5730c07,surya sinaga,1,2026-08-26T01:02:31.297Z,Lainnya,Negatif,Negatif,0.9999,bodoh
0da84ec5-da97-43e0-9894-529c8fadc2e6,Just1209,1,2026-08-26T01:02:22.510Z,Lainnya,Negatif,Negatif,0.9999,tolol
e04f0c8b-d5fe-4945-a751-a2228b1ea18d,Ibnu Saputra,1,2026-08-26T01:01:27.567Z,Lainnya,Negatif,Negatif,0.9986,Bank Koruptor
fe4e0fca-ee8f-41c2-a31e-94cc73d5a752,Lisa Hermawati,1,2026-08-26T01:01:25.890Z,Autentikasi & Akun,Negatif,Negatif,1,jelek tidak berguna.saldo 80jt di blokir
8308bb22-adb2-4728-803f-d85201c8f7a0,Zulkarnain Zulka,1,2026-08-26T01:00:13.984Z,Lainnya,Negatif,Negatif,0.9583,tobat
0bd97872-ecf6-4114-acc0-99891d1259c3,Kamal Khatami,1,2026-08-26T00:58:55.502Z,Autentikasi & Akun; Layanan & Fitur Finansial,Negatif,Negatif,0.9999,ngeblokir rekening orang tiba2 kacau
9352c478-6094-428e-86c9-a476fa507d6a,bitra yoga,1,2026-08-26T00:57:36.573Z,Lainnya,Negatif,Negatif,0.9968,bank aneh
2a9253bf-abbf-43a2-87ff-3b3949c36570,Muhammad Rifki,1,2026-08-26T00:56:44.606Z,Autentikasi & Akun,Negatif,Negatif,0.9999,pemblokiran nasabah aktivis !!!!
0f935dd3-8e5d-4a45-ace1-e763b5bab8a3,ROSELETA SHENDY SURYA PUTRA,1,2026-08-26T00:55:47.659Z,Kinerja & Server,Negatif,Negatif,0.9892,LEMOTT
c9b35ff9-4569-44fb-88b1-0368dec43b4e,imelda sunbanu,1,2026-08-26T00:55:17.400Z,Lainnya,Negatif,Negatif,0.9697,"bank ta,ik gak ada perlindungan kepada nasabah"
5d85f681-a594-4a92-9152-f37fc8197a5e,pandu Subagyo,1,2026-08-26T00:53:27.104Z,Autentikasi & Akun,Negatif,Negatif,0.9965,takut diblokir tiba2 uinstal aja
6570c0a3-715c-49b4-bc49-0c8ce47f90d3,Indah,1,2026-08-26T00:53:09.834Z,Kinerja & Server,Negatif,Negatif,0.9994,"gosa pake bnk mandiri, lemot, jelek, ga guna lgi."
ddb215fb-1da0-4187-aa23-ea6efd19721d,Sani satrio,1,2026-08-26T00:49:21.290Z,Lainnya,Negatif,Negatif,0.9967,bank kocak
91db2379-6ef7-4cc4-8ffa-126237a4bab3,gusti wrd,1,2026-08-26T00:47:38.774Z,Lainnya,Negatif,Negatif,0.9928,Kirain mandiri eh ternyata masih bisa di setir
12daf706-5623-4a18-9bdc-836c504859f5,muhammad sholeh,1,2026-08-26T00:47:24.785Z,Lainnya,Negatif,Negatif,0.9733,nasabah bukan prioritas
edabf136-9ddc-4edd-9416-1d8535c2ecd7,Nanda Rahman,1,2026-08-26T00:44:55.637Z,Autentikasi & Akun; Layanan & Fitur Finansial,Negatif,Negatif,0.9999,Pemblokiran rekening aktivis !.
4091ce68-3f6b-444d-942a-8d030e193b67,Mamah Ella,1,2026-08-26T00:43:52.254Z,Lainnya,Negatif,Negatif,0.8566,"Selamat jalan mandiri,semoga menjadi lebih baik lagi kedepannya"
df3a5f5f-8bb8-4ca2-84ef-c9bd4472ff51,Putra 4176ky,1,2026-08-26T00:43:25.917Z,Lainnya,Negatif,Negatif,0.9929,"tidak aman d tahun ini, semuanya hati²"
974118d3-d8dd-4f37-af5d-c464368f69f7,ipan zulfikri,1,2026-08-26T00:41:50.386Z,Lainnya,Negatif,Negatif,0.9962,ga tau hati ini jadi ga suka
8b026c65-a136-4bb6-83a5-e222dc620bde,Hunter Anu,1,2026-08-26T00:41:40.455Z,Lainnya,Negatif,Negatif,0.9929,Selamat tinggal
65e32994-725f-4586-81d3-fa82409fcaf6,Eko hari Lufianto,1,2026-08-26T00:41:13.939Z,Kinerja & Server,Negatif,Negatif,0.9892,lemot
0e76e9fb-bc1e-46d2-a3d9-19dee7960e82,Teman Bantal,1,2026-08-26T00:40:53.379Z,Autentikasi & Akun; Layanan & Fitur Finansial,Negatif,Negatif,0.9998,kang blokir rekening tanpa alasan jelas
f988dffc-514d-409a-bd91-f1f786b5a417,I M A N,1,2026-08-26T00:40:35.702Z,Lainnya,Negatif,Negatif,0.9997,Bank TIDAK Mandiri
465fac2e-634e-4870-a9db-3b75f17a0f57,aa wicik channel,1,2026-08-26T00:40:35.679Z,Autentikasi & Akun,Negatif,Negatif,0.999,"boleh di coba, coba blokir🤣"
a6e790d1-7206-441a-9691-421475ba65c7,Rully Rismayana Julian,1,2026-08-26T00:39:55.713Z,Lainnya,Negatif,Negatif,0.9893,ga lagi lagi
b1182025-231a-4384-8dba-e7d8d85a0035,Wahyu jati Wibowo,1,2026-08-26T00:37:45.324Z,Lainnya,Negatif,Negatif,0.9908,apk berbahaya
9dfd2d1c-9111-4471-b282-9a424ffa8db8,Abdul “Fauzan” Umar,1,2026-08-26T00:36:03.539Z,Lainnya,Negatif,Negatif,0.9996,"mandiri payah,"
27f23579-0b98-4722-bf23-5d9ed5a7f330,M. Husnul Khitam,1,2026-08-26T00:33:45.124Z,Lainnya,Negatif,Negatif,0.9796,meremehkan hak nasabah.
6728fbba-d2c7-459d-890b-04adb3492a34,Altod,1,2026-08-26T00:33:32.656Z,Lainnya,Negatif,Negatif,0.9865,Hilang kepercayaan saya. Bukan karena fomo tapi saya takut kalau keamanan konsumen tidak diprioritaskan.
d4e90b15-97c9-47b2-a63a-c0a565fe1eb1,iwan rohaniawan,5,2026-08-26T00:28:49.289Z,Lainnya,Positif,Positif,0.6152,pelayanan sangat baik
dfa18b81-f7cf-4096-b206-80497167ab82,Dion Kurniawan,1,2026-08-26T00:27:45.502Z,Lainnya,Negatif,Negatif,0.999,kecewa sma mandiri
b97a4b00-d252-4ece-8269-31877c5b8ca4,Paryawan Kusnadi,1,2026-08-26T00:27:17.250Z,Lainnya,Negatif,Negatif,0.9996,boikot mandiri
6c02e00e-d644-4f58-ac73-ebc8ddd50308,riyan franky,1,2026-08-26T00:22:48.941Z,Lainnya,Negatif,Negatif,0.97,budak pemerintahan
a3f96655-4abc-4a1c-a302-49bb3170e315,Bkry Prtma,1,2026-08-26T00:21:13.242Z,Lainnya,Negatif,Negatif,0.9979,boikot
8bce045c-e3e0-4066-9afb-adc843307ae9,ufi hidayah,1,2026-08-26T00:21:08.759Z,Autentikasi & Akun; Layanan & Fitur Finansial,Negatif,Negatif,0.9999,rekening tiba tiba di blokir tanpa ada kejelasan
23e81f32-b5e5-4f83-a12c-2adf38d9eb0a,Asep Kurniawan,1,2026-08-26T00:20:01.509Z,Lainnya,Negatif,Negatif,1,apk jelek
14397e74-38b4-42fa-ae23-d90aef93430f,ucox HRHP,1,2026-08-26T00:16:09.305Z,Lainnya,Negatif,Negatif,0.9989,bank nya tidak aman bagi nasabah
55a83ca6-a6fb-489c-8496-4310d8b8d8e3,Yohana,1,2026-08-26T00:13:55.107Z,Lainnya,Negatif,Negatif,0.9965,kecewa
bac41b49-3b59-4d85-be32-f3f48bea832b,Aing maung,1,2026-08-26T00:13:08.844Z,Lainnya,Negatif,Negatif,0.9388,serva admin....kalah banget negeri sama swasta
9a3806f8-3aea-4a8a-b15f-026c54dc09c0,Ade Rizki,1,2026-08-26T00:11:50.290Z,Lainnya,Negatif,Negatif,0.9979,boikot
d21ccbc9-96ce-406e-9f6f-195494eaecfe,rangga,1,2026-08-26T00:10:30.150Z,Lainnya,Negatif,Negatif,0.9901,bank korup
89dc7f34-ce05-4202-85ab-9288301254ca,Open Bingung,1,2026-08-26T00:09:54.102Z,Autentikasi & Akun,Negatif,Negatif,0.9992,bintang 1 dlu takut tiba² kenak blokir
abcc82b0-3ae9-4c70-84cb-780c262a753e,Shirfan Akhfa,1,2026-08-26T00:09:33.278Z,Lainnya,Negatif,Negatif,1,sangat buruk
811e0106-ba5c-480f-a120-c553c7faeddb,Desain Panel Mks,1,2026-08-26T00:08:07.669Z,Lainnya,Negatif,Negatif,0.9708,Bank abal abal
059444de-c24b-482c-96a3-22cfc9dd3b84,Ronny Sihombing,1,2026-08-26T00:06:05.690Z,Autentikasi & Akun,Negatif,Negatif,0.9994,blokir bank orang Indonesia
a73c67c9-8677-4184-8587-b2b8cb61347d,Vira,1,2026-08-26T00:05:54.585Z,Lainnya,Negatif,Negatif,0.9459,NO NO NO YAAAAAA
4f0cf310-2a41-4d54-8d13-3e0f2f8675ef,Aji Ibrahim,1,2026-08-26T00:02:52.306Z,Lainnya,Negatif,Negatif,0.9994,mandiri tapi di setir
bd89ec47-91d7-4c80-b56a-06558c4b81a1,Maspayy 17,1,2026-08-26T00:01:57.737Z,Lainnya,Negatif,Negatif,0.9887,udah mulai ga beres ni bank
9401c3fc-1b52-4624-a54e-41cc31cb7acf,Muhammad Amrillah,1,2026-08-26T00:01:20.769Z,Lainnya,Negatif,Negatif,0.9449,bank jepret
ab2fa443-6a4b-4dd6-932e-22c487be1816,Spazker80,1,2026-08-26T00:00:57.368Z,Lainnya,Negatif,Negatif,1,👎
68e543f4-a836-4ab2-8eef-a8cf1765fe6d,zubar zubair,1,2026-08-26T00:00:46.180Z,Autentikasi & Akun; Layanan & Fitur Finansial,Negatif,Negatif,0.9999,pemblokiran rekening aktivis
93d0b6e9-8ada-4488-9fec-07055b264c45,fais Zakaria,1,2026-08-25T23:59:51.649Z,Autentikasi & Akun,Negatif,Negatif,1,aplikasi bodoh mau aja disuruh blokir sepihak ama aparat hukum
310fab1a-9c06-4a90-84b4-56d29dbbff49,Merinka Ry,1,2026-08-25T23:59:44.498Z,Autentikasi & Akun,Negatif,Negatif,0.998,kecewa ya kok ada saldo nasabah diblokir 😭
e73367ad-2b8d-43bc-94ae-abb5d6a1992d,Moba Ba,1,2026-08-25T23:56:47.408Z,Autentikasi & Akun; Layanan & Fitur Finansial,Negatif,Negatif,1,asal blokir rekening orang
621a0e78-88b6-444e-ad7e-e0b535b81fe8,Puasa Dek,1,2026-08-25T23:55:24.367Z,Layanan & Fitur Finansial,Negatif,Negatif,0.9957,Rekening Apaan ini
5f866823-86fe-48f9-91d4-143f7116530d,Savina Savinaa,1,2026-08-25T23:53:21.856Z,Lainnya,Negatif,Negatif,0.9362,MANDIRI TP GK MAMDIRI
c674141d-e177-45cb-ba33-4eefd26e2dca,Faizal Said,1,2026-08-25T23:53:10.317Z,Autentikasi & Akun,Negatif,Negatif,1,takut di blokir ah
3f2592e4-3264-4e08-8034-f3f3e212d87d,The Ghost (Fadli),1,2026-08-25T23:51:25.937Z,Lainnya,Negatif,Negatif,0.9997,G jelas Aplikasi tolol kebanyakan maintenance
27032a67-734b-4f4d-a7d9-1d9181699418,Mag Shs,1,2026-08-25T23:49:44.494Z,Lainnya,Negatif,Negatif,0.9958,gak jelas
3f5cc3a0-e9d1-4c23-8eb8-a5c52c4b8346,muhammad arifai,1,2026-08-25T23:49:43.599Z,Lainnya,Negatif,Negatif,0.9987,bank yg lagi viral karena blm Mandiri
d7ee3f37-af6a-4525-be85-3abe61afd2da,Fajar Maulana,1,2026-08-25T23:49:15.146Z,Lainnya,Negatif,Negatif,0.9901,tidak memuaskan
43e2dd88-041f-416d-a1bc-f18b94583d34,Ahmad Bayanullah,1,2026-08-25T23:48:54.677Z,Autentikasi & Akun,Negatif,Negatif,0.9999,mandiri tukang blokir
233764d4-efb5-45cd-a2c4-831c222a5f62,arupian ',1,2026-08-25T23:48:48.863Z,Lainnya,Negatif,Negatif,0.9353,lemah
d0d1ca5d-04a7-4f06-9abd-328d33a3e69e,Bayu Ramadhan,1,2026-08-25T23:48:46.506Z,Autentikasi & Akun; Kinerja & Server,Negatif,Negatif,0.9797,"sangat kecewa sama mandiri memblokir ATM mandiri orang atas perintah aparat negara , sedang mereka bukan bandar judol, bandar narkoba, korupsi, mafia, dan teroris"
68b106bf-62b7-4f59-8a6c-ad070a61a4a6,Laksamana Dirgantara,1,2026-08-25T23:48:28.610Z,Autentikasi & Akun,Negatif,Negatif,0.9704,sembarangan ngeblokir
fc13bdbf-55dd-4c44-a000-ad50dcceb1e8,alvino aditya,1,2026-08-25T23:48:13.573Z,Autentikasi & Akun,Negatif,Negatif,0.9616,PEMBLOKIRAN DENGAN TIDAK MASUK AKAL
3f50d46b-c86d-40f3-8c9d-3a25e3763351,ncuy surya,1,2026-08-25T23:46:37.560Z,Lainnya,Negatif,Negatif,0.9558,"Tidak semandiri namanya, masih dapat diintervensi"
77683024-f45d-406a-96d9-110118375ff4,Rinto Ponto,1,2026-08-25T23:45:52.591Z,Lainnya,Negatif,Negatif,0.9999,kacau...kacau
4a0efe22-f8c4-4dd2-b1fc-7dfb929ba612,samsul bahri,1,2026-08-25T23:42:39.782Z,Lainnya,Negatif,Negatif,0.9873,biar bintang yang berbicara
7c298171-d84c-49d0-8e54-519b8a7b6f8e,Muslihul Umam,1,2026-08-25T23:42:01.775Z,Lainnya,Negatif,Negatif,1,sangat buruk
2987c907-e99d-41f9-9b5d-1f8ee20d64da,Rzunsi Askarino,1,2026-08-25T23:41:16.124Z,Lainnya,Negatif,Negatif,0.9995,Mandiri yang tidak mandiri
db1c690d-5219-42e9-b64a-b444fdb64f80,Repertasi,1,2026-08-25T23:38:02.224Z,Autentikasi & Akun; Transaksi & Pembayaran,Negatif,Negatif,0.9989,awas dana lo bisa di blokir sewaktu waktu oleh mandiri
5483d306-304b-499b-aa35-d32901f73710,Arfi Silawane,1,2026-08-25T23:37:59.612Z,Autentikasi & Akun,Negatif,Negatif,0.8131,"pemblokiran yang ngasal, saldo2 nasabah itu privat, malah bisa di otak atik negara ,padahl dari dlu udah percaya ama lu (livin mandiri) . maybe it's time to. byee mandiri"
0cdd6648-ede8-4139-ba66-c1d538c53d3d,Tata xien,1,2026-08-25T23:37:01.571Z,Autentikasi & Akun; Transaksi & Pembayaran,Negatif,Negatif,0.9995,"jelek, udah capek capek nabung disini eh duit nya ga bisa di TF atau di tarik, katanya mandiri tapi main blokir akun pribadi orang padahal ga pernah salah masukin sandi"
cf19aef5-0a95-4235-838d-74bfe65dc4fe,riski riski,1,2026-08-25T23:34:31.846Z,Lainnya,Negatif,Negatif,0.9911,kekecewaan masyarakat
d69caa45-6965-4373-b40e-72dd39c4a5b4,Rudi Nugraha,1,2026-08-25T23:34:28.992Z,Lainnya,Negatif,Negatif,0.9849,makasih mandiri udah buat kecewa
9025d89f-4c74-4bda-a6c4-672e5365bdfb,olinsa sbn,1,2026-08-25T23:34:23.168Z,Lainnya,Negatif,Negatif,1,jelekkkk
e29b83b1-a72a-44f4-af78-c3ee9945a810,U Pu,1,2026-08-25T23:34:12.244Z,Autentikasi & Akun,Negatif,Negatif,0.9641,"sangat kecewa.. tiba"" logout in aplikasi. sudah input sesuai dengan data yang di butuhkan. malah dibilang nomornya harus sesuai, lho. saya kan sudah daftarkan nomor baru di akun saya!!"
effaf544-c836-433f-8fdc-123a7b03f338,pojok no.6,1,2026-08-25T23:34:08.981Z,Lainnya,Negatif,Negatif,0.8378,paham kan?
b29e95a3-d9d0-4e00-8e83-f4051bb8424d,Abdul Ghofur,1,2026-08-25T23:33:54.395Z,Autentikasi & Akun,Negatif,Negatif,0.9804,"tiba"" logout dan saat login sebagai pengguna tidak bisa masuk, malah ada notif rpt 02, saya sudah beberapa kali ke cabang mandiri tetap saja tidak ada perubahan."
0965e7b7-28be-4293-bbc1-fa2a6e49303e,RageQueen,1,2026-08-25T23:31:45.132Z,Autentikasi & Akun; Layanan & Fitur Finansial,Negatif,Negatif,0.9972,Hari hari rekening kalian tiba tiba terblokir
349264ed-66b9-4e49-b4fa-a50556ece132,Hengky Setiawan,1,2026-08-25T23:26:48.307Z,Lainnya,Negatif,Negatif,0.9938,tidak bagus
f8e93bc9-431d-4d11-ada9-8f4afd58b17f,Bagas Anggyo,1,2026-08-25T23:26:27.307Z,Lainnya,Negatif,Negatif,0.9168,Tidak sejalan
7948e6b7-5761-4d0a-a7c2-8721ad139610,Riza Feri,1,2026-08-25T23:21:34.689Z,Autentikasi & Akun,Negatif,Negatif,0.992,gak bisa login lagi padahal ada duit tabung gw sebanyak 2 juta boikot bank ini walaupun 2 juta bukan nomimal besar saya sebagai nasabah kecewaaa
9d27b404-06ad-494c-91bd-ff4318279e6e,SEMPAK BABI,1,2026-08-25T23:19:37.987Z,Lainnya,Negatif,Negatif,0.9285,GAMPANG DI STIR PEMERINTAH
c02df7f3-89e0-4a08-ad3a-141c1954e0a1,Javar Shodiq,1,2026-08-25T23:18:23.131Z,Autentikasi & Akun,Negatif,Negatif,1,"pindah bank, takut di blokir"
139c5b8e-1680-4886-aafc-9740023c7a3d,Hari Kuswanto,1,2026-08-25T23:13:28.440Z,Autentikasi & Akun,Negatif,Negatif,0.9974,Main blokir ga independent
31f08ec7-e768-4e0d-ae37-b96aa96da058,Izzun Nail SQ,1,2026-08-25T23:12:36.133Z,Autentikasi & Akun,Negatif,Negatif,0.9615,"Tonggoku duite 80 jt mbok blokir suu, bangkruto kono. ."
9f75991f-1d62-4650-b445-c5278daec611,Imam Maulana,1,2026-08-25T23:11:26.600Z,Lainnya,Negatif,Negatif,0.9363,tidak recoment
b7ac5d7d-d82b-4656-8291-44e2ea7ece6e,Asep Iwan,1,2026-08-25T23:08:17.921Z,Lainnya,Negatif,Negatif,0.9958,ngeri.. bos dah ga mau lagi simpan duit d mandiri
496030d3-3c0f-451d-8271-8ddad5874ca2,Permana,1,2026-08-25T23:08:02.352Z,Autentikasi & Akun,Negatif,Negatif,0.9995,Hati Hati Di Blokir soalnya lagi rame
b6203bb4-9104-424c-8dc3-38f781702498,St Ts,1,2026-08-25T23:08:00.246Z,Autentikasi & Akun,Negatif,Negatif,0.9897,kecewa.. karna susah untuk login
58660858-8318-478d-a07c-5593c4140857,ERVIN HARI,1,2026-08-25T23:04:34.392Z,Lainnya,Negatif,Negatif,0.9993,"namanya aja Bank Mandiri, eh masih di setir aparat. Otw Uninstal"
255a32dc-b0f7-451e-a4ff-446dffd31003,Muhamad Sidik,1,2026-08-25T23:02:57.348Z,Autentikasi & Akun,Negatif,Negatif,0.9995,jangan pake bank mandiri ga aman semua isi saldo kalian bisa diblokir secara sepihak kapanpun!!!
e4bc93d4-2936-40b0-bc32-71f86449f6f5,Nurdin FatahilLah,1,2026-08-25T22:58:32.373Z,Autentikasi & Akun,Negatif,Negatif,0.9991,"tidak bagus menabung di bank ini, mending pindah ke bank lain aja, nanti kena pemblokiran secara sepihak🤣🤣"
82a221ca-6291-4348-acd6-3c32a6219fcf,Yumi Chan,1,2026-08-25T22:57:40.134Z,Autentikasi & Akun,Negatif,Negatif,0.9999,tukang blokir
8d65991b-05df-4c12-8657-d7fa0e8b57dd,Hasyim Masari,1,2026-08-25T22:54:18.569Z,Lainnya,Negatif,Negatif,0.9985,"kecewa dg Mandiri, bye bye"
fc7cb9a6-5c80-4241-9999-b6577cec59d9,Mardianto,1,2026-08-25T22:52:59.371Z,Lainnya,Negatif,Negatif,0.9771,ikut kesel boleh ya (sori ye)
2de2ab31-8652-4450-997d-df1a80eae6ba,Keifal Islami11,1,2026-08-25T22:52:56.309Z,Autentikasi & Akun,Negatif,Negatif,0.9999,mending pake BCA aja dari pada saldo di blokir
334a1deb-e32f-4736-a8f8-a8fbdb2469e4,Anton Wijaya,1,2026-08-25T22:50:34.236Z,Autentikasi & Akun,Negatif,Negatif,1,blokir ?????
f7012ac6-eeea-4096-90aa-c08ca4f46df3,Muhammad Ridwan Ramli,1,2026-08-25T22:50:27.419Z,Lainnya,Negatif,Negatif,0.9622,tidak memprioritaskan nasabah
ff2b9bd2-5bb6-4049-aafc-7922d6020424,Andy Rahmawan,1,2026-08-25T22:49:45.566Z,Kinerja & Server,Negatif,Negatif,0.9501,Sering error
7c6aeb70-de72-4157-837d-3ed3bf179bc6,Dani Firmansyah,1,2026-08-25T22:48:36.821Z,Lainnya,Negatif,Negatif,0.9721,"musuh terberat rakyat saat ini dari dalam nya sndri, hak privasi rakyat aja udh berani ikut campur"
0f4fd535-7fc0-4e37-ad70-8e61d302db52,Fadel Bimo Prakoso,1,2026-08-25T22:46:59.942Z,Lainnya,Negatif,Negatif,0.9993,parah....
1aba5099-516f-41ee-828b-499b0ba64663,Babeh Rt,1,2026-08-25T22:44:51.994Z,Lainnya,Negatif,Negatif,0.9063,terima kasih Bank Mandiri
7e450f07-b470-4031-9eb4-01fe62495d78,Rizkia Ananda,1,2026-08-25T22:43:56.492Z,Autentikasi & Akun,Negatif,Negatif,0.9948,"Bank TDK mandiri, bisa di kendalikan oleh pihak-pihak tidak bersangkut paut sama consumer. dan senak' nya memblokir consumer dengan alasan TDK jelas by Bank mandiri lu GK jelas"
232213ca-9147-46bb-ad93-8d829c5fd96f,CUAN YOUTUBE02,1,2026-08-25T22:43:37.846Z,Autentikasi & Akun,Negatif,Negatif,0.9998,"PARAH NIH MANDIRI MAIN BLOKIR UANG DONASI, KITA BOIKOT RAME RAME NIH LIVIN MANDIRI,, GAK AMAN NYIMPEN DISINI"
ff036d82-033c-41c7-b227-fb498d9e35a5,johan heru,1,2026-08-25T22:40:04.817Z,Autentikasi & Akun,Negatif,Negatif,0.9977,hati2 uang anda diblokir
9c4216c0-1cbd-4390-af64-90678a5f5619,vlog traveler,1,2026-08-25T22:39:37.959Z,Autentikasi & Akun,Negatif,Negatif,0.9981,saya sudah hapus maaf pindah ke BCA. BLUNDER MANDIRI
297c88db-5d26-444d-a46b-21026c5ac5a5,Onex Seker,1,2026-08-25T22:36:16.745Z,Lainnya,Negatif,Negatif,0.9999,tidak mandiri bisa di setir
99e60f21-40bb-4f21-a74f-7cda27f6eac4,Taufik Ismail,1,2026-08-25T22:36:05.950Z,Lainnya,Negatif,Negatif,0.9838,bank APARAT gadungan
79975df6-178e-4038-acfb-e4e9850e50bc,Marsianus Join,1,2026-08-25T22:33:45.110Z,Autentikasi & Akun; Kinerja & Server,Negatif,Negatif,0.9998,"aplikasinya buruk 👎 sudah login , setelah itu logout sendiri dan tidak bisa login lagi, pdhl jaringan wifi lancar"
9e4fbe9f-073a-443a-9ba0-5e426a250497,Angga Pratama Putra,1,2026-08-25T22:33:30.710Z,Lainnya,Negatif,Negatif,0.9477,ga usah pakai penyedot uang orang!
bb0567c8-0f6b-4e58-a5b2-afc45123508f,Miftah Ahsan,1,2026-08-25T22:33:06.984Z,Lainnya,Negatif,Negatif,0.9943,"katanya mandiri, kok disetirin😹"
57b2a64f-922e-4870-9747-80ee8de14f86,yana suryana,1,2026-08-25T22:29:32.272Z,Lainnya,Negatif,Negatif,0.9965,kecewa
1d918e0d-8e19-4f77-adde-4412011ff2f1,OLIV JOK CIKARANG,1,2026-08-25T22:26:05.795Z,Lainnya,Negatif,Negatif,0.9996,boikot mandiri..
b2d7fc28-7afb-49b4-b93e-73a8cda2867b,Hadi Prayitno,1,2026-08-25T22:22:34.657Z,Kinerja & Server,Negatif,Negatif,0.9783,"loading.....,......,...,..........................!"
3f2f0c30-44f3-4fea-9898-f6ba56298b10,Muhammad Ramli,1,2026-08-25T22:20:55.399Z,Autentikasi & Akun,Negatif,Negatif,0.9978,"mandiri masih aman kah, soalnya gara gara kejadian ke blokir semuanya pada kecewa"
344140ea-bf3c-47c5-8984-fd315a94c427,golenk wahyu,1,2026-08-25T22:17:48.550Z,Autentikasi & Akun; Transaksi & Pembayaran,Negatif,Negatif,0.9969,bang yang nggk beres di intervensi oleh pemerintah..... takut dana saya kalo ada di blokir.. 😂
65fa9493-d3f5-4a5d-acc5-30402b2521f9,farhan arrozak,1,2026-08-25T22:17:45.727Z,Lainnya,Negatif,Negatif,0.9986,kacung pemerintah
b35dbcd5-aa02-47cb-a8bb-882949afe7ae,Nur Indah Khairuni,1,2026-08-25T22:15:57.895Z,Lainnya,Negatif,Negatif,0.9999,"ga bisa mandiri, masih disetir bapak"
290acecd-5692-4ba5-8821-c2785e8bfb25,Muhammad Fazril,1,2026-08-25T22:14:27.194Z,Lainnya,Negatif,Negatif,0.941,suram
4ea432f3-3c85-44eb-b548-7aeaa2153f52,Dony Widya Putra,1,2026-08-25T22:10:41.775Z,Lainnya,Negatif,Negatif,0.9789,mandiri kacaw
9f46a304-c529-491d-ace6-efb9a1569328,Cruas Cruas,1,2026-08-25T22:04:52.202Z,Lainnya,Negatif,Negatif,1,sangat buruk
9c40613a-93b5-4f46-b664-64ab1d040fb1,Dinar Nang,1,2026-08-25T22:01:53.413Z,Autentikasi & Akun; Layanan & Fitur Finansial,Negatif,Negatif,0.9994,Pemblokiran rekening aktifis
8aa0a69c-b58c-4017-8ce4-1b31abe8e309,Rj99,1,2026-08-25T21:56:12.444Z,Lainnya,Negatif,Negatif,0.9953,"Katanya mandiri,ko di setirin?"
bbbf706c-a553-44ff-bc06-3d4ea5866aff,Kadal Alas,1,2026-08-25T21:54:28.285Z,Autentikasi & Akun; Transaksi & Pembayaran; Layanan & Fitur Finansial,Negatif,Negatif,0.9953,"kenapa ada pemblokoran sepihak di rekening mas (botok pati)? Jelas Bank Mandiri salah prosedur.Tidak ada perintah dari pihak pengadilan,dan yang bersangkutan bukan dalam lingkup pidana kasus tertentu.Tapi main blokir tanpa sepengetahuan pemilik,bisa digugat balik."
767984ad-93f1-4812-96d2-0d7ea0bc4aed,Ido Sarifu,1,2026-08-25T21:54:23.578Z,Lainnya,Negatif,Negatif,1,jelek
d57daab8-67fa-4217-bdb3-c7e85c97f9f6,DTOPAPA OFFICIAL (DTOPAPA),1,2026-08-25T21:45:24.283Z,Lainnya,Negatif,Negatif,0.9981,jangan pake mandiri ntar duit lu klo udh 80jt di blok lgi
e09a6362-c0cf-4045-9702-294bedc2f297,Galeri Kencana,1,2026-08-25T21:45:12.405Z,Autentikasi & Akun; Layanan & Fitur Finansial,Negatif,Negatif,0.9999,ngeri rekening bisa di blokir dengan sepihak seperti rampok aja kita nasabah. boikot mandiri
1a409f3c-3f63-4b83-800f-43fc15b58937,Sahrul Siregar,1,2026-08-25T21:42:08.620Z,Autentikasi & Akun; Layanan & Fitur Finansial,Negatif,Negatif,0.9999,sesuka hati memblokir rekening nasabah
78a1fae9-3ed4-47e5-9f17-15b13e33fae9,Zulay Leycha,1,2026-08-25T21:39:08.815Z,Lainnya,Negatif,Negatif,0.9965,sangat kecewa
5134c41c-5004-4db7-ae41-6fe05a942b90,abayy andreas,1,2026-08-25T21:36:42.620Z,Lainnya,Negatif,Negatif,0.9833,HAMA
2d91093a-3111-439b-ab56-c085858be2d9,Wahyu Mujiono,1,2026-08-25T21:28:09.976Z,Lainnya,Negatif,Negatif,1,👎
2f9ab84d-387d-4967-a385-a94e4704edf5,Iyu Sato,1,2026-08-25T21:26:41.314Z,Lainnya,Negatif,Negatif,0.9814,Bank Mandiri terkocak
c78d15e4-238f-4b4e-9750-6a2552f50d69,Jam Huri,1,2026-08-25T21:26:12.571Z,Autentikasi & Akun,Negatif,Negatif,0.9874,tiba² log out mau log in kembali minta password lupa password minta nomer kartu kartu terblokir sudah 2x ke bank ga da solusi.. gara² ada yg ngirim kartu kredit minta di blokir malah kartu atm ikut terblokir sekarang malah ga bisa akses sama sekali
6eaf8c68-615d-45b9-a7d3-c0fcccde2719,Muhtadin Arshaka,1,2026-08-25T21:20:23.200Z,Autentikasi & Akun,Negatif,Negatif,0.9998,"suka blokir sepihak, ngeri"
f3770e49-1146-49ed-b339-de9f3cf76ac1,Arjun Apriyanto,1,2026-08-25T21:14:25.615Z,Lainnya,Negatif,Negatif,0.998,"LEBIH MENDING PAKE BCA, MANDIRI APK BERBAHAYA"
eaed8206-0aef-45c6-8503-c19df4aeb7dc,Sabrina Asyifa,1,2026-08-25T21:09:20.266Z,Autentikasi & Akun; Layanan & Fitur Finansial,Negatif,Negatif,0.9885,tidak percaya lagi dan bikin was was tidak tenang nabung disini banyak oknum jahat terutama pimpinan pusat mbak tersebut gak punya etika blokir rekening SE enak udelnya
9f88d4b9-7b96-45c1-9129-b7af39d74c1d,Izi interior,1,2026-08-25T21:08:53.543Z,Lainnya,Negatif,Negatif,0.9936,saya sudah unistal sudah tidak percaya mandiri lagi
4626e6b3-f948-40a2-ad61-a44327847057,aulian ramadhan,1,2026-08-25T21:04:55.804Z,Lainnya,Negatif,Negatif,0.9273,sangat sangat memiluhkan
3cbb5cf1-3496-43ea-a671-3a4717b12410,HERMAN,1,2026-08-25T21:04:32.154Z,Lainnya,Negatif,Negatif,0.9915,apakah menabung di Bank mandiri berbahaya...???
263c29eb-dd49-45ee-9be0-ae7d5daae9f4,Bakhtiar,1,2026-08-25T21:03:39.768Z,Autentikasi & Akun,Negatif,Negatif,0.9944,"sanggat kecewaa blokir seorang atktivis gila ini mandiri,gua udah 6 tahun pakai mandiri dan sekarang guaa mutusin pindah pake bca say thankyou buat 6 tahun ini"
8e4dbb29-3fa8-4816-89ac-560b5b92585a,Monkey The Tiger,1,2026-08-25T20:58:36.240Z,Autentikasi & Akun,Negatif,Negatif,1,Takut di blokir
4943c0fc-f1c6-44c0-9394-a3085b8542a4,Habib Gocar,1,2026-08-25T20:57:44.369Z,Lainnya,Negatif,Negatif,0.9991,parah dan bobrok.. Membela sblah pihak
6165d4c8-0a1f-409e-a6d1-b0b1eac75cd5,YUI YUI,1,2026-08-25T20:56:29.190Z,Lainnya,Negatif,Negatif,0.9966,Tidak Aman disini
3b15e1ab-2cb2-4bec-aff7-8673563dd8f8,Mlza,1,2026-08-25T20:56:22.829Z,Lainnya,Negatif,Negatif,0.8831,MANDIRI 🚫 DISETIRIN ✔️
58baccd0-1b79-421b-96f8-75c8726467bc,Cuman Bisa Harley,1,2026-08-25T20:54:04.646Z,Autentikasi & Akun; Layanan & Fitur Finansial,Negatif,Negatif,0.9983,"memblokir sepihak rekening, wah bahaya ini bisa se enak jidat aja"
7cfdce3d-865b-4729-94cc-9c033f190f79,Riyan Aldi,1,2026-08-25T20:53:17.450Z,Lainnya,Negatif,Negatif,0.9449,bank terlicik
00fd4e7a-6c7c-4569-9727-345d3a36c6c9,seftian rsay,1,2026-08-25T20:51:38.946Z,Autentikasi & Akun,Negatif,Negatif,0.9821,"dah lah bye... tutup akun mandiri,bank mukti aja yg di pakai"
af52271b-e7c6-4908-bc27-2b420d667b9b,Aden,1,2026-08-25T20:49:58.105Z,Lainnya,Negatif,Negatif,0.8065,tidak taat aturan gcg dan melangar ketentuan ojk
42df0e86-4338-4494-9103-b2f6abbc30d2,maftuhi Ani,1,2026-08-25T20:48:57.914Z,Lainnya,Negatif,Negatif,1,bobrok
2a3baee4-66e9-41fc-b609-f68e5271cd27,QQ official,1,2026-08-25T20:41:42.339Z,Autentikasi & Akun,Negatif,Negatif,0.9982,pemblokir aktivis
84f06b30-e88a-41d4-aa44-3b5fd3a7e34f,Gilang Boy,1,2026-08-25T20:35:50.907Z,Lainnya,Negatif,Negatif,0.9798,jekk amat proses nya lama kala mau narik itu kadang sering maintenance sendiri nggak jelas nih bank ny
c97adee1-f2e1-4b33-bcbe-1f945deaf86f,Abdul Rohman,1,2026-08-25T20:31:42.729Z,Lainnya,Negatif,Negatif,0.9252,ehemm di kemanain 80jt nya om?
54e63984-dd6d-4811-96c2-9cc0cb1d5f7d,Nebula Salen,1,2026-08-25T20:24:08.210Z,Lainnya,Negatif,Negatif,0.9943,naro duit disini takut ilang...
a9beeb38-aee0-4964-bd8b-55d121865036,Huge People,1,2026-08-25T20:16:11.717Z,Lainnya,Negatif,Negatif,0.9583,huh
8e8f9713-81d9-4db6-be67-140bdfe0eab7,Apriwisata,1,2026-08-25T20:11:45.454Z,Transaksi & Pembayaran,Negatif,Negatif,0.8412,"apk livin sangat aneh..! kami ingin melakukan transfer ke BPD SULAWESI SELATAN tapi di apk livin tdk ada tercantum dalam apk livin, yg anehnya BPD kota lain ada..?🙏🏻🙏🏻"
fa07521f-917d-4f25-a836-f33f10339083,Tina toon,1,2026-08-25T20:09:38.109Z,Lainnya,Negatif,Negatif,0.9979,boikot
631187f7-4ecd-49e4-82d9-d6e21697a1a1,has-sama,1,2026-08-25T20:08:24.889Z,Autentikasi & Akun,Negatif,Negatif,0.9997,tukang blokir akun ihh
c8431943-f46b-4c57-b361-9ce7a3b42756,Redha Bahagia,1,2026-08-25T20:07:29.878Z,Autentikasi & Akun,Negatif,Negatif,0.9623,"saya nggak bisa login ke akun saya, good bye mandiri"
615bf875-c53b-480c-8ff8-4ba0476327e7,Dhiko saja.,1,2026-08-25T20:06:52.774Z,Lainnya,Negatif,Negatif,0.9822,kecewa terhadap perlakuan bank
9be00d35-c01f-4588-aa0d-bdc11cb4caa2,Narto Alucard,1,2026-08-25T20:06:24.775Z,Lainnya,Negatif,Negatif,1,buruk sangat buruk
d131b5a6-a662-494b-92c8-37090e92e397,ناظم مرحبان,1,2026-08-25T20:03:07.880Z,Autentikasi & Akun,Negatif,Negatif,0.9996,Jadi ngeri pakai bank mandiri melihat rakyat diblokir saldonya 80 juga
fa735c45-8afa-48cb-8f09-a57cdd8d6e73,Doni Donz,1,2026-08-25T20:00:56.339Z,Lainnya,Negatif,Negatif,0.9908,apk berbahaya
a54d93f1-b3b1-4e3c-9ee6-dccf3fb7efda,Ahmad Ahmad,1,2026-08-25T19:59:00.820Z,Lainnya,Negatif,Negatif,0.99,aplikasi berbahaya jangan sampai simpan uang disini nanti bakal hilang
e41f5c95-bbce-46c9-95ae-6c7e343c8370,Adam Nugraha,1,2026-08-25T19:49:33.738Z,Lainnya,Negatif,Negatif,0.9186,"Aplikasi pemuja Wowok, dah itu. Sampai hormat dan patuh sama baju coklat!! Naudzubillah..😔"
9ed0f5e9-90ad-49bc-9663-e59ea6c6ddbc,Alaw Tadeng,1,2026-08-25T19:47:30.495Z,Lainnya,Negatif,Negatif,0.9923,mandiri aja tanpa nasabah
7b317f51-3162-4bb6-9612-b07b6f071fd8,Imor Ray,1,2026-08-25T19:47:26.596Z,Kinerja & Server,Negatif,Negatif,0.9987,"Mandiri Ga jelas, lemot"
07047857-40aa-41ff-a35b-4dc0a1304d74,Titid Agua,1,2026-08-25T19:47:17.983Z,Autentikasi & Akun,Negatif,Negatif,0.9994,kang blokir saldo
386ef1d6-9631-4419-bf28-24117877118d,Pardan DK,1,2026-08-25T19:44:49.890Z,Lainnya,Negatif,Negatif,0.9952,"maaf, sudah sangat kecewa"
c69ba806-96ef-4614-8c76-a93cc05a59ea,Figgy Rayfonsega 7,1,2026-08-25T19:43:54.986Z,Lainnya,Negatif,Negatif,0.8114,bank yang mudah di setel
892cecec-2f89-458e-8c18-0e8f34ff156e,damn megod,1,2026-08-25T19:42:30.587Z,Autentikasi & Akun,Negatif,Negatif,0.9973,pindah bank lain... duit takut lenyap 🤭
a3364708-52a1-4de4-9b12-664edc51b990,Aulia Maharani fitri,1,2026-08-25T19:39:36.180Z,Lainnya,Negatif,Negatif,0.545,jos bosboskuuuuu
c7b7c915-5b3c-45be-b327-5ff892303100,Budiman Sipur,1,2026-08-25T19:37:59.550Z,Autentikasi & Akun,Negatif,Negatif,0.9999,pemblokir nasabah aktivis
afb4094b-3e5f-4d6c-87a6-7dd1cbe6949b,Saya Jeet,5,2026-08-25T19:37:25.891Z,Lainnya,Positif,Positif,0.7536,puas
0cd6dfe7-8e54-43ad-a178-0963f4282a57,Semi Rupidara,1,2026-08-25T19:32:38.423Z,Lainnya,Negatif,Negatif,0.9991,"satu kata buat bank mandiri ""kecewa"""
90cd23c0-df10-4f9d-94a5-74f2b7898f1a,Rizaldi Kamil,1,2026-08-25T19:32:24.170Z,Lainnya,Negatif,Negatif,0.9685,cuh
ab996fe5-0c05-4c21-a57b-377d2d11bba7,Sales Spesialis Mobil Honda,1,2026-08-25T19:31:00.330Z,Autentikasi & Akun,Negatif,Negatif,0.9997,setelah melihat berita Bang Mandiri secara sepihak Blokir Saldo.. kami masyarakat merasa tidak percaya dengan Bank Mandiri dan BUMN lainnya
d8b9e1e8-2b3a-406a-907a-bde13187c63a,Rustam Nawawi,1,2026-08-25T19:26:19.620Z,Lainnya,Negatif,Negatif,0.9985,"boikot bank ini, balikin uang donasi mas botok"
bccd5795-03e4-4b9a-980e-9048c0bc4bcb,Not Hijacker,1,2026-08-25T19:24:37.460Z,Autentikasi & Akun,Negatif,Negatif,0.9558,akun gua aja gak bisa masuk
b56926ca-0584-43e0-ab5d-d621350158b1,QiforYou 58,1,2026-08-25T19:21:47.727Z,Lainnya,Negatif,Negatif,0.9856,"tolong perbaiki etikanya, jangan sampai mengembat uang rakyat"
fec37fc6-6f57-4db7-9716-04c6146a8ab3,M Husen,1,2026-08-25T19:15:48.959Z,Lainnya,Negatif,Negatif,0.9358,tutup aja
8e3ab603-3d7f-4356-9369-5459d4cf2f37,Bintang Senja,1,2026-08-25T19:14:46.397Z,Lainnya,Negatif,Negatif,0.9993,rusakkk
7b761c39-8e92-426f-8831-3bb277381eaf,Aghna Shaka,1,2026-08-25T19:14:22.863Z,Lainnya,Negatif,Negatif,0.9968,semena mena terhadap rakyat kecil
45137591-a89d-45cf-81f0-d122730c97d7,abah uing,1,2026-08-25T19:13:28.629Z,Lainnya,Negatif,Negatif,0.9996,boikot Mandiri
399e7d90-3aa6-4967-bfa3-1ab7a59e0fcd,Zulfikar zayyan,1,2026-08-25T19:12:59.671Z,Lainnya,Negatif,Negatif,0.9959,sudah tidak bisa di percaya
971c3aa3-6963-4d29-b31e-141a731ac141,Syahbani Safrizal,1,2026-08-25T19:12:25.583Z,Lainnya,Negatif,Negatif,1,kacau
92e896d1-6d66-4715-909e-068bc2a6c5b8,Amiruddin Hibatullah,1,2026-08-25T19:12:13.990Z,Lainnya,Negatif,Negatif,1,sangat buruk
7408fbe7-b75e-4956-bda2-3bb14a0cf8e4,Toto Marwoto,1,2026-08-25T19:11:45.499Z,Lainnya,Negatif,Negatif,0.9508,jangan di instal APK INI BERBAHAYA
6f483c21-5ecc-4672-85f7-a39492e472c3,klentung 1112,1,2026-08-25T19:10:07.714Z,Lainnya,Negatif,Negatif,0.8008,"bank saya percaya bertahun tahun ,sekarang saya buang aplikasinya cari bank lainnya yang lebih bagus"
b56b2512-34e4-4e9f-b66f-95e31fd574be,Muhammad Ismail,1,2026-08-25T19:06:21.552Z,Kinerja & Server,Negatif,Negatif,0.9555,kabur dari pada uang kalian hangus
ad832994-6858-4f37-a5f6-4a45dc4829df,Relas 11,1,2026-08-25T19:06:00.941Z,Autentikasi & Akun,Negatif,Negatif,0.9999,"bank sampah, atktivis kok di blokir?"
0d306c4b-fe53-4217-a82f-20f56bcbb403,sutarji 503,5,2026-08-25T19:04:30.583Z,Kinerja & Server,Positif,Negatif,0.5715,aplikasi nya lelet sangat mengecewakan karena bisa log out sendiri apa penyebab nya tolong dibantu benai
8f4adf5e-4acc-4bf6-a45a-c3ea3bd6631a,pet love,1,2026-08-25T19:03:27.730Z,Lainnya,Negatif,Negatif,0.9996,aplikasi perbankan sangat buruk
29fa71ed-cad5-4515-a7d1-aadbd75f0525,Nanda Julisma,1,2026-08-25T19:02:36.368Z,Lainnya,Negatif,Negatif,0.9946,bank paling terburuk
b2a1afff-b7c8-4040-bd9c-04ef3af8f34e,yanto ganteng98,1,2026-08-25T19:02:32.364Z,Lainnya,Negatif,Negatif,0.9449,mls pakai bank ini lagi
98a8060e-98a2-4dc4-97ee-76267771eef8,Isal Samsara,1,2026-08-25T19:00:57.500Z,Lainnya,Negatif,Negatif,0.9999,pelayanan buruk sekali
a95d8ce0-128c-4cd2-9213-418a606e784a,Jupiter Z,1,2026-08-25T19:00:36.259Z,Autentikasi & Akun,Negatif,Negatif,0.9986,blokir sembarangan
1aca2e28-0821-4470-a85b-36aa92ea4721,khoirul umam,1,2026-08-25T18:57:31.658Z,Lainnya,Negatif,Negatif,0.9273,lmao
415e330c-a5da-4c67-a1bb-33d9401e84c5,Arthur Leywin,1,2026-08-25T18:54:43.101Z,Lainnya,Negatif,Negatif,0.9979,BOIKOTTTTT
837596aa-8c20-4df0-8163-ff2ae28bdfda,Cepi Hidayat,1,2026-08-25T18:53:31.383Z,Lainnya,Negatif,Negatif,0.9989,Bank gak jelas.
fbc0b95a-f17a-46c0-a282-4d41278ae6bc,Ade dov,1,2026-08-25T18:52:21.245Z,Lainnya,Negatif,Negatif,1,BANK TOLOL
cb46acdb-3fad-4d21-8e60-280b9e8330e7,Abdul Ajis,1,2026-08-25T18:51:29.564Z,Autentikasi & Akun,Negatif,Negatif,0.9956,"BOIKOT MANDIRI, JGN KASI KENDOR , BISA""NYA BLOKIR ATM ORNG TAMBAH ADANYA SURAT PEMBERITAHUAN, BOIKOT, BOIKOT."
c5172e28-cc95-4a90-9e15-5c0bf763f2f0,"IQ 0,01",1,2026-08-25T18:50:17.700Z,Lainnya,Negatif,Negatif,0.9962,NGERII BISA BISANYA DI ATUR OLEH APARAT. PADAHAL ITU DATA PRIBADI NASABAH YANG SEHARUSNYA DI JAGA DENGAN BAIK 🫣
d6493f76-c432-4c19-8ff9-f939efc454ee,Diego M,1,2026-08-25T18:48:35.740Z,Lainnya,Negatif,Negatif,0.9062,really.. do you do that?
49827099-8dc1-4b9f-8f60-7223cd655e3a,Nita Nuraini,1,2026-08-25T18:46:02.130Z,Lainnya,Negatif,Negatif,1,"buruk, parah, payah,"
d37b4c4b-01c6-474c-ba5f-6bc63b4dc494,Zesvia Aprn,1,2026-08-25T18:44:53.435Z,Lainnya,Negatif,Negatif,1,bank jelek
4f402bb7-d8f3-4f77-b9ff-b802268c5aaa,wawan wahyu,1,2026-08-25T18:44:02.696Z,Lainnya,Negatif,Negatif,0.9592,"mungkin bangke bangke lain juga model nya kaya kasus mandiri cuman mereka lebih rapi main nya, maaf aku mau uninstall aja lebih baik gua mandiri aja sendiri tanpa biaya admin bulanan juga lebih aman."
0fa31c09-2e3d-49de-9a93-8a4edfdaf4a2,Jason Rogers,1,2026-08-25T18:40:50.661Z,Autentikasi & Akun,Negatif,Negatif,0.9995,awas hati hati nanti yg nabung di sini pada di blokir sepihak yaa
e3138b59-aa2b-4fa3-a821-3abe8d55e0b4,Denis Setiawan,1,2026-08-25T18:39:55.684Z,Lainnya,Negatif,Negatif,0.9287,yg ngasih bintang 5 para buzer wkwkwkkw
04878c4b-fc89-49d9-804c-03c0c0ead538,Indra Nasution,1,2026-08-25T18:39:20.850Z,Lainnya,Negatif,Negatif,0.9911,no respect
bc77f383-4c3e-4521-bb15-6497cc8fb2a7,Andini Nur humaira,1,2026-08-25T18:37:15.660Z,Lainnya,Negatif,Negatif,0.9929,selamat tinggal
26450094-6830-4132-b8e3-942996765ab0,Pradipta Lazuardi,1,2026-08-25T18:32:11.432Z,Lainnya,Negatif,Negatif,0.9999,terlalu tolol
638a605b-e9b6-42cf-883d-461aba1e90e4,Ripto Wijoyo,1,2026-08-25T18:30:36.392Z,Transaksi & Pembayaran,Negatif,Negatif,0.966,"ko ga bisa tf, ini efek boikot apa gmna?"
2b7569f6-60b5-41cf-b1a4-e3d67ab50680,dinda amelia,1,2026-08-25T18:30:09.513Z,Autentikasi & Akun,Negatif,Negatif,0.9987,bank yang semena mena memblokir nasabahnya
7cf66fc2-8f54-4999-9d78-b3a6d7662d20,Genta Asratul Asraf,1,2026-08-25T18:29:30.343Z,Lainnya,Negatif,Negatif,0.9848,"hati"" buat nasabah dapat di stir pmrinta*"
d4b88074-912d-4bac-85fa-5256811b7b4f,Reygneir Togatorop,1,2026-08-25T18:28:45.566Z,Autentikasi & Akun; Layanan & Fitur Finansial,Negatif,Negatif,0.999,"bank ini memblokir rekening pribadi dengan alasan disuruh pemerintah, jangan dipake!!!"
4633ec51-8592-4a3a-89fb-b062c9fedfd9,eza prayoga,1,2026-08-25T18:28:33.822Z,Lainnya,Negatif,Negatif,0.996,"hati"""
769a3f01-a222-4d17-b013-174c28591de7,Habibun Nazar,1,2026-08-25T18:26:21.680Z,Lainnya,Negatif,Negatif,1,buruk
35219333-7119-466d-8597-39828dd2892c,Nur Hasanah,1,2026-08-25T18:26:17.106Z,Lainnya,Negatif,Negatif,0.9979,boikot
1bdd0ab6-49ad-4dcf-a1a6-74a6fbbeb042,Raimondo Bayu Saputra,1,2026-08-25T18:25:23.688Z,Lainnya,Negatif,Negatif,0.9996,bank disetir aparat
4f1686ec-b788-40a3-992d-47e1d3fbd6d3,Miss Florist,2,2026-08-25T18:25:03.965Z,Lainnya,Negatif,Negatif,0.99,"susah pakainya, tidak bagus untuk pengguna"
311383e9-ecf8-46f0-8934-932c0ed596fb,Fery Risdina,1,2026-08-25T18:24:44.679Z,Autentikasi & Akun; Layanan & Fitur Finansial,Negatif,Negatif,0.9993,oh ini yang bisa se enak nya blokir rekening hahaha sahabat koruptor kah?
99084c15-31a8-4c7c-8c9d-b444ca861300,Muslim Fighter,1,2026-08-25T18:24:16.552Z,Autentikasi & Akun,Negatif,Negatif,1,takut tiba tiba di blokir
c657e832-98ea-4712-8821-bdfd22bbe445,Bagas Andika P,1,2026-08-25T18:23:50.628Z,Lainnya,Negatif,Negatif,0.9841,udah mulai ga bener nih aplikasi
74fe88be-9ade-485d-8270-1e646d2673a6,Si Ahmad,1,2026-08-25T18:23:29.334Z,Lainnya,Negatif,Negatif,0.9273,cuek
5aa206da-337a-4c81-b3ab-b901c30fa167,Putra Abdullah,1,2026-08-25T18:23:19.251Z,Autentikasi & Akun,Negatif,Negatif,0.999,"Bintang 1, takutnya saldo terblokir tanpa pemberitahuan terlebih dahulu."
4d07de8d-5d47-4d08-bef2-a90d912a73fb,Kanzha Az-zahra,1,2026-08-25T18:22:12.172Z,Autentikasi & Akun,Negatif,Negatif,0.954,lebih baik uang nya pindah bank lain ...
b91a4722-78b2-4fa5-8fc2-a8ff02bd7dba,dimas Prabowo,1,2026-08-25T18:21:52.273Z,Autentikasi & Akun; Transaksi & Pembayaran,Negatif,Negatif,0.9863,gimana itu dana 80jt punya botok? Alhamdulillah dah di tarik smua saldo saya jga mending pindah ke bank lain
8bb7573e-8f13-4d90-8b7b-556e81b90573,Bo o,1,2026-08-25T18:21:51.355Z,Lainnya,Negatif,Negatif,0.9866,"bang nya ada biaya admin jadi tidak bagus,dan gatau sih aku cuman mau bintang satu"
efe3728f-4621-4797-9674-784508edb7e9,Muhammad Syauqi Azizy,1,2026-08-25T18:21:16.735Z,Lainnya,Negatif,Negatif,0.9936,hadehhhh mandiriiii
acc98bbc-9273-451b-83a4-15004bbe0160,Adnan Rauf,1,2026-08-25T18:21:09.459Z,Lainnya,Negatif,Negatif,0.9868,antek-antek aseng
56fce217-be9d-4712-9e3f-b187e0fabd3a,Dio Imam,1,2026-08-25T18:21:00.656Z,Lainnya,Negatif,Negatif,1,👎
b93bf3d6-a187-458b-894e-6f26573f2bad,Rama Dharma,1,2026-08-25T18:20:40.341Z,Autentikasi & Akun,Negatif,Negatif,0.9973,sangat kecewa dengan yang kejadian pendemo yang di bekukan bank nya. privasi sudah tidak aman lebih baik pindah ke bank lain
2ff5b88c-ef72-4503-b452-eb7b2009b7e3,Kecret Munet,1,2026-08-25T18:20:27.173Z,Lainnya,Negatif,Negatif,0.9689,detik ini saya berhenti pakai mandiri
b1a3dcbe-66bd-470b-b142-7a6377340595,Aziz Sipholem,1,2026-08-25T18:19:48.923Z,Lainnya,Negatif,Negatif,0.9764,jijik
12ab3adf-6904-4d63-8cfa-b592308654a3,Ajid Muhaimin (Aji),1,2026-08-25T18:18:55.462Z,Lainnya,Negatif,Negatif,0.9953,salah satu bank yang bisa di setir
3ff92fcd-6a9c-4e4a-8a63-5bfad670233c,Udin Bws,1,2026-08-25T18:18:32.285Z,Autentikasi & Akun,Negatif,Negatif,0.9978,pemblokiran akun aktivism dgn tidak jelas
aecb5cd7-7dd8-46bd-803c-876feddedfd5,Konter Djaya,1,2026-08-25T18:15:53.289Z,Lainnya,Negatif,Negatif,0.9999,pelayanan buruk
2db43fba-72a7-4787-aa05-95dfee05182c,Zira Rak,1,2026-08-25T18:15:53.104Z,Lainnya,Negatif,Negatif,0.9997,namanya mandiri tp kok di setir
86aba1ba-d410-4b91-b6c1-4396b1ba4e39,Yudhistira Ardhi Wijaya,1,2026-08-25T18:15:32.830Z,Autentikasi & Akun,Negatif,Negatif,0.9968,Seenaknya memblokir
73f7ab6b-c00c-4607-ab8c-bd9630d13814,Ibrahim Iim,1,2026-08-25T18:15:19.786Z,Autentikasi & Akun,Negatif,Negatif,0.9992,"jangan nabung disini uang anda akan di blokir secara sepihak,"
a31581ae-700c-40bb-bdea-7000f922691e,odi suhendi,1,2026-08-25T18:14:54.202Z,Lainnya,Negatif,Negatif,0.9857,perampasan aset rakyat.
2bad67b2-0677-4321-b889-c2ddaee449da,zidny adefanya,1,2026-08-25T18:14:22.880Z,Autentikasi & Akun,Negatif,Negatif,1,"jelek bgt kamu, main blokir"" uang orang"
7f0435de-be29-4016-8827-e91116c0c17a,Lukman Jayusman,1,2026-08-25T18:11:40.284Z,Lainnya,Negatif,Negatif,0.998,SANGAT KECEWA SAMA PELAYANAN BANK MANDIRI.
09857040-2b01-4e9b-9f5a-9241cdd195ff,HENDRA LASMANA,1,2026-08-25T18:11:04.500Z,Lainnya,Negatif,Negatif,0.9996,boikot mandiri
cc1333ab-e157-4177-a5b5-eb72d171af0e,Kusala4 KGA,1,2026-08-25T18:10:27.992Z,Autentikasi & Akun; Layanan & Fitur Finansial,Negatif,Negatif,1,tukang blokir rekening
77515637-7a9a-4cda-a03a-62ff3f3e1aaf,Raihan Alghozi,1,2026-08-25T18:10:22.700Z,Lainnya,Negatif,Negatif,0.9824,not recommend
f64328d6-6d62-4ea1-a8eb-d0cd8f29dfdc,latif ariyanto,1,2026-08-25T18:10:16.442Z,Kinerja & Server,Negatif,Negatif,0.9892,aplikasi lemot
df7accaa-fa26-47bb-90db-24f7817f382f,Putra Narko,1,2026-08-25T18:10:13.793Z,Autentikasi & Akun; Layanan & Fitur Finansial,Negatif,Negatif,0.9991,pindah ke bank sebelah ah....takut di bekukan/di blokir saldonya...cs koruptor nampak nya mandiri😬
f0cc8284-dd63-4d80-b576-808f680acf1e,Angga Mulyana,1,2026-08-25T18:10:13.430Z,Lainnya,Negatif,Negatif,0.5654,AMAN KAN SALDO MU KAWAN 😎
f32b3c53-ba7c-46df-abcd-4704d9fa85f3,Burhanudin Ma'arif,1,2026-08-25T18:09:56.535Z,Lainnya,Negatif,Negatif,0.982,"kecewaa banget, tidak rekomend pasang apk ini"
bd6aa48c-a6b4-44cf-bc53-8ebc1d7228d6,Riko Zoelmi,1,2026-08-25T18:09:36.995Z,Lainnya,Negatif,Negatif,0.9909,Not recomended
fa62e14b-6fd2-4a26-88df-b0717f59443e,Zaki Zubay,1,2026-08-25T18:09:33.927Z,Lainnya,Negatif,Negatif,0.9926,Sangat aneh bank ini
c27afbcc-2159-4507-aa0e-bca63065d6b7,Ahmad Faqi,1,2026-08-25T18:05:57.390Z,Lainnya,Negatif,Negatif,0.9273,cihuy
0326eb21-5ab4-4f71-bc99-ba7cd2635323,M RN,1,2026-08-25T18:03:02.762Z,Lainnya,Negatif,Negatif,0.9659,Untrusted bank
4743b220-1d48-460d-a2ba-acf9bd2bcce8,Arip Rahman,1,2026-08-25T18:01:30.370Z,Lainnya,Negatif,Negatif,0.994,banyak potongan
696f63a9-09d1-4864-b4dd-a673bfbaa31d,Putra hadi,1,2026-08-25T18:00:00.420Z,Lainnya,Negatif,Negatif,1,SANGAT BURUK
da68e77c-0cd5-4ff9-8b54-4c2ff0c40d17,Bintang Subhan Raynata,1,2026-08-25T17:58:42.758Z,Lainnya,Negatif,Negatif,0.9996,BOIKOT MANDIRI!
46f873ed-2760-49fe-9f37-d8ee50611964,Azi Admaja,1,2026-08-25T17:58:18.986Z,Autentikasi & Akun,Negatif,Negatif,0.9997,takut saldo ku di blokir
5ab99f65-c435-41f8-b251-18ef647b1465,Erwin Setyawan,1,2026-08-25T17:57:53.164Z,Autentikasi & Akun,Negatif,Negatif,0.9986,"jngn pke mandiri, awas nanti ke blokir....."
76cfd4be-156a-49ff-a233-353944194b7e,Muhamad Abdul Jildan,1,2026-08-25T17:57:17.678Z,Lainnya,Negatif,Negatif,1,Rezim 👎👎👎👎👎👎👎👎👎
86813489-c913-4253-b141-9dd90d8b26eb,ahmad baroni,1,2026-08-25T17:54:50.825Z,Lainnya,Negatif,Negatif,0.9979,BOIKOTTT!!!!
dccddf7e-c44c-4665-8927-1ee7f7a00023,Ivandi Hadia,1,2026-08-25T17:54:20.698Z,Autentikasi & Akun,Negatif,Negatif,0.9999,asal blokir nasabah
e9f4c9a9-da07-4a91-b7e6-9db040c151f7,Aditia Erlangga,1,2026-08-25T17:53:38.935Z,Kinerja & Server,Negatif,Negatif,0.9941,lelet kecewa
6a32ded8-e3ed-4724-817c-161943209701,Djancuk,1,2026-08-25T17:51:48.766Z,Autentikasi & Akun; Layanan & Fitur Finansial,Negatif,Negatif,0.9981,"begitu gampang nya mandiri memblokir rekening nasabah nya, dan patuh pd perintah aparat kepolisian tanpa adanya surat keputusan dari pengadilan. jd tidak aman lagi nyimpan uang di mandiri, krn data2 nasabah dibocorkan ke pihak aparat"
a5d6fc9e-83e5-4f72-b934-57613a0ee4fb,Graydio Obaja,1,2026-08-25T17:51:19.844Z,Lainnya,Negatif,Negatif,0.9709,kenapa gabisa buka apk ni tol
1b5b42e7-b1e3-4c5d-978b-2699536cc6b7,projects 07,1,2026-08-25T17:50:52.616Z,Lainnya,Negatif,Negatif,0.9989,bank gj
33707c85-844a-41da-8b4d-2e3fb10d17ad,Hamzah Cool,1,2026-08-25T17:47:10.783Z,Lainnya,Negatif,Negatif,0.9744,gass boikot!!
9c6297d6-df18-4b35-beb7-42f5c63952dc,choloh kecedhal,1,2026-08-25T17:46:29.781Z,Lainnya,Negatif,Negatif,0.9522,aplikasi sesat.
b62c62f1-5bad-4a97-8601-709c2fe7452c,Ricky Saputra2,1,2026-08-25T17:45:50.749Z,Lainnya,Negatif,Negatif,0.8593,moga2 perusahaan mandiri cepet bangkrut amin
0cb0e66a-561b-489d-b158-6baa8795ad78,Lisa. Austin,1,2026-08-25T17:45:49.200Z,Lainnya,Negatif,Negatif,0.9965,kecewa
eee12442-8d9f-4c99-b49f-5827aea5e7e3,Markas wb,1,2026-08-25T17:45:10.382Z,Lainnya,Negatif,Negatif,0.989,"KATANYA ""MANDIRI"" KOK DITUNGGANGI 🤭"
19b21a3b-0404-4133-9bdc-17902c725f15,Rozy Seprinalfi,1,2026-08-25T17:45:04.862Z,Lainnya,Negatif,Negatif,1,buruk dan sampah
3e941a39-bfe8-4a85-b7b6-2320796f95f6,Yosi Surya Andika,1,2026-08-25T17:42:32.780Z,Autentikasi & Akun,Negatif,Negatif,0.9988,Blokir Saldo Suka Suka
38941192-5f04-4db7-bdcc-82a2149c7e50,Anang Mase,1,2026-08-25T17:42:09.270Z,Lainnya,Negatif,Negatif,0.9713,"Hati2 yang menabung disini, uang bisa ditahan sepihak"
888e5f95-47fd-498e-957c-753d71bc1a9d,joni dower,1,2026-08-25T17:40:44.328Z,Lainnya,Negatif,Negatif,0.9931,bank gak jelas si wowo . !!
fcd8c947-9943-4db3-b165-c1e2e91cb8ae,Szy n,1,2026-08-25T17:40:10.527Z,Lainnya,Negatif,Negatif,0.9918,#boikottt mandiri
19154e04-b143-4af9-b864-df85a56296cd,Aji pamungkas Pamungkas,1,2026-08-25T17:38:30.530Z,Lainnya,Negatif,Negatif,0.9884,"nama doang mandiri,aselinya mah di atur😒"
82117840-2567-46a6-88cb-79c970f8af0f,CHI_MOEL,1,2026-08-25T17:38:15.795Z,Lainnya,Negatif,Negatif,0.9979,boikot👊👊👊
8f228a15-6937-4dfa-aaaf-85a2d5b77437,ade nugraha,1,2026-08-25T17:37:56.650Z,Lainnya,Negatif,Negatif,0.9666,"tidak profesional dalam melayani nasabah, tidak mengikuti aturan, tidak transparan"
3c98ad47-8f19-4945-89a8-d125cb00e13c,ozi herliansyah manaf,1,2026-08-25T17:37:35.383Z,Lainnya,Negatif,Negatif,0.9659,bank kicau
69c79cdc-5d45-470d-b9c1-8fd2e5132709,Young Officer 25,1,2026-08-25T17:33:55.208Z,Lainnya,Negatif,Negatif,0.9966,tidak aman
91ae53d6-60ce-47ff-ba89-e98389667d2e,Pak Jep,1,2026-08-25T17:32:47.824Z,Lainnya,Negatif,Negatif,0.9965,sangat kecewa
ffb08abc-4e15-4892-8c94-330f9a4ab868,Avi Yanti,1,2026-08-25T17:30:33.812Z,Lainnya,Negatif,Negatif,0.9922,tidak menjaga nasabah nya
d90e12dd-060d-46b5-b252-06a7f7398bb5,bagus liverpudlian,1,2026-08-25T17:27:55.465Z,Lainnya,Negatif,Negatif,0.993,selamat anda kehilangan kepercayaan nasabah!!
84e76487-bc67-4bd0-beee-616f95386ecd,Fah Rizal,1,2026-08-25T17:27:12.226Z,Lainnya,Negatif,Negatif,0.9736,"Najis, gaji saya segitu"" aja dari dulu"
50fd8667-ee5c-42ce-b005-9ec7109ac6f9,Firmanda Abizar,1,2026-08-25T17:26:43.795Z,Lainnya,Negatif,Negatif,0.9905,nggak logis. selama ini bisa ambil uang rakyat ternyata
709eb06a-4fc3-41bd-8fe7-f30d64350231,Selamet Hadirroh Pratisno,1,2026-08-25T17:25:29.663Z,Lainnya,Negatif,Negatif,0.805,menuju gulung tikar😁
06da9bee-9722-4e75-9fc9-b9a38b695786,Titto Saka Pratama,1,2026-08-25T17:24:28.838Z,Lainnya,Negatif,Negatif,0.981,pembantu koruptor hama
3ed19c51-ecdd-4f42-83c2-20afd98858f6,fahmi zaki,1,2026-08-25T17:23:24.364Z,Autentikasi & Akun,Negatif,Negatif,1,"takut di blokir tiba"""
f38f7d29-8cc9-4341-855a-d3245e736394,Iyan Dahlan78,1,2026-08-25T17:23:14.796Z,Kinerja & Server,Negatif,Negatif,0.9792,❌❌❌❌ tetap bca paling terpercaya
d75c43c5-7022-4254-83e4-b91fe12d7fc4,Amelia Masambe,1,2026-08-25T17:22:52.830Z,Lainnya,Negatif,Negatif,0.9991,kecewa dgn bank mandiri
594f1fd0-fdd6-4912-bebe-81b6895f88bd,Steven Oke,1,2026-08-25T17:22:43.320Z,Autentikasi & Akun,Negatif,Negatif,0.9995,takut diblokir
7b99d4c3-70b9-4f97-9399-2a246a0b7b4c,Faisal Mohammad,1,2026-08-25T17:21:25.725Z,Lainnya,Negatif,Negatif,0.952,"bank annying, nurut aparat lain kali sekalian umumin lu nyediain kopi n teh buat anak cucu aparat di pagi hari"
e8600c1e-8a00-4ad6-a938-1b15eb3fc39f,Rio Zulkarnain,1,2026-08-25T17:20:40.341Z,Lainnya,Negatif,Negatif,0.9785,mudah diintervensi data tidak aman
55c8e349-8274-42bd-a2de-0ae14f825b5f,Aris Purnama,1,2026-08-25T17:18:13.926Z,Lainnya,Negatif,Negatif,0.9991,sangat kecewa. bukan mandiri lagi
8e6b93e9-9e0a-40e1-afde-868472f033ae,Abang Ganteng,1,2026-08-25T17:17:46.788Z,Autentikasi & Akun,Negatif,Negatif,0.9939,jgn main blokir rakyat
bf4526a2-6c3a-4980-93b4-3a089a744556,Francisko Simamora,1,2026-08-25T17:17:19.671Z,Lainnya,Negatif,Negatif,1,sangat buruk
5428ee76-7d65-472c-8355-8275e073b08b,San San,1,2026-08-25T17:17:04.488Z,Lainnya,Negatif,Negatif,0.9614,bungkam teros
7ee07970-712d-4796-a512-b7eea9209c8a,Beatus Arnoldus Jansen,1,2026-08-25T17:16:46.113Z,Lainnya,Negatif,Negatif,0.9677,susah di percayakan lagi
01852bf3-b1eb-440d-8297-b07c430143e3,Di Chanel,1,2026-08-25T17:16:41.686Z,Autentikasi & Akun; Layanan & Fitur Finansial,Negatif,Negatif,0.9997,suka2 lu aja blokir rekening orang. bumn bumn
dad4ffae-1449-42ae-9c34-0afb9b7770f6,Galang Andaru Jati,1,2026-08-25T17:16:18.599Z,Lainnya,Negatif,Negatif,0.9883,boneka pemerintah😂
0ac92572-0f1e-4f33-8f31-8ea3ae012b66,Iponk Xbilal,1,2026-08-25T17:16:02.913Z,Lainnya,Negatif,Negatif,0.987,BANK TIDAK PUNYA PENDIRIAN . BANK BISA DI SETIR
ce24d8d5-b350-453d-ac63-f43d259d9f67,Fahmi Gunawan,1,2026-08-25T17:15:53.716Z,Lainnya,Negatif,Negatif,0.9571,kredibilitasnya perlu di pertanyakan
63f0bc92-8da0-4def-bb41-1bc747d62f96,YT mertua,1,2026-08-25T17:15:42.897Z,Lainnya,Negatif,Negatif,0.9979,boikot
734ca756-11e9-4c8c-a477-eeb95c64673f,rapanka Hasbiyansyah,1,2026-08-25T17:13:31.371Z,Lainnya,Negatif,Negatif,0.9891,sangat kacaw bank mandiri
c1f4d421-cd8f-4adc-81e8-185aebc7df72,Binshar Fauza,1,2026-08-25T17:13:10.832Z,Lainnya,Negatif,Negatif,0.9999,disetir bukan mandiri :(
17e62782-9a4c-4e5c-a4d7-5d724600da45,Hendra Irfansyah,1,2026-08-25T17:12:45.942Z,Lainnya,Negatif,Negatif,0.9911,bank dzolim
f56765e3-c0b3-48b4-8a6b-d3bc55afbbbd,Program Entertainment,1,2026-08-25T17:12:30.992Z,Lainnya,Negatif,Negatif,0.991,"selama 7tahun nabung disini okey bgt,tapi sekarang udah gamau nabung lagi disini takut tiba"" dibekukan"
96431ffc-15c4-4b08-abac-710f49052eed,Rama Alfarizky,1,2026-08-25T17:11:31.845Z,Autentikasi & Akun,Negatif,Negatif,0.9987,"pemblokiran secara sepihak, ga aman ni bank"
48521454-cb08-43c9-806d-7ee7e140f35f,Hendrik Suprianto,1,2026-08-25T17:10:47.117Z,Lainnya,Negatif,Negatif,0.9777,pelayanan yg kurang bagus se enak enak ya aja
413ccc29-aa41-446b-b96c-7ec25594d783,biru laut,1,2026-08-25T17:10:20.759Z,Lainnya,Negatif,Negatif,0.9992,katanya mandiri kok disetir?
1767712d-949c-4dc2-b392-3814696ddf70,Inggit Sifa Mualif,1,2026-08-25T17:10:18.476Z,Lainnya,Negatif,Negatif,0.9998,SISTEMNYA BURUK
b624bb6a-c16b-4596-86f2-a32db7278972,FAKHRI CHANNEL,1,2026-08-25T17:09:11.990Z,Kinerja & Server,Negatif,Negatif,0.9892,lemottt
9d5cb327-6e38-444e-9458-fc9581d9bb72,Rizkymosh co,1,2026-08-25T17:08:39.228Z,Lainnya,Negatif,Negatif,0.9979,boikot!!!!!!!!!
0e309b4d-f7b8-466e-a46a-02566ad9f555,Taufik Ramadhan,1,2026-08-25T17:08:24.120Z,Lainnya,Negatif,Negatif,0.9546,haram menggunakan bank ini
041c6cb6-8018-4b2d-bd39-23de210a6d3f,asep ahmad,1,2026-08-25T17:08:12.284Z,Kinerja & Server,Negatif,Negatif,0.9501,sering erorr
761dd31c-83ee-4490-a5f9-a68ed8978fbf,Ahmad Syaifi,1,2026-08-25T17:06:32.600Z,Lainnya,Negatif,Negatif,1,buruk
61a4630c-085c-4c1c-9809-038ff70ec183,Single Fighter,1,2026-08-25T17:05:49.447Z,Lainnya,Negatif,Negatif,0.9773,Bank bekingan aparat
3eee1364-a380-4a21-af42-57cb457b5fe3,odik aka,1,2026-08-25T17:05:37.684Z,Autentikasi & Akun,Negatif,Negatif,0.9991,WARNING WASPASA BANK MANDIRI TIDAK AMAN. UANG NASABAH BISA DI BLOKIR SEPIHAK OLEH PIHAK BANK. HATI2 UANG ANDA TIDAK AKAN AMAN
ed7b2a2b-377d-4f9c-b516-04eba68b7bfd,bengkel tutup,1,2026-08-25T17:05:37.186Z,Lainnya,Negatif,Negatif,0.999,kampret
ac0fc674-7299-4044-8c66-e00e4b74139b,Fitri Aisyah,1,2026-08-25T17:05:34.902Z,Autentikasi & Akun,Negatif,Negatif,0.9998,sorry sangat tidak amanah. hati2 kena blokir😅
7fd97457-c0fe-4221-8d60-73efb67aeb03,Villarreal Cell,1,2026-08-25T17:05:01.456Z,Autentikasi & Akun,Negatif,Negatif,1,bank main blokir aja
e0376170-a9f2-4f4b-b8bd-82ca96ddc318,Sella Nirmala,1,2026-08-25T17:02:35.418Z,Autentikasi & Akun; Layanan & Fitur Finansial,Negatif,Negatif,0.9982,setelah kejadian pemblokiran rekening seorang demonstran di jakarta karena intervensi polisi rasanya sudah tidak nyaman menyimpan uang di sini.
97a76a66-0e65-4cfa-9921-67577c467914,Fadhilasskaori,1,2026-08-25T17:01:46.865Z,Autentikasi & Akun,Negatif,Negatif,0.9969,blokir duid rakyat secara sepihak... bintang 1
51a90927-abd2-458e-aad7-3b3c5235846c,Mahoni 77,1,2026-08-25T17:01:42.135Z,Lainnya,Negatif,Negatif,0.9816,bank kocak era 20an 😂
38c22e3e-102b-434c-a9f6-17347e5b2b86,AN JING,1,2026-08-25T17:00:40.480Z,Lainnya,Negatif,Negatif,0.9449,bank cacad
0ca7dc33-883b-48a5-9e63-e2aa02063766,Ahmat Aswan,1,2026-08-25T16:59:46.466Z,Lainnya,Negatif,Negatif,0.9244,ngk asik
38970045-9c01-47c0-99be-0f66459294fb,Ayi Sopandi,1,2026-08-25T16:59:34.368Z,Lainnya,Negatif,Negatif,0.9934,uninstal aja!!!
b0a7e674-c258-4066-a041-276993dcae52,Rendy Diyau,1,2026-08-25T16:58:51.751Z,Autentikasi & Akun,Negatif,Negatif,0.9933,bank aparat bahaya pindah woy
5741f0ca-e00a-4f11-bd11-407a7d745803,Aldiputra Nurjaman,1,2026-08-25T16:57:38.750Z,Lainnya,Negatif,Negatif,0.9883,kurang baik
fde0d2cf-6454-43a3-a65f-333a8b48a22b,Arka Yk,1,2026-08-25T16:57:22.955Z,Autentikasi & Akun,Negatif,Negatif,0.9927,pemblokiran nasabah aktivitis!
666b4e85-9bce-493a-9c81-4a79d416c36f,Aprilia riadii,1,2026-08-25T16:56:51.189Z,Autentikasi & Akun,Negatif,Negatif,0.9951,ngeri ahhh... tarik saldo pindahin ke seabank 😅😅
28846533-8eac-44ce-85cb-2228f5f663b9,Zeto Black,1,2026-08-25T16:56:31.531Z,Lainnya,Negatif,Negatif,1,jelek
38318871-2669-4899-8272-6fa69f400f0c,Neck Sans,3,2026-08-25T16:55:17.440Z,Lainnya,Negatif,Negatif,0.9535,Ijin pamit ke BCA boss
8309257b-8720-41d0-ad3f-f8f9904b106b,Zahraafizah,1,2026-08-25T16:55:15.867Z,Lainnya,Negatif,Negatif,0.9965,kecewa
a8edbb5f-8c00-45b9-bc46-17321c668f72,To rronus,1,2026-08-25T16:53:29.552Z,Lainnya,Negatif,Negatif,0.9997,Boikot bank mandiri !!!!!!!!
4021d4e4-f7cb-45fc-ba4c-6ac11ad21f7f,Mohamad Novanto,1,2026-08-25T16:53:08.730Z,Lainnya,Negatif,Negatif,0.9954,ngeriiii inii
3eff8843-5bb5-4a4b-a07e-1ada2bcbb4eb,Aa Koko,1,2026-08-25T16:52:40.488Z,Autentikasi & Akun,Negatif,Negatif,0.9833,ngeri kali tanpa putusan pengadilan maen blokir2 aja dshlah pindah Halo BCA ... otewe
a22a1655-c994-4fd4-8779-8cc5ccf457ef,Ari Wicaksono,1,2026-08-25T16:52:36.295Z,Autentikasi & Akun; Transaksi & Pembayaran; Kinerja & Server; Layanan & Fitur Finansial,Negatif,Negatif,0.9969,"gak jadi buka rek, takut kenak blokir. bisa hangus dana ku.... tarik dan tutup semua rek di bank mandiri. mumpung blm musnah uangnya."
5dd6df29-917b-4036-a3ca-240e55186d53,Enggar Pratitis,1,2026-08-25T16:51:30.668Z,Layanan & Fitur Finansial,Negatif,Negatif,0.981,Tidak relevan jangan pernah buat rekening di mandiri
68460354-ab5c-4830-acc6-0050182ac2f8,arii lesmana,1,2026-08-25T16:51:08.739Z,Autentikasi & Akun,Negatif,Negatif,0.9944,saya pindah bank maaf
e63ee77e-6196-4cdf-bf17-d5649ad10d27,Baliqu Terbaik,1,2026-08-25T16:50:58.840Z,Lainnya,Negatif,Negatif,0.9938,hati² nanti uang nya hilang kalo di tabung disini
ba6c029f-b371-4ba6-a168-fb9dece11263,Eko Ajha,1,2026-08-25T16:50:09.889Z,Lainnya,Negatif,Negatif,1,bank tolol
789209c1-1869-4a2e-958a-ffdc8ca2dd3c,PRISTANTO MAHMUD,1,2026-08-25T16:48:51.989Z,Autentikasi & Akun,Negatif,Negatif,0.9981,jangan pernah naruh saldo di bank mandiri nanti tiba² di blokiiirrr sesuai permintaan aparat
17f7f885-e09b-4150-b4e4-80e72246e783,a_tm 26,1,2026-08-25T16:48:42.439Z,Lainnya,Negatif,Negatif,0.9994,tidak mandiri nurut pada penguasa
db200c92-3f3c-493b-bcea-19d912abd997,Ardi Wibowo,1,2026-08-25T16:48:41.707Z,Lainnya,Negatif,Negatif,0.999,kecewa sama Mandiri
dca3fb45-8941-4d88-81d0-3e98396526d9,Yusup Raditia,1,2026-08-25T16:48:17.583Z,Lainnya,Negatif,Negatif,0.9829,"maaf ya saya uninstal, dan tidak akan pernah saya gunakan lagi bank mandiri , terimakasih sudah mengkhianati kami sebagai nasabah kalian"
93ec91f0-8beb-4fa1-8594-5c2494c32091,Theofilus Tokan,1,2026-08-25T16:47:56.265Z,Lainnya,Negatif,Negatif,0.9729,burik
04581829-e307-4732-87a4-d2181f9949b2,Cyraa,1,2026-08-25T16:47:41.778Z,Lainnya,Negatif,Negatif,0.9925,saldo tiba tiba ilang
d95139c3-c8e2-4c4c-b3d3-94354501c072,Aris Taufik rahman,1,2026-08-25T16:46:54.428Z,Lainnya,Negatif,Negatif,0.9996,boikot mandiri
7dc647e7-6bbf-417a-a078-bf9222b6f654,Tri meidi Setiawan,1,2026-08-25T16:43:55.270Z,Lainnya,Negatif,Negatif,0.9989,gk jelas ini bank
e720139d-0eb6-4c88-a6b1-670556cd3b36,Yoga Adhi,1,2026-08-25T16:43:32.369Z,Lainnya,Negatif,Negatif,1,kacau
d0f53d56-ea1b-4cf3-857a-129bf2e061c7,Afru Pradana,1,2026-08-25T16:42:32.806Z,Lainnya,Negatif,Negatif,0.9452,Sedikit support
2630e342-3d0b-44d0-8fad-46ced8ea0e46,Ega Chelsy Wiratama,1,2026-08-25T16:42:29.671Z,Lainnya,Negatif,Negatif,0.9979,boikot
1a6532f5-e0a7-4678-928a-f2bed1aabd86,Hasan Udin,1,2026-08-25T16:42:17.703Z,Lainnya,Negatif,Negatif,0.9986,bank koruptor
9f83a50d-37d0-4554-afe4-7eb9ef6c8e00,Rizky Ardiyansyah,1,2026-08-25T16:41:48.875Z,Lainnya,Negatif,Negatif,0.9978,"apk nya jelek, masih ada sisa 36rb lagi, malah di ambil kocak lu"
7577f9c2-b3eb-4234-896f-f2dbadff58b8,wink duck,1,2026-08-25T16:41:26.527Z,Lainnya,Negatif,Negatif,0.9978,sangat jelek..semoga tidak ada nasabahnya..modiae
65f35807-0b84-4819-bf0b-cf9908564b3b,Imbang Irham,1,2026-08-25T16:40:59.853Z,Lainnya,Negatif,Negatif,0.9893,wkwkwk ilang reputasi lu
5810546c-0e0b-4ae4-9390-9eacfb74b78b,Infinix Note30pro,1,2026-08-25T16:40:06.907Z,Layanan & Fitur Finansial,Negatif,Negatif,0.9977,"MENGECEWAKAN, BARU BIKIN REKENING MANDIRI. EH HARUS DI HARUS LAGI DAH KAYA GINI MAH"
13fe6a20-0212-46e8-b6a4-a62b5f9e703f,zikri amattulloh,1,2026-08-25T16:39:02.361Z,Lainnya,Negatif,Negatif,0.9975,"bank yg gmpang di setir, bukan mandiri jadinya klo begini.. blunder amat"
060c145d-a94d-4d9f-acfd-120fabc58f66,Randi Pratama,1,2026-08-25T16:38:55.754Z,Lainnya,Negatif,Negatif,0.9034,mandri2 knpa kau berbuat ulah trus
83831f19-2089-4a2c-ac2a-1a1e28fa9a03,DEVIN ZECHARIAN ERYZONA PUTRA,1,2026-08-25T16:36:25.530Z,Lainnya,Negatif,Negatif,0.9967,bank kocak
87db4497-7fd7-4371-80b5-386af1c3acf3,Lucky Prabu Bagindo Kusuma,1,2026-08-25T16:36:14.816Z,Lainnya,Negatif,Negatif,0.9449,bank kapitalis
29dd0a88-f552-4986-bdbe-77a7e924386b,Rev Masseo,3,2026-08-25T16:35:52.644Z,Lainnya,Negatif,Negatif,0.981,potongan gede
41f4f64b-6cad-4f93-8803-b1199f98f921,Mazzrizz,1,2026-08-25T16:35:49.417Z,Autentikasi & Akun,Negatif,Negatif,0.9776,keblokir i pie tok
d56b3e31-6b93-4a84-ab8d-09603aca67ea,luxvi92,1,2026-08-25T16:34:54.916Z,Lainnya,Negatif,Negatif,1,buruk
f86ecf94-109b-453a-af50-4ec14756ddfc,Windra Wijaya,1,2026-08-25T16:34:35.623Z,Lainnya,Negatif,Negatif,0.9808,bank sarang koruptor
162d7f6e-ae97-4a76-a055-66e81cf7f2c9,Siti anisa Mutmainah,1,2026-08-25T16:34:34.139Z,Lainnya,Negatif,Negatif,0.9701,bank perampok .
28630957-5e86-4ba8-8966-19d9f0852d3a,Santa Clown,1,2026-08-25T16:34:27.798Z,Lainnya,Negatif,Negatif,0.9766,boikott
87f2ea46-cb17-4c7a-b7d1-c8cc0466cf8a,Erick Kurniawan,1,2026-08-25T16:33:58.192Z,Lainnya,Negatif,Negatif,0.964,"bank harusnya independen, jangan mau diintervensi pihak manapun. integritas mandiri diragukan dan trust nasabah juga ikut turun."
3f2e4044-5e4d-4603-8efd-ea8847bbeb15,toro adi,1,2026-08-25T16:33:39.696Z,Lainnya,Negatif,Negatif,0.9998,payah boikot mandiri
683d3ca5-2c03-49d4-833c-184234011fd9,Muhammad Iqbal,1,2026-08-25T16:33:28.270Z,Autentikasi & Akun,Negatif,Negatif,0.9989,bank yg sepihak memblokir akun nasabah
f99869e0-ee89-4499-bd52-c316f102f7bc,khamdi,1,2026-08-25T16:32:19.320Z,Lainnya,Negatif,Negatif,1,"bad, buruk,jelek"
bc73e875-0595-41b0-9c20-0efdce200f87,akbrfjrrhm 14,1,2026-08-25T16:31:52.630Z,Transaksi & Pembayaran,Negatif,Negatif,0.9721,GOKIL . GARA GARA BELUM BAYAR ADMIN DEBIT 3.500 TIDAK BISA DI PAKAI KARTU ATM 😂
b975d59e-f354-4a10-8c88-bcaca0c469cb,Suryadi Suryadi,1,2026-08-25T16:31:38.419Z,Autentikasi & Akun; Layanan & Fitur Finansial,Negatif,Negatif,0.9999,PEMBLOKIR REKENING AKTIVIS
0641cce7-49a6-4bd6-8de9-5107f71b8d89,Krokodail Chanel,1,2026-08-25T16:31:37.880Z,Lainnya,Negatif,Negatif,0.9744,boikot duarrrrrrr 🤏🤏🤏
06016b54-78a8-4f22-adbe-e0fb7529dfeb,David Setiawan,1,2026-08-25T16:31:18.950Z,Lainnya,Negatif,Negatif,0.9993,busukkk
e3f09d88-7d87-483b-8cc2-c85b101d4d78,Asep Ricko Saputro,1,2026-08-25T16:30:48.644Z,Lainnya,Negatif,Negatif,1,"bank jelek,pelayanan jelek,boikot bank ini"
5c42751a-7302-4694-925e-d5c5ebb66194,M.Alfantaufiki,1,2026-08-25T16:30:46.340Z,Autentikasi & Akun,Negatif,Negatif,0.9984,gajelas pemblokiran
2cc8b028-b92a-409f-9ef9-49a38cdebdd5,Riyan Official,1,2026-08-25T16:30:24.446Z,Autentikasi & Akun,Negatif,Negatif,0.9995,yakin kena blokir tiba2
e8425d81-1724-4e7e-9365-b642d5e24788,Tommy Hadiwijaya,1,2026-08-25T16:30:22.542Z,Lainnya,Negatif,Negatif,0.9969,ga guna!
de738796-5be9-4a86-a3a4-a33dfcba15b5,Rizky Kairi,5,2026-08-25T16:30:06.668Z,Lainnya,Positif,Positif,0.9008,aku sudah lebih dari 5 tahun pakai livin terus..the beast
645d4d43-e283-41d8-ae7a-bb497a43c06a,Ary Tina,1,2026-08-25T16:29:36.501Z,Lainnya,Negatif,Negatif,0.975,kapok pake mandiri
0be189f9-bfa8-4cc9-a757-f4c7bd64b379,gaskins 015,1,2026-08-25T16:29:32.911Z,Autentikasi & Akun,Negatif,Negatif,0.9985,bank ini ngak propesional main blokir² sja.
c7a9e89d-bf8b-430d-82f2-1756c28a4829,muhammad arif,1,2026-08-25T16:29:18.669Z,Lainnya,Negatif,Negatif,0.9273,anda berbohong
c3f3d880-da4a-46dc-ae68-7c7603c0eb60,Muhammad Noval,1,2026-08-25T16:28:38.254Z,Autentikasi & Akun,Negatif,Negatif,0.9969,pihak bank tidak profesional dalam pemblokiran orang mau mengaspirasikan pendapat
1dde6b55-667c-463b-b107-20f01c5260c6,"Muh Adrian H, S Tr IP",1,2026-08-25T16:28:24.153Z,Lainnya,Negatif,Negatif,0.9999,bodoh
a1bb40ca-c550-4d87-b4a8-baa7664169bb,braynen liwoso,1,2026-08-25T16:26:49.250Z,Autentikasi & Akun,Negatif,Negatif,0.9789,"akun terblokir sendiri, padahal mau liat riwayat transaksi UKT kuliah bulan kemarin."
16703080-4185-4030-88b5-c924f4bf3ac8,ciyank shen,1,2026-08-25T16:26:39.369Z,Lainnya,Negatif,Negatif,0.9671,aplikasi kureng
e434abd7-9c72-4bcb-bf7f-3344f366a038,Rahmat Saefudin,1,2026-08-25T16:26:01.784Z,Lainnya,Negatif,Negatif,0.9597,ngeri pake mandiri sekarang udah viral di media sosial
da0d0cb5-364a-4e8d-9322-f1619326527f,Fathur Rohman Annafis,1,2026-08-25T16:25:58.293Z,Lainnya,Negatif,Negatif,0.9999,pelayanan buruk
0b8aa530-1a70-4654-81c1-e72684150273,Sofian Bejo,1,2026-08-25T16:24:04.890Z,Lainnya,Negatif,Negatif,0.9988,"gak suka ah, bisa disetir aparat"
a3b4855e-6606-4877-a84e-cdfc6d813645,Tetenn12,1,2026-08-25T16:23:47.207Z,Lainnya,Negatif,Negatif,1,Jelek
ce18a65b-af58-47fa-83c9-c6d125256e4c,ABDUL FATAH Fatah,4,2026-08-25T16:23:05.265Z,Transaksi & Pembayaran,Positif,Positif,0.6485,tidak bisa Top Up padahal nomor sudah benar dan sudah biasa
62792726-ecfe-450d-8b75-3b3248b1ff2f,ade maskur,1,2026-08-25T16:23:01.443Z,Autentikasi & Akun; Layanan & Fitur Finansial,Negatif,Negatif,0.9837,banyak reviewer bilang rekening bisa terblokir tanpa prosedur yang sah.
fd006599-c34e-41b0-a333-23627e446a6b,brother hood,1,2026-08-25T16:20:41.709Z,Autentikasi & Akun,Negatif,Negatif,0.9976,ngeri saldo bisa diblokir sepihak
7a2aa7d5-1b9d-4b3e-9d01-38221e432cc5,Anjani Dewi,1,2026-08-25T16:20:07.552Z,Autentikasi & Akun,Negatif,Negatif,0.9832,kecewa setiap debit otomatis ke debet 2x trus saldo keblokir. gimana sih sistemny tolong diperbaiki lagi.
bd684da1-7bae-4300-840b-6f3969044a64,Achmad Ahsraf,1,2026-08-25T16:19:55.537Z,Lainnya,Negatif,Negatif,0.9997,bahaya bank mandiri ga bisa di percaya. kurang aman untuk nasabah. maaf saya uninstall.
b81dfa2c-5acb-4141-af63-de7ebfa9a777,trio akbar,1,2026-08-25T16:19:19.595Z,Autentikasi & Akun; Layanan & Fitur Finansial,Negatif,Negatif,0.9983,ga jadi buka bank seenaknya blokir tabungan rakyat apa apaan
85781882-10ae-4938-ac89-95d34cae5aca,Ade Muhammad Firdaus,1,2026-08-25T16:18:58.426Z,Lainnya,Negatif,Negatif,0.9964,"bank terlalu main hak sendiri dan tidak mendukung customer malah lebih memihak kepada aparat kepolisian, sehingga membuat customer mengalami kerugian."
42ca5232-cd28-4726-a792-e92126f4396b,Nandi Hidayat,1,2026-08-25T16:18:54.260Z,Lainnya,Negatif,Negatif,1,jelek
29d93149-9307-4493-9605-f47405acc1a5,rizal ch,1,2026-08-25T16:18:53.899Z,Lainnya,Negatif,Negatif,1,bobrok
a662c2f4-8c31-4992-bf23-f2e949881ab9,Ezz. Player,1,2026-08-25T16:18:37.512Z,Lainnya,Negatif,Negatif,0.9833,udh terllu kecewa
599bd27e-0e5b-4bfc-b5ea-850d5c0a9611,Deni Hollow44,1,2026-08-25T16:18:14.388Z,Lainnya,Negatif,Negatif,0.9273,boicot....
f26db34e-8aef-45c5-a59d-c822a5d17d45,Muhammad Agus Yani,1,2026-08-25T16:17:22.173Z,Kinerja & Server,Negatif,Negatif,0.9712,aduh lemot
26324ffd-ef74-45a8-837f-82a9eaf1f9a6,Ide Sakti,1,2026-08-25T16:16:52.923Z,Lainnya,Negatif,Negatif,0.9784,perbankan penindas rakyat . bye
c87e1670-8022-4539-8b1a-584666fad28b,Jefrikntl123 Jefrikntl123,1,2026-08-25T16:16:49.999Z,Autentikasi & Akun,Negatif,Negatif,0.9989,blokir akun tidak ada keterangan
d8da521b-d980-448c-a43a-17ea4bc6415b,Bagus Adi Nugroho,1,2026-08-25T16:16:36.310Z,Autentikasi & Akun,Negatif,Negatif,0.9963,Duit Korupsi pejabat di amanin duit murni donasi di blokir 🤣
5648580d-6145-4ead-8b9b-81b6cff356fc,Nanang Supriatna,1,2026-08-25T16:16:07.112Z,Lainnya,Negatif,Negatif,0.9766,yang lagi viral
7a8ddd7a-fc35-454d-a5d0-7206aa215494,hengki indawan,1,2026-08-25T16:16:05.400Z,Autentikasi & Akun,Negatif,Negatif,0.9779,"kecewa dg aksi pemblokiran saudara kita BOLO, ini bank paling biadab,"
fa31390e-9ea6-4603-a785-beaaa93d975c,Panci Warteg,1,2026-08-25T16:15:14.976Z,Autentikasi & Akun; Transaksi & Pembayaran; Layanan & Fitur Finansial,Negatif,Negatif,0.9898,JADI NGERI PAKAI MANDIRI KETIKA MENDENGAR MANDIRI MEMBLOKIR DANA NASABAH TANPA SE IJIN PENGADILAN.. AWAS BUAT KALIAN YANG MASIH PAKAI MANDIRI MENDINGAN CEPAT PINDAHIN DARI PADA TABUNGAN KALIAN HILANG SEMUA
6ced21b4-5906-412e-8efa-b8633cf0e300,Wiwit Jore,1,2026-08-25T16:14:56.144Z,Lainnya,Negatif,Negatif,0.9812,kenapa blunder.. saya udah lama pake ini... jadi takut kalo taro saldo lgi...
5ed1c5b1-6549-45d5-b122-3ffe134ac20f,Bobby Tank,1,2026-08-25T16:14:52.930Z,Lainnya,Negatif,Negatif,1,kacau
d68e1c89-6f22-4f8d-8a3e-3fc843b0c488,Agung Priadi,1,2026-08-25T16:14:33.801Z,Lainnya,Negatif,Negatif,0.9999,tolol
0354ea1c-a3d2-4949-8927-6dcbb07780bf,Agung Sianiper,1,2026-08-25T16:14:24.654Z,Lainnya,Negatif,Negatif,0.9399,sabar ya
ec731165-942f-4297-b29e-a827185ca0ed,Rio Saputra,1,2026-08-25T16:13:51.661Z,Lainnya,Negatif,Negatif,0.9996,boikot mandiri
ebe8d63b-8be6-471a-8a22-51bbcc69046d,Jaka Boy,1,2026-08-25T16:13:49.670Z,Autentikasi & Akun,Negatif,Negatif,0.9447,"min cara pindahin saldo 10rb gimana soalnya mau di boikot kan ni bank mandiri, jadi sayang kan lumayan dapat surya 4batang"
ca6b6561-ce9b-42a8-9aa9-76bff46e2cd1,nur iman santoso,1,2026-08-25T16:13:21.827Z,Lainnya,Negatif,Negatif,0.9994,Bank yang sudah mulai tidak AMANAH.
1ba9bd38-ca96-4bc9-9df0-db031582391d,Abhelian SaputrA,1,2026-08-25T16:12:12.140Z,Lainnya,Negatif,Negatif,0.9968,Ganti lah jadi Tidak Mandiri
957e9e0a-d403-41a5-b0d1-ff59a0b43eec,Ahmad Fatoni,1,2026-08-25T16:11:30.427Z,Autentikasi & Akun,Negatif,Negatif,0.9732,tidak disarankan menyimpan uang disini lebih baik pindahkan saja uang kalian
f93f5a0f-8574-4799-95c9-a213c261ebda,Anisah Rahmadani,1,2026-08-25T16:11:25.816Z,Autentikasi & Akun,Negatif,Negatif,1,bank mandiri ga jelas main blokir sepihak
f4733ef4-03bb-4342-965f-bf65a17d9432,Idhung JLC,1,2026-08-25T16:11:15.970Z,Lainnya,Negatif,Negatif,0.924,titak bisa menjamin ke amanan terhadap nasabah
91372ce8-007b-4967-a818-1fdc94ec1bec,SAT 3NAD,1,2026-08-25T16:10:47.800Z,Autentikasi & Akun,Negatif,Negatif,0.9998,suka blokir
477ebce1-9ed5-4517-b16c-e7268139169a,jackky jack,1,2026-08-25T16:10:46.404Z,Lainnya,Negatif,Negatif,0.9993,bosok
6daca36c-f8aa-4bd6-b73a-fed1d6f9bab5,Amanda Lestari,1,2026-08-25T16:10:37.746Z,Autentikasi & Akun,Negatif,Negatif,0.9987,bank gajelas main blokir2 spihak aja!
459e59db-0031-4357-b727-4324c34e2ed1,Andes Bonprk,1,2026-08-25T16:09:24.702Z,Autentikasi & Akun,Negatif,Negatif,0.9998,Duit ke blokir
91f7dd6a-58cc-4fc2-a8f7-10d3774358e8,asep rochmansyah,1,2026-08-25T16:08:53.177Z,Lainnya,Negatif,Negatif,1,.. 👎
d56fec28-a11a-4729-b9be-f931875f0499,Irfan Andika,1,2026-08-25T16:08:20.686Z,Lainnya,Negatif,Negatif,0.9818,gak bakalan pakai bank ini
a6dc36d6-65da-4780-8462-d7f90d5b62bf,Samsul Maarif,1,2026-08-25T16:07:38.975Z,Lainnya,Negatif,Negatif,1,buruk
331d2872-70a8-416c-b890-3a0f04b8dacc,Didik Purwanto,1,2026-08-25T16:06:59.692Z,Autentikasi & Akun,Negatif,Negatif,0.9999,maen blokir
1fcbc956-f76c-4965-a0f1-43c9c7ec3147,Suhari Suhari,1,2026-08-25T16:05:19.912Z,Lainnya,Negatif,Negatif,0.9996,gak mandiri
1f054b1c-c442-467e-9e73-6f0a307e07c9,174_Deni Rahman,1,2026-08-25T16:03:22.842Z,Autentikasi & Akun,Negatif,Negatif,0.9721,"aplikasi gak jelas, suka tiba tiba gak bisa masuk, udahmah banknya gampang disetir"
18529d41-076e-4ec9-82d3-83bcbc9f3866,ade fradians,1,2026-08-25T16:02:34.154Z,Lainnya,Negatif,Negatif,0.9873,biar bintang yang berbicara
22d8f01b-cd2b-4e37-a6fb-4d3ba7cadc9d,Birs Aja,1,2026-08-25T16:02:30.386Z,Lainnya,Negatif,Negatif,0.9605,bank ini bsa di kendalikan oleh siapa pun
d3ebc081-c4b8-455d-a9fe-8b288c9f0883,sinduwangsa nugraha,1,2026-08-25T16:01:22.440Z,Lainnya,Negatif,Negatif,0.9959,tidak bisa di percaya
f0d235d3-f056-4055-a3b6-e47edb631f56,Sulai Mhan,1,2026-08-25T16:01:18.431Z,Lainnya,Negatif,Negatif,0.9095,"saldo gak bisa di gunakan, wah hebat ni aplikasi . mending buat deposit zeus ketimbang deposit dilivin"
3d2f072e-c022-407c-9943-1907632285c7,Doni pare chanel,1,2026-08-25T16:00:52.678Z,Lainnya,Negatif,Negatif,0.9908,ruwet
254b04c3-e29a-49f9-906c-818de338150e,KAYATUR ROHMAN,1,2026-08-25T16:00:45.347Z,Autentikasi & Akun,Negatif,Negatif,0.9992,JANGAN PAKAI MANDIRI GUYS NANTI DI BLOKIR
89fa940f-6eac-4cc5-99e6-b0ea7b197c7c,Luk Fandi,1,2026-08-25T16:00:40.401Z,Lainnya,Negatif,Negatif,0.9993,payah
3a48dcda-2b4a-4d8e-9486-23a7ced6e466,Mas Yayan,1,2026-08-25T16:00:13.161Z,Lainnya,Negatif,Negatif,0.9966,sangat tidak aman
b55ad163-aebd-4906-98a4-fa53fb438937,Agita Gita,1,2026-08-25T15:59:49.259Z,Lainnya,Negatif,Negatif,0.9979,KATANYA MANDIRI TAPI KOK DI STIR?
0b5ac4d0-ad58-4171-9638-fc2714b85ef0,Risna Wati,1,2026-08-25T15:59:16.438Z,Lainnya,Negatif,Negatif,1,aplikasi sampah
c82a37e1-b4f3-4f65-9114-72a81e8828af,Perdiansyah official,1,2026-08-25T15:59:06.452Z,Lainnya,Negatif,Negatif,0.9996,SUDAH TIDAK MANDIRI
a722674b-7a61-4c58-b55a-a8743256958d,Nando Ganteng,1,2026-08-25T15:59:00.205Z,Kinerja & Server,Negatif,Negatif,0.9894,"gak jelas, suka eror"
263b984e-acb7-4e84-9282-1996debb6313,Agung Pratama,1,2026-08-25T15:58:09.429Z,Lainnya,Negatif,Negatif,0.8945,not recommended
2e88f1b4-c28c-4773-95d9-2c0a4dcb8c6b,A_29_DWI MUTIARA WIDA PUTRI,1,2026-08-25T15:58:01.499Z,Lainnya,Negatif,Negatif,0.9966,tidak aman
1385a39e-ae47-4dd4-b2df-b7f87fff88b7,Nurmilah 373,1,2026-08-25T15:58:01.215Z,Lainnya,Negatif,Negatif,1,skip mandiri 👎👎👎👎
16e11f66-d791-4b90-bb4a-aa61697378f2,Indra Prasetyo,1,2026-08-25T15:57:52.642Z,Lainnya,Negatif,Negatif,0.9872,"males dukung bank pengecut, tunduk penguasa kagak mandiri"
2425e2b6-3028-4f43-8a7d-264a43560167,Avatar lintas selatan,1,2026-08-25T15:57:12.738Z,Autentikasi & Akun; Layanan & Fitur Finansial,Negatif,Negatif,1,blokir rekening orang
7c954219-fb93-44d0-a1f5-dbba7a121e4a,Siti Jubaedah,1,2026-08-25T15:56:30.469Z,Lainnya,Negatif,Negatif,0.9168,ngga dulu deh
15162064-4fa0-4bd5-87a2-0fd9afecfbc3,Sugeng Wahyudi,1,2026-08-25T15:56:22.687Z,Autentikasi & Akun,Negatif,Negatif,0.9976,mandiri tidak koperatif semena² blokir akun orang
2180221b-fc25-41c8-8a28-a3a27db64980,Akhsan 01,1,2026-08-25T15:56:06.905Z,Lainnya,Negatif,Negatif,0.9965,kecewa
c7d3deca-7b21-4656-849b-aca8c2cf2762,Farhan Raihansyah,1,2026-08-25T15:54:44.123Z,Autentikasi & Akun; Kinerja & Server,Negatif,Negatif,0.9762,"Aplikasi lemot banget, susah log in nya. padahal belum pernah punya akun xixixi"
cca47be5-1b54-4a93-9eb1-ace5e1251711,Bayu Anggara,1,2026-08-25T15:54:33.616Z,Autentikasi & Akun,Negatif,Negatif,0.9558,kenapa akun saya tiba tiba terlogout sendiri dan tidak bisa masuk kembali
62eda5c6-fd67-4232-a49d-aa2d3de769a6,Rudy Pranata,1,2026-08-25T15:53:40.278Z,Lainnya,Negatif,Negatif,0.9924,boikot bank inj
433ea8e7-83be-4051-b224-3ff36d212288,deni sukarwan,1,2026-08-25T15:52:52.484Z,Autentikasi & Akun; Layanan & Fitur Finansial,Negatif,Negatif,1,hati2..blokir rekening sepihak...
caade91f-cb34-4c44-ad96-a155060698a9,langs nidek,1,2026-08-25T15:51:36.562Z,Lainnya,Negatif,Negatif,1,buruk
8809a6fc-d830-4400-a7dc-ae8aac9e194e,Tarissa Putri,1,2026-08-25T15:51:35.388Z,Autentikasi & Akun,Negatif,Negatif,0.9999,takut ke blokir ah saldonya
a2fbac3d-e827-4093-8306-37afcaca1387,Kalimat Sn,1,2026-08-25T15:51:08.611Z,Lainnya,Negatif,Negatif,0.9911,No respect
79b9c264-ec10-4341-8f26-f63af650d068,Sheva Cn,1,2026-08-25T15:50:40.908Z,Lainnya,Negatif,Negatif,0.9979,boikot
ae086187-2fc8-482b-bd5e-dec714c0af50,Zulkarnain Saragih,1,2026-08-25T15:50:20.283Z,Lainnya,Negatif,Negatif,1,sangat buruk
d1253e1a-1e2f-41d1-8659-c46316ba5190,AVHAND MARALLAO,1,2026-08-25T15:50:00.463Z,Autentikasi & Akun,Negatif,Negatif,0.9998,bank rezim!! main blokir sepihak
1e155278-9183-4834-827f-67adcefdf994,Danar Permono,1,2026-08-25T15:49:39.710Z,Lainnya,Negatif,Negatif,0.9449,bank apaann niihh
b36d8201-2de9-4c45-8277-c054fd47758d,Cah-Cah Dewe,1,2026-08-25T15:49:03.318Z,Lainnya,Negatif,Negatif,0.9313,gampangan bloker
37366799-2d7a-4432-98ee-5b9095071409,zen 97,1,2026-08-25T15:48:09.894Z,Lainnya,Negatif,Negatif,0.9916,waktunya uninstall
6edcc015-2d96-4841-bc37-042221c97897,Kimitachi Ore,1,2026-08-25T15:47:58.284Z,Autentikasi & Akun,Negatif,Negatif,0.9972,blokir terus ngab
1cc02052-e522-475f-acec-c2bb90bcb965,Arya Kurniawan,1,2026-08-25T15:47:27.719Z,Lainnya,Negatif,Negatif,0.9888,bahaya
8b88f26f-e5e4-487c-8c4b-1de7d2725aa9,Givari Trisnawardana,1,2026-08-25T15:46:58.689Z,Lainnya,Negatif,Negatif,0.9334,"SELAMAT ANDA MELAWAN NASABAH ANDA SENDIRI DENGAN KESENANGAN SEGELINTIR ORANG, INGAT MASYARAKAT BERSATU ANDA AUTO BANGKRUT"
7e2299c6-c728-4230-a909-9ad4046098cc,Pranadya Kevas,1,2026-08-25T15:46:17.435Z,Autentikasi & Akun; Layanan & Fitur Finansial,Negatif,Negatif,1,tukang blokir rekening 🤭🤭🤭🤭🤭🤭
a67c7a52-9948-49d8-a96d-ad178514fa7c,Dadan shaputra,1,2026-08-25T15:45:38.975Z,Lainnya,Negatif,Negatif,0.9997,BOIKOT BANK MANDIRI
4ec67bb3-ad5a-4a80-959f-f82735d8dfac,Yuni Sari,1,2026-08-25T15:45:35.142Z,Lainnya,Negatif,Negatif,1,aplikasi nya sangat jelek
253978cd-ae90-4daf-8298-a58a616a8e0c,Syahidin Al Hakim,1,2026-08-25T15:45:30.481Z,Autentikasi & Akun; Layanan & Fitur Finansial,Negatif,Negatif,0.9996,maaf saya kasih bintang 1 karena kekecewaan terhadap pemblokiran rekening aktifis pati
f9da839e-5976-4be4-9c3c-3f6614deb72e,Rcko,1,2026-08-25T15:44:43.616Z,Lainnya,Negatif,Negatif,0.991,Bad
70021fc4-8e37-443d-abfc-fb096635774e,Nauli simatupang,1,2026-08-25T15:44:36.964Z,Lainnya,Negatif,Negatif,0.9993,payah
4ac8ab10-c408-48ce-a759-a7f27167be07,Nugie gie,1,2026-08-25T15:43:22.203Z,Lainnya,Negatif,Negatif,0.9917,aksi boikot bankmandiri yg TDK bisa melindungi nasabahnya
d1aa72b8-4562-48af-ad88-f025ff8aaee0,Muhamad Akmal Mubarok,1,2026-08-25T15:43:11.530Z,Autentikasi & Akun,Negatif,Negatif,0.9999,"tidak profesional dalam menjaga privasi nasabah, maen blokir blokir aja."
17c7c134-2091-4e69-85f6-b403fbb89208,Dian Rtg,1,2026-08-25T15:43:09.293Z,Lainnya,Negatif,Negatif,0.9452,mari beri bintang 1 gays
f79f628b-990f-4f21-aba4-81ba41610af8,Simbolon Wasdo,1,2026-08-25T15:42:53.252Z,Lainnya,Negatif,Negatif,0.9707,"tidak kompeten, dan tidak propesional"
32a96f9e-1fc7-4391-abe9-9f947e2878a0,Ken Ramadhan putra,1,2026-08-25T15:42:47.951Z,Autentikasi & Akun; Kinerja & Server,Negatif,Negatif,0.9927,pelayanan kurang memuaskan kadang tiba tiba loading terus keluar dari akun
2a62349b-badd-4665-8fd9-17af51a7525e,Cek Mun channel,1,2026-08-25T15:42:29.595Z,Lainnya,Negatif,Negatif,0.9661,"bank settingan pejabat,"
2a02a724-3ff9-401f-94c8-6828ed46ed9d,Pulu2 Osas,1,2026-08-25T15:40:53.395Z,Lainnya,Negatif,Negatif,0.9862,mending BCA ngga si
ba8b4d77-569b-40d7-9e88-7479a19338c0,Eriadi Faizal,1,2026-08-25T15:40:41.959Z,Lainnya,Negatif,Negatif,0.9891,mending bank BCA aja gess
17431f3d-9e1f-40b3-a7c5-06a96c1aae25,Tiger Dalapansalapan,1,2026-08-25T15:40:33.604Z,Autentikasi & Akun,Negatif,Negatif,0.9995,pindah bank lain semenjak blokir 80 jt
a23f54fe-aa7b-4770-afc7-80b02b622019,Hashirama Setiawan,1,2026-08-25T15:40:31.873Z,Lainnya,Negatif,Negatif,0.9947,busuk suka perbaiki sistem
a6b90735-5e32-4c2d-b345-9b85697a956c,Fino Gebastian,1,2026-08-25T15:39:05.962Z,Lainnya,Negatif,Negatif,0.9449,bank dajall
15893d0c-5d00-45f6-a3aa-7b16b018fc02,Andi Rohmawan,1,2026-08-25T15:38:51.772Z,Autentikasi & Akun,Negatif,Negatif,0.9963,kenapa saldo mas botok diblokir?
c2210a5e-aa86-4960-a78b-d3796bde203c,Imam Mahmudi,1,2026-08-25T15:38:24.319Z,Lainnya,Negatif,Negatif,0.9857,bay bay mandiri aneh
68860139-a963-4e66-8aa9-64dee043f7d5,Rahmat Romadhon,1,2026-08-25T15:37:44.228Z,Autentikasi & Akun,Negatif,Negatif,0.9984,"Ngeri di blokir tiba tiba , saya orang kecil tidak punya power"
016101de-1f86-482c-bd93-b38a15c891d3,Faiz Dendy,1,2026-08-25T15:35:41.552Z,Lainnya,Negatif,Negatif,0.9979,boikot
ec26b92d-d21c-4dde-b6f9-42f80d753eab,Alviando Mohammad,1,2026-08-25T15:35:10.719Z,Autentikasi & Akun,Negatif,Negatif,0.9968,kok bisa memblokir secara sepihak
385a1b9c-d739-4d58-8e72-0e12d813d880,Purnomo Danu Aji,2,2026-08-25T15:34:27.760Z,Autentikasi & Akun; Transaksi & Pembayaran; Layanan & Fitur Finansial,Negatif,Negatif,0.9996,sering gagal dalam pembayaran Qris harus nya binta 4 tapi karena jadi budak aparat main blokir rekening nasabah kasih bintang 2 udah bagus
9f7b1c7c-3c4d-45dd-956e-81e8ccd8cebe,Mufidah,1,2026-08-25T15:33:53.239Z,Autentikasi & Akun,Negatif,Negatif,0.9999,blokirrr bank mandiri
2ed74f18-adda-433f-91d7-ceacdf18ec55,Aswin Suryana,1,2026-08-25T15:33:51.384Z,Autentikasi & Akun,Negatif,Negatif,0.9995,Hii takut blokir
98a65536-8ac3-4d27-9b2f-1f1c2de06e85,Irwan Vivo,1,2026-08-25T15:33:25.143Z,Autentikasi & Akun,Negatif,Negatif,0.9999,saya akan blokir bank mandiri
2064dabc-7a94-404a-90df-18c334be7be7,Akun Mobile,1,2026-08-25T15:33:23.230Z,Lainnya,Negatif,Negatif,0.9914,hati hati ya kwn2 pake mandiri skrg
89fde252-e5e1-43c9-9a37-c40cd3f5c784,Tedy Naila,1,2026-08-25T15:33:16.529Z,Lainnya,Negatif,Negatif,0.9759,mau mau nya di suruh suruh
0c6cac75-9be5-4ef1-aeee-bfcd97f62787,salsa billa,1,2026-08-25T15:32:16.178Z,Autentikasi & Akun,Negatif,Negatif,0.9969,"blokir balik akun bank mandiri,klo perlu blokir balik akun judol,biar org²pda ga bisa judol lg"
7c224c3e-ff47-46c6-9552-30afbb4f7c9b,Leo Soelaz,1,2026-08-25T15:31:37.318Z,Lainnya,Negatif,Negatif,0.9999,tolol
07d2b798-d2dd-4051-ab81-1d601bd7e294,IQBAL FADLI,1,2026-08-25T15:30:37.868Z,Lainnya,Negatif,Negatif,0.9966,"ngeri simpan uang di bank ini, saldo bisa terblockir tiba2 dengan alasan di suruh aparat"
f09f6579-e869-439a-9797-7a6950a502b7,ardi baik hati,1,2026-08-25T15:28:37.735Z,Autentikasi & Akun,Negatif,Negatif,0.9991,"ayo tinggalkan bank mandiri, saya sudah tarik semua saldo dan sy pindah ke bank bca"
dd7be52a-ae63-4931-9ff5-f1cb6e76c690,Fernando Perdinan,1,2026-08-25T15:27:26.770Z,Lainnya,Negatif,Negatif,0.9886,cukup kecewa dengan pelayanannya
be3e71ff-d05a-41d7-b5e5-76fdb500732e,Reza Ariadi,1,2026-08-25T15:27:18.330Z,Lainnya,Negatif,Negatif,0.9969,maliing
de4bba1f-7d8a-418f-87e5-c2229d31e792,Erik Animasi,1,2026-08-25T15:26:29.540Z,Lainnya,Negatif,Negatif,0.9851,siap siap kehilangan nasabah
cab54163-6dcf-4b8c-b34a-a05ee08947a1,Dody Kurniawan,1,2026-08-25T15:26:01.730Z,Autentikasi & Akun,Negatif,Negatif,0.9997,permintaan aparat . bisa blokir . aneh emang dengan bank 1 ini .....
59e71f23-1390-492d-92ab-74ffafcd0a1d,ONOK ch,1,2026-08-25T15:25:29.994Z,Autentikasi & Akun; Kinerja & Server,Negatif,Negatif,0.9944,"jangan simpan uang kalian di bank ini, jika tidak ingin uang kalian hangus dan di blokir"
5d7e18ca-024c-41b1-8d3f-16d88bfdd265,khairul hafizhallah,1,2026-08-25T15:25:22.274Z,Lainnya,Negatif,Negatif,0.9959,tidak bisa di percaya
1fe07f4e-e567-4e2d-a260-479dffe70a9b,Amir Udin,1,2026-08-25T15:25:15.988Z,Autentikasi & Akun,Negatif,Negatif,0.9985,main blokir sembarangan aja bukan nya nasabah di lindungi malah blokir2 aja bahaya ni
a9dcfcdf-49e3-4842-bbde-47dd0061390d,Gilang Gemilang,1,2026-08-25T15:24:29.310Z,Lainnya,Negatif,Negatif,0.9965,KECEWA!!!
47f28ea4-2fa8-4f9d-8424-128ae7fd5b45,Syafiq Tri Al Vanza,1,2026-08-25T15:24:22.883Z,Autentikasi & Akun,Negatif,Negatif,0.998,ngeri diblokir saldonya
3263fc91-adc3-48ad-b2f7-446a599b35de,rahman syahputra,1,2026-08-25T15:23:48.890Z,Autentikasi & Akun; Transaksi & Pembayaran; Layanan & Fitur Finansial,Negatif,Negatif,0.9929,"emang ngk pantas buat bukak rekening di mandiri. nanti yg ada dana saya di blokir , ehhh di tunda , hahahah negara konoha .."
568fa165-4d02-4a21-84e5-69be025fbafc,Humairoh tuah,1,2026-08-25T15:23:40.118Z,Autentikasi & Akun,Negatif,Negatif,1,blokir sepihak
ed1f633f-0823-4e1e-9b86-a46a8559f2fb,Cep Rahman,1,2026-08-25T15:22:45.167Z,Lainnya,Negatif,Negatif,0.9996,boikot mandiri
fd73c8b9-4ce9-41cf-bf4a-55ca77168c4c,muhammad Anam,1,2026-08-25T15:22:43.611Z,Autentikasi & Akun,Negatif,Negatif,0.9953,selain pemblokiran akun berarti bisa dong bank mandiri ngambil saldo konsumen jadi meragukan untuk menabung di mandiri
ca7c272c-a67b-4134-b8e1-025a8542a61a,Irfan Syah,1,2026-08-25T15:22:26.491Z,Kinerja & Server,Negatif,Negatif,0.9948,bintang 1 apk lemot saldo bisa hilang sendiri
0f360b46-c12f-43f2-95e3-f3033f40e007,Kioway Mlbb,1,2026-08-25T15:21:23.388Z,Lainnya,Negatif,Negatif,0.9943,KATANYA MANDIRI KOK DISETIRIN
f6611bd6-2762-45fa-b227-120af6c10474,Meidy Store,1,2026-08-25T15:21:14.720Z,Autentikasi & Akun,Negatif,Negatif,0.9994,hapus aplikasi Livin dan pindahin saldo. blokir bank mandiri dari kehidupan.
5ec8712e-f129-474e-add2-fb2852073bca,Martin Jitmau,1,2026-08-25T15:21:09.745Z,Lainnya,Negatif,Negatif,0.9999,bank mandiri jelek
fd03ca29-f30d-49ad-9af5-a9dc5b78cfd8,Nindi Sugiyanto,1,2026-08-25T15:20:42.366Z,Lainnya,Negatif,Negatif,0.9826,boikot dari dunia ini!!!!!
eaffc9bd-1bfc-4d07-80e6-60ce9960f545,dika alfadhil,1,2026-08-25T15:20:37.601Z,Lainnya,Negatif,Negatif,0.9907,mandiri mau bangkrut
0813639f-47ab-4c37-86a7-383bfe75d4de,Faisal Muchtar,1,2026-08-25T15:20:15.543Z,Lainnya,Negatif,Negatif,1,sangat buruuukkk
3c00f8e1-444f-4e9f-81b8-7dfff555917f,Achmad Vaozy,1,2026-08-25T15:19:44.441Z,Lainnya,Negatif,Negatif,0.9849,Sangat tdk professional. kecewa..
b23d22bd-b937-4f29-8593-68511624140b,Ogi Ardan bertia,1,2026-08-25T15:18:41.615Z,Autentikasi & Akun,Negatif,Negatif,0.9999,hati yang nabung di mandiri saldo kalian akan di blokir
1e860084-d1c6-43cd-a205-265153205439,arifin baros,1,2026-08-25T15:18:07.840Z,Autentikasi & Akun,Negatif,Negatif,0.9987,nyesel pernah daftar disini kualitas buruk
5cbf7212-37f0-4488-9d80-1701a2c13ca9,Holy Dandy,1,2026-08-25T15:17:43.962Z,Lainnya,Negatif,Negatif,0.9997,Bank Busuk
e0d3dc05-8b74-4647-8d6c-fc6bedacdc39,Sentot Kuswandi,1,2026-08-25T15:16:41.119Z,Lainnya,Negatif,Negatif,0.9968,bank aneh..
db0ae812-258e-4be8-b07c-afefe6ab93c3,Julian Fachrizky,1,2026-08-25T15:16:33.178Z,Autentikasi & Akun,Negatif,Negatif,0.9957,"Ngeri euy,naro uang di sini siap2 di blokir tanpa alasan ya guys!!!"
fd55f611-9fe2-45cf-b212-e5979bc7eccc,Miftahul ab,1,2026-08-25T15:15:56.202Z,Transaksi & Pembayaran,Negatif,Negatif,0.9724,va mandiri udah hilang dari gopay
af6986af-b4dd-4df1-898b-7343fd9e1653,Agus Siswoyo,1,2026-08-25T15:15:51.391Z,Lainnya,Negatif,Negatif,0.9997,buruk pelayanan nya
8ec06f62-a2b0-49f6-8745-385aa2ae96f4,Kiki Anggit Prakoso (kikik),1,2026-08-25T15:15:48.950Z,Lainnya,Negatif,Negatif,0.9899,penipuan
ee9d6048-23bb-45dc-a1db-1354f593e13a,Sopian Romadoni,1,2026-08-25T15:14:09.118Z,Lainnya,Negatif,Negatif,0.9946,bank terburuk
5b7b0463-8d81-43b9-86cf-b7a60a74b927,wahyu lamjo,1,2026-08-25T15:13:37.404Z,Lainnya,Negatif,Negatif,0.9856,musuh aktivis
d8ba0791-ea83-4b93-a69f-9bc77ad11347,Sutha Naskleng,1,2026-08-25T15:13:32.909Z,Autentikasi & Akun,Negatif,Negatif,0.9577,kata sandi sering salah padahal saya isi sudah benar
86449ed8-f248-4409-a764-ecc35d64bd8e,Bagus Setiyawan,1,2026-08-25T15:12:59.482Z,Lainnya,Negatif,Negatif,0.9957,Di setir penguasa
f7d41068-3416-46f9-9dab-9e49f3e9a737,Fathurahmanm57 M.,1,2026-08-25T15:12:43.732Z,Autentikasi & Akun,Negatif,Negatif,0.9982,"Aplikasi yang sangat buruk, masa saya nabung di livin, pas hari berikutnya tiba tiba akun saya di blokir bagaimana ini, banyak duit saya yang saya butuhkan buat makan, dan buat jajan anak anak saya"
a88321b7-d23f-49d8-b4cf-15e69297e86c,Abram 3396,1,2026-08-25T15:12:30.451Z,Lainnya,Negatif,Negatif,1,jijik kali sama aplikasi ini skrng. 👎👎👎
57eba39d-02bd-49cc-b437-79f34dc571aa,busaeri isnawan073,1,2026-08-25T15:11:31.577Z,Lainnya,Negatif,Negatif,0.9987,sangat tidak amanah
a3fc74ee-a560-46d9-946b-3e452f184f33,Bintang Adhi17,1,2026-08-25T15:11:27.915Z,Lainnya,Negatif,Negatif,0.9993,sangat burukk
c9978716-df64-4279-a041-e86d3bfdcaa4,Anak Sulung,5,2026-08-25T15:10:37.263Z,Autentikasi & Akun; Transaksi & Pembayaran,Positif,Positif,0.8013,kadang kadang suka lama menerima transfer masuk dari orang lain ..
474db584-6237-460e-b100-dfed86066ef9,Gilang Pratama,1,2026-08-25T15:09:58.416Z,Autentikasi & Akun,Negatif,Negatif,0.9913,pemblokiran sepihak dari bank
006e017f-2a3c-4e5e-a54b-682cd5f30495,Ahmad Fadhilah,1,2026-08-25T15:09:30.831Z,Lainnya,Negatif,Negatif,0.9995,bener bener kacau
95553267-17f6-4656-a7c6-f265e12ee8e3,novalinda barus,1,2026-08-25T15:09:17.420Z,Lainnya,Negatif,Negatif,0.9906,"Tidak amanah, besok mau ngurus perubahan payroll ke BCA ah"
0931d4ad-e243-4672-941c-222124413708,Ahmad Khahfi,1,2026-08-25T15:09:13.524Z,Lainnya,Negatif,Negatif,0.9824,SAHABAT KORUPTOR
77afbb51-cd33-4dfc-a021-f9fd38402f59,ali faqih,1,2026-08-25T15:09:10.759Z,Lainnya,Negatif,Negatif,0.8428,kasian yg di bekukan😁
d090639d-0e09-484a-a0c7-52e233879021,Ardian Syah,1,2026-08-25T15:08:51.718Z,Lainnya,Negatif,Negatif,0.9958,gk jelas
4c708682-ea88-4e24-b543-d83b98c211cf,M dafid Arifin,1,2026-08-25T15:08:42.358Z,Lainnya,Negatif,Negatif,0.985,baikot mandiri
b902a331-ed01-4eb1-b51f-f2f9481a296d,Dika Pratama,1,2026-08-25T15:07:51.640Z,Lainnya,Negatif,Negatif,0.8569,godby mandiri.. saya ikhlaskan 100k semoga bisa menjadi ladang pahala..
de3a1322-d640-4496-90c7-490972a27606,fif Dihati,1,2026-08-25T15:07:39.331Z,Lainnya,Negatif,Negatif,0.976,"ga respect lagi, bad service"
cfbb57f1-9871-4a58-bfba-980438203966,wantutrai,1,2026-08-25T15:07:08.720Z,Lainnya,Negatif,Negatif,0.9996,boikot mandiri
4ad426c3-7e59-4c03-be53-167fb263b530,Akmal Noval,1,2026-08-25T15:06:22.918Z,Lainnya,Negatif,Negatif,0.9907,duit gue ilang 80jt tolong di kembalikan
38df21cf-23e9-4d75-8c2b-9f59a3da1e77,Firman NP,1,2026-08-25T15:06:11.430Z,Lainnya,Negatif,Negatif,0.9965,kecewa
7268f4ba-ca52-405d-899b-2fb88a99f3bb,diga diga,1,2026-08-25T15:05:59.263Z,Lainnya,Negatif,Negatif,1,Sampah
221203f4-c5f3-44e4-9cc2-54f243ccf7f7,Nayaka Juan,1,2026-08-25T15:05:34.139Z,Autentikasi & Akun,Negatif,Negatif,1,blokir aja
d637359a-93fa-407f-a729-601b4d32ca75,Donny Andrian,1,2026-08-25T15:05:24.704Z,Lainnya,Negatif,Negatif,0.996,"hati"""
f9576261-21a4-447f-a633-8b72460f8796,Andi,1,2026-08-25T15:05:12.560Z,Lainnya,Negatif,Negatif,0.9987,BANk TIDAK AMAN
9ed689fc-850c-422c-b7d3-f4b620c997cc,Cah Angon,1,2026-08-25T15:04:55.575Z,Lainnya,Negatif,Negatif,0.9731,tau lah ya kenapa bintang 1
b7c5a7a8-4028-4abb-a05d-ea3bcca0da12,Aditia Fernandes,1,2026-08-25T15:04:54.461Z,Lainnya,Negatif,Negatif,0.9766,pembelokiran sepihak yuk boikot
c8152e9d-a783-4211-922e-e47b1c15580b,Omi Omi,1,2026-08-25T15:04:35.325Z,Autentikasi & Akun,Negatif,Negatif,0.9956,bank yg berbahaya bisa memblokir nasabah Ny sendri
ce06e293-846a-4437-831e-84f39b8c0fa4,Alfin Kurnia,1,2026-08-25T15:02:37.600Z,Autentikasi & Akun; Layanan & Fitur Finansial,Negatif,Negatif,0.9997,rekening judol di blokir napa
f1d37d36-3f34-4c1f-996d-fe090771285c,Surya Bagus,1,2026-08-25T15:02:32.544Z,Autentikasi & Akun; Layanan & Fitur Finansial,Negatif,Negatif,0.9993,lihat berita serem banget rekening nasabah di blokir....serem bgt ya
47ae487c-ce1b-4a80-98c9-56cbf3d40be0,Revan Ajb,1,2026-08-25T15:02:18.211Z,Autentikasi & Akun,Negatif,Negatif,0.9999,"TIDAK AMANAH, MAIN BLOKIR UANG DONASI HANYA KARENA PENJILAT"
f81dfc73-37fa-459d-8949-6b549725afc3,Achmad Rivaldi,1,2026-08-25T15:02:11.960Z,Lainnya,Negatif,Negatif,0.9808,menuju kehancuran
3c1a4b42-6bd8-47c4-94de-0f30c79c8075,Renaldy Hanisaputra,1,2026-08-25T15:01:52.275Z,Lainnya,Negatif,Negatif,0.994,banyak potongan
f7c65660-3614-4735-9c38-9e3e4490dba7,Ahmad Sihabudin,1,2026-08-25T15:01:37.267Z,Lainnya,Negatif,Negatif,0.9918,harus mandiri
bcba6a93-9b7d-48ab-bdc9-b1561db6a4ca,selasaro gerald,1,2026-08-25T15:01:27.950Z,Lainnya,Negatif,Negatif,0.9871,mending pake BCA guyss
8e38e758-fe80-4d6e-915a-5751cd15c1d2,Hery Nurdiyanto,1,2026-08-25T15:01:24.269Z,Transaksi & Pembayaran,Negatif,Negatif,0.9987,"saya hapus bank mandiri takut di blockir uang saya,saya mau ambil semua dana saya males pakai mandiri.HATI HATI KAWAN SELURUH INDONESIA"
c88ae0c2-40c6-4b35-a7a6-df1d0b1dce76,Herawaty Herawaty,1,2026-08-25T15:01:05.520Z,Autentikasi & Akun,Negatif,Negatif,0.9993,Oh Ini Yang Katanya Blokir uang 80 juta hasil donasi rakyat?
37fc6377-1630-4775-98c5-0e5485a98636,Winda Nur Fauzi,1,2026-08-25T15:00:31.104Z,Lainnya,Negatif,Negatif,0.9979,kecewa sama mandiri per hari ini . karna sudah tidak mandiri lagi . dia skrng di setir sama aparat . oke baik move aja
b0f7fc8d-4292-4952-9570-d0267f01ac3a,BayhaQi BayhaQi,1,2026-08-25T15:00:25.807Z,Autentikasi & Akun; Layanan & Fitur Finansial,Negatif,Negatif,0.9999,saya kecewa sm mandiri rekening saya di blokir dan lenyap uang saya dri pihak mandiri
b254ed28-f3d1-43fe-b989-5ad4676ff2b8,Dedy HP,1,2026-08-25T15:00:06.468Z,Lainnya,Negatif,Negatif,0.9697,rating berbicara
173d5c00-44ff-4935-85cc-0ddca444de74,Rian Aji Utomo,1,2026-08-25T14:59:49.979Z,Lainnya,Negatif,Negatif,0.9959,udah ga percaya
8e7be068-310a-4afd-959b-5c13fed46968,Mas Ciput,1,2026-08-25T14:59:43.852Z,Lainnya,Negatif,Negatif,1,Saya kemari cuma mau kasih bintang satu dan 👎
56ee00c9-76cf-4865-9dc6-f83a50e79114,Satriya Tri Wahono,1,2026-08-25T14:59:20.313Z,Lainnya,Negatif,Negatif,0.917,anda membrlokir masyarakat yang menyalurkan aspirasi
f4c21c71-2772-44fe-af90-4198f1ad1aae,Rikky Ong,1,2026-08-25T14:59:14.185Z,Autentikasi & Akun,Negatif,Negatif,1,"ngeri,,takut di blokir uang saya nanti,,,"
ea3fcd85-2840-45ad-9898-106f0bcb0be4,Lekong 345,1,2026-08-25T14:58:15.800Z,Lainnya,Negatif,Negatif,0.9994,bank ini tidak amanah
dbf73ee8-5eb7-4913-a863-179c72cafc4a,kurniadi 19,1,2026-08-25T14:57:36.578Z,Lainnya,Negatif,Negatif,0.9883,"sangat kecewaa , pembelokiran tanpa tahu nasabah"
695b63f7-418a-4c38-aa13-b33b3a9b2ec2,Muhamad Rizki,1,2026-08-25T14:57:32.306Z,Lainnya,Negatif,Negatif,0.9994,aplikasi kocak mandiri tapi di setir
70e3bfea-267b-4291-8861-031ddd87ddb5,Ferry Saputra 28,1,2026-08-25T14:57:23.590Z,Autentikasi & Akun,Negatif,Negatif,0.9992,wuuuu bank blokir
eb154097-c5ac-412f-9a1f-e777e49a4ecb,Restu Febian,1,2026-08-25T14:56:52.849Z,Lainnya,Negatif,Negatif,0.9958,makin kaga jelas
d2147f9a-f864-41a2-9ddc-3e25274ec5fd,Alwi Irfandi,1,2026-08-25T14:56:51.900Z,Autentikasi & Akun; Transaksi & Pembayaran; Layanan & Fitur Finansial,Negatif,Negatif,0.9878,"JANGAN MEMBLOKIR SEPIHAK REKENING ORANG YANG SEDANG MENGGALANG DANA, BODAT KALIAN SEMUA ADMIN."
d59793f8-9794-4dc3-a302-47ce3e18b8b9,Muhammad Karim,1,2026-08-25T14:56:40.965Z,Transaksi & Pembayaran,Negatif,Negatif,0.9586,"mau rampok atau gimana? kok ngirim ke VA digipos aja adminnya 6.500? beda sama aplikasi BNI, cuma 1.500"
4992ba95-989b-4f43-ac88-6263255b68ef,Kevin Varel,1,2026-08-25T14:56:32.832Z,Autentikasi & Akun; Layanan & Fitur Finansial,Negatif,Negatif,1,main blokir rekening sembarangan
76dd8045-d524-4bed-b63a-8523dce7c297,Wind Runner,1,2026-08-25T14:56:24.100Z,Autentikasi & Akun,Negatif,Negatif,0.9937,"bahaya banget nabung disini, bisa diblokir atas suruhan orang"
75825b8f-64cb-4763-a0d4-792307073a0a,Om Tyok,1,2026-08-25T14:56:23.703Z,Lainnya,Negatif,Negatif,0.9909,"Kacauuu kaki tangan afraratt, sorri yee"
693fced0-33cc-4312-afc6-310cfe8bf2de,Dede 2290,1,2026-08-25T14:55:46.956Z,Lainnya,Negatif,Negatif,0.9988,kecewa sama bank mandiri. tarik diri aja dari bank mandiri
a1b33fc8-c1e3-4cd8-887d-6836cf5dc059,Romy Ajuz,1,2026-08-25T14:54:54.590Z,Lainnya,Negatif,Negatif,0.9639,jlek
d884b236-499e-4f7a-bf75-7cbb1a1d2e94,Tegar Dwi Purnomo,1,2026-08-25T14:54:39.835Z,Autentikasi & Akun,Negatif,Negatif,1,takut di blokir 🤣
c47c9867-31a8-4934-bfc9-e57628b3a750,KelvinKz,1,2026-08-25T14:54:36.940Z,Autentikasi & Akun,Negatif,Negatif,0.9973,Suka memblokir nasabah
fbbd658f-756e-47d6-9a95-7cd5558103d6,Lutfi Hilmi,1,2026-08-25T14:54:21.647Z,Lainnya,Negatif,Negatif,1,bank sampah
bc2cd732-75a8-4770-89a5-be1af78fb34e,Dimas Wahyu,1,2026-08-25T14:53:59.570Z,Lainnya,Negatif,Negatif,0.9997,sangat buruk uang demo di bekukan 80 jt
8d4a3863-0673-4f4d-a782-788e19527040,Aristo Adri Caprio,1,2026-08-25T14:53:45.691Z,Autentikasi & Akun,Negatif,Negatif,0.9975,Banknya bisa disuruh suruh penegak hukum dan tidak independen. Kasus pemblokiran 80jt uang nasabah untuk demo Agustus 2026.
77b9b5ef-1ad8-44bc-8eec-ef397f510734,Andre Agashi,1,2026-08-25T14:53:40.337Z,Lainnya,Negatif,Negatif,0.9974,kurang profesional
c477f374-fa03-4416-a8de-62233c4616ac,Agustria Jaya,1,2026-08-25T14:53:19.257Z,Lainnya,Negatif,Negatif,0.9996,gk mandiri
e49817af-1966-4749-8e4e-e6dfea9b1be3,Aditya Agung Prakosa,1,2026-08-25T14:52:28.360Z,Lainnya,Negatif,Negatif,0.9466,aneh2 orang kaya malah perampokan bank ini
65dc9550-5f6c-471d-b689-298fe3c78a91,ayun anegi,1,2026-08-25T14:52:06.347Z,Autentikasi & Akun,Negatif,Negatif,0.9999,PEMBLOKIR NASABAH AKTIVIS!!!
9017dba7-03d5-429d-92d2-2bca6a588d5f,fajar ahmad,1,2026-08-25T14:51:47.208Z,Autentikasi & Akun; Layanan & Fitur Finansial,Negatif,Negatif,0.9966,masih percaya pake aplikasi ini kalian?? maaf saya uninstall dan tabungan saya pindahkan.. hati2 yg masih pakai sekarang blokir sepihak besok2 bisa ilang sepihak isi tabungannya.
7ff52f28-e34c-44cd-be65-700cfbc67bd3,Rachmat Hidayat,1,2026-08-25T14:50:41.291Z,Autentikasi & Akun; Layanan & Fitur Finansial,Negatif,Negatif,1,seenaknya sendiri blokir rekening nasabah
2e9cdb7f-210f-41fa-bfa8-815965663cd5,Sifah Nurhaliza,2,2026-08-25T14:49:24.461Z,Lainnya,Negatif,Negatif,0.9853,sangat kecewa lagi mengisi data tiba2 log out
b0b70d7a-1c62-48ac-9d49-badcc716ed40,Wildan Bastian,1,2026-08-25T14:49:03.676Z,Lainnya,Negatif,Negatif,0.9979,boikot
c400d518-481d-4f7c-8b9c-44fdb8e23372,Lusi Suntari,1,2026-08-25T14:48:57.390Z,Lainnya,Negatif,Negatif,0.9946,saya tidak akan lagi menggunakan mandiri semenjak kejadian pihak bank distir oleh aparat
5f0a03d0-9042-4c34-97fc-9c60ea16f3b8,orang kito ko lah,1,2026-08-25T14:48:55.631Z,Lainnya,Negatif,Negatif,0.986,keamanannya tidak di percaya
ebc01e85-75f1-45c5-9865-8d3a27ecea6a,Bagas Fevernova,1,2026-08-25T14:48:45.340Z,Autentikasi & Akun,Negatif,Negatif,0.9574,hatihati menggunakanya karna dapat diblokir sepihak
03992950-fb2c-4ee0-9ae4-c21971942ccd,Jeprigaming Gaming,1,2026-08-25T14:48:41.891Z,Autentikasi & Akun; Layanan & Fitur Finansial,Negatif,Negatif,0.9996,bye mandiri hobi blokir rekening
6b740653-c7a6-4b7a-88ea-efe90442e2ee,Aldi Purnama,1,2026-08-25T14:48:36.740Z,Lainnya,Negatif,Negatif,0.9922,kocak
9c71b7a1-143f-428b-8a60-fa60492c899c,baju biru putih,1,2026-08-25T14:46:00.970Z,Autentikasi & Akun,Negatif,Negatif,0.9404,pemblokiran misterius!!! di medsos banyak banget viralll bahkann
8664d6ee-0360-4db0-868e-fc3eac3c5daa,Misbakhul Ulum,1,2026-08-25T14:45:26.700Z,Lainnya,Negatif,Negatif,0.998,bisanya bank d kendalikan aparat.... 😤
ab662760-75d8-4a6c-b8d4-5bda3ca6fea1,nurhayat hayatt,1,2026-08-25T14:44:29.427Z,Autentikasi & Akun,Negatif,Negatif,0.9992,hati2 saldo di simpan di bank ini bisa di blokir...80juta
8355d63f-71b0-4826-a675-eda363b6e309,Rizal Alpauzi,1,2026-08-25T14:44:04.645Z,Lainnya,Negatif,Negatif,0.9996,boikot mandiri
5235638b-61fa-4349-999c-f425da64cad4,Han Know,1,2026-08-25T14:43:58.361Z,Autentikasi & Akun,Negatif,Negatif,0.9997,"jangan asal maen blokir2 aja, uang org buat demo malah di blokirrrr"
b1696431-a85f-4029-aff0-5ce5bbbf40f4,Teknisi Bolang,1,2026-08-25T14:43:47.826Z,Lainnya,Negatif,Negatif,0.9799,sebagai perusahaan profesional harusnya netral. tidak berpihak sama pejabat
9ebfd4e6-c38e-4af4-94bb-14600d060958,Andi Cobra,1,2026-08-25T14:42:58.904Z,Autentikasi & Akun,Negatif,Negatif,0.9945,"tidak bisa login ke hp baru paadahal hp lama rusak dan sudah di log out, tapi tetap tidak bisa login."
6c2eb2cf-4f24-479e-88a3-a6a06bee8645,Novi Novitasari,1,2026-08-25T14:42:56.143Z,Lainnya,Negatif,Negatif,0.9912,"terlalu ribet, ke amanan nasabah g terjamin"
1cd571bb-bcab-4cfd-a3eb-b1d717fb015e,ahmad solehuddin,1,2026-08-25T14:42:09.364Z,Lainnya,Negatif,Negatif,0.9273,ikut trend bg
eb854e44-4f70-4a90-ad0e-d9ba3ac9794d,Rizky Maulana,1,2026-08-25T14:40:29.753Z,Autentikasi & Akun; Layanan & Fitur Finansial,Negatif,Negatif,0.9129,"sorry goodbye mandiri gua pindahin uang tabungan saya yg 125jt yaa soal nya takut nnti tiba² uang nya gaada, I'm coming bca priority🥰"
3b0e5069-dd11-4e04-aa1c-c310d3a81356,Toni Dm,1,2026-08-25T14:39:58.202Z,Lainnya,Negatif,Negatif,0.9744,boikot aja bankir satu ini!!!!!!!
29e8c5d3-7111-4252-af79-b4675591308d,Hendra Fatih,1,2026-08-25T14:39:00.101Z,Lainnya,Negatif,Negatif,1,buruk
3b5b8e7e-6d8d-4372-9a1b-e46dc5f4c40f,Herul,1,2026-08-25T14:38:54.478Z,Autentikasi & Akun,Negatif,Negatif,0.9978,donasi AMPB di blokir.
48d6dbfc-acfd-447e-8c11-d71675d186e7,dna milla,1,2026-08-25T14:38:45.790Z,Lainnya,Negatif,Negatif,0.991,Bad!!!!
11891a6d-a1a5-41fa-89a6-3701b31cbc64,Muhammad Khrisnanda,1,2026-08-25T14:38:22.812Z,Lainnya,Negatif,Negatif,0.9457,minimal malu
18c32dfa-beea-45dc-99b5-93657ab56b88,Jafar malik,1,2026-08-25T14:38:20.930Z,Lainnya,Negatif,Negatif,0.9979,MANDIRI TAPI DI STIR
44907184-1b74-4a1f-a345-8d9834d2e516,XBalzz Gaming,1,2026-08-25T14:37:03.831Z,Lainnya,Negatif,Negatif,1,jelek
843f7ce3-d300-48c2-9f87-e38b7e021c48,Andrian Widianto,1,2026-08-25T14:36:33.370Z,Layanan & Fitur Finansial,Negatif,Negatif,0.9988,tidak aman buat privasi rekening
b4d7605c-35fb-4c8f-a3b5-3290272cd3db,Surya,1,2026-08-25T14:36:18.598Z,Lainnya,Negatif,Negatif,0.9992,BANK KACUNG PEMERINTAH
315204b7-56f6-4b6d-b82f-c663bed32b1a,Rifki Sulae,1,2026-08-25T14:36:09.591Z,Lainnya,Negatif,Negatif,0.9944,apk gak bagus antek tikus
a0383a3a-659f-46bb-8df1-1f3f13fc4bea,GAJALI RAHMAN,1,2026-08-25T14:36:09.141Z,Autentikasi & Akun,Negatif,Negatif,0.9987,pemblokiran aktivis
dcf9924d-ea98-4328-a38d-02640bdadae2,Iluh Ayu Titis Andriyani,1,2026-08-25T14:35:57.805Z,Kinerja & Server,Negatif,Negatif,0.9877,Lag
f4b169c0-2498-41c2-b895-68afe02dc8a9,Angga Alamsyah,1,2026-08-25T14:35:49.193Z,Autentikasi & Akun,Negatif,Negatif,0.998,Pemblokiran sepihak
c299b616-6ce4-438e-a122-635afb1517ea,Ganden baph,1,2026-08-25T14:34:53.153Z,Autentikasi & Akun,Negatif,Negatif,0.9999,"buruk sangat buruk,mandiri beraninya memblokir saldo aktifis demonstrasi"
a31e1680-4cb7-4002-8812-ec6d35cfd4a4,DZ Raffi,1,2026-08-25T14:34:45.134Z,Autentikasi & Akun,Negatif,Negatif,0.9982,pemblokir aktivis
029eabb8-1d12-490f-90c2-a175d0ab8853,Setiawan Pradana,1,2026-08-25T14:34:31.477Z,Lainnya,Negatif,Negatif,0.9979,BOIKOT
6ec702f1-b4c5-4403-882d-67400056bf41,Angger Suro Prianggoro,1,2026-08-25T14:34:30.553Z,Autentikasi & Akun,Negatif,Negatif,0.9999,Tukang Blokir Akun
9e51a158-d396-4b49-b093-3ffd95a0bbca,Agus Santosa,5,2026-08-25T14:34:02.708Z,Lainnya,Positif,Negatif,0.6345,lumayan
d936774d-c7cf-407d-941f-dfec47ce8647,JEJE 87,1,2026-08-25T14:33:24.470Z,Lainnya,Negatif,Negatif,0.9911,payah gengs
16a83d46-59a4-4839-9623-457b89e75bdd,Achmad Badawi Maqrifai,1,2026-08-25T14:31:42.445Z,Lainnya,Negatif,Negatif,0.9965,kecewa
4b978bb3-4b7a-4b3a-a1e6-4a116aae9a93,Muhammad Kresnadi,1,2026-08-25T14:31:36.409Z,Lainnya,Negatif,Negatif,0.9994,"Bank tidak amanah..,"
2fe8a9bb-a869-4d12-a806-e376eea6dae8,Tobias Zebua,1,2026-08-25T14:31:26.540Z,Autentikasi & Akun; Kinerja & Server,Negatif,Negatif,0.9366,"Mending pindahin saldo ke bank sebelah aja. apalagi sama berita yang lagi hangat² ini. Your money, your key, your control, I am done with you, Bank Mandiri."
75ad8976-224f-4212-96dd-fd63bdda9ba6,Agus Sujat Miko,1,2026-08-25T14:30:26.701Z,Autentikasi & Akun,Negatif,Negatif,0.9998,Bank isok blokir nasabah sesuka hati. dengan alasan yg tidak jelas
dfb010a4-f878-453f-bcff-1449836c658f,Tongku Safrizal,1,2026-08-25T14:29:48.127Z,Autentikasi & Akun,Negatif,Negatif,0.9963,takut diblokir kalau nabung di bank mandir
dffc8d99-607d-4c70-8516-30c636a76b2f,Redoagn,1,2026-08-25T14:29:39.916Z,Lainnya,Negatif,Negatif,0.9986,bank koruptor
5be4f7ff-4e04-4276-8d6d-20c37d7774d1,Zamzam Production,1,2026-08-25T14:28:52.412Z,Autentikasi & Akun,Negatif,Negatif,0.9998,kasih 1 aja lah takut di blokir
298ad9d1-2811-4543-b692-72b6a8ae31a2,Rendi mesa,1,2026-08-25T14:28:46.102Z,Lainnya,Negatif,Negatif,0.9908,berbahaya
0faa598a-4443-4ec4-8436-e761262d3cfb,Zakaria Wisudawan,1,2026-08-25T14:28:39.934Z,Lainnya,Negatif,Negatif,0.9996,Boikot Mandiri!!!
4e96be9b-fe91-452c-87ed-af065ea198e6,japrax zal,1,2026-08-25T14:28:11.708Z,Autentikasi & Akun,Negatif,Negatif,0.9989,maen blokir2 seenaknya aja boikot mandiri
afd13cee-e80c-4f39-a160-9f7da02f7104,Arya Chan,1,2026-08-25T14:28:09.464Z,Autentikasi & Akun,Negatif,Negatif,0.9999,takut di blokir secara tiba tiba kayak mas botok
969572e1-716a-40f6-af94-44cd2c2f1482,Rahmatullah Mallawakkang,1,2026-08-25T14:27:48.822Z,Autentikasi & Akun,Negatif,Negatif,0.9999,Pemblokiran Nasabah Aktivis
968ef251-c1a7-4fe7-acba-2cb97e65b881,Mai Munatun,1,2026-08-25T14:27:43.503Z,Autentikasi & Akun; Layanan & Fitur Finansial,Negatif,Negatif,0.9995,mandiri tidak mandiri lagi dia bisa di setir orang lain untuk mem bobol akun rekening nasabah nya intinya nabung di bank mandiri tidak aman!!
6f49ac23-4f30-4811-a7d2-dc7dad1926c2,Syahvia Detiana,1,2026-08-25T14:27:42.143Z,Autentikasi & Akun,Negatif,Negatif,0.9974,ihh takotnnye kena blokir
713df9b5-c1c0-4cd8-a052-75030c0cd2e1,hindro,1,2026-08-25T14:26:57.349Z,Kinerja & Server,Negatif,Negatif,0.9501,sering Eror
f3b81b30-1e1e-4310-b0d3-3426a274036b,Ofic Hid,1,2026-08-25T14:26:10.950Z,Autentikasi & Akun,Negatif,Negatif,0.9953,"takut diblokir nanti, saya mengundurkan diri."
1f7fde19-e529-4036-bf5b-085cf873e6cb,Netizen Kepo,1,2026-08-25T14:26:01.693Z,Lainnya,Negatif,Negatif,0.811,"the power of rakyat, demo tapi tentang kemanusiaan yg adil dan beradab"
a9b1b65b-225d-4514-a9fc-7128dab7b4ee,Uwik 04,1,2026-08-25T14:24:41.395Z,Autentikasi & Akun,Negatif,Negatif,0.9952,saldo 50 ribu ke blokir ga jelas bget
e7d5697e-5067-40e1-986e-78d3a5009bc1,Riski Dinata,1,2026-08-25T14:24:30.660Z,Autentikasi & Akun; Transaksi & Pembayaran,Negatif,Negatif,0.9993,PEMBLOKIR DANA AKTIVIS! APA APAAN INI?! JANGAN ASAL BLOKIR DONG!
2ff63ab1-4a7c-4689-8f89-bcb34cd417eb,Ikhwanul Azizi,1,2026-08-25T14:24:24.105Z,Lainnya,Negatif,Negatif,0.9996,"Boikot Mandiri,"
28c6677b-f09e-4543-9e7c-2448388d7eb0,Kurniawan Abdul,1,2026-08-25T14:23:30.117Z,Autentikasi & Akun; Layanan & Fitur Finansial,Negatif,Negatif,0.9948,"kami jadi ragu menabung di mandiri, sekarang si Yono yg diblokir besok rekening saya yg diblokir😔 kecewa"
50c893d3-888a-49b9-a4dc-226c774c0b82,ardhi tian,1,2026-08-25T14:23:29.305Z,Autentikasi & Akun; Layanan & Fitur Finansial,Negatif,Negatif,0.8374,"penawaran paksa asuransi kartu kredit, mengganggu & scam , g ada guna & merugikan, spam tlpn menggu & memaksa, memblokir tabungan dengan nilai yg tidak semestinya , pnjaman brapa yg diblokir lebih dari itu ..."
a86bce20-180f-46d6-b438-b001c0415fa8,Kayana eyelash Kayana,1,2026-08-25T14:23:26.485Z,Lainnya,Negatif,Negatif,0.9168,omon omon
4eed7853-c45b-4c6e-b2a9-e722d63378c7,Queen Daffa,1,2026-08-25T14:22:44.274Z,Autentikasi & Akun,Negatif,Negatif,0.9998,uang sudah saya tarik semua.takut di blokir.mending ganti bank lain.
850f8880-ffd5-4990-87d7-5f18f52d24f5,aneschoy 012,1,2026-08-25T14:22:29.395Z,Autentikasi & Akun,Negatif,Negatif,0.9966,"Mandiri kalau dibiarin 70 ribuan setelah gajian. Gajian berikut harus ke office nya lagi buat buka blokir kartu atm. Boros amat bank sialan. Malah masuk brita lagi gara2 kasus blokir, hadehhh parah. Tidak di rekomendasikan untuk pengguna baru"
1b3f7ead-0584-4366-a0a7-21573a8d9b27,Sobat Gadget,1,2026-08-25T14:22:07.434Z,Lainnya,Negatif,Negatif,0.9728,"very very bad , gak berpihak ke masyarakat"
d78e4318-11ac-498d-854e-490dbb2b7302,Heru Setiawan,1,2026-08-25T14:21:56.392Z,Autentikasi & Akun,Negatif,Negatif,0.9991,main blokir aja.kurang profesional.data nasabah tidak privacy
600e7664-e1ff-48dc-81da-124dde4334ce,donzz kaunang,1,2026-08-25T14:21:43.845Z,Lainnya,Negatif,Negatif,0.9168,sudah tidak bisa dipercayai lagi
2b3d236b-6e52-4f63-a9bf-fbbac4079299,Noel L,1,2026-08-25T14:21:32.176Z,Autentikasi & Akun; Transaksi & Pembayaran; Layanan & Fitur Finansial,Negatif,Negatif,0.9983,"sejak kapan transferan ke rekening pribadi perlu izin aparat? padahal dana donasi tujuannya jelas, duitnya belum dipakai, belum ada kerugian, belum ada tindak pidana udah diblokir wae parah, cabut duit kita nggak aman."
3d929d1e-cad0-432b-b70c-3ef7948cb67f,Apualing Weleg,1,2026-08-25T14:21:20.549Z,Lainnya,Negatif,Negatif,0.9761,busuk . tidak bisa konsisten
78230e14-f1e7-4e9c-9118-d9b4a0f09ca7,Khan Amir,1,2026-08-25T14:20:30.454Z,Autentikasi & Akun,Negatif,Negatif,0.9094,"katanya mandiri, tapi di suruh hal gk masuk akal manut ae"
ad054811-92ed-4ab3-88f2-b96694163964,Baharuddin Alamsyah,1,2026-08-25T14:19:49.170Z,Lainnya,Negatif,Negatif,0.956,perusahaan tempek!
0b6eb837-9254-4f4b-abdf-973615c58572,Ricky Syah Putra,1,2026-08-25T14:19:42.454Z,Autentikasi & Akun; Transaksi & Pembayaran,Negatif,Negatif,0.9895,aplikasi pemblokir dana nasabah bekerja sama dengan polisi
98e319ae-2a95-4f52-88b0-8e89ba703bf6,praditya catra gumelar,1,2026-08-25T14:19:41.966Z,Lainnya,Negatif,Negatif,0.9997,bank paling parah
1bd3fcc7-60cd-485e-a35a-d771d4a13b53,Pebriana Nurhayati,1,2026-08-25T14:19:25.569Z,Autentikasi & Akun,Negatif,Negatif,0.9704,"halo sobat Livin by mandiri saya ingin bertanya tahun 2024 kenapa ATM saya di blokir padahal isinya di situ 750 ribu kk posisi lagi g kerja, aku mau ambil uang di bulan 10 kok g bisa pas masukin pasword nya g bisa ternyata udah kena blokir ,aku g tau yah kek mana kalian sistem operasional nya kaya mana cukup tau sampai sini aja kapok pake mandiri"
f50b6a58-2480-407b-864b-4d8416ca1079,A Dhimas Setya Pambudi,1,2026-08-25T14:18:56.520Z,Lainnya,Negatif,Negatif,0.9986,KACUNG PEMERINTAH
27ac140a-e1bc-4d3d-b9c2-ee19646e840c,Mochamadan 26,1,2026-08-25T14:18:13.679Z,Lainnya,Negatif,Negatif,0.9996,MANAJEMEN BOBROKKKK !!!
42679e1b-5b26-4c8d-9b5b-645677616dff,marta hutabarat,1,2026-08-25T14:17:32.423Z,Kinerja & Server,Negatif,Negatif,0.9723,loading lama setiap kali mau buka aplikasi
b97e176f-8c59-4e03-9d09-3cbe04dbf841,rizki Ramadhan,1,2026-08-25T14:17:01.449Z,Autentikasi & Akun,Negatif,Negatif,0.9983,"sangat buruk sekali MANDIRI kecewa,otw pindah bank swasta yg lebih baik lagih...otw bca"
04311a7f-a2ad-47de-a2ac-26d96d02827d,Muhammad Ridho Nasution,1,2026-08-25T14:16:55.917Z,Lainnya,Negatif,Negatif,0.997,ga rekomendasi
02c101fb-0bc4-4346-8ba3-57fcfe6000fe,akun tenan,1,2026-08-25T14:16:29.670Z,Autentikasi & Akun,Negatif,Negatif,0.9997,sering terjadi pemblokiran akun
676559d2-30ac-4691-913a-8918bf62f459,bot news,1,2026-08-25T14:16:02.649Z,Lainnya,Negatif,Negatif,0.9168,tidak meyakinkan
72cdb18a-d00c-44c0-b034-e3cbeee13ece,Oppp sess,1,2026-08-25T14:15:25.348Z,Lainnya,Negatif,Negatif,0.9922,kocak
a33f3d1d-5519-41b1-9344-c43bb7679178,Fauzi Karim Alhamdani,1,2026-08-25T14:15:03.252Z,Lainnya,Negatif,Negatif,0.9895,stop pake mandiri
042cba02-ae80-492a-b2ba-e54dc1d966ce,RIZKY DARMAWAN,1,2026-08-25T14:14:26.981Z,Layanan & Fitur Finansial,Negatif,Negatif,0.9978,"bank bahaya ini buat nabung, nanti malah dibekukan semua rekening kita"
7eab0313-8ede-442e-b1bd-5c38784df5ed,Habibi HS,1,2026-08-25T14:14:02.428Z,Lainnya,Negatif,Negatif,0.9979,boikot saja
8461059a-fee4-4222-be36-10971ddad5df,Muhamad Aris,1,2026-08-25T14:13:37.316Z,Lainnya,Negatif,Negatif,0.9783,loding lama
acae0e92-c860-4e38-95c0-a492c2353ebd,Tri Mei,1,2026-08-25T14:13:24.460Z,Lainnya,Negatif,Negatif,0.9993,busuk
f48068f6-202f-415b-8c8f-a181f6c82251,Zoldy DX,1,2026-08-25T14:13:13.292Z,Lainnya,Negatif,Negatif,0.9423,apk yg tidak berintegritas
a0c9ae9d-0ab1-41a8-b8d4-a2f9d4f3bc2a,Dede Mahpudin,1,2026-08-25T14:11:35.903Z,Autentikasi & Akun,Negatif,Negatif,0.9991,kenapa gak bisa digunakan di realme not 70 T padahal hp resmi malah ada hp anda tidak ressmi kan tolol jadi males nyimpen di mandiri karna gak aman mungkin masa uang 80 juta di blokir yang korupsi dan judol gal kan aneh wkwkww
5f784b4e-b76c-4f29-9a01-e4ad94ebda10,Wdi Hdyat,1,2026-08-25T14:11:23.402Z,Lainnya,Negatif,Negatif,0.9999,"kecewa berat,katanya mandiri tapi disetir aparat"
5410abdf-78da-45aa-9ed7-db1469ced5b2,Rudi Afandi,1,2026-08-25T14:11:00.191Z,Lainnya,Negatif,Negatif,0.9552,tidak dapat dipercaya
c33e5041-2f82-431c-96b0-93375908cdd1,Aska Bilqis,1,2026-08-25T14:10:57.247Z,Lainnya,Negatif,Negatif,0.9979,boikot
c2f92403-0962-435f-9707-c878f7a0a574,Agus Irawan,1,2026-08-25T14:10:47.852Z,Lainnya,Negatif,Negatif,0.8945,Not recommended
e70ba845-f84c-4597-b4bd-fdaf942cc565,Muhammad Amin,1,2026-08-25T14:10:35.959Z,Autentikasi & Akun,Negatif,Negatif,0.9873,Mending BNI ga pernah blokir chuuaxxzz #TakutDiBLOKIRR
ff1b2d54-705c-4e2b-8899-7da9875c01ed,HOW TO MAK'eee,1,2026-08-25T14:09:39.567Z,Lainnya,Negatif,Negatif,0.966,minimal punya nasabah di jaga bosss
305ec347-f1cc-413e-839d-b6c682a3a7a9,Kawet 23,1,2026-08-25T14:09:20.643Z,Autentikasi & Akun; Kinerja & Server,Negatif,Negatif,0.9576,"habis update gak bisa login,"
dd4a5e63-2a34-474c-9214-96a91b30bc7c,penikmat lelah,1,2026-08-25T14:08:29.510Z,Lainnya,Negatif,Negatif,0.9888,katanya mandiri ko jadi budak pejabat kwkwk
040598a3-b6c5-4eb2-893a-29c0c0d7ff55,Hasan aza,1,2026-08-25T14:08:25.722Z,Autentikasi & Akun,Negatif,Negatif,0.9971,bank harus nya independen ko nurut ya di suruh blokir semudah itukah auto pindah bank
9b24a8dc-d1c1-455d-a82d-2b81f442a2bd,GARDAN Kon,1,2026-08-25T14:08:03.183Z,Lainnya,Negatif,Negatif,0.9833,bank pembunuh rakyat kecil
24730208-1a26-4912-a8a4-4bf6264937a2,Anom Sastro Channel,1,2026-08-25T14:06:50.496Z,Lainnya,Negatif,Negatif,0.9999,pelayanan buruk
d3dffd55-d01e-4120-9c4f-af5bfe0a67a1,Alamsyah Ilham,1,2026-08-25T14:06:27.547Z,Lainnya,Negatif,Negatif,0.9954,ngeri
898d857f-168c-4a89-99fa-9ba03a522cdd,Bang Emok,1,2026-08-25T14:06:13.373Z,Lainnya,Negatif,Negatif,0.995,"jangan mau pake livin, dah itu aja mending brimo atau bca mobile aja"
a8a3efba-2f7b-48cd-a070-b7e1e3850232,Dimas Pratama,1,2026-08-25T14:06:08.384Z,Autentikasi & Akun; Layanan & Fitur Finansial,Negatif,Negatif,1,rekening di blokir
bae1a567-68cf-4bf8-88b3-8842f07b1b55,M Wakhid Saebani,1,2026-08-25T14:05:56.600Z,Lainnya,Negatif,Negatif,1,buruk
025a53a4-aa5e-4487-8528-0ff52791de32,akun bodong,1,2026-08-25T14:05:32.682Z,Autentikasi & Akun; Layanan & Fitur Finansial,Negatif,Negatif,1,"Blokir rekening aktivis bisa , blokir akun judol gak bisa"
a7975167-6d39-48c3-800e-7972e822a21e,achmad Ramadani,1,2026-08-25T14:05:28.598Z,Lainnya,Negatif,Negatif,1,bobrokk
7b333fb9-0aec-4ea9-bc6a-8d1779669963,DITZ XGOOD,1,2026-08-25T14:04:09.784Z,Lainnya,Negatif,Negatif,0.9938,menurut saya kurang bagus
8969e5c8-7e74-4f91-8858-a84485b4a129,hendrika ujumaki,1,2026-08-25T14:04:09.604Z,Lainnya,Negatif,Negatif,0.9958,jelek gausah di pake apk kaya gini
52d143c6-7db5-4d52-a67e-62553ecc69d1,bian Damar,1,2026-08-25T14:03:46.526Z,Lainnya,Negatif,Negatif,0.9958,gk jelas
43c6a471-615d-4dc5-be9f-33638d123f9c,Adrian Majid S,1,2026-08-25T14:02:58.463Z,Lainnya,Negatif,Negatif,1,BURUK
c896a57a-fcd1-4509-a34c-c4805d96587e,Azahari Mhd,1,2026-08-25T14:02:22.599Z,Lainnya,Negatif,Negatif,0.9965,kecewa
64d85878-f4ea-4280-84b1-1d2de98f9fd7,Muhammad Aruf,5,2026-08-25T14:01:13.884Z,Lainnya,Positif,Positif,0.5222,Tetap Salah Satu Yang Terbaik
5ee74375-ee0b-49f5-9d06-f9446843ef1e,yudha Nugraha,1,2026-08-25T14:00:14.100Z,Autentikasi & Akun,Negatif,Negatif,0.9987,blum daftar aja udah di blokir gimana udah daftar aneh ni bank
50df34a6-eff0-4ec8-893f-f2d8c56c7efe,From time To time,1,2026-08-25T13:59:03.176Z,Lainnya,Negatif,Negatif,0.9278,perlu diperbaiki lagi
41623782-20fd-40b3-aeca-a6f7b35b0f4a,Adin Wahyudi,1,2026-08-25T13:58:00.815Z,Lainnya,Negatif,Negatif,0.9999,tolol
1a07f63e-5544-47d2-ae88-78f34fb8e891,MUHAMMAD SUFI RIO NASRULLA,1,2026-08-25T13:57:57.535Z,Lainnya,Negatif,Negatif,1,buruk
a83d9dc1-4c3f-4d6b-8b9d-eef093893bc1,Suwardi,1,2026-08-25T13:57:49.117Z,Lainnya,Negatif,Negatif,1,aplikasi jelek
d664da0a-3d5a-48ad-9886-b13e0e80b56a,bodong h,1,2026-08-25T13:57:14.454Z,Lainnya,Negatif,Negatif,0.9991,katanya mandiri ternyata bisa di setir penguasa🤑
a5b493d9-3ac8-43b3-bc30-73225292bf72,AMAR RAIKHAN,1,2026-08-25T13:56:42.632Z,Lainnya,Negatif,Negatif,0.9979,boikot
0a622be7-508d-4672-869e-796553e1b3aa,Maulidi Mau,5,2026-08-25T13:55:32.930Z,Lainnya,Positif,Positif,0.6063,"membantu warga,dan masyarakat"
7234ee39-37e8-4e33-823b-6bc06fbd9c05,Aas Dayat,1,2026-08-25T13:55:25.639Z,Lainnya,Negatif,Negatif,0.9992,Sangat buruk kalah sama penguasa
1cc4790e-2686-4b6b-a1e6-0066bb8d5c03,FERI PRASTIO NUGROHO,1,2026-08-25T13:55:00.518Z,Lainnya,Negatif,Negatif,0.9418,huhh
0cacb16f-124d-4d6b-b611-9fd80181f802,Choirul Huda,1,2026-08-25T13:54:35.290Z,Lainnya,Negatif,Negatif,0.9383,terlalu mudah di atur oleh pihak lain
d534aeaf-5536-4520-81e2-c0fc96490b28,Widya Sasrah,1,2026-08-25T13:54:22.488Z,Autentikasi & Akun,Negatif,Negatif,0.9995,blokir yang judol sama koruptor lah
00620016-a61a-4326-8fee-1ddd60c28c8b,Ari Adi,1,2026-08-25T13:53:42.892Z,Lainnya,Negatif,Negatif,1,bobrokkkk!!!
27b995cb-85a3-48f7-a7c3-046516af889d,Yar Cvk,1,2026-08-25T13:53:40.580Z,Lainnya,Negatif,Negatif,0.9959,"katanya mandiri tapi masih disetir, uppsss"
e48a3717-7b0b-4316-b455-9c13d186c6e7,Gavin “Kyy” Cooper,1,2026-08-25T13:53:35.762Z,Lainnya,Negatif,Negatif,0.9989,boikot bank ini..tidak pro rakyat..
16851263-a5e5-48e9-895e-e68e63717d6c,Ucy Bawel,1,2026-08-25T13:53:21.467Z,Lainnya,Negatif,Negatif,0.9996,Apk yg tidak Mandiri!
aa94a0cf-9fb4-4f2a-aa77-91845d92263c,Putra Hadiniaga,1,2026-08-25T13:53:04.815Z,Lainnya,Negatif,Negatif,0.7932,membatu mavia
624b4af7-667f-4083-953d-78ee7695e725,Tahang Putra,1,2026-08-25T13:53:01.423Z,Autentikasi & Akun; Layanan & Fitur Finansial,Negatif,Negatif,1,main blokir ja rekening nasabah
b1471f2f-66a5-4df8-942d-8306d923d1c4,Asep Cahyadi,1,2026-08-25T13:51:22.572Z,Lainnya,Negatif,Negatif,0.9979,boikot
22a3439d-d77b-4ed7-a8c0-9f9e67e146c5,Rudi Widodo,1,2026-08-25T13:51:18.113Z,Lainnya,Negatif,Negatif,0.9992,katanya MANDIRI . kok masih bisa di setir ..
1df4f78b-e355-4eff-be67-053f1a7ba743,Edward Bayu,1,2026-08-25T13:51:01.553Z,Lainnya,Negatif,Negatif,1,bank tolol
d0f9e204-53d6-4050-8fbb-c0f415bc23e0,Akun Sedekah,1,2026-08-25T13:50:38.430Z,Lainnya,Negatif,Negatif,0.9486,Emank gak betul lagi bank mandiri ini
661cc56a-3399-4816-b6fd-1a201f68e416,Jati Komunitas Teh Hitam Indonesia,1,2026-08-25T13:50:11.769Z,Autentikasi & Akun,Negatif,Negatif,0.9949,ngeriii uang aktivis di blokir. belum pernah terjadi dalam sejarah
191c7192-876e-4ec8-b5d7-e8c81243c9dd,Ricardo Ritonga,1,2026-08-25T13:50:08.280Z,Lainnya,Negatif,Negatif,0.8479,"harga diri mandiri cuma seharga 80 juta, 900 rb ya, murah sekali, cuma tisu utk lap ingus aja"
27b61910-d558-4167-ac30-b431bcf51e7e,Infinix,1,2026-08-25T13:49:51.177Z,Autentikasi & Akun,Negatif,Negatif,0.9852,"mau pindahkan uang,beking korup"
8444d89c-6c04-4c7f-9686-633f465a407c,Daffa Mongan,1,2026-08-25T13:49:09.584Z,Lainnya,Negatif,Negatif,1,Buruk
33a2d5d8-802e-4cf0-9198-a48ace0f9bfb,ERLINDA FITRIANI,1,2026-08-25T13:49:05.459Z,Autentikasi & Akun; Layanan & Fitur Finansial,Negatif,Negatif,0.9946,ngerii bisa ngblokirin rekening pribadi seenaknya
707a6e7b-7d41-471e-8293-df06761e2fc3,Dede Zaka,1,2026-08-25T13:48:16.707Z,Autentikasi & Akun,Negatif,Negatif,0.9968,mulai sekarang saya kecewa dengan kelakuan management bank mandiri TBK karna memblokir saldo nasabah dengan sepihak sehingga membuat yang lain juga ikut kecewa
11220fc0-c6bd-4a00-a3ee-95965870038d,Fitri Ani,1,2026-08-25T13:47:30.371Z,Lainnya,Negatif,Negatif,0.9999,pelayanan buruk
863f4fa6-4553-4227-8e93-7e5fb9726f85,MEDIA GAMER,1,2026-08-25T13:47:04.292Z,Lainnya,Negatif,Negatif,0.9979,BOIKOT
59268711-2e2b-4407-8e14-edeb2fbeef8b,lintang,1,2026-08-25T13:46:31.482Z,Lainnya,Negatif,Negatif,0.98,pelindung koruptor males
9c379588-d30e-4866-904f-61661989f0d4,heny lutfiyana,1,2026-08-25T13:45:39.825Z,Autentikasi & Akun,Negatif,Negatif,0.9929,jangan nabung di sini jika tak ingin di blokir sepihak
9b700685-491f-42ae-a2f5-a7d67f677579,UNCAL BOGOR NHS,1,2026-08-25T13:45:38.782Z,Autentikasi & Akun; Layanan & Fitur Finansial,Negatif,Negatif,1,maling. main blokir rekening nasabah . hati hati
24ee7740-9d71-4a20-8199-f4d8fde8384d,muhamad Rochmat,1,2026-08-25T13:45:14.416Z,Kinerja & Server,Negatif,Negatif,0.9501,sering eror
3e2e761f-3f13-4a1e-a58c-59ccb7393c36,Edward :v,1,2026-08-25T13:45:08.153Z,Lainnya,Negatif,Negatif,0.9947,bank semena mena
39584ac3-5752-4a15-a3d4-6ae33f49fb9a,oki dimas prasetya,1,2026-08-25T13:45:07.720Z,Lainnya,Negatif,Negatif,0.9439,bintang 1 dulu. nunggu akibat dari demo apakah akan berbenah
781b4156-870c-4af3-8de5-d281f96e96e6,Sapri Masakaer,1,2026-08-25T13:44:44.737Z,Autentikasi & Akun,Negatif,Negatif,0.9857,ati ati diblokir
c4a55ef4-99d4-4f0e-969f-cac30ea421e5,Tika Ratnasari,1,2026-08-25T13:44:35.768Z,Autentikasi & Akun; Layanan & Fitur Finansial,Negatif,Negatif,0.8911,"tidak espek lagi dengan bank mandiri,sebelum kejadian viral pemblokiran di sosmed,sy sd duluan kmngalami rek client sya udah beberp orang di bekukan dr livin,untum ngebenerin harus bnyak persyaratn ini itu,dan menyusahkan nasabah seharusnya nasabah jd prioritas"
d6794fab-0cd6-4ca3-838a-ee3a78a83834,Sky Limit,1,2026-08-25T13:44:11.909Z,Lainnya,Negatif,Negatif,0.9959,tidak bisa dipercaya
3eeb6bc6-3a69-415d-8970-39d7ec355556,Rizal Wardani,1,2026-08-25T13:43:17.840Z,Autentikasi & Akun,Negatif,Negatif,1,"buruk, blokir disuruh pemerintah"
86e2c599-441c-45c4-8fd4-275808a22c71,Muhammad Erpan Erpan,1,2026-08-25T13:43:17.670Z,Lainnya,Negatif,Negatif,0.9999,kacau bank ini bisa ilang duit
bae0263d-788d-4ee1-97ad-8704912d0d53,Fitra Kurniawan,1,2026-08-25T13:43:10.228Z,Lainnya,Negatif,Negatif,0.9979,boikot
3e28e677-7014-4033-ab80-1f04cdf56b0c,M saddam Rayza,1,2026-08-25T13:43:07.558Z,Lainnya,Negatif,Negatif,0.9998,pelayanan jelek
05fd9a34-5d43-444b-a73d-ddace5027af5,Agung Pambudi,1,2026-08-25T13:42:46.277Z,Lainnya,Negatif,Negatif,1,aplikasi jelek
a645e16e-4a2b-4758-b5b2-0d86ea213dc6,Cahyono Ptrr,1,2026-08-25T13:42:41.942Z,Lainnya,Negatif,Negatif,0.9995,boikot aplikasi mandiri boikot mandiri
87c9de44-1008-4b2d-b74a-b9503121e52c,Kiki Kurniawan,1,2026-08-25T13:41:50.862Z,Lainnya,Negatif,Negatif,0.9952,TUKANG NAHAN HAK ORANG
e3bf97dc-c15a-434e-b187-d5c9fce4aa5d,Amin Muwafiq,1,2026-08-25T13:40:40.205Z,Lainnya,Negatif,Negatif,0.9993,parah bangettttt
82738daa-9060-4ed6-b5e6-739476275e48,KRNGoblok Fk,1,2026-08-25T13:40:07.587Z,Lainnya,Negatif,Negatif,0.8868,ya... ngerasa gelisah ya
16ae1e09-fe42-4461-bf34-3a1960e0732e,santri aby rohmat,5,2026-08-25T13:39:54.710Z,Lainnya,Positif,Positif,0.9394,baguss bagnget
234f333d-766d-4ab0-8a25-9034c8f68e24,Ardiansyah Trans,1,2026-08-25T13:39:49.799Z,Lainnya,Negatif,Negatif,0.6955,gampang di hasut. wereng
a9a54a09-3dd2-457e-ae5b-2921b3e033ae,wahyu 450,1,2026-08-25T13:39:42.307Z,Lainnya,Negatif,Negatif,0.9979,boikot
86409bbd-f198-47ad-be53-9b42355db098,GX7nifa21,1,2026-08-25T13:39:37.600Z,Lainnya,Negatif,Negatif,0.953,ko gituu sih mainya asal blok ajaa
bf7fe4c4-dfc6-44ac-ac74-f0c837480ea1,Abas Haaz,1,2026-08-25T13:38:46.848Z,Autentikasi & Akun,Negatif,Negatif,0.9999,pemblokiran nasabah aktivis!
838e4938-15e0-4cf1-bb72-b6f8c484a80a,Bakti kurniawan,1,2026-08-25T13:38:16.985Z,Lainnya,Negatif,Negatif,0.9664,cih
e6051f41-716c-4085-9012-294760dc5ed9,Gilbert Kesek,1,2026-08-25T13:37:43.421Z,Autentikasi & Akun,Negatif,Negatif,0.5616,bank tidak berprestasi 😋🤣😋
7ee94d92-cf42-46a8-a9a4-4356c40b318d,Restu Alip,1,2026-08-25T13:37:39.794Z,Kinerja & Server,Negatif,Negatif,0.9996,pengelolaan yang cacat
432eb38f-a2b8-4e2c-bca2-3abc0eb47f48,Teguh Wahyu,1,2026-08-25T13:35:25.274Z,Autentikasi & Akun,Negatif,Negatif,0.9997,"bisa dengan gampang memblokir nasabah, bank sampah"
b425299f-a001-47f5-9604-6b869e8b6e72,Angrayiskri Gabriel,1,2026-08-25T13:35:19.770Z,Lainnya,Negatif,Negatif,1,Buruk banget ini
7f4be506-f8fd-4349-9ae5-5c1aa4751576,Bondet Dontky,1,2026-08-25T13:34:07.170Z,Autentikasi & Akun; Layanan & Fitur Finansial,Negatif,Negatif,0.9904,gampang banget ngeblokir rekening nasabah
d5acb5c0-231e-47ff-a1d4-119a4776240f,Faroqi Ismail,1,2026-08-25T13:33:35.142Z,Lainnya,Negatif,Negatif,1,jelek
6680d3a9-b830-46c3-867c-9818f5a3d760,Reed Freeman,1,2026-08-25T13:33:02.332Z,Autentikasi & Akun,Negatif,Negatif,0.9984,tunggu blokir
74bce641-05cd-43c2-a8e3-a184c88a403f,Eza Lehfy,1,2026-08-25T13:32:56.202Z,Lainnya,Negatif,Negatif,0.9958,gak jelas
ad8a8d38-2e7f-46cc-9b2d-42c1552a5f00,Bagas Adira,1,2026-08-25T13:32:18.828Z,Lainnya,Negatif,Negatif,0.9403,skip buzzer
1a0051d8-5d43-46f5-87ba-09bdd44664a4,Anonymous Netizen,1,2026-08-25T13:31:42.324Z,Autentikasi & Akun; Layanan & Fitur Finansial,Negatif,Negatif,0.9999,Pemblokir Rekening Aktivis
55567123-ad01-4c0f-9ca3-7adb274d2da5,Junita,1,2026-08-25T13:31:34.831Z,Autentikasi & Akun,Negatif,Negatif,0.9999,PEMBLOKIR NASABAH AKTIVIS!
7f477af1-acbd-45c8-9acb-a20c30a5e2c9,Fan Aran,1,2026-08-25T13:31:13.531Z,Autentikasi & Akun; Layanan & Fitur Finansial,Negatif,Negatif,0.9963,JANGAN SEKALI SEKALI PAKE APLIKASI LIVIN BY MANDIRI INI KARNA SEMBARANG MEMBLOKIR REKENING RAKYAT TANPA ALASAN YANG JELAS. SEMOGA SEMUA ORANG TAU
90062a9d-092f-4710-86de-3cfc17a27e68,Rendy Krisna,1,2026-08-25T13:30:43.455Z,Autentikasi & Akun,Negatif,Negatif,0.9932,"kecewa atas pemblokiran sepihak warga pati!!! bekerja sama dgn polsi yg merugikan sepihak,,, hak kami untuk meninggalkan mandiri,,, 👋👋"
d687e7f0-7a5d-472b-bcf5-884e2d8bd6ea,Riki Budianto,1,2026-08-25T13:29:50.246Z,Lainnya,Negatif,Negatif,0.9996,layanan jelek
d4be25a6-8100-4a42-90f3-326226086ec2,Finnu rita,1,2026-08-25T13:29:34.901Z,Autentikasi & Akun,Negatif,Negatif,0.9121,loginnya lamaa
481cf87b-3eb1-4204-8067-c9f70e082420,Alexsys,1,2026-08-25T13:29:34.452Z,Lainnya,Negatif,Negatif,0.9977,buruk coy mematikan
5fe982ed-1792-4245-895d-683f5ea14e4b,Shucyiwirawan,1,2026-08-25T13:29:22.180Z,Lainnya,Negatif,Negatif,0.9936,"pro pejabat,tidak pro rakyat"
79e3933d-9d9c-4490-a643-5fb3d646c19b,Amirul Mukminin,1,2026-08-25T13:29:13.889Z,Lainnya,Negatif,Negatif,0.9896,"aplikasi ga jujur, saldo tiba tiba hilang"
263750b3-d3a3-4ed5-8354-2405becb9ca5,Hendrisa,1,2026-08-25T13:28:27.644Z,Lainnya,Negatif,Negatif,0.9042,L Livin
d2eba200-7853-4b6f-befd-5f935cd14d7e,Kay Kay,1,2026-08-25T13:27:32.524Z,Lainnya,Negatif,Negatif,0.9532,bangke emang srem juga
851e6281-9a84-4c82-a64e-d8514a141858,Ruslan Nuriadi,5,2026-08-25T13:27:13.481Z,Lainnya,Positif,Positif,0.6185,kenapa hari ini gak bisa lihat saldo?
467ece89-a420-493c-9f20-c6fb975d392b,Hawari Affandy,1,2026-08-25T13:26:50.495Z,Lainnya,Negatif,Negatif,0.9979,BOIKOT
9ed1c949-8d44-4249-9f0d-91013969a3e1,Regytaayu _,1,2026-08-25T13:26:15.280Z,Lainnya,Negatif,Negatif,1,sangat buruk
a0407491-0b15-4b9e-a3c2-b957c6046892,Yuli 98,1,2026-08-25T13:25:58.582Z,Autentikasi & Akun,Negatif,Negatif,1,takut di blokir duitnya
02fa5217-5cd2-4925-a46f-c8fdb5b9831f,Ri To,1,2026-08-25T13:25:12.992Z,Kinerja & Server,Negatif,Negatif,0.9892,lemot
304bc8b6-963a-4643-bab7-254248cd6cdc,Antoen Realistic25,1,2026-08-25T13:24:22.490Z,Lainnya,Negatif,Negatif,0.9935,lu aneh saldo orang lu ambil aja
711a24d2-ecd5-4b6d-a08f-e418b29e1039,aziz mustofa,1,2026-08-25T13:23:08.355Z,Autentikasi & Akun,Negatif,Negatif,1,sorry gamau pake bank ini takut kena blokir... 👎🏼
308dc6c2-6763-42a4-b1c2-56068d9ba31e,Imanuel Tangdilimban,1,2026-08-25T13:22:59.822Z,Autentikasi & Akun; Layanan & Fitur Finansial,Negatif,Negatif,0.9996,"ngakak pemblokiran rekening koq disuruh aparat hukum tanpa dasar, blokir judol, koruptor susah bgt blokirnya"
fc956421-1900-474d-8cdc-4cb141391d98,UkmCileungsi Jaya,1,2026-08-25T13:22:43.891Z,Lainnya,Negatif,Negatif,0.9665,Tidak Baik Untuk Kesehatan Jasmani dan Rohani
c26f1c95-9062-4e3e-a5ab-528968ebc0d7,Muhammad Arif,1,2026-08-25T13:22:30.588Z,Autentikasi & Akun,Negatif,Negatif,0.9993,Bahaya pakai mandiri. bisa di blokir suka2
c091fcf7-aef6-4931-b09b-8dd44528b853,Ummu Dhafitha,1,2026-08-25T13:22:03.784Z,Kinerja & Server,Negatif,Negatif,0.9661,Jangan pernah takut pada Manusia. Takutlah kepada Tuhan Yang Maha Esa. kecewa🥱
3497837a-3bfa-4838-bf64-dab7c4d81ef0,Noppan Nughroho,1,2026-08-25T13:21:51.477Z,Lainnya,Negatif,Negatif,0.984,melindungi koruptor
3c0401ea-82f4-4c6b-ae1c-c1aa896a0311,Harry Yohandi,1,2026-08-25T13:21:47.200Z,Autentikasi & Akun; Transaksi & Pembayaran; Layanan & Fitur Finansial,Negatif,Negatif,0.9979,"saya pengguna bank ini, jadi kecewa karena bank mandiri sudah tidak lagi independen. bertindak dengan gegabah berdasarkan instruksi yang tidak jelas, Memblokir rekening nasabah. jika bank mandiri bisa memblokir sepihak rekening nasabah tanpa pemberitahuan, rekening nasabah lain pun mudah untuk diblokir walaupun tidak ada tindak pidana didalamnya atau unsur-unsur kejahatan. bye bank mandiri Terima kasih sudah menemani selama beberapa tahun ini."
da9458da-85c9-46ae-a59f-9d560c22af3b,Agung We,1,2026-08-25T13:21:00.670Z,Lainnya,Negatif,Negatif,0.9691,cukup tau aja
36f25fd9-e566-47bd-ab8a-01b1510d1af5,Ghonel czr (Gonel),1,2026-08-25T13:19:50.793Z,Autentikasi & Akun; Layanan & Fitur Finansial,Negatif,Negatif,1,tukang blokir rekening org
a8f893f1-cf60-450f-8396-9da21c1ea0d6,Adis Permana,1,2026-08-25T13:19:31.243Z,Lainnya,Negatif,Negatif,0.9975,"Ga independen,,SORRY gua kasih rat jelek"
819f1299-16df-40b6-b4fb-423a5192f44f,Irfan Anggriyanto,1,2026-08-25T13:19:16.903Z,Autentikasi & Akun,Negatif,Negatif,0.9972,takut mendadak di blokir dan ilang isi saldo
03a0b199-e9a3-4597-9052-6f85a8d799d1,Ady Suryanto,1,2026-08-25T13:19:11.190Z,Lainnya,Negatif,Negatif,0.9993,bosok....
53c1fd43-de67-4fdd-9387-31ceea986a92,Muhammad Kholil,1,2026-08-25T13:18:31.986Z,Lainnya,Negatif,Negatif,0.9412,kenapa diatm terlalu banyak potongan tiap bulannya lebih dari batas potongan bulanan....masa belum ganti bulan sudah banyak potongannya mohon untuk diperbaik....i soalnya potongannya lebih dari batas potongan perbulannya nggak kayak potongan asli perbulannya hadeh sesat
03d625bd-19b4-4dab-ae6a-2934f70d7722,Aira Jegeg,1,2026-08-25T13:17:45.531Z,Lainnya,Negatif,Negatif,0.9999,bodoh
a5bfb620-1b25-478f-955e-65ec82e2879d,Muhammmad Romli,1,2026-08-25T13:17:19.343Z,Autentikasi & Akun,Negatif,Negatif,1,boikot bank mandiri main blokir se enaknya !!!
5a946f40-58d8-47db-a8ad-bc049a9de575,Nasr Modif,1,2026-08-25T13:16:44.200Z,Lainnya,Negatif,Negatif,0.9986,tidak mandiri. ada intervensi dr luar
127f31de-dd5c-4d36-81e6-1217dfb6a09d,carlos alexander,1,2026-08-25T13:16:27.879Z,Autentikasi & Akun; Layanan & Fitur Finansial,Negatif,Negatif,0.9996,pemblokiran rekening nasabah secara sepihak..dasar hukumnya apa??
3f8f956e-412e-4447-9d26-d2402e7f872d,Bang Paing,1,2026-08-25T13:16:20.918Z,Autentikasi & Akun,Negatif,Negatif,0.9996,bank GK jelas...bisa2 nya blokir secara sepihak
01f68557-6682-4ff1-b09a-cc0bb80068f6,Gifani Firmansah,1,2026-08-25T13:16:13.659Z,Lainnya,Negatif,Negatif,0.9979,boikot
02401d69-9ae6-4db8-a62b-3f031625be4e,M Ramdan Permana,1,2026-08-25T13:15:41.434Z,Autentikasi & Akun,Negatif,Negatif,0.9826,"kecewa dan jadi was was, dengan tindakan sepihak yg perihal pemblokiran 😬"
b698cb45-a490-4605-8bce-c8715a6a60f6,Isnin Tri Abdi,1,2026-08-25T13:15:40.942Z,Autentikasi & Akun,Negatif,Negatif,0.9993,"Bank tidak amanah, mudah di intervensi dan memblokir akun bank aktivis sesuka hati, selamat tinggal bank cukong ..."
cc2599f3-bbf1-4b3a-82db-2e83de536daa,teh kotak,1,2026-08-25T13:15:06.756Z,Lainnya,Negatif,Negatif,0.9996,tidak mandiri
26a60adb-aa64-4499-8a61-2a11b0bc1405,Vhy Vheny,1,2026-08-25T13:15:05.111Z,Autentikasi & Akun,Negatif,Negatif,0.9988,"ada apa dengan mandiri sekarang, kenapa banyak pemblokiran"
19a91266-2f79-43b3-bc93-bd226f1966fa,Ismail Maing,1,2026-08-25T13:14:47.440Z,Autentikasi & Akun,Negatif,Negatif,0.9842,"Punya saya Jangan blokir ya pak,saldo saya banyak ada 880jt,soalnya saya gak ikutan😂"
daedce22-686b-44bc-aba7-3f0198008419,sujat nicko,1,2026-08-25T13:14:21.299Z,Layanan & Fitur Finansial,Negatif,Negatif,0.9966,unblok rek orang pati
fb0cab34-dc03-4457-bd6e-4085bcb6ca63,taekok_kdj_,2,2026-08-25T13:14:04.543Z,Transaksi & Pembayaran,Negatif,Negatif,0.5868,"Setiap mau top up pulsa biasa di livin kok g pernah bisa sih? Tapi pas beli paket data malah bisa, Bisa pun harganya lebih mahal dan jangka waktunya singkat banget masa 70k cuma dapat 4 gb? ngotak dong di telkom sm gopay g semahal itu dan g sedikit itu"
0ff45fa6-bcdc-4fd5-bf9f-e8455fd1365f,Ridwan Ahay,1,2026-08-25T13:13:47.452Z,Lainnya,Negatif,Negatif,0.9969,WKWK DISETIR YANG KATANYA MANDIRI
73171ed3-94ef-4370-93a9-dc87bf5b445e,Riko Andrian,1,2026-08-25T13:13:06.372Z,Autentikasi & Akun; Layanan & Fitur Finansial,Negatif,Negatif,0.9993,"sangat di sayangkan bank sebesar ini tidak profesional terhadap konsumen, malah patuh kepada elit,, ngeri juga kalo punya tabungan banyak tiba2 di blokir, mending pindah ke bank lain ,"
4f0082a1-2f12-40de-989c-f38fa2ed51dd,tri sunyo,1,2026-08-25T13:12:54.603Z,Autentikasi & Akun,Negatif,Negatif,0.9997,main blokir ampb
174399f0-beee-403e-92ee-d202798d546f,Mistic Real,1,2026-08-25T13:11:59.201Z,Autentikasi & Akun,Negatif,Negatif,1,takut di blokir
3f7d11d9-44bf-4e3a-846e-3c34987bbaea,Naufal Alfadani,1,2026-08-25T13:10:14.861Z,Lainnya,Negatif,Negatif,0.9751,tidak dapat dipercaya privasi
3f142d24-8712-4fcb-aa34-4f882886bf88,shakila devi,1,2026-08-25T13:10:10.418Z,Lainnya,Negatif,Negatif,0.9918,katanya mandiri masa intervensi
d88e9494-ed6e-4cf3-b119-3b61bbdbab83,Awy Pubg,1,2026-08-25T13:09:19.938Z,Lainnya,Negatif,Negatif,0.9958,gak jelas🤣🤣
5ef36410-f359-41b3-ab45-06683482c640,Arlan Kurniawan,1,2026-08-25T13:09:13.749Z,Autentikasi & Akun,Negatif,Negatif,0.9994,"ngeri eyy takut tiba tiba di blokir, ngeri ngeri"
3e7cbac8-a738-479d-8deb-a27e78aeb0c4,Lang,1,2026-08-25T13:09:09.751Z,Autentikasi & Akun,Negatif,Negatif,1,ngeri banget mainnya blokir²
3ceac4f1-0cef-4a41-894f-e0c5eac2a8ca,Muhammad Arrobi Zulkipli,1,2026-08-25T13:08:56.988Z,Lainnya,Negatif,Negatif,0.9586,ampun
94cd87d3-2183-4286-91f7-2fc7dbd54197,Pembunuh Sepi,1,2026-08-25T13:08:10.414Z,Autentikasi & Akun,Negatif,Negatif,0.9992,Hati-hati bisa diblokir sepihak atas permintaan penegak hukum katanya. mending ke swasta aja.
3bf24b12-32f9-42d5-af23-199f33f8c0b6,Muhammad Rafli,1,2026-08-25T13:08:06.552Z,Lainnya,Negatif,Negatif,0.9988,mandiri tapi di stir wkwk
f09b950c-e9c1-4777-846b-e5ebbc4de8d6,Fitri Mpit,1,2026-08-25T13:06:40.151Z,Autentikasi & Akun,Negatif,Negatif,0.9977,di blokir suka suka
6e8727b6-8c54-4fa7-b904-c17b37730ee6,Febnia 19,1,2026-08-25T13:06:22.944Z,Lainnya,Negatif,Negatif,1,sangat buruk...
14b4ee35-04c7-4896-a6ed-771d5b03b1be,Kindoraay,1,2026-08-25T13:06:16.337Z,Lainnya,Negatif,Negatif,0.9715,dongo bank dongo
7ac1d5ff-0a0a-4f33-98bc-dc26eb5b236a,Totok caproets,5,2026-08-25T13:05:42.912Z,Lainnya,Positif,Positif,0.8565,bagus
54c09a5c-0b82-4049-8d29-ca6b221efea6,Hadi Marwot,1,2026-08-25T13:05:39.636Z,Lainnya,Negatif,Negatif,0.9846,sangat tidak nyaman
33aef2f2-8440-4e45-8209-2c255c783f77,Ridho Ganteng,1,2026-08-25T13:04:08.772Z,Kinerja & Server,Negatif,Negatif,0.9867,aplikasi apaan suka bug
3b446fe4-6a85-4f62-a369-097fcaff598e,Hilman Maulana,1,2026-08-25T13:03:36.215Z,Lainnya,Negatif,Negatif,0.9908,aplikasi berbahaya
618acac7-cbb8-462a-87fd-472621faca6e,Dwi Apriliani,1,2026-08-25T13:03:17.169Z,Autentikasi & Akun; Layanan & Fitur Finansial,Negatif,Negatif,0.9974,banyak acak adul memblokir rekening orang secara sepihak
b61b0496-9d17-4c34-af9a-fd445119b664,Irawal Randra,1,2026-08-25T13:02:53.524Z,Lainnya,Negatif,Negatif,0.9994,😡
72a6d7f5-bfef-4684-81ce-242a7752b8c6,Bintang Maulana,1,2026-08-25T13:02:34.160Z,Lainnya,Negatif,Negatif,1,sangat burukkk
288bf4fd-6551-4f58-ba5b-fa1889ed6ddd,Syakir Asiari,1,2026-08-25T13:02:19.283Z,Lainnya,Negatif,Negatif,0.9859,MERAMPAS UANG ORANG!
696be814-71e4-440b-9816-dcb762c15834,Raid Fachri Labib,1,2026-08-25T13:01:49.211Z,Autentikasi & Akun; Layanan & Fitur Finansial,Negatif,Negatif,0.9999,awas rekeningnya di blokir
3ad442c1-65f0-4bb3-8735-63adf64893e7,Agus Prasetyo,1,2026-08-25T13:01:48.594Z,Lainnya,Negatif,Negatif,0.9909,ngeri ah pake livin
0446e1bd-88ab-4280-b856-3c4988cbc152,Dias Safry,1,2026-08-25T13:01:40.728Z,Autentikasi & Akun,Negatif,Negatif,0.9991,hati hati nanti keblokir... mirip yang lagi viral..
1642252e-4971-470e-8912-775246d8eb7a,Rifqi 93,1,2026-08-25T13:00:35.477Z,Autentikasi & Akun,Negatif,Negatif,0.9996,Saya takut diblokir saldo saya
57b0e009-ceb7-472b-be4a-375721912f02,Bolang 123,1,2026-08-25T12:59:49.257Z,Lainnya,Negatif,Negatif,0.9965,sangat kecewa
be87b6b6-6735-413d-97de-ac12630f8136,Mochamad Tegar Aththarikh,1,2026-08-25T12:59:27.762Z,Autentikasi & Akun,Negatif,Negatif,0.9969,WASPADA GUYS AKUN KALIAN JUGA BISA DI BLOKIR TIBA TIBA
50eb6fa3-b6c5-4800-ae2a-e262b65592d4,De Pingkan,1,2026-08-25T12:59:08.494Z,Lainnya,Negatif,Negatif,0.9908,apk berbahaya.
9e1f6efd-0fc6-4e9e-b5f4-90d63a118499,Hilmi Zakki Al-falah,1,2026-08-25T12:58:54.527Z,Autentikasi & Akun,Negatif,Negatif,0.9968,MEMBLOKIR SECARA SEPIHAK!!
e9a60f12-c79a-40f1-89bb-b6ad0437a9ed,Siti sudiro,1,2026-08-25T12:58:38.299Z,Lainnya,Negatif,Negatif,0.9584,baikot aja wis. udah gak ada faedahe ka
3e914f43-0cc0-4e4a-96c2-75cef667baf4,Plg 2026,1,2026-08-25T12:58:25.308Z,Lainnya,Negatif,Negatif,0.9979,boikot
134733f6-d912-441d-a946-41d728abdf41,marhaban wahyu nugroho,1,2026-08-25T12:58:21.364Z,Kinerja & Server,Negatif,Negatif,0.9505,byee.. udah males banget pake ni apk.. kgak bisa di buka.. maless update doang...
458dfe09-e4fa-41a8-9f36-322d147b17f6,Rizky Alviani,1,2026-08-25T12:58:05.860Z,Lainnya,Negatif,Negatif,0.9945,BOIKOOTTT BANK MANDIRIII !!!!! BOIKOT BOIKOT BOIKOOTTT... UNTUNG GUA UDH GAK PAKE BANK INI LAGI. SALDO NGENDEP 100K MENDING GUA KE BANK SWASTA YG LAIN... BOIKOTTT BOIKOOOTTT
834515d2-c05e-4399-bf86-91b1571046a8,Yusuf Maulana,1,2026-08-25T12:58:04.130Z,Autentikasi & Akun,Negatif,Negatif,0.9999,sekarang takut ah nyimpen uang di mandiri takut di blokir.
ecbda1c7-4408-4f6d-accd-675c3c957a84,Ade Suherman,1,2026-08-25T12:57:09.452Z,Autentikasi & Akun; Layanan & Fitur Finansial,Negatif,Negatif,0.9992,"tarik/pindahin saldo, tutup rekening & uninstall bank kacung ini."
dcc6d1d7-b63e-4166-acc7-379eead54220,Pumpk!n TM,1,2026-08-25T12:56:27.285Z,Lainnya,Negatif,Positif,0.6181,silakan terjun bebas🔥
1bd383a4-085e-4454-b101-7564bb2e9caa,Serli Selvia Bakkara,1,2026-08-25T12:56:14.500Z,Kinerja & Server,Negatif,Negatif,0.9626,"aplikasi lemot, sering ngulang' padahal jaringan bagus"
e0cba109-9806-4711-83ec-84737576f18b,R-KA Channel,1,2026-08-25T12:55:18.703Z,Lainnya,Negatif,Negatif,0.9798,lu tau kan kenapa dikasih bintang 1 ?
3fd1b07f-7ec0-4e41-ae6c-2882a18c3b1e,Adi Saputra,1,2026-08-25T12:55:08.728Z,Autentikasi & Akun; Transaksi & Pembayaran,Negatif,Negatif,0.9993,"sekarang sudah mulai tidak aman nabung di mandiri , data nasabah kok bisa di berikan ke org lain, blokir atm tanpa kesalahan yg jelas. pengen tarik semua aja dana nya"
a1cbaf24-dce9-452f-a409-1e279e5e747c,Azam zufrie,1,2026-08-25T12:55:07.439Z,Lainnya,Negatif,Negatif,0.9273,sangat membagongkan
c4ef8827-e1b0-4690-82d4-f55ab014a0d9,Navil Zeline,1,2026-08-25T12:54:16.644Z,Autentikasi & Akun,Negatif,Negatif,0.9998,pindah ke BCA ngeri kalo tiba² di blokir
ad92c109-8d88-42ec-b53e-b0a1e4362119,Nasrul BLJ,1,2026-08-25T12:53:36.570Z,Lainnya,Negatif,Negatif,0.947,penjahat
16e351e2-b225-4079-8590-77db6e8c3ed7,Samsudin Rochman,1,2026-08-25T12:52:48.103Z,Lainnya,Negatif,Negatif,0.9914,kecewa bank apa ini .. biaya admin besar . keamana data pribadi kurang
f828e197-4866-4876-9725-22542715c45f,Ananta Pradnyana,1,2026-08-25T12:52:36.416Z,Autentikasi & Akun,Negatif,Negatif,0.9999,blokir terus nasabahnya bank mandiri 🤣🤣
9d2fff68-3f39-4524-9a71-944bb6e2e51c,Okta Tahlis,1,2026-08-25T12:50:50.680Z,Lainnya,Negatif,Negatif,0.967,sekarang mh 25 ribu gk bisa dipakai
4f62ad5c-661f-4735-853c-d3aac6bf3c17,Volunteer Account,1,2026-08-25T12:50:50.515Z,Autentikasi & Akun; Layanan & Fitur Finansial,Negatif,Negatif,0.9801,"Yuuuu mari abang, abang, saudara-saudari dari pada Rekening Bank Mandiri kita tiba tiba diblokir karena alasan tidak jelas dan tidak masuk akal sehat !!! segera pindah yaaaaa !!!! Entar udah diblokir baru nyeselll !!! Ngurus Ngurus nya Capeee !!! Pindahkan Segera Dari Bank Mandiri Ke Perbankkan lainnya yang lebih aman dan bijaksana serta amanah !!!"
4ca4beb6-9fc0-4ada-ab5a-37ee6fef1bac,Lollipopmie_,1,2026-08-25T12:50:10.321Z,Lainnya,Negatif,Negatif,0.9321,persiapan gulung tikar aja 🤣
bf996648-0a2d-4f78-b4ab-e9d1f83493d3,Iqbal Baehaqi,1,2026-08-25T12:49:54.539Z,Lainnya,Negatif,Negatif,0.9578,Livin biru udah gak bisa di akses ya?
cb033681-998c-4f3a-9cd7-ae931077f106,Rizki Maulana,1,2026-08-25T12:49:29.601Z,Lainnya,Negatif,Negatif,0.9945,hati² aplikasi yg sangat berbahaya lebih baik segera kalian tarik uang kalian. jangan sampai uang anda hilang di bekukan.
89ad52db-902b-4b33-95e2-f779dbb9ee34,Arya,1,2026-08-25T12:49:23.966Z,Autentikasi & Akun; Transaksi & Pembayaran,Negatif,Negatif,0.9898,"Bank Mandiri gampang melakukan blokir dana akun nasabah, tidak patut di gunakan oleh rakyat indonesia"
1752dc93-1576-4ecc-a1a5-82c0ed7ae96a,no Name,1,2026-08-25T12:48:07.622Z,Lainnya,Negatif,Negatif,0.9996,boikot mandiri
beb26090-09b5-4fc5-9a7e-c763b69d3176,Bagus Maulana,1,2026-08-25T12:48:02.430Z,Lainnya,Negatif,Negatif,0.9042,kalian membuat pesaing menang tanpa melakukan apapun
7c1e2e96-7ece-4d24-9736-18acc6f4391d,Andika deputra,1,2026-08-25T12:46:44.440Z,Autentikasi & Akun,Negatif,Negatif,0.9999,takut banget nanti saldo di blokir
a1ab6118-6e69-4fc6-bdfb-9befecdcdec2,mas tes,1,2026-08-25T12:46:37.442Z,Autentikasi & Akun,Negatif,Negatif,0.996,awas guys akun anda terblokir
7096d018-e105-415f-b0f9-e84dd301e9b3,Indra S,1,2026-08-25T12:46:33.610Z,Lainnya,Negatif,Negatif,0.9777,"keamanan kenyamanan nasabah adalah prioritas, bukan malah nurut keputusan sepihak aparat"
416f97ed-8cb6-44dc-b1b9-507d76979ede,ketut ambara putra,1,2026-08-25T12:46:31.825Z,Lainnya,Negatif,Negatif,0.9993,payah
da2f4dd5-28cc-4695-be0c-7f0a9ced9731,Fadly Evant,1,2026-08-25T12:45:49.183Z,Lainnya,Negatif,Negatif,0.9963,pelayanan buruk. pemotongan saldo minim simpanan 100rb terlalu banyak. Bank BCA lebih recomendet
67da613f-df89-4e63-a314-4163e105b149,Sandruw Al Farisi,1,2026-08-25T12:45:02.678Z,Lainnya,Negatif,Negatif,0.8937,tolong lah
50c84758-3edd-4375-a6ba-aded0338f57a,Rinaldy Achmad Roberth Fathoni,1,2026-08-25T12:44:42.653Z,Lainnya,Negatif,Negatif,0.9998,Salah satu bank dan aplikasi dengan pelayanan sangat buruk.
97bc4a21-58e3-41d1-9b9c-6f637323daf1,Ren motovlog,1,2026-08-25T12:44:34.469Z,Autentikasi & Akun,Negatif,Negatif,0.9999,ngeri di blokir tiba tiba🤣
9d997297-9482-44e9-be18-82567441961c,Muhammad Rijal,5,2026-08-25T12:43:51.264Z,Lainnya,Positif,Positif,0.9301,Bank mandiri bagus pelayanan paling top se Indonesia
c4483d52-91b6-4bd5-b615-ebe35795b478,M Ega,1,2026-08-25T12:43:47.574Z,Autentikasi & Akun,Negatif,Negatif,1,takut di blokir
3e417cc1-d4e5-43f9-9c7c-c696015067b3,Wahyu Derajat,1,2026-08-25T12:43:45.414Z,Autentikasi & Akun,Negatif,Negatif,1,main blokir aja
67a5248a-2d60-48cb-99dd-5851d976fc3c,Denny Denny,1,2026-08-25T12:43:41.707Z,Lainnya,Negatif,Negatif,0.9996,tidak mandiri
62b1e7cd-5472-4361-9401-999318d1dc8c,Agusniwati Agus,1,2026-08-25T12:43:00.774Z,Lainnya,Negatif,Negatif,0.9996,sangat tidak mandiri.
adab5ae5-9bba-4b68-bb7b-1aceb1d4ca99,Erik Andreas,1,2026-08-25T12:42:37.515Z,Transaksi & Pembayaran,Negatif,Negatif,0.9988,bank yg tidak bisa mengamankan dana nasabahnya sendiri
594bb2ef-16af-4094-9f30-c45155385659,M.khalil Lubis,1,2026-08-25T12:42:36.906Z,Kinerja & Server,Negatif,Negatif,0.9892,aplikasi lelet.
41b49aba-2db1-43ad-ae11-f8735e3cafd3,Ibah Imm,1,2026-08-25T12:42:13.277Z,Lainnya,Negatif,Negatif,0.9895,"BANK GAK JELAS, JANGAN MAU NYIMPEN/NABUNG DIBANK INI"
d5dbbd65-ee9b-41a8-a978-c42681897b2c,Bangkit Saputra,1,2026-08-25T12:41:45.551Z,Lainnya,Negatif,Negatif,0.9993,busuk
e0f5bb3b-a397-45ef-97df-798d179c50ed,masww wawa,1,2026-08-25T12:41:42.598Z,Lainnya,Negatif,Negatif,0.9168,tidak qman
55bda83e-dd44-462a-bf39-e090093dedc0,Moch Yusuf Hidayatullah,1,2026-08-25T12:41:42.169Z,Lainnya,Negatif,Negatif,0.9996,boikot bang mandiri
67c03304-fb19-470b-bad3-771fe7345c75,HETBIN SIJABAT,1,2026-08-25T12:41:29.377Z,Autentikasi & Akun,Negatif,Negatif,0.9978,"kalah jauh sama Bank Swasta terbesar di indo, keamanan juga gak aman. takut di blokir"
79906975-999e-43a3-91db-3e4a040f6968,Dandi Firmansyah,1,2026-08-25T12:41:20.474Z,Autentikasi & Akun,Negatif,Negatif,0.9998,takut di blokir naro uang di mandiri
2f706f83-c685-4b78-abaa-171e1b4549a3,Anhar Blackmamba95,1,2026-08-25T12:40:44.231Z,Autentikasi & Akun; Layanan & Fitur Finansial,Negatif,Negatif,1,suka blokir rekening nasabah
cc73186a-8a32-4065-8285-471d468f2886,Pipo 15c,1,2026-08-25T12:39:50.934Z,Autentikasi & Akun,Negatif,Negatif,0.995,blokir sembarang an
74257182-301d-43c3-87aa-1ba8a12a5d35,ᮖᮜ᮪ᮓᮤ ᮞᮤᮒᮦᮕᮥ,1,2026-08-25T12:39:23.477Z,Autentikasi & Akun,Negatif,Negatif,0.9999,Asal main blokir aja kalian ya
c9158615-0eda-4b8f-be55-1100f7692b2e,Putra Ptr43,1,2026-08-25T12:39:09.670Z,Autentikasi & Akun,Negatif,Negatif,0.9866,akun susah
0db3280d-dff5-4f5e-8d9a-3762e6b54bc4,Sela Veradevani,1,2026-08-25T12:38:28.348Z,Lainnya,Negatif,Negatif,0.9904,wkwk dari dulu ga pernah mau pake mandiri untung aja ga salah filing gue
7f8779e8-dcda-477b-b82e-095aff4b0d0b,Sopinah,1,2026-08-25T12:37:52.207Z,Autentikasi & Akun; Layanan & Fitur Finansial,Negatif,Negatif,0.9995,sangat jelek untuk ngamain tabungan dan semena2 blokir ATM seseorang
04538859-5355-43e9-86af-cbfe28ef6d11,Alditya Dimas,1,2026-08-25T12:37:08.492Z,Lainnya,Negatif,Negatif,0.9679,mohon diperbaiki lagi
1912c970-4ddf-4479-a2b1-965dde71e481,Dony Saputra,1,2026-08-25T12:36:35.660Z,Autentikasi & Akun,Negatif,Negatif,0.9992,gemar blokir akun nasabah
f3dfd1cc-6425-441f-8fed-22377f70213f,Aak_dedex “Raihan hafizan” TV official,1,2026-08-25T12:36:10.448Z,Autentikasi & Akun,Negatif,Negatif,0.9999,gua uninstall takut di blokir tanpa pemberitahuan 🤣
dbbb2b5e-202f-41bb-94ef-391a16e7390a,Rustaka Pratama,1,2026-08-25T12:35:35.140Z,Lainnya,Negatif,Negatif,0.9769,jahat
60e34145-a70b-471e-a5fc-bd64fcdcd6a4,Ragil Lukman,1,2026-08-25T12:35:28.529Z,Lainnya,Negatif,Negatif,0.9233,senjata makan tuan😹
9fc10886-6a65-40b0-bf0c-14fdb7e5ab44,Mohammad Cipto Fajar S.,1,2026-08-25T12:34:47.480Z,Autentikasi & Akun,Negatif,Negatif,0.9954,setelah melihat berita pemblokiran sepihak saya menjadi takut menyimpan uang disini
a50b1582-0e5f-4430-9f00-739c185e73e1,M Ilham (Den ilham),1,2026-08-25T12:33:37.610Z,Lainnya,Negatif,Negatif,0.9999,mandiri kacau
a13d4111-8665-41bf-b15d-18f3b3b0b8b3,Sumyani Rumpin,5,2026-08-25T12:32:34.735Z,Lainnya,Positif,Positif,0.8565,nice
5f5c5188-8d90-4b6e-8f87-9a808fefb9f0,chandra awal,1,2026-08-25T12:32:28.466Z,Lainnya,Negatif,Negatif,0.9958,gajelas
065b9af6-575a-466c-ba0a-d51175866138,Ravy Syahputra,1,2026-08-25T12:32:21.980Z,Lainnya,Negatif,Negatif,0.9507,bank buzzer
cb70aab9-d274-4f0f-9830-d892df9a3c5b,Sigit Pramono,1,2026-08-25T12:32:03.745Z,Autentikasi & Akun,Negatif,Negatif,0.9655,pemblokiran peserta atas dasar aparat? hmmm BLOG
cabcf5d6-3f3f-4f9c-9509-0515f9026658,Kamaludin 05,1,2026-08-25T12:31:56.100Z,Lainnya,Negatif,Negatif,0.9984,TIDAK AMAN! sangat mengecewakan.
586146f7-6586-4b41-a45b-762a3df0b406,Mauun real,1,2026-08-25T12:31:34.800Z,Lainnya,Negatif,Negatif,0.9901,tidak memuaskan
36389a26-6ad6-49f6-aa1d-d50a78b2a25d,Umi Yatun,5,2026-08-25T12:31:19.450Z,Lainnya,Positif,Positif,0.9394,bagus dan lenbkap
faefcb77-0157-4f55-87d7-2423c0a39de7,putra prakoso,1,2026-08-25T12:31:05.678Z,Autentikasi & Akun,Negatif,Negatif,0.9907,mending Yang Mash ada saldo di mandiri pindahin semua dah kaga bener Ini Bank
53ce89a2-00db-4f59-b8a2-8f53782cd749,Abidin Ritonga,1,2026-08-25T12:30:42.824Z,Autentikasi & Akun,Negatif,Negatif,0.9999,pemblokiran nasabah aktivis
c54a446a-d1bf-4cef-873c-3aff9e4b6f28,Slamet Marsha,1,2026-08-25T12:29:46.920Z,Autentikasi & Akun,Negatif,Negatif,0.9989,suka blokir akun semaunua
2b6601d4-78f3-4cf5-a634-639a2a1d1dac,Dian Senja Abadi,1,2026-08-25T12:29:12.554Z,Autentikasi & Akun; Layanan & Fitur Finansial,Negatif,Negatif,0.9984,mandiri buruk ternyata data keuangan bisa lemah saat pengaruh pejabat. udah waktu nya saya pindah rekening ke BCA pas ada kejadian pemblokiran rekening jadi takut saya. data keuangan saya di bobol. ulasan terakhir mau uninstal
4865853a-f5d7-439e-916c-c5a4f5d9ce11,Lyon Shanthana,1,2026-08-25T12:29:03.200Z,Lainnya,Negatif,Negatif,0.9965,kecewa sekali
1ddf65a0-b20d-4f6b-be4e-74f2cb1d8c48,Roni Suhendra,1,2026-08-25T12:28:35.308Z,Autentikasi & Akun,Negatif,Negatif,0.9999,ini blokir saldo
ff3e9562-2c23-4439-a841-d9321ead4fb5,Yorry Noviananda,1,2026-08-25T12:28:24.169Z,Autentikasi & Akun,Negatif,Negatif,0.9999,tukang blokir
d9bc6c5a-0600-49cd-b015-49da51be3778,Mahmud Ubaidillah,1,2026-08-25T12:28:23.624Z,Lainnya,Negatif,Negatif,1,bobrok
4e7c3cdc-173a-4681-a941-2482ccb54bf3,fandy ottoluwa,1,2026-08-25T12:28:02.234Z,Kinerja & Server,Negatif,Negatif,1,aplikasi jelek lemot👎
b2758d88-e53c-421c-9b53-a2fd8fde82bb,Eep Nurgani,1,2026-08-25T12:27:32.350Z,Lainnya,Negatif,Negatif,1,hari terakhir pake bank mandiri ... 👎
86bac732-ae09-4a06-9ad3-337d501d6c32,Ari Akbar,1,2026-08-25T12:27:05.484Z,Lainnya,Negatif,Negatif,0.9947,"kami kecewa dengan keputusan sepihak, yg sangat merugikan. tanpa ada konfirmasi terlebih dahulu."
26ae7596-925f-4b90-8104-81c57dcbdd93,Tulus Prasetyono,1,2026-08-25T12:27:04.328Z,Transaksi & Pembayaran,Negatif,Negatif,0.9984,Bank kacung aparat... ga melindungi dana nasabah...
551576b6-c1c0-47f5-81b6-76909e2d0820,Raja Miranda,2,2026-08-25T12:26:54.656Z,Lainnya,Negatif,Negatif,0.9404,gabagus apk nya
f7554647-3c23-492b-9ae1-1388158d0101,Nathaliec Engky Soa,1,2026-08-25T12:26:53.216Z,Autentikasi & Akun; Layanan & Fitur Finansial,Negatif,Negatif,0.9999,kecewa dgn Bank Mandiri yg memblokir rekening nasabah tanpa ada pemberitahuan dan atas suruhan pihak pihak tertentu ..
26100104-abb4-4933-86fb-3615afa7f67a,Yogi Ginanjar,1,2026-08-25T12:26:42.963Z,Lainnya,Negatif,Negatif,0.9997,bank mandiri tidak amanah
0a7dc9b9-2cb9-4172-9284-f30a2f48253d,Kiki Monika,1,2026-08-25T12:25:46.202Z,Lainnya,Negatif,Negatif,0.997,tidak rekomendasi
185a7254-26e0-4d62-8eb7-19885eca155e,THE LODEH,1,2026-08-25T12:25:38.488Z,Autentikasi & Akun,Negatif,Negatif,0.999,"sudah tidak mau lagi ahhh, takut diblokir"
e4e91e54-3b2d-4f39-9d8e-e304c224848f,Muhammad Hasbinasrulloh,5,2026-08-25T12:24:54.108Z,Lainnya,Positif,Positif,0.9679,ok siiip mantap
2b17b3f8-6532-4a88-93fc-7daa98b4d767,Mutia Galuh,1,2026-08-25T12:24:20.230Z,Autentikasi & Akun,Negatif,Negatif,0.9967,kasus pemblokiran sangat mengecewakan
2131cb5f-29a1-4e47-92af-d437e4d662dd,Maxi Mangkey,1,2026-08-25T12:24:09.983Z,Autentikasi & Akun,Negatif,Negatif,0.9811,pemblokiran akunn 80 juta
9e5cb9ac-f8ab-45b5-ab29-7e43a69ea487,Ipan Gabriel,1,2026-08-25T12:23:57.797Z,Autentikasi & Akun; Layanan & Fitur Finansial,Negatif,Negatif,0.9997,saya gak ada masalah apa apa sama bank mandiri tapi kecewa aja dengan keputusan nya yg memblokir rekening.
edcfa11b-afc8-469c-9c4e-5a46e38a3ee3,Ojen Z,1,2026-08-25T12:23:38.657Z,Lainnya,Negatif,Negatif,0.9833,kecewa b2
77b67670-cc22-428f-ab27-c7a21f064231,novrizalhady,1,2026-08-25T12:23:24.843Z,Lainnya,Negatif,Negatif,0.9969,sangat tidak berguna
3da7b6aa-5647-4109-ae0a-1910b6c54ed4,Wyd 12,1,2026-08-25T12:23:22.921Z,Lainnya,Negatif,Negatif,0.9819,tidak rekomended
e07fbaf6-052e-46a6-a7d7-3a3bcc009969,Darmin Sudirman,1,2026-08-25T12:21:13.236Z,Lainnya,Negatif,Negatif,0.9979,boikot
4c88d5d2-2383-49d0-be49-8a76bdf4aeb6,Manusia Biasa,1,2026-08-25T12:21:04.161Z,Autentikasi & Akun,Negatif,Negatif,1,pindah bank segera..sungguh tidak jelas..jadi ragu dg keamanan data pribadi👎🏻
9117c29d-ff79-4a78-9e8b-dea142f93690,Fawwaz Zharfan,1,2026-08-25T12:21:01.641Z,Autentikasi & Akun; Layanan & Fitur Finansial,Negatif,Negatif,1,"aplikasi tidak berguna, masa blokir rekening nasabah secara sepihak dan tanpa pemberitahuan"
2e35eaa5-a4a2-4171-997f-1dd2caa0f56a,Alfan Setiadi,1,2026-08-25T12:20:35.521Z,Lainnya,Negatif,Negatif,0.9488,selalu berhenti dan tidak bisa di buka
ffc1338f-f853-47c9-8f47-f5148c8dc742,hengki wahyudi,1,2026-08-25T12:19:40.432Z,Lainnya,Negatif,Negatif,0.9993,busuukkkkk
5b6f5b32-7a4b-4d04-80c1-dec144e0c373,Febri Yanto,1,2026-08-25T12:18:49.702Z,Autentikasi & Akun,Negatif,Negatif,0.9991,"main blokir ajah, temannya polri, tidak berpihak pada nasabah (tidak amanah)"
7edd2131-e09d-44c8-878d-c00b8c6b0bb6,Ahmad Ramdani,1,2026-08-25T12:18:30.218Z,Lainnya,Negatif,Negatif,0.9868,APK KORUP
e061d19c-c074-4cbc-84c0-0ba06cb53cfa,Fadly nata,1,2026-08-25T12:18:00.729Z,Autentikasi & Akun,Negatif,Negatif,1,"TIDAK BISA DIPERCAYA, SEMENA MENA BLOKIR AKUN NASABAH, BOIKOT MANDIRI"
63738615-47c0-4a3a-b1f8-42e236d6456b,Afif Alawi,1,2026-08-25T12:17:16.920Z,Lainnya,Negatif,Negatif,0.9758,KOK Bisa ya disuruh suruh
fd43d256-db57-4709-81dc-25c5a675cc52,Farid Al Parizi,1,2026-08-25T12:16:48.963Z,Lainnya,Negatif,Negatif,0.9989,"aplikasi nya jelek, suka hilangin uang donasi 80jt"
3ae69628-0251-4500-9ee3-36f09532146c,Likin 1012,1,2026-08-25T12:16:43.239Z,Autentikasi & Akun; Layanan & Fitur Finansial,Negatif,Negatif,0.9984,"Gegara Blokir Rekening, jadi was was"
c6dc9152-3bf1-401e-bd11-f52514fbe0be,Ridwan Ridwan,1,2026-08-25T12:16:35.292Z,Lainnya,Negatif,Negatif,1,jelek
69bc7631-9c9f-4369-a57b-964c13f9c5b5,Muhamad Irsyad,1,2026-08-25T12:15:58.229Z,Lainnya,Negatif,Negatif,0.9983,"bank paling parah, selama saya transaksi pakai bank lain aman aja, tapi bank mandiri paling parah beritanya dan itu nyata"
bdce969a-9914-4e24-9623-7dd98cffaec0,Uu Mank,1,2026-08-25T12:15:23.322Z,Lainnya,Negatif,Negatif,0.9995,saya uninstal bank tidak mandiri ini.
e24dcd95-a451-4ee0-90eb-ca6f4c2d7140,saputrayii,1,2026-08-25T12:14:20.688Z,Autentikasi & Akun,Negatif,Negatif,0.9994,"aplikasi ny jelek suka ngeblokir,jangan di pake"
d2937a87-18d5-4247-8dc1-bff29e687cfd,irvan bodo,1,2026-08-25T12:14:13.440Z,Layanan & Fitur Finansial,Negatif,Negatif,0.9883,diskriminasi rekening donasi
ad8e287b-6d2c-4b47-af03-9bafc24cc95e,Baktiar Muhamad,3,2026-08-25T12:13:45.750Z,Transaksi & Pembayaran,Negatif,Negatif,0.9086,kenapa ga bisa transfer ke orang lain? ada kendala apa? segera seleaikan ya soalnya lagi mendesak juga. saya kasih bintang 3 karena kendala saat tf. kalau sudah aman saya naikin bintang.
58145ff2-03bc-41ac-8c8a-84f45186f330,Rudi Pandiangan,1,2026-08-25T12:13:31.910Z,Lainnya,Negatif,Negatif,0.995,Bank Yg Telah Membuat Saya kecewa
a0e91739-55b2-4a9b-a658-1c4b63e37316,Diyan Purwanto,1,2026-08-25T12:13:10.442Z,Lainnya,Negatif,Negatif,1,sampah
6fe6f752-307b-425e-ae58-de9e10e3ae78,Adrian Reza Saputra,1,2026-08-25T12:12:46.326Z,Lainnya,Negatif,Negatif,0.9273,cuihh
76228cca-3a30-44ed-97c1-da7536d1c0ec,Apry Butarbutar,1,2026-08-25T12:12:27.580Z,Lainnya,Negatif,Negatif,0.9989,"aplikasi gak guna,merugikan pengguna sangat tidak di rekomendasikan"
98098f0d-07af-4298-ab01-7e66898ab4ed,syoni wandra,1,2026-08-25T12:11:59.787Z,Lainnya,Negatif,Negatif,0.9987,Tidak amanah.
db889e6c-728c-41e9-8052-bc515a6112c6,timp2tl2 tbg,1,2026-08-25T12:11:58.114Z,Autentikasi & Akun,Negatif,Negatif,0.9983,"Mandiri lah Dalam Kemandirian mu Bye byee mandiri,Blokir Sepihak"
8de009f0-9348-4efd-b3b6-a58874321bdc,Lw Last War,1,2026-08-25T12:11:55.353Z,Lainnya,Negatif,Negatif,0.932,dih
f472b947-706d-4d09-a4ef-080f5ac4f94c,OFFICIAL Nyatang_,1,2026-08-25T12:11:23.980Z,Lainnya,Negatif,Negatif,0.9942,parah ah mandiri gak respect
44795188-8c27-4b6f-8b03-f6d310f9fdf2,Salman Al fariz,1,2026-08-25T12:11:19.773Z,Lainnya,Negatif,Negatif,1,aplikasi bank paling bobrok
d8780080-258b-47ee-88c9-429ae5881969,Uktraman GEet,1,2026-08-25T12:11:09.216Z,Lainnya,Negatif,Negatif,0.9965,saya sangat kecewa
079bb2d6-ea5e-4c36-a49c-8445b4f45190,Untung Ginbe,1,2026-08-25T12:11:05.718Z,Autentikasi & Akun; Layanan & Fitur Finansial,Negatif,Negatif,0.9996,"Ga aman nyimpen disini, rekening orang diblokir alasan suruh aparat, seharusnya independen donk"
a851070a-b767-4b9b-9ad7-677e94033b9a,Megi Sandra,1,2026-08-25T12:10:17.137Z,Lainnya,Negatif,Negatif,0.9449,ada apa dengan Bank ini .. hmm
f0bf9630-e81d-4f7c-990f-8489bdcafb33,S U R Y A 23,1,2026-08-25T12:09:58.226Z,Lainnya,Negatif,Negatif,0.9502,"biarin ah dikata fomo ge gw,,,"
38586b5b-e270-4d05-97f6-d9a46ae5f9ae,Anang W setyajie,1,2026-08-25T12:09:37.417Z,Lainnya,Negatif,Negatif,0.9359,indonesia merdeka!
90bd5c44-b679-48cb-aa2c-b6d0bdd30887,Soni Sonjaya,1,2026-08-25T12:08:18.414Z,Autentikasi & Akun,Negatif,Negatif,0.9996,hati hati ah tar di blokir. ah
e523ebdf-1da8-423c-8f8e-dee4535b64ce,ahmad Irgi,1,2026-08-25T12:08:16.960Z,Lainnya,Negatif,Negatif,0.9502,"gimana yaa, ya gitu lah"
f4fb8f68-687e-481e-8254-041dcf2534cc,Bang Iwanz,1,2026-08-25T12:08:12.568Z,Lainnya,Negatif,Negatif,0.9335,bisa2nya di tunggangi penjajah
69d8c0c5-1b26-412c-a42f-91081772897f,Khaerul Real dl,1,2026-08-25T12:08:06.580Z,Autentikasi & Akun,Negatif,Negatif,1,jelek blokir org
12bf90b9-323e-415d-8854-fa0e9f97426c,Riyan Bonsky,1,2026-08-25T12:08:00.649Z,Lainnya,Negatif,Negatif,0.9762,ih serem
070fe463-020c-47c6-accc-dace16b3f7c2,Aldi Maulana,1,2026-08-25T12:07:57.767Z,Lainnya,Negatif,Negatif,0.9979,boikot
be44db25-89a2-4978-8f6f-45c99490aa15,Ikhwan Store,1,2026-08-25T12:07:50.912Z,Kinerja & Server; Layanan & Fitur Finansial,Negatif,Negatif,0.9914,"update data ribet, sesama bank mandiri gak singkorn. alhasil harus ganti no rekening."
9de41e93-ecac-4b7f-9b8d-122e20011336,Devita Oktaviani,1,2026-08-25T12:07:42.117Z,Lainnya,Negatif,Negatif,0.9992,ngeri sih katanya mandiri tapi ko di setir haha najis bangetttt
2a189694-282e-4ff3-804f-02b14740206b,pheanz 12,1,2026-08-25T12:07:36.527Z,Lainnya,Negatif,Negatif,0.9995,"jelek, tidak ada privasi untuk pengguna"
301795e9-5070-4575-a929-c567a4fba55f,Cantika Yon Abelia,1,2026-08-25T12:07:25.702Z,Autentikasi & Akun,Negatif,Negatif,0.9956,"suka memblokir , ganti bank deh mending"
ca7c05cc-14ed-4e63-a621-6c87d8fb1a84,nueinsia,1,2026-08-25T12:07:16.968Z,Autentikasi & Akun,Negatif,Negatif,0.9983,blokir aja teros😹
b9d0d150-85d1-4c6a-bfe9-1d353daa9235,AAswm.gaming oficial,1,2026-08-25T12:06:58.290Z,Autentikasi & Akun,Negatif,Negatif,0.9979,suka tiba2 blokir
53d72cb8-b750-4876-9aba-97e1d289a644,acin alia,1,2026-08-25T12:06:52.234Z,Autentikasi & Akun; Layanan & Fitur Finansial,Negatif,Negatif,0.9996,bahaya bisa memblokir rekening pribadi
e3112eb7-7304-4826-a14e-ff031ed6089b,Dedy Setyono,1,2026-08-25T12:06:42.568Z,Autentikasi & Akun,Negatif,Negatif,0.9985,takut tiba tiba di blokir sepihak uninstall lebih baik..
82922044-2f8c-4dcd-8f0a-b928d65ded7f,UBAY FADIL,1,2026-08-25T12:06:16.492Z,Lainnya,Negatif,Negatif,0.9996,boikot mandiri!!!!
cd04af3e-a29d-4865-8f64-a7dc783b2675,Brian Mayfield,1,2026-08-25T12:06:05.944Z,Autentikasi & Akun; Layanan & Fitur Finansial,Negatif,Negatif,0.9981,tidak recomen rek saya tiba tiba di blokir
f9e63e73-0ffc-4725-a3cf-34d1b750e52d,Yudi Wahyudi,1,2026-08-25T12:05:54.781Z,Autentikasi & Akun,Negatif,Negatif,0.9993,bikin malu rakyat & nasabah maen blokir begitu saja...
409d511e-3f30-49ef-a69a-30e5e1c90700,Aris Wahudha,1,2026-08-25T12:05:50.570Z,Autentikasi & Akun,Negatif,Negatif,0.9999,awas di blokir
5882fa5c-cccb-40ec-88c3-bd4e9598a9a4,Rahmat Rahmat,1,2026-08-25T12:05:14.494Z,Lainnya,Negatif,Negatif,1,BANK SAMPAH
35fc8b1f-9c55-40fa-8c89-2e6478ec3457,Alya Mukhbita,1,2026-08-25T12:05:07.850Z,Lainnya,Negatif,Negatif,0.9996,BOIKOT MANDIRIII!!!!!
1cc03330-3833-48be-89e8-5dcfdebc4178,tofa ardiyanto,1,2026-08-25T12:05:02.927Z,Lainnya,Negatif,Negatif,0.9925,tidak pro rakyat
89f19578-56e3-41da-804b-60b6c07d2a72,Oliev Fia,1,2026-08-25T12:04:22.553Z,Lainnya,Negatif,Negatif,0.9993,bank Ampas
8b9453b4-d933-4d41-b2d5-d042151610ee,Rock N Roll,1,2026-08-25T12:04:06.995Z,Lainnya,Negatif,Negatif,0.973,akibat 80jt
c84cd840-0041-4f9c-a186-46ab0a966442,Asti Rahayu,1,2026-08-25T12:04:02.380Z,Lainnya,Negatif,Negatif,0.9371,kalo gak bisa bantu minimal jngan bersekutu sama aparat !!!
80e44145-d228-4658-9e79-6752fb8eb65c,Nabila Cahya,1,2026-08-25T12:03:56.292Z,Lainnya,Negatif,Negatif,0.9993,busuk
9680249b-17e2-435f-9f6c-c96b57674bc2,Pinggir Channel,1,2026-08-25T12:03:29.406Z,Autentikasi & Akun; Transaksi & Pembayaran; Layanan & Fitur Finansial,Negatif,Negatif,0.9999,gak amaaaan. bisa blokir rekening sepihak tanpa bukti pidana. parah!
929727e0-34b6-4cd8-b8a2-70976cc2c27e,Ibnu Irwan,1,2026-08-25T12:03:25.981Z,Lainnya,Negatif,Negatif,0.9921,nggak suka
4f4fbda0-0745-4139-aa60-ef59192ff8b9,comat comot (Pecundang),1,2026-08-25T12:02:37.670Z,Autentikasi & Akun,Negatif,Negatif,0.9978,tolong jangan blokir ATM saya 🥲
f756c5cb-6ccb-447c-9872-6403fdf42b4a,Sloter mania,1,2026-08-25T12:02:27.530Z,Autentikasi & Akun,Negatif,Negatif,0.9891,pemblokiran aktifis
2ea84d86-1ab5-418a-b2a2-8d58147216e6,Elan Suherlan,1,2026-08-25T12:02:09.580Z,Lainnya,Negatif,Negatif,0.9938,aplikasi kurang bagus
c5255ae4-fa68-4e90-9d0b-affd5fcf8e27,Jaerai Vika,1,2026-08-25T12:02:04.398Z,Autentikasi & Akun; Layanan & Fitur Finansial,Negatif,Negatif,0.9995,rekening orang main blokir2 aja
21e5768b-2a7d-42f5-ad6d-7cd44348553c,Markisa Vloger,1,2026-08-25T12:01:18.335Z,Autentikasi & Akun,Negatif,Negatif,0.9996,Pindahkan saldo sebelum di blokir sepihak
16d77529-aaf8-4204-aca6-16253ff28486,Muhammad Ihya,1,2026-08-25T12:01:01.618Z,Autentikasi & Akun,Negatif,Negatif,0.9994,"Sangat jelek, saldo rekan saya terblokir"
906ae812-df53-48e6-891d-68597936a9cb,sandi permana,1,2026-08-25T12:00:53.211Z,Autentikasi & Akun,Negatif,Negatif,0.9998,takut tiba tiba di blokir wkwkw
ad5f6a5c-6d4d-4b1e-b343-c4b3a6dc18ca,ririn indriyani,1,2026-08-25T11:59:52.946Z,Autentikasi & Akun,Negatif,Negatif,0.9979,Jangan asal blokir ya Gan. kami juga customer. takut kami
ce0a2e42-0895-40df-856b-338bad3f90ab,Juniawan Suprihatin,1,2026-08-25T11:59:24.750Z,Lainnya,Negatif,Negatif,0.9897,"mau di apain ni mandiri, kasus mas botok gara gara mandiri"
fbf6194e-828c-4ee8-b807-e332add008c6,Livin Mandiri,5,2026-08-25T11:59:21.693Z,Lainnya,Positif,Positif,0.8565,👍
91beb2db-a2b3-423d-b6fc-169082438b9b,Bubun Hermawan,1,2026-08-25T11:59:00.523Z,Autentikasi & Akun,Negatif,Negatif,0.9979,apa maksudnya blokir nasabah sembarangan. jadi takut nih. pindah aja kali ya
b11cd809-1a4a-4b42-9894-1b75e09c7fae,Gefta Rafa,1,2026-08-25T11:58:41.462Z,Lainnya,Negatif,Negatif,1,jelek
01027edc-e1c4-406b-941b-6ea21994c9e1,Yudi Aja,1,2026-08-25T11:58:37.407Z,Autentikasi & Akun,Negatif,Negatif,0.96,"Sehina itu bank Mandiri teryata. semua yang ikut terlibat pemblokiran rekrning..... (Pati). Pasti dapat balasan apapun itu akan terjadi. sudah saya tarik saldo saya, besok sudah sy pindahkan ke BCA."
fe1dd81a-816a-45ab-b413-78e5bfdaf3db,Ari Saputra,1,2026-08-25T11:58:29.314Z,Lainnya,Negatif,Negatif,0.9881,bank seram bisa di kendalikan aparat
d746bbf1-1373-42f0-bf51-920deabf35e0,Nur Arifin S. Sos,1,2026-08-25T11:58:16.139Z,Lainnya,Negatif,Negatif,0.9933,ga ramah di privasi ah...
7cba1749-e140-4b30-8eb6-10fded44de92,Saya Siapa,1,2026-08-25T11:57:58.840Z,Autentikasi & Akun,Negatif,Negatif,0.9949,"JANGAN INSTAL ATAU BUKA BANK MANDIRI , NANTI KENA BLOKIR KARNA LU MIHAK RAKYAT BUKAN APARAT ATAU KORUPTOR !"
df8555e2-8a29-4569-8e97-d91ab533ad77,abdu mumin,1,2026-08-25T11:57:53.374Z,Lainnya,Negatif,Negatif,1,Sangat buruk
08114eeb-23a9-40e8-b683-0ef9f6f7623b,Edwin Tangdilian,1,2026-08-25T11:57:50.370Z,Lainnya,Negatif,Negatif,1,buruk
a2b2e5c1-281b-431b-8a1a-c331cafa67a9,davin punkrock,1,2026-08-25T11:56:31.577Z,Autentikasi & Akun,Negatif,Negatif,0.9999,"Seenaknya blokir saldo orang lu, mending gua pindah ke bank lain aja"
2a6bcf8c-fea9-4c48-b40c-6a6b813d9042,Agil Munazzali,1,2026-08-25T11:56:10.226Z,Autentikasi & Akun,Negatif,Negatif,0.9999,tukang blokir saldo rakyat
a8eb166a-9439-4845-beba-4929041f62f1,Faisal Bagus,1,2026-08-25T11:55:16.976Z,Autentikasi & Akun,Negatif,Negatif,1,ngeri takut di blokir
a3b840d2-55b6-42ef-b6da-9bf0e3b75800,Adi risky Prayogi,1,2026-08-25T11:54:48.200Z,Layanan & Fitur Finansial,Negatif,Negatif,0.9975,"kecewa sama Mandiri. melihat apa yang lagi rame di bahas tentang intervensi, hilang rasa kepercayaan saya ke bank mandiri. timbul rasa takut kalau bisa aja suatu saat rekening saya yang di intervensi"
e59013d5-6950-44c2-8ad6-1a368d46ebd7,Addi Kodok•69,1,2026-08-25T11:54:09.732Z,Autentikasi & Akun,Negatif,Negatif,1,dah gws uninstal BANK CACAT bahaya takut d blokir . pindah BCA aja . sorry yeee
c1934e32-71bf-43c7-85c8-5ffe6c57e435,Ubaidillah,1,2026-08-25T11:54:01.906Z,Lainnya,Negatif,Negatif,0.9987,Jangan jadi nasabah mandiri. Gak kompeten dan gak amanah. bank mandiri ga profesional
4c01aaa0-50bf-4206-a010-ac735c61a024,Dendi Mahendraputra,1,2026-08-25T11:53:34.261Z,Lainnya,Negatif,Negatif,0.9999,Bobrokk Budak Pemerintah 🤭
42040c3a-40e4-4094-a44e-2ff9016f9ec1,Susilo,1,2026-08-25T11:52:04.212Z,Lainnya,Negatif,Negatif,0.9951,aplikasi koruptor
ed840879-aaac-40c7-b975-0533e32f9584,Cody Norris,1,2026-08-25T11:51:27.908Z,Autentikasi & Akun,Negatif,Negatif,0.9996,"sudah malas, sampai bisa blokir uang orang"
6b25a51a-d142-4078-b89d-d0dc0309bc6f,Hendri Pardian,1,2026-08-25T11:51:27.864Z,Lainnya,Negatif,Negatif,0.9948,"APLIKASI PARA KORUPTOR, NOT RECOMENDED"
8107cbf9-93ee-4192-9088-e4512698a11c,Noval Conan,1,2026-08-25T11:51:24.581Z,Lainnya,Negatif,Negatif,0.9528,deleted aja nih gk jls
180960b2-e97c-4e4d-88b2-3c437b9ef9b1,Prasetya Galih,1,2026-08-25T11:51:07.667Z,Autentikasi & Akun,Negatif,Negatif,0.9997,masa blokir secara sepihak
2a2cc563-d77e-4e35-bee3-c83d85d87358,Reiiyy Mickey,1,2026-08-25T11:50:15.677Z,Autentikasi & Akun,Negatif,Negatif,0.999,Bank apaan bisa blokir seenak nya?
f999bacc-6187-4bdf-89cd-7719ec038351,Janu Arta,1,2026-08-25T11:49:50.727Z,Lainnya,Negatif,Negatif,0.99,gak layak nyimpan uang di bank mandiri
70ba8880-500a-43b0-a73d-3a1590106eb7,Promo Food,1,2026-08-25T11:49:42.504Z,Autentikasi & Akun; Transaksi & Pembayaran,Negatif,Negatif,0.9993,awas di blokir entar dana pribadi nya alasannya sih karna aparat. kok mandiri di setir polisi ekkwkwkkw
3a536f02-940b-40a6-841c-08f789b889b4,Coolit Santoso,1,2026-08-25T11:49:16.106Z,Lainnya,Negatif,Positif,0.8593,"A bank that arbitrarily blocks customer funds without any notification about the reason. It is not suitable for use. If today they block someone's money, then one day they will also be able to block my money without notification."
16b78076-4ee4-4d52-89ff-9c1dac44b55f,sop buah,1,2026-08-25T11:49:16.130Z,Lainnya,Negatif,Negatif,0.9452,not recomended banking. no trust anymore to use it.
b9011dd4-765c-484f-b574-1efa02ce7273,Johan Nur,1,2026-08-25T11:48:48.379Z,Autentikasi & Akun,Negatif,Negatif,0.9994,Haram uang orang di blokir
4bdb2397-d1e9-4dc9-bafa-9322f3122f5a,Ahmad Sabil K,1,2026-08-25T11:48:18.883Z,Lainnya,Negatif,Negatif,1,sangat jelek
06b9425f-0891-42bd-8025-26b333e58fae,Axello Zayn10,1,2026-08-25T11:47:55.946Z,Lainnya,Negatif,Negatif,0.9949,TUKANG BOIKOT
d5c60ce4-5b41-4745-b8f1-12f09b1af592,Andi Cahyono,1,2026-08-25T11:47:24.640Z,Autentikasi & Akun,Negatif,Negatif,1,main blokir blokir aja nih Bank.. mau aja di setir pemerintah
2968f507-7a5b-49a0-801e-4754136c03fb,Budi Susanto,1,2026-08-25T11:47:20.175Z,Autentikasi & Akun,Negatif,Negatif,0.9995,"hati hati, nanti akun bank kalian diblokir sepihak"
dc86efdc-3d13-458b-a55f-c5a6819c68bf,temaby 23,1,2026-08-25T11:47:16.170Z,Lainnya,Negatif,Negatif,0.9768,data diri tidak privasi ayo boykot ni bank
fb81c5e9-d51f-4918-acd7-677385455850,Ficky Okta,1,2026-08-25T11:47:09.906Z,Autentikasi & Akun,Negatif,Negatif,1,takut di blokir
8ac82ae9-da35-453a-b7d7-7c834373acd0,ディマス• ツィー,1,2026-08-25T11:46:47.735Z,Autentikasi & Akun; Transaksi & Pembayaran,Negatif,Negatif,0.9914,memblokir dana karena perintah dari pemerintah
1de84a87-e89e-4b58-9d32-aec7c987079a,Sandika Hardiyanto,1,2026-08-25T11:46:15.229Z,Autentikasi & Akun,Negatif,Negatif,0.9999,takut di blokir mending pindah BCA😭
bb9c1d5e-4877-4399-8443-9324e8a54d61,zain Maulana,1,2026-08-25T11:45:24.948Z,Lainnya,Negatif,Negatif,0.9747,aku sih no
2d2792d0-8069-48f2-90c1-94a7d6fbaa24,Ilove You,1,2026-08-25T11:45:07.350Z,Autentikasi & Akun; Layanan & Fitur Finansial,Negatif,Negatif,0.9999,"boikot bank mandiri, gw ga jadi bikin rek di bank mandiri takut di blokir juga"
39c211c7-e4d8-4e0d-81ee-fb089e50d48d,Caca ROSITA,2,2026-08-25T11:45:03.612Z,Lainnya,Negatif,Negatif,0.9782,parah kak banyak castemer out pelanganan Mandiri🤣
367e6ae1-471f-4c43-ae80-a92e41df1c5f,D Nata,1,2026-08-25T11:44:27.572Z,Lainnya,Negatif,Negatif,0.9875,no pro rakyat
90327b01-544d-4ee2-976d-9cd23f02fa2a,muhammad bustomi,1,2026-08-25T11:43:59.776Z,Lainnya,Negatif,Negatif,0.9979,Boikot
71636bb1-3e7a-4cd8-a9a4-c6093f4bdf7e,Umar Masbro,1,2026-08-25T11:43:33.655Z,Lainnya,Negatif,Negatif,0.9703,mainnya senyap
beb172f5-9253-40d5-ab77-d6c3f999a3ff,gunadin kazenda,5,2026-08-25T11:42:57.508Z,Autentikasi & Akun,Positif,Negatif,0.9774,"aplikasi yang sangat tidak aman jangan mau nyimpan uang di bank busuk ini,masa di suruh blok ama aparat langsung diblok kasian noh 80 juta diblokir dasar bank ampas"
161d92d9-b4f1-4b53-bbb0-eb548cb4d27f,Arif dwi Wahyu,1,2026-08-25T11:42:38.173Z,Lainnya,Negatif,Negatif,0.9999,tolol
8168ae0a-8572-426f-bf4f-4901fd32c41d,Nord Rainfield,1,2026-08-25T11:42:25.723Z,Autentikasi & Akun,Negatif,Negatif,0.9932,"jngn asal blokir aja ya nanti Nasabah kecewa,trus lari ke bank lain,tinggal nunggu waktu doang,saham udh turunkan"
7490f3ab-875a-4d28-8d9b-955c679d2d1c,Prayogi Yogi,1,2026-08-25T11:42:17.813Z,Autentikasi & Akun,Negatif,Negatif,0.9968,siap siap diblokir
78d65ae3-f204-43c2-8f28-e8babed0f236,Arif Widya Purnomo,1,2026-08-25T11:42:06.599Z,Lainnya,Negatif,Negatif,0.9908,berbahaya
43032eec-9cf4-4bfd-b18a-31522df83de0,Aminullah Akmal,1,2026-08-25T11:41:39.134Z,Lainnya,Negatif,Negatif,0.9953,tukang curi uang rakyat
fbf90d52-08e7-4b2f-83bb-84114a2ffcd8,Teguh Satria Sejati,1,2026-08-25T11:41:38.494Z,Autentikasi & Akun,Negatif,Negatif,0.9983,suka blokir costemer
14869653-32f1-4254-877c-cd7faec03d9c,Arfina Zubairoh,1,2026-08-25T11:41:29.230Z,Lainnya,Negatif,Negatif,0.9965,kecewa
25643d38-d80d-4e47-a196-1b7392121c3e,abrar ardhiyansyah,1,2026-08-25T11:40:56.282Z,Lainnya,Negatif,Negatif,1,"bank yg udh gak amanah, bank yg bisa di setir oleh oknum.. 👎"
5a62faab-f734-4a2d-98f1-808ccfa4a2ec,Playstor,1,2026-08-25T11:39:42.554Z,Lainnya,Negatif,Negatif,0.9833,"hati"" saldo bisa terkuras sendiri"
5cb97d33-e3fc-4673-9291-180021a91c39,Mas Augi,1,2026-08-25T11:39:20.520Z,Lainnya,Negatif,Negatif,0.9273,jamet
cb8cc2ff-cf74-4099-b790-0e8be6826931,Yusro,1,2026-08-25T11:37:12.874Z,Lainnya,Negatif,Negatif,0.9987,Tidak amanah
027066f7-3248-4755-9c8b-3b4f6c690a3f,Andy Williyantos,1,2026-08-25T11:36:54.553Z,Autentikasi & Akun,Negatif,Negatif,0.9999,tukang blokir
d7355560-8659-42af-8573-4351a2bd863b,Green Gondes,1,2026-08-25T11:36:54.384Z,Lainnya,Negatif,Negatif,0.9963,saya kasih bintang 1 saja sisa nya minta aparat penegak hukum.
f54819dc-8df5-48cd-8397-ac0afed237e3,The Natt,1,2026-08-25T11:36:28.414Z,Lainnya,Negatif,Negatif,0.9865,hilang kepercayaan
0146e511-05e5-4f63-a5bc-56fdf8dd0e2a,warti man,1,2026-08-25T11:36:19.130Z,Autentikasi & Akun,Negatif,Negatif,0.9931,sangat kecewa dengan pemblokiran Arifi pati
3418a22a-0557-44ee-b9cd-2ee5a2d12b25,chanel223,5,2026-08-25T11:36:16.205Z,Lainnya,Positif,Positif,0.87,mantap👍👍👍
9b4f2fc1-fa98-4655-b93c-13409a5bf7fd,FARIJAL EKA MAULANA,1,2026-08-25T11:36:09.387Z,Lainnya,Negatif,Negatif,0.9598,perampok
b2fa9f3d-c6a9-4f99-8d54-8294d2debdd2,Endho Jampher,1,2026-08-25T11:35:51.599Z,Lainnya,Negatif,Negatif,0.9999,kacau bisa di stir oleh aparat
fdd1cae1-9443-4a20-a212-fdf966d979e6,ahmadson19,1,2026-08-25T11:35:11.848Z,Autentikasi & Akun,Negatif,Negatif,1,takut d blokir
79b41cd0-d92f-4845-bc3c-11928fac1a23,D defry,1,2026-08-25T11:34:43.285Z,Lainnya,Negatif,Negatif,0.8803,semoga tenggelam
9cbca32c-b4eb-421e-9e86-19d241ae5bba,Taufik Anggiyanda,1,2026-08-25T11:34:24.365Z,Lainnya,Negatif,Negatif,0.9992,"bg paling jelek,,dan mau saja di atur2 aparat"
c88bdaa4-8826-4256-9b95-d199f52fdf33,Adrian Yuka,1,2026-08-25T11:34:22.104Z,Lainnya,Negatif,Negatif,0.9943,boikot boikot
ef15ef53-cb04-4497-a9b1-afb307f5be86,Fendy Perdana,1,2026-08-25T11:33:59.363Z,Autentikasi & Akun; Layanan & Fitur Finansial,Negatif,Negatif,0.9988,"blokir jg rekening koruptor & bandar judol.. bank blunder, ga ngerti sop asal blokir aja rek. sipil.."
3ec2d746-2483-430b-97fc-e5036db014e5,Refaldi 2447,1,2026-08-25T11:33:57.952Z,Lainnya,Negatif,Negatif,0.9877,gak bisa di pake sudah beberapa bulan
7190b7ae-958e-4930-be95-03b1893954b2,Diky Setyawan,5,2026-08-25T11:33:37.892Z,Lainnya,Positif,Positif,0.9589,Oke Mandiri 👍
e1035821-aa5d-4bd3-96b4-fa36bdacd2da,Ipi Chan,1,2026-08-25T11:33:34.294Z,Lainnya,Negatif,Negatif,0.9986,Bank Tidak aman untuk Menyimpan uang
f6dfd2b9-e3f5-4926-9f30-f6d4c9a9a1eb,Yoga'k Roh,1,2026-08-25T11:33:33.786Z,Lainnya,Negatif,Negatif,1,bobrok
7e4e177b-25fa-4810-9218-60245551c2f2,Wir Man,1,2026-08-25T11:33:18.639Z,Lainnya,Negatif,Negatif,0.9938,tidak bagus
66631b21-d724-47f5-a94f-2c29ca63cd82,A Z P,1,2026-08-25T11:32:38.274Z,Lainnya,Negatif,Negatif,0.9712,keamanan nasabah bukan prioritas
7b5b3635-4f22-4508-aa0a-d3b03056d3a4,Zicko Dicko,1,2026-08-25T11:32:34.366Z,Lainnya,Negatif,Negatif,0.997,hati2 uang bisa ilang sendiri.
5949af3e-0a6d-4f49-82d0-3ba9c49153a1,ONOGAUKOO GROUP,1,2026-08-25T11:32:23.349Z,Lainnya,Negatif,Negatif,0.9934,UNINSTALL
4c9d574d-a6f4-4579-ad0e-6f8112d9609b,I Wayan Pande Kertawijaya,1,2026-08-25T11:32:19.145Z,Lainnya,Negatif,Negatif,0.9736,tidak disarankan ini bank!!!
fed5a2f4-62b6-406a-9006-aef1bacbea88,And's X,1,2026-08-25T11:32:02.895Z,Autentikasi & Akun,Negatif,Negatif,0.9994,PEMBLOKIRAN SEPIHAK. BOIKOT BANK MANDIRI
0434df6d-630e-4c51-b00f-eb8bc8d9e471,sasando wk,1,2026-08-25T11:31:31.959Z,Lainnya,Negatif,Negatif,0.9654,"bank ga pumya kredibilitas, ga bs jaga nasabah"
36a917d7-67dd-4292-83d4-81e17427d916,Jurio SR,1,2026-08-25T11:31:29.648Z,Lainnya,Negatif,Negatif,0.9958,kaga jelas
808ffa0a-4f0a-4b7a-9443-6cb78f287d2e,Farel Pranadya,1,2026-08-25T11:31:02.597Z,Lainnya,Negatif,Negatif,0.9997,parah di setir aparat
880d1f41-042d-4ed9-82a1-67367ffa7b9b,ChipMoonks,1,2026-08-25T11:30:46.483Z,Autentikasi & Akun; Layanan & Fitur Finansial,Negatif,Negatif,0.9989,Masih ada yg pakai ini biro jasa blokir rekening?
b6abe1fe-925b-4f2f-bdbe-45e7587aac92,Fach_ Riansyah,1,2026-08-25T11:30:29.724Z,Lainnya,Negatif,Negatif,0.9965,KECEWA!!!
c7628dce-efaa-4a46-924b-5c0be96a7ea2,Brutu Tube,1,2026-08-25T11:30:24.780Z,Lainnya,Negatif,Negatif,0.9545,bank penyakit
e32b8922-4dfe-40a0-81f0-32cc5eca312a,Horror Lovers,1,2026-08-25T11:30:04.273Z,Lainnya,Negatif,Negatif,0.9965,kecewa
79550b00-c324-4f3d-9852-69bd811f46b0,Chairu Cahya Diputra,1,2026-08-25T11:29:54.592Z,Autentikasi & Akun,Negatif,Negatif,0.9982,Khawatir tiba2 di blokir
40fc8cfa-46ea-491a-a44d-eef43b007955,Kikoto Mozuki,1,2026-08-25T11:29:50.560Z,Lainnya,Negatif,Negatif,0.9965,kecewa karna begitulah
b9bd29ef-58d7-4ed4-9c07-1d19015b3994,Reygan Rhandinka,1,2026-08-25T11:29:42.454Z,Lainnya,Negatif,Negatif,0.9998,layanan buruk
43a698a3-15af-4b80-8819-c7d29b4ab920,Romy Saputra,1,2026-08-25T11:29:01.925Z,Autentikasi & Akun,Negatif,Negatif,0.9893,karena ada nasabah yang diblokir tertahan saldo tanpa prosedur UUD yg berlaku maka kepercayaan ku sebagai nasabah telah hilang. Kecewa poko nya sama Mandiri
0dc7bd48-5c76-4888-80f2-fc41fa3628ca,sera vine,1,2026-08-25T11:28:36.233Z,Autentikasi & Akun; Kinerja & Server; Layanan & Fitur Finansial,Negatif,Negatif,0.9988,"bank yang suka tiba-tiba blokir rekening nasabahnya sendiri tanpa penjelasan. suka banget memelihara system error, pelayanan ribet, aplikasi sering bermasalah."
60204902-2f9a-4128-a6bf-e1f617efc947,Muhammad Fikri,1,2026-08-25T11:28:06.290Z,Lainnya,Negatif,Negatif,0.9996,boikot mandiri
0ad83633-cb3a-4e18-9ef3-ad9067c5fb28,JEMBROS KOPLOK,1,2026-08-25T11:27:27.352Z,Autentikasi & Akun,Negatif,Negatif,0.9954,saya logout
32e1427e-0f0c-43f3-81cf-5bbe13d8c7f5,taufik sopiansyah,1,2026-08-25T11:26:16.269Z,Lainnya,Negatif,Negatif,0.9625,SHAME ON YOU
d86951ee-26ca-47b0-906a-ef50d0cff7cf,Kay,1,2026-08-25T11:26:09.607Z,Lainnya,Negatif,Negatif,0.9895,bank samoqh gajelas ayok semua kasih bintang 1
95ee3abd-cb94-4801-afd8-ba28d467a8fd,comenk baim,1,2026-08-25T11:25:59.455Z,Autentikasi & Akun,Negatif,Negatif,0.9656,susah login
d79341e6-bc95-47e6-b584-d4f58b297177,Farsa Nurlette,1,2026-08-25T11:25:48.434Z,Lainnya,Negatif,Negatif,0.9973,katanya bank mandiri ko di setirin🗿
9a4dfae9-8a60-47da-b21a-d1f17a2a3891,RYNDAM PUTERA ANUGRAH,1,2026-08-25T11:25:43.450Z,Lainnya,Negatif,Negatif,0.9981,Katanya Mandiri Kok bisa di setir sama Pejabat (Oknum).
c08381ac-3a90-4dda-b7a6-805107f51d98,Syarief Achmad,1,2026-08-25T11:25:10.721Z,Autentikasi & Akun,Negatif,Negatif,0.9969,Apakah masih aman nabung di bank Mandiri setelah salah satu akun nasabah diblokir? saya jadi ragu karena hal tersebut. takutnya nanti akun saya tiba-tiba diblokir.
2f2bb9bc-3639-494d-ba8c-7f3b3c5708d3,Bayu Prasetyo,1,2026-08-25T11:25:00.443Z,Lainnya,Negatif,Negatif,0.973,bank yang tidak netral
9a185b29-25a1-4a84-95b9-678eae4a10b3,Jaya Sampurna,1,2026-08-25T11:24:54.730Z,Autentikasi & Akun,Negatif,Negatif,0.9899,Rawan diblokir tiba2
adc05865-fea0-481b-9630-81827c14c90b,Albert Manalu,1,2026-08-25T11:24:42.506Z,Lainnya,Negatif,Negatif,1,"kacau, bank nya tidak aman."
63626a1f-b55b-42ed-851e-64ba86643e87,m kristiwan,5,2026-08-25T11:24:36.975Z,Lainnya,Positif,Positif,0.8417,"minta tolong kalo pas telfon kok ga bisa di buka,dari panggil an lain. kalo bisa ilang in kek dulu min meskipun telfon masih bisa buka livin tolong di bantu tolong di respon🙏"
5bfc39f0-09b3-4273-a470-a35788adc6df,Muh Vharhan,1,2026-08-25T11:24:31.598Z,Lainnya,Negatif,Negatif,0.988,aneh
19aeb20f-fe33-49da-9e2f-4d623b6a5256,Andri Kurniawan,1,2026-08-25T11:24:24.927Z,Lainnya,Negatif,Positif,0.7676,aplikasi sangat membantu
d6bac142-640d-4527-a379-98f544bdb2e9,Gus Aryo,1,2026-08-25T11:24:08.447Z,Autentikasi & Akun,Negatif,Negatif,0.9998,miris main blokir duit orang sembarangan.
925c2ca0-c0b9-44b1-9378-430a3c50c06d,Yogie Sugara,1,2026-08-25T11:24:08.990Z,Lainnya,Negatif,Negatif,0.9428,"gag rekom, privasi cm mimpi"
89fd8c5f-365e-4eb5-8989-aa72e8f72347,Diani Putri,1,2026-08-25T11:23:44.839Z,Lainnya,Negatif,Negatif,1,buruk
859e6c41-e7c3-44ae-a8a4-9fb32f9cac79,Azril Ichlafi Raditiya,1,2026-08-25T11:23:44.817Z,Autentikasi & Akun,Negatif,Negatif,0.9849,ngeri ah maennya blokiran
d43d9c39-97db-41f8-a990-c9afa87a55e5,Rizky nasution,1,2026-08-25T11:23:44.267Z,Autentikasi & Akun; Layanan & Fitur Finansial,Negatif,Negatif,0.9984,Untung saya ga nyimpen uang di mandiri soalnya mereka memblokir rekening secara sepihak
6a882c61-c813-44fc-b233-15b94adeacfa,masa kecill,1,2026-08-25T11:23:44.128Z,Lainnya,Negatif,Negatif,0.9732,bank penakut beraninya sama rakyat
b0908b44-30f2-4cf6-97d8-1511adc6b7d0,lapak nanang,1,2026-08-25T11:23:32.865Z,Autentikasi & Akun; Layanan & Fitur Finansial,Negatif,Negatif,1,"ngeri nabung di mandiri main blokir rekening, mending ambil pindahin saldo yg ada di bank mandiri kalian."
55379bd1-10ef-4714-a9cd-0bcfc37acdd9,Udiey Doremi,1,2026-08-25T11:23:25.765Z,Lainnya,Negatif,Negatif,0.9647,"bangkrut lah kau, masak bank besar mau di Olek² aparat wkwkkw"
94255792-ce96-4ba3-911b-2e57c709743d,wedding lia sulton,1,2026-08-25T11:22:44.106Z,Lainnya,Negatif,Negatif,0.9953,uninstall takut uang dibekukan. lawak lawak
f316ac77-7822-4d31-b02e-a65c5ae2c92d,Choirul Fadholi,1,2026-08-25T11:22:17.789Z,Lainnya,Negatif,Negatif,0.9959,tidak bisa di percaya
6286fa59-520a-48d8-b8e0-fd7ec69ec07a,Ayat Sutrisna a,1,2026-08-25T11:22:10.289Z,Autentikasi & Akun,Negatif,Negatif,0.9959,bank mandiri bisa memblokir secara sepihak tanpa persetujuan nasabah ..sangat kecewa dan keamanan hanya 5%
9fd2c0e9-2979-46e7-8583-98fc824272d0,Ella Fit,1,2026-08-25T11:21:59.244Z,Lainnya,Negatif,Negatif,0.9933,jadi takut saldo ditahan sama bank
b3ac7e0e-f4f6-4cbd-935e-38fe74d53b2b,Mfauzan Hidyt,1,2026-08-25T11:21:58.596Z,Lainnya,Negatif,Negatif,0.999,semenjak kejadian mas wowo jadi takut pakai bank mandiri 🫠
547e87b9-d92f-4a93-b876-ee49f1944ea1,M Tohry,1,2026-08-25T11:21:52.622Z,Lainnya,Negatif,Negatif,0.9985,bahaya.. mandiri ko di setir
fd28f7f0-b850-47b5-9f26-5aea8a072f2f,RuangGue !,1,2026-08-25T11:21:46.710Z,Autentikasi & Akun; Layanan & Fitur Finansial,Negatif,Negatif,0.9968,"hati2 gaes , bank ini bisa2nya cuma dsrh sama aparat maen bypas blokir rekening org tanpa alesan yg pasti dan keselahan yg gk jelas penyebabnya"
3ee9f3c4-1f65-4acb-8cee-d9d4d54b49b1,Robby Satrya,1,2026-08-25T11:21:43.113Z,Lainnya,Negatif,Negatif,0.9963,sangat kecewa tidak bisa menjaga hak sebagai nasabah. membuat keputusan sebelah pihak
1452a238-39f2-4913-b73e-ccd42b0e8e53,Wargo halim,1,2026-08-25T11:21:25.400Z,Lainnya,Negatif,Negatif,0.9996,boikot mandiri
6b5bcb3a-b91b-4bc5-96d1-37b65d080785,Muhammad Dian,1,2026-08-25T11:21:11.160Z,Lainnya,Negatif,Negatif,0.9553,kok bisa di di sogok pejabat kau
b202b083-7a08-4a57-8004-7fa4677464bf,Ah Saefudin,1,2026-08-25T11:20:47.647Z,Autentikasi & Akun,Negatif,Negatif,0.9925,"kami rakyat biasa ,, jangan di blokir ,,, kami cari uang halal ,,"
88432709-8f44-41b8-9bac-cf846a9035e8,mvp guide,1,2026-08-25T11:20:19.137Z,Autentikasi & Akun; Layanan & Fitur Finansial,Negatif,Negatif,0.9961,tiba tiba uang direkening terblokir
c8a8ded2-1d4a-4a6f-bba8-425ec3f14102,Dita anin Maisa,1,2026-08-25T11:20:13.365Z,Autentikasi & Akun,Negatif,Negatif,0.9999,takut di blokir kaya yang 80 jt
4a06d05d-c1ee-43d1-bb02-97ca7468f8c9,Tama Aqquatic,1,2026-08-25T11:19:56.137Z,Kinerja & Server,Negatif,Negatif,0.9436,"parah loadingnya gak kelar"""
a47680b7-ebf7-484d-8ca9-7ba14a48cf06,Gellan Rvw,1,2026-08-25T11:19:48.150Z,Autentikasi & Akun,Negatif,Negatif,0.9988,"bang koruptorrr, uang pribadi di blokirr konyolllll"
2e32d4a4-9845-4649-8c8a-126a29be41ee,Legga Puji,1,2026-08-25T11:19:30.570Z,Lainnya,Negatif,Negatif,0.9994,boikot bank ini
e07baf48-a54d-479e-a628-f3d10fb77b6b,NAPAK TILAS,1,2026-08-25T11:19:25.356Z,Lainnya,Negatif,Negatif,0.9993,parah ajjjj
cdeff185-eb5e-4041-97c0-b5fcbcd7cdc6,Deven Alviano Samuel,1,2026-08-25T11:17:32.157Z,Autentikasi & Akun; Layanan & Fitur Finansial,Negatif,Negatif,0.9982,"Bank redflag. Hak nasabah tidak diindahkan, sembarang blokir rekening orang."
d85c9c77-ee49-4e97-a961-06574698398f,Sandi Andika,1,2026-08-25T11:17:15.141Z,Autentikasi & Akun,Negatif,Negatif,0.9307,"Leave In by Mandiri, Giliran Pejuang NKRI diblokir"
b9c950d9-e80a-46f8-a1f7-44cf13ababd6,Prayudha yuda,1,2026-08-25T11:17:14.196Z,Lainnya,Negatif,Negatif,0.9993,bosok
9bb0e7ee-e33a-45ef-9f09-67975d3fd493,Lina Maulida,1,2026-08-25T11:17:00.141Z,Lainnya,Negatif,Negatif,0.9648,mempersulit nasabah
2b413db4-6faa-47d5-9307-c81a29709557,Zaldy Dedy,1,2026-08-25T11:16:52.731Z,Lainnya,Negatif,Negatif,1,sangat buruk
78de240e-8d14-409e-b60b-b6f662e95acf,Teguh Santoso,4,2026-08-25T11:16:50.885Z,Lainnya,Positif,Positif,0.7536,puas
fad198c3-3308-412a-9901-6519e435405b,Kevin Sutardi,1,2026-08-25T11:16:42.303Z,Kinerja & Server,Negatif,Negatif,0.9806,Bank mandiri❌ Bank aparat✅
8931eb5f-d4f1-4fb9-9534-a8ab53b528b6,ANGGIAT PANAHATAN SIRAIT ANGGIAT PANAHATAN SIRAIT,1,2026-08-25T11:16:36.660Z,Lainnya,Negatif,Negatif,0.9994,nama doang mandiri ternyata bisa di stir jga
6dcc8be3-99fd-43f6-af7e-2483864aaa89,iky Ajalah,1,2026-08-25T11:16:27.774Z,Kinerja & Server,Negatif,Negatif,0.9863,layanan nya lelet
34aa5b43-33c1-452b-90dd-782389efc0a6,anwar roni,1,2026-08-25T11:16:03.410Z,Autentikasi & Akun,Negatif,Negatif,0.9906,saya putuskan penghentain menabung di bank mandiri soalnya saya takut fi kemudian hari uang saya kena blokir lebih baik jaga2
9a63a6c6-c822-485d-ae95-aedbd1b45eeb,Angga sesar purba,1,2026-08-25T11:15:38.661Z,Lainnya,Negatif,Negatif,0.9896,nyesal pakai mandiri ternyata tidak bisa menjaga data base pelanggan
a92f6fab-fe83-49b9-9ff7-b4b1c0e294a6,Rizky Dwi Saputra,1,2026-08-25T11:15:36.627Z,Layanan & Fitur Finansial,Negatif,Negatif,0.9862,Lihat berita tentang pembekuan rekening secara sepihak bikin saya waswas
492e89df-ec4c-4f8e-b22a-7bcf1f8584eb,adrianus wisnu,1,2026-08-25T11:15:35.375Z,Lainnya,Negatif,Negatif,0.9987,tidak amanah
c76dcfd6-8574-4f66-987b-5d03d5a03bde,Arian Jikri,1,2026-08-25T11:15:28.711Z,Lainnya,Negatif,Negatif,0.9203,besar Potongan adminnya kalo untuk transaksi pengiriman uangnya. besar kecil yg dikirim tetap ada adminnya
a453bae7-29f8-4887-883d-4e6414871789,Elsa Salsabila,1,2026-08-25T11:15:23.163Z,Kinerja & Server,Negatif,Negatif,0.9963,"apk ga guna, loading terus"
8ed20291-b745-4957-8e30-6ce0a689e26a,Ruji Fahruroji,1,2026-08-25T11:15:19.703Z,Lainnya,Negatif,Negatif,0.984,parah sih kata guwa mah
3df4d39d-f2ac-434d-b1ba-8a86275881ef,Jujutsu,1,2026-08-25T11:13:52.320Z,Lainnya,Negatif,Negatif,0.9993,busuk
591f9980-a8e2-4615-81d2-d7c5f0473a00,Muhammad Rifki,1,2026-08-25T11:13:38.300Z,Autentikasi & Akun; Layanan & Fitur Finansial,Negatif,Negatif,0.9998,main blokir rekening orang yuk pindah yuk
c0fde99c-783b-4386-b089-6d7228c8fbf0,ChiBa XD,1,2026-08-25T11:13:24.694Z,Autentikasi & Akun,Negatif,Negatif,1,blokir
0979b625-18da-437b-ba51-17e84c95af83,Ari,1,2026-08-25T11:12:42.553Z,Lainnya,Negatif,Negatif,1,jelek bank koruptor
047ed587-c024-47d1-b13f-4ac2791f306d,Muhamad Sobar,1,2026-08-25T11:12:35.890Z,Lainnya,Negatif,Negatif,0.9996,ahahahaaaa mampus lo di tinggalin nasabah dengan kelakuan lo sendiri rakyat dilawan 👎🤣😂
31327b79-36d7-4462-a70d-884de84b0ba1,Diego Inar,1,2026-08-25T11:12:05.828Z,Lainnya,Negatif,Negatif,0.9684,🤮🤮🤮🤮🤮🤮
d75bf702-2b75-4b33-898b-be411877f480,Kamal Setiardi,1,2026-08-25T11:12:04.992Z,Lainnya,Negatif,Negatif,0.9991,Bank Antek antek pemerintah yang tidak amanah
d10b44c2-045f-4bfe-885c-c4715d221000,Usaha Baru,5,2026-08-25T11:11:53.978Z,Lainnya,Positif,Positif,0.7676,sangat membantu sekali
39a0c9f7-4708-4afe-a98a-1d36d56575f9,hary yanto,1,2026-08-25T11:11:25.710Z,Autentikasi & Akun; Layanan & Fitur Finansial,Negatif,Negatif,0.9997,kenapa rekening donasi rakyat Pati di blokir ..apa ada masalah .mandiri .. klo mau blokir tu rekening yg korupsi ...kocak mandiri
ba8b6977-4742-4c7a-894e-ea76b845f05d,Inun Isam,1,2026-08-25T11:11:03.445Z,Lainnya,Negatif,Negatif,0.9685,Biar bintang bicara
af1d47e0-bcad-46eb-890e-c5a7ca128299,Ajis Maulana,1,2026-08-25T11:11:00.483Z,Autentikasi & Akun; Transaksi & Pembayaran; Layanan & Fitur Finansial,Negatif,Negatif,0.9997,ngeri di blokir rekening nasabah kalo pake platform enih
15f3c259-0689-4483-81a3-f6e29cf9c308,Alim Muhtadun,1,2026-08-25T11:10:58.914Z,Lainnya,Negatif,Negatif,0.9959,takut di bekukan uang saya
88092884-940f-48e6-98e7-c5d33ba3a5c6,Basit Mth,1,2026-08-25T11:10:56.475Z,Autentikasi & Akun; Layanan & Fitur Finansial,Negatif,Negatif,0.9999,g jlas asal blokir aj rek orang
45c00fe7-d905-4bbe-9a00-ba1f25284952,wilis cinde,1,2026-08-25T11:10:49.133Z,Lainnya,Negatif,Negatif,0.9967,bank kocak
461b0784-23d3-40f1-b94a-a6a380369ea4,Ady bamboe,1,2026-08-25T11:10:34.837Z,Lainnya,Negatif,Negatif,1,kacau
01a9c3d1-29f3-493a-9b45-d8edbbc351bf,risqi azzura,1,2026-08-25T11:10:18.155Z,Lainnya,Negatif,Negatif,0.9999,tolol
e9388e01-2ec7-4105-8295-c864890e4ab4,hsh jsj,1,2026-08-25T11:10:00.870Z,Lainnya,Negatif,Negatif,1,bank yang sangat jelek
fb5dface-807f-44a4-bbc9-4ae68187c597,masdi,1,2026-08-25T11:09:50.186Z,Lainnya,Negatif,Negatif,0.9963,katanya mandiri tapi ko DI SETIR IN
e8d058f9-0c9b-4cd6-bec4-e5a8741a18c6,nanum street food nanuh,1,2026-08-25T11:09:36.150Z,Lainnya,Negatif,Negatif,0.9918,mahal potongan nya
8c640a9b-2a41-489d-9787-e1d04a547658,rizki pratama,1,2026-08-25T11:09:05.990Z,Lainnya,Negatif,Negatif,1,bank sampah
2420da6b-c1c5-48c5-911d-14b3505fbc91,"Muhammad Akbar Hari, SP",1,2026-08-25T11:08:52.110Z,Lainnya,Negatif,Negatif,0.9913,@jingnya pemerintah
d59f4b72-f2e7-4a63-a485-3fa445fa9c70,Raditya Akbar,1,2026-08-25T11:08:28.905Z,Lainnya,Negatif,Negatif,0.9944,DIPERBUDAK PEMERINTAH
ddede5df-0357-4731-9a7c-4bb7b11bc2e8,Ahmad Jazuli,1,2026-08-25T11:08:14.435Z,Lainnya,Negatif,Negatif,0.9505,satir
08881312-4627-4560-ac1f-d0929bd81db6,Ilyas Adrian,1,2026-08-25T11:08:10.687Z,Kinerja & Server,Negatif,Negatif,0.9732,suka error dongo
c3dce9e8-8a77-4779-91fe-790761f8697a,setiyo budi,1,2026-08-25T11:08:03.752Z,Lainnya,Negatif,Negatif,0.9989,bank ga jelas
3c94109d-5501-41c9-bd5a-254b43157aeb,Sonny Somantri,1,2026-08-25T11:07:57.565Z,Lainnya,Negatif,Negatif,0.9739,bank orba !
0b699b71-1cba-4c0b-a572-652ca984ca15,Jr mbalelo,1,2026-08-25T11:07:40.682Z,Lainnya,Negatif,Negatif,0.9975,bukan bank mandiri ini tapi bank bersama aparat
d2a36b2a-a8cc-4f4f-ac52-1d8c34d8082e,Oezil Tayan,1,2026-08-25T11:06:21.899Z,Lainnya,Negatif,Negatif,0.9604,aplikasi gaguna jangan tarohh saldo kalian disini ilangg pastiii
6cfce46d-bef6-4501-8e4a-254aa228bd02,My Setiawan,1,2026-08-25T11:06:04.849Z,Lainnya,Negatif,Negatif,0.9979,boikot
73020623-923b-4903-87f2-0564c57f209c,Samsul Anwar,1,2026-08-25T11:05:07.885Z,Lainnya,Negatif,Negatif,0.9528,gank kaga jls
60793a08-dd40-4f75-9ec8-24dfa9cbd29d,sabar sinuaji,3,2026-08-25T11:05:00.733Z,Transaksi & Pembayaran,Negatif,Negatif,0.6805,"mohon dong untuk fitur transfer nya jangan bermasalah upayakan jika peningkatan fitur itu di percepat jangn ada kendala, gue ada perlu juga kocak jangan gitu dong min nasabah prioritas utama Perbankan"
fdf211f1-76fc-40a5-8761-863d63d1642a,Mr King76,3,2026-08-25T11:04:13.423Z,Lainnya,Negatif,Negatif,0.9658,Ternyata ratting nya kebanyakan nge BOT wkwk
8cb61c7a-573f-449e-ad9f-8178abb0e004,Muhammad Alfath,1,2026-08-25T11:04:10.810Z,Lainnya,Negatif,Negatif,0.9645,saya sangat keceaa dengan mandiri
33be596a-f529-4e66-973a-92f37148a6d2,Iyan Saputra,1,2026-08-25T11:03:35.556Z,Autentikasi & Akun; Layanan & Fitur Finansial,Negatif,Negatif,1,boikot bank mandiri yang seenaknya memblokir rekening nasabah
a18ef311-ac5b-4f9a-a693-ae889a44902f,jarwok 24,1,2026-08-25T11:03:09.495Z,Lainnya,Negatif,Negatif,0.9996,boikot mandiri
652a0b68-e572-4b28-ac9a-e4356e88fba1,Azdi Fahmi,2,2026-08-25T11:03:00.180Z,Lainnya,Negatif,Negatif,0.9861,"ga mau lagi make mandiri ah, masih enakan indomie"
f9c85bdf-9426-4702-a0c9-81760e01a4b9,Ade Nurul Hidayat,1,2026-08-25T11:02:23.896Z,Autentikasi & Akun; Transaksi & Pembayaran,Negatif,Negatif,0.9814,"bank yang memblokir dana sembarangan, jangan mau buka bank di sini, thanks"
46164e00-ff4c-4fdb-b6d7-b3c8307d9d2c,Wandha Dasry,1,2026-08-25T11:02:03.399Z,Lainnya,Negatif,Negatif,0.9945,"kredibilitas mandiri sudah tidak bisa di percaya,"
93ffcaf4-5a0a-456e-8983-95d588ebaa13,Abimanyu Bhakti,1,2026-08-25T11:01:59.160Z,Lainnya,Negatif,Negatif,1,sangat jelek
2cfcaa8e-e3c9-4ea6-b8ff-a70dd34dc7c6,Hendra Gunawan,1,2026-08-25T11:01:53.250Z,Lainnya,Negatif,Negatif,0.9917,kacung korup
114d6e18-a594-4d26-8e5c-8de184a56f2b,Mohamad Rikha,1,2026-08-25T11:01:51.670Z,Kinerja & Server,Negatif,Negatif,0.9877,ngeleg
f09a0187-d58a-4621-938c-28331397a429,Silit Silit ireng,1,2026-08-25T11:01:44.308Z,Lainnya,Negatif,Negatif,1,buruk sekali
b42b27e0-e189-4b1f-8258-4b11e3af12b1,Agus Surya,1,2026-08-25T11:01:25.903Z,Autentikasi & Akun,Negatif,Negatif,0.9999,tukang blokir
6fcd3480-c67c-4c93-9fd1-11c262a533d7,Fathur. R,1,2026-08-25T11:01:14.410Z,Lainnya,Negatif,Negatif,0.9818,Kacung korporat
a690486e-8974-404d-b4ab-e4ad9b42797d,Ngetik Cepat,1,2026-08-25T11:00:52.740Z,Autentikasi & Akun,Negatif,Negatif,0.9729,sebagai nasabah saya kecewa atas pemblokiran biaya admin yg terum bertambah seiring transaksi berkali²
6d81a357-3f29-402e-a5e0-b6fc8b9620cc,El Ryan,1,2026-08-25T11:00:42.976Z,Lainnya,Negatif,Negatif,1,jelek
7d99f889-577f-4f34-821e-b1563af787c6,Muhidin,1,2026-08-25T11:00:28.482Z,Lainnya,Negatif,Negatif,0.9744,di boikot masarakat
705e7139-1e4e-4571-8e12-ea113d41bffc,Muchamed Raqib Pidu,1,2026-08-25T10:59:39.176Z,Lainnya,Negatif,Negatif,0.9737,bank ini di kontrol oleh penguasa
9de07911-dd21-4bc2-b624-01e4e3d6cda2,Hotlan Idris,1,2026-08-25T10:56:50.543Z,Autentikasi & Akun; Layanan & Fitur Finansial,Negatif,Negatif,1,"bank ini sangat buruk,jangan buka rekening disini bisa bisanya blokir akun orang tanpa ada pelanggaran"
a4660b5b-0681-4d50-a4c5-4a3d195df733,Fendi Aprilia,1,2026-08-25T10:56:36.675Z,Lainnya,Negatif,Negatif,0.9854,nasabah mulai tidak ada perlindungan privasi
359825ed-99d5-4c4e-9979-468a40133028,Pubgsat Pubgsat,1,2026-08-25T10:56:24.457Z,Autentikasi & Akun,Negatif,Negatif,0.9987,"akun gw tiba tiba di blokir,total duit gw 87jt coy maen blokir aja mandiri"
5b5efecc-2690-4f49-aa5f-e3bef04e8cd6,Diles Tarigan,1,2026-08-25T10:56:09.167Z,Transaksi & Pembayaran,Negatif,Negatif,0.9651,"bank ini gak ada ketegasan dalam menjalankan prosedur operasional, terlalu takut untuk menunjukan integritas, sebaiknya tarik dana kalian semua dari bank ini."
28df847a-2e29-44a0-bf9b-03352ffaa8c3,Aef Saep,1,2026-08-25T10:55:57.575Z,Lainnya,Negatif,Negatif,0.9744,BOIKOT MANDIDIRI!!
695a9be8-7a24-40c1-bb0f-cabb061e179e,Kabayashi Productions,1,2026-08-25T10:55:41.747Z,Layanan & Fitur Finansial,Negatif,Negatif,0.9607,Saya sudah kekantor untuk menutup rekening saya terimakasih
0c0bc2a0-449b-47dc-b757-d54e0a77dde0,Everyone Awz,1,2026-08-25T10:55:23.468Z,Lainnya,Negatif,Negatif,0.9363,1 bintang aja gua ga iklhas
1d56006e-4c42-4b63-9d95-69c2be7245fc,eki nugraha,1,2026-08-25T10:55:06.280Z,Lainnya,Negatif,Negatif,0.9861,bank penghianat rakyat
a8f7ced2-53c4-4237-babf-1a7878296675,Mhmd Fikri al,1,2026-08-25T10:54:48.428Z,Autentikasi & Akun,Negatif,Negatif,0.9998,JANGAN MAU MAKE MANDIRI TAKUT DIBLOKIR DUITNYA
5c5379a5-ce34-45da-9b14-00cab11c8151,Egi Saputra,1,2026-08-25T10:54:29.745Z,Lainnya,Negatif,Negatif,0.9938,gak bagus
2ce0c59e-1f6d-49dc-943c-5273c58dc4f9,Aldyyy,1,2026-08-25T10:54:27.367Z,Autentikasi & Akun,Negatif,Negatif,0.9992,pemblokiran sepihak kepada nasabah
7937fd14-3be4-4835-b427-6f4adcb84659,Ardhi Laksono,1,2026-08-25T10:54:06.952Z,Lainnya,Negatif,Negatif,0.9911,bank ko di stir
c8532649-f077-408a-990c-fe2468a4697d,Mitsubishi Lumajang,1,2026-08-25T10:53:43.240Z,Lainnya,Negatif,Negatif,0.9636,"Andai gaji kantor ga lewat sini, udah ogah pake niihh bank.."
e1611b97-5b85-44d6-82bc-f17015564aa6,Budi Susilo,1,2026-08-25T10:52:38.142Z,Autentikasi & Akun,Negatif,Negatif,1,takut di blokir
6310b49a-83bf-467a-9b21-0f2eb08d18b9,payaraman ESPORT id 535574769,1,2026-08-25T10:52:31.616Z,Autentikasi & Akun,Negatif,Negatif,1,takut di blokir
526c2d2d-0053-4852-ae31-55b705cba759,Jemmy Nolisca,1,2026-08-25T10:52:21.320Z,Autentikasi & Akun,Negatif,Negatif,0.9743,"bank yg paling tidak worth, mesin ATM jadul, pincab muda2 bego sok,banyak hal, kapok, sampe giro aja saya tutup khusus bank ini. banyak PHP. sangat tidak recoment"
1e03eb01-753c-4e22-ba7d-41199526160b,Kifli Zul,1,2026-08-25T10:52:14.935Z,Lainnya,Negatif,Negatif,0.997,sangat tidak d rekomendasikan
97c5d327-480c-4bfc-9c0c-4966e522c1c6,Kholid Saifulloh,1,2026-08-25T10:51:39.535Z,Autentikasi & Akun,Negatif,Negatif,0.9684,Terima kasih. saya pindah bank dari kasus ini
c8190b57-d788-471e-806c-06af26f2a83e,Sanjaya Budi bakti,1,2026-08-25T10:51:32.759Z,Lainnya,Negatif,Negatif,0.9996,Gak mandiri lagi
795795df-9891-437d-a4e9-1d7970f3d2a1,Bryan Barbarr,1,2026-08-25T10:51:14.582Z,Lainnya,Negatif,Negatif,0.9996,BOIKOT MANDIRI
2664b86f-8978-428a-86ad-66b23ce98d2a,rendi irawan,1,2026-08-25T10:50:36.840Z,Autentikasi & Akun; Layanan & Fitur Finansial,Negatif,Negatif,0.9997,buka blokir rekening warga PATI
1b549855-6875-42e0-8408-d02bad6f650a,Anime Scane,1,2026-08-25T10:50:25.622Z,Lainnya,Negatif,Negatif,0.9819,tidak rekomended
6d1b54cf-d0e4-4aa2-a3fd-0c7324fd62eb,Ba Ra,1,2026-08-25T10:49:47.814Z,Lainnya,Negatif,Negatif,0.9979,boikot
93365ae7-260b-4ef7-99f2-aa0932466e58,Agus Rohana,1,2026-08-25T10:49:13.446Z,Autentikasi & Akun,Negatif,Negatif,0.9995,nyesel gue bikin ATM mandiri lagi viral wkwkw pindah aja ah ke BCA nanti saldo gue di blokir lagi
6820b117-2b59-4c3c-8ec6-8ca008284f76,Andrie Saputra,1,2026-08-25T10:49:02.634Z,Autentikasi & Akun; Layanan & Fitur Finansial,Negatif,Negatif,0.9793,"potongan saldo terlalu gede,nga kaya bang yg lain ,contoh bca bisa minus pun masih aman transaksi, mandiri minimal 25rb buat saya terlalu besar ,apa lagi skrg bs seenaknya ngeblokir rekening orang makin nga percaya dengan mandiri"
c753694f-9155-4a81-9933-afca96e21612,Mochamad Taufik,1,2026-08-25T10:48:47.610Z,Lainnya,Negatif,Negatif,0.9866,tidak independen
00d146b4-fb4d-42c7-8465-4e786c8cd47a,Mus Liman,1,2026-08-25T10:48:41.929Z,Autentikasi & Akun,Negatif,Negatif,0.994,cabut saldo kalian semua jika gak mau di blokir seenaknya
63437d5d-b645-441c-b303-96c39232a68a,m i n i o n 76,1,2026-08-25T10:48:37.582Z,Autentikasi & Akun,Negatif,Negatif,0.9999,blokir bank mandiri
461815c4-adf4-4658-85e6-f1dc5a9091a8,Arif Kusnandar,1,2026-08-25T10:48:31.743Z,Lainnya,Negatif,Negatif,0.9909,not recomended
eaf763e0-f00e-4ed7-9b24-6efa9acfce88,JOKI BANTEN,1,2026-08-25T10:48:16.740Z,Lainnya,Negatif,Negatif,0.9979,jelek aplikasi nya gabagus🤮
fe56a412-6b35-4fd9-980f-326e0e11f322,Satria Purnawirawan,1,2026-08-25T10:47:19.573Z,Lainnya,Negatif,Negatif,0.9996,boikot mandiri
8def5e29-3d05-4b14-a795-35703a87b4c3,Syaroni budi,1,2026-08-25T10:46:55.420Z,Autentikasi & Akun,Negatif,Negatif,0.9996,maless takut tiba tiba di blokir
bacb3855-1649-4b97-9095-9ca7ddc428c6,Rohil Project,1,2026-08-25T10:46:43.132Z,Autentikasi & Akun,Negatif,Negatif,0.9997,"takut di blokir, jadi saya kasi bintang 1"
37dfa8fd-5e10-41de-a797-af71eb652d94,Arfin Pratama,1,2026-08-25T10:46:40.310Z,Lainnya,Negatif,Negatif,0.9501,"aplikasi dzolim, semoga kena azab"
ca3de0e9-d58b-4631-90f8-1e5d16646fa3,Afif Masruh,1,2026-08-25T10:46:37.451Z,Lainnya,Negatif,Negatif,1,jelek
12b42be5-128d-4d12-80d9-ad32a6f7371d,aditia saputra,1,2026-08-25T10:46:31.341Z,Autentikasi & Akun; Layanan & Fitur Finansial,Negatif,Negatif,0.9985,doyan blokir rekening akun saya udh 3x terblokir tanpa sebab
71039c96-ea96-4c8e-a48e-76458275b624,Husain Thallani,1,2026-08-25T10:46:26.874Z,Lainnya,Negatif,Negatif,0.9833,hama
1f79088a-1705-416f-998a-e27f0bab678e,Dede Aja,1,2026-08-25T10:46:07.879Z,Lainnya,Negatif,Negatif,0.9326,parah sih guah udh percaya sama mandiri malah gituh sory guah keluar dari sirkel mandiri bay thanks udh temenin guah dan pernah jadi salah satu bank favorit guah sekarang guah kecewa karna satu hal yaitu sekena mena bay
7703aee8-dc0c-4744-8f4a-b2e8ea505d60,teguh iman sinatra,1,2026-08-25T10:46:00.743Z,Autentikasi & Akun,Negatif,Negatif,0.9757,atut diblokir deh
b7563c3c-9035-422e-81b5-a8223457dc6e,tegar djati putera laksana,1,2026-08-25T10:45:46.601Z,Lainnya,Negatif,Negatif,0.9974,Tidak profesional
bfadf9cb-22ac-4041-ae57-9ea2e5493a46,Ardi Ansyah,1,2026-08-25T10:45:46.135Z,Lainnya,Negatif,Negatif,0.9965,sangat mengecewakan
26d94a39-1322-4598-891f-d7d234683758,Jamil gmail,1,2026-08-25T10:45:44.770Z,Lainnya,Negatif,Negatif,0.7722,pay latternya ga muncul padahal aktif buat belanja online. tetangga sebelah pay latter nya gede.
48a3d3a5-23a7-498f-9e66-b088878aeec4,Ferdy Law,1,2026-08-25T10:45:26.781Z,Autentikasi & Akun,Negatif,Negatif,1,BLOKIR UANG RAKYAT
af9a010d-4f0e-4b42-bc26-f4f6fa9a0d44,Julian Sabanu Ardi,1,2026-08-25T10:45:19.778Z,Lainnya,Negatif,Negatif,0.9989,banknya gak jelas
b424ea04-53c1-4657-867b-6309322700aa,Hai Bro,1,2026-08-25T10:45:11.487Z,Lainnya,Negatif,Negatif,0.9917,bank paling berbahaya
d5cdf0b5-e834-4858-8e92-3d22a08e0dc2,Haikal Firdaussi,1,2026-08-25T10:45:05.453Z,Lainnya,Negatif,Negatif,0.9992,MANDIRI KOK MASIH DISETIR
d029e05e-b2bb-49d5-b207-a6ac78d283c8,Rafa ompong Saputra,1,2026-08-25T10:44:59.734Z,Lainnya,Negatif,Negatif,0.9999,TOLOL
0be2d976-f9fc-46fa-a02f-7cc00b8a73bc,Maulana Kelana,1,2026-08-25T10:44:59.331Z,Lainnya,Negatif,Negatif,0.9807,oh ternyata gitu ya sekelas bank gede loh ini. sudah lah ganti bank lain aja
58dc1e24-d0b6-477a-9bad-fff43e312a03,Jojon Sugiyanto,2,2026-08-25T10:44:11.689Z,Lainnya,Negatif,Negatif,0.9449,BANK TERPARAH
f5cf8c46-bcce-4713-9f31-07c2ebddd31c,Fredy Andito,1,2026-08-25T10:43:38.539Z,Lainnya,Negatif,Negatif,0.997,Mandiri mengecewakan masyarakat
21b5c7e9-8653-410c-860d-c3420eb68a1c,Retno S,2,2026-08-25T10:43:20.259Z,Autentikasi & Akun; Layanan & Fitur Finansial,Negatif,Negatif,0.9737,"Terkait isu yang beredar di medsos,, banyak rekening warga yang di blokir,, sangat memprihatinkan dan mengenaskan atas sikap bank mandiri terhadap nasabah nasabah,, padahal itu uang mereka bukan uang korupsi,,ikut prihatin akan isu tersebut,, sangat sangat mengecewakan nasabah,, kasihan juga ya para nasabah,, mereka jg MANUSIA, Mereka menuntut keadilan"
f0d2073a-7e75-49ba-b73e-030e6c3e37c7,Dhani Zalukhu,1,2026-08-25T10:42:21.356Z,Lainnya,Negatif,Negatif,0.9958,tidak jelas
206c786f-7360-45b1-8e4b-a2dbbafbd694,Irfan Affandi,1,2026-08-25T10:41:49.704Z,Lainnya,Negatif,Negatif,0.9688,stop dulu yaa
516a1c7b-de2f-44d1-9371-5e8a664b18ae,Iqbal aji al fahma,1,2026-08-25T10:41:38.714Z,Lainnya,Negatif,Negatif,0.9993,busuk
5175cb5d-305c-4351-b0ed-896f47aa4a8d,Cris PakneHaris,1,2026-08-25T10:40:48.977Z,Lainnya,Negatif,Negatif,0.8852,"fix,, auto blacklist,, mbanking bermasalah,,"
8f89cdb9-0891-4d59-ab2e-65d538f6c0b6,Angelina Novianti,1,2026-08-25T10:40:45.799Z,Lainnya,Negatif,Negatif,1,BOBROKKK!!
4a9dc1cd-885d-4950-bedf-a01ea0bcd6d8,Indah Sadianisa,1,2026-08-25T10:40:41.973Z,Lainnya,Negatif,Negatif,0.9911,bank kok dzolim banget
3e67503b-8836-4f23-b7fb-9a795f179844,Muhammad Fallah0123,1,2026-08-25T10:40:25.460Z,Autentikasi & Akun,Negatif,Negatif,0.9976,pernah pake tapi gatau saldo pernah di blokir
2fea76ba-99bc-48c3-8dcd-9adeface56e3,M Dzaki R,1,2026-08-25T10:39:55.287Z,Transaksi & Pembayaran,Negatif,Negatif,0.9809,"bank paling ampas, komentar playstore banyak komen beli"
eea73191-e3f1-4cf0-bab9-d01bad1b39b6,Mpoh Syipa,1,2026-08-25T10:39:31.281Z,Lainnya,Negatif,Negatif,0.9996,boikotttttt mandiri
d6e7a3c4-c324-4ff5-a584-ee93225fc9fd,Jaya Batax,1,2026-08-25T10:39:31.257Z,Autentikasi & Akun; Layanan & Fitur Finansial,Negatif,Negatif,1,bank tolol sih. masa main blokir rekening orang sepihak mau nyolong duit nasabah kah. mengerikan
8b5085ac-137c-4ed9-b82f-d3cb17ead773,Nando Rio,1,2026-08-25T10:39:21.347Z,Autentikasi & Akun,Negatif,Negatif,0.995,tarik pindah ke bank lain
aa2dd158-0242-4fd8-994a-2db8300d7023,Rokeni Rokeni,2,2026-08-25T10:39:14.144Z,Autentikasi & Akun; Kinerja & Server,Negatif,Negatif,0.8315,tolong dong saya lupa password sudah 3x nah terus karna seharian mmasih tetep eror saya uninstall aplikasinya lalu saya dowload lagi dan terus saya tidak bisa login lagi dan keaadaan saya di LN dan itu pun daftarnya online tanpa kartu fisik gimana dong udah mah masih ada saldo
7253d962-7894-45dc-8fa0-986b39c4805d,Linda Riyanti,1,2026-08-25T10:38:19.720Z,Autentikasi & Akun,Negatif,Negatif,0.9997,bank yang semena mena memblokir nasabah nya atas perintah penegak hukum yang blm jelas...
83e62530-9333-4033-92b2-e86716083524,Axrq Ben,1,2026-08-25T10:38:13.890Z,Lainnya,Negatif,Negatif,0.9814,ancurin bank mandiri
735b84b7-024d-4a6e-9c86-8e6fe0031292,Ayu Sylviana,1,2026-08-25T10:37:57.782Z,Lainnya,Negatif,Negatif,0.9997,parah bank aneh
8c48b381-9e5c-4f18-8c88-b62785bea08a,Alex ketey,1,2026-08-25T10:37:05.530Z,Autentikasi & Akun,Negatif,Negatif,0.9964,giliran blokir akun judoal aja susah
a1d90689-93b6-45d2-be46-f205efe94364,Faturohman HP,1,2026-08-25T10:36:56.332Z,Lainnya,Negatif,Negatif,1,jelekkk
c20bddb1-95ec-46bd-a583-0434f0a195e0,Sukasukamotor id,1,2026-08-25T10:36:42.282Z,Autentikasi & Akun,Negatif,Negatif,0.9998,"tidak rekomendasi pakai bank mandiri, mereka bisa memblokir nasabah dengan dan tanpa alasan apapun..."
67e47f36-777f-413a-aca2-c42403260ba0,Arda Febriansyah,1,2026-08-25T10:35:34.352Z,Lainnya,Negatif,Negatif,0.8967,sekian terima gaji!!
5166c014-01e8-4fc0-879d-8dea94432cb9,Andi Saputra,1,2026-08-25T10:35:34.136Z,Lainnya,Negatif,Negatif,0.9133,ga ada guna nyaa aplikasi ini
f45c3616-d0a3-4611-9149-6cf1661e2d4e,ero sannin,1,2026-08-25T10:32:40.175Z,Lainnya,Negatif,Negatif,0.9989,"parah,ngak guna"
e5e2630e-eabc-4534-84e9-5bb711a6fe0a,Abdulsomad579,1,2026-08-25T10:32:37.406Z,Lainnya,Negatif,Negatif,0.9708,hidup cangcut😓🤣😂
884d04b8-ee4d-4a53-b3c9-080fd3aee8cc,Aria Abil,1,2026-08-25T10:32:15.822Z,Lainnya,Negatif,Negatif,1,buruk
7cbb8790-279d-487b-8e08-4971cb510402,Made Danny Arya Pradana,1,2026-08-25T10:32:09.397Z,Lainnya,Negatif,Negatif,1,jelek
2bdace33-6dac-402f-a849-0096f6855d52,Enjang Bunyamin,1,2026-08-25T10:30:17.408Z,Lainnya,Negatif,Negatif,0.9581,bintang 5 klo udah sesuai
7f353fa6-742d-4431-8de0-dcaf3b4d055d,Bubu Baba,1,2026-08-25T10:30:02.899Z,Autentikasi & Akun,Negatif,Negatif,0.998,pemblokiran sepihak
2034bece-26a0-45ef-acf8-c078d0956868,Bimo Dwi Maulana,1,2026-08-25T10:29:53.307Z,Lainnya,Negatif,Negatif,0.7245,terimakasih
1be8d591-a36f-4900-9b63-9ff841c35db5,Supri yadi,1,2026-08-25T10:29:23.263Z,Lainnya,Negatif,Negatif,0.8399,Awal nya saya kira bagus bank ini. rupanya bisa di setir oleh seragam cokelat 🤣
95020243-73e5-49e2-a8ad-202c41fc5833,Ramadhan Arnandha Palevi,1,2026-08-25T10:27:54.971Z,Lainnya,Negatif,Negatif,0.9563,bank yg sangat rekomendasi.
953f108c-6a29-4766-888b-b545afeffe54,Lalu Dede,5,2026-08-25T10:27:17.998Z,Autentikasi & Akun,Positif,Negatif,0.993,"sangat kecewa dengan bank mandiri ini. berhenti pakai bank mandiri guys, ga bagus. pindah bank lain aja"
22fbd8cf-c8aa-4d3a-b5b5-c1d6d98655ce,Ptps. Brengkok17,1,2026-08-25T10:26:44.397Z,Transaksi & Pembayaran; Layanan & Fitur Finansial,Negatif,Negatif,0.9966,takut dana yang di dalam rekening di bekukan kayak punyanya mas botok
b43a9177-fa37-45c8-b81d-424ee6a823d8,yayuk yuk,1,2026-08-25T10:26:32.794Z,Layanan & Fitur Finansial,Negatif,Negatif,0.9484,"sangat kecewa dengan adanya kasus block me block rekening, ganti dengan bank lain saja lebih bagus"
6d94ed93-192d-4f6c-b943-f086a8b56d13,Welcom Vand,1,2026-08-25T10:26:09.343Z,Lainnya,Negatif,Negatif,0.9819,tidak rekomended
5ddff521-1637-4dc1-a5d2-dcb724ec76ba,Awan Al juna,1,2026-08-25T10:25:43.705Z,Lainnya,Negatif,Negatif,0.9897,ternyata masih dicebokin pemerintah.. kirain udah gede ternyata belom mandiri.
4e46fcf8-f089-4377-b6b2-dba26a023e7b,Dhery Official,1,2026-08-25T10:25:26.180Z,Lainnya,Negatif,Negatif,0.9916,ga mau pakai ini lagi
6c58f917-297f-4acf-824e-4275b9a0b1a4,jelita alifah,1,2026-08-25T10:25:22.964Z,Lainnya,Negatif,Negatif,0.9959,kecewa pokoknya sama Bank mandiri
f0817f0c-377c-4c56-8b85-2578cadcc189,Catwin Only,1,2026-08-25T10:24:44.842Z,Lainnya,Negatif,Negatif,0.9996,boikot mandiri
73ad8463-dc9a-4861-85b0-f21621346b5a,Wisnu Anendya,1,2026-08-25T10:24:19.374Z,Autentikasi & Akun,Negatif,Negatif,0.9967,"pemblokiran sepihak, tidak melindungi nasabah"
e8c7e3ba-58a2-48b2-a312-fb8bb14a6471,Andri NA,1,2026-08-25T10:24:14.522Z,Lainnya,Negatif,Negatif,0.9833,huhuhu mengecewakan
ffaafd28-35f0-40f8-8c73-73d26388c94a,Sun Claude,1,2026-08-25T10:22:52.104Z,Autentikasi & Akun,Negatif,Negatif,0.9999,aplikasi blokir uang orang
0fea4e3d-57ca-4d01-90fc-f437130da154,M Assasuddin,1,2026-08-25T10:22:26.243Z,Lainnya,Negatif,Negatif,0.8842,semakin kesini semakin ngawur
4311e95e-1342-41c2-9643-4aa076f0cc14,Raka Akbar Damara,1,2026-08-25T10:22:23.519Z,Autentikasi & Akun; Transaksi & Pembayaran,Negatif,Negatif,0.9917,ya kalik bank blokir dana patungan warga
0c36d3bc-e210-4662-872d-442142bc54d4,Fadil X-frontal,1,2026-08-25T10:22:10.577Z,Layanan & Fitur Finansial,Negatif,Negatif,0.8461,"selamat karena anda telah membeku kan rekening salah satu konsumen anda karena hasutan dari petugas yg ngak ada otaknya, sekarang Terima sendiri akibatnya, reputasi yg dibangun puluhan tahun akhirnya hancur dalam waktu yg singkat, sekali lagi 🎉🥳👏"
2d2cb28a-358c-4073-a07d-417d66c8a82b,Dicky Tio,1,2026-08-25T10:21:05.783Z,Kinerja & Server,Negatif,Negatif,0.9884,aplikasi lelet padahal pake hp baru lelet Bintang 1
15e44800-6728-426d-9979-b27fc4d6302a,Minarto Minarto,1,2026-08-25T10:20:46.178Z,Lainnya,Negatif,Negatif,0.9907,siap tinggalkan mandiri..ingat mandiri konsumen adalah raja...kejadian warga pati bikin emosi
d95b6cae-2a7e-4ce0-8da8-37dd24c62f4e,Nanda Rahmansyah,1,2026-08-25T10:20:38.892Z,Autentikasi & Akun; Layanan & Fitur Finansial,Negatif,Negatif,0.9994,Boleh kali buka blokir rekening org yg ga bersalah
a742e330-a615-4632-b0a1-d2f90a92f0b3,Viky Fadhill,1,2026-08-25T10:19:48.312Z,Lainnya,Negatif,Negatif,0.9956,bank yang diatur pemerintah
110b413f-6fee-438a-adc4-6683468e054c,Muhammad Dimas Padang,1,2026-08-25T10:19:44.845Z,Autentikasi & Akun; Layanan & Fitur Finansial,Negatif,Negatif,1,sesuka hati blokir rekening orang
6e05e70c-c75e-45ec-90b5-2b322b5fb60a,muhammad nuh razzaaq,1,2026-08-25T10:19:27.305Z,Autentikasi & Akun,Negatif,Negatif,0.9998,pemblokir nasabah aktivis! boikot mandiri di Indonesia
6c06e0d3-c9a4-48ea-904a-32da6243f643,Dery Pramayuda,1,2026-08-25T10:18:05.494Z,Autentikasi & Akun,Negatif,Negatif,0.9986,"kocak ah, ngeri di blokir euy naro duit disini mh"
722ef897-044f-4008-8860-240c932f5ae6,Arimbi Febrina Nur Hakim,1,2026-08-25T10:17:51.610Z,Lainnya,Negatif,Negatif,0.9644,upsss
2c2c79bd-6fb0-4ff6-ab5a-10aa28fb0cb7,Sulistiyono 018,1,2026-08-25T10:17:47.700Z,Lainnya,Negatif,Negatif,0.9802,Privasi kurang terjamin
451183cd-28a5-46c3-8d75-92ac8aa2e191,Ahmad Ashari,1,2026-08-25T10:17:43.530Z,Autentikasi & Akun; Layanan & Fitur Finansial,Negatif,Negatif,0.9999,"jgn di pake, asal blokir rekening orang aja ini bank"
d1882e31-95c2-49e1-8b2b-014b2625b40f,muhammad khairul adami,1,2026-08-25T10:17:34.826Z,Autentikasi & Akun,Negatif,Negatif,0.984,login susah
181e4cbf-f797-4d63-a7f0-8752a5cfca20,Aisya Abadi,1,2026-08-25T10:17:02.307Z,Lainnya,Negatif,Negatif,0.9954,ngeriii
39ce1d0d-fbd9-4a9a-9c48-49913476b0c0,erga kurniawan,1,2026-08-25T10:16:16.537Z,Autentikasi & Akun,Negatif,Negatif,0.9974,"Leaving Mandiri,, maen Blokir aja sudah gak butuh nasabah yaa"
83aba59a-f0c1-46ac-b7df-c405fff499a2,Ananto rsys,1,2026-08-25T10:16:06.588Z,Lainnya,Negatif,Negatif,0.9434,for Pati people
5e447d9d-bad0-4914-b576-b413220a8f47,Busana Baru,1,2026-08-25T10:16:01.583Z,Lainnya,Negatif,Negatif,0.9965,kecewa
f2125604-1af2-4819-b262-0d95e090fa68,Wahid Mhmmd,1,2026-08-25T10:15:58.727Z,Autentikasi & Akun,Negatif,Negatif,0.9969,ngak jelas sering terjadi pemblokiran😑
ced81154-64aa-49dc-86d3-25f2610e2943,Riz Bag's,1,2026-08-25T10:15:56.923Z,Lainnya,Negatif,Negatif,0.8061,semoga menjadi lbh baik lg ya
b09dcd44-8ae6-49a7-8104-45fa640349d5,Akhsanul Abror,1,2026-08-25T10:15:35.194Z,Lainnya,Negatif,Negatif,1,bank jelek
2a9558d2-19c8-4112-8607-764e5f34f868,Amirska Slengean,1,2026-08-25T10:15:29.942Z,Lainnya,Negatif,Negatif,0.9955,bank apaan ini bisa nurut sma aparat
ba7747d9-f518-4026-8623-91c93475cb1d,Azqiara Maulidya,1,2026-08-25T10:15:09.764Z,Autentikasi & Akun,Negatif,Negatif,1,takut di blokir
38008fcb-5907-4020-8512-2daaa0feae7d,Ria Annisa,1,2026-08-25T10:15:07.920Z,Transaksi & Pembayaran,Negatif,Negatif,0.6995,"Niat bayar belanjaan pake qris, langsung diarahin ke pembayaran kartu kredit. Gara-gara kurang teliti kepencetlah transaksi dengan kartu kredit padahal dari dulu ga pernah mau pake kartu kredit. Belanja cuma 100 rb, bayar member fee kartu kredit 300 rb, total tagihan jadi 400 rb"
5237d4d5-2022-405b-8b7a-31bc55e4f917,Ode lupa,1,2026-08-25T10:14:45.238Z,Lainnya,Negatif,Negatif,1,mandiri sangat buruk
3a6d02de-e33a-4d1c-bd5d-a502664ad0e2,KOSONG SATU,1,2026-08-25T10:14:38.522Z,Lainnya,Negatif,Negatif,0.942,"apk taikkk, malah nyusahin"
640b86d7-8ce1-4686-9169-cfaeac281d36,Ricky Kurnianto,1,2026-08-25T10:14:33.133Z,Lainnya,Negatif,Negatif,1,jelek
8e59fde7-c418-4193-a8f4-04737d9c3325,Sri Handayani,1,2026-08-25T10:14:21.190Z,Lainnya,Negatif,Negatif,0.9111,woi jelej
577e821f-5835-4db9-8847-99d85d35be68,Hascky 97,1,2026-08-25T10:13:35.305Z,Autentikasi & Akun; Transaksi & Pembayaran; Kinerja & Server; Layanan & Fitur Finansial,Negatif,Negatif,0.9977,bank mandiri bener2 keterlaluan. uang nasabah di rekening mandiri ada 80 juta tiba2 di blokir cuman karena disuruh aparat penegak hukum. kok mau aj sih disuruh2 begitu. harusnya pihak bank berani merespon dengan bijak. penegak hukum itu harusnya sibuk sama pidana. masa dana judol ga di blokir. dana koruptor ga di blokir. aplikasi Livin juga aneh. log-in susah padahal jaringan bagus. tampilnya juga kurang bagus. jangan namanya aja mandiri. tapi masih diatur oknum penegak hukum pembela yg salah.
8c431388-4e64-4fcf-a935-c41172f69e90,Indra maulana Ramdani,1,2026-08-25T10:13:03.279Z,Lainnya,Negatif,Negatif,0.9959,kurang bisa di percaya
a8b6d4f7-4ff5-4aba-9b43-b2f2a32ee586,Rojudin,1,2026-08-25T10:12:49.578Z,Autentikasi & Akun; Layanan & Fitur Finansial,Negatif,Negatif,1,"Sangat tidak puas, bank main blokir rekening nasabah"
a8872ae5-1021-41d7-9e4e-6f2746fb7d5a,Rian Hidayat,1,2026-08-25T10:12:42.381Z,Autentikasi & Akun,Negatif,Negatif,0.9992,takut diblokir ah
dd22270d-c80d-438b-b599-88f74ec22e41,Hery Supriady,1,2026-08-25T10:11:59.845Z,Autentikasi & Akun; Layanan & Fitur Finansial,Negatif,Negatif,0.998,hati hati ges nenti rekening kalian di blokir atas permohonan petugas
d91cf7f4-278f-4a1f-bb96-d46c329cc473,Irfan Maulana,1,2026-08-25T10:11:45.342Z,Autentikasi & Akun,Negatif,Negatif,0.9986,ayo pindah ke bank lain nanti diblokir
fb4d2603-667b-4f4a-a88f-bd9ea9a74f7a,Najibulloh,1,2026-08-25T10:11:24.972Z,Layanan & Fitur Finansial,Negatif,Negatif,0.9983,"rekening itu privasi, bisa bisa nya anda mau disetir penguasa"
7c177664-e28a-4f09-9faf-62849cb704ab,Julia Ocviani,1,2026-08-25T10:11:03.111Z,Lainnya,Negatif,Negatif,0.9979,boikot
876f19cc-7113-4816-ab97-bde10515ba8a,Fita Pangesti,1,2026-08-25T10:08:57.760Z,Autentikasi & Akun; Layanan & Fitur Finansial,Negatif,Negatif,0.9999,Pemblokiran rekening aktivis.
65a0a881-b215-4c32-8ab8-cc6779a0852d,Agi Herdiana,1,2026-08-25T10:08:50.488Z,Lainnya,Negatif,Negatif,0.9969,ngeri main blok
a98c66f3-0742-4e63-9fef-9bc435ac4fb6,lauhul mahfud,1,2026-08-25T10:07:54.190Z,Lainnya,Negatif,Negatif,0.9966,tidak aman
d76303f1-6433-49e7-8c2c-5b787f05a15a,Rama aaa,1,2026-08-25T10:07:03.859Z,Lainnya,Negatif,Negatif,1,jelek
10cfe838-c011-46cb-81ef-b747c7343ea1,apika haikal,1,2026-08-25T10:06:56.903Z,Autentikasi & Akun,Negatif,Negatif,0.9775,uinstal bro pindah bank lain
5aa71353-56df-4ded-a55f-9fd4adb9d520,JANTURAN FREE,1,2026-08-25T10:06:50.506Z,Autentikasi & Akun,Negatif,Negatif,0.9995,memblokir nasabah tanpa alasan yang jelas
167dc6df-a894-4a0a-afb4-8a5b6f9984ab,Agung Wagito,1,2026-08-25T10:06:47.616Z,Autentikasi & Akun,Negatif,Negatif,0.9971,"pemblokiran nasabah tanpa, kejelasan"
542e220a-3afe-4e16-a8e2-7f2ccdde1fa3,CB celeng,1,2026-08-25T10:06:43.443Z,Lainnya,Negatif,Negatif,0.9978,PARAH MANDIRI KO DESETIR APARATTT!!!!
01e8029a-c8b1-4a65-b568-d7c4e96e02bd,Nova andri Wijoyo,1,2026-08-25T10:06:27.434Z,Lainnya,Negatif,Negatif,0.9918,bank boneka pemerintah
d3de4240-ad5e-43ce-b4d2-d2673ee01c55,fadil art,1,2026-08-25T10:05:22.433Z,Lainnya,Negatif,Negatif,0.9858,privasi tdk terjaga
18d76628-85bf-45b0-b881-a8b5638d7f85,Herry Suhaedi,1,2026-08-25T10:05:19.382Z,Autentikasi & Akun,Negatif,Negatif,0.9933,"boikot bank mandiri, terimakasih selama 10tahunnya...gara-gara pemblokiran dengan Sepihak... otw bank bca"
a3b87e5a-c433-468e-8c6d-3936df00c5f6,Fachrul Rizal 1928,1,2026-08-25T10:05:18.387Z,Lainnya,Negatif,Negatif,0.9918,#BOIKOT MANDIRI
13ff2993-7b58-433e-bbd8-301a7609cd1e,abdur rahman,1,2026-08-25T10:05:04.234Z,Lainnya,Negatif,Negatif,0.9996,MANDIRI TAPI TIDAK MANDIRI ALIAS BISA DISETIRRR 🤭
ca59023e-041a-49e7-994e-0eaaf05f4568,Apriyanto Syarif,1,2026-08-25T10:05:01.764Z,Autentikasi & Akun; Layanan & Fitur Finansial,Negatif,Negatif,0.9989,"temen gua suruh buka rekening di mandiri, tapi pas ada kejadian kek gini rekening diblokir sepihak. langsung gua tarik semua saldo"
43f171b7-78fc-403e-8e0d-d52f727ee9ce,Dava aditiya,1,2026-08-25T10:05:01.562Z,Lainnya,Negatif,Negatif,0.9485,sangat kecewa aplikasi tidak berjalan lancar dan saldo tiba tiba hilang
f407661f-3e53-4587-95c9-e77fef9318bc,Rustezy Gaming,1,2026-08-25T10:05:00.612Z,Autentikasi & Akun,Negatif,Negatif,0.9999,pemblokiran nasabah aktivis!!
e5805426-567a-42fb-84d1-258b0d596998,R Nugraha,1,2026-08-25T10:04:51.298Z,Lainnya,Negatif,Negatif,1,buruk
402e9aec-8949-4527-a980-b9fa1290322b,Ricky,1,2026-08-25T10:04:41.234Z,Autentikasi & Akun,Negatif,Negatif,0.9985,BANK DI SETIR BUKAN BANG MANDIRI JANGAN PAKAI BANK INI NANTI UANG KALIAN DI RAMPAS DAN DI BLOKIR MENDING PAKAI BCA LEBIH AMAN TENTRAM
6fcaf095-ef03-408f-9257-90601f1331cd,masjid BAITUL ROHMAN,1,2026-08-25T10:03:23.903Z,Autentikasi & Akun; Layanan & Fitur Finansial,Negatif,Negatif,0.9995,memblokir rekening atas perintah aparat
fcf6b273-cae1-4a6c-8d66-15aae911eaf3,pinokio kids,1,2026-08-25T10:03:03.746Z,Lainnya,Negatif,Negatif,0.9555,gas
42f61446-ad48-4a5b-ba93-517ca3cdf2a5,Primajasa Gusnawan,1,2026-08-25T10:02:23.139Z,Lainnya,Negatif,Negatif,0.9799,di satir pemerintah
0bd54b2e-91ee-431b-80fb-800076eef6b1,Someone,1,2026-08-25T10:01:55.940Z,Lainnya,Negatif,Negatif,0.9799,bintang 1
c825fa7a-48ac-4c04-9976-397de12a61f2,Anak Rantau 99,1,2026-08-25T10:01:51.338Z,Lainnya,Negatif,Negatif,0.9941,aplikasi takut pemerintah
d61ee33e-ce27-4d38-8012-1465af464dae,Arzen,1,2026-08-25T10:01:36.115Z,Lainnya,Negatif,Negatif,0.9973,ngaku mandiri tp di setir
711e0bf3-bbda-4c09-996f-b1a3676239f6,Sigid Wijaya,1,2026-08-25T10:01:29.830Z,Lainnya,Negatif,Negatif,0.9966,tidak aman
2ec2595d-accb-46e2-b0eb-2af6d9043c52,veno mencer,1,2026-08-25T10:01:21.930Z,Lainnya,Negatif,Negatif,0.9949,bank ini isinya penipu semua
f64ecdda-8fab-4e76-b674-348d981aaa16,Akbar Khanz888,1,2026-08-25T10:01:20.913Z,Autentikasi & Akun; Layanan & Fitur Finansial,Negatif,Negatif,0.9997,kecewa dengan di blokir rekening saya . uang dari axa asuransi tidak bisa di tarik.
7343b65f-ff8f-42a9-bd2d-bc661229001f,Sabtur Bagur,1,2026-08-25T10:01:00.988Z,Lainnya,Negatif,Negatif,0.9901,KATANYA MANDIRI TAPI KOK BISA DISETIR SETIR KALAU YANG SETIRNYA PURBAYA SENDIRI MASIH BISA DIMAKLUMI
f4a12202-6b47-4294-b7ef-9f5571f3a9d0,Syafiq Pahlefi Ramadhan,1,2026-08-25T10:00:44.841Z,Lainnya,Negatif,Negatif,0.9974,gak profesional
2617b1f9-fca1-4193-9214-5ee7a65598fb,Yusuf Pangkey,1,2026-08-25T10:00:39.409Z,Lainnya,Negatif,Negatif,0.989,data base ga aman
05e29a9f-d76e-4135-8341-68afb98bc1f2,Tarlan Official,1,2026-08-25T10:00:12.270Z,Lainnya,Negatif,Negatif,0.9999,uang nya ngendap tidak bisa diambil semua👎🏻
9ca84162-1a99-4899-a120-89df64eca2d4,Moch fahrizal Reynaldi,1,2026-08-25T09:59:12.792Z,Lainnya,Negatif,Negatif,0.9965,sangat kecewa
ecd05688-e0c4-48a9-8702-c7c7f6890dbd,TEMPEK SOL,1,2026-08-25T09:58:29.719Z,Layanan & Fitur Finansial,Negatif,Negatif,0.9933,nggak jelas tampa pejelasan dan tanpa kesalahan no rekening di blok
7c7ed99c-4d1d-4fe3-8892-8f6715a84335,Jhon Efbwick,5,2026-08-25T09:58:04.853Z,Layanan & Fitur Finansial,Positif,Positif,0.9846,"Dear mandiri jgn menyerah dgn seruan boikot Mandiri, tetap lah semangat... secara pribadi saya selalu mendukung kalian walaupun tabungan saya tidak mencapai 500rb..😁😁😁 semoga kedepannya keadaan akan menjadi kembali membaik .. semangat mandiri 💪💪💪"
3beb1b4c-9de0-4a20-a36e-b4b36d24477b,Perdi leonardo,1,2026-08-25T09:57:35.644Z,Lainnya,Negatif,Negatif,0.9519,"Tidak propesional bank mandiri dan mudah di manipulasi., karyawan cabang nya songong2. potongan administrasi perbulan mahal ."
c31bbb25-ec44-4a87-98b7-16480381cc1b,Boy Adventure,1,2026-08-25T09:56:38.609Z,Lainnya,Negatif,Negatif,1,bank tolol 🤣🤣🤣
50441546-85c2-4d9a-8378-cb1329a46927,Haris Sudaryanto,1,2026-08-25T09:56:32.652Z,Lainnya,Negatif,Negatif,0.9841,maaf saya log out dari Mandiri
06801c2d-46dd-46c0-9ed9-ff1bf4ee8e74,Dori E P,1,2026-08-25T09:56:22.340Z,Autentikasi & Akun,Negatif,Negatif,0.988,gak tau kenapa di blokir punya ku emg mempersulit ini mandiri gak ada penyelesaian harus wajib ke kantor cabang nunggu waktu kosong cuma di minggu sedangkan bank nyo tutup minggu
b48eed16-f680-41ff-820c-70e316aaee22,MOH HASAN,1,2026-08-25T09:56:04.853Z,Autentikasi & Akun,Negatif,Negatif,0.9975,saya ke cewa sama bank mandiri gak bisa jga aset nasabah. orang Mao demo kok ATM.nya suruh blokir
3496085b-d0cf-43e3-9260-413a82d3bc3b,Eko Budiono,1,2026-08-25T09:55:41.583Z,Lainnya,Negatif,Negatif,0.9993,Bosook
bd2ab6b0-32d5-416f-aa0b-58387ed90c95,RiZQi AP,1,2026-08-25T09:54:54.956Z,Lainnya,Negatif,Negatif,0.9664,cihhh
c2056ee8-7163-4c44-8fb6-9edb46f069f3,Jamez Enrique,1,2026-08-25T09:54:51.800Z,Lainnya,Negatif,Negatif,0.9997,cuhhh sampah
56a945c3-201e-4c23-9fc5-e1dfea9a306a,Boedi Iryana,1,2026-08-25T09:54:44.693Z,Lainnya,Negatif,Negatif,0.9709,Bank yang tidak bisa kerjasama dengan rakyat. .
cb58b3aa-5d35-4b1a-8d78-b7bbe5b3ae9f,King Leonidas,1,2026-08-25T09:54:37.900Z,Autentikasi & Akun,Negatif,Negatif,0.9987,bahaya ATM nasabah bisa di blokir tanpa ada permasalahan
1d8bedfb-518b-44b9-8dfe-0dfb2d83eaaf,Ogi,1,2026-08-25T09:53:44.903Z,Lainnya,Negatif,Negatif,0.9997,Bank yang paling tidak Mandiri
01d1b8fd-1b37-4a58-9005-6840977aed12,Kurt Cobain,1,2026-08-25T09:53:33.460Z,Autentikasi & Akun,Negatif,Negatif,0.9998,BOIKOT MANDIRI MENDING PINDAH KE BANK LAIN
7406493c-5b9a-41c4-a45f-960c11ea8fd0,Permana Reyno,1,2026-08-25T09:53:24.447Z,Lainnya,Negatif,Negatif,0.9458,bintang 1 aja ya min. karna utusan warga nih kkkk
3b703e9b-55a0-4cf1-8d13-f8be5dab0f73,Royal Indoshop,1,2026-08-25T09:51:28.176Z,Lainnya,Negatif,Negatif,1,sangat buruk
e3a42ef1-311d-46c8-a045-11b86e30f50b,Bagas Irawan,1,2026-08-25T09:51:15.706Z,Lainnya,Negatif,Negatif,0.9907,kecewa pokoknya
261d0bcd-b21e-44cd-a11b-27c33f71d0bf,Asp LJG,1,2026-08-25T09:49:48.795Z,Lainnya,Negatif,Negatif,1,mandiri 👎
0dab6638-de78-4f9d-8759-c7a8adbf52f8,Ryu Yagami,1,2026-08-25T09:49:46.570Z,Autentikasi & Akun,Negatif,Negatif,0.9999,pemblokir nasabah aktivis
a5d62b8f-059f-40c6-a604-afcee8de8d87,Rohman Ngeblur,1,2026-08-25T09:49:37.706Z,Lainnya,Negatif,Negatif,0.9883,tukang blok
3e40a6b9-e702-4d05-b43e-075bbe4000e8,sm.khoerunnisa nisa,1,2026-08-25T09:48:46.349Z,Lainnya,Negatif,Negatif,0.9615,najjjong banget pake mandiri . apa2 mahal kako pake mandiri banyak biayanya .. males banget ...
f9593ac4-2918-45fc-a9ad-a5822868b44c,asoy lole,1,2026-08-25T09:48:40.415Z,Transaksi & Pembayaran,Negatif,Negatif,0.9802,tidak punya integritas main blok dana secara sepihak
a7e2a8d6-1fe2-448e-a37e-98257914acf6,Supria Nirvana,1,2026-08-25T09:48:27.351Z,Lainnya,Negatif,Negatif,0.9993,Busuk
479275ff-0e21-436b-9a68-cabda57bf622,Ferdyansyah Priatman,1,2026-08-25T09:48:24.180Z,Lainnya,Negatif,Negatif,0.9934,Uninstal
f04c8ea5-eb10-44d1-b0a3-e87dad87c8a8,Faisal Setiawan.,1,2026-08-25T09:48:06.242Z,Lainnya,Negatif,Negatif,0.9673,jangan di download tar duit lu di bekuin
6a6a947d-202d-4153-835a-e1c6f374c956,Okii Setiyo,1,2026-08-25T09:46:53.895Z,Autentikasi & Akun; Layanan & Fitur Finansial,Negatif,Negatif,0.9997,"bank yang se enaknya sendiri, blokir rekening tanpa sebab"
4a8028d8-4aa6-4382-8d94-1f39151aa0fa,Irvan Kevin Nainggolan,1,2026-08-25T09:46:01.796Z,Lainnya,Negatif,Negatif,0.9939,Bank kok nurut Aparat!!!
fc7f3645-ce63-4a08-9729-bae346464d4a,Niyan Waluyo,1,2026-08-25T09:45:11.885Z,Autentikasi & Akun,Negatif,Negatif,1,"sangat jelek, bank main blokir aja"
cf3b6a23-f4f6-4d74-b85c-be947db0fde3,Tresna Astiariny,2,2026-08-25T09:44:55.858Z,Lainnya,Negatif,Negatif,0.904,"Sangat membantu sebenarnya, tp kok yaa bisa²nya berbuat dzolim."
77dbd84b-ee13-44a7-8769-89dd1b8c70a9,the kadalz,1,2026-08-25T09:44:48.600Z,Autentikasi & Akun; Layanan & Fitur Finansial,Negatif,Negatif,0.9985,Bank yang bisa memblokir rekening nasabah dengan seenaknya tanpa persetujuan pemilik rekening dan mengabaikan hak hak privasi
62c5a524-5b87-40b5-9b29-24ad7a50ac94,Loisa Kamangmau,1,2026-08-25T09:44:19.786Z,Lainnya,Negatif,Negatif,0.8522,sedih gua percuma banga bangang lu tiap saat ada bank lain bermasalah eee lu berulahhh
db768833-100b-4f55-899a-7c14e371291f,Ekajaya,1,2026-08-25T09:44:06.870Z,Autentikasi & Akun,Negatif,Negatif,0.9999,Pemblokir nasabah aktivis.
38f26790-c07b-43a0-8ab0-d6db3e88f309,Amel Lia,1,2026-08-25T09:43:35.148Z,Lainnya,Negatif,Negatif,0.9551,demi menghormarti aktivis AMPB.. aplikasi bank ini saya kasih rating jeblok...
55b1b774-df7c-4c0a-b447-6e7277e4cc12,Lucky Jr.,1,2026-08-25T09:43:33.600Z,Lainnya,Negatif,Negatif,0.942,menakutkan
66f41fa5-cb6b-4945-8a16-2f3617274003,Zhask Candu,1,2026-08-25T09:43:10.318Z,Lainnya,Negatif,Negatif,0.9766,Boikott
94af7127-ffa2-4ded-8056-0ad7582cd7eb,Muhammad Rifqi Wahyudi,1,2026-08-25T09:42:14.325Z,Autentikasi & Akun,Negatif,Negatif,0.9916,APLIKASI SCAMMM JANGAN DI DOWLOAD.KAKAU BISA BLOKIR AJA
708d0664-3483-4fea-b3ee-e550e574127e,Nabila Anggrek,1,2026-08-25T09:41:35.263Z,Autentikasi & Akun,Negatif,Negatif,0.9995,"Ati"" kena blokir di suruh sm pejabat"
c36a166b-e669-4f18-a72f-3495591cc651,Ekka Dani,1,2026-08-25T09:41:29.173Z,Lainnya,Negatif,Negatif,0.9993,parah kalian
4b230d51-30cf-4100-91a3-3afa465f343a,Robby Suharno,1,2026-08-25T09:40:55.886Z,Lainnya,Negatif,Negatif,0.9023,Bank engga berguna
8a088b1b-802a-480b-86ff-6a325d3cd5b8,Dakwahchannel Shorts,1,2026-08-25T09:39:49.893Z,Lainnya,Negatif,Negatif,0.9998,kacau mandiri ini jangan ada yg mau download atau menggunakan mandiri. boikot mandiri..
905e8c05-c998-4799-972b-27123a2a1523,David Pasaribu,1,2026-08-25T09:39:39.259Z,Autentikasi & Akun,Negatif,Negatif,0.9993,boikot mandiri..saldo orang kok di blokir sebelah pihak.buat yg lain ayo bergerak!!
25ea506f-ca8b-4c2a-b901-5c6bd3315b5c,Dayu Iswanto,1,2026-08-25T09:39:35.458Z,Autentikasi & Akun,Negatif,Negatif,0.974,memblokir rekning orang seenak jidad
ad1391b9-7df6-4116-8075-2515ed6a236a,erwin sagita,1,2026-08-25T09:39:15.519Z,Autentikasi & Akun,Negatif,Negatif,1,takut di blokir jg gw
25818579-a5b2-44f6-a201-03e8bbf2c3a3,Bang Bre,1,2026-08-25T09:38:42.324Z,Autentikasi & Akun,Negatif,Negatif,1,bakalan di blokir gak min
36a8906b-8c8d-4788-83fa-8007d4f3dd69,Dwiallan Singgih,1,2026-08-25T09:38:38.546Z,Lainnya,Negatif,Negatif,1,aplikasi sampah
69121288-833b-44ed-a107-4a029580ea89,xTIMOTHY JICKOx,1,2026-08-25T09:38:27.327Z,Autentikasi & Akun,Negatif,Negatif,0.9999,KENAPA NURUT APARAT DENGAN BLOKIR SALDO ORANG LAIN ???
67e91ff2-b3c4-4cf9-bfa0-b173e4969855,Syam suri,1,2026-08-25T09:38:21.301Z,Autentikasi & Akun,Negatif,Negatif,0.9858,"by by mandiri....ngeri terblokir,untuk mandiri mobile TDK bisa dipergunakan...untung saldo kecil .."
bc1a0aea-1b8e-45d7-a77d-dd99d9af288d,Adi Rastiarso,1,2026-08-25T09:38:06.658Z,Lainnya,Negatif,Negatif,0.9965,Kecewa
13ed65d7-aaba-4ddf-9634-174cb8245908,Afifah Sragen,1,2026-08-25T09:37:49.343Z,Lainnya,Negatif,Negatif,0.9998,pelayanan buruk terhadap masyarakat
900d8431-4e23-4315-aee4-3b8d276b1bfd,Rio Alejandro,1,2026-08-25T09:37:40.909Z,Lainnya,Negatif,Negatif,0.9986,KACUNG PEMERINTAH
e5213baf-2d54-400b-a2f3-cc1dc8a86278,Broo Bos,1,2026-08-25T09:37:37.188Z,Autentikasi & Akun,Negatif,Negatif,0.9985,Wkwkwkwk Jagan download aplikasi ini dia tiba2 di blokir saldo 80jt atas nama penegak hukum geri bisa di setir gituh
aab6ec1f-910c-4332-a897-c317fd2e27ba,Ave Maria,1,2026-08-25T09:37:35.734Z,Lainnya,Negatif,Negatif,0.9729,burik
1b465441-c83c-4995-851e-b8878446509d,B A B E,1,2026-08-25T09:36:48.540Z,Autentikasi & Akun,Negatif,Negatif,1,BOIKOT MANDIRI NANTI KENA BLOKIR!!!
f69b4592-368c-40f2-807b-e0ae6b8ce6c3,paint 701,1,2026-08-25T09:36:29.569Z,Autentikasi & Akun,Negatif,Negatif,0.9995,bye bye takut di blokir gua🥲
fc0c38ee-1669-4e51-8c50-e477ede51978,AK 77,1,2026-08-25T09:36:20.660Z,Lainnya,Negatif,Negatif,0.9976,"Klw gk punya Integritas sebaiknya Jadi Kopdes aja deh. Gk amanah, Mudah diintervensi Penguasa, Gk bisa menjaga Privasi Data Nasabah. Mengecewakan."
88207c4b-6a25-4ced-a807-c9c2f1419275,Risky Febriano,1,2026-08-25T09:35:38.712Z,Lainnya,Negatif,Negatif,0.9934,Uninstall
d2d28fa3-5daa-4c78-88b6-04fd0b3bd34e,Ahmad sukri Matondang,1,2026-08-25T09:35:38.568Z,Lainnya,Negatif,Negatif,1,buruk
b45fba98-1a68-4068-9f96-a3b30cd71114,Zona Merah Zai,1,2026-08-25T09:35:22.787Z,Lainnya,Negatif,Negatif,0.9979,boikot
d18dfa89-dc5f-496a-9b52-a27aa79c474f,Mas Boy,1,2026-08-25T09:35:10.956Z,Autentikasi & Akun; Layanan & Fitur Finansial,Negatif,Negatif,1,sangat buruk memblokir rekening sepihak
689b9900-8783-4bf8-b466-cbdcf785dc83,Nurfadilah,1,2026-08-25T09:34:11.510Z,Lainnya,Negatif,Negatif,1,buruuuk
fff7f6ed-a2d3-4207-8eaf-6ee405bf8b22,agoestyan,1,2026-08-25T09:34:08.989Z,Autentikasi & Akun,Negatif,Negatif,1,mandiri bisa bisanya main blokir saldo orang. tolol emang
2a7db323-3046-4ae2-9f54-527f485e5234,Achmad Subhan,1,2026-08-25T09:34:08.181Z,Autentikasi & Akun,Negatif,Negatif,0.9968,sudah uninstall gaess bank (tidak) mandiri siap2 akun diblokir tanpa persidangan
8390e9ca-9060-4e86-ac74-7547937a0be9,Andri • NOOB,1,2026-08-25T09:34:07.794Z,Lainnya,Negatif,Negatif,0.9951,aplikasi para koruptor
4741c635-c26b-4287-b706-f2009fc6801a,Rahmat Jourdan,1,2026-08-25T09:34:02.667Z,Autentikasi & Akun,Negatif,Negatif,0.9517,privasi akun tidak terjaga dengan baik
c935f531-cc37-4f93-a35a-a72e79010f43,Akame _,1,2026-08-25T09:33:51.993Z,Autentikasi & Akun; Layanan & Fitur Finansial,Negatif,Negatif,0.9791,"gak bisa login, padahal no rekeningnya benar, dan pin nya sudah benar"
ae3f4907-ebf5-4b75-84db-10fa9db6d02e,Ivan Fajar,1,2026-08-25T09:33:41.910Z,Lainnya,Negatif,Negatif,0.9966,tidak aman
7d1fa793-986f-4348-bb32-38fa1ef35bb2,Pad dua Pro,1,2026-08-25T09:33:16.227Z,Lainnya,Negatif,Negatif,0.986,tidak ramah
f29e6665-e54a-451f-a02f-d339ccbdab1d,Muhammad Satria,1,2026-08-25T09:32:12.458Z,Lainnya,Negatif,Negatif,0.9968,"kecewa berat, boikot aplikasi ini😒"
25e87d11-d20e-42ad-9cca-6da6bb784d51,Jumar Jumara,1,2026-08-25T09:31:38.930Z,Lainnya,Negatif,Negatif,1,buruk
25db973a-fd68-4a8b-814b-6a77711d9d97,Zetho Knight,1,2026-08-25T09:31:27.930Z,Lainnya,Negatif,Negatif,0.9979,BOIKOT
8ca470ee-d0d3-4f12-95e5-2af688e6ac75,p a,1,2026-08-25T09:31:24.913Z,Lainnya,Negatif,Negatif,0.9976,KACUNG APARAT PEMERINTAH
0048bfdf-f895-426d-aa81-62250afd2573,Bos Muda,1,2026-08-25T09:31:23.496Z,Lainnya,Negatif,Negatif,0.9738,jadi ragu sama bank ini🤔
d66ad6f7-148c-46fb-8420-7bf9e06f7611,dedy alfiansyah,1,2026-08-25T09:30:49.214Z,Lainnya,Negatif,Negatif,0.9344,sebentar lagi berpaling
90d63f80-02d8-4e0d-988d-a73453b74baf,Rimbun Marpaung,1,2026-08-25T09:30:47.850Z,Lainnya,Negatif,Negatif,0.9946,Ayo boikot mandiri... sampai hilang dr peredaran
a0ac429f-9ae0-47fc-ba82-20b1c2b742ce,Bees Sosmed,1,2026-08-25T09:30:40.234Z,Autentikasi & Akun; Layanan & Fitur Finansial,Negatif,Negatif,0.9999,"JANGAN BLOKIR REKENING ORANG, STOP DAN BOIKOT MANDIRI !!!"
3c48b140-4359-47ea-a67a-ca9cf4aea6fd,Aloy Ganteng,1,2026-08-25T09:30:34.921Z,Autentikasi & Akun; Layanan & Fitur Finansial,Negatif,Negatif,1,"kacau, knp rekening saya diblokir?"
f4912b2b-4cbf-4ea5-bd67-20cb6e199dbb,ubaid Zubair,1,2026-08-25T09:30:15.499Z,Lainnya,Negatif,Negatif,0.8863,cukup satu
d9e23aaf-cadc-4706-b139-4d7f6345d03b,Holigans,1,2026-08-25T09:29:38.715Z,Lainnya,Negatif,Negatif,0.9986,peler
b2c4539a-5eb3-40ef-be9b-dfce5f745fb0,ZEFANUS WARUWU,1,2026-08-25T09:29:28.184Z,Autentikasi & Akun; Layanan & Fitur Finansial,Negatif,Negatif,0.9591,"Informasi mengenai rekening milik Koordinator Aliansi Masyarakat Pati Bersatu (AMPB), Supriyono alias Botok itu tidak bisa pihak Bank Mandiri lakukan Pemblokiran atau penundaan tanpa dasar yang jelas dan juga tdk di konfirmasi sebelumnya pihak pemilik rekening. Ini sudah melanggar ketentuan hak sebagai pemilik rekening."
c2fe1f72-1bd3-41c4-b558-150ba7abdc82,Karimatul Hasanah,1,2026-08-25T09:28:42.546Z,Autentikasi & Akun,Negatif,Negatif,0.9992,tiba2 akunku diblokir 😡😡😡😡😡😨
e9a96617-9b8a-4a20-a958-eaae7f6f163c,yudi nurjaman,1,2026-08-25T09:28:35.781Z,Lainnya,Negatif,Negatif,0.9527,harus profesional donk
8caad7ef-e4cb-4a11-ad69-360e5e842a2a,Dirza Parizki,1,2026-08-25T09:28:17.604Z,Lainnya,Negatif,Negatif,0.9999,bank bobrok kocak
d4bba132-0675-42f1-97e5-4203673abdae,Suhandana Pahlawan,1,2026-08-25T09:27:32.436Z,Lainnya,Negatif,Negatif,0.9536,pokoke bintang satu
121e2049-0822-4445-9305-05cf08df4fc7,Diki Setiawan,1,2026-08-25T09:27:24.496Z,Lainnya,Negatif,Negatif,0.991,bad
52f34a95-089d-4231-b7b8-0cddc4b4f3c3,Adam Habibillah 03,1,2026-08-25T09:27:14.402Z,Lainnya,Negatif,Negatif,0.9662,privacy nasabah tidak terjaga
7fb84388-891f-44c1-aaaf-b0cd3ad7dd82,Faldo Cr,1,2026-08-25T09:27:07.290Z,Lainnya,Negatif,Negatif,0.994,"nyesal pake ini aplikasi uang saya tiba"" ilang"
f6afd008-ffbd-4c17-a9d0-b069272fce5a,Fikz Man,1,2026-08-25T09:26:57.831Z,Lainnya,Negatif,Negatif,0.9996,boikot mandiri
9980cf45-019e-4b58-9c6e-38fb2bb7b127,Rizki Aziz,1,2026-08-25T09:26:56.196Z,Lainnya,Negatif,Negatif,0.9273,WAWADUKAN LAH
44d28514-5b03-40c9-88c0-dea8b0559862,agung Prayogo,1,2026-08-25T09:26:34.559Z,Lainnya,Negatif,Negatif,1,👎
9055ec66-271e-4a56-b78f-4c0318353728,ARIS MUNANDAR,1,2026-08-25T09:26:03.654Z,Lainnya,Negatif,Negatif,0.98,Bank Boneka
8bdd4655-d97c-4545-81cd-797a13866ff5,aidil zuhrizal,1,2026-08-25T09:25:28.300Z,Lainnya,Negatif,Negatif,0.9318,bg mau tanyak yg korutur itu dibekukan...aneh kw ya bg ....
8be4be0e-9a8a-4809-9080-cebfc940719d,Adli susilo,1,2026-08-25T09:25:10.652Z,Lainnya,Negatif,Negatif,0.9976,bank yang di setir sama aparat asuh
2e01b9b6-ea56-4d16-9c24-a2e022959e36,ava lion,1,2026-08-25T09:25:05.389Z,Lainnya,Negatif,Negatif,0.9969,ga guna
3928b665-cf46-46a1-874f-15ac0baec6cd,Indah Vania,1,2026-08-25T09:24:59.989Z,Kinerja & Server,Negatif,Negatif,0.9892,lemot
888b7707-38bb-474a-9fe5-e64119fd6c14,hermansyah hermansyah,1,2026-08-25T09:24:56.270Z,Lainnya,Negatif,Negatif,0.9605,"tidak layak untuk di jadikan tempat penyimpanan duit,duit terus hilang,dan data nsbh di sebar luaskan"
07e8f58f-c63b-4758-b849-4445466a649c,chelseaaa seaaa,1,2026-08-25T09:24:55.762Z,Autentikasi & Akun,Negatif,Negatif,1,takut di blokir
36f2bae7-d387-4fae-aff6-319f643fcb68,Asih Bachtiar,1,2026-08-25T09:24:49.171Z,Lainnya,Negatif,Negatif,0.97,"bank yg hanya melayani penguasa bertitel, tidak bs melindungi hak dan kewajibannya"
e907bab2-4158-433c-a002-e857884b9d18,Sr Sibuea,1,2026-08-25T09:24:46.290Z,Lainnya,Negatif,Negatif,0.9997,boikot bank mandiri
1697da63-7b7c-424a-a4fc-f93cbed263fc,AL MIN,1,2026-08-25T09:24:21.106Z,Lainnya,Negatif,Negatif,0.9996,tdk mandiri
f3c002e0-30f3-4030-9400-ee7b6270c84a,fatkhur rozaq,1,2026-08-25T09:23:57.870Z,Autentikasi & Akun,Negatif,Negatif,0.9985,pemblokiran nasabah sepihak jadi takut pindah bank sebelah aja lah
6756817b-5a65-4cd5-b28b-e3bf242c57cb,Op D Arsya,1,2026-08-25T09:23:28.751Z,Lainnya,Negatif,Negatif,0.9273,jembot
a894bdef-affc-4683-bef2-334ed52418ae,Hasna Nurya,1,2026-08-25T09:23:27.736Z,Lainnya,Negatif,Negatif,0.8329,boikot bank mandiri yg meresahsahkan masyarakat Indonesia 🔥
6fff5526-9d37-4b28-a497-4d84fa54bc14,Fj Song,1,2026-08-25T09:23:25.334Z,Lainnya,Negatif,Negatif,0.9975,"mandiri di setir🤣🤣,, sejak kapan nurut coklat wkwkwk"
bbbfda58-0765-4466-a146-f2cdbe90653e,Komarudin Tsabit,1,2026-08-25T09:22:42.852Z,Lainnya,Negatif,Negatif,0.9378,banyak malingnya
c4e6c6c3-f0d6-4bfd-9576-a4e9b295aa6f,Khairil Anam,1,2026-08-25T09:21:56.620Z,Lainnya,Negatif,Negatif,0.969,rip mandiri halo BCA
28f5c678-07e2-4263-9253-ec0de927d751,Andika,1,2026-08-25T09:21:44.884Z,Autentikasi & Akun,Negatif,Negatif,0.9962,GA AMAN PINDAHKAN UANG KALIAN
342924b5-16d5-4d8f-8cfd-440f827f0b75,santi Riyan chanel,1,2026-08-25T09:21:34.401Z,Lainnya,Negatif,Negatif,1,burukkk
de82cf11-9ff4-426a-9f15-39fc38433207,Muhammad Syahril,1,2026-08-25T09:21:15.193Z,Autentikasi & Akun,Negatif,Negatif,0.9999,pemblokiran tidak masuk akal 👎
9f060ef6-bd13-436e-ba8d-8479b7b3c331,Alan Solehh,1,2026-08-25T09:21:05.154Z,Lainnya,Negatif,Negatif,1,👎
a4cc7d28-4f3e-4acc-89af-d8b4de4d654d,Meisya Dwi Morlina,1,2026-08-25T09:20:25.800Z,Layanan & Fitur Finansial,Negatif,Negatif,0.9758,2 kali coba buka rekening d tolak terus. ga d jelasin d bagian mananya yg salah. males banget
ef786c11-2270-438d-8ea2-4e673e09f0a4,Saipul Anwar,1,2026-08-25T09:20:22.478Z,Autentikasi & Akun; Layanan & Fitur Finansial,Negatif,Negatif,0.9993,Bank pemblokir rekening
2aa367a2-9ff6-43ff-9e45-88dd11cb2fd7,Khoir A.M,1,2026-08-25T09:19:56.376Z,Lainnya,Negatif,Negatif,0.9869,"kecewa bener pakai bank ini jangan coba"" pakai bank ini takutnya mala nyesel"
75d79fc8-9f99-4eaf-845b-0644889de004,Rifai KreditPintar,1,2026-08-25T09:19:32.950Z,Lainnya,Negatif,Negatif,0.9888,sangat mengecewakan nggak ada HANURA (Hati nurani Rakyat) nya
1a9a9be6-2698-412e-8b05-f1b9cdf8e364,Rama GR,1,2026-08-25T09:19:17.800Z,Autentikasi & Akun; Layanan & Fitur Finansial,Negatif,Negatif,0.996,"jujur saya ragu setelah munculnya berita pemblokiran rekening nasabah yang belakangan ini viral, bisa jadi kedepan nya akan terjadi juga terhadap saya atau orang sekitar saya, karna itu akan sangat merugikan nasabah ketika nasabah berada diposisi urgent. sungguh sangat di sayangkan."
8afbcecb-69bb-4a56-9be8-a7f3c7943a85,Lilis Rosita,1,2026-08-25T09:18:23.990Z,Kinerja & Server,Negatif,Negatif,0.9977,jelek responya lambat
8744abcf-88fd-4f48-b4d9-be4dd3aa4435,Irfanklll,1,2026-08-25T09:18:22.400Z,Lainnya,Negatif,Negatif,0.8822,awal kehancuran bank mandiri selamat ya🔥
2eb2438a-5ef9-45bc-83ec-80074e50aaa9,Muhammad Ridho,1,2026-08-25T09:17:37.628Z,Lainnya,Negatif,Negatif,0.9905,takut di blockir
6b7a2ef1-e5d9-4736-862b-2512bb9d208f,Billy Moerdani,1,2026-08-25T09:17:17.472Z,Autentikasi & Akun,Negatif,Negatif,0.9962,"pemblokir nasabah aktivis, ini bank gak patut di titipkan uang."
a669261b-d7ad-401c-8f38-9cd6c79b19e9,Defita putrisalsabila,1,2026-08-25T09:17:13.499Z,Lainnya,Negatif,Negatif,0.9991,ga bisa di percaya tukang tipu
6eee9445-4a23-4a73-8f38-8d85e50745cc,JOHANNES Sembiring,1,2026-08-25T09:17:08.354Z,Lainnya,Negatif,Negatif,0.9899,penipuan
c736169f-10a1-47f2-bf5c-287bf8907c2a,Andhy Prasetyo,1,2026-08-25T09:15:02.580Z,Lainnya,Negatif,Negatif,0.9999,tololllll
b0f6af81-cec5-43a6-a46e-f02c131a614a,Muhamad Alif Habibi,1,2026-08-25T09:15:00.512Z,Lainnya,Negatif,Negatif,1,jelek
13dfa7b3-2387-418f-b6fa-2d1abb8d9dd6,Eva Fatimah,1,2026-08-25T09:14:59.440Z,Autentikasi & Akun,Negatif,Negatif,0.9999,pemblokiran nasabah aktivis!
e7b3f748-a330-46de-8ef1-801d6bd40267,Ahmad urvafi,1,2026-08-25T09:14:58.959Z,Autentikasi & Akun,Negatif,Negatif,0.9969,Nasabah bisa kapan aja diblokir
cc992fad-5256-49ee-9da5-b485da35cc82,Sigit Rinaldy,1,2026-08-25T09:14:51.877Z,Lainnya,Negatif,Negatif,1,buruk
452fcf94-b5c3-40be-9b56-ac2078fb86a4,Zion Vengeance,1,2026-08-25T09:14:51.433Z,Autentikasi & Akun,Negatif,Negatif,1,"blokir tiba"""
77371eba-0cb8-496d-93f4-3823b26dc778,Emilbandot 34,1,2026-08-25T09:14:13.700Z,Autentikasi & Akun,Negatif,Negatif,0.9993,males ahh ntar kena blokir
f914f310-c914-4f8d-bacb-3226e99e78fe,Rafly Ramadhan,1,2026-08-25T09:13:58.296Z,Autentikasi & Akun; Layanan & Fitur Finansial,Negatif,Negatif,0.9998,rekening orang ko asal blokir
cbdb466e-6a49-4774-a0c7-98b8857955ca,Farhan Pranata (Hito),1,2026-08-25T09:13:42.319Z,Autentikasi & Akun,Negatif,Negatif,1,jelek bgt suka blokir saldo orang secara sepihak
4addfb40-cc46-4bc2-a05b-097fbfb9808e,Limasokhi Laia,1,2026-08-25T09:13:30.234Z,Lainnya,Negatif,Negatif,0.9412,meragukan
da6f5782-a725-4fd7-bdfb-7b2a4672ce92,Usman Unity,1,2026-08-25T09:13:10.803Z,Lainnya,Negatif,Negatif,0.9964,nabung sudah tidak aman
7ebb7e3c-4af1-48a4-b295-ac3170f1c7a1,Apriantoro Sudiro,1,2026-08-25T09:13:07.774Z,Autentikasi & Akun; Layanan & Fitur Finansial,Negatif,Negatif,0.9993,"atas keinginan kepolisian yang janggal, asal blokir rekening, ga percaya lagi sama mandiri"
87654c31-93e9-4707-a717-e4f5017b221e,Ahmad-Isnaini Memberofemak,1,2026-08-25T09:12:52.656Z,Autentikasi & Akun,Negatif,Negatif,0.9989,"GUE KASIH BINTANG 🌟 , HATI² YANG ADA SALDO DI MANDIRI MENDINGAN TARIK SEMUA , DARI PADA DI BLOKIR TIBA² DUIT KITA ANGUS 🙏, MANDIRI VIRAL BOBROK."
e8633f88-0897-438b-a2cc-089990c57900,Arif Hidayat,1,2026-08-25T09:12:23.362Z,Autentikasi & Akun,Negatif,Negatif,0.9912,"bank gajelas kocak ,terkait pemblokiran itu sepihak ga mikir pihak lain nya ,gimana mau adil"
8c5cf579-5a99-4faf-882e-ece8a3e8c114,Miko Anggara,1,2026-08-25T09:12:01.303Z,Lainnya,Negatif,Negatif,0.9852,bank peliharaan aparat😹
38c4db97-8f28-4df7-8ba7-ed02a9fb2e03,Adam Nusa86,1,2026-08-25T09:11:40.866Z,Autentikasi & Akun; Transaksi & Pembayaran; Layanan & Fitur Finansial,Negatif,Negatif,0.999,sangat kecewa. aku uniinstal dan pindah semua dana ke bca karna salah satu aktivis tanpa ada pap apa rekeningnya di blokir.
b4ce7a03-3900-45cb-a858-2fe6460f63f3,R. Ptn,1,2026-08-25T09:11:30.680Z,Autentikasi & Akun,Negatif,Negatif,0.9965,bahaya nyimpan uang disini nanti diblokir
58953580-0d4d-4102-b2b4-2a267d680d3b,muhammad rizvaldy Baldan,1,2026-08-25T09:10:26.853Z,Lainnya,Negatif,Negatif,0.9986,kacung pemerintah
057bb3cf-b764-4747-a0ca-6cf5e41a1721,Richard Sura,1,2026-08-25T09:09:43.506Z,Lainnya,Negatif,Negatif,0.9918,"diatur, kalau selidiki penipu harus ada surat ini itu"
6959b44f-9efb-4ae4-8e1e-c16d1f5a357c,Herman lius,1,2026-08-25T09:09:37.341Z,Autentikasi & Akun,Negatif,Negatif,1,"kecewa memang sama mandiri,masak main blokir-blokir aja akun orang"
36517e39-0114-4c75-9cbd-3331fa67d681,Iswan temmong077 temmong077,1,2026-08-25T09:09:04.891Z,Autentikasi & Akun; Layanan & Fitur Finansial,Negatif,Negatif,1,rekening aktivis di blokir?
95b9e3e8-f30b-455f-95af-edacb5219b05,Juan oktadana.s,1,2026-08-25T09:08:56.379Z,Autentikasi & Akun; Layanan & Fitur Finansial,Negatif,Negatif,1,blokir rekening gw dong 😂
779d3643-0633-49f3-ba06-fc5ce0b38429,Ilham,1,2026-08-25T09:08:46.183Z,Lainnya,Negatif,Negatif,0.9273,aplikasi gbl**
a416dc2e-4ff0-4eab-ac41-5e4c06ed46fe,alfinsa gank,1,2026-08-25T09:08:19.931Z,Autentikasi & Akun,Negatif,Negatif,0.9966,Bank kok seneng blokir
010902ea-56f0-438d-8909-d5957932d425,Ipung Taryana,1,2026-08-25T09:07:39.812Z,Lainnya,Negatif,Negatif,0.9976,jelek ga kaya brimo
fd892f61-6c92-4101-bfca-44de8f0ab258,Fikri Fauzan,1,2026-08-25T09:07:19.605Z,Autentikasi & Akun,Negatif,Negatif,0.8878,takoott dblokirr 🥴
5af976dc-9ae2-4a47-9f99-1c50f445ba6a,deni Purnama,1,2026-08-25T09:06:54.190Z,Lainnya,Negatif,Negatif,0.991,bad
bd916afd-7968-4d97-a558-7d36d6dd288e,Alfian Onepiece,1,2026-08-25T09:06:45.584Z,Autentikasi & Akun,Negatif,Negatif,0.9828,"ngeri pake bank mandiri sekarang, tiba"" saldo dblokir sepihak, pening kepala. ati"" bwt yg laen"
767e9f7b-e9bc-4a7f-a58d-28c2cab428fc,Abang Gaming,1,2026-08-25T09:06:03.805Z,Lainnya,Negatif,Negatif,0.96,sulit
78e75b06-092e-4904-94d4-35fcf79707c0,Wisnu Brata,1,2026-08-25T09:05:45.229Z,Layanan & Fitur Finansial,Negatif,Negatif,0.9611,"harusnya perbankan juga bisa mandiri...jangan mau ditekan sama aparat...tau sendiri jaman sekarang mudah viral, aku juga jadi cemas rekening pribadi....gas guys"
6b1e57f2-3e1d-4b94-b916-3e35a22a797d,Bastian Kurniawan,1,2026-08-25T09:05:18.523Z,Lainnya,Negatif,Negatif,0.9945,"Bank mandiri , Mandiri yang gimana ?"
6964dc96-6e5b-4d43-b090-305ab3ee0c0d,dhicow Tan,1,2026-08-25T09:05:02.340Z,Autentikasi & Akun,Negatif,Negatif,0.9948,"bank yang tidak dapat terpercaya, memblokir akun nasabah secara sepihak!!"
4eb15b61-d155-40d4-8a5c-1f5cb1ff29ce,Iyan Kryy13,1,2026-08-25T09:03:46.232Z,Lainnya,Negatif,Negatif,0.9967,hati hati diblok 80jt
00143e0b-f16c-4b65-a309-a79deee18066,Alpian Ripai,1,2026-08-25T09:03:46.165Z,Lainnya,Negatif,Negatif,0.9973,"bank macem apa bisa di kendalikan oleh pemerintah,wkwk"
f0d5f89e-79ce-443b-b139-d7b4103f084b,Ahmad Riyanto,1,2026-08-25T09:03:42.275Z,Autentikasi & Akun; Layanan & Fitur Finansial,Negatif,Negatif,1,tukang blokir rekening nasabah wkwk
07f0eafa-95ec-4ff8-bbe6-197587ae028e,Merdiansyah Merdiansyah,1,2026-08-25T09:03:40.100Z,Lainnya,Negatif,Negatif,0.9986,bank koruptor
ec641613-3be1-42da-a351-8206f152e2d8,Anak Lanang jawa,1,2026-08-25T09:03:27.126Z,Autentikasi & Akun; Layanan & Fitur Finansial,Negatif,Negatif,0.9997,"takut di blokir rekening nya , Alhamdulillah dah gua pindahin ke BCA"
78691179-494e-4216-8598-fccbb8bcda2a,A brix,1,2026-08-25T09:03:03.871Z,Layanan & Fitur Finansial,Negatif,Negatif,0.9687,bintang 1 ajalah... malas! udh gw non aktifin no rek gw
b135ea22-ebc6-46f5-97ea-f92578d53b9d,Arvinda Raja,1,2026-08-25T09:02:48.346Z,Lainnya,Negatif,Negatif,0.9916,tidak bisa dipakai
440f5cd2-ba97-4a5a-a65f-d5026075acd7,Aji Bagus Ahlul Fikri,1,2026-08-25T09:02:19.110Z,Lainnya,Negatif,Negatif,0.9965,sangat mengecewakan
1afcd70c-0fa9-4606-a063-642af0b63dbb,DORI BUMA PUTRA,1,2026-08-25T09:02:13.944Z,Lainnya,Negatif,Negatif,0.9922,mandiri kamu begitu blunder 😔
7fe9d62c-39ca-49ef-9662-d5be3f79aac0,Bayu Mulia,1,2026-08-25T09:02:07.461Z,Lainnya,Negatif,Negatif,0.9979,bank kocak bisa di setir²
86d6fe9f-8e63-4083-b4d5-5495a57e3d85,Doni Mustapa,1,2026-08-25T09:01:59.540Z,Autentikasi & Akun,Negatif,Negatif,0.9995,pemblokiran akun gak jelas
2c782f50-dd5b-4ae0-8e70-ea13bfc9cf20,Afifudin Muhammad,1,2026-08-25T09:01:13.699Z,Lainnya,Negatif,Negatif,0.9947,ribet min
78fb7deb-3f10-4060-a1d6-e0efbc24ff13,Raginang Garing,1,2026-08-25T09:01:04.417Z,Lainnya,Negatif,Negatif,0.9965,mengecewakan
1e418d1d-4d2a-4de0-b043-a0c7cd281302,Herlina Ina,1,2026-08-25T08:59:32.823Z,Autentikasi & Akun; Kinerja & Server,Negatif,Negatif,0.9915,mengecewakan sering gagal scan dan lemot.
753159de-79dc-4ae5-9608-c6ec53440f2e,Roy Permana,1,2026-08-25T08:59:29.833Z,Autentikasi & Akun,Negatif,Negatif,1,tukang blokir nasabah
0d0631b8-e780-4d97-881c-04d4bb89d2eb,Drew Galloway,1,2026-08-25T08:59:12.266Z,Lainnya,Negatif,Negatif,1,buruk
e7b60420-e2bc-492e-be24-27c3beda3f0c,Falwazz,1,2026-08-25T08:58:59.586Z,Lainnya,Negatif,Positif,0.8565,Keren
d8f9088b-edb2-4885-8362-48bdbe8a3d1d,muhtar_YT,1,2026-08-25T08:58:07.922Z,Lainnya,Negatif,Negatif,0.9997,boikot bank mandiri!!!
4535b533-87e0-4f49-8eda-81b9c6f79804,Amzal Toding,1,2026-08-25T08:57:53.348Z,Lainnya,Negatif,Negatif,0.9966,tidak aman
c4a0d6a0-6deb-4a0c-8e0c-44b0fb055481,Zahara sari,1,2026-08-25T08:57:53.309Z,Lainnya,Negatif,Negatif,0.972,"namanya mandiri tapi di tunggangi, dan terima saja konsekuensinya"
21b78d33-28fa-4b77-bced-d81fc9e1103e,Valerio Tinangonn,1,2026-08-25T08:57:24.507Z,Autentikasi & Akun,Negatif,Negatif,0.9973,parah banget uang ku terblokir
5860ce66-8138-490a-a9f6-924c86e0849e,Ican Bocy,1,2026-08-25T08:56:29.665Z,Lainnya,Negatif,Negatif,0.9787,"maap udah aku uninstall salah pilih lawan kalian tanpa uang rakyat gbs besar nama nama bank kalian ,,, jaga privasi nasabah aj becus ,,, aparat negara aja ajak jadi nasabah kalian😉"
45049794-823d-4594-8b0d-5cd62ec8e840,Rendi Sadewa,1,2026-08-25T08:56:00.154Z,Lainnya,Negatif,Negatif,0.988,aplikasi kaga jelas pencurian data
3f9659dc-df3c-453c-b174-c108d21c3fb2,Agus Akbaria Januwardana,1,2026-08-25T08:55:53.688Z,Kinerja & Server,Negatif,Negatif,0.9955,"aplikasi gak guna,.lemot, sering gagal transaksi"
63ca4a97-5fd5-42a9-a7b5-2d88f987fa30,Nur Adimas,1,2026-08-25T08:55:04.970Z,Lainnya,Negatif,Negatif,0.9924,mandiri tapi di setirin
c0e77215-128e-4982-a501-2f55908165b6,Shabiell,1,2026-08-25T08:54:46.187Z,Lainnya,Negatif,Negatif,0.9979,boikot
04fd38d6-623b-499a-ae23-733cb4439e9a,Aris Tukuhape,1,2026-08-25T08:54:36.500Z,Autentikasi & Akun,Negatif,Negatif,0.9997,takut diblokir ah....parah
7134d590-c396-400a-bc33-cc01719d323d,miil 008,1,2026-08-25T08:54:07.895Z,Layanan & Fitur Finansial,Negatif,Negatif,0.9999,apk nya jelek dan suka bekukan rek orang
ffecd9bc-cc28-4226-b47b-0c76e6af5584,Fitri naura salman,1,2026-08-25T08:54:03.475Z,Lainnya,Negatif,Negatif,0.9987,tidak amanah
470b7362-b5a9-438b-a3ac-dd5fef42406e,Porshe Yohanes,1,2026-08-25T08:54:01.449Z,Autentikasi & Akun,Negatif,Negatif,0.9992,Suara rakyat di blokir 🤣🤣 maaf kita sdh tidak MANDIRI lagi
7d7bfa0d-016b-4a28-97dd-068dabd7e951,andri Apiantara,1,2026-08-25T08:53:20.995Z,Lainnya,Negatif,Negatif,1,👎
e1862f51-7b85-48e1-987e-2665704792ac,Dwi Anggara,1,2026-08-25T08:53:07.189Z,Lainnya,Negatif,Negatif,1,jelek banget
e04eb868-784a-44ea-9ba5-b5e96456c4fa,Gaya Hidup,1,2026-08-25T08:52:45.947Z,Lainnya,Negatif,Negatif,0.9911,No respect
3ced667a-7c75-47eb-b477-d0d827cbd50a,selalu review,1,2026-08-25T08:52:21.863Z,Lainnya,Negatif,Negatif,0.942,ya gitulah...
4fd8f230-b696-48f6-a8d9-14d8cfe2353f,ANGGA DWI PRASETIO,1,2026-08-25T08:52:18.913Z,Autentikasi & Akun,Negatif,Negatif,0.9999,Pemblokir nasabah aktivis !!!
45ef95a9-49a0-4b33-8338-f2f3d5efc961,Suryana Suryana,1,2026-08-25T08:51:23.540Z,Autentikasi & Akun,Negatif,Negatif,0.9998,"Gak aman nih bang, bisa blokir sepihak"
18782dc4-789d-4b02-af5c-717a0776e925,Broding 18,1,2026-08-25T08:51:15.392Z,Lainnya,Negatif,Negatif,1,jelek
a72c44bf-2d30-4e85-aa00-ca80d1c49c4b,Ade Suroh Nurlatifah,1,2026-08-25T08:51:10.807Z,Lainnya,Negatif,Negatif,0.996,KECEWA BERAT ‼️ AUTO OUT JADI NASABAHNYA
10d283ab-7621-4a6d-9daf-7041024030a2,Kazami Yuuji,1,2026-08-25T08:50:47.751Z,Lainnya,Negatif,Negatif,0.9283,apalah diatur bah malaz kali pke
a6f0ab1c-e228-41d0-90e0-9291b50e2f83,mario aditya,1,2026-08-25T08:50:35.707Z,Autentikasi & Akun,Negatif,Negatif,0.9568,"jangan install aplikasi ini, rawan pemblokiran. sungguh menyebalkann !!!"
0c641692-3634-4774-baa8-3537b294b782,Sri Wigati,1,2026-08-25T08:50:33.779Z,Lainnya,Negatif,Negatif,0.9952,"semua uang yg di bank mandiri kutarik karna takut tiba"" ditarik sama aparat awww"
659fdd38-b1c4-4558-bce4-0b4ec46a8a6d,Galih Ardian,1,2026-08-25T08:50:18.280Z,Transaksi & Pembayaran,Negatif,Negatif,1,bank BUMN seenak jidat membekukan dana nasabah 👎👎👎
742b1525-650e-4126-8e2f-f3cda816fa80,yudo 46,1,2026-08-25T08:49:48.730Z,Autentikasi & Akun,Negatif,Negatif,0.9728,kenapa yaa kalau pindahin saldo lewat Livin GK bisa banget di ambil semua buat makan kah ? kayaa aneh aja gitu GK kaya bank bank lain
8540f3ff-3aaf-45b8-ac56-921bdb98d397,Khairul Amri,1,2026-08-25T08:49:43.478Z,Layanan & Fitur Finansial,Negatif,Negatif,0.9916,"sueeek...aplikasi apaan ni???mau lihat saldo dan no rek aja susah amat ,,di bank lain walaupun rekening dormaint Tetap bisa lihat no rek dan minus saldonya di apk mobile bannking nya., lah Disni malah gak bisa... apk sampah ...uninstal aja deh ,dan gak usah di pakek lagi rekening mndiri nya."
25bc26c7-e0c3-4d89-be7d-fbe3b0422dd7,Recovery Id,1,2026-08-25T08:49:30.744Z,Autentikasi & Akun,Negatif,Negatif,0.9668,Kemarin mau kepikiran daftar di mandiri tapi setelah liat kejadian kemarin jadi mikir ulang deh.
5290c716-9fb9-42e2-b3df-cf7426acd981,tv Omah,1,2026-08-25T08:49:09.923Z,Lainnya,Negatif,Negatif,0.9462,"katanya mandiri tapi kok disetirr,"
41bdec33-3896-4e06-b6c2-4664f9931f40,Teknologi Shopp,1,2026-08-25T08:49:08.890Z,Lainnya,Negatif,Negatif,0.9118,"putus aja dah, dari pada nanti saldo ti potong tiba tiba. lebih tu dum sama penguasa di banding nasabah😂😂"
ba278b5a-fc2f-46b2-8b60-fba33d456f66,Romy Danuarta,1,2026-08-25T08:48:52.955Z,Lainnya,Negatif,Negatif,0.9645,biokot mandiri
3a083fb4-789d-4f3e-a617-336bbb392924,Adhiasta Yoga Pratama,1,2026-08-25T08:48:52.230Z,Autentikasi & Akun,Negatif,Negatif,0.9914,nabung tempat lain aja ntar diblokir duit gajian lu pada
0b0e869a-b1aa-4b41-b478-6d22eb21949d,Idanho Ramdani,5,2026-08-25T08:48:42.610Z,Lainnya,Positif,Positif,0.9764,sangat membantu banget untuk bertransaksi
ef9ead17-e315-48f9-8cd8-603b0d36c6e2,Ainur Rohman,1,2026-08-25T08:48:26.136Z,Autentikasi & Akun; Layanan & Fitur Finansial,Negatif,Negatif,1,"suka asal blokir rekening, hati hati"
b2c34a61-f3c3-4822-9659-4272521da68f,syafei imam,1,2026-08-25T08:48:09.221Z,Autentikasi & Akun,Negatif,Negatif,0.9901,"Pikir beribu kali untk menyimpan uang di bank ini,, uang pribadi pun dgn gampangnya diblokir ini bank!!!"
f13641f2-51a5-4a24-8cd3-74fcb3404aa3,Oct Andrian,1,2026-08-25T08:47:04.815Z,Layanan & Fitur Finansial,Negatif,Negatif,0.9869,"saya takut, bank ini tidak independen bisa saja melakukan intervensi dengan tabungan saya. buktinya sudah ada di berita. yup maaf saya harus tarik."
2dca87d1-5c66-48df-829e-4595ab17952f,Shidiq Muhammad,1,2026-08-25T08:46:48.160Z,Autentikasi & Akun; Layanan & Fitur Finansial,Negatif,Negatif,0.9315,"Padahal gua baru mau buka tabungan bank mandiri, karena 1 keluarga besar gua penggunaa bank mandiri tp karena ulah lu, akhir gua batalin niat gua utk buka tabungan bank mandiri, dn 1 keluarga gua pindah bank, ke bank BCA makasih udh pernah nemenin keluarga gua bertahun2 tp krn ulah lu, gua kecewa banget"
038795a5-7547-479d-9cea-60a9d04ff091,David Hermawan,1,2026-08-25T08:46:37.261Z,Autentikasi & Akun,Negatif,Negatif,0.8949,mau login ga bisa kartu hilang login harus menggunakan kartu trus
a3142cb9-05aa-4055-a4d1-754660857c8c,Ole Rafli,1,2026-08-25T08:45:59.655Z,Autentikasi & Akun,Negatif,Negatif,0.9999,TAKUT TIBA TIBA DI BLOKIR AH KAYA SIAPA YA
a5c167d1-6d2e-42df-b33b-0e4750241bfd,bieee_ee,1,2026-08-25T08:45:48.219Z,Lainnya,Negatif,Negatif,0.9898,bye byee mandiri...
dc1fee2e-c902-483b-bb79-e63139c6930c,Wahyu Nugroho,1,2026-08-25T08:45:17.927Z,Autentikasi & Akun,Negatif,Negatif,0.9924,"tanpa ada masalah apa², tiba2 akun diblokir"
f6026dd9-0c20-4cdb-9715-2ec97873ec4f,Bagja,1,2026-08-25T08:45:04.900Z,Autentikasi & Akun,Negatif,Negatif,0.9874,"babay livin setelah sekian lama kita bersama, akhirnya lu nunjukin keaslianmu, saldo rakyat lu blokir seenak jidat, makan tu kebangkrutan lu"
d9072265-6379-402b-814e-7a2a944e157e,Malik Azis,1,2026-08-25T08:44:53.750Z,Lainnya,Negatif,Negatif,0.99,Saya mulai khawatir sama Bank Mandiri.
dc1ec019-75a4-47f2-a0ed-7177e5be1c2f,Arshan Akbar,1,2026-08-25T08:44:34.630Z,Lainnya,Negatif,Negatif,0.9847,menyesal
0076ba8c-d0bc-4008-a917-c68c76396123,Harry Sulthanu,1,2026-08-25T08:44:21.925Z,Autentikasi & Akun,Negatif,Negatif,0.9999,hati2 nanti saldo kalian di blokir pake bank ini
9ed3d1a2-059e-48e3-8aff-02bcd5b7bf8a,Camila Cabelle,1,2026-08-25T08:44:11.605Z,Autentikasi & Akun; Layanan & Fitur Finansial,Negatif,Negatif,0.999,Boikot mandiri mari beralih ke bank lain sebelum rekening tiba tiba kena blokir karena bukan karena transaksi judol atau kriminal.
374cc3c8-fec2-4889-a5c6-9d92d2f0b75f,Umar Hamdan,1,2026-08-25T08:43:54.624Z,Autentikasi & Akun; Kinerja & Server; Layanan & Fitur Finansial,Negatif,Negatif,0.9997,aplikasi eror tiba tiba rekening di blokir
847c03b9-8d41-486c-9ce0-74c9a54d5b5f,wisnu Han putra,1,2026-08-25T08:43:43.977Z,Autentikasi & Akun,Negatif,Negatif,0.9952,"pemblokiran yang tidak jelas dan sepihak,ngk aman pakai mandiri"
86a1a37d-427f-4000-a6e3-e68f6b182e7a,Cahyo Indah,1,2026-08-25T08:43:40.257Z,Autentikasi & Akun,Negatif,Negatif,0.9994,BOIKOT MANDIRI PINDAH KE BANK LAIN YG LEBIH BISA DI PERCAYA #BOIKOTMANDIRI
3bf2edeb-ba17-441d-979f-5aeb4a43332b,Naufal Hilmi Mubarok,1,2026-08-25T08:43:23.809Z,Lainnya,Negatif,Negatif,1,jelek
68070951-4be8-4da8-9608-6697bf27c21c,Putra Anggi,1,2026-08-25T08:43:10.321Z,Lainnya,Negatif,Negatif,0.9996,boikot mandiri
1d635b15-0eb1-4330-b87b-6df6fda1fb83,Marketing Castle,1,2026-08-25T08:43:10.650Z,Autentikasi & Akun,Negatif,Negatif,0.9917,apk yang se enaknya memblokir nasabah
e5d8fdca-0c09-42c7-b0eb-b8c25f3fd835,Suci Ramadhaniati,1,2026-08-25T08:43:09.881Z,Lainnya,Negatif,Negatif,0.9966,Tidak aman!
53a980f4-d1cf-45d3-ac04-772d7942d829,Kei Ima,1,2026-08-25T08:43:06.954Z,Autentikasi & Akun; Layanan & Fitur Finansial,Negatif,Negatif,0.9993,"sembarangan blokir rekening nasabah tanpa sebab atas permintaan aparat, ini sangat tidak adil. menyesal kan ketika menyadari bank mandiri sangat mudah di intervensi aparat yang tidak tau hukum."
4cc3db4b-d7df-4e83-b96d-248b6c5b8b1c,democrazyVLG,1,2026-08-25T08:42:58.426Z,Autentikasi & Akun; Layanan & Fitur Finansial,Negatif,Negatif,0.9569,"Reputasi yg Bank ini bangun sekian lama terancam habis karena blunder tindakan pemblokiran rekening tanpa dibuktikan terlebih dahulu. Apapun itu, menurutku Bank salah prosedur. Yang bisa memerintahkan pemblokiran adalah OJK dan Penyidik atas ijin pengadilan. Tentunya atas dasar tindak kejahatan."
10abec04-ec5f-49b9-9834-e52b1349fa45,andrey Setiawan,1,2026-08-25T08:42:44.402Z,Lainnya,Negatif,Negatif,0.9997,bank yang nggak mandiri
97981aa3-a35f-47b3-a406-e57780d718cc,Muhammad Hafiz Alfarizi,1,2026-08-25T08:42:38.249Z,Lainnya,Negatif,Negatif,0.9756,siap perintah
9bb34fdc-7feb-490f-b6bf-e4eeafef46ca,Apriyadi Devanka21,1,2026-08-25T08:41:52.306Z,Lainnya,Negatif,Negatif,0.9098,mampus saham nya anjlok grgr tingkah karyawan karyawan nya
c329ac37-a4f4-4e9e-882b-a01ea0d21fa4,Rangga Prasetyo,1,2026-08-25T08:41:48.648Z,Lainnya,Negatif,Negatif,0.9895,udah stop pakai mandiri
08c11977-3d49-4d36-93a0-3a3710a4233f,Bonk Sejati,1,2026-08-25T08:41:29.915Z,Lainnya,Negatif,Negatif,0.9745,tempat paling aman naruh uang hasil. koruptor
246b4b5c-c716-46fe-a806-e833068c0641,Dudu Dede,1,2026-08-25T08:41:27.186Z,Lainnya,Negatif,Negatif,0.9943,Bank Seenak jidaaaaat
6e99722b-09d6-4f91-9254-670bc00ca367,Dafa Boys,1,2026-08-25T08:41:00.640Z,Lainnya,Negatif,Negatif,0.9273,apk distirr
32cabe36-8050-42c2-a386-06f0d3db2650,Yalfas tinggar_058,1,2026-08-25T08:40:24.117Z,Lainnya,Negatif,Negatif,0.9993,busuk
22f82933-8136-44c4-9021-23b4f63a0bfe,Fajar Pujarama,1,2026-08-25T08:40:12.445Z,Lainnya,Negatif,Negatif,0.989,izin uninstal
80bb139e-6a00-493a-a861-1dcf75cd8bd1,Dimdim Ikhsan Mulya,1,2026-08-25T08:39:55.663Z,Autentikasi & Akun,Negatif,Negatif,0.9984,hati2 nanti saldo terblokir sendiri
a72e47d4-a66e-444a-bfd2-8dc9dce19232,Cheilya Marsyah,1,2026-08-25T08:38:40.244Z,Lainnya,Negatif,Negatif,0.9952,pejilat.... kecewa dengan mandiri
4999078f-a166-4a0c-9171-9000cad4f77a,Marselino Riff,1,2026-08-25T08:37:55.127Z,Autentikasi & Akun; Layanan & Fitur Finansial,Negatif,Negatif,0.9997,tolong jangan blokir rekening nasabah sesuka hati🙏
5f7cdd41-007a-45a6-8d8e-6d4a888b04eb,Abdul Muhsin,1,2026-08-25T08:36:45.941Z,Lainnya,Negatif,Negatif,1,buruk
b6cc108e-1aa7-495a-9071-b2445f42c088,Noer Hasan,1,2026-08-25T08:36:33.480Z,Lainnya,Negatif,Negatif,1,buruk
fd4ca174-0e40-406d-ae85-c8be6dabc76e,Comedy VIBE,1,2026-08-25T08:35:45.147Z,Lainnya,Negatif,Negatif,0.9273,RIPUH
36a030b5-c7d6-47c9-af8f-ce40fbd883b3,Masytur Chamami,1,2026-08-25T08:35:18.895Z,Lainnya,Negatif,Negatif,0.9449,cuk
8c96065b-85c3-4062-9b8a-a68b84c4fc84,Rusbi Ali,1,2026-08-25T08:34:37.477Z,Lainnya,Negatif,Negatif,0.9895,"tidak bisa tarik uang, saldo ditahan sepihak"
ebce9b21-9d0b-46c0-85d5-f0f2d97c773e,ForG,1,2026-08-25T08:34:21.584Z,Lainnya,Negatif,Negatif,0.9966,sudah tidak aman
cbf55d21-9a03-4d4e-9a3c-8a5085494bdc,cristian agung,1,2026-08-25T08:34:13.780Z,Autentikasi & Akun,Negatif,Negatif,1,bisa bisanya blokir sepihak
c2df864e-7d73-4977-8262-1a5974c84fa8,gedonkz d,1,2026-08-25T08:33:47.459Z,Lainnya,Negatif,Negatif,0.9999,kacau. gajelas
eab490aa-8ee4-44d0-bee2-426e53f8ca1e,adung tasik,1,2026-08-25T08:33:47.117Z,Autentikasi & Akun,Negatif,Negatif,0.9999,"mandiri parah, sembarangan blokir saldo nasabah"
a293bf69-e0dd-4de7-80b8-cb7d8b56483e,Sugeng Sulistiyawan,1,2026-08-25T08:30:58.732Z,Lainnya,Negatif,Negatif,0.9555,waswas tiba-tiba gak bisa diakses
3c67920f-716b-4680-b2e0-073eccf9bdbc,akbar maulana,1,2026-08-25T08:30:47.689Z,Lainnya,Negatif,Negatif,1,"bank kocak, namanya mandiri tapi bisa di setir aparat. mandiri yang tak pernah mandiri"
9fc3b7f6-9214-4d28-92eb-a0ce2063cc0d,Andika Mahesa,1,2026-08-25T08:30:06.181Z,Autentikasi & Akun,Negatif,Negatif,0.9972,blokir mantan aku kak 😂
27295edd-496f-42ea-81f1-eaad00c55307,Khairul Ikhwan,1,2026-08-25T08:29:48.666Z,Lainnya,Negatif,Negatif,0.9997,BOIKOT BANK MANDIRI!!!!
8a41124f-b390-4f97-9498-fd8efc41d256,Nadhifa Amran,1,2026-08-25T08:28:37.251Z,Lainnya,Negatif,Negatif,0.9909,not rekomendasi
3c118798-6f10-4f1f-aa90-11ff43a20905,8. Ikbal Mandala saputra,1,2026-08-25T08:28:10.868Z,Lainnya,Negatif,Negatif,0.9273,huuuuuuu
815b762b-165c-43ae-ace3-d695fe31dde2,Khelvin Kusen,1,2026-08-25T08:28:05.980Z,Autentikasi & Akun,Negatif,Negatif,0.9999,pemblokiran nasabah aktivis!
2e12380d-3b42-44bc-bc37-3e0c726f2b4e,Muhamad Sahrul gunawan,1,2026-08-25T08:27:50.261Z,Autentikasi & Akun,Negatif,Negatif,0.9999,Pemblokiran nasabah aktivis..!!
c4cab608-c6ac-4766-b6d6-df372f8e05f8,rahmat bagus,1,2026-08-25T08:27:39.376Z,Autentikasi & Akun; Layanan & Fitur Finansial,Negatif,Negatif,0.9998,"takut kena blokir, pindah rekening ajalah hahaha"
408c1196-49c2-4a0f-8ac4-1ea5174e0ec6,andri bongol,1,2026-08-25T08:27:23.395Z,Lainnya,Negatif,Negatif,1,jelek
88fd8b6d-3443-45fc-bed8-4f80db97dceb,Benz Ahmad,1,2026-08-25T08:27:17.130Z,Lainnya,Negatif,Negatif,0.9554,"bank yang gak membala rakyat,pantas dibokiot"
29843645-04de-49a2-b450-6c9c7911e1ee,budi imagro,1,2026-08-25T08:27:07.899Z,Lainnya,Negatif,Negatif,0.9946,kecewa atas pelayanannya
42683bed-e359-4cbe-8191-57dfe84d20ef,Cang OzY,1,2026-08-25T08:27:01.468Z,Lainnya,Negatif,Negatif,0.92,Jaga Amanah
5bd5e9db-b2ec-4640-bcc2-7e4c0bebd795,Pratama Ryan Diwantara,1,2026-08-25T08:26:45.984Z,Autentikasi & Akun; Layanan & Fitur Finansial,Negatif,Negatif,0.9998,Memblokir rekening tanpa sebab
2c3d942c-39e3-4743-9d16-8b606cc3f62b,doomsy official,1,2026-08-25T08:26:28.725Z,Lainnya,Negatif,Negatif,0.9979,boikot
d6895a7c-c490-4019-85b2-4e2050c42a58,Wanda Arsyla,1,2026-08-25T08:26:18.112Z,Autentikasi & Akun,Negatif,Negatif,0.999,pemblokir nasabah
394c53fd-06ff-4359-ac81-92c9a9e9fe42,Rendyan Syah Suherman,1,2026-08-25T08:26:04.868Z,Autentikasi & Akun,Negatif,Negatif,0.9938,pemblokiran sepihak terhadap rakyat
7592d8e1-b654-4fb3-8288-77b9173db837,wira chelsea,1,2026-08-25T08:25:23.880Z,Autentikasi & Akun,Negatif,Negatif,1,blokir uang rakyat
b168136d-f145-475e-bf17-9e81fbb39559,Moh. Nurali,1,2026-08-25T08:25:21.988Z,Lainnya,Negatif,Negatif,0.9993,bank yang ga bisa mandiri sesuai nama
2b383062-317a-4fb1-b897-5aaef4d72d0d,Dhanz Motovlog135,1,2026-08-25T08:25:00.336Z,Autentikasi & Akun,Negatif,Negatif,0.993,"Hati Hati Di blokir, jangan nyimpen Banyak Uang Puluhan Juta di BANK ini, Lagi Rame Sekarang Di Sosial Media di tahun 2026 ini"
c2ba5fdb-b080-4292-b009-c87c1245e3c1,M Tastaftiyan,1,2026-08-25T08:24:56.402Z,Lainnya,Negatif,Negatif,0.9932,"katanya mandiri, kok intervensi 😹"
1e8adb9a-9eee-4f00-b6a4-2467b49e0e2d,enam rohmat,1,2026-08-25T08:24:32.175Z,Autentikasi & Akun,Negatif,Negatif,1,jelek maen blokir aja
329a2ed6-9365-47f0-9340-26e72ad7634d,Salamlestari outdoor,1,2026-08-25T08:24:26.297Z,Autentikasi & Akun,Negatif,Negatif,1,"parah si mandiri, blokir ATM aktivis Tanpa ada kasus , kacau emang"
31c1864f-e7e0-4ad4-a973-297499bc366f,Martil Pamungkas,1,2026-08-25T08:23:34.112Z,Lainnya,Negatif,Negatif,0.9978,bank di setir
6125bdcf-a2d2-40c5-9962-c73e35886b5b,taggamus lampung,1,2026-08-25T08:22:45.364Z,Kinerja & Server,Negatif,Negatif,0.9864,Aplikasi banyak bug
d7d98c35-fe90-4937-adbd-2a3048e3a0cf,heri hermawan,1,2026-08-25T08:22:32.259Z,Lainnya,Negatif,Negatif,0.9996,tidak mandiri
4b37b246-35e8-4526-8f79-421dbb1f62be,Maulana Fadilah,1,2026-08-25T08:21:54.831Z,Lainnya,Negatif,Negatif,0.7214,"mudah""han anjlok terus yak sampe kiamat,"
65d647b2-ab0c-4d72-8002-516b2f4595f6,Su Pri,1,2026-08-25T08:21:54.367Z,Kinerja & Server,Negatif,Negatif,0.972,"banyak iklan, sering gangguan, loading lelet"
ccc12bef-d5bf-4267-a879-5beba96266f9,Mahreen Gazala Banafsha,1,2026-08-25T08:21:46.739Z,Lainnya,Negatif,Negatif,0.991,bad
aa583356-6ce2-411d-8cf1-dd13b5e67638,wahyu joko,1,2026-08-25T08:20:50.304Z,Transaksi & Pembayaran,Negatif,Negatif,0.9162,makin memberatkan tiap transaksi kena admin. yg dulu byr via va gratis
21c66859-b3d3-4beb-920b-c67f2978e79e,Channel Pegawai Jalanan,1,2026-08-25T08:20:48.508Z,Lainnya,Negatif,Negatif,0.9913,ikut viral in aja ahhhh wkwkwk
b442a886-47de-41ce-a62d-553e519f65a5,ML story,1,2026-08-25T08:20:30.946Z,Lainnya,Negatif,Negatif,0.9412,hari ini harus unstal
88dc86d4-8908-411b-af2d-e4cdc1b463aa,ahmad parwono,1,2026-08-25T08:19:58.697Z,Autentikasi & Akun,Negatif,Negatif,0.9955,Pindah bank takut terblokirr
c620aede-a633-4c73-a776-b5da5dc5888f,V Se,1,2026-08-25T08:19:58.250Z,Lainnya,Negatif,Negatif,0.9952,dah ah males sama mandiri
487f21cb-4d3a-4f13-9422-c06a82b2bca4,Dony Setiawan,1,2026-08-25T08:19:43.861Z,Autentikasi & Akun,Negatif,Negatif,0.9994,"bank plat merah tidak aman menyimpan uang nasabah, tarik dan pindah bank swasta saja,."
7d0738ce-1e5c-4598-94df-8f174ac4159a,Iam Nard1,1,2026-08-25T08:19:04.137Z,Lainnya,Negatif,Negatif,0.9979,boikot
62c52a5d-e31d-42e9-96cc-e79fe124d3f2,Wahyu,1,2026-08-25T08:18:41.261Z,Lainnya,Negatif,Negatif,0.9871,turut prihatin sama nasabah yang di blok Mandiri !! nyimpan uang pribadi bisa diblok oleh bank..rasa aman udah enggk terjamin lagi simpan di bank Mandiri
c74e36ae-68ae-4984-a7fe-c5d4d7820ee1,Tuansans66,1,2026-08-25T08:18:38.253Z,Lainnya,Negatif,Negatif,0.9654,not recomend
9adefc17-6cb9-4cfe-b9b4-00e3dd6a92ea,Januar Avelin,1,2026-08-25T08:18:20.784Z,Lainnya,Negatif,Negatif,1,buruk
3677651d-7917-446e-8f25-da3586d24eb1,Adalah123,1,2026-08-25T08:18:12.572Z,Lainnya,Negatif,Negatif,0.9938,tidak bagus
0572e7e2-ed02-4e29-a62e-d9f8084b3d2b,acuy tabarez,1,2026-08-25T08:18:10.751Z,Autentikasi & Akun,Negatif,Negatif,0.9999,bahaya takut saldo di blokir tiba tiba
b9a6c789-b5c5-4c6b-976a-f106584c28e1,Juffy Restu,1,2026-08-25T08:17:51.578Z,Autentikasi & Akun; Layanan & Fitur Finansial,Negatif,Negatif,0.9999,"blokir nasabah aktivis bisa, blokir rekening koruptor gk bisa hadeuh..."
5bfe9ac4-3e22-4c5c-995f-22c2a9540f3e,ALVEN VUNCOTE,1,2026-08-25T08:17:26.208Z,Autentikasi & Akun,Negatif,Negatif,0.9714,"pemblokiran masal dari mandiri, bo1kot mandiri"
b36a79b0-973e-4669-949b-ed8b3921f0c4,supri yadi,1,2026-08-25T08:17:21.699Z,Autentikasi & Akun; Transaksi & Pembayaran; Layanan & Fitur Finansial,Negatif,Negatif,1,Dana tidak aman main blokir rekening nasabah sepihak
901e53b0-f65b-4943-b55e-152da19084f5,Diki Wahyudi,1,2026-08-25T08:17:02.478Z,Lainnya,Negatif,Negatif,0.9761,privasi sangat minim
ef638245-82d2-49a9-a3bc-5a569e752f7f,Ilfanul Hakim,1,2026-08-25T08:15:34.585Z,Autentikasi & Akun,Negatif,Negatif,0.9993,"suka blokir2 akun orang, ga mandiri masih d stir wkwk"
ce69bd4b-6740-4e8d-ba10-2cbea6ae731c,Ahmad Azizi,1,2026-08-25T08:14:49.518Z,Autentikasi & Akun,Negatif,Negatif,0.9462,akun di nlokir
20e73fc5-b961-4126-989f-027fa1b76373,iqbal sirajatega,1,2026-08-25T08:14:34.803Z,Lainnya,Negatif,Negatif,0.9979,boikot
c205446c-a2ad-4de5-a06f-87bf2334a358,Sulis Tyaningsih,1,2026-08-25T08:14:29.326Z,Lainnya,Negatif,Negatif,0.9996,boikot mandiri
a47c98cc-36e8-4dbe-8e7a-3f784846bde2,Edgar Tinambunan,1,2026-08-25T08:14:15.667Z,Autentikasi & Akun; Layanan & Fitur Finansial,Negatif,Negatif,1,boikot mandiri .bank mandiri seenak jidat blokir rekening orang .
6f15d656-0171-483c-969e-a8e714819583,Hendra Dawing,1,2026-08-25T08:14:07.811Z,Autentikasi & Akun; Layanan & Fitur Finansial,Negatif,Negatif,0.9999,pemblokir rek aktivis
cba6427e-fbed-44fc-b065-a013771ab930,Reza Aprila,1,2026-08-25T08:13:59.513Z,Lainnya,Negatif,Negatif,0.9449,bank rezimm
4b6cbb6b-8338-47c9-8366-1f0344dae386,Achmad Mardhiyansyah,1,2026-08-25T08:13:50.435Z,Lainnya,Negatif,Negatif,0.9051,bikin gaduh dan resah masyarakat
7d6e276d-0ddb-44bc-9fbb-83538fac5bce,Ikmal Munawar k,1,2026-08-25T08:13:49.689Z,Autentikasi & Akun; Layanan & Fitur Finansial,Negatif,Negatif,0.9991,"perbankan yang tidak netral, seenaknya blokir rekening orang hanya mengandalkan perintah aparat penegak hukum. sorry good bye rekening mandiri."
89797d92-8e75-4b63-9f1f-976157291b31,Agung Prayogi,1,2026-08-25T08:13:44.925Z,Autentikasi & Akun,Negatif,Negatif,0.999,"gampang di blokir secara sepihak oleh mandiri, Hati -Hati"
f87b6b0f-d143-4e84-b376-e912523a9771,Cecep Rusyanto,1,2026-08-25T08:13:41.215Z,Lainnya,Negatif,Negatif,0.9965,sangat kecewa
8e9e3f34-335f-4f96-bcd9-164b65ea8e6d,Abdi Prayoga,1,2026-08-25T08:13:25.177Z,Autentikasi & Akun,Negatif,Negatif,0.9993,bahaya bisa blokir saldo nasabah yg tidak bersalah seperti mas botok
5675f53b-d018-4baf-b6c1-c027039de0c4,Sandy Ichsandy,1,2026-08-25T08:13:02.742Z,Transaksi & Pembayaran,Negatif,Negatif,0.9837,ini APK setiap hari kalo malem maintenance terus!! bikin malu aja mau transaksi pembayaran Qris jadi gagal terus
8ef900a4-4cd0-4fa7-bca9-608d04108a33,Nuril Huda,1,2026-08-25T08:12:17.167Z,Lainnya,Negatif,Negatif,0.9965,kecewa
9b423b41-b4c9-439a-9f3c-c2c4e9ac4637,Firdania 511,1,2026-08-25T08:11:56.172Z,Lainnya,Negatif,Negatif,0.9872,kecewa gau ke lu mandiri
ad1793f1-0d75-4a47-8951-5edb23962c67,dr ashari,1,2026-08-25T08:10:43.889Z,Lainnya,Negatif,Negatif,0.9969,maling
fe98204c-104d-4f60-9450-4477042e6bfb,Ulpa Meiza,1,2026-08-25T08:10:42.272Z,Lainnya,Negatif,Negatif,0.564,ndk bagus
9774e26b-f511-490c-b39c-33c3dbe21cdf,Avn,1,2026-08-25T08:10:37.736Z,Lainnya,Negatif,Negatif,0.9975,bisa bisa nya di tunggangi aparat penegak hukum
f4783ff1-f478-4a78-afec-07a0afc6c475,Febri Angga,1,2026-08-25T08:10:23.121Z,Autentikasi & Akun,Negatif,Negatif,0.9982,pemblokir aktivis!
4ed08567-0426-4886-bc9e-6782d05d78c4,aprilli ran,1,2026-08-25T08:10:06.603Z,Lainnya,Negatif,Negatif,0.9999,bank gblok aplikasi dongo
09812916-2601-47da-ac29-ca337684892b,Arta laksana /03,1,2026-08-25T08:09:24.997Z,Autentikasi & Akun,Negatif,Negatif,0.9996,suka blokir akun tanpa tau apa apa
a2e39e98-8def-427b-a9c8-05f7fa94626f,Dokumentasi Liburan,1,2026-08-25T08:09:14.789Z,Lainnya,Negatif,Negatif,0.9987,"tidak bisa dipercaya, dan tidak aman"
855d8b66-c9c7-41f0-b083-5f9dd4143280,мцѕвiг,1,2026-08-25T08:09:05.227Z,Autentikasi & Akun,Negatif,Negatif,0.9715,kok bisa seenaknya ngeblokir
ba790c49-5d8e-4762-bb8a-ac9c11788a8e,Madse Pratomo,1,2026-08-25T08:09:04.331Z,Autentikasi & Akun; Transaksi & Pembayaran,Negatif,Negatif,0.9394,"uninstall dah ntar duit saya di blokir lagi ma mandiri lagian sekarang makenya cuma e-toll aja,isi di Indomaret juga praktis juga"
4a8884ab-a24d-454c-a505-a7c41fd2a8a3,muhammadragil236,1,2026-08-25T08:09:00.364Z,Lainnya,Negatif,Negatif,0.993,kecewa dengan sikap pihak mandiri
6dc73ccf-1bec-4dc5-bf6a-9246e659de17,Syukri hidayat Dayat,1,2026-08-25T08:08:46.370Z,Lainnya,Negatif,Negatif,0.9979,boikot
0f80ad5c-fd71-43db-8049-b52989bca8ad,Anisa Fauziah,1,2026-08-25T08:08:26.559Z,Lainnya,Negatif,Negatif,0.9976,saya merasa kecewa terhadap bank ini.
5b403f05-a838-4e4d-91b9-f9e2704c54f8,samsul hadi,1,2026-08-25T08:07:58.907Z,Autentikasi & Akun,Negatif,Negatif,0.9986,takut uang nanti diblokir
81724b95-6e98-421c-8f1e-4ef09e903403,Egi Romdoni,1,2026-08-25T08:07:55.960Z,Autentikasi & Akun,Negatif,Negatif,0.9999,awas di blokir
e67b30b6-53e0-4c29-8739-5eb59d56163a,06えんど,1,2026-08-25T08:07:21.685Z,Lainnya,Negatif,Negatif,0.9925,"katanya mandiri, tetapi masih mau disetirin"
6999049d-4605-48ae-9f8a-ca69f69cdac0,Aldio Darwin,1,2026-08-25T08:06:53.421Z,Lainnya,Negatif,Negatif,0.9683,"Maaf, tidak ada integritas. terlepas kasus apapun."
0d2ba6a2-a475-4dcb-aef4-a4eef76b2c51,Julgiansyah,1,2026-08-25T08:06:32.179Z,Lainnya,Negatif,Negatif,0.9965,kecewa
3f4fd4e3-a7f0-4ad9-b2d0-cd5c4e019168,Muhamad Radit,1,2026-08-25T08:06:26.440Z,Lainnya,Negatif,Negatif,0.8945,not recommended
1eede0f7-d175-44dd-b46f-0d1ac58fabbf,andi alif rahman,1,2026-08-25T08:06:18.448Z,Lainnya,Negatif,Negatif,0.976,Cuman ikutan beri bintang 1 aja. soalnya soalnya
683c2602-5555-46d8-b43d-bd0ceed35c96,Kaplongan Saja,1,2026-08-25T08:06:05.277Z,Autentikasi & Akun; Layanan & Fitur Finansial,Negatif,Negatif,0.9957,jangan deh nanti ikut di blokir sepihak rekeningnya lagi viral ini bank
5aa0b9ce-2c78-4bda-81cc-590e66621f20,Boy Capas,1,2026-08-25T08:06:01.365Z,Autentikasi & Akun; Transaksi & Pembayaran,Negatif,Negatif,0.9999,"Tidak aman, bisa asal blokir dana nasabah, ngeri bank ini"
eaa3b4d4-9b1c-4c88-a727-e790c7c5b899,iChannel,1,2026-08-25T08:05:39.371Z,Autentikasi & Akun,Negatif,Negatif,0.9924,ini yang saldo bisa tiba2 hilang itu ia? 😱
8897257a-ee8c-47a1-87d8-8249853ce037,Dede Apriyatna,1,2026-08-25T08:05:20.542Z,Layanan & Fitur Finansial,Negatif,Negatif,0.9168,gak bisa dipercsua
5e5e7318-d88b-4f91-af72-e834a843bce6,Syarif Hidayatulloh,1,2026-08-25T08:04:07.449Z,Lainnya,Negatif,Negatif,0.9965,kecewa.
a53ee039-1f19-46e2-abe3-9e72e9d9c8c1,Yuris Alfathony,1,2026-08-25T08:04:06.820Z,Autentikasi & Akun,Negatif,Negatif,0.9789,"nggak ada kesalahan main blokir aja, bayangin polisi tiba2 dateng trus bilang blokir ini karna dia nggak mau jual tanah harga murah. yaah namanya juga aparat pasti diturutin"
ce42db1b-0558-4920-b430-45a464ed30c0,Bayu Aja,1,2026-08-25T08:04:00.177Z,Autentikasi & Akun; Layanan & Fitur Finansial,Negatif,Negatif,0.9986,KASIAN REKENING RAKYAT YANG DIBLOKIR
6e5dbeae-1458-4a18-b2fb-4142bedc39ce,spauldingharefa,1,2026-08-25T08:03:36.347Z,Autentikasi & Akun,Negatif,Negatif,0.9909,Suka memblokir
7125977b-86b5-4b19-a5d2-969dead16d35,Tabina Quaneisha,1,2026-08-25T08:03:26.297Z,Lainnya,Negatif,Negatif,0.9974,gak profesional!!!
1cc90e6b-e0b1-4d05-beb9-eab86c58c2e5,Saputra Hendra,1,2026-08-25T08:03:26.159Z,Lainnya,Negatif,Negatif,0.9273,tanpa diskripsi.
e5ef8779-9a8f-4650-a84e-f7f9c4e79171,Ilham Pras,1,2026-08-25T08:03:19.578Z,Lainnya,Negatif,Negatif,1,👎
3753bbf8-3708-4231-ab69-a242510b6051,MUHAMMAD ILHAM ILHAM,1,2026-08-25T08:03:16.435Z,Lainnya,Negatif,Negatif,0.9992,aplikasi ampas
3f215721-6448-4e03-bdba-dcfaf47b3270,kita snack,1,2026-08-25T08:03:14.700Z,Autentikasi & Akun,Negatif,Negatif,0.9951,pemblokir sepihak!
1e209ffe-c0f8-4129-88de-f051fbed5d89,Ivan Renaldi,1,2026-08-25T08:03:08.301Z,Lainnya,Negatif,Negatif,0.9938,kurang bagus
da47c4f5-0ffa-4294-80e5-9185ff30238d,019 Garage Official,1,2026-08-25T08:03:08.118Z,Lainnya,Negatif,Negatif,0.9691,cukup tau!
8287351b-bca5-4fb9-98f7-0460811a76f9,Dana Whisky,1,2026-08-25T08:03:05.787Z,Lainnya,Negatif,Negatif,0.9998,bank mandiri yang gak mandiri
1e511936-b5f7-41fd-ac5f-dd20cff2e897,nur hayati,1,2026-08-25T08:02:41.888Z,Autentikasi & Akun; Layanan & Fitur Finansial,Negatif,Negatif,1,asal blokir rekening orang
1e5d5363-115c-4205-a27e-18a5a4e01788,wyzma la,1,2026-08-25T08:01:25.150Z,Lainnya,Negatif,Negatif,0.9996,pelayan SANGAT BURUKKKK
2fe5f3ec-6e30-4e31-b514-ea611f85d5c0,Rahmad Ramadhan,1,2026-08-25T08:01:22.280Z,Autentikasi & Akun; Layanan & Fitur Finansial,Negatif,Negatif,0.9887,"tolong jaga privasi nasabah jangan mau di perintah sama siapapun, untuk membekukan no rekening nasabah, selama nasabah tersebut tidak merugikan siapapun, termasuk pemerintah"
e68292f0-8ca2-4a98-acce-8eb7776d4bff,Febryan Ramadan,1,2026-08-25T08:01:10.580Z,Lainnya,Negatif,Negatif,0.9847,Menyesal
8f8e360b-2986-4dc6-89d1-7321323e0d62,Edi karyadi,1,2026-08-25T08:00:54.125Z,Lainnya,Negatif,Negatif,0.9449,bank kbtol
2657f3d6-96ae-46c2-be71-23737e0adb87,Joko Nugroho,1,2026-08-25T08:00:49.935Z,Autentikasi & Akun; Layanan & Fitur Finansial,Negatif,Negatif,1,TIDAK PROFESIONAL MAIN BLOKIR REKENING ORANG
a7f0dd35-9ec3-40b6-89a2-35baa3ed6064,Maulana Rizal,1,2026-08-25T08:00:17.280Z,Lainnya,Negatif,Negatif,0.9998,sungguh bobrok
454f32a8-01e7-44e8-a4df-9614118bafa3,Teguh Widodo,1,2026-08-25T07:59:28.463Z,Lainnya,Negatif,Negatif,0.9562,Aplikasi ribet. udah cape2 ngisi isian. Malah ngulang lagi. udah 2x gini.
124c1a80-bc6e-42ce-b4c5-458ce871bc97,Rifqi Herlambangputro,1,2026-08-25T07:59:26.273Z,Lainnya,Negatif,Negatif,0.9484,tidak adil...
afd5b559-35f9-4713-ae39-56d676571b69,kurnia abadi,1,2026-08-25T07:59:25.460Z,Lainnya,Negatif,Negatif,1,bank yg buruk
69968850-1857-441e-8a25-3e66ca00a814,Dimas Saputra,1,2026-08-25T07:59:23.325Z,Lainnya,Negatif,Negatif,0.9987,bank ga aman
a320f11f-cc44-4aed-ab86-6140c44f9594,Ismaaliyah Ramadani,1,2026-08-25T07:58:57.812Z,Autentikasi & Akun; Layanan & Fitur Finansial,Negatif,Negatif,0.9999,sangat tidak aman . semudah itu blokir rekening nasabah .
8200e293-3bc9-4b2c-b430-7db7ee0b2a2e,tengku Adnan,1,2026-08-25T07:58:52.241Z,Lainnya,Negatif,Negatif,0.907,aplikasi merepotkan
45161745-bf87-4cc6-83db-454f5e67d502,saichul hadi,1,2026-08-25T07:58:33.540Z,Lainnya,Negatif,Negatif,0.9875,hilang respect
73ed9363-f451-4db2-aa55-2c003ce6a152,luq ha,1,2026-08-25T07:58:13.938Z,Autentikasi & Akun,Negatif,Negatif,0.9999,"mandiri hanya nama,gilak seenaknya aja blokir orang..!!"
21af97d0-44de-4a25-a823-3fd53c7a95d7,Dewanto Ibrahim Sungkoro,1,2026-08-25T07:58:12.225Z,Transaksi & Pembayaran,Negatif,Negatif,0.9556,Dana Asuransi sy hilang tidak kembali
e6d20ab2-de7e-4323-8a74-ad5a3d726dfa,Amogh Chawda,1,2026-08-25T07:58:03.436Z,Lainnya,Negatif,Negatif,0.9991,ga amanah kecewa
39d64c81-1c9b-4a12-ac79-a4b2cf0ca6d8,Miraj Mubaroq Anwar,1,2026-08-25T07:58:03.343Z,Autentikasi & Akun; Layanan & Fitur Finansial,Negatif,Negatif,1,tidak jelas main blokir saja rekening
6ff22ded-48e3-431a-88e2-23787a57df03,Adhi Kusumo Santoso,1,2026-08-25T07:57:57.888Z,Autentikasi & Akun,Negatif,Negatif,0.985,Uang saya diblokir tanpa pemberitahuan. ada saldo senilai 1juta diblokir sepihak tanpa kejelasan dan pemberitahuan.
8e2c905e-42da-45ed-89dc-e9f48b8b20f6,MUPLE Tv,1,2026-08-25T07:57:17.567Z,Lainnya,Negatif,Negatif,0.9999,bobrokk . masih aja mau di stir aparat
41780b53-0cfa-42a6-b738-ee3f036a7077,M Darsono,1,2026-08-25T07:57:15.250Z,Lainnya,Negatif,Negatif,0.9932,gak bagus buat masa depan
a40a2316-ac9f-4cf4-af33-ae01bc1b9b19,Ramelan Munandar,1,2026-08-25T07:56:50.191Z,Autentikasi & Akun; Layanan & Fitur Finansial,Negatif,Negatif,1,"kecewa pokoknya sama mandiri, takut nanti tiba tiba rekening di blokir tanpa alasan yg jelass"
45fcbc39-0c7a-4389-827e-2671ab83d59d,Ripki,1,2026-08-25T07:56:40.134Z,Lainnya,Negatif,Negatif,1,jelek
a8d3a5f1-b9de-4005-8142-8c33c3199068,highlights 5 minute,1,2026-08-25T07:56:09.185Z,Autentikasi & Akun,Negatif,Negatif,0.9469,sejak berita pemblokiran saldo 80.9 JT rupiah jadi males lebih baik tutup akun aja banyak ewallet yang lebih bagus.
3e8b66fa-6e48-4249-8ca6-c3e80ee763b3,Rovi Doni,1,2026-08-25T07:54:56.155Z,Lainnya,Negatif,Negatif,0.9958,gajelas
38b299d7-77d6-4e46-8132-7a82974effc7,Arifin Feri,1,2026-08-25T07:54:27.899Z,Autentikasi & Akun,Negatif,Negatif,0.9534,"BANK MANDIRI SANGAT BIJAK DAN PINTAR,MANDIRI SEKALI SAMPAI MENCARI PENYAKIT SENDIRI"
ade1bf31-ddf2-4a2b-a01d-8d151bacd4a6,Muhammad Athaya,1,2026-08-25T07:54:14.774Z,Lainnya,Negatif,Negatif,0.994,uang hilang sendiri
73ac096f-b58c-4054-8562-a04414dbe425,Mikha A.,1,2026-08-25T07:54:12.460Z,Lainnya,Negatif,Negatif,0.9479,i'm sorry .. kepercayaan & keamanan no.1
7dbe4055-da9e-4d40-848e-85d683b8ff8d,9. bayu aji bastiar,1,2026-08-25T07:53:53.384Z,Lainnya,Negatif,Negatif,0.9956,kecewa berat
2cefea9a-4898-4bdc-b6d4-5b25688bd449,Erlangga Electrianto,1,2026-08-25T07:53:46.174Z,Lainnya,Negatif,Negatif,0.9905,"Mohon maaf saya akan uninstall, saya akan gunakan My BCA"
c9a1043a-ca87-4fbf-b5ed-669a9e87a332,sahrial aef1,1,2026-08-25T07:53:43.637Z,Lainnya,Negatif,Negatif,0.8895,bca yg terbaik
df87036a-8767-41bc-940b-634960866776,Holik Dembele,1,2026-08-25T07:52:56.634Z,Lainnya,Negatif,Negatif,0.968,sarang tikus
e5219931-79b6-40d4-adb1-d2ad5c8ad2d8,Aguswd 921,1,2026-08-25T07:52:35.950Z,Lainnya,Negatif,Negatif,1,buruk hanya memihak
9e5aa0e4-aa1a-4f0b-8a94-33a9a269dad4,Dedy Febriyan,1,2026-08-25T07:52:30.228Z,Lainnya,Negatif,Negatif,0.9273,menyedihkan
2276ddab-a2d5-45cf-bc58-c55a25b5a1f6,Firman Syah,1,2026-08-25T07:52:00.800Z,Autentikasi & Akun,Negatif,Negatif,0.9915,bank tempek asal blokir gak mikir
2f639fcc-277c-4555-bede-e097790f66e2,Irsal Yusuf,1,2026-08-25T07:51:36.262Z,Autentikasi & Akun,Negatif,Negatif,0.992,pemblokiran nasabah aktivasi!
51786a63-5ce5-416e-9d33-62469f0ca4c7,M RIZAL,1,2026-08-25T07:51:35.969Z,Lainnya,Negatif,Negatif,0.9622,ga asik
c970185a-b35e-4c12-b3f9-d0b938c79732,Satria Gokill,5,2026-08-25T07:50:40.584Z,Lainnya,Positif,Positif,0.963,"semua karyawan saya sudah saya suruh untuk boikot mandiri jika tidak mereka akan terancam di pecat dan di blacklist, sementara tim saya sedang mengirimi surat kepada pihak goggle play store agar menghapus bank ini secara permanen ini demi seluruh masyarakat Indonesia"
0a5adb96-b427-4f84-b75a-a5db72e8173e,Debby Caka,1,2026-08-25T07:50:34.584Z,Lainnya,Negatif,Negatif,0.7956,bank disetiri ✅💃🏻
6ed82b86-092c-42ac-8244-59d153cec1d6,Rony Aria,1,2026-08-25T07:50:30.230Z,Autentikasi & Akun; Transaksi & Pembayaran,Negatif,Negatif,0.9565,Bank Kontroversi Masyarakat Pemblokir Akun Dan Penahanan Dana Donasi Masyarakat.
32936d0d-37ea-4a44-9e07-41f752913cec,Gunggunz 22,1,2026-08-25T07:50:29.220Z,Autentikasi & Akun,Negatif,Negatif,0.9987,apa apa saldo di blokir bank ga jelas.. menabung di bank luar saja..
50a62468-4361-44f1-a111-d18e7da0b9cd,DZIKRI ATHO'UR ROHMAN,1,2026-08-25T07:50:25.837Z,Lainnya,Negatif,Negatif,0.9989,bank gak jelas
66fc56f7-7732-4cdf-9a8d-2784554cc374,Olegun Channel,1,2026-08-25T07:50:23.752Z,Autentikasi & Akun; Layanan & Fitur Finansial,Negatif,Negatif,0.9946,Alhandulillah .tidak pernah nabung duli bank ini...dan trnyata ni bank yg suka ngeblokir rekening orang ..
051c7d78-314f-4a24-a083-5837d5692fae,Kulo Kang Moes,1,2026-08-25T07:50:14.231Z,Autentikasi & Akun; Layanan & Fitur Finansial,Negatif,Negatif,0.9981,"Banknya ga asik, masak rekening aktivis pati di blokir sepihak senilai ratusan juta dan tidak bertanggung jawab"
ae7c1c78-ce26-406b-853f-12fc26bbd3c8,Muhammad Alfian,1,2026-08-25T07:49:55.987Z,Autentikasi & Akun,Negatif,Negatif,0.999,"males pake aplikasi ini,, ga aman nabung d bank mandiri bisa2 d blokir tanpa sepengetahuan nasabah,, awas jgn ada yg dwonload,, kaya yg udh viral"
0eb66510-8008-43d9-b1f5-7bb0f581009d,Ari Septiawan,1,2026-08-25T07:49:27.580Z,Autentikasi & Akun,Negatif,Negatif,0.9997,"awas nanti tiba"" saldonya ke blokir"
d62821fe-de61-42c6-84f5-2b3d3e676e50,FIKRI OWKEH,1,2026-08-25T07:49:25.826Z,Lainnya,Negatif,Negatif,0.9355,tidak amab blockir aja
d9d796a8-d40c-4502-a6f8-5b4e089a89e9,Candra Efendi,1,2026-08-25T07:49:12.420Z,Lainnya,Negatif,Negatif,1,buruk
c405c96d-2e89-4978-a290-21f6e351f9ed,Diah Wahyu07,1,2026-08-25T07:49:08.251Z,Lainnya,Negatif,Negatif,0.9992,mandiri kok disetir
4a69ecb5-32b5-4f00-bba4-81a06b21adaa,Reno SH,1,2026-08-25T07:49:08.530Z,Lainnya,Negatif,Negatif,0.9762,ih serem
b62a9bc8-d4f9-444e-a606-c55a940ea58e,M Zacky Aryatama,1,2026-08-25T07:48:43.793Z,Autentikasi & Akun,Negatif,Negatif,1,blokir punya gw jg dong
0f61df83-3731-4ba6-9c2d-17bb831d43fa,Ridwan Iwann,1,2026-08-25T07:48:37.900Z,Lainnya,Negatif,Negatif,0.9833,kureng mandiri
70abd1ce-9755-4abb-bf02-8bc56b7c8a15,Andi Chandz,1,2026-08-25T07:48:31.130Z,Autentikasi & Akun,Negatif,Negatif,0.9988,jangan di pakai nnti nyesel saldo ke blokir wkwkw
2b7bd8ee-4146-4665-aee2-377a86f83ec7,Riyandi Muhammad,1,2026-08-25T07:48:30.503Z,Autentikasi & Akun; Layanan & Fitur Finansial,Negatif,Negatif,0.9946,"Distir penguasa, Rakyat kecil diblokir rekeningnya!"
354097d1-296b-421e-91c3-a2451f391447,Fhauztina Siti,1,2026-08-25T07:48:20.478Z,Transaksi & Pembayaran,Negatif,Negatif,0.9451,Potongan adminnya besar dan dana yang harus mengendap di aplikasi minimal 100 rb
f5c61090-c53d-42db-9853-671d57524217,Fian,1,2026-08-25T07:48:16.184Z,Lainnya,Negatif,Negatif,0.9911,no respect
c9859bbb-95fb-46c7-80ae-46496c47e976,Indra,1,2026-08-25T07:48:08.822Z,Autentikasi & Akun; Layanan & Fitur Finansial,Negatif,Negatif,1,bank mandiri kok disetir aparat😹 jelek banget ini bisa² nya rekening nasabah diblokir😹 cuh jelek ajig
c1e13c73-6bec-44f6-8c18-cbc7984b5832,Mr. X,1,2026-08-25T07:48:06.200Z,Autentikasi & Akun,Negatif,Negatif,0.9971,"rkening dari donasi,malah di blokir,...kacaw"
f9f85fd8-bebd-4e55-8893-eeed81a9dfeb,Giovani Septiana,1,2026-08-25T07:47:57.271Z,Autentikasi & Akun; Layanan & Fitur Finansial,Negatif,Negatif,0.9999,Sangat buruk. Bisa dengan mudah memblokir rekening nasabah.
95b9b788-8e05-44eb-8b24-b874dbb281ee,praba wati,1,2026-08-25T07:47:19.508Z,Lainnya,Negatif,Negatif,0.9849,Ga bener ini Bank
020b2fa9-34c9-4fb6-acbb-5e9d5ea194cb,Muhammad Zarkasi,1,2026-08-25T07:46:27.582Z,Lainnya,Negatif,Negatif,0.9938,tidak mantap
7719b754-56d9-473d-8ed9-fa04c855ef4e,afriml 887,1,2026-08-25T07:46:27.800Z,Lainnya,Negatif,Negatif,1,jelek
4a67bd51-926b-4b96-834d-3c82748178a9,Agung Kurniawansyah,1,2026-08-25T07:45:55.684Z,Lainnya,Negatif,Negatif,0.9708,bantu busuk
3a5fb98b-d97a-4354-9847-a81cad882091,ARSYAD MILENIAL,1,2026-08-25T07:45:42.595Z,Autentikasi & Akun; Layanan & Fitur Finansial,Negatif,Negatif,0.9997,"bank mandiri rekening nasabah, Rawang di blokir secara sepihak"
9f534266-dc49-49a7-8610-61b7fe3e1504,Mad Es,1,2026-08-25T07:45:38.762Z,Transaksi & Pembayaran,Negatif,Negatif,0.9907,Tdk mampu melindungi dana nasabah
78b81aaa-57ad-44c5-a535-52b7fe86f097,Fhierman Al Anshorie,1,2026-08-25T07:45:33.280Z,Autentikasi & Akun,Negatif,Negatif,0.9978,bentuk kekecewaan karna mandiri memblokir uang hasil donasi rakyat yang ingin mencari keadilan
84dc0d7d-0448-46b0-82d3-b5237b42a7c2,Bayu Pamungkas,1,2026-08-25T07:45:05.190Z,Lainnya,Negatif,Negatif,0.9926,merugikannn
219d4428-b2e2-4eb9-9020-74c3c262aa63,Tauriatory Aris,1,2026-08-25T07:45:04.812Z,Autentikasi & Akun,Negatif,Negatif,0.9994,Aplikasi kepercayaan. seenaknya blokir nasabah
78426322-fa2f-4e2e-825c-fc299b0e371d,Ali Rahman,1,2026-08-25T07:44:57.558Z,Lainnya,Negatif,Negatif,0.9959,tidak bisa di percaya
1eeb2586-3f56-4d73-9dce-57da98b39db5,Aspro Fighter Indonesia,1,2026-08-25T07:44:19.660Z,Autentikasi & Akun; Layanan & Fitur Finansial,Negatif,Negatif,0.998,apa dasar hukum rekening rakyat diblokir? kocakk
bcd93e51-41d7-4f5f-91a4-3f6581e9e7bf,Aulia Puspita,1,2026-08-25T07:43:22.543Z,Lainnya,Negatif,Negatif,0.9968,ga ada perlindungan privasi nasabah. miris bisa di setir penguasa
4ec5a722-6166-4aaa-8e4a-7b28c420c802,Febiakbar Purnama,1,2026-08-25T07:43:01.907Z,Autentikasi & Akun,Negatif,Negatif,0.9994,"sebelum di peritah oknum pejabat pikir""dulu dampak nya apa kelu bego.maen blokir aja akun aktifis"
6c8bc964-235c-47b4-8227-31964cb11d59,Ludba Nidihaw,1,2026-08-25T07:42:42.858Z,Lainnya,Negatif,Negatif,0.9979,katanya mau di boikot?
b1c9feb8-fcf3-4c9e-bb6c-d09e5fac2b50,hadid Maulana,1,2026-08-25T07:42:17.768Z,Lainnya,Negatif,Negatif,1,bobrok
51b8d430-6870-412f-bcfe-f38b4c84cb9b,Hapid Basupati,1,2026-08-25T07:42:04.953Z,Autentikasi & Akun; Layanan & Fitur Finansial,Negatif,Negatif,0.9999,"kecewa,mau Cairkan BPJS ke livin eh selang 3 hari no rek nya di blokir, sistem nya sangat bobrok."
c34c945b-b03a-4acd-8a2f-904e23f2a4d9,Andry Prasetyo,1,2026-08-25T07:41:56.111Z,Lainnya,Negatif,Negatif,0.9987,bank kurang aman
fa45df9c-792e-492f-b0be-cf81bb78b322,mftr,1,2026-08-25T07:41:45.352Z,Lainnya,Negatif,Negatif,1,bank tolol
ca53e703-86b6-41bf-9b3a-3e6226b85607,Yadi Yadionyon,1,2026-08-25T07:41:16.365Z,Lainnya,Negatif,Negatif,0.992,hilang sudah kepercayaan ku terhadap mandiri
b27410aa-33b2-4f9c-ae16-d394d09e5eac,Zuki Ahmad,1,2026-08-25T07:41:15.402Z,Autentikasi & Akun,Negatif,Negatif,0.9994,pengen download tapi takut di blokir uppssss🫣
2584347e-c0cb-452f-9d5d-57221fd39f25,Rizal Mutakin,1,2026-08-25T07:41:06.540Z,Transaksi & Pembayaran,Negatif,Negatif,0.9994,"bank Abal Abal awas dana nasabah bisa di tahan se-enaknya, kacau. hati hati yang punya dana berjuta juta"
758fafed-2d29-46f3-91c1-94db24fb7d0b,Ahmad Nasrulloh,1,2026-08-25T07:40:27.555Z,Autentikasi & Akun; Layanan & Fitur Finansial,Negatif,Negatif,0.9994,pemblokiran rekening terhadap aktifis
2a10ba06-bf6d-4af7-a2f2-e5ceda4b5ea4,Dede Gemoyy,1,2026-08-25T07:40:06.756Z,Layanan & Fitur Finansial,Negatif,Negatif,0.9295,potongannya besar kali. tabungan 1.023rb di tarik cuma bisa 847rb gila banget bener bener keterlaluan
73d9acbb-70d3-484f-aac1-1132d4580ef6,Dariyan Setiansah,1,2026-08-25T07:39:33.243Z,Autentikasi & Akun,Negatif,Negatif,0.9899,"ga jadi makenya,nanti di blokir"
9ec2b71c-7e77-4dd4-9025-b9110a3930b5,Daniel Dani,1,2026-08-25T07:39:08.860Z,Autentikasi & Akun,Negatif,Negatif,0.9981,2 kali bikin akun mandiri semua nya udah di blokir sama pihak mandiri dan tidak ada konfirmasi terkait pemblokiran
73801077-babc-45b8-bb21-9fb008614320,artomoro ardi,1,2026-08-25T07:38:24.193Z,Autentikasi & Akun; Layanan & Fitur Finansial,Negatif,Negatif,1,Bank yang bisanya blokir rekening orang.. tapi tak bisa blokir rekening judol...
dd5d6a73-fe2c-4dbf-aa5a-06f221305af3,Siti Nurjannah,1,2026-08-25T07:38:21.655Z,Autentikasi & Akun,Negatif,Negatif,0.964,"jangan dipake lagi guys, banknya bisa ngeblokir sepihak"
04bb9955-034d-456d-9017-063f19a71480,sofyan hadi,1,2026-08-25T07:38:16.339Z,Autentikasi & Akun,Negatif,Negatif,0.9975,blokir ngasal
c2ff41b6-6ccd-4176-b20b-b532ebbf869b,ari sofitri,1,2026-08-25T07:38:09.261Z,Lainnya,Negatif,Negatif,0.9901,bank yg menurut saya tdk aman sanggat mudah d intervensi sangat berbahaya menyimpan d sini
db00daf4-3fd7-4957-ae11-caec02125a25,Koni ciwa,1,2026-08-25T07:37:31.363Z,Autentikasi & Akun,Negatif,Negatif,0.9995,Bang busuk pemblokir nasabah
2682aadc-b9af-43ce-bcf1-17e4a3cf3a92,Ahmad Maulana,1,2026-08-25T07:36:58.706Z,Lainnya,Negatif,Negatif,0.9821,Aplikasi janco bisa di sortir pemerintah wkwk
393f47e4-eebb-4044-a57e-aa6a10ca43c6,anisa Qur'aini,1,2026-08-25T07:35:58.546Z,Autentikasi & Akun,Negatif,Negatif,0.998,pemblokiran secara sepihak
f1df4788-8417-4d17-8592-bc01f4bb051e,Lutfy Marjan,1,2026-08-25T07:35:47.182Z,Lainnya,Negatif,Negatif,0.9987,tidak amanah
82df6a88-8b0b-4963-a259-edb745d73baf,bayu fatikhin,1,2026-08-25T07:35:32.850Z,Lainnya,Negatif,Negatif,0.9516,meresahkan
efe08ce2-c448-4654-9b7e-b441b299d363,raffi pratama,1,2026-08-25T07:34:30.380Z,Kinerja & Server,Negatif,Negatif,0.9351,di jam malam sering eror .dan edapan saldo terlalu besar .
d9be1466-7793-4c23-b5e7-3a55beaa0f41,Muhammad arya Irawan,1,2026-08-25T07:34:26.393Z,Lainnya,Negatif,Negatif,0.9708,makan nih bintang 1
94e9a372-72f3-4340-8dc9-659382f2b901,Dimas Panji,1,2026-08-25T07:34:02.745Z,Lainnya,Negatif,Negatif,0.9981,di kendalikan aparat tidak aman
d48301a9-c707-4fe9-b51c-0c1f3fdd99e0,Rano rusdiana (Silapak Rongsokan),1,2026-08-25T07:33:37.120Z,Lainnya,Negatif,Negatif,0.9739,bank zolim
884fd326-0f34-4366-8304-13056b98a268,R Dann,1,2026-08-25T07:33:18.100Z,Autentikasi & Akun,Negatif,Negatif,1,"jelek,bisa ke blokir"
ed431568-ad14-4c60-96d9-0dc419f3dd9a,Adhit Tya,1,2026-08-25T07:33:09.896Z,Autentikasi & Akun,Negatif,Negatif,1,takut di blokir
6a3104bb-3f94-4751-94ac-4f3b19aa614a,Juanda Wanda,1,2026-08-25T07:32:46.910Z,Lainnya,Negatif,Negatif,0.9954,ngeri banget
61bc9d9e-cdf8-4c50-b48a-7e28e81f2975,Rizky Fallah,1,2026-08-25T07:32:29.447Z,Lainnya,Negatif,Negatif,0.9998,bank mandiri yang tidak mandiri.
0b5d635f-e456-4f84-8645-0bd4e6ea99eb,Tasya 15,1,2026-08-25T07:32:23.630Z,Lainnya,Negatif,Negatif,0.9986,"katanya mandiri, kok di setir aparat?..chuaksss"
a7d82604-617e-485b-b471-cf60675a47db,Didik Siswanto,1,2026-08-25T07:32:22.214Z,Autentikasi & Akun,Negatif,Negatif,0.9964,blokir sepihak kasus botox itu blunder yang sangat serius untuk sekelas bank mandiri
50d13a49-e8b8-455f-898a-71cc08743e7c,Aryanto Oey,1,2026-08-25T07:32:11.765Z,Lainnya,Negatif,Negatif,0.9946,BANK terburuk
a759a986-3e78-4f45-adc5-89ed3a8bc013,wahyu batara,1,2026-08-25T07:32:09.563Z,Lainnya,Negatif,Negatif,0.9992,pelayan buruk saldo nasabah di kosong dengan 1 pihak
374d7ff9-19ee-4097-900d-1a3db8ce36c1,muhamad Aliyudin,1,2026-08-25T07:32:07.700Z,Kinerja & Server,Negatif,Negatif,0.9892,lelet banget
8d215597-56f2-4e4f-90cc-8e71f1240fad,Nasi Kultur,1,2026-08-25T07:32:04.230Z,Autentikasi & Akun; Layanan & Fitur Finansial,Negatif,Negatif,0.9972,"jangan pernah nabung di bank ini, dari pada tiba2 rekening di blokir / di bekukan... Ehhh bukan di tunda transaksinya 🤣🤣🤣"
badc5384-3145-4ead-ac66-382b1922118c,Azwar Fahmy Production,1,2026-08-25T07:32:01.290Z,Autentikasi & Akun,Negatif,Negatif,0.9992,ngeri bank mandiri ni bisa di blokir sepihak ternyata.. gak aman nyimpannya di mandiri
ba4918d3-df74-4fbc-8eea-f7d032b08128,rifqi hidayat,1,2026-08-25T07:31:45.631Z,Lainnya,Negatif,Negatif,0.9993,apk bosok
a5874120-725c-446a-a39d-516217e96901,Agung Setiawan,1,2026-08-25T07:31:23.294Z,Lainnya,Negatif,Negatif,0.9927,jadi takut mau simpan uang di bank yg bekerja sama dengan penjahat
0e607eb8-2a5e-4a66-9efb-fa87432f681b,Cahyo Ediperwito,1,2026-08-25T07:31:16.833Z,Lainnya,Negatif,Negatif,0.9866,tidak independen lagi
ff9d55ee-66ad-4427-adf6-df12ba6869fa,Cah Semarang,1,2026-08-25T07:31:11.748Z,Autentikasi & Akun,Negatif,Negatif,0.9999,pemblokiran nasabah aktivis
0cbbd4b3-777c-4864-8f0d-b6d79e98769c,Kim Sega,1,2026-08-25T07:30:12.298Z,Lainnya,Negatif,Negatif,0.9934,uninstall
dc17aa8b-b390-412d-a7dd-54ecbaf6710c,Laras septiani Fitri,1,2026-08-25T07:29:47.209Z,Lainnya,Negatif,Negatif,0.9583,butut
29d47722-3580-4716-b72e-83753691d028,Yoga Best,1,2026-08-25T07:29:33.348Z,Autentikasi & Akun,Negatif,Negatif,1,takut d blokir
72aec881-58c7-414e-924b-c6a061d757c2,Bastian Karlsson,1,2026-08-25T07:29:11.575Z,Lainnya,Negatif,Negatif,0.9334,apk bgo
99c43ff5-7416-4a8d-a3d7-ab8f2df3964b,Bayu Dwi prasetyo,1,2026-08-25T07:28:47.989Z,Lainnya,Negatif,Negatif,0.9965,"KECEWA,"
de9846ae-0125-4d53-82c6-949abc0ca0c7,Zoe Andrian,1,2026-08-25T07:28:43.202Z,Lainnya,Negatif,Negatif,0.9772,sering kehilangan
82180da1-215e-48a0-92e6-939b3b13f6cf,Muhammadfathan Azima,1,2026-08-25T07:28:26.664Z,Lainnya,Negatif,Negatif,0.9986,bank koruptor
472740b8-141f-4471-a1a8-fcb6513d4de5,Azri Rahmat Maklim Nasution,1,2026-08-25T07:27:58.840Z,Autentikasi & Akun; Layanan & Fitur Finansial,Negatif,Negatif,1,asal blokir rekening tanpa alasan yang jelas
7a9f91ef-ddcf-4d55-a559-1d61e1e02423,Lukas Sitorus,1,2026-08-25T07:27:58.880Z,Lainnya,Negatif,Negatif,0.9947,bank ga beres tidak bisa di percaya
01ccd998-3c97-4eb7-92cc-0adba737385f,Anne Eka Wijayanti,1,2026-08-25T07:27:35.651Z,Lainnya,Negatif,Negatif,0.9822,Uang donasi untuk para aktivis di bekukan? padahal sama sekali bukan uang haram atau ilegal secara hukum. Itu uang bukan uang korupsi dan pemberian nya pun jelas 😌
f74b3d5e-b081-4329-ad98-07c375957724,Abu Rizal Farhan,1,2026-08-25T07:27:06.868Z,Lainnya,Negatif,Negatif,0.9699,"terindikasi berbahaya, karena terjadi aktivitas intervensi yang tidak rasional."
1ee5c5b4-c9e3-47cd-a8ac-e6fc37e31e66,Mnyt,1,2026-08-25T07:26:54.770Z,Autentikasi & Akun,Negatif,Negatif,0.9996,takut diblokir wkwk
0c928592-4f54-4ec9-98e3-7afe135dec41,Arya,1,2026-08-25T07:26:51.931Z,Autentikasi & Akun,Negatif,Negatif,0.9986,akun ku di blokir
0d49d718-1eb2-4fad-8f8f-6e5fa2e21455,Anton Setiana A,1,2026-08-25T07:26:40.692Z,Lainnya,Negatif,Negatif,0.9375,tkut d block nih
45fae3df-8e6e-4803-ae1a-c0db90c65b39,Wahyudi Dwi,1,2026-08-25T07:26:40.800Z,Autentikasi & Akun; Layanan & Fitur Finansial,Negatif,Negatif,0.9938,mau buka rekening GK jadi untung pas liat berita bisa ngeblokir sesuka hati hampir aja kena. tetep di sebelah aja deh
ee32dc4a-c3cf-49eb-852b-3efc1df15c97,Yuda Permana,1,2026-08-25T07:26:27.708Z,Autentikasi & Akun; Layanan & Fitur Finansial,Negatif,Negatif,1,takut di blokir saldo rekening saya
b77569d9-9eea-4cfb-b8bb-76df23b847bc,king tama,1,2026-08-25T07:26:17.191Z,Lainnya,Negatif,Negatif,0.9918,mampus banyak yg narik uangnya dari mandiri ke bank lain
fa84a362-a6c2-4548-8c2d-d1e15ebe70ea,Game Mandash,1,2026-08-25T07:26:01.389Z,Autentikasi & Akun,Negatif,Negatif,0.9996,"Kasus pemblokiran akun nasabah sangat mengecewakan, simpan uang di mandiri jadi makin menakutkan"
be791429-3dca-47c9-ade3-f9c631bebd9a,Imam kurniawan,1,2026-08-25T07:25:18.516Z,Lainnya,Negatif,Negatif,0.9997,boikot bank mandiri
d3245238-f90a-4b74-9990-c9b305de9678,Rohmat Esy 21,1,2026-08-25T07:25:08.803Z,Lainnya,Negatif,Negatif,0.8587,kritiknya isinya bazer semua wkwwkwkwkwkkw
422a9274-e690-4150-970a-20ea45589219,Farid Faisal,1,2026-08-25T07:24:37.465Z,Lainnya,Negatif,Negatif,0.9819,tidak rekomended
a7fd611a-dcf6-40bf-9be4-569ed8ed3c00,Siba Sakti,1,2026-08-25T07:24:34.936Z,Kinerja & Server,Negatif,Negatif,0.9973,Apk bobrok🥱🥱
28cfa1b4-c5b4-4264-9a16-11e6f58ffab2,Fahad Abdul Jalil,1,2026-08-25T07:24:27.158Z,Autentikasi & Akun,Negatif,Negatif,0.9886,"ganti HP mau login ulang malah diblokir mulu harus ke cabang yang jauh, ga banget"
507f4d36-9761-476b-9f5d-191363239090,Pandu Prayudha,1,2026-08-25T07:24:23.825Z,Lainnya,Negatif,Negatif,1,bank sampah
8d9b5cbe-84c1-4493-9dea-949875848252,Raden Muhammad Irsyad,1,2026-08-25T07:24:01.355Z,Lainnya,Negatif,Negatif,0.997,tidak rekomendasi
171a8dc4-369e-44f7-91f4-2dd70ee93331,Albar Akbar,1,2026-08-25T07:23:31.903Z,Autentikasi & Akun; Layanan & Fitur Finansial,Negatif,Negatif,0.9995,bank sesat blokir rekening orang dengan cara sepihak tanpa tahu asal usul masalah seseorang tersebut saran saya jangan pakek bank mandiri mending pakek bank lain saja
18a2b724-2b4c-4499-ae20-ff4dc1f3516e,Wahyu Nahromi,1,2026-08-25T07:22:37.172Z,Lainnya,Negatif,Negatif,0.99,awas d blockir
1b525177-90b4-403d-841d-405ac9ec2238,Amelia Lista,1,2026-08-25T07:22:05.918Z,Kinerja & Server,Negatif,Negatif,0.9892,aplikasi lemot
7c9ac644-47c8-403c-be98-5746efc60dbd,Mardiansyah Putra Dinata,1,2026-08-25T07:21:47.878Z,Autentikasi & Akun,Negatif,Negatif,0.9964,ngeblokir hak orang lain atas perintah aparat kepolisian
ad66ea10-703e-44a5-af64-8700347bb659,Carren,2,2026-08-25T07:21:45.828Z,Lainnya,Negatif,Negatif,0.9805,HARGA DIRI ANDA HANYA 80 JT YA?!
517395bd-3251-4df9-b42d-5d1f1c660253,Royatul Anisah,1,2026-08-25T07:21:18.142Z,Autentikasi & Akun,Negatif,Negatif,0.9896,takut jadi korban pemblokiran saldo tiba tiba
4562d6d5-4f5e-4e1a-a4c1-dad6f0d7f944,M Dlazuar,1,2026-08-25T07:21:03.228Z,Lainnya,Negatif,Negatif,0.9722,"mundur dlu ya dr mandiri.. liat berita ckup mengerikan, data pribadi bisa di lepaskan"
5effef4b-0242-4e80-b444-a814904e557f,Renza Renza,1,2026-08-25T07:20:47.387Z,Autentikasi & Akun,Negatif,Negatif,0.9146,"karyawannya nakal,datang kesekloh disuruh buat daftar aplikasi dimasukin duit 100 diambil lagi duitnya 75 sisa 25"
81b70a47-98d2-4b43-999b-c6efbecc2439,Aria Dwiva,1,2026-08-25T07:20:34.815Z,Lainnya,Negatif,Negatif,0.9999,pelayanan buruk
bbaf6478-7db0-4802-95ff-908b0da18b65,Labieb Ganteng,1,2026-08-25T07:19:55.296Z,Autentikasi & Akun; Layanan & Fitur Finansial,Negatif,Negatif,0.9958,"sebenarnya ngeri-ngeri sedep punya tabungan di mandiri, tabungan donasi yang jelas- jelas milik orang banyak bisa diblokir tanpa alasan kuat, hanya gara-gara diminta aparat, kok bisa gituh loh??? tanpa kejelasan perkara, tanpa putusan pengadilan.. bank macam apa ini???"
d3b31003-10fe-4b1b-9b2e-3cfb1279a6b9,Agung Perdana,1,2026-08-25T07:19:51.940Z,Autentikasi & Akun,Negatif,Negatif,1,"Bank tidak berintegritas, seenaknya blokir uang nasabah 👎👎"
a56d29b3-2657-4005-897a-30cbbca8540b,Fani gunawan,1,2026-08-25T07:19:20.305Z,Lainnya,Negatif,Negatif,0.9766,bank penjilat
c6cbb246-8d92-448a-943b-bf65d56ba9a5,Epih Suhendar,1,2026-08-25T07:19:10.182Z,Lainnya,Negatif,Negatif,0.9847,males pake lg
eb341803-823a-4e53-9561-56c988b7c3c8,unyiel88 oke,1,2026-08-25T07:18:36.817Z,Lainnya,Negatif,Negatif,0.9757,muak
c741de55-0a22-4f16-9367-4a96540fe8b0,MaharDika TV,1,2026-08-25T07:18:34.236Z,Lainnya,Negatif,Negatif,1,buruk
9c242ec1-5741-4e10-b4f9-56077bde25d8,YanLan Yong,1,2026-08-25T07:18:32.851Z,Lainnya,Negatif,Negatif,0.9992,jelekk
4728133e-c0a2-4e96-abae-3f64ce10e139,Madhaniah,1,2026-08-25T07:18:28.284Z,Lainnya,Negatif,Negatif,0.9986,privasi nasabah kurang aman
b071dc66-80cf-4cd4-a8f7-dc1a2c84d802,Heru,1,2026-08-25T07:18:24.548Z,Lainnya,Negatif,Negatif,0.9833,bank aparat nasional ganti nama nya euy
b33c0cf5-de6a-4ab4-b550-fa0bdf4f860b,budiman st,1,2026-08-25T07:18:15.658Z,Layanan & Fitur Finansial,Negatif,Negatif,0.9922,makasih belum mandiri gak jd bikin tabungan ke bank mandiri
62475b8a-169d-40fc-9914-60e3f56a28fe,Muhammad Rafi,1,2026-08-25T07:17:40.839Z,Lainnya,Negatif,Negatif,0.9992,"kata mandiri kok di setir,,,,"
ee293f17-3c2c-4d94-82fa-e582442248fa,Rizky Aulia,1,2026-08-25T07:17:31.772Z,Lainnya,Negatif,Negatif,0.9992,ga adil 💔💔💔💔💔
321f217d-6603-4041-a87c-201d39694d78,Sarih Mamah rido,1,2026-08-25T07:17:26.737Z,Lainnya,Negatif,Negatif,0.9994,mengecewakan boikot mandiri
bd4e91da-948a-4016-be3c-01262b95d038,Hariyanto,1,2026-08-25T07:17:23.760Z,Autentikasi & Akun,Negatif,Negatif,0.9999,"Gak aman, tar tiba² diblokir. kacauuuuuu"
fd0f096b-a79f-4d1c-99df-8db9f81f4ea6,rizkini putri luthfia,2,2026-08-25T07:17:20.630Z,Lainnya,Negatif,Negatif,0.8573,skip. ga lagi2. terimakasih kebersamaanya kmrin walau sebentar aja
2d00f4ba-a9d9-4b2b-ad90-b7efd1f1593c,master printer,1,2026-08-25T07:16:52.750Z,Autentikasi & Akun,Negatif,Negatif,0.9968,"saldo tidak bisa d tarik semua mesti d sisakan 100 payah jg, dan rawan keblokir secara sepihak"
c6648dac-b01e-48c2-8aa0-c5dfaf4737dc,Hafiz Bejo,1,2026-08-25T07:16:07.548Z,Autentikasi & Akun,Negatif,Negatif,0.9995,awas yang nyimpan uang disini bisa tiba² diblokir dengan sepihak hanya karena disuruh aparat uangnya bisa hilang sendiri ya hati² aja sih mending simpan dibank lain ini cm bank khusus koruptor
167481f4-4d7a-402d-9a71-35d4f915df12,Kelvin Pratama,1,2026-08-25T07:15:29.277Z,Autentikasi & Akun,Negatif,Negatif,0.9992,asal blokir gk like aku
e44d6155-077a-4d24-86eb-6d6a0451749a,lala Popo,1,2026-08-25T07:15:22.974Z,Transaksi & Pembayaran,Negatif,Negatif,0.999,banyak sampah penarik dana aktivis!
3516d92e-2342-4dca-a7e9-3a41af8abe71,lonelypersonwithalittlehope 03,1,2026-08-25T07:15:15.217Z,Lainnya,Negatif,Negatif,0.998,YUK BOIKOT!! katanya MANDIRI tau² DISETIR!!
d4e0a376-e932-4b4d-a591-16f2d72a2a3e,Firhan Aldi,1,2026-08-25T07:14:19.330Z,Lainnya,Negatif,Negatif,0.9407,aplikasi judol jangan didownload
e3dd2564-4df6-4189-a9f6-e12962b47260,Samsun Ramlie,1,2026-08-25T07:13:00.830Z,Lainnya,Negatif,Negatif,0.947,"tidak independen, mudah diintervensi polda. apalagi yang lebih tinggi."
2529a6c8-7052-430c-a156-8dc168a2c11b,Nayyra Zahra,1,2026-08-25T07:12:59.707Z,Lainnya,Negatif,Negatif,0.9937,bangkrut aja bank mandiri
2cb27af2-1227-46fe-9bed-96a40e809d51,fahrul Ulum,1,2026-08-25T07:12:37.463Z,Autentikasi & Akun,Negatif,Negatif,0.9998,hati hati guys. 80jt di blokir di bank ini.
4568c6c2-2756-4ec4-b36a-7bf7b358e83e,ahmad maulana qomarudin,1,2026-08-25T07:12:29.600Z,Autentikasi & Akun; Layanan & Fitur Finansial,Negatif,Negatif,0.7563,sebelum meblokir rekening aktifis tolong di fikir2 dlu ya :)
42e27cb5-ff34-4727-8211-e1165b2256b6,Paimun Blok8,1,2026-08-25T07:12:07.966Z,Lainnya,Negatif,Negatif,1,sangat buruk
38de7768-d05e-4ee4-be61-331bcaff076e,Muhammad Maxsun,1,2026-08-25T07:11:44.720Z,Lainnya,Negatif,Negatif,1,buruk
22aa67aa-ada0-419b-a34f-cff0e597e8c7,karim firdaus,1,2026-08-25T07:11:21.364Z,Lainnya,Negatif,Negatif,0.955,narik saldo org yg tak bermasalah
45948f83-4ed1-4b8c-bb59-560cacf05e71,Putra Dadahup12,1,2026-08-25T07:11:01.200Z,Lainnya,Negatif,Negatif,0.8851,ga ush dijelaskan saja dh paham kan anda
8b4cb41e-c1d6-4234-aef8-428345432bbb,Ningsih Ayu,1,2026-08-25T07:11:00.533Z,Lainnya,Negatif,Negatif,0.8258,"ngk bagus, kerja sama noh ama aparat"
05e3bb8b-c4e9-4f86-9fad-b4e6152f81f4,Sulaiman Akb,1,2026-08-25T07:10:42.899Z,Lainnya,Negatif,Negatif,0.9273,buru sekali
3d5dee02-f0a1-4aec-a6ae-32e2c4521101,Lia sari,1,2026-08-25T07:10:38.170Z,Lainnya,Negatif,Negatif,0.9784,takut bgt lho
2be4c8b0-628d-4fad-99a1-d179a2fbccd6,Hafiz,1,2026-08-25T07:10:15.474Z,Autentikasi & Akun,Negatif,Negatif,0.9998,"GAK LAH, NGERI NANTI MAIN BLOKIR BLOKIR AJA DISURUH APARAT HAHAHAH LU HIDUP KARENA NASABAH KOCAG"
10204875-fbee-4bf4-91d5-3154b7bc3a6a,Muhammad irfan,1,2026-08-25T07:09:55.312Z,Lainnya,Negatif,Negatif,0.9884,sering bgt maintenance
5d9a1e36-d533-4fee-a646-7a235d1f7119,Raisya,1,2026-08-25T07:09:42.259Z,Autentikasi & Akun,Negatif,Negatif,0.9983,diblokir tanpa alasan yg jelas
5327e200-584b-4003-8f64-a4b093f30dd1,Syamsul Ibad 1201,1,2026-08-25T07:09:29.595Z,Lainnya,Negatif,Negatif,0.9997,boikot bank mandiri
7febcf93-daad-4cad-b4a6-01813972fb11,Rsas Rhju,1,2026-08-25T07:09:28.367Z,Autentikasi & Akun; Layanan & Fitur Finansial,Negatif,Negatif,1,"tidak aman, Rekening pribadi nasabah bisa di blokir 👎🏼"
bf7a274d-f66c-4c49-a963-9a2019953676,Wildan Upil,1,2026-08-25T07:09:18.286Z,Autentikasi & Akun,Negatif,Negatif,0.999,pemblokir nasabah
a1958026-2637-4671-befd-e911a4933418,muhammad fathin,1,2026-08-25T07:09:05.383Z,Autentikasi & Akun,Negatif,Negatif,0.9298,"sangat menyesal memakai bank mandiri, semenjak ada nya kejadian donasi demontrasi pati 80jt yg di blokir dengan gampang nya dengan asumsi bahwa mereka suruhan aparat. tetapi mereka begitu saja mendengarkan dan mengikuti suruhan tersebut, saya jujur saya sangat menyesal karena attitude atau layanan kepada nasabah Bank mandiri tersebut. terimakasih Livin/bank mandiri saya benar benar menyesal, good bay Livin"
4854e88b-a727-444a-a8d6-f825f84ea739,Ramses Andrean,1,2026-08-25T07:08:50.356Z,Lainnya,Negatif,Negatif,0.9997,bank plat merahh .parah...kacau ini bank ..boikot
698f7757-4290-468e-b123-5faba50573c6,Bunda Ida,1,2026-08-25T07:08:46.781Z,Lainnya,Negatif,Negatif,0.9905,stop nabung di mandiri
3b235368-c78d-482e-af26-bc68934f46b5,djchristian 57,1,2026-08-25T07:08:18.868Z,Lainnya,Negatif,Negatif,0.9996,namamya aja mandiri tapi masih bisa di setir sama aparat
0a69ded9-104b-44e1-b78e-557246d85e29,Ary Anto,1,2026-08-25T07:07:58.903Z,Lainnya,Negatif,Negatif,0.996,hati²
b59628ea-c224-4945-ac59-85f2e024a9eb,Ari Nainggolan,1,2026-08-25T07:07:45.293Z,Autentikasi & Akun,Negatif,Negatif,0.9948,gak Logis kok bisa blokir sepihak.
05444cf5-337c-4533-8650-0658fca8dda3,Nur Fitri,1,2026-08-25T07:07:15.834Z,Transaksi & Pembayaran; Layanan & Fitur Finansial,Negatif,Negatif,0.9941,Sangat kecewa dengan layanan Bank Mandiri. Rekening nasabah bisa dibekukan sehingga membuat akses terhadap dana pribadi terganggu tanpa penjelasan yang jelas kepada pemilik rekening. Kepercayaan nasabah seharusnya dijaga dengan transparansi dan prosedur yang jelas. Mohon evaluasi kembali kebijakan agar hak dan keamanan nasabah tetap dihargai.
0bcd64b7-5a1d-4a33-b5d0-19bb4e84e886,Nasake,1,2026-08-25T07:07:01.690Z,Lainnya,Negatif,Negatif,0.9938,tak bagus
77c4821f-d4db-43c4-a34e-aed5b4fe81ff,M Nawaf,1,2026-08-25T07:06:48.891Z,Lainnya,Negatif,Negatif,0.9966,enggak aman
a622fda5-e879-404f-b771-ae8fb67c01ac,alfin r prasetyo,1,2026-08-25T07:06:44.513Z,Lainnya,Negatif,Negatif,0.9273,bangsadd!!
dca0be96-0d02-4361-935f-77a6d334e82e,Muhammad Alfarizi,1,2026-08-25T07:06:29.543Z,Autentikasi & Akun; Layanan & Fitur Finansial,Negatif,Negatif,0.9994,"takut ah ,, mandiri suka blokir blokir tabungan.. gila sii.. ambil saldo kalian pindahkan ke bank lain .. keburu di blokir Ama mandiri"
155ddc2d-203b-4e0b-a91d-34026d162ab8,Nabila Putri,1,2026-08-25T07:06:25.578Z,Autentikasi & Akun,Negatif,Negatif,0.989,masaa melakukan pemblokiran atas permintaan APH? yg bener aja. mandiri kok di setir
96298033-01f1-4ec1-87a5-157f85c809f6,Wong Sing Song,1,2026-08-25T07:05:51.517Z,Autentikasi & Akun,Negatif,Negatif,0.9837,pemblokiran/penundaan transaksi untuk demo
58f3fc58-9f6a-48f9-96d6-cbdd9c4e5d1c,Budi Prasetyo,1,2026-08-25T07:05:46.977Z,Lainnya,Negatif,Positif,0.8565,Mantaap
59762cd6-dfde-4d4f-8404-061339cd2f2c,Hendrik Pariansyah,1,2026-08-25T07:05:43.869Z,Autentikasi & Akun; Layanan & Fitur Finansial,Negatif,Negatif,1,main blokir rekening
d69a843c-ede9-43c1-97a8-4055a9f1e7f8,Arita Gunawan,1,2026-08-25T07:05:39.962Z,Autentikasi & Akun,Negatif,Negatif,0.9997,maaf tidak berguna... bisa2 blokir akun orang
5b51bb23-9b5f-4bd2-8f12-26724d9e1463,Reii Sama,1,2026-08-25T07:05:38.184Z,Autentikasi & Akun; Layanan & Fitur Finansial,Negatif,Negatif,0.9999,"mandiri tidur, besok blokir rekening nasabah lagi"
88675520-587b-471f-b3f7-4ab2231fd5b4,Eko setiawan,1,2026-08-25T07:05:30.565Z,Lainnya,Negatif,Negatif,0.9904,bekukan bang mandiri
007789c5-f0d0-4326-ab64-58fe8ee6783b,Rossi Sang Legenda,1,2026-08-25T07:05:03.720Z,Lainnya,Negatif,Negatif,0.9999,pelayanan buruk
1cff5732-2e33-4ade-b0c7-9a082b3eaa65,Rendra Lucky,1,2026-08-25T07:05:02.596Z,Lainnya,Negatif,Positif,0.8565,bagus
72856283-5606-44c3-9169-1152dffb2082,Sutomo Tomo,1,2026-08-25T07:04:15.340Z,Autentikasi & Akun; Layanan & Fitur Finansial,Negatif,Negatif,1,"Parah Bank Mandiri, bisa blokir rekening Nasabah semena2."
a7001ac5-7822-4c2a-aeef-3c42467ea1bd,Minggo YT,1,2026-08-25T07:04:09.790Z,Lainnya,Negatif,Negatif,0.9993,parah ini
07da4b42-adf0-4ecf-b68f-d6f7bfe6cb5f,wachid khairul annam,1,2026-08-25T07:04:08.885Z,Autentikasi & Akun; Layanan & Fitur Finansial,Negatif,Negatif,0.9996,memblokir rekening nasabah tanpa ijin
175a15be-e6a9-419a-bb56-3b1cc40d2ebb,Yopi Ardiansyah,1,2026-08-25T07:04:03.488Z,Lainnya,Negatif,Negatif,0.9794,aplikasi korup sekutu Aparat
4f89c30f-9dce-4734-995d-daa7da5ff270,Muhammad Fauzan Adriansyah,1,2026-08-25T07:03:28.331Z,Lainnya,Negatif,Negatif,0.9273,tcuih
7796ec29-f549-4127-bd0a-a70aae714f19,Pradipta Adiprasetia,1,2026-08-25T07:03:10.301Z,Lainnya,Negatif,Negatif,0.6404,😁
f13f55fe-0b53-480a-86e4-cb2fe9298352,MISIANTI,1,2026-08-25T07:02:53.330Z,Transaksi & Pembayaran,Negatif,Negatif,0.9652,uang orang dibekuin tanpa sebab uang ku hilang 1 jt disni ga ada ku tf kmna2 ga bertanggung jawab
dedbea75-4b52-4893-afca-38752c7c4445,kimal palepi,1,2026-08-25T07:02:04.265Z,Autentikasi & Akun; Layanan & Fitur Finansial,Negatif,Negatif,0.9989,sangat.kecewa.dengan mandiri sangat di sayangkan keselas apple.ajah di tekan oleh fbi dia gak tunduk lah ini rekening.nasabah.main blokir blokir saja
e066cd2a-fd7f-4630-b406-568ec523052a,Eky Dwi prasetyo,1,2026-08-25T07:01:56.882Z,Lainnya,Negatif,Negatif,0.9911,bank DZOLIM
45f5e560-40b4-481a-9924-960c3fa50734,Depiro Rio,1,2026-08-25T07:01:55.404Z,Lainnya,Negatif,Negatif,1,bank sampah
0f7fdbab-ecc3-4de7-8179-7cdb52c8bce8,Siti Hodijah,1,2026-08-25T07:01:27.711Z,Lainnya,Negatif,Negatif,0.9956,kecewa berat.
8850e333-479e-41ce-8fd0-782db686af83,Garox Lovania ❶,1,2026-08-25T07:01:07.947Z,Lainnya,Negatif,Negatif,0.9834,blunder mas
936a3273-c9be-4141-8641-d6fd949bf897,Muhamad Hidayat,1,2026-08-25T07:00:59.440Z,Lainnya,Negatif,Negatif,0.9965,uang gaji saya ilang 5 jt dilivin tidak ada pergantian sama sekali livin mandiri makin kesini makin ngaco
10290096-0beb-4513-9520-7375e17c7405,Agus supriyanto,1,2026-08-25T07:00:44.432Z,Autentikasi & Akun; Layanan & Fitur Finansial,Negatif,Negatif,0.9996,"Mandiri , yg blokir rek untuk mas botok, bisa ya ternyata dibawah telunjuk"
e3307319-348b-44f2-b713-581aa2426977,Afit Julianto,1,2026-08-25T07:00:13.868Z,Autentikasi & Akun; Transaksi & Pembayaran; Kinerja & Server; Layanan & Fitur Finansial,Negatif,Negatif,0.7568,"Admin, tolong perbaiki lg penyimpanan nama2 akun daftar transfer, krn nomor rekening baru kadang gak bisa di save, jd ketika mau transfer lg musti ngetik lg no.rek tujuan Dicek dipencarian tdk bisa / tdk muncul. Ini masalah sdh lama, sejak aplikasi sebelum update, sdh beberapa tahun lalu seblm berubah di livin mandiri, tp masalah ini tetap saja tdk diatasi Lalu, livin mandiri ketika awal buka, gak berubah layarnya ke login, jd tetap saja logo livin mandiri, jika gak di kluarkan dulu gak bisa"
dc474e5d-0a2a-45a3-9fa5-a3239c96f451,kuliner adit dogen,1,2026-08-25T07:00:08.929Z,Lainnya,Negatif,Negatif,1,bobrokk
daa12d3f-d2b7-4249-ad96-604998565a04,Deden Nurdin,1,2026-08-25T07:00:06.974Z,Kinerja & Server,Negatif,Negatif,0.9892,lemot
75b8d2b0-a73f-427e-a0ab-89399b34cd54,Ip Ab Sa,1,2026-08-25T06:59:53.975Z,Lainnya,Negatif,Negatif,0.9872,anda adalah bank terburuk no 1 di indonesia
181c8606-11ab-42ce-8570-63f5ddbc64e7,Suseno Juli Anjasmoro,1,2026-08-25T06:59:43.183Z,Lainnya,Negatif,Negatif,0.9808,awal kehancuran
5296e696-5cb7-4309-8ec2-5e92e9059e60,ARDA HALIWARNA,1,2026-08-25T06:59:35.404Z,Lainnya,Negatif,Negatif,0.9982,pelayanan buruk tidak komitmen
4398d117-be38-4275-b51c-9e9589623531,Credo Christian Rumimper,1,2026-08-25T06:59:34.398Z,Autentikasi & Akun; Layanan & Fitur Finansial,Negatif,Negatif,0.9922,memblokir rekening sepihak melanggar undang undang. dan membahayakan tabungan untuk kedepan. jangan pakai bank mandiri
f1d1acff-b01b-47d0-bf94-f223668ace5b,RDM Gaming,1,2026-08-25T06:59:34.303Z,Autentikasi & Akun,Negatif,Negatif,0.9999,"SAYA PINDAH BANK BCA.. UDAH GAK GUNA MAIN BLOKIR SALDO NASABAH, MAMPUS TURUN SAHAM #BOIKOTBANKMANDIRI"
890c4e28-c2dd-4a37-8011-55de0688c54f,Tengku Mukhtar,1,2026-08-25T06:59:02.568Z,Autentikasi & Akun,Negatif,Negatif,0.9938,Pelaku pemblokiran uang rakyat
9ebd9b8d-8766-4e60-9bc3-9aebd18cfa68,Rifky Dwinanto,1,2026-08-25T06:58:47.937Z,Lainnya,Negatif,Negatif,1,bobrok
7bbbf44c-b30a-47f1-8106-665bd3fbc81b,calvin salomo,1,2026-08-25T06:58:29.772Z,Lainnya,Negatif,Negatif,0.9239,gak pantas di jadikan tempat penyimpanan uang
34ea1023-f6f9-4557-ab26-8eb9af71f7e5,Agus sibro Mulaisi,5,2026-08-25T06:58:26.227Z,Lainnya,Positif,Positif,0.9889,Bagus aplikasi yg mudah d pakai dan lengkap
a0e971d5-e7c7-4785-886f-d3cd066cb46a,Pat Mini,1,2026-08-25T06:58:07.272Z,Lainnya,Negatif,Negatif,0.9408,carut marut masalah demo
cfafbc27-18a2-459d-8a3b-057649591e00,Sis Saefan,1,2026-08-25T06:57:57.342Z,Lainnya,Negatif,Negatif,0.9738,ribet lebih gampang bca
3f7b0b37-29c0-4a45-bb58-20b2ca970362,Reanker897,1,2026-08-25T06:57:48.409Z,Autentikasi & Akun,Negatif,Negatif,0.9965,"maaf nie ya awalnya saya percaya mandiri tapi sekarang saya pindah bang lain aja, terlalu mengecewakan banget"
a5fac28f-6d20-447e-9cbf-361f743657f3,Aether Flike,1,2026-08-25T06:57:47.578Z,Autentikasi & Akun,Negatif,Negatif,0.9875,"SANGAT² TIDAK REKOMEND UNTUK MENGGUNAKAN APLIKASI INI KARNA SALDO ANDA AKAN DI CURI DAN DI BLOKIR, BAHAYAAAA MENGGUNAKAN APLIKASI INI"
60e7f147-4afa-4d0c-8bb2-b2b9d0c1fc40,Tata Muhamad,1,2026-08-25T06:57:29.622Z,Lainnya,Negatif,Negatif,1,👎
2443fca0-682c-420e-80d5-e4db8010006b,Riksal Pureng,1,2026-08-25T06:57:25.566Z,Lainnya,Negatif,Negatif,0.9965,kecewa
5913dc71-2035-41dd-ba28-d9b3cda41f28,Akun Moba,1,2026-08-25T06:57:19.418Z,Lainnya,Negatif,Negatif,0.9989,bank BUMN paling tidak aman ke nasabah
271bff18-4e52-4327-8689-d5b0fd06d60e,Irfan Maulana Yusup,1,2026-08-25T06:57:10.128Z,Autentikasi & Akun; Layanan & Fitur Finansial,Negatif,Negatif,0.9997,hati hati bank nya bisa ngeblokir rekening kita seenaknya mending pindahin aja semua saldonya pindah ke bank yang udah pasti aman ke BCA
dce99faa-5636-4f4d-8387-c1203111d105,santi santi,1,2026-08-25T06:57:09.335Z,Autentikasi & Akun,Negatif,Negatif,0.9999,ini bank bumn sampahhhhh suka blokir tanpa penjelasan dan pemberitahuan
ee9284f2-634e-4e33-acec-08dc0397ed9b,Aboh Saja,1,2026-08-25T06:56:45.178Z,Lainnya,Negatif,Negatif,0.9793,"kalo bukan karna kerjaaan ogah gw pake mandiri , mending pake permata , mandiri potongan nya terlalu barbar"
2c64c993-ce30-425c-9ab9-332c66c11d35,Chemistry Donghua,1,2026-08-25T06:56:38.260Z,Lainnya,Negatif,Negatif,1,Bank sampah
de2e0951-4c73-4d82-a8f7-72b9e642db63,Rama Nur Yasin,1,2026-08-25T06:56:26.649Z,Autentikasi & Akun,Negatif,Negatif,0.9931,logout mluuu apk nya ribett
591764fc-3bfd-49ce-a9fe-5a60f18bc719,tifa latifah,1,2026-08-25T06:56:16.427Z,Lainnya,Negatif,Negatif,0.9985,mandiri mengecewakan
6f34f95c-5b53-4ff1-882b-cfc4a73aa3aa,Budi Utomo,1,2026-08-25T06:55:58.334Z,Autentikasi & Akun,Negatif,Negatif,1,"bank ini tidak amanah,takut nyimpan uang di bank ini bisa kena blokir tiba""."
185a7efb-a2f7-4990-ba0c-a18b49747640,Regar Bike,1,2026-08-25T06:55:49.945Z,Lainnya,Negatif,Negatif,0.9901,kurang memuaskan
c3c3110e-362b-4694-adce-8af4792be9e9,muhammad talib,1,2026-08-25T06:55:47.705Z,Lainnya,Negatif,Negatif,0.96,ikutin aja kemauan aparat 😂
71c40d4b-a12d-45e5-b8d2-535dccc05f73,ayun sasuke,1,2026-08-25T06:55:37.878Z,Autentikasi & Akun; Transaksi & Pembayaran,Negatif,Negatif,0.9991,gl jlas banget blokir blokir dana orang
3d8b2f4e-d362-437a-8bdf-de853e0788ec,Faqih Ak,1,2026-08-25T06:55:22.946Z,Lainnya,Negatif,Negatif,0.9785,so very bad
db693e49-3073-458f-8c96-82653badb0f6,Ayam hitam,1,2026-08-25T06:54:49.390Z,Autentikasi & Akun,Negatif,Negatif,0.9999,takut di blokir kayak aktifis
8c2c97b4-c21c-4836-a9eb-7789b20fc942,Reza Mahardika,1,2026-08-25T06:54:35.888Z,Lainnya,Negatif,Negatif,0.9983,katanya bank MANDIRI tapi bisa KO DI STIR !
b06c272c-a76f-4d94-832e-c3915c8dc8d8,djamboelz mboelz,1,2026-08-25T06:54:20.707Z,Lainnya,Negatif,Negatif,0.9908,menjijikan boikot
43d06009-47c9-4b8a-9c34-dfa2c4b26280,aku kamu,1,2026-08-25T06:54:12.177Z,Lainnya,Negatif,Negatif,0.9671,kasihan . bank dijadikan alat tekan ke rakyat
4a8ac558-d3e1-41dd-9209-ded4b9f5dbad,musa tandi,1,2026-08-25T06:53:55.573Z,Autentikasi & Akun,Negatif,Negatif,0.9999,tolong jangan asal blokir lagi. saya jadi takut pakai mandiri takut di blokir
305d1965-5d19-4438-a415-2c8d9af2a6d9,Anjas Chanel,1,2026-08-25T06:53:43.500Z,Autentikasi & Akun,Negatif,Negatif,0.9487,semenjak saldo mengendap saya 10rb jadi 100rb saya sudah tidak respek apalagi sekarang kasus pemblokiran sepihak
885a40b5-836c-4157-a291-8943eae02cdb,Rival Ardiansyah,1,2026-08-25T06:53:38.300Z,Lainnya,Negatif,Negatif,0.9685,cuh
8f317457-e347-4760-8ab1-cf2032fb7ffb,Rully Acru,1,2026-08-25T06:53:33.293Z,Lainnya,Negatif,Negatif,0.9839,bank milik aparat
cdea3e76-6b1e-49ab-9e10-d8ef0c5c7f6e,Riki Barokah,1,2026-08-25T06:53:31.554Z,Lainnya,Negatif,Negatif,1,bank bobrok
046f4a74-a0f7-45b7-b7d7-e77a743efd26,KAR,1,2026-08-25T06:53:27.606Z,Lainnya,Negatif,Negatif,0.9894,Kurang puas sama pelayanannya
2c360127-6e76-4391-a46c-6c340aba6990,asb,1,2026-08-25T06:53:21.670Z,Autentikasi & Akun,Negatif,Negatif,0.9999,pemblokiran nasabah aktivis!!
d02cf3cd-4278-4495-9d10-fd1a275a5eac,Hamas risadi,1,2026-08-25T06:53:07.237Z,Autentikasi & Akun; Layanan & Fitur Finansial,Negatif,Negatif,0.9999,AWAS REKENING DI BLOKIR
5787fe1f-6d0f-4a38-a5e1-1b4e97bc42bb,wono sabda,1,2026-08-25T06:52:32.229Z,Lainnya,Negatif,Negatif,1,jelek
b0d2977f-6773-4155-bcd2-c24b94d77dd2,Frans Bangun,1,2026-08-25T06:51:20.205Z,Lainnya,Negatif,Negatif,0.9977,mandiri gak jelas
e85d48f9-7422-4b9d-958a-3169efba2858,AMEL PUTRI,1,2026-08-25T06:50:54.292Z,Lainnya,Negatif,Negatif,1,jelek
8d9fcced-426d-47f0-8495-6c495de26d98,Aqila Umaiza158,1,2026-08-25T06:50:50.169Z,Lainnya,Negatif,Negatif,0.9924,mandiri tapi di setirin
dce619a0-8f3c-4f0e-a135-0dc8a2fdc520,Nanang Staka,1,2026-08-25T06:50:44.981Z,Lainnya,Negatif,Negatif,0.9994,boikot aplikasi dari bank ini
bc6657aa-fbcb-47b9-b5c4-c8b8027c93a6,Ikhlas Chanel,1,2026-08-25T06:50:42.857Z,Kinerja & Server,Negatif,Negatif,0.936,bank tertol tol se indo
9d257831-d0d3-4810-a673-06467441535a,Ghaisan Bani,1,2026-08-25T06:50:35.130Z,Autentikasi & Akun; Layanan & Fitur Finansial,Negatif,Negatif,0.9999,tukang nge blokir rekening orang
de235e01-1e40-4101-81b7-76360783321c,Muhamad Rievaldi,1,2026-08-25T06:50:32.860Z,Autentikasi & Akun,Negatif,Negatif,0.9998,memblokir nasabah aktivis.
f77ca4ef-eec7-4d60-8286-65a494a92c84,Iyakah,1,2026-08-25T06:50:04.720Z,Autentikasi & Akun,Negatif,Negatif,0.9892,bahanya bisah ke blokir mendadak
1c0062ca-bb71-46d4-81c1-a6865b09ed86,Dani Tea,1,2026-08-25T06:49:55.271Z,Autentikasi & Akun; Layanan & Fitur Finansial,Negatif,Negatif,0.9994,maen BLOKIR nasabah secara SEPIHAK tanpa konfirmasi..itu nma'a penyalahgunakan kekuasaan dan kepercayaan masyarakat...TUTUP rekening ajalah pindah ke SWASTA yg lebih menjaga NASABAHnya😡😡😡
72053f76-f937-4803-8d4b-b97e732a7503,doni gustiana,1,2026-08-25T06:49:33.897Z,Autentikasi & Akun,Negatif,Negatif,0.9976,kredibilitas nya gmna ya?ya maen blokir atas perintah tanpa memperhatikan hak nasabah
6942362e-dfc4-411f-87f2-33054644d057,ady irawan 24,1,2026-08-25T06:49:15.464Z,Lainnya,Negatif,Negatif,0.9996,boikot mandiri
8e0fb62f-e3d8-429b-bd72-f58628361210,Muhammad Ilmi candra,1,2026-08-25T06:48:42.870Z,Lainnya,Negatif,Negatif,0.9755,kasih bintang 1 karena duit botak
8123ef04-fe81-47cc-a73e-8d5c63bd549e,Ajie Ismail,1,2026-08-25T06:48:15.165Z,Lainnya,Negatif,Negatif,0.9791,BANK PEMBUNGKAM RAKYAT
26c49910-827f-4007-a76a-7f9271e6408f,Riski Pku,1,2026-08-25T06:48:03.849Z,Lainnya,Negatif,Negatif,1,sangat buruk uang saya sering berkurang👎👎👎
a0fd2f5b-3556-4661-a9d7-3ef4d30344d6,Chitato LINF,1,2026-08-25T06:48:00.319Z,Autentikasi & Akun,Negatif,Negatif,1,blokir
feec092b-900d-4aa8-a264-da9be884af4e,Orenji Cat (Karya Orange),1,2026-08-25T06:46:48.161Z,Lainnya,Negatif,Negatif,0.9579,saatnya mengosongkan saldo ku yang seuprit
05c4fc20-c093-4af1-8ca8-551af6517afc,Kurniawan Almi,1,2026-08-25T06:46:18.970Z,Lainnya,Negatif,Negatif,1,KACAU
c81cc2c3-3f5a-4d62-83ad-a3149253e1c8,Celeste,1,2026-08-25T06:46:04.133Z,Lainnya,Negatif,Negatif,0.939,"Bank ga bermanfaat, sesat"
01e7ba82-e221-4182-bdd9-f155534f1347,Abdul Rohman,1,2026-08-25T06:45:29.729Z,Autentikasi & Akun,Negatif,Negatif,1,"ngeriii takut di BLOKIR sepihak , mandiri parah ."
79481129-7af9-4aae-99e0-e27bceffa17b,Aditia jaka Pratama,1,2026-08-25T06:44:10.665Z,Lainnya,Negatif,Negatif,0.9996,nama doang mandiri tapi masih bisa disuruh sama aparat
7ea36226-91b9-48dc-8f8d-1b25449e6bc5,Burhan Setiawan,1,2026-08-25T06:43:49.437Z,Lainnya,Negatif,Negatif,0.9979,boikot
c7349aba-e54e-407c-a0b1-961566e19734,Fadli Ramadhan,1,2026-08-25T06:43:22.609Z,Kinerja & Server,Negatif,Negatif,0.6814,"Cuma pengen di update fitur penarikan tunai ada pecahan 50rb, mohon banget di kabulkan, biar bisa narik pecahan 50rb"
1803d128-6dce-4711-9054-96cdf3913b28,anang chaneL,1,2026-08-25T06:42:06.906Z,Autentikasi & Akun,Negatif,Negatif,0.9999,main blokir blokir aka
fb4db3a4-1db3-47e3-b6a2-0712cea75ab2,Yulius Sanjaya,1,2026-08-25T06:41:42.212Z,Autentikasi & Akun,Negatif,Negatif,0.9999,bank dikendalikan Aparat penegak hukum tanpa dasar hukum bisa main blokir
6b37e40a-19aa-4e11-b0a5-a1582d28c677,Zain Ahmad,1,2026-08-25T06:41:39.335Z,Lainnya,Negatif,Negatif,0.9968,bank aneh
35c64e44-67fc-49ab-a2e8-beae16d75dfd,M IBNU FIKRI,1,2026-08-25T06:41:26.811Z,Autentikasi & Akun,Negatif,Negatif,0.9989,awas kenak blokir
e42673de-fad3-4354-bfbe-1b2e59d104a8,Muhammad Surya Komara,1,2026-08-25T06:41:10.281Z,Lainnya,Negatif,Negatif,1,jelek
59d30cd6-5006-4019-97e4-b936640be02d,Farhan Nurandi,1,2026-08-25T06:40:51.564Z,Autentikasi & Akun; Transaksi & Pembayaran; Layanan & Fitur Finansial,Negatif,Negatif,0.9954,pemblokiran dana aktivis katanya mandiri mulai saat ini saya uninstall dan bakar tabungan mandiri
117fd5fc-61da-44e2-92ac-f30c75e5cd12,Reza Fardiza,1,2026-08-25T06:40:43.676Z,Lainnya,Negatif,Negatif,0.9993,busuk
9fc5e863-157e-4a46-b69c-b7a8b62ae2f5,MARCO BTJ,1,2026-08-25T06:40:40.368Z,Autentikasi & Akun; Layanan & Fitur Finansial,Negatif,Negatif,0.9998,"sekelas mandiri, main blokir uang nasabah hanya karna permintaan aparat tanpa konfirmasi ke pemilik rekening, bahaya banget"
028b3fa2-2a91-4b2b-8b43-1d793253e5df,Reza Pahlawan,1,2026-08-25T06:40:30.156Z,Lainnya,Negatif,Negatif,1,aplikasi sampah
336cc4c5-bf8c-40e5-8151-1345e617f4bb,Haekal hairian,1,2026-08-25T06:40:11.551Z,Lainnya,Negatif,Negatif,0.997,tidak rekomendasi
df1c4081-c398-4cd0-9a7d-aab4ea263468,アンナス,1,2026-08-25T06:40:08.841Z,Lainnya,Negatif,Negatif,0.9999,Nama MANDIRI Tapi Disetir Aparat 😂😂
f2ad4043-2086-4cda-ba28-9018a3129b84,Tyok Prastyo,1,2026-08-25T06:39:32.124Z,Lainnya,Negatif,Negatif,0.9273,Kopettttt
f7115d2c-ec1f-4514-a8a3-0f66c8cc29f8,Ahmad Sanjaya,1,2026-08-25T06:39:27.310Z,Kinerja & Server,Negatif,Negatif,0.9586,apk nya kebanyakan loading
83791c80-6e02-4e0e-8e87-4d61bb723309,ferdi siregar,1,2026-08-25T06:39:15.551Z,Lainnya,Negatif,Negatif,0.984,Tukang makan Saldo
41b9ffaf-5109-45e7-919a-1d3d5b70a7b2,rukia kuchiki,1,2026-08-25T06:38:27.737Z,Autentikasi & Akun; Layanan & Fitur Finansial,Negatif,Negatif,0.9999,"memblokir rekening aktivis, berarti data nasabah tidak aman disini"
cad8d70a-66aa-4e55-96c6-7a1eb5917e27,Tri Ardianto,1,2026-08-25T06:38:10.761Z,Autentikasi & Akun,Negatif,Negatif,0.9997,saya takut di blokir kak😭
92802c50-7320-4d7f-b7e6-7d94f9dfda89,Junco Hadi,1,2026-08-25T06:37:58.287Z,Autentikasi & Akun,Negatif,Negatif,0.9744,pemblokiran sepihak tanpa landas hukum
78e0cce4-6b9c-49b6-b4e8-c7dc9388000c,Parlin Hutauruk,1,2026-08-25T06:37:55.190Z,Lainnya,Negatif,Negatif,0.9273,takot
34492832-f518-445c-a8c5-cbff7553e702,OYNG Channel,1,2026-08-25T06:37:44.235Z,Lainnya,Negatif,Negatif,0.9881,BANK REZIM BIADAB
e7163065-e7f8-4b53-ad7c-0119fb99e4e7,rezha alausy fauzan,1,2026-08-25T06:37:31.500Z,Autentikasi & Akun,Negatif,Negatif,0.9991,sebel sama blokir aktivis. itu aja.
feffb9c3-352f-4456-8ca2-7c978cec71d7,legolas dark8,1,2026-08-25T06:37:19.458Z,Lainnya,Negatif,Negatif,0.9814,pro koruptor oiii..
b60f8e40-aaad-4369-901b-d395a26eb9b6,shafwan arsalan yusuf,1,2026-08-25T06:35:57.567Z,Autentikasi & Akun,Negatif,Negatif,0.9611,maintenance mlu sehingga saldo yang msk jdi tertahan
5d6309c3-232a-4488-b622-8919b877c765,Muchammad Fajar Sidiq,1,2026-08-25T06:35:49.963Z,Autentikasi & Akun; Layanan & Fitur Finansial,Negatif,Negatif,0.9996,jangan asal blokir rekening ya
220ca38e-8f53-4e4d-9acf-72e9e4bc5d1c,win winarningsih,1,2026-08-25T06:35:48.499Z,Lainnya,Negatif,Negatif,0.9979,"takut banget dibekukan, bca aja paling aman. ga bisa disetir, privasi aja bisa diperlakuin semena mena🫠"
32f244ce-246f-4b52-87b1-c1f130b8297b,Tegar ridho,1,2026-08-25T06:35:34.197Z,Autentikasi & Akun,Negatif,Negatif,0.9999,pemblokir nasabah aktivis!!
36964a04-2ff7-4ed8-bf11-6416068a0f21,Rafli Rivaldi,1,2026-08-25T06:35:05.447Z,Kinerja & Server,Negatif,Negatif,0.9892,lemot
9fc31e75-27e9-456d-a710-e19bf08a6e0f,Novrizal Rizal,1,2026-08-25T06:34:50.432Z,Lainnya,Negatif,Negatif,0.9999,Tolol
c4ab35b2-164b-42e4-955f-b6706734e412,Ahmad Fatoni,1,2026-08-25T06:33:31.193Z,Autentikasi & Akun,Negatif,Negatif,0.9965,semena memblokir nasabah
0e72212e-fedb-4255-906e-0ad971d191e1,Rifky Mahendra Darmawan,1,2026-08-25T06:33:18.463Z,Lainnya,Negatif,Negatif,0.9273,saatnya migrasi
01212c20-fc61-4606-8e75-84101c768e67,Adi Adi,1,2026-08-25T06:33:00.671Z,Lainnya,Negatif,Negatif,0.9996,"Bank kok di setir aparat, padahal uang pribadi. harus nya ketentuan antar bank & nasabah, kenapa ngikut aparat. harus hati hati kalo pakek mandiri ini"
9ba2b261-8e05-4ca9-acc5-ea5687219a47,Aidil Fadlan,1,2026-08-25T06:32:20.526Z,Autentikasi & Akun,Negatif,Negatif,0.9999,pemblokir nasabah aktivis!
5dc699ac-eb99-4da3-bd31-fd373c8b243a,Fahrezi Maulana,1,2026-08-25T06:32:20.177Z,Lainnya,Negatif,Negatif,0.9999,tolol
e6451955-6871-4ea4-98a8-c4040864418f,playlist forlife,1,2026-08-25T06:32:01.494Z,Autentikasi & Akun,Negatif,Negatif,0.8712,Bank opo iki gak ono udan gak ono angin main blokir2 wae
ab428c2d-42cc-4504-a8a1-df70d98c827d,ipeh imeh,1,2026-08-25T06:31:53.465Z,Autentikasi & Akun,Negatif,Negatif,0.9995,"Loe kira loe doank bisa blokir, rakyat juga bisa blokir loe"
0ef1a33a-0600-4d4e-98f6-e63c3216b47b,Jono Supret,1,2026-08-25T06:31:50.880Z,Lainnya,Negatif,Negatif,0.9966,tidak aman
657fbd4e-f074-4c48-b3a1-74d3fdf485da,Nella Roikhatull,1,2026-08-25T06:31:45.479Z,Lainnya,Negatif,Negatif,0.9168,tidak efisien
5487d0bb-3b86-4a37-9dba-899522fb8d46,Siska Kurniati,1,2026-08-25T06:31:33.993Z,Autentikasi & Akun,Negatif,Negatif,0.9999,Pemblokiran nasabah aktivis!!!
d3c3e911-4d13-4495-b863-6983c5c689b6,Maful Maful,1,2026-08-25T06:31:26.431Z,Lainnya,Negatif,Negatif,0.9623,konyol
71ae8aa9-e3f8-4253-bdb1-edef9e2b0a2a,babang tamfan,1,2026-08-25T06:31:17.312Z,Lainnya,Negatif,Negatif,0.999,Kecewa sama Mandiri
0101308c-7948-4757-a3b7-9d766e0445ad,Juli Pramono,1,2026-08-25T06:31:11.790Z,Autentikasi & Akun; Layanan & Fitur Finansial,Negatif,Negatif,0.9983,"Selamatkan uang kalian dan masa depan kalian, jangan sampai rekeningmu keblokir."
a1104bde-aec4-4e61-b5b2-cd9c88c3a416,Rifal Project,1,2026-08-25T06:31:07.340Z,Lainnya,Negatif,Negatif,1,jelek
846e07c7-90f8-49b0-919f-588ee9418fb5,its. ella,1,2026-08-25T06:31:05.210Z,Autentikasi & Akun,Negatif,Negatif,0.9941,heh 1 jt gw keblokir ya anjir 🥲
b3611ac1-1306-4298-b19a-f26f72335f85,Reza Gaming,1,2026-08-25T06:30:10.604Z,Lainnya,Negatif,Negatif,0.9997,Boikot bank mandiri
ae575a33-4d95-420c-807d-c7a6a631f5a9,Muhammad Riski,1,2026-08-25T06:29:57.412Z,Lainnya,Negatif,Negatif,0.9986,Kacung pemerintah
daa0d1a6-b08f-4b9e-bcdd-ba3e2881d95c,Mochamad Fadli Ariyanto,1,2026-08-25T06:29:53.830Z,Lainnya,Negatif,Negatif,0.9979,boikot
26c6de97-29a0-4952-9cd9-65ff12695d1c,Febrian Syah00,1,2026-08-25T06:29:14.549Z,Lainnya,Negatif,Negatif,0.9999,sistem bobrok
014f8b52-9de0-4a4a-97a0-d07d94b3def8,Samsul Arifin,1,2026-08-25T06:28:25.672Z,Autentikasi & Akun,Negatif,Negatif,1,Bank kacau main blokir aja
e02b8efb-fbd7-48e2-ad11-3e44c0ac8ce8,affriliailham 1621,1,2026-08-25T06:27:33.837Z,Autentikasi & Akun,Negatif,Negatif,0.9999,pemblokir nasabah aktivis
b15b3205-9416-41c8-a988-3158c7c3e84b,Randa,1,2026-08-25T06:26:43.367Z,Lainnya,Negatif,Negatif,0.9956,kecewa berat
29932eac-b89e-4aea-8386-77241b638403,Candra adiputra,1,2026-08-25T06:26:18.232Z,Lainnya,Negatif,Negatif,0.9273,problematik
7805254a-fa48-4177-93f5-f4f21e3b52a9,Siska aryani firdaus,1,2026-08-25T06:26:11.219Z,Lainnya,Negatif,Negatif,0.9988,bank tidak amanah tidak mampu menjaga privasi nasaba
e3c5a563-62ad-49da-b97a-2edee1656cbc,Wahyu 05,1,2026-08-25T06:26:08.173Z,Lainnya,Negatif,Negatif,0.9966,aplikasi tidak aman
9fdea4aa-30fa-417c-9ed7-1837ae70cb44,aang syaekhu,1,2026-08-25T06:26:00.293Z,Lainnya,Negatif,Negatif,0.9704,mandiri mmk
b8533929-e639-49e2-8b50-8d04729b0865,Nur Laily Mahrus,1,2026-08-25T06:25:54.594Z,Autentikasi & Akun,Negatif,Negatif,0.9996,coba blokir duit korupsi.. bisa gaaaa
749e092c-2911-4704-9522-d599afea6d88,Zief 024,1,2026-08-25T06:25:27.843Z,Autentikasi & Akun,Negatif,Negatif,0.9915,"tolong blokir juga saldo ku yang di mandiri, ada 3rebu itu lumayan buat parkir karyawan lu"
51236844-4d81-4859-a881-422e8079a1fb,RADEN SANCREEK,1,2026-08-25T06:24:52.632Z,Autentikasi & Akun,Negatif,Negatif,0.9904,"tidak recommended masa uang hak pribadi bisa terblokir,"
7b3e3b1f-3407-4dca-aa99-694de0d39a52,Tuan Pena,1,2026-08-25T06:24:36.961Z,Lainnya,Negatif,Negatif,0.9997,BOIKOT BANK MANDIRI!!!!
b41b89bd-4b67-4287-b179-1b917b58a626,Abdi Urang,1,2026-08-25T06:24:08.917Z,Autentikasi & Akun,Negatif,Negatif,0.9999,hati-hati bank mandiri ternyata bisa di suruh aparat untuk blokir uang nasabah. bye bye livin
3d41d6fb-3a53-47c2-ade4-bb1b28839459,Pria Keren,1,2026-08-25T06:23:58.569Z,Autentikasi & Akun; Layanan & Fitur Finansial,Negatif,Negatif,0.9998,"Jangan percaya bank mandiri. Rekening nasabah diblokir tanpa alasan, tanpa ada kasus kriminal. Kemarin rekening aktifis diblokir, bisa jadi besok rekening kalian yang diblokir. Tarik dan pindahkan uang kalian dari bank mandiri selagi masih bisa."
e1a7bf13-febe-41aa-9c1c-6eb96517bcec,fius Pratama,1,2026-08-25T06:23:53.974Z,Lainnya,Negatif,Negatif,0.8844,kacrut
a2fdd1e5-fb36-44f8-810d-bdc96667b81e,Move Play,1,2026-08-25T06:23:28.475Z,Lainnya,Negatif,Negatif,0.9936,scam
401866cb-713a-4c29-bd6f-d66d012a63e0,Fajrul Falah,1,2026-08-25T06:23:16.826Z,Autentikasi & Akun,Negatif,Negatif,0.8685,data dan privasi nasabah jangan d buat mainan yak. kalian hidup dr trust masyarakat. bgo banget dah main blokir2 tanpa ada putusan pengadilan. bisa terjadi ke siapapun suatu hari nanti yak teman2. sebelum ambil keputusan SOP review pengaduan kalian gmn sih heran. pengambilan keputusan tetep harus berdasar logika dan empati dimana2 yak. sekelas bank bisa gitu ya Allah.
0777e6f4-123e-4446-87c2-c5808b95d750,Eni Murniati,5,2026-08-25T06:23:14.492Z,Transaksi & Pembayaran; Kinerja & Server,Positif,Positif,0.8716,kenapa ya mau di pake buat tf susah banget? padal sudah restart hp sama mode pesawat jaringan juga
a4e6604e-383e-4450-9d47-534958063f74,RahulL jr,1,2026-08-25T06:22:52.411Z,Lainnya,Negatif,Negatif,0.9998,jelek banget pelayanannya
7ae464d1-a013-4d75-9496-78d12b75128d,Muhammad Abdillah,1,2026-08-25T06:22:20.264Z,Autentikasi & Akun; Transaksi & Pembayaran,Negatif,Negatif,0.981,dana yang terblokir tidak jelas bukan karena apa apa aplgi sampai tindak kriminal
3b89f5bf-5005-4803-8731-20fc4f7581a1,uya sokuy DM,1,2026-08-25T06:22:10.628Z,Lainnya,Negatif,Negatif,0.9974,takut
3cf0116d-2bab-4fa6-97e1-18a426020fa7,Windi Ameliani,1,2026-08-25T06:21:39.809Z,Lainnya,Negatif,Negatif,0.9963,awas ges kena scam nanti duit nya ilang semua 😂😂
763b2230-7a13-4a77-b5a8-e5371b90f642,Dra Alfiah,1,2026-08-25T06:21:37.263Z,Lainnya,Negatif,Negatif,0.7717,unprofessional behaviour... be carefull of your money here...
5fb74a56-3ec8-4a1c-84d6-82624339dbc0,Kalawet Indonesia,1,2026-08-25T06:21:30.337Z,Autentikasi & Akun; Layanan & Fitur Finansial,Negatif,Negatif,0.9997,"bank yg tidak kompeten, tidak untuk rekomendasi. rekening pribadi bisa di blokir SE enak jidat."
ebfe885b-4cf1-4c6a-95a1-accf110d2dc9,Adhi Nurahman,1,2026-08-25T06:20:58.333Z,Lainnya,Negatif,Negatif,0.9234,"terimakasih atas layanan nya, karena berita viral tersebut saya pamit"
cbc4c66f-8e89-45ea-9c96-420fb9e81765,Valen Sitorus,1,2026-08-25T06:20:52.368Z,Autentikasi & Akun; Layanan & Fitur Finansial,Negatif,Negatif,0.9998,MEMBLOKIR REKENING TANPA SEBAB
196d45a6-8ea3-4aa4-a1b5-f7c02217f2ae,Wendy Pratama,1,2026-08-25T06:20:50.695Z,Kinerja & Server,Negatif,Negatif,0.961,"loading nya lama, kadang2 terhenti ..."
535813cf-39c9-4f6f-92eb-61a9fef64e46,M Fadly,1,2026-08-25T06:20:30.450Z,Autentikasi & Akun,Negatif,Negatif,0.9996,Cabut Uang Dari Mandiri.. Takut di Blokir.. pindah ke bank Non Plat Merah Saja
a68e8d49-0ca2-46a8-be2c-60074c8d2d01,Aditya Rachmatullah,1,2026-08-25T06:20:16.864Z,Lainnya,Negatif,Negatif,0.994,"ilang ntr duit nya ngeri, udh saya tarik semua uang dari livin"
fec15842-af26-4f05-9806-f07c43f1bb46,Reynaldy Prasetio,1,2026-08-25T06:20:10.436Z,Lainnya,Negatif,Negatif,0.9873,Mandiri kok di bisa di stir sama yang lebih kuat uang nya 🤭
eb0adf5c-c451-4b29-9cd1-1cea386aad3e,Gita Herlina,1,2026-08-25T06:20:02.881Z,Autentikasi & Akun,Negatif,Negatif,0.9997,sering pemblokiran akun
907aa61e-32e7-42fa-b499-6077b54bbaa1,roza nanda,1,2026-08-25T06:19:45.459Z,Lainnya,Negatif,Negatif,0.9631,bank ini tidak cocok untuk saya
4f302c1f-6ace-49c7-b2dd-84f8a488b973,Dha Hendra Al Wada,1,2026-08-25T06:19:26.530Z,Autentikasi & Akun,Negatif,Negatif,0.9954,sudah logout sendiri
a13a9c72-f1ac-488d-94b7-51509cda7fcc,rafihz16,1,2026-08-25T06:19:09.514Z,Lainnya,Negatif,Negatif,0.9986,kacung pemerintah
a3f8a0d6-cc7e-40be-8793-4a66b4f4880d,Rico Novri Sandra,1,2026-08-25T06:19:07.897Z,Autentikasi & Akun; Transaksi & Pembayaran; Layanan & Fitur Finansial,Negatif,Negatif,0.9794,"bank mandiri tidak menjamin keamanan uang di banknya... buktinya dengan mudah meblokir tabungan nasabah, hanya karena suruhan aparat padahal tidak ada tindakan pidana, tidak ada putusan pengadilan... Sungguh Mandiri telah melanggar undang2..."
82fd51cd-4db5-438f-9c8c-cf6497d99519,sri andayani,1,2026-08-25T06:18:50.978Z,Lainnya,Negatif,Negatif,1,jelek!!
445ec35e-678e-4c1c-8dc6-2d200daae147,Nurdiansyah,1,2026-08-25T06:18:42.852Z,Lainnya,Negatif,Negatif,0.9729,alesannya tau kan knpa bisa bintang 1
be242a86-9a80-454c-b78e-312a26e0c795,youfan af,1,2026-08-25T06:18:37.436Z,Lainnya,Negatif,Negatif,0.9979,boikot
c261b08c-78be-44ae-a71d-57c4938d0e98,Ahmad Gusnaldi,1,2026-08-25T06:17:52.343Z,Lainnya,Negatif,Negatif,0.9673,tdi mau jadi nasabah prioritas di mandiri tpi dgn kejadian yg lagi viral terpaksa saya harus mindahkan ke bank lain
669ddc66-772d-461e-a460-830ab008531f,Mul Yana,1,2026-08-25T06:17:18.112Z,Lainnya,Negatif,Negatif,0.9548,Bank toll
1afec556-109b-4124-b726-6da8edd11e8f,Dirga Putra Anugrah,1,2026-08-25T06:16:47.485Z,Lainnya,Negatif,Negatif,0.9992,mandiri kok di setir
5aaebd86-1ddb-4366-8dcc-fcd2956d276b,Ipoel stromp,1,2026-08-25T06:16:41.104Z,Lainnya,Negatif,Negatif,0.9168,tidak untuk kali ini
def1901b-399a-40a6-a089-e04fc65deda8,Brianpratama,1,2026-08-25T06:16:35.235Z,Lainnya,Negatif,Negatif,0.9452,aduhh
684856d5-c93f-420c-9495-6e2b7b79bcf7,Jeme Kite,1,2026-08-25T06:16:31.750Z,Lainnya,Negatif,Negatif,0.958,Tangan kanan aparat🤣🤣🤣
4559b874-46ff-401b-8a47-decaee0bcd3c,Hasan adnan,1,2026-08-25T06:16:26.170Z,Lainnya,Negatif,Negatif,0.9988,"bank tidak amanah,simpan di bank mandiri buat hati resah dan was was"
a58bde99-bfa6-440b-a505-4ed11469a105,Muhammad Arham Arief,1,2026-08-25T06:16:16.645Z,Lainnya,Negatif,Negatif,1,buruk
4b05105f-ecee-4f12-a0c2-8ee62f21d995,Iqbal Riyandi Fitra,1,2026-08-25T06:15:54.586Z,Autentikasi & Akun,Negatif,Negatif,0.9999,tukang blokir
41369025-e380-4250-b1dd-51db0ac108f2,Meichel Loho,5,2026-08-25T06:15:39.463Z,Lainnya,Positif,Positif,0.7676,sangat membantu
a6ab23b3-b3b8-45c7-b449-2df05440e06e,Mastercool AC Service,1,2026-08-25T06:15:32.784Z,Lainnya,Negatif,Negatif,0.9863,Sangat Tidak Worth It Nabung Disini Keamanan Nya Tidak Jelas Bisa Disetir APH
5e4f1bfc-9258-4dbd-976b-843ca802b1bd,Prajna Raksloka,1,2026-08-25T06:15:19.392Z,Lainnya,Negatif,Negatif,0.9996,boikot mandiri
fdac6b7a-f94b-4695-b825-ed10495f048b,Lathief Maulana,1,2026-08-25T06:15:08.136Z,Lainnya,Negatif,Negatif,0.9958,sangat tidak recommended. jangan pakai Mandiri dikarenakan TIDAK AMAN
fedc5cf2-10a4-4e14-8ce7-6a0472f9bedd,Aldi Putra,5,2026-08-25T06:14:56.725Z,Autentikasi & Akun,Positif,Negatif,0.9518,bisa blokir sembarangan aaokwowko
cf8527d0-4de5-4818-86ea-8411becbfea0,Indra Haris Setiawan,1,2026-08-25T06:14:40.733Z,Autentikasi & Akun,Negatif,Negatif,0.9999,Bank yg bisa di setir aparat TOLOL. pindah ke bank digital aja guys.
3567b7c3-5429-4079-8b36-bfd752380e52,David Gumelar,1,2026-08-25T06:14:37.253Z,Autentikasi & Akun,Negatif,Negatif,0.991,saldo atm pati diblokir
232c7b0e-a21d-43de-970c-59ea260193eb,Muhammad rizal Widiyanto,1,2026-08-25T06:14:37.116Z,Lainnya,Negatif,Negatif,1,bank cacat
d56cbe27-705e-46fd-b310-ce73f1c7e0ba,Iman Sutrisna,1,2026-08-25T06:14:20.210Z,Lainnya,Negatif,Negatif,0.9815,kalo bukan karna perusahaan kerja sama dengan ini bank. najis w pake bank mandiri.
e86e20ec-4163-4f5b-b7af-31ac8ab43e0c,Ragil Gilang,1,2026-08-25T06:14:08.190Z,Lainnya,Negatif,Negatif,0.9993,aplikasi bosok😹
95eb2eb7-4e54-46bc-b7ae-91a86c9389b0,Dia Usia,1,2026-08-25T06:14:05.260Z,Lainnya,Negatif,Negatif,0.9769,jahat
6a86d537-e87b-47a4-96e1-3f51e61e67f6,Icha Silvianovita,1,2026-08-25T06:13:41.256Z,Lainnya,Negatif,Negatif,0.9965,mengecewakan
589f4ba5-b545-4de9-a1ba-a1dec050cc44,Klik Akun,1,2026-08-25T06:13:25.124Z,Autentikasi & Akun,Negatif,Negatif,0.9938,maaf saya kecewa dg tindakan bank mandiri yang trmasuk main hakim sendiri
5b9c7e95-aa01-4713-9251-e77a5dc338d6,Yoga Pangestu,1,2026-08-25T06:13:24.721Z,Autentikasi & Akun; Layanan & Fitur Finansial,Negatif,Negatif,0.9999,takut di blokir rekening gweh
52824ead-76a4-4266-b54b-b63a9a8d183e,Kurniawan,1,2026-08-25T06:13:24.203Z,Autentikasi & Akun,Negatif,Negatif,0.9459,Semoga gak diblokir sepihak
c17e56df-a729-4d0e-a9f2-9fab4e90b03a,Randiansyah sn,1,2026-08-25T06:12:43.748Z,Autentikasi & Akun,Negatif,Negatif,0.9971,awas diblokir
e5155350-c52e-4aae-9e3a-430088c6358f,Rezky Aditya Nugraha,1,2026-08-25T06:12:42.110Z,Autentikasi & Akun,Negatif,Negatif,0.9999,bank pemblokiran nasabah aktivis
6cc5b2d1-a224-4835-a72c-b404825e8d96,Arken Koi,1,2026-08-25T06:12:35.660Z,Autentikasi & Akun; Layanan & Fitur Finansial,Negatif,Negatif,1,bank nya suka blokir rekening orang
69eb3903-8162-41c1-90e3-da9b576abebb,Ary Hasyim,1,2026-08-25T06:12:22.271Z,Lainnya,Negatif,Negatif,0.9995,apkikasi tolol
f063e9e5-6f5a-4192-b98b-7c02042aa3f0,Handris Dika farendi145,1,2026-08-25T06:11:39.128Z,Lainnya,Negatif,Negatif,1,buruk
7109ef6d-f321-460a-96f2-83ec2356d5d9,Dita putri,1,2026-08-25T06:11:34.672Z,Lainnya,Negatif,Negatif,0.9273,kurng
509b8c20-ba54-4867-a054-217ed83f1969,Satia Yoga Putra,1,2026-08-25T06:11:21.103Z,Lainnya,Negatif,Negatif,0.9818,berhati hati uang bisa lenyap suatu saat
336501e1-212f-4c99-8bd9-813ada4a2afb,Farrel Pahlevy 01,1,2026-08-25T06:11:16.909Z,Lainnya,Negatif,Negatif,0.9674,terlalu banyak biaya admin
86fbede9-c08a-48af-ab29-729657743be7,andriiansss,1,2026-08-25T06:11:15.997Z,Lainnya,Negatif,Negatif,0.9873,mandiri dzolim
0a781bbd-ebc1-40b5-8e8f-1b082415ffd9,Warrior King,1,2026-08-25T06:11:07.180Z,Lainnya,Negatif,Negatif,0.9807,katanya mandiri koq?😅
3fdece8e-e567-445a-8b9b-74740f4e26a3,mishalkaisanmitano,1,2026-08-25T06:10:56.957Z,Lainnya,Negatif,Negatif,0.9808,hapus aja
7fc0ba97-d114-4da7-9cff-bde0a7da53fa,Siluman Moonbot,1,2026-08-25T06:10:47.305Z,Autentikasi & Akun,Negatif,Negatif,0.9996,hati hati menanbung disini nanti kena blokir
aa80737a-d044-4e44-8b45-2501444593cc,Arkanazico Rafassya,1,2026-08-25T06:10:40.763Z,Lainnya,Negatif,Negatif,1,bank tolol
40e29fac-df43-4909-8f2d-57f9d60d5093,Saeful Azmi,1,2026-08-25T06:10:25.577Z,Autentikasi & Akun; Layanan & Fitur Finansial,Negatif,Negatif,0.9972,"semenjak kejadian pemblokiran rekening salah satu warga pati secara sepihak, saya sangat menyangkan atas kejadian ini, para nasabah pun engga percaya lagi sama bank mandiri."
191a1d00-fe7f-4cc0-8ed1-2a1bc40dff65,Sarim Ajja,1,2026-08-25T06:09:56.112Z,Autentikasi & Akun; Layanan & Fitur Finansial,Negatif,Negatif,0.9996,aplikasi buajingan blokir rekening orang se enak jidat
0b3ba299-89cb-4a07-9a7d-46fdf20c89f1,Kain Murah,1,2026-08-25T06:09:55.490Z,Autentikasi & Akun; Layanan & Fitur Finansial,Negatif,Negatif,1,pindah bank lain aja karna takut di blokir rekeningnya
05b3d7f3-cb70-452e-8d7c-3cf1826ad40d,Muhammad Sofyan Assyauri,1,2026-08-25T06:09:30.611Z,Autentikasi & Akun,Negatif,Negatif,0.9998,bank gajelas. blokir nasabah tanpa sebab. no rekomended
5c752525-4b9b-41a5-b31b-6a8401289fdc,Aryo Si Seleb,1,2026-08-25T06:09:20.917Z,Lainnya,Negatif,Negatif,0.9947,sangat kecewa mending brimo
ae329e81-0087-47f4-97f2-9b1cf5846b30,paulin andriani,1,2026-08-25T06:08:39.229Z,Autentikasi & Akun,Negatif,Negatif,0.9899,Pemblokiran Hak
8bffce98-04da-445d-8d96-1cbf0c979116,Visi Misi,1,2026-08-25T06:08:15.721Z,Autentikasi & Akun,Negatif,Negatif,1,"bank buruk, suka blokir blokir saldo aktifis dan warga kecil dan menengah"
f1b113b2-2090-419d-b098-6e643753e636,Mohamad Kharim,1,2026-08-25T06:08:13.419Z,Lainnya,Negatif,Negatif,0.9938,kurang bagus
19338037-f0b1-495e-a301-23eab429d7fc,Fakhri Akram,1,2026-08-25T06:08:02.908Z,Autentikasi & Akun,Negatif,Negatif,0.9997,"gak ikut demo, ga ngapa-ngapain juga, tapi kartu tetep di blokir juga kacau mandiri wkwkwk"
e68feaeb-2004-4a10-86e5-c7bdc989ff3c,chouiz 098,1,2026-08-25T06:07:59.886Z,Lainnya,Negatif,Negatif,0.9979,boikot!!!
a320e9fb-f9d6-4ff2-b0d0-4d16e9045198,Zaky Ibnu,1,2026-08-25T06:07:24.308Z,Lainnya,Negatif,Negatif,0.9149,TITIK AWAL KEBANGKRUTAN?
e161fafe-8749-4592-bc01-eaa22a2a3ebd,Ann,1,2026-08-25T06:06:33.906Z,Lainnya,Negatif,Negatif,0.9995,mandiri yang tidak mandiri
9468d33e-f409-414c-b980-22ff052566d1,syah putri,1,2026-08-25T06:05:55.236Z,Lainnya,Negatif,Negatif,0.9911,Parahhh kecewa malah ngedukung para penjilat
f7da8a64-fa7d-4141-99b1-11e7f30a3911,arief Sauqi,1,2026-08-25T06:05:46.678Z,Lainnya,Negatif,Negatif,0.919,ga bisa mbuka dah mau 2 bulan..
9d4f01d2-15b9-4c83-bf3e-61d4d249422b,Ahmad Riyadi,1,2026-08-25T06:05:04.982Z,Autentikasi & Akun,Negatif,Negatif,0.9968,pantas untuk diblokir
86050053-b796-4077-b070-f663b16ce8e4,Ryan Maulana,1,2026-08-25T06:04:38.108Z,Lainnya,Negatif,Negatif,0.9853,Tidak independen dan profesional.
65af0105-99be-4001-968e-d3120ef65b75,•BTI• OC,1,2026-08-25T06:04:33.337Z,Lainnya,Negatif,Negatif,1,Kacau
dfbce20b-7cd3-4d6c-a6c1-ad6bf69e8812,wasil effendi,1,2026-08-25T06:04:21.300Z,Lainnya,Negatif,Negatif,0.9273,bobroknya
96c9b218-6ac7-40cf-a71e-f9b4b752b15e,Zaenal Arif,1,2026-08-25T06:03:42.104Z,Lainnya,Negatif,Negatif,0.9997,boikot bank mandiri
93f0a545-48df-4995-a73b-b4eb5906b5c5,Bahrul U0712,1,2026-08-25T06:03:22.394Z,Lainnya,Negatif,Negatif,0.9823,"balikin saldo aktivis pati, kocak lu .. yang salah di bela yang bener di tindas.. kocak2.. jangan sampe kantor mandiri nanti jadi aksi masa.."
601acd03-6380-4a99-8e4f-3ab0e40903fa,FUAD Xmissyou99,1,2026-08-25T06:03:15.763Z,Lainnya,Negatif,Negatif,0.9903,ganti nama aja dari mandiri ke manja
37f05c8d-d6e8-4a36-8a25-7dfa69f42782,Yusuf Romdani,1,2026-08-25T06:03:13.524Z,Lainnya,Negatif,Negatif,0.9974,kurang profesional
c71f3736-b099-4e22-bb72-ecc1459902d7,mid keyz,1,2026-08-25T06:03:07.143Z,Lainnya,Negatif,Negatif,0.9739,BANK ORBA
e6720621-6eb8-4008-ba00-859078ef3c53,Aradea Alfareza,1,2026-08-25T06:02:43.221Z,Lainnya,Negatif,Negatif,0.9979,boikot
6d5f8409-c2a7-494c-b5d4-acc3fb861610,Davit Syaputra,1,2026-08-25T06:02:21.595Z,Lainnya,Negatif,Negatif,0.8087,bca bri lebih oke si
e7ec5cf5-fa19-4f89-b63b-12b9b6efeb0c,Ricky Chandra,1,2026-08-25T06:02:04.500Z,Lainnya,Negatif,Negatif,0.9705,bank terjelek sepanjang masa
5353b96f-b148-4aaa-aab1-9cdc4363dc9f,M.S. Nizar,1,2026-08-25T06:01:59.261Z,Lainnya,Negatif,Negatif,0.9938,kurang bagus
9da1b73c-b4e5-4818-8007-e2d155103ada,pashamcknzie,1,2026-08-25T06:01:51.175Z,Autentikasi & Akun,Negatif,Negatif,1,TUKANG BLOKIR ATM ORANG👎🏻👎🏻
e3d2ddbc-52f0-408b-8c22-203bfc542975,Heru Setiawan,1,2026-08-25T06:01:44.604Z,Lainnya,Negatif,Negatif,0.9897,sangat kecewa. selalu loh out sendiri
e99abfd7-198e-41cb-9d14-4948af69aff5,Gilang Muhammad gilang,1,2026-08-25T06:01:42.678Z,Lainnya,Negatif,Negatif,0.8086,"hirara di ban mulu gak seru, sekalinya lepas musuh pick Franco hadeuhhhhh"
fd0de9e4-138f-42bb-b65d-d6e403cd3341,Rifqi Ayyuda Syifana Effendi,1,2026-08-25T06:01:08.433Z,Autentikasi & Akun,Negatif,Negatif,0.991,"gajelas tiba"" gabisa login sama saldo 50k hilang"
43ecbaa8-ed57-416c-8694-d8af803fe48e,Herr,1,2026-08-25T06:01:04.459Z,Lainnya,Negatif,Negatif,0.9868,ANTEK ANTEK ASENG
30500c28-85df-4f65-89f4-fe28328f6813,Bayu Murti,1,2026-08-25T06:01:03.871Z,Lainnya,Negatif,Negatif,0.9929,"sejak 2014 mulai TIDAK aman, apalagi 2026 bisa semena-mena terhadap orang lain"
9175af08-902d-4ac2-9814-ea6e935bd7fb,Nico FCS,1,2026-08-25T06:00:57.627Z,Lainnya,Negatif,Negatif,0.9784,"gajelas, bnyak kendala potongan, fitur sedikit"
fcd6e0fc-23f8-4ac8-b53a-920c2eb7cfe6,y2music Studio,1,2026-08-25T06:00:45.399Z,Autentikasi & Akun; Layanan & Fitur Finansial,Negatif,Negatif,0.9995,pemblokiran rekening dengan sepihak.!!
365db2e2-307c-415d-bdc9-3fc4a095781a,Diah Ayu Antika,1,2026-08-25T06:00:03.211Z,Lainnya,Negatif,Negatif,0.9999,Gw berfikir secara logika 👎
50c969fc-598d-4bdf-b623-abf0f6ea3287,Raise Vapestore,1,2026-08-25T06:00:01.903Z,Lainnya,Negatif,Negatif,1,kacau
3de4037a-c8d7-42eb-a2b7-dc8d2e2bf104,Imas Solihah,1,2026-08-25T05:59:54.677Z,Lainnya,Negatif,Negatif,0.9999,Mandiri tapi bisa di setir aparat !!
d1b68d04-4d3c-47d0-bca4-a2f67732660a,Ridho Abdillah,1,2026-08-25T05:59:24.319Z,Lainnya,Negatif,Negatif,0.9987,tidak amanah
49e3c53c-c575-40cc-8843-622dc7ce65ec,Hendro andriyanto10,1,2026-08-25T05:59:23.593Z,Lainnya,Negatif,Negatif,0.988,hati2 aja lah skrng
a8dea9e5-d94f-4a5e-a132-a251eaf24e9d,Yossafat Kusuma,1,2026-08-25T05:58:59.630Z,Lainnya,Negatif,Negatif,0.9994,"bank ga jelas,Boikot"
004c7122-06a0-4db9-a5ee-7fff11b9da62,Amare Amodya,1,2026-08-25T05:58:45.980Z,Lainnya,Negatif,Negatif,0.998,bank yang di setir pemerintah
191fe7ef-714f-498d-8c7a-ed140c159088,Zahra Fadhilah,1,2026-08-25T05:58:41.587Z,Lainnya,Negatif,Negatif,0.9786,perusahaan dzolim
9be3b5df-3b85-473a-ba2f-fa4d07133387,Matcha,1,2026-08-25T05:58:34.944Z,Autentikasi & Akun; Layanan & Fitur Finansial,Negatif,Negatif,0.9997,"sengaja download (padahal gak punya rek. di bank ini) cuma buat kasih rating 1 bintang. soalnya bank ini bisa disetir guys, takut bgt saldo tiba tiba blokir"
655b4bfb-2f3d-4c1e-aab3-b5da1d5e6663,Prastio Sandi,2,2026-08-25T05:58:15.494Z,Lainnya,Negatif,Negatif,0.9677,sulit dipercaya
18cab82f-5661-4d53-940e-26269db27dcf,Muhammad Irfan,1,2026-08-25T05:58:14.170Z,Lainnya,Negatif,Negatif,1,bank sampah
5d6adbaa-c8a8-45f8-bfe0-b14a26fc4718,Tanto Yudi,1,2026-08-25T05:58:09.444Z,Autentikasi & Akun,Negatif,Negatif,0.9415,"Apakah artinya bank ini dapat memblokir nasabah secara sepihak? Inget ya, kita ini rekan bisnis, bukan nasabah aja yg butuh bank, bank juga butuh nasabah."
4ce07131-a6cf-42bb-8a49-9b7ac20d4272,Ilman Maoelana,1,2026-08-25T05:58:08.389Z,Autentikasi & Akun; Kinerja & Server; Layanan & Fitur Finansial,Negatif,Negatif,0.9971,"potongan yang tidak masuk akal, loading lama, bug banyak, tidak jarang kadang ngirim uang udah Terpotong saldo, tetapi Saldo ke rekening tujuan tidak sampai. Tolong dong diperbaiki, mending pake My BCA daripada Mandiri, baru kali ini saya kecewa terhadap Institusi bank !"
8c2ffd0f-9610-44e1-a2d2-8d7b07380b89,MS RIFALDI,1,2026-08-25T05:58:08.280Z,Lainnya,Negatif,Negatif,0.9961,"kecewa ‼️ ko bisa sih , jd ga percaya ‼️"
69b00795-39b0-4dbf-a558-ecdc9260307d,Rofik Official,1,2026-08-25T05:57:52.180Z,Lainnya,Negatif,Negatif,0.9898,"mandiri kok di setir, paok paok"
eeb9a691-e32f-4d8e-8992-65f189d9df1d,Cali Gumpai,1,2026-08-25T05:56:47.420Z,Lainnya,Negatif,Negatif,0.9993,burukk
f13a31e9-0150-47ff-8f3e-855994c101f2,ocha lngr,1,2026-08-25T05:56:39.883Z,Autentikasi & Akun,Negatif,Negatif,0.9957,"Bank gila pro aparat, bisa-bisanya blokir atas perizinan dan permintaan aparat. saya sepercaya itu sama mandiri langsung saya ikut tutup akun massal."
0de08447-eb66-49f4-97ca-ef15d2d4cf50,aditya firmansyah,1,2026-08-25T05:56:31.881Z,Lainnya,Negatif,Negatif,0.9987,tidak amanah
e3723141-8cfe-4623-b22e-8450e0f7f309,Hendri Gunadi,1,2026-08-25T05:56:14.161Z,Autentikasi & Akun,Negatif,Negatif,0.998,pemblokiran secara sepihak
598f681a-94b4-4cde-9197-d759ee59f3a8,Hardi Kertawijaya,1,2026-08-25T05:56:09.708Z,Autentikasi & Akun,Negatif,Negatif,0.9197,"HEBATTTT, BISA NGBLOKIR RKYAT BIASA, GILIRAN JUDOL GAK BISA."
89973092-6a9c-4b2b-8cd5-edd5dc242231,Epilogi Epilogi,1,2026-08-25T05:55:42.586Z,Autentikasi & Akun,Negatif,Negatif,0.9127,SUKA NGEBLOKIRIN
e8b8e158-bd02-4caf-8801-d0bd9e5816b4,Joko Santoso,1,2026-08-25T05:55:24.966Z,Lainnya,Negatif,Negatif,0.9128,kepercayaan adalah segalanya
0f161cb8-9251-4701-84f0-6edf511cbb4e,Heldy Caesar,1,2026-08-25T05:55:16.777Z,Lainnya,Negatif,Negatif,0.9991,maling uang rakyat
c3b832b8-67cc-4d5f-bd0d-750a452a7526,Mhd Ridho,1,2026-08-25T05:54:47.652Z,Lainnya,Negatif,Negatif,0.9979,boikot
a5f3c11a-73e5-4a84-99e4-fe5b199d07ad,Afdal Ali Wijaya,1,2026-08-25T05:54:28.235Z,Lainnya,Negatif,Negatif,0.9624,kok bisa diintervensi padahal nasabah itu prioritas dilindungi UU
464281fa-6018-40b7-8d00-83ca24bbcb73,smart tv,1,2026-08-25T05:53:45.801Z,Autentikasi & Akun; Layanan & Fitur Finansial,Negatif,Negatif,0.9998,hati2 bank mandiri seenak jidat memblokir rekening nasabah
debc6749-5ba6-48cb-8d26-e96fc3cb3244,agus yullyadi,2,2026-08-25T05:53:21.896Z,Transaksi & Pembayaran,Negatif,Negatif,0.9402,saya mau tf kenapa ga bisa bisa dari malam sampe sekarang
bd37a249-21d1-48bb-9a70-c0647ab4e09f,Gembong Copetz,1,2026-08-25T05:52:51.970Z,Lainnya,Negatif,Negatif,0.9397,pikir saja sendiri kenapa saya memberikan penilaian ini..
616a6d14-0743-4f38-8025-72e310790e3c,Jdjxjsxh hdhxjdx,1,2026-08-25T05:52:45.460Z,Autentikasi & Akun,Negatif,Negatif,0.9955,AYOOO PINDAH KE BANK LAIN!!!!!!!!!!
a2f8b76d-13d7-4890-8f3c-485f01e2975a,Iqbal Indra,1,2026-08-25T05:52:08.311Z,Lainnya,Negatif,Negatif,0.9632,mau aja d atur sama isilop
15630385-1c5d-4be9-9bd5-99fc667930a3,WIL NZR,1,2026-08-25T05:52:03.300Z,Lainnya,Negatif,Negatif,0.9958,aplikasi gaje
cd1a11ba-d640-4219-a23f-949afc9dd75c,Muhamad Jaki,1,2026-08-25T05:51:59.252Z,Lainnya,Negatif,Negatif,1,sangat buruk
93949e81-2159-41d4-ad6e-546b3cba3ad1,reza,1,2026-08-25T05:51:58.822Z,Lainnya,Negatif,Negatif,0.9992,payah mengecewakan
0e25a7cb-11b9-4273-af90-21665ad2670c,Fariz Yasir Adam,1,2026-08-25T05:51:37.825Z,Lainnya,Negatif,Negatif,0.9525,kecewa gk bisa virtual acount
8649537b-1986-4659-85d2-ae4fdf3865f2,piyan sopyan,1,2026-08-25T05:51:35.913Z,Lainnya,Negatif,Negatif,0.9804,Jangan pernah tabung di Bank Mandiri..... Uang anda tidak bisa di Ambil
ac45ecdb-73c6-461d-bcb6-f19c30093681,Julius,1,2026-08-25T05:51:33.640Z,Autentikasi & Akun; Layanan & Fitur Finansial,Negatif,Negatif,0.9963,pemblokir rekening aktivi
01c2833f-393c-4a72-8984-cecb246e54bb,EDIRMAIRA,1,2026-08-25T05:51:31.620Z,Lainnya,Negatif,Negatif,0.9168,jangan tanyaa
d9106442-85e4-43b1-b0ce-2657ce94c49b,Marningot tua Maradat,1,2026-08-25T05:51:21.566Z,Lainnya,Negatif,Negatif,0.9999,mandiri bobrok
3a132bf8-cf7e-4f2c-bf4b-308b6b5fb00c,MAFG Fery,1,2026-08-25T05:51:05.996Z,Lainnya,Negatif,Negatif,0.9852,ngebolkir nggak jelas
8c19a003-5a14-4f12-b133-f8a4afc2a825,HILMAN ROMALI,1,2026-08-25T05:51:00.991Z,Lainnya,Negatif,Negatif,0.997,TIDAK REKOMENDASI
392dbdc5-c683-4e69-b97f-140dc32f5c55,Dedi,1,2026-08-25T05:50:56.202Z,Lainnya,Negatif,Negatif,0.96,sulit banget pake apknya.
5334162f-4a3c-4d85-a056-02f71ff61209,Bayu Andriyansah,1,2026-08-25T05:50:50.762Z,Lainnya,Negatif,Negatif,0.9805,DISETIR DINEGERI SENDIRI
9594ec59-e98b-4254-866f-74c875f15b5f,Giri Manich,1,2026-08-25T05:50:32.844Z,Lainnya,Negatif,Negatif,0.9917,aplikasi tidak aman terindikasi kebijakan2 tidak aman dan penipuan
f7772900-448e-4a6c-be6b-182214391752,MUHAMMAD ULINNUHA,1,2026-08-25T05:50:16.980Z,Lainnya,Negatif,Negatif,0.996,Katanya mandiri ko do setir pejabat
418d36d2-9746-42e4-9603-4a48f82e03e7,Rudi Ansah,1,2026-08-25T05:50:09.660Z,Lainnya,Negatif,Negatif,0.8373,diantara mbangking bank lain livin doang yang pelit notif .
07b40fef-6602-45de-89a1-6f99d1507f16,Muh Adam Arafat,1,2026-08-25T05:49:59.593Z,Kinerja & Server,Negatif,Negatif,0.9766,Lalod lemot
119a71b0-564e-41a9-a5a4-f55ad2410f19,Tubagus Cahyono,1,2026-08-25T05:49:57.530Z,Autentikasi & Akun,Negatif,Negatif,0.9967,Blokir suka suka hati yahh sekarang
5cf84450-9720-4e8e-8a35-458a5723b516,Maskev Z02,1,2026-08-25T05:49:51.440Z,Lainnya,Negatif,Negatif,1,",,👎👎👎👎"
6c9dd757-f58c-4947-b76e-701e49b0725e,Abdullah Azzam,1,2026-08-25T05:49:41.720Z,Lainnya,Negatif,Negatif,0.9908,"80,9 JT kemana"
b2d48a77-2518-49df-853a-e2c29cc3fa98,Eva Septia,1,2026-08-25T05:49:34.204Z,Lainnya,Negatif,Negatif,0.969,"bank membela aparat😌, bner2 miris🫩"
8fd3568c-8e0c-464c-a436-4ecb55148ddb,Riski Febianto,1,2026-08-25T05:49:31.952Z,Lainnya,Negatif,Negatif,0.9914,saldo tidak bisa di tarik semua
2f45bc1e-69b3-49df-9b27-2f00f23ed58a,hendra setiawan,1,2026-08-25T05:49:17.461Z,Lainnya,Negatif,Negatif,0.9974,tidak profesional
7da67242-cfd4-4595-86b4-a37a7b252c79,Batam Scape,1,2026-08-25T05:49:16.395Z,Autentikasi & Akun; Layanan & Fitur Finansial,Negatif,Negatif,0.9991,"Gw uninstall aplikasinya, takut diblokir saldo rekening gw nanti 😭😭😭"
93e8c8a0-b18e-4f1d-87e3-dd46078917f9,Ramadani,1,2026-08-25T05:49:07.955Z,Lainnya,Negatif,Negatif,1,bobrok
4a2edebb-09ec-4c71-bf71-bfa0121a3402,Alfiansyah,1,2026-08-25T05:48:49.641Z,Lainnya,Negatif,Negatif,0.9273,hancok
f361a822-295b-4754-a5c5-dade11897e1b,bakti nugraha mahipala,1,2026-08-25T05:48:35.153Z,Lainnya,Negatif,Negatif,0.9833,BALIKIN UANG !
04bc56d5-ab67-4dd5-9c99-50af6d5b8cfe,M M,1,2026-08-25T05:48:14.435Z,Autentikasi & Akun; Layanan & Fitur Finansial,Negatif,Negatif,1,"hati hati mandiri sekarang ga aman main blokir rekening, uang kalian bisa di tahan, bank paling terburuk yang saya lihat di sosmed lagi ramai banyk yang di blokir tanpa sebab. pindah rekening, boikot skalian mandiri"
3de836c9-2311-4115-b5be-81d14ece78f8,Ramdani Sulaeman,1,2026-08-25T05:48:11.298Z,Lainnya,Negatif,Negatif,0.994,"sangat buruk, bank terburuk di seluruh asia tenggara bahkan dunia, uang nya bau tikus dasi"
0e409348-ff8c-48b7-91ef-47d03e41eff3,Edi Santoso,1,2026-08-25T05:48:04.400Z,Lainnya,Negatif,Negatif,0.9364,jangan Zolim kepada nasabah
a875d6a4-1f9e-4104-aab3-f453fd1274ca,adelia zahra,1,2026-08-25T05:47:47.893Z,Lainnya,Negatif,Negatif,0.9808,kehancuran sudah dekat
e0c81d45-46d5-4579-b55a-5019cbaecdea,IRFAN NITA,1,2026-08-25T05:47:45.256Z,Lainnya,Negatif,Negatif,0.9998,jelek parah woy
140edd75-522e-4dca-8855-3280074f9592,Rafael YT,1,2026-08-25T05:47:38.190Z,Lainnya,Negatif,Negatif,0.9594,DELETE AJA NI APK
fe7fa052-15b8-4133-a9dc-2495c4c5969c,Virian Tomi Adiyanto,1,2026-08-25T05:47:03.950Z,Lainnya,Negatif,Negatif,0.9965,sangat kecewa dengan apa yang terjadi
31f0eccf-4fc0-452d-b320-061525006120,hamdan hasan,1,2026-08-25T05:46:31.866Z,Lainnya,Negatif,Negatif,0.9965,kenapa harus di stir aparat ????????????
6b777f8e-6a07-4826-bf70-a7fb5f815aed,wildan kec,1,2026-08-25T05:46:28.936Z,Autentikasi & Akun,Negatif,Negatif,0.9971,AWASS ATM NYA DI BLOKIRR🤣😂
2ad299e0-9b28-46c0-b75c-51a8679542ad,Saifannur,1,2026-08-25T05:46:24.852Z,Lainnya,Negatif,Negatif,0.9933,serem takut dibekukan juga saldo ku atas perintah aparat 🥶🥶
97e73e14-828c-44da-81e1-2abc135710e2,Ade Tanjung,1,2026-08-25T05:46:16.397Z,Lainnya,Negatif,Negatif,0.9965,Kecewa
35c0b50a-0f28-407d-bb2b-ae836155d6eb,Karmila,1,2026-08-25T05:46:00.819Z,Lainnya,Negatif,Negatif,0.9859,tiba2 duit ilang sendiri 300 ribu
af792e16-56ec-41b1-bf02-96e7253a128c,agung jati permana,1,2026-08-25T05:44:43.155Z,Lainnya,Negatif,Negatif,0.9999,pelayanan sangat buruk
ebe2b2e7-8916-4671-a020-f7a85b62fd7e,Ilham Setya,1,2026-08-25T05:44:36.839Z,Autentikasi & Akun,Negatif,Negatif,0.9999,"jelekk ,asal blokir aja"
feea711f-f789-474c-af01-fd267c051b64,ANUGERAH BIZI EBEN EZER SINAGA,1,2026-08-25T05:44:20.529Z,Autentikasi & Akun; Layanan & Fitur Finansial,Negatif,Negatif,0.9995,pemblokiran Rekening
a6cfed11-69f0-4837-a9f9-9e33862d2569,RAHAYU FAMILY,1,2026-08-25T05:44:09.424Z,Layanan & Fitur Finansial,Negatif,Negatif,1,rekening bobrok
a4662e3b-5aed-4e0d-994b-b1db5a822f8e,Resdi Prayoga,1,2026-08-25T05:44:00.640Z,Autentikasi & Akun,Negatif,Negatif,0.9998,Tiba² Logout. Takut Uangnya di BLOKIR tanpa kejelasan.
fe5ea0d9-9c9b-4954-8f34-16132da858c8,Gideon Santoso,1,2026-08-25T05:43:59.420Z,Lainnya,Negatif,Negatif,0.9471,bank nya sat set untuk aparat bukan masyarakat
dd035aef-5195-4bf2-99ff-240ce1433b0d,mala mega,1,2026-08-25T05:43:52.193Z,Autentikasi & Akun,Negatif,Negatif,0.9999,"males takut d blokir tiba"""
31c61c76-7af5-4a8f-a3c5-29b249e29fe3,Adfin Erfandy,1,2026-08-25T05:43:16.861Z,Autentikasi & Akun,Negatif,Negatif,0.9556,pemblokiran aktivasi!!
252e9bfc-357c-431a-ae9f-1cea247ec6c8,Fajar Maulana,1,2026-08-25T05:43:15.356Z,Lainnya,Negatif,Negatif,0.9996,boikot mandiri
8a1f638d-2c42-48ef-85a2-5c98f35a3c7d,Angga Angga2001,1,2026-08-25T05:43:09.414Z,Lainnya,Negatif,Negatif,1,jelek
9726c189-7fef-441f-8ef4-e5a5c0e9d5eb,Rafli Tv,1,2026-08-25T05:42:56.771Z,Autentikasi & Akun,Negatif,Negatif,1,boikot bank mandiri nanti duitnya di blokir
c298db53-f658-4ae2-821e-995c4fbab3ca,Wawan Wirmansyah,1,2026-08-25T05:42:47.663Z,Lainnya,Negatif,Negatif,0.9939,boikot aja livin mandiri ini ga jelass banget cok
380060e6-6a0f-419e-b9e6-df59ce1d4f4c,Andi Dwi Septa,1,2026-08-25T05:42:18.472Z,Lainnya,Negatif,Negatif,0.9986,kacung pemerintah
f81a31fb-b617-4e1e-86c7-f558d1bba4a9,rizqy channel,1,2026-08-25T05:42:14.767Z,Lainnya,Negatif,Negatif,0.9966,BANK REZIM WKWKWK
a12e9563-c77a-4a85-9aa4-a8f9be1ca70d,FRAIcosste,1,2026-08-25T05:42:11.505Z,Lainnya,Negatif,Negatif,0.9994,"nama doang mandiri, tapi masih di stir"
259915ff-4e87-4045-8257-190b732ac046,Agung Trianugrah Restu,1,2026-08-25T05:42:01.538Z,Autentikasi & Akun,Negatif,Negatif,0.9602,ah tiba tiba gk bisa login haduh
fa6c44cc-0a41-458e-9640-ec16a3cc4576,Obert Maulana,1,2026-08-25T05:41:53.389Z,Lainnya,Negatif,Negatif,0.9979,boikot.!!!
