No,User Name,Rating Bintang,Tanggal,Isi Ulasan Asli,Master Ground Truth,Prediksi ML (Naive Bayes),Confidence Score (%),Prob Positif (%),Prob Negatif (%),Status Anomali
1,Ahmad Rido'i,5,2026-09-11,Aplikasi memudahkan,Positif,Positif,88.3,88.3,11.2,Sesuai
2,Kiso Veo,1,2026-09-11,"Payah, sekelas aplikasi pemerintah kuliatasnya seperti ini untuk pelayanan kesehatan Bayar pajak cuma buat urusan perut pejabat bukan untuk kemaslahatan rakyat",Negatif,Negatif,78.9,20.4,78.9,Sesuai
3,Egi Hilman,1,2026-09-11,aplikasi nya jelek banget... mau daftar sebgai anggota baru problem trs akhirnya ngulang lagi prosesnya dari awal,Negatif,Negatif,90.6,8.6,90.6,Sesuai
4,Putraa Hani,1,2026-09-11,"apk jelek bgt susah daftarnya, dulu gampang skrg malah ruett kaya pemerintah",Negatif,Negatif,96.6,3.2,96.6,Sesuai
5,Yunus Wahyu Setiawan,1,2026-09-11,"Dapet rujukan tapi di faskes lanjutan jadwal penuh berhari hari, mau ke IGD tp ada embel² belum tentu dicover BPJS. Ya gimana, kita yg ngerasain sakitnya tp keputusan dicover BPJS blm pasti. Masa harus nunggu berhari² baru bisa berobat?",Negatif,Negatif,85.1,13.6,85.1,Sesuai
6,Elzio Wine,1,2026-09-11,"saya sangat kecewa dengan aplksi mobile jkn,anak saya sakit mau berobat,sedangkn hp saya tidak bisa mendownload aplksi mobile jkn,sedangkn peraturan rumah sakit harus dftr lewat online,lalu bagaiman sya mau berobat ,tolong dong pihak bpjs untuk aplksi biar semua tipe hp atau mmensupprot untk di download,maslah ya ini taruhan nyawa,.sedangkn dri pihak klinik hrus daftar dlu ya ,gimna nie tolong,atau saya laporkan kepda pejabat tinggi ya,kalau menyusahkan org buat berobat",Negatif,Negatif,89.3,10,89.3,Sesuai
7,Riki Sipahelut,4,2026-09-11,Appnya oke sih,Positif,Positif,91.8,91.8,7.4,Sesuai
8,purnawan nawan,3,2026-09-11,susah buat daftar seperti tidak ada perbaikan,Netral,Negatif,74.2,24.3,74.2,Sesuai
9,Bang Jun,1,2026-09-11,aplikasi sering maintenance. mohon untuk ditingkatkan lagi,Negatif,Negatif,57,40.5,57,Sesuai
10,Maryam Syarif,5,2026-09-11,kenapa ya kok punya ku tidak bisa ambil antrian tolong dong bantuan nya,Positif,Negatif,67.4,32.1,67.4,🚨 Bintang 4-5 tapi Prediksi ML Negatif (Taktik Komplain)
11,Fitri Lailatul,5,2026-09-11,mantap,Positif,Positif,99.2,99.2,0.7,Sesuai
12,Seni Kaban,5,2026-09-11,terbaik,Positif,Positif,81,81,18.5,Sesuai
13,alghifari Taufiq,5,2026-09-11,bagus,Positif,Positif,98.2,98.2,1.7,Sesuai
14,Zainal Amin,4,2026-09-11,baik,Positif,Positif,81,81,18.5,Sesuai
15,Delvin Aldzikry,1,2026-09-11,bt apa daftar online terus dikasih no antri klo ujung ujung ttp aja siapa yg datang duluan no antrian no 1,Negatif,Negatif,77.3,21.2,77.3,Sesuai
16,arla putra,5,2026-09-11,bagus ini,Positif,Positif,98.2,98.2,1.7,Sesuai
17,Produksi Masal,5,2026-09-11,aplikasi nya sangat bagus,Positif,Positif,97.7,97.7,2.2,Sesuai
18,Kyb Kyb,5,2026-09-11,"lebih praktis, dan sangat membatu.",Positif,Positif,99.6,99.6,0.4,Sesuai
19,IraAyu 7002,1,2026-09-11,kenapa harus pake ini kalo app nya eror!!!??? udah verifikasi wajah susah mirornya aneh. Setelah bisa malah disuruh coba lagi karna sistem tidak bisa diproses!!! tolong.,Negatif,Negatif,97.7,2.1,97.7,Sesuai
20,Aan Anwar,5,2026-09-11,oke,Positif,Positif,97.4,97.4,2.4,Sesuai
21,Rizky M.Syahrul,1,2026-09-11,"APK SAMPAHHHHHHHHHHH, KODE OTP NYA LAMA SEKALI DI KIRIM UDAH HAMPIR 2 HARI NUNGGU GAK ADA DI KIRIM",Negatif,Negatif,97.4,2.4,97.4,Sesuai
22,Rvnzaa Putra,1,2026-09-11,bodoh,Negatif,Negatif,74.9,23.1,74.9,Sesuai
23,Noldy Kapia18,1,2026-09-11,🔪,Negatif,Positif,51.5,51.5,45.6,💡 Bintang 1-2 tapi Prediksi ML Positif (Pujian / Salah Klik)
24,sarmi sarmi,4,2026-09-11,"aplikasi tdk bisa digunakan untuk ambil antrian,, sering log out",Positif,Negatif,89.8,10,89.8,🚨 Bintang 4-5 tapi Prediksi ML Negatif (Taktik Komplain)
25,Ricky Azwhan,1,2026-09-10,"aku pribadi lebih suka mekanis yang dulu sederhana dan terstruktur ketimbang sekarang banyak fitur iya tapi hal yang paling mendasar seperti Memperivikasi nomer telepon terutama saat mengirim kode dengan nomer itu lana sekali, tidak responsif juga untuk login memang ada password, tapi sekali lupa dan salah itu mau atur ulang sandi nya susah sekali kaya mau apa aja, dilihat dari pembaruan nya itu udah ada Ai yang melihat gejala, tapi tidak buat keamanannya di perbaiki, karena itu menjadi dasarnya",Negatif,Negatif,88.8,9.8,88.8,Sesuai
26,Doea Pilar Oetama,5,2026-09-10,mudah dan interaktif mantab,Positif,Positif,99.6,99.6,0.4,Sesuai
27,STUT COMMUNITY,5,2026-09-10,sangat membantu👍,Positif,Positif,99.7,99.7,0.3,Sesuai
28,Zhen Ibra,5,2026-09-10,"kenapa mobile jkn mau login nik ktp lain gak bisa lagi,aplikasi ini makin susah aja login",Positif,Negatif,82.5,16.9,82.5,🚨 Bintang 4-5 tapi Prediksi ML Negatif (Taktik Komplain)
29,muhammad bahiij,1,2026-09-10,"kebanyakan update,fitur utama malah eror,buat daftar antrean online aja kode f1 terus,aplikasi GG",Negatif,Negatif,90.2,9.3,90.2,Sesuai
30,Suyanto Diningrat,1,2026-09-10,"susah buat verifikasi wajah, kode OTP ga pernah muncul pdhl nomer HP aktif trs, aplikasi ga berguna",Negatif,Negatif,99.3,0.6,99.3,Sesuai
31,Adji Saroso,5,2026-09-10,ok banget,Positif,Positif,51.5,51.5,45.6,Sesuai
32,Ahmad Failani,1,2026-09-10,keburu sekarat,Negatif,Negatif,65.8,30.2,65.8,Sesuai
33,wedusss212 weduss,1,2026-09-10,"aplikasi malah tambah nyusahin mau berobat jadi susah , log in sulit minta otp selalu g bisa,....",Negatif,Negatif,94.9,4.7,94.9,Sesuai
34,dion alief,5,2026-09-10,"sekarang mau ngapa""in jadi ribet",Negatif,Negatif,88.4,10.7,88.4,🚨 Bintang 4-5 tapi Prediksi ML Negatif (Taktik Komplain)
35,cristina a,3,2026-09-10,"sering error, tolong di upgrade dong",Negatif,Negatif,91.5,7.6,91.5,Sesuai
36,Indra Bmth,3,2026-09-10,mau ngambil antrian online gagal Mulu udah dicoba segala ha gabisal mohon di perbaiki lagi,Netral,Negatif,83.7,15.3,83.7,Sesuai
37,Sakti Octova,1,2026-09-10,optimalkan lagi dong aplikasinya masa untuk hp ram 6 gb force close terus,Negatif,Negatif,63.6,31.4,63.6,Sesuai
38,M Riki Saputra,1,2026-09-10,"kadang memudahkan kadang menyusahkan karna gamau login dan terlog out sendiri, Optimali lagi ni aplikasi",Negatif,Negatif,81.3,17.3,81.3,Sesuai
39,Muhammad Qosim,1,2026-09-10,kurang baik,Negatif,Negatif,57.7,40,57.7,Sesuai
40,Malik Fajar,1,2026-09-10,verifikasi otp lewat sms ga muncul2 alasan jaringan padahal jaringan bagus karena menggunakan wifi,Positif,Negatif,52,47.2,52,Sesuai
41,Sihabuddin Addimiyyati,1,2026-09-10,jelek bet susah daftar,Negatif,Negatif,93.7,5.9,93.7,Sesuai
42,FI KAR,1,2026-09-10,"kode otp nya ga ada, apk apaan ini",Negatif,Negatif,98,1.9,98,Sesuai
43,Heri Mulyana,1,2026-09-10,knpa aplikasi ini susah sekali .. kompatibel terus apa masalah ny..dulu lancar2 aja,Positif,Negatif,66.8,31.8,66.8,Sesuai
44,Abdi Nawawi,5,2026-09-10,aplikasi Bagus,Positif,Positif,97.6,97.6,2.3,Sesuai
45,Himalaya Sadewa,5,2026-09-10,mantap pelayanan,Positif,Positif,98,98,1.8,Sesuai
46,Paijo87 Jhony87,5,2026-09-10,mudah cara pegunaan ya,Positif,Positif,89.1,89.1,10.6,Sesuai
47,Pincok 26,1,2026-09-10,saya berharap petugas BPJS kalo input data tu mata melek jangan merem satu angka/huruf salah anda mepotkan kami!!!,Negatif,Negatif,53.1,43.9,53.1,Sesuai
48,Saepul Islam,1,2026-09-10,SUMPAH INI APLIKASI JELEK BANGET. SERING KELUAR SENDIRI PADAHAL PASWORD SUDAH BENAR SAMPE GAGAL 3 KALI MASUK. PADAHAL URGENT MAU DIPAKE KECEWA,Negatif,Negatif,99.2,0.6,99.2,Sesuai
49,Anto Boyz,5,2026-09-10,sangat luar biasa,Positif,Positif,94.8,94.8,4.6,Sesuai
50,Zainal Abidin,5,2026-09-10,mantaap,Positif,Positif,81.8,81.8,16.1,Sesuai
51,Pujianto Agustus,5,2026-09-10,ok bangat yang penting okey mantrap,Positif,Positif,73.7,73.7,24.4,Sesuai
52,Melani Futria,3,2026-09-10,"dulu mah gampang mau masuk tinggal klik sandi ,skrg agak ribet deh berkali2 jaringan eror gabisa masuk aplikasi mencoba uninstal trs didownload ulang malahan gbs jg",Negatif,Negatif,94.2,5.3,94.2,Sesuai
53,Malang Bagus,1,2026-09-10,"sekarang malah susah mau ambil no antrean biasa nya tinggal pilih peserta, apa harus bikin akun lagi untuk nik anak biar bisa ambil nomor antrean",Negatif,Negatif,92.7,7,92.7,Sesuai
54,Muslikhin ali khusni,1,2026-09-10,aplikasi bodoh. tiap bulan mesti login.itu bodoh fb aja ga tiap bulan login.perpinter lagi,Negatif,Negatif,90,8.8,90,Sesuai
55,Nadine Nazyre,4,2026-09-10,"Setelah di update APK kenapa malah logout sendiri dan tidak bisa login lagi?,.. Padahal sinyal kuat dan semua data yang di masukkan sudah betul,.. Ini gimana ya? Apakah APKnya sudah tidak bisa di gunakan?",Negatif,Negatif,94.9,4.6,94.9,🚨 Bintang 4-5 tapi Prediksi ML Negatif (Taktik Komplain)
56,Rachmat Sudrajat,1,2026-09-10,"Gmn mau buka,kudu update wae.Klo Hp bagus dan memory cukup gak masalah,lah ini hp jadul memory kecil .... Malah jd masalah baru lg ini,gmn sy mau berobat",Positif,Positif,52.8,52.8,46.3,💡 Bintang 1-2 tapi Prediksi ML Positif (Pujian / Salah Klik)
57,Budi Prayitno,1,2026-09-10,Mengapa tidak ada dukungan mobile jkn ini untuk android 8/9? apa memang pengguna jkn hanya utntuk orang mampu? rakyat kecil tidak boleh menggunakan fasilitas jkn?,Negatif,Negatif,80.2,19,80.2,Sesuai
58,Oki Abdul karom,5,2026-09-10,aplikasi bermanfaat sangat membantu dan mempermudah masyarakat. petugas nya pun ramah tamah dan sangat membantu. terimakasih,Positif,Positif,99.9,99.9,0.1,Sesuai
59,Dennise Saputra,1,2026-09-10,saya daftar JKN mobile dari pagi sampe malem otp sms ga pernah masuk cuman otp Gmail aja yang masuk,Negatif,Negatif,96.5,3.1,96.5,Sesuai
60,Edo Pandeirot,5,2026-09-10,sangat membantu,Positif,Positif,99.7,99.7,0.3,Sesuai
61,Helni Depag,5,2026-09-10,sangat membantu dalam pengecekan kesehatan,Positif,Positif,98.3,98.3,1.5,Sesuai
62,muklas khan,1,2026-09-10,aplikasi tidak bisa di buka,Negatif,Negatif,94.8,5.1,94.8,Sesuai
63,Insan Kamil Budiman,1,2026-09-10,"kurang berguna, apk jebakan",Negatif,Negatif,52.1,46.4,52.1,Sesuai
64,Rukwati Yahya,1,2026-09-10,sms verifikasi tidak kunjung masuk,Negatif,Negatif,90.3,9.1,90.3,Sesuai
65,Hadi Sancoko,5,2026-09-10,ok,Positif,Positif,51.5,51.5,45.6,Sesuai
66,Dzaki Airil,5,2026-09-10,sangat membantu kami,Positif,Positif,97.9,97.9,1.9,Sesuai
67,Zikri Maulvi,5,2026-09-10,the best,Positif,Positif,97.2,97.2,2.3,Sesuai
68,legal,1,2026-09-10,"Apasih bolak balik harus login, rempong bgt",Negatif,Negatif,88.1,10.2,88.1,Sesuai
69,Wiwit Amelia,5,2026-09-10,mudah dan gampang g pake ribet,Negatif,Positif,66.5,66.5,33.1,Sesuai
70,Purwati Wati,4,2026-09-10,lumayan akurat. hanya kadang rumit bolak-balik verifikasi akun. password PIN. jatuhnya kepada org tua yg mulai renta mata krg awas. ingatan mulai lemah. jdi lupa lupa terus PIN atau password. jadi lama prosesnya utk berobat,Negatif,Negatif,77.8,20.8,77.8,🚨 Bintang 4-5 tapi Prediksi ML Negatif (Taktik Komplain)
71,Sondang Mayda,3,2026-09-10,srg kali mnt login & logout sesuka nya. muak awak.,Netral,Negatif,70.8,25.5,70.8,Sesuai
72,Wahyu Wulan,1,2026-09-10,pas masukin nomer nggak bisa terus udah 1 bulan di coba lagi masih nggak bisa padahal nomer masih aktif ada pulsanya juga,Negatif,Negatif,95.2,4.4,95.2,Sesuai
73,Farhanghani,1,2026-09-10,aplikasi BUSUKKKK,Negatif,Negatif,92.9,6.4,92.9,Sesuai
74,Imam bae,1,2026-09-10,apk sampah tiba² keluar sendri IT nya ga besus kerjanya,Negatif,Negatif,94.4,5.2,94.4,Sesuai
75,Ashfi Amarilis Wafda,5,2026-09-10,sangat membantu,Positif,Positif,99.7,99.7,0.3,Sesuai
76,Zein Arief,1,2026-09-10,apk gk bisa buat reset password kayak nya apk ini hny pajangan,Negatif,Negatif,92.2,7.2,92.2,Sesuai
77,Darto Gum,5,2026-09-10,good,Positif,Positif,98.5,98.5,1.3,Sesuai
78,Ogi Suhendar,4,2026-09-10,kenapa hp saya tidak dapat meng update jkn dan tidak bisa di buka,Positif,Negatif,78.9,20.6,78.9,🚨 Bintang 4-5 tapi Prediksi ML Negatif (Taktik Komplain)
79,Dede Sopandi,5,2026-09-10,good sangat membantu,Positif,Positif,99.9,99.9,0.1,Sesuai
80,Nurul Anwar,5,2026-09-10,"sangatttt membantu, terimakasih mobile JKN",Positif,Positif,99.1,99.1,0.8,Sesuai
81,saukat ali,5,2026-09-10,excellent,Positif,Positif,84,84,14.1,Sesuai
82,Fitri YD,5,2026-09-10,pelayanan ini sangat membantu kami warga indonesia,Positif,Positif,98.1,98.1,1.7,Sesuai
83,Arie Ramadanie,1,2026-09-10,aplikasi sampah buatnya mahal tapi slalu macet dari otp hingga registrasi tidak bisa diaktifkan,Negatif,Negatif,90.1,9,90.1,Sesuai
84,kriswan setiadi,3,2026-09-10,aplikasi bagus setiap mau di pakai harus verifikasi padahal sudah di catat bagus bagus pasword tapi selalu salah beneran bikin capek,Positif,Positif,54.8,54.8,44.8,Sesuai
85,Nopa Tejo mukti,5,2026-09-10,bagus,Positif,Positif,98.2,98.2,1.7,Sesuai
86,Rahmat hidayat,5,2026-09-10,membantu untuk pemeriksaan kesehatan,Positif,Positif,96.7,96.7,3,Sesuai
87,Muhammad Fatir,5,2026-09-10,membantu....masarajat....,Positif,Positif,97.6,97.6,2.3,Sesuai
88,Amelia Ananda,4,2026-09-10,Lola aplikasinya,Positif,Positif,65.2,65.2,32.8,Sesuai
89,Roni Bekasi,5,2026-09-10,sangat bermanfaat dan membantu mempermudah dalam percobaan,Positif,Positif,99.6,99.6,0.4,Sesuai
90,Masyadi Aldo,5,2026-09-10,mantap jiwa,Positif,Positif,96.9,96.9,2.6,Sesuai
91,Mochamad Ryan Muzaki,1,2026-09-10,FC trus,Negatif,Positif,51.5,51.5,45.6,💡 Bintang 1-2 tapi Prediksi ML Positif (Pujian / Salah Klik)
92,Muhamad Rafi Arifin,1,2026-09-10,sediakan fitur download pdf untuk surat rujukan baru saya kasih bintang 5,Negatif,Negatif,62.8,34.9,62.8,Sesuai
93,H yx,1,2026-09-10,apasih tiba² buat daftar online nya hilang aneh banget,Negatif,Negatif,89.8,9.5,89.8,Sesuai
94,Agus Nur alamsyah,5,2026-09-10,mantap,Positif,Positif,99.2,99.2,0.7,Sesuai
95,Zulfandia,5,2026-09-10,sangat membantu,Positif,Positif,99.7,99.7,0.3,Sesuai
96,Antonius Adi,4,2026-09-10,"bagus dan sangat membantu,tidak perlu harus ke kantor pusat untuk mengubah data.tetap semangat.",Positif,Positif,98.1,98.1,1.7,Sesuai
97,Mach Haris,5,2026-09-10,keren perubahan datanya cepat,Positif,Positif,97.1,97.1,2.8,Sesuai
98,Wahyudi Wahyudi,5,2026-09-10,mudah di akses,Positif,Positif,85.7,85.7,14.1,Sesuai
99,candy,3,2026-09-10,"mau verifikasi wajah gagal terus, padahal udah ikutin instruksi. tempat juga udah terang. siapa si ini tim IT nya. tolong SEGERA diperbaiki. mau kontrol aja dipersulit.",Negatif,Negatif,96.6,3,96.6,Sesuai
100,Gace Imut,1,2026-09-10,Apaan ini tau tau logout... sendiri.. Percuma jg pake aplikasi bgini ga bykk pengaruh jg.. Malah Ribet. logout sendiri.,Negatif,Negatif,96.6,3,96.6,Sesuai
101,Dewi,5,2026-09-10,sangat membantu,Positif,Positif,99.7,99.7,0.3,Sesuai
102,Achmad pupun istiawan,1,2026-09-10,rekam wajah terlalu lama,Negatif,Negatif,77,21.3,77,Sesuai
103,Hamba' Allah,1,2026-09-10,"No nik sdh sesuai ktp di blng slh, apk sampah",Negatif,Negatif,87.9,11.4,87.9,Sesuai
104,Beni Saputra,5,2026-09-10,jos,Positif,Positif,93.8,93.8,5.8,Sesuai
105,Sis Wanto,4,2026-09-10,knp aplikasi JKN tidak bisa di download ulang setelah di paus dan hilang dr aplikasi play store,Positif,Negatif,50.3,48.4,50.3,🚨 Bintang 4-5 tapi Prediksi ML Negatif (Taktik Komplain)
106,Risky Aditiya,1,2026-09-10,lama bet verifikasi sms nya cok 300 detik,Negatif,Negatif,84.8,13.3,84.8,Sesuai
107,Muhammad Fauzan,1,2026-09-10,"kak mau nanya kan saya ingin membayar tunggakan kis/BPJS ,saya ingin bayar dengan membayar pake BCA tapi kenapa gak ada kak tolong jawab kak🙏",Negatif,Negatif,71.7,25.3,71.7,Sesuai
108,Aw we,5,2026-09-10,sangat baik,Positif,Positif,96.4,96.4,3.4,Sesuai
109,Santi Shyantie,5,2026-09-10,mantap,Positif,Positif,99.2,99.2,0.7,Sesuai
110,Mayana veronika Sembiring,5,2026-09-10,sangat membantu tanpa harus ke kantor nya 🥰,Positif,Positif,95.3,95.3,4.4,Sesuai
111,AbANg TamFan,1,2026-09-10,"Rata² apl buatan pemerintah terkesan asal asalan,. padahal dana pembuatannya sangat besar. sering error, logout sendiri.",Negatif,Negatif,91.1,7.8,91.1,Sesuai
112,fahmy saleh,5,2026-09-10,mantab deh,Positif,Positif,99.2,99.2,0.7,Sesuai
113,Hendra Rock,1,2026-09-10,"aplikasi aneh dua Minggu daftar tinggal dipermudah kirim sms aja ko repot gagal terus,. kalo. gak niat buat aplikasi mnding offline aja lah",Negatif,Negatif,95.6,3.8,95.6,Sesuai
114,Samsu Syam,2,2026-09-10,"aplikasi ribet ,minta terus login,kadang keluar sendiri",Negatif,Negatif,97.3,2.4,97.3,Sesuai
115,Dedy Irawan,5,2026-09-10,sangat membatu,Positif,Positif,99.7,99.7,0.3,Sesuai
116,makunimau family,5,2026-09-10,sangat membantu untuk meningkatkan pelayanan BPJS,Positif,Positif,98.7,98.7,1.1,Sesuai
117,Aris Vauzi,5,2026-09-10,excellent,Positif,Positif,84,84,14.1,Sesuai
118,Lestari Asha,5,2026-09-10,Alhamdulillah app JKN Mobile skrg sdh semakin bagus. Membantu banget kalau mau periksa ke faskes/RS. Semoga ke depan makin bagus lagi,Positif,Positif,98.9,98.9,1,Sesuai
119,Lukman Hakim,5,2026-09-10,mantap,Positif,Positif,99.2,99.2,0.7,Sesuai
120,WITTIN INDRASARI,1,2026-09-10,aplikasi nya sering lemot dan keluar sendiri,Negatif,Negatif,93.6,5.9,93.6,Sesuai
121,rani febritriani,1,2026-09-10,"bojs bobrok. udh didaftarin tindakan tgl 10 sep, de sebelum puasa krn doketer mau hj, malah eror, mundur jd tgl 15. dikira g punya kerjaan leha leha doang.",Positif,Negatif,79.4,19.6,79.4,Sesuai
122,Blackdoff69 doff69,1,2026-09-10,sering error,Negatif,Negatif,96.9,2.9,96.9,Sesuai
123,Arie Muhlapin,5,2026-09-10,Memudahkan pelayanan masyarakat,Positif,Positif,92.9,92.9,6.6,Sesuai
124,Sri Muliati,5,2026-09-10,Sangat membantu,Positif,Positif,99.7,99.7,0.3,Sesuai
125,Widya Safitri Zebua,1,2026-09-10,TOLONG YA DI PERBAIKI INI APLIKASI. BUKANNYA MEMUDAHKAN MALAH NYUSAHIN! BANYAK BUG! NGELAG PARAH! SERING TIBA-TIBA LOGOUT SENDIRI!,Negatif,Negatif,97.6,2.2,97.6,Sesuai
126,Bambang Wijonarko,1,2026-09-10,Perbaiki dan upgarde ai face recognition-nya,Negatif,Positif,73.5,73.5,25,💡 Bintang 1-2 tapi Prediksi ML Positif (Pujian / Salah Klik)
127,Penyejuk Hati ChanneL,5,2026-09-10,That Simple,Positif,Positif,83.3,83.3,15.7,Sesuai
128,Rahmat Fauzi,5,2026-09-10,aplikasi yg bagus dan sangat membantu sekali,Positif,Positif,99.9,99.9,0.1,Sesuai
129,Agung Hendra,5,2026-09-10,good,Positif,Positif,98.5,98.5,1.3,Sesuai
130,Ghita,5,2026-09-10,kerja bagus,Positif,Positif,84.7,84.7,15,Sesuai
131,Mohammad Wakid Arvian,5,2026-09-10,Sangat membantu,Positif,Positif,99.7,99.7,0.3,Sesuai
132,areska fatrisa,1,2026-09-10,mau buka aplikasi lama dan lemot membuat susah orang berobat yg lagi sakit aplikasi ga guna,Negatif,Negatif,92.9,6.9,92.9,Sesuai
133,Purnoto,5,2026-09-10,ini gimana ya? ketimbang mau log in aja susah banget,Positif,Negatif,92.6,6.7,92.6,🚨 Bintang 4-5 tapi Prediksi ML Negatif (Taktik Komplain)
134,Asril Sitompul,5,2026-09-10,sangat baik,Positif,Positif,96.4,96.4,3.4,Sesuai
135,sri sulasmi,5,2026-09-10,baik,Positif,Positif,81,81,18.5,Sesuai
136,Toy Mahendra25,5,2026-09-10,sangat puas,Positif,Positif,97.6,97.6,2.1,Sesuai
137,rani aja,5,2026-09-10,melakukan perubahan data prosesnya hanya hitungan menit. terimakasih mobile jkn,Positif,Positif,92.5,92.5,7.2,Sesuai
138,Seni Trimuliani,3,2026-09-10,udah bagus sih cuma ini kenapa ya suka gagal terhubung ke server rs gitu buat rujukan,Positif,Positif,57.9,57.9,40.8,Sesuai
139,vellaa vellaa99,1,2026-09-10,gajelas,Negatif,Negatif,84.8,13.8,84.8,Sesuai
140,Herry GrdTM77,1,2026-09-10,apk lawak bug truss,Negatif,Negatif,75,21.4,75,Sesuai
141,Fajar 22,5,2026-09-10,Sangat Mudah Jika Ingin Ganti Faskes,Positif,Positif,92.4,92.4,7.2,Sesuai
142,Rizal Fikriyan,1,2026-09-10,verifikasi wajahnya susah banget udh gitu kameranya aneh,Negatif,Negatif,96.1,3.2,96.1,Sesuai
143,RIAN PRANATA,1,2026-09-10,"tau"" logout sendiri, ga bisa login, katanya ada gangguan apa gitu di suruh nunggu beberapa saat, tapi sampek berhari"" sama aja",Negatif,Negatif,96.5,3,96.5,Sesuai
144,aditpriabaik,5,2026-09-10,"aplikasi kagak jelas monyet, kode Verifikasi aja lamanya kagak ngotak. pada niat bikin aplikasi gasi",Positif,Negatif,87.9,11.4,87.9,🚨 Bintang 4-5 tapi Prediksi ML Negatif (Taktik Komplain)
145,Dedi Yusuf,5,2026-09-10,sangat berguna,Positif,Positif,92.9,92.9,6.7,Sesuai
146,salh jvhjk,1,2026-09-10,TOLOL MENYUSAHKAN ORANG AJA DISISI PENDAFTARAN,Negatif,Negatif,86.7,12.3,86.7,Sesuai
147,Jhon Smith,1,2026-09-10,"apk paling tholol yg pernah saya install, mending lu pada ga ush sama sakali install apk ini, apk haram",Negatif,Negatif,91.9,7,91.9,Sesuai
148,Shine Daniel,1,2026-09-10,"Masa sudah sampai seminggu tidak bisa login. Keterangan pemintaan belum dapat diproses. Sudah clear cache, cek update aplikasi, password benar.",Negatif,Negatif,95,4.6,95,Sesuai
149,orang awam,1,2026-09-10,aplikasi pemerintah wuelek Kabeh piye Iki rek dana aplikasi y seh di korupsi masak nik bener loging tidak bisa apa lah pemerintah,Negatif,Negatif,95.6,3.9,95.6,Sesuai
150,JEPE,1,2026-09-10,"wah sering erornya, tolong perbaiki systemnya dong, kasian yang poli pakai aplikasi, kadang tidak bisa login, kadang susah cek in, kadang mental, jadi kalau berangkat awal tetep harus antri umum. hmmm",Negatif,Negatif,87.3,12,87.3,Sesuai
151,Fuddin Zuhri,5,2026-09-10,oke,Positif,Positif,97.4,97.4,2.4,Sesuai
152,Beras Habis,1,2026-09-10,"tolong dong masa dikit"" logout .. mulai ulang masukin no ktp dll .RIBEEETT... apalagi buat emak emak .. apalagi klo lagi urgent buru buruu . setiap mau pakee masa harus login muluu ... udah bertahun tahun masih kaya gini . jngn bkin orng ribeeett dong !!!!",Negatif,Negatif,96.3,3.2,96.3,Sesuai
153,Supri Adi,5,2026-09-10,sangat membantu sekali,Positif,Positif,99.8,99.8,0.2,Sesuai
154,Suci Iprs,1,2026-09-10,"entah yang jelek apk nya atau faskes yang di tuju. Kenapa dokter yang aku tuju selalu full padahal aku wes yang war antrian di jam buka dan mendaftar untuk besok tapi tau - tau sudah full, kayak menit 01 lohh tapi 10 antrian sudah full tapi beberapa menit kemudian eh sudah antrian 21 dan full dan aku ga dpt. ini maksudnya apa yaa? apa bisa pakai ordal? ini kenapa update nya gak updatee sih?. mana pas ada kesempatan ambil antrian ada aja pemberitahuan yang ga penting jadinya antrianku ke salip.",Negatif,Negatif,91.1,8.1,91.1,Sesuai
155,Yuli Yulianty,1,2026-09-09,"tidak bisa masukan no hp , gagal terus",Negatif,Negatif,96.8,3.1,96.8,Sesuai
156,Yuu okazaki,2,2026-09-09,"kenapa tidak bisa di instal di hp saya, aplikasi bertuliskan (perankat ini tidak bisa u tuk hp anda)kenapa begitu? mohon di jawab cepat",Negatif,Negatif,82.8,16.7,82.8,Sesuai
157,Ardi Maulidin,1,2026-09-09,"apk pemerintah pasti tolol ga guna jelek bngt anj apk nya, vermuk msh jlk otp make pulsaa ga jls anj orang buru² brobat mati dluan d jalan ngurus gnian",Negatif,Negatif,93,6.4,93,Sesuai
158,Abah Tea,4,2026-09-09,awalnya susah sekali diakses..mudah2an dikemudian hari lebih mudah supaya lebih cepat proses layanannya,Positif,Positif,96,96,3.8,Sesuai
159,Crayon Shinchan,1,2026-09-09,pas daftar dipersulit mulu,Negatif,Negatif,83.8,14.8,83.8,Sesuai
160,Syahrul Palah,5,2026-09-09,baguss untuk fasilitas aplikasinya,Positif,Positif,90,90,9,Sesuai
161,Hendri irdneH,1,2026-09-09,Hp versi Android lama jadi gak kompatibel. Mohon agar dapat d gunakan pada versi Android yg lebih rendah,Negatif,Negatif,85.5,12.5,85.5,Sesuai
162,Kayla Azahra,1,2026-09-09,"sakitnya sekarang suruh berobatnya besok,,daftar antrian sekarang buat berobat besok..",Negatif,Negatif,77.9,21.5,77.9,Sesuai
163,Slamet Susanto,1,2026-09-09,"aplikasi nya susah bgt untuk di instal, pdhl penyimpanan tlpn cukup.",Negatif,Negatif,74.2,24.6,74.2,Sesuai
164,Nasi Uduk,1,2026-09-09,"tiba"" logout, baru buka close sendiri, nggak bisa pakai wifi maunya data padahal lancar jaya, pokoknya banyak kendalanya lah pokoknya",Positif,Positif,51.3,51.3,48,💡 Bintang 1-2 tapi Prediksi ML Positif (Pujian / Salah Klik)
165,ANDI PUTRA ASMARI,1,2026-09-09,gk bisa daftar di rs,Negatif,Negatif,92.5,7.4,92.5,Sesuai
166,putri varta,1,2026-09-09,"tidak bisa login, password salah terus, pdahal sudah benar..",Negatif,Negatif,95.7,3.8,95.7,Sesuai
167,MUHAMAD REZA GAUTAMA,5,2026-09-09,"ok,proses cepat perpindahan faskes dan perawatan di rs rujukan.",Positif,Positif,93.8,93.8,5.7,Sesuai
168,Irwan Moiskep,5,2026-09-09,mantap,Positif,Positif,99.2,99.2,0.7,Sesuai
169,"Abdul, rojak Parapecinta sholawat",5,2026-09-09,mantap,Positif,Positif,99.2,99.2,0.7,Sesuai
170,Heryanihartono,4,2026-09-09,cukup membantu,Positif,Positif,96.3,96.3,3.4,Sesuai
171,Irawan KenNantan77,5,2026-09-09,ngak bisa daftar,Positif,Negatif,66.6,32.4,66.6,🚨 Bintang 4-5 tapi Prediksi ML Negatif (Taktik Komplain)
172,Dedy Sibarani,5,2026-09-09,mantap,Positif,Positif,99.2,99.2,0.7,Sesuai
173,Wongjowo Tulen (Sularto),5,2026-09-09,sangat membantu,Positif,Positif,99.7,99.7,0.3,Sesuai
174,Najah Najah,1,2026-09-09,jkn lu yang bener tiba tida logout begitu aja giliran disuruh login malah gak bisa lu gimana sih apk seketika gak bermanfatt bangett ihh keselll jkn yang bener donggh gimansih ini yang efektig gak jelas amat,Negatif,Negatif,98.9,0.9,98.9,Sesuai
175,Nenok Bonek,5,2026-09-09,semuanya dipermudah adanya jkn mobile,Positif,Positif,86,86,13.4,Sesuai
176,Amanda Fairuz,5,2026-09-09,"mantap, layanan mudah dan cepat",Positif,Positif,99.7,99.7,0.3,Sesuai
177,Amirudin Lutfi,1,2026-09-09,LOGIN GAGAL,Negatif,Negatif,86.7,12.5,86.7,Sesuai
178,Izzahra Reffisabilla,1,2026-09-09,"Minta kode verif aja ga masuk2, jelek banget.",Negatif,Negatif,96.7,3,96.7,Sesuai
179,Linda Risnawati,3,2026-09-09,Sekarang di versi terbaru di hp saya udah tidak kompetibel lg..,Netral,Negatif,62.5,32.2,62.5,Sesuai
180,ARIS SUSENO,5,2026-09-09,bagus dan cepat meski kadang ada beberapa bug yg muncul,Positif,Positif,91.8,91.8,8,Sesuai
181,amaliaa,1,2026-09-09,pemerintah tolol bikin apk gjls gabisa verivikasi no telp padahal no nya masih aktif,Negatif,Negatif,92.1,7,92.1,Sesuai
182,SITI Masanah,5,2026-09-09,lebih simple..,Positif,Positif,83.3,83.3,15.7,Sesuai
183,Fina Erliana,5,2026-09-09,"bagus bermanfaat banget, aku pindah faskes 1 aja gampang karena kemarin masih faskes bawaan sekarang udah di ganti yang sama kaya suami",Positif,Positif,89.3,89.3,10.2,Sesuai
184,Bank Iful,5,2026-09-09,sangat terbantu ga ribet antri,Negatif,Positif,54.3,54.3,45.4,Sesuai
185,Slamet Mulyadi,5,2026-09-09,Ga bisa di download,Positif,Negatif,86.6,13.2,86.6,🚨 Bintang 4-5 tapi Prediksi ML Negatif (Taktik Komplain)
186,Jeni Sabilah,1,2026-09-09,"Aplikasinya sangat buruk. masa masukin kode otp susah bgt pdhl no nya aktif sampe ganti"" no juga tetep sama ngga masuk""👎👎👎👎",Negatif,Negatif,97.2,2.6,97.2,Sesuai
187,Imam Fahrudin,1,2026-09-09,"mau daftar susah pas tiba proses verifikasi email saat buka aplikasi Gmail otomatis langsung kembali dari awal, padahal aplikasi tidak saya close, pindah dikit sudah kembali dari awal jadi harus pakek dua perangkat mau daftar. Tolong diperbaiki. selain itu banyak yang ngeluh juga di komen untuk aplikasi sering error. Ayolah segera diperbaiki, aplikasi kesehatan Lo ini banyak dibutuhkan masyarakat.",Negatif,Negatif,94.5,5,94.5,Sesuai
188,Reza Alhafis,5,2026-09-09,bagus sangat bermanfaat,Positif,Positif,99.7,99.7,0.3,Sesuai
189,antox totok,1,2026-09-09,tidak bisa di download,Negatif,Negatif,86.6,13.2,86.6,Sesuai
190,Dedy Sutiadi,5,2026-09-09,baik,Positif,Positif,81,81,18.5,Sesuai
191,Juwita Jihan,5,2026-09-09,puas,Positif,Positif,95.4,95.4,4.2,Sesuai
192,Ria mariatun,4,2026-09-09,"bagus, dan lengkap",Positif,Positif,98.6,98.6,1.3,Sesuai
193,Eko Saputro,5,2026-09-09,respon sangat cepat,Positif,Positif,94.8,94.8,5,Sesuai
194,Heri Kusnadi Kusnadi,5,2026-09-09,mantab dn bagus aplikasi nya,Positif,Positif,99.1,99.1,0.8,Sesuai
195,NA Jasaweb,1,2026-09-09,Banyak fitur untuk verifikasi yang nge bug,Negatif,Negatif,71.5,25.6,71.5,Sesuai
196,Fata Morgana,1,2026-09-09,"sudah di faskes 1 meminta rujukan & berhasil mengambil antrian online di faskes rujukan tingkat lanjut, jarak 2 hari mau kontrol kanker mendadak antrian online di aplikasi JKN hilang, saya punya bukti screenshot no antrian onlinenya.. setelah konfirmasi & saya jelaskan permasalahan aplikasi JKN saya ke RS via wa katanya masih terdaftar kontrol jam 7 tgl 9 ini. setelah hari H nya nya datang ke RS tiba2 zonk katanya tidak terdaftar, sudah jauh2, obat istri pas habis, seperti dipermainkan aja.",Negatif,Negatif,88.3,10.9,88.3,Sesuai
197,Mardi Aja,5,2026-09-09,ok,Positif,Positif,51.5,51.5,45.6,Sesuai
198,Inti Antanori,5,2026-09-09,awesome,Positif,Positif,79.8,79.8,17.8,Sesuai
199,Juan Deki,4,2026-09-09,sangat membantu tapi cukup lola😭,Positif,Positif,96.3,96.3,3.6,Sesuai
200,arman KBM,4,2026-09-09,kenapa tdk bisa download,Positif,Negatif,76.6,22.9,76.6,🚨 Bintang 4-5 tapi Prediksi ML Negatif (Taktik Komplain)
201,Destari Putri,1,2026-09-09,jelek banget gagal terus diverif muka,Negatif,Negatif,97,2.8,97,Sesuai
202,liana tanjung,5,2026-09-09,terbaik,Positif,Positif,81,81,18.5,Sesuai
203,jaly prasetya,4,2026-09-09,semakin bagus dan semakin membantu masyarakat untuk bisa lebih mudah,Positif,Positif,98.5,98.5,1.4,Sesuai
204,Hirazenyusi,1,2026-09-09,"akun nya suka keluar keluar sendiri, trus pas mau masukin lagi malah gak bisa. aneh. jangan sok sokan an modernisasi dah kalo kek begini. ngeribetin... mendingan daftar gak usah pake aplkasi ! langsung aja daftar dirumah sakit nya.",Negatif,Negatif,97.8,1.9,97.8,Sesuai
205,Verawati Bilondatu,5,2026-09-09,sangat baik,Positif,Positif,96.4,96.4,3.4,Sesuai
206,Sadar Simbolon,5,2026-09-09,bagus,Positif,Positif,98.2,98.2,1.7,Sesuai
207,Saifudin Zuhri,5,2026-09-09,siiip,Positif,Positif,84,84,14.1,Sesuai
208,Abdul,5,2026-09-09,aplikasi bagus,Positif,Positif,97.6,97.6,2.3,Sesuai
209,Yogi Yoga Swara,1,2026-09-09,"kirim otp aja susah,aplikasi buruk",Negatif,Negatif,97.1,2.5,97.1,Sesuai
210,Rohamah Chantik,5,2026-09-09,semua jadi mudah 😘,Positif,Positif,90.5,90.5,8.9,Sesuai
211,Maddani,5,2026-09-09,mantappp...bagus sekali,Positif,Positif,99.2,99.2,0.7,Sesuai
212,Abu Nizhaam Sakkajha,5,2026-09-09,"Maa syaa Allah, Aplikasi JKN sangat mudah di akses dan sangat membantu,,.! 😊🙏🙏",Positif,Positif,99.3,99.3,0.6,Sesuai
213,Yasfi Assidqi,1,2026-09-09,"app apa ini yaa keterlaluan bgt, habiskan uang rakyat aja, verifikasi nomor hp aja gabisa bisa",Negatif,Negatif,95.7,3.9,95.7,Sesuai
214,bungsu umakbak,5,2026-09-09,baik,Positif,Positif,81,81,18.5,Sesuai
215,Firman 135,1,2026-09-09,"ini kenapa hasil pembayaran iyuran BPJS tidak tertulis di aplikasi, apa mau di korupsi lagi kah hasil iyuran BPJS nya",Negatif,Negatif,91.1,7.9,91.1,Sesuai
216,Anto Afrianto,5,2026-09-09,Nice App,Positif,Positif,92,92,6.8,Sesuai
217,Nasril 321,5,2026-09-09,sangat membantu,Positif,Positif,99.7,99.7,0.3,Sesuai
218,eric boyz,1,2026-09-09,"mempersulit aja ,,udah tau orang sakit malah dipersulit",Negatif,Negatif,94.9,4.8,94.9,Sesuai
219,Mager Coding,1,2026-09-09,"orang lupa password bukanya dikasih hint malah diputer2, masak dari aplikasi gada otp malah disuruh chat wa, dari wa malah diarahin ke form gajelas. Cok tolol, dari aplikasi bisa tolol masak nyewa vibe coder buat form dalam aplikasi gabisa setingkat instansi pemerintah? nyewa buzzer bisa nyewa developer gabisa.. najis najis",Negatif,Negatif,97.4,2.3,97.4,Sesuai
220,Galvinza Ganendra,2,2026-09-09,mau masuk susah,Negatif,Negatif,86,12.4,86,Sesuai
221,Asyifa Aji,5,2026-09-09,Sangat mudah diaplikasikan,Positif,Positif,97,97,2.7,Sesuai
222,Rockstar Game,5,2026-09-09,aplikasi bagus,Positif,Positif,97.6,97.6,2.3,Sesuai
223,ikhsan surur,2,2026-09-09,susah untuk scen wajah gagal terus,Negatif,Negatif,93.4,6.1,93.4,Sesuai
224,husni asn,5,2026-09-09,aplikasi bagus sangat membantu. mengubah faskes tidak harus kepuskesmas.,Positif,Positif,98.5,98.5,1.5,Sesuai
225,Samueltang,1,2026-09-09,apk tolol bikin rakyat susah mau ngadu yg jawab cuma bot yg kerja di sana pada makan gaji buta cuma tidur ga kerja tolollll cuma bot yg kerja,Negatif,Negatif,87.1,11.9,87.1,Sesuai
226,Adrian,5,2026-09-09,"Semoga tidak ada perubahan lagi untuk ke depan, biar mudah proses program yang berguna untuk masyarakat yang ingin kemudahan",Positif,Positif,93.3,93.3,6.2,Sesuai
227,Arif Supriyanto,5,2026-09-09,fotonya di buat susah,Positif,Negatif,67,31.7,67,🚨 Bintang 4-5 tapi Prediksi ML Negatif (Taktik Komplain)
228,Anton lafau,3,2026-09-09,"perlu di tingkatkan, agar kode otp bisa dikirimkan melalui WA",Netral,Negatif,84.8,14.4,84.8,Sesuai
229,ahmad baehaqi,5,2026-09-09,keren apknya tanpa ribet dan mudah dipahami. god,Negatif,Positif,84.6,84.6,15,Sesuai
230,Faiz Kia,5,2026-09-09,oke,Positif,Positif,97.4,97.4,2.4,Sesuai
231,Rufyani Anaitpes,5,2026-09-09,membantu,Positif,Positif,97.6,97.6,2.3,Sesuai
232,Arif Cahyo,1,2026-09-09,"aplikasi pemerintah ter busuk, susah LOGIN ! Verivikasi gagal trus ,",Negatif,Negatif,98.1,1.8,98.1,Sesuai
233,Budi INDO,5,2026-09-09,sekarang sudah bagus pelayananya tingkatkan lagi jgn di persulit,Positif,Positif,92,92,7.2,Sesuai
234,chayadie zho,1,2026-09-09,"susah mau login, nga bagus aplikasi nangung",Positif,Positif,63.8,63.8,35.4,💡 Bintang 1-2 tapi Prediksi ML Positif (Pujian / Salah Klik)
235,Bang Harry,1,2026-09-09,udah 3 hari mau ngambil nomer antrian ga bisa bisa,Negatif,Negatif,94.1,5.4,94.1,Sesuai
236,Muhammad Rafi,5,2026-09-09,sangat cepat membantu,Positif,Positif,97.3,97.3,2.5,Sesuai
237,Dhea Randina,1,2026-09-09,"aplikasi apa si setiap mau masuk ribetnya minta ampun, masuk ulang lah, ditambah pas mau ambil antrean harus masukin verifikasi nomor lagi, dan harus isi pulsa, maksudnya kayak masa setiap mau ambil antrean selalu kayak gini?!MASA SETIAP HARI HARUS LOGIN GITU BIAR GA DISURUH DAFTAR DAN VERIFIKASI NOMOR?!! perbaiki deh aplikasi sumpah kayak ginii, bukan mempermudah tapi memperibet",Negatif,Negatif,99,0.9,99,Sesuai
238,Giri Alexa97,1,2026-09-09,tidak dapat kode OTP saat mendaftar,Negatif,Negatif,91.9,7.5,91.9,Sesuai
239,Rima Rahman,5,2026-09-09,puas,Positif,Positif,95.4,95.4,4.2,Sesuai
240,Vita Vita,5,2026-09-09,pelayanan bagus,Positif,Positif,97.9,97.9,1.9,Sesuai
241,Arzun Zunaidi,1,2026-09-09,aplikasi ga jelas .. ribet.. erorrr teruss!!!,Negatif,Negatif,97.3,2.4,97.3,Sesuai
242,Kurniawannn AT,5,2026-09-09,best apk ever.,Positif,Positif,93.6,93.6,5.4,Sesuai
243,maulana rahman,5,2026-09-09,jos,Positif,Positif,93.8,93.8,5.8,Sesuai
244,Prmn Ardn,5,2026-09-09,sangat membantu,Positif,Positif,99.7,99.7,0.3,Sesuai
245,Arya,1,2026-09-09,"siapa si yang bikin agak kurang gini aplikasi, tidak ada kendala ditulis kendala. dibenerin napa",Negatif,Negatif,90.6,8.4,90.6,Sesuai
246,Diah Sayuti,1,2026-09-09,Hadeh juli sampai September 2026 ini aplikasinya g bisa login udah berkali-kali nyoba. appsnya g siap apa gmn? maintain harus di tulis dengan batas waktu yg jelas. gini buat apa nyuruh bayar iuran tp pakai apps aja g bisa buat login berkali-kali. ampun ya allah,Negatif,Negatif,94.7,4.5,94.7,Sesuai
247,Dernia Damanik,5,2026-09-09,"Tolong jangan terlalu banyak di update , versi sebellumya juga sudah bagus, kasian kita yang tidak memiliki kouta apabila ada kejadian urgent",Positif,Positif,54.1,54.1,43.5,Sesuai
248,Githa wsng,5,2026-09-09,ok,Positif,Positif,51.5,51.5,45.6,Sesuai
249,Kila Kila,5,2026-09-09,oke,Positif,Positif,97.4,97.4,2.4,Sesuai
250,Sat set Group,5,2026-09-09,mudah,Positif,Positif,92.5,92.5,7.3,Sesuai
251,pornomo ae,5,2026-09-09,sangat bagus,Positif,Positif,99,99,0.9,Sesuai
252,siti Sadiah,1,2026-09-09,"kenapa selalu log out sendiri, giliran masuknya susah, kesel banget tau gak, aplikasi nya udah bagus padahal, tolong ini perbaiki aplikasinya, awal pake apk ini baik-baik aja, sekarang jadi kaya gini,",Positif,Negatif,90.4,9.3,90.4,Sesuai
253,Habibi 1234,5,2026-09-09,ok,Positif,Positif,51.5,51.5,45.6,Sesuai
254,bang Wariono,5,2026-09-09,respon cepat,Positif,Positif,93.8,93.8,5.8,Sesuai
255,Delima Agam,5,2026-09-09,sangat membantu,Positif,Positif,99.7,99.7,0.3,Sesuai
256,Ayu Ridwan,5,2026-09-09,terbaik sllu jln mobile sangat membantu,Positif,Positif,97.2,97.2,2.7,Sesuai
257,Ruslan New,5,2026-09-09,cepat dalam perubahan data,Positif,Positif,94.4,94.4,5.2,Sesuai
258,Sefia Wijaya,1,2026-09-09,"app nya kenapa loh, dr awla bulan smpe skrg gbs d buka buka",Negatif,Negatif,81.9,17.2,81.9,Sesuai
259,Tumiur lam Silalahi,4,2026-09-09,saya butuuh splikasionile jkn ingin dapter,Positif,Positif,59.4,59.4,38.5,Sesuai
260,AFRIAN 24 MX,1,2026-09-09,"administrasi di buat sulit, BPJS tapi daftar harus online. di aplikasi, rujukan puskesmas sering hilang yg buat harus mondar mandir ke RS utk administrasi saja. tidak dapat penanganan dokter di hari yg sama saat daftar online di aplikasi. berputar-putardi lingkaran setan bagian administrasi saja ke buru mati duluan orang. aplikasi sering error sendiri. ngak perna maju Indonesia",Negatif,Negatif,89.1,10.3,89.1,Sesuai
261,Nopri Ipang,5,2026-09-09,aplikasinya sangat membantu,Positif,Positif,98.8,98.8,1.2,Sesuai
262,yanto anto,2,2026-09-09,bobrok ribet,Negatif,Negatif,95,4.6,95,Sesuai
263,Aulia Maharani,5,2026-09-09,cukup membantu,Positif,Positif,96.3,96.3,3.4,Sesuai
264,Nasrudin Hilmi,1,2026-09-09,"aplikasi lemot, di wajibkan ambil antrian lewat aplikasi, tapi setiap daftar antrian selalu gak bisa.",Negatif,Negatif,93.7,6.1,93.7,Sesuai
265,Surah Man,1,2026-09-09,aplikasi bikin emosi tiba tiba keluar sendiri mana lupa sandi lgh,Negatif,Negatif,95.2,4,95.2,Sesuai
266,Ernia Wati,5,2026-09-09,mntap dan cpat,Positif,Positif,85.4,85.4,12.9,Sesuai
267,Marsa'ed 16,5,2026-09-09,pelayanan bagus,Positif,Positif,97.9,97.9,1.9,Sesuai
268,Siti Aminah,5,2026-09-09,ok bagus,Positif,Positif,98.2,98.2,1.7,Sesuai
269,rasya alip,1,2026-09-09,apk gajelas mau daftar aja susah bgt,Negatif,Negatif,97.5,2.2,97.5,Sesuai
270,YOSERI,3,2026-09-09,susah banget mau masuk caphca nya salah terus,Netral,Negatif,93.2,5.4,93.2,Sesuai
271,Wisnu Soeharto,5,2026-09-09,ok,Positif,Positif,51.5,51.5,45.6,Sesuai
272,Ivan Ardiansyah,1,2026-09-09,APLIKASI SERING ERROR,Negatif,Negatif,97.2,2.5,97.2,Sesuai
273,Budi riyadi,5,2026-09-09,ok,Positif,Positif,51.5,51.5,45.6,Sesuai
274,Erma Widiyasari,5,2026-09-09,trmksh sllu membantu dlm hal pendftran ke RS,Positif,Positif,94,94,5.3,Sesuai
275,Muhammad Sunardi,1,2026-09-09,makin kesini daftar antrian susahnya minta ampun,Negatif,Negatif,93.6,6,93.6,Sesuai
276,Malik AG,5,2026-09-09,keren dan sangat membantu,Positif,Positif,99.8,99.8,0.2,Sesuai
277,Rugaya Jafar,5,2026-09-09,mntap,Positif,Positif,85.4,85.4,12.9,Sesuai
278,A.RASYID SYID,5,2026-09-09,selamat anda berobat,Positif,Positif,69,69,29.5,Sesuai
279,Sukanagara Czr,1,2026-09-09,knapa jadi gak bisa ngambil antrian padahal sudah dapatar no salah terus,Negatif,Negatif,89.8,9.6,89.8,Sesuai
280,Budi Marwanta,5,2026-09-09,sangat baik,Positif,Positif,96.4,96.4,3.4,Sesuai
281,Lucky Fernandez,5,2026-09-09,kualitas aplikasi sudah standar aplikasi pemerintah Indonesia tapi update datanya masih lambat.,Positif,Negatif,60.6,38.2,60.6,🚨 Bintang 4-5 tapi Prediksi ML Negatif (Taktik Komplain)
282,Mchamp,1,2026-09-09,aplikasi belum mapan. error trus,Negatif,Negatif,86.1,13.4,86.1,Sesuai
283,Rendi Rustiana,5,2026-09-09,Alhamdulillah sehat dan kuat,Positif,Positif,91.1,91.1,7.8,Sesuai
284,Muchamad Sulaiman,2,2026-09-09,sangat membantu sekali,Positif,Positif,99.8,99.8,0.2,💡 Bintang 1-2 tapi Prediksi ML Positif (Pujian / Salah Klik)
285,Juanita Gisellawati,1,2026-09-09,"saya sih kasian aja ya sama yg udh sepuh², milenial & gen z aja frustrasi make apk ini",Negatif,Negatif,68.5,28.6,68.5,Sesuai
286,rismanto uye,5,2026-09-09,ok,Positif,Positif,51.5,51.5,45.6,Sesuai
287,Ruslan79,1,2026-09-09,"saya sangat kecewa,setiap mau daptar online, selalu gagal,dan selalu jawaban sedang di proses,tolong dong sistem ya di perbaiki,supaya mempermudah dan ❌tidak mempersulit, sekian terimakasih",Negatif,Negatif,66.5,32.8,66.5,Sesuai
288,SIHANA SMAN 1 SKA,5,2026-09-09,useful,Positif,Positif,51.5,51.5,45.6,Sesuai
289,Rina Umami,5,2026-09-09,mjkn sangat membantu,Positif,Positif,97.8,97.8,2,Sesuai
290,Reni Gawe,1,2026-09-09,"mau ngisi rekam medis error terus udah 2 Minggu, Gimna orang mau daftar untuk berobat online aplikasi yang sangat tidak berguna hapus saja dari play store,",Negatif,Negatif,82.4,17.1,82.4,Sesuai
291,aditiya reynaldi,1,2026-09-09,"aplikasi sampah, daftar ga bisa bisa, kode otp sms ga masuk2 ,, taiik lah hapus aja ni aplikasi sampah",Negatif,Negatif,99,1,99,Sesuai
292,Asfia Jaohari,1,2026-09-09,"error mulu aku nungguin mau PSA berapa bulan mrn, eh pas deket mau berobat malah di suruh di batalin, pas mau di batalin error mulu server nya",Negatif,Negatif,93.6,5.9,93.6,Sesuai
293,Romi Ariawati,1,2026-09-09,"buruk, mau daftar aja gk bisa",Negatif,Negatif,97.8,2.1,97.8,Sesuai
294,Nurlinda Faisal,2,2026-09-09,tidak bisa masuk ke menu untuk ambil antrian,Negatif,Negatif,87.2,12.4,87.2,Sesuai
295,Dwi Yulinawati,5,2026-09-09,bagus,Positif,Positif,98.2,98.2,1.7,Sesuai
296,Sambel Setan,5,2026-09-09,ok,Positif,Positif,51.5,51.5,45.6,Sesuai
297,Annisa Helmalia Fitri,2,2026-09-09,apk eror mau digunakan,Negatif,Negatif,82.5,16.7,82.5,Sesuai
298,FajarSriwahyuni Wahyuni,5,2026-09-09,ok,Positif,Positif,51.5,51.5,45.6,Sesuai
299,Ridwan Nurdin,1,2026-09-09,"banyak bug, antrian 0 masih ga bisa daftar padahal jadwal sudah di buka",Negatif,Negatif,97,2.8,97,Sesuai
300,Krisna Fahmi,1,2026-09-09,"gangguan mulu, dikit2 harus login bikin ribet, bikin aplikasi banyak kurangnya kayak gini masa abisin anggaran 30 triliun bahkan buzzer aja nyampe sini komennya...bikin bete aja",Negatif,Negatif,98.1,1.5,98.1,Sesuai
301,RISDIANA UTAMI 79,5,2026-09-09,sangat membantu,Positif,Positif,99.7,99.7,0.3,Sesuai
302,Imanuel Rizky,5,2026-09-09,sangat baik,Positif,Positif,96.4,96.4,3.4,Sesuai
303,Mario Trevel,5,2026-09-09,👍👍👍👍,Positif,Positif,51.5,51.5,45.6,Sesuai
304,Hernita Widiyani,1,2026-09-09,"mau daftar tulisan nya bad request mulu, apa apa an ini apk tidak sama sekali membantu!!!! kata gw mah kaga ush bikin apk so so an akhirnya menyulitkan",Negatif,Negatif,96.9,2.8,96.9,Sesuai
305,Agus Sunaryono,5,2026-09-09,mantap,Positif,Positif,99.2,99.2,0.7,Sesuai
306,Syaiful Rozaq,1,2026-09-09,bapuk Aplikasi Gratisan. Jijik Ko bisa yah kaya gini aplikasi.,Negatif,Negatif,75.9,22.6,75.9,Sesuai
307,PAKTUA MERAH,1,2026-09-08,"udah 2 hari minta kode otp gak datang datang, gimana mau daftar 🤦",Negatif,Negatif,95.9,3.8,95.9,Sesuai
308,Noe Farhan,5,2026-09-08,keren,Positif,Positif,94.2,94.2,5.4,Sesuai
309,Tri Sutrisno,4,2026-09-08,"Tolonglah diperbaiki lagi aplikasinya ,masak mau daftar gak bisa terus.gak bisa sementara tapi udah berkali kali gitu trus yang muncul",Positif,Negatif,87.9,11.5,87.9,🚨 Bintang 4-5 tapi Prediksi ML Negatif (Taktik Komplain)
310,Yeti Curup,5,2026-09-08,bagus,Positif,Positif,98.2,98.2,1.7,Sesuai
311,Eno Putra,3,2026-09-08,"kenapa saya tidak bisa Download jkn, tulisan perangkat tidak sesuai versi ini?",Netral,Negatif,85.7,11.8,85.7,Sesuai
312,Imam Sutaji,5,2026-09-08,pendaftaran lebih cepat,Positif,Positif,91.2,91.2,8.2,Sesuai
313,endy .H,5,2026-09-08,"bagus, semakin mudah di gunakan",Positif,Positif,95.2,95.2,4.6,Sesuai
314,mochamad rasyad,5,2026-09-08,memudahkan,Positif,Positif,92.5,92.5,7.3,Sesuai
315,nita pabuntang,5,2026-09-08,Aplikasi ini memberikan kemudahan bagi peserta BPJS Kesehatan untuk mengakses layanan kesehatan secara digital tanpa harus datang langsung ke kantor atau mengantre lama di fasilitas kesehatan.,Positif,Positif,96.7,96.7,3.2,Sesuai
316,Wi Narsih,5,2026-09-08,sangat mudah,Positif,Positif,98.4,98.4,1.5,Sesuai
317,Kartini Tini,2,2026-09-08,aplikasi ini terkadang tdk langsun login.,Negatif,Negatif,84.2,15.1,84.2,Sesuai
318,Robby Dwi Firmansyah,5,2026-09-08,"aplikasi nya menurut saya sekarang bagus, ngga ngelag, dan gampang dibuka, trus ketika ada aduan dalam waktu tidak sampai 24 jam sudah ada tanggapan sesuai nomor antrian, dan juga sekarang fiturnya juga sudah bagus mengikuti kebutuhan masyarakat...",Positif,Positif,80.5,80.5,19,Sesuai
319,Kadek Nila Ayu Wilyanti,1,2026-09-08,"Aku mau login di hp baru ku tapi lupa sandi, udah ngikutin arahan dari aplikasi masukin nik dan nomor hp yg terdaftar trs disuruh masukin kode verifikasi tp ditunggu sampe 10 menit gada kode yang masuk ke sms. Tolong ini gmna sih? udh coba berkali kali masih aja gitu.",Negatif,Negatif,95,3.1,95,Sesuai
320,Rudi Chandra Kaban,5,2026-09-08,bagus,Positif,Positif,98.2,98.2,1.7,Sesuai
321,Awan Hermawan,1,2026-09-08,"sudah 3 xdi jadwalkan ulang trs krna dokter y tidak ada, dan tidak memberikan solusi unuk ktmu dokter lain",Negatif,Negatif,85.8,13.1,85.8,Sesuai
322,Anty,5,2026-09-08,lebih memudahkan,Positif,Positif,96.4,96.4,3.4,Sesuai
323,Roky Krisdianto,5,2026-09-08,good,Positif,Positif,98.5,98.5,1.3,Sesuai
324,Pujiatilestari,1,2026-09-08,aplikasi tidak bisa di gunakan!!,Negatif,Negatif,89.6,10.3,89.6,Sesuai
325,Sukardi Kadi,5,2026-09-08,ok banget,Positif,Positif,51.5,51.5,45.6,Sesuai
326,Malikal Pasha,4,2026-09-08,sangat senang,Positif,Positif,87.6,87.6,10.7,Sesuai
327,Agus Marhendrajaya,5,2026-09-08,bagus,Positif,Positif,98.2,98.2,1.7,Sesuai
328,Kamto Kb,5,2026-09-08,mantap,Positif,Positif,99.2,99.2,0.7,Sesuai
329,Reza Rizky Amelia,3,2026-09-08,"Ini gimana sih mau daftar antrian gak sesuai sama ketersediaan nomor, harusnya kalau memang sudah penuh itu di update.",Netral,Negatif,87.2,10.3,87.2,Sesuai
330,Turah Solikin,5,2026-09-08,"good,nice",Positif,Positif,98.8,98.8,1,Sesuai
331,Rusdi Jepara,5,2026-09-08,mantap,Positif,Positif,99.2,99.2,0.7,Sesuai
332,andre paserera,5,2026-09-08,Good,Positif,Positif,98.5,98.5,1.3,Sesuai
333,isti almeera,5,2026-09-08,memudahkan dalam berobat,Positif,Positif,93.8,93.8,5.8,Sesuai
334,Riyo never flash,1,2026-09-08,"verifikasi susah amat,. perbaiki kalo bisa. verifikasi ga dikirim2.",Negatif,Negatif,93.1,6.3,93.1,Sesuai
335,Benny Syahputra,1,2026-09-08,"tiba2 keluar sendiri. tp mau masuk lagi dipersulit. yg kata nya vaptcha salah, Internet nya mati.. aplikasi gak bermutu.",Negatif,Negatif,97.1,2.5,97.1,Sesuai
336,VIDI Adriansyah,1,2026-09-08,aplikasi bapuk benerin dulu tuh verifikasi wajah nya duit nya di korup Mulu sih bikin aplikasi kaga bener hdehhh,Negatif,Negatif,93.2,5.5,93.2,Sesuai
337,Nitaaa Djdbd,5,2026-09-08,bagus,Positif,Positif,98.2,98.2,1.7,Sesuai
338,Siti Choiriyah,5,2026-09-08,bagus,Positif,Positif,98.2,98.2,1.7,Sesuai
339,Sawal Noto Susilo,5,2026-09-08,lebih mudah,Positif,Positif,96.4,96.4,3.4,Sesuai
340,Sururiyah Ibu,4,2026-09-08,lancar,Positif,Positif,87.7,87.7,11.7,Sesuai
341,Na-Mi-Vi-Ca,1,2026-09-08,"ini kenapa tidak bisa login si, tombol masuknya tidak bisa d klik",Negatif,Negatif,93.4,6.3,93.4,Sesuai
342,Rika Wahyuni,5,2026-09-08,"Benar benar sangat membantu, memudahkan",Positif,Positif,91.7,91.7,8.1,Sesuai
343,Yudhistira WP,5,2026-09-08,okeh banget sah,Positif,Positif,51.5,51.5,45.6,Sesuai
344,Widya quy,5,2026-09-08,sangat puas dengan pelayanan,Positif,Positif,98.5,98.5,1.2,Sesuai
345,Nendhe Praviga,1,2026-09-08,"Terbaik lah, mau login minta kode verifikasi gangguan mulu, mana nunggu nya lama lagi. ini kalian emang pada berharap pasien mati dulu baru dikirim ya",Positif,Negatif,88.3,10.8,88.3,Sesuai
346,Lady R,1,2026-09-08,"gak bagus samsek, berkali-kali daftar rehab tapi gk ada info jelas gimana cara bayarnya. ini sebenarnya mau dibayar apa gak sih. notif doang bikin sampah tapi mau bayar dipersulit",Negatif,Negatif,94.8,4.7,94.8,Sesuai
347,Lili Hardiana,5,2026-09-08,best,Positif,Positif,92.3,92.3,6.8,Sesuai
348,Riki Alazid,5,2026-09-08,proses nya cepat dan sangat mudah di pahami,Positif,Positif,99.4,99.4,0.6,Sesuai
349,Syamsidar Mappa,1,2026-09-08,Krn TDK bisa didownload kmbli,Negatif,Negatif,84.8,14.1,84.8,Sesuai
350,Bunda Charly,5,2026-09-08,sangat membantu,Positif,Positif,99.7,99.7,0.3,Sesuai
351,Ody Farid prasetyo,5,2026-09-08,sangat membantu pada saat sakit,Positif,Positif,93.8,93.8,6,Sesuai
352,Qwitpra 04,5,2026-09-08,mantappp....,Positif,Positif,99.2,99.2,0.7,Sesuai
353,SYAYYIDAH Al MARDLIYYAH,1,2026-09-08,"verifikasi wajah ga bisa” sudah 1 jam saya verifikasi, tolong segera diperbaiki.",Negatif,Negatif,91.2,8.3,91.2,Sesuai
354,Rafa Istiqomah,1,2026-09-08,aplikasi Tolol dimasukin no.hp gak bisa bisa,Negatif,Negatif,96.4,3.5,96.4,Sesuai
355,Viona Shelly,1,2026-09-08,login susah,Negatif,Negatif,86,13.2,86,Sesuai
356,nur faizah05,3,2026-09-08,nunggu antrian. panja6 poli kosong. yg punya nomor blm hadir lama. sebaiknya nomor antrian bila datang k lokasi di reset ulang,Netral,Negatif,72.3,25.7,72.3,Sesuai
357,46 X men,1,2026-09-08,sudah daftar sidik jari login ga bisa lupa password mengulang terus,Negatif,Negatif,95.2,4.1,95.2,Sesuai
358,Teguh Santosa,1,2026-09-08,"aplikasi jadul, keamanan masih verifikasi sms, pake pulsa. sekali sms 5ribu. apk pemerintah g bs hidup klo g makan uang rakyat",Negatif,Negatif,92.6,6.9,92.6,Sesuai
359,Nurhidayatullah Mustajib,4,2026-09-08,ok,Positif,Positif,51.5,51.5,45.6,Sesuai
360,Arya Maysa,1,2026-09-08,tolol amat kirim otp aja pake pulsa. kenapa program pemerintah selalu dongo,Negatif,Negatif,93.3,6,93.3,Sesuai
361,Jackson Graves,1,2026-09-08,"ga bisa daftar, karena kode verification no hp ga dikirim, hapus ajah menu daftar nya kalo ga di pake",Negatif,Negatif,95.2,4.4,95.2,Sesuai
362,SIAGIAN HENDRIK FANCO,5,2026-09-08,Sangat Membantu,Positif,Positif,99.7,99.7,0.3,Sesuai
363,Raihan,1,2026-09-08,"hama, jaringan bagus di apk nya loading terus",Positif,Positif,91.5,91.5,8.2,💡 Bintang 1-2 tapi Prediksi ML Positif (Pujian / Salah Klik)
364,Arif Rachman,5,2026-09-08,saya suka mjkn ini,Positif,Positif,84.3,84.3,14,Sesuai
365,Riani Pebriani,5,2026-09-08,memudahkan ❤️,Positif,Positif,92.5,92.5,7.3,Sesuai
366,Mahrup,5,2026-09-08,bagus bgt aplikasi ini cepat dan mudah di pahami,Positif,Positif,99.1,99.1,0.9,Sesuai
367,Supriyanto,5,2026-09-08,"bagus tapi captcha jangan terlalu rumit dan sulit,kasihan para orang tua",Negatif,Negatif,81,18.1,81,🚨 Bintang 4-5 tapi Prediksi ML Negatif (Taktik Komplain)
368,rendy adrysh,1,2026-09-08,"lag parah,server down padahal wifi/data udh oke.jadinya terhambat buat daftar antrian",Negatif,Negatif,75.7,22.7,75.7,Sesuai
369,Indra wahyudi,5,2026-09-08,mantul aplikasinya,Positif,Positif,98.1,98.1,1.6,Sesuai
370,Hatchie,1,2026-09-08,"verifikasi no hp tidak bisa,, perbaiki saja",Negatif,Negatif,75.2,24.1,75.2,Sesuai
371,Muhifa Kalsum,5,2026-09-08,"ini gimana si aplikasi nya,kemarin masih aman aku liat ,dapat nomor antrean buat tanggal 17 bisa,ko tadi aku cek tiba tiba ke log out sendiri? sandinya dimasukin salah salah Mulu tolong dong ini gmn besok saya berobatnya",Positif,Negatif,91.8,7.6,91.8,🚨 Bintang 4-5 tapi Prediksi ML Negatif (Taktik Komplain)
372,mohammad farid,1,2026-09-08,"aplikasi lemot ngehank terus, mau bayar malah dipersulit",Negatif,Negatif,96.2,3.5,96.2,Sesuai
373,Nurhayati Rohadi,5,2026-09-08,berobat bpjs menggunakan jkn mobile mudah utk meng akses data dan antrean,Positif,Positif,92.6,92.6,7.2,Sesuai
374,Nova Skyva,4,2026-09-08,bisakah login pakai gmail tanpa ktp captcha dan bagaimana jika tidak bayar denda bpjs ...bagaimana jika merubah rujukan untuk daftar online,Positif,Negatif,74.7,24.6,74.7,🚨 Bintang 4-5 tapi Prediksi ML Negatif (Taktik Komplain)
375,shimi,1,2026-09-08,"verifikasi wajah selalu gagal, saat diminta kode otp, itu pesan otp nya tidak masuk2 padahal sudah bener nomor hp yang di masukan untuk menerima kodenya, atau emang bermasalah aplikasi nya?",Negatif,Negatif,98.3,1.5,98.3,Sesuai
376,Dista Alvianto,1,2026-09-08,"untuk call centernya memang selalu mengangkat telfon , tapi setiap 5 menit tiba tiba signal dr pihak call center merah sedangkan signal kita penuh , ya masak sekelas jkn kek gini",Negatif,Negatif,90.6,7.9,90.6,Sesuai
377,Siti Nurhayati,5,2026-09-08,mantap jiwa 😎😎😎,Positif,Positif,96.9,96.9,2.6,Sesuai
378,Nuka Nua,1,2026-09-08,"tolong aplikasi JKN, jangan mempersulit orang, mau ambil no antrian online saja, tidak bisa masuk, pada hal sudah pakai lama, masa bilang nomor KTP salah, kata sandi salah, pada hal semuanya susah benar. paling lucu lagi disuruh daftar ulang, ini bego sekali aplikasi mambtu ilang malahan mempersulitkan orang. aturan macam apa ini.",Negatif,Negatif,99,0.9,99,Sesuai
379,munawir hadi,1,2026-09-08,staff IT nya ini mungkin yg abal abal 😂 bisa bisanya daftar online gg pernah bisa ke buka 🤣🤣,Negatif,Negatif,91.3,8.3,91.3,Sesuai
380,anang rusdi,5,2026-09-08,sangat membantu,Positif,Positif,99.7,99.7,0.3,Sesuai
381,Novi Hendriyanto,5,2026-09-08,Aplikasi sangat membantu,Positif,Positif,98.8,98.8,1.2,Sesuai
382,urip pitriyah,5,2026-09-08,sangat membantu dlm mengambil nomor antrian,Positif,Positif,92.4,92.4,7.4,Sesuai
383,Roman Vecto,1,2026-09-08,lagi eror aplikasi nya ya kira-kira kapan ini di perbaiki nya,Negatif,Negatif,75.1,24.1,75.1,Sesuai
384,Dwiga Rahmat,1,2026-09-08,mau daftar masak pilihan dokternya gak bisa segera diperbaruilah,Negatif,Negatif,88.4,11.1,88.4,Sesuai
385,Ari Putra,5,2026-09-08,bagus dan memuaskan,Positif,Positif,98.7,98.7,1.1,Sesuai
386,Danu Susanto,5,2026-09-08,reaponsif,Positif,Positif,51.5,51.5,45.6,Sesuai
387,Khorina Aditia,1,2026-09-08,"Masa mau verifikasi lewat sms aja harus pakai pulsa dulu, aneh banget. Mending nggak usah pakai aplikasi dehh.",Negatif,Negatif,96.7,3,96.7,Sesuai
388,Ikhwan Awwalu,1,2026-09-08,lagi eror kah? saya nggak bisa daftar online,Negatif,Negatif,92.9,6.9,92.9,Sesuai
389,Unknown Faqih,1,2026-09-08,login nya sulut banget ngulang² terus,Negatif,Negatif,72.9,24.9,72.9,Sesuai
390,Rudi Miftah,5,2026-09-08,lumayan,Positif,Positif,83.2,83.2,15.5,Sesuai
391,Asni Rusman,5,2026-09-08,pelayanan baik,Positif,Positif,93.1,93.1,6.4,Sesuai
392,Diana Pesek,5,2026-09-08,kemudahan layanan,Positif,Positif,96.2,96.2,3.4,Sesuai
393,Hinda Yanti,1,2026-09-08,asli ribet rs islam sitihajar. pasien dihajar habis oleh verifikasi 🥲,Negatif,Negatif,88.7,10.5,88.7,Sesuai
394,AGUSTIAN.G Gunawan,5,2026-09-08,good bagus,Positif,Positif,99.7,99.7,0.3,Sesuai
395,Jesen Kauwang,1,2026-09-08,"ampas bgt apk pemerintah 1 ini, mau daftar aja dipersulit, kamera identifikasi muka aja ga becus, ampasnya ngampas bgt!!",Negatif,Negatif,96.3,3.1,96.3,Sesuai
396,siti rahmawati,3,2026-09-08,hp dulu bisa download app ini. kenapa sekarang tidak🥵🥵🥵,Netral,Negatif,77.6,21.1,77.6,Sesuai
397,Rafif Zainul,1,2026-09-08,root matamu root,Negatif,Negatif,67.8,29.2,67.8,Sesuai
398,Weni Afrida,1,2026-09-08,"aplikasi nya jelek padahal aplikasi untuk layanan masyarakat, tiba tiba akun log out sendiri giliran mau login lagi tombol login nya gak bisa respon apa apa, jdi gak bisa masuk ke aplikasi. ini sangat perlu diperbaiki secepatnya kasihan orang yang mau ambil antrean kontrol gimana mau ambil antrean kalo gak bisa login, tolong buat segera direvisi aplikasi layanan ini krna sangat menggangu jika tidak bisa berjalan sesuai ketentuan nya.",Negatif,Negatif,98,1.9,98,Sesuai
399,Kayla Nahdha,5,2026-09-08,pingin rubah klas untuk angota keluarga caranya gimana ya,Positif,Positif,73.6,73.6,25.2,Sesuai
400,Heni hendrayani,2,2026-09-08,suda no induk sudah berulsandi capca masuk tetap ga bisa login kecewa susah,Negatif,Negatif,96.2,3.5,96.2,Sesuai
401,Ricky Ablizar,4,2026-09-08,"Mohon aplikasi ini lebih disempurnakan lagi,terutama pengaduan masyarakat.Dan kalau bisa diadakan live chat agar semua masalah dapat diselesaikan dengan baik tanpa harus mengunjungi kantor dinsos yg terkadang pengurusannya rumit.Terima Kasih 🙏🙏🙏",Negatif,Positif,58.1,58.1,41.5,Sesuai
402,Rankar Romantika,5,2026-09-08,"ini sangat tidak menguntungkan bagi lansia yang ingin berobat, verivikasi wajah gagal terus, verivikasi SMS gagal terus, di ulang tetap gagal terus, tambah mempersulit kalau proses nya seperti ini",Positif,Negatif,83.4,15.9,83.4,🚨 Bintang 4-5 tapi Prediksi ML Negatif (Taktik Komplain)
403,amel rose,5,2026-09-08,mantep 👍,Positif,Positif,51.5,51.5,45.6,Sesuai
404,Eman Ependi,5,2026-09-08,Bagus cepat tepat,Positif,Positif,95.5,95.5,4.1,Sesuai
405,Rizqi Kamalia,4,2026-09-08,servernya harus diperbaiki lagi. sering ngebug waktu mau ambil antrian online.,Positif,Negatif,74,25.3,74,🚨 Bintang 4-5 tapi Prediksi ML Negatif (Taktik Komplain)
406,Kerang Ijo,1,2026-09-08,tolong dong bisa buat semua hp klo ga kompektibel gimana bsa buat berobat,Negatif,Negatif,92.8,6.8,92.8,Sesuai
407,Sarifatimah Sari,5,2026-09-08,Sangat membantu,Positif,Positif,99.7,99.7,0.3,Sesuai
408,Adhis Muhamad,5,2026-09-08,Membantu dan memudahkan secara praktis👍,Positif,Positif,99.1,99.1,0.8,Sesuai
409,Akbar Muhammad,1,2026-09-08,"Nomor sudah sesuai, tapi tidak terkirim dan untuk meminta ulang kode OTP, harus menunggu sangat lama",Negatif,Negatif,94.1,5.2,94.1,Sesuai
410,asep cepot,5,2026-09-08,ok,Positif,Positif,51.5,51.5,45.6,Sesuai
411,Siti Munawaroh,5,2026-09-08,kenapa tidak masuk daftar Mobile jkn nya,Positif,Negatif,60,39.2,60,🚨 Bintang 4-5 tapi Prediksi ML Negatif (Taktik Komplain)
412,yaar,1,2026-09-08,"g bisa daftar, verifikasi sulit....",Negatif,Negatif,93,6.6,93,Sesuai
413,Faris,5,2026-09-08,cepat tanggap dalam melayani .. pokoknya 👍 👍👍,Positif,Positif,97.5,97.5,2.2,Sesuai
414,Ibnu Hendrian,1,2026-09-08,jelek ga bisa mendaftar udah 2 hp di coba tetap bad request,Negatif,Negatif,95.4,4.2,95.4,Sesuai
415,Sah Roni,2,2026-09-08,ko ga bisa kebuka lgi y,Negatif,Negatif,78.2,21.3,78.2,Sesuai
416,Parker McCall,5,2026-09-08,sangat membantu,Positif,Positif,99.7,99.7,0.3,Sesuai
417,Hasbi Ramadhan,5,2026-09-08,bagus,Positif,Positif,98.2,98.2,1.7,Sesuai
418,Heri Yanto,1,2026-09-08,"Buat penyedia aplikasi jkn,klo g niat membantu masyarakat kecil mending g usah sama sekali.. apk g guna begini.. daftar satu hari full hanya untuk menunggu otp yg g jelas",Negatif,Negatif,78.3,21,78.3,Sesuai
419,Sarah chika Sarah chika,5,2026-09-08,luar biasa 💯👍,Positif,Positif,94.8,94.8,4.6,Sesuai
420,Slamet Herman Prayoga,5,2026-09-08,Alkhamdulillah perubahan data cepat direson,Positif,Positif,93.2,93.2,6.5,Sesuai
421,Novan Fadil,1,2026-09-08,aplikasi jangan du downloaded ga menyarankan untuk daftar di sini soal ini gajelas apk bego nomor salah mulu padhal dh bener ga masuk sms,Negatif,Negatif,97.4,2.4,97.4,Sesuai
422,Bang Veve,2,2026-09-08,aplikasi gk jelas log out sndiri,Negatif,Negatif,95.8,3.8,95.8,Sesuai
423,Cece,5,2026-09-08,aplikasi tidak bisa dibuka di hp saya.,Positif,Negatif,89.5,10.3,89.5,🚨 Bintang 4-5 tapi Prediksi ML Negatif (Taktik Komplain)
424,Dadan Nuramdani,1,2026-09-08,"terlalu banyak masalah di aplikasi, mempersulit pendaftaran dan ke pelayanan",Negatif,Negatif,81.9,17.4,81.9,Sesuai
425,Rico Ramananda,5,2026-09-08,Terbaikkkkkk,Positif,Positif,81,81,18.5,Sesuai
426,Juliusperkasa Putra,1,2026-09-08,"ini kode otp ga masuk"" apa mungkin masuknya pas kiamat",Negatif,Negatif,95.4,4.3,95.4,Sesuai
427,teguh suprianto,1,2026-09-08,verifikasi wajah susah bnget,Negatif,Negatif,95,4.4,95,Sesuai
428,Nur Fadilla,5,2026-09-08,sjk donlod aplikasi ini semua gampang,Positif,Positif,81.4,81.4,17.4,Sesuai
429,Mama Tama,5,2026-09-08,cepat dan akurat,Positif,Positif,97.5,97.5,2.2,Sesuai
430,andrie daud,5,2026-09-08,Sangat membanting,Positif,Positif,51.5,51.5,45.6,Sesuai
431,amat yasir,5,2026-09-08,pelayanan oke,Positif,Positif,98.1,98.1,1.8,Sesuai
432,slamet fajar,5,2026-09-08,ok,Positif,Positif,51.5,51.5,45.6,Sesuai
433,Faisal Abdul lontoh Ferri,5,2026-09-08,mudah dan membantu,Positif,Positif,99.2,99.2,0.7,Sesuai
434,Riani Ani,5,2026-09-08,Bagus dan sangat membantu,Positif,Positif,99.9,99.9,0.1,Sesuai
435,Ariansyah,1,2026-09-08,lemot,Negatif,Negatif,88.3,11.2,88.3,Sesuai
436,DienN 2423j,1,2026-09-08,tidak mendapat kode otp,Negatif,Negatif,93.9,5.7,93.9,Sesuai
437,M. Naufal Ramadhan Dias,5,2026-09-08,sangat mudah untuk mengganti dokter faskes 1 dan berobat,Positif,Positif,92.4,92.4,7.3,Sesuai
438,Wawan Julian,5,2026-09-08,mudah digunakan dan memudahkan masyarakat,Positif,Positif,99,99,0.9,Sesuai
439,indi harin Mustofa,5,2026-09-08,aplikasi sangat bermanfaat bagi masyarakat,Positif,Positif,97.9,97.9,1.9,Sesuai
440,Alfine Nanda,1,2026-09-08,"mohon maaf sebelumnya, apk nya ribet bangettt masih verifikasi kode otp lewat email, verifikasi kode otp pake no hp, pas udah kita ketik no hp selalu eror udah saya coba lebih dari 10X dari kemaren tapi masih tetep aja, katanya pulsa minimal 5K sedangkan pulsa saya ada 15K tapi tetep ga bisa, sedangkan dari tim kesehatan di RS atau puskesmas harus make apk jkn dan pas saya bilang ga bisa mereka juga bingung? adek saya juga sudah mencoba di hp nya sendiri tapi ga bisa juga? mohon maaf dan makasih",Negatif,Negatif,96.4,3.1,96.4,Sesuai
441,Asha Hijra,4,2026-09-08,mantap semoga lancar jaya !,Positif,Positif,98.2,98.2,1.5,Sesuai
442,Febri Ardiansyah,5,2026-09-08,ok,Positif,Positif,51.5,51.5,45.6,Sesuai
443,Tutut Santoso,5,2026-09-08,"mau periksa harus daftar lewat aplikasi, tp kenapa aplikasinya error. no connection, pdhl paketan masih 26GB 🥲",Positif,Negatif,73.9,25.3,73.9,🚨 Bintang 4-5 tapi Prediksi ML Negatif (Taktik Komplain)
444,Aldidesu,1,2026-09-08,"aplikasi pemerintah ga ada yang bener. captcha ga jelas, verif nomer hape hatus pake pulsa. gojek aja bisa pake WhatsApp yang mana pake paket data. hari gini tuh udah ga banyak orang yang punya pulsa, punyanya paket data. rugi gue kudu beli pulsa 5000 cuma buat pindah puskesmas",Negatif,Negatif,97,2.5,97,Sesuai
445,Peri Kecil,4,2026-09-08,"meski udah daftar antrian online.tetep aja dilokasi antri sesuai urutan yg dilokasi,meskipun antrian di JKN no. 2",Positif,Negatif,52.7,46.1,52.7,🚨 Bintang 4-5 tapi Prediksi ML Negatif (Taktik Komplain)
446,abdullah said,1,2026-09-08,Yang bisa akses hanya HP tipe tinggi Kurang tepat sasaran Kasihan yang dikampung HP jadul ga bisa akses Apakah harus beli HP dulu. Padahal lagi sakit parah. Uang jg pas pasan... Astaghfirullah 😥,Negatif,Negatif,87.9,10.9,87.9,Sesuai
447,santi dwi,5,2026-09-08,oke,Positif,Positif,97.4,97.4,2.4,Sesuai
448,Imank Sudirman,5,2026-09-08,mantap,Positif,Positif,99.2,99.2,0.7,Sesuai
449,Satrio Sambodo,1,2026-09-08,"ferivikasi mental semua, lewat sms, WA bahkan wajah, bikin g nyaman... akses ksehatan malah terganggu... pengen cepet tmbah bkin ribet... perbaikin doooong...!!!",Negatif,Negatif,92.1,7.5,92.1,Sesuai
450,Kii Alvakista,1,2026-09-08,"apk buatann Indonesia emang bikin darah tinggi anj, suka sering error!",Negatif,Negatif,86.9,12.2,86.9,Sesuai
451,Rizky Permatasari,5,2026-09-08,mantaap udah lebih bagus aplikasi nya sangat mempermudah,Positif,Positif,98.4,98.4,1.4,Sesuai
452,Fauzi Ilyas,1,2026-09-08,mau ambil antrean mala gak bisa disuruh hububgi call centre atau cs nya uda dihubungi mala gak ada solusi ribet banget jkn,Negatif,Negatif,94.7,5.1,94.7,Sesuai
453,Cullenk Fellaini,1,2026-09-07,aplikasi tolol ngeblank terus gak bisa di buka goblokk,Negatif,Negatif,96.9,3,96.9,Sesuai
454,Kardi Airin,5,2026-09-07,terima kasih,Positif,Positif,95.5,95.5,4.3,Sesuai
455,Ichika Nanakiy,2,2026-09-07,tolong kalau buat aplikasi yang mudah tagihan muncul tapi tidak ada cara membayar nya......,Negatif,Negatif,67.1,31.7,67.1,Sesuai
456,Firman saragih,1,2026-09-07,"aplikasi apaan begini, daftar pun gk bisa, gk jelas banget",Negatif,Negatif,97.2,2.6,97.2,Sesuai
457,JEVERSTEINE,1,2026-09-07,menu yang penting malah tidak di tampilkan mau bayar iuran tidak tau dimana .....,Negatif,Negatif,81.4,17.4,81.4,Sesuai
458,Abe Ganteng,1,2026-09-07,apk lelet konfirmasi nomor TPI tidak kunjung dapat sms,Negatif,Negatif,89.7,9.3,89.7,Sesuai
459,Rohim Oim,5,2026-09-07,terima kasih sudah terbantu,Positif,Positif,97.5,97.5,2.3,Sesuai
460,Asep Saepudin,1,2026-09-07,aplikasi eror mulu,Negatif,Negatif,94.3,5.4,94.3,Sesuai
461,Nyoman Supatra,5,2026-09-07,aplikasi bagus,Positif,Positif,97.6,97.6,2.3,Sesuai
462,Suwari Aldi,1,2026-09-07,nges3lin....login masuk salah nik lah salah pasword lah aneh...bikin kesel...,Negatif,Negatif,89.6,9,89.6,Sesuai
463,indra mahendra,4,2026-09-07,"cukup bagus, hanya saja untuk verifikasi wajah agak lama. tolong diperbaiki. terimakasih.",Positif,Positif,85.9,85.9,13.4,Sesuai
464,Safira EgaSatryo,1,2026-09-07,mau download g bisa mulu kenapa woiii,Negatif,Negatif,68.3,30.1,68.3,Sesuai
465,Pratama Hadi,1,2026-09-07,aplikasi merepotkan bagi yang ingin berobat. payah,Negatif,Negatif,52.2,45.3,52.2,Sesuai
466,Azrilrifqi Azrilrifqi,5,2026-09-07,keren sih aplikasi ini sangat membantu mudah masuk setiap 1x bulan,Positif,Positif,97.9,97.9,2,Sesuai
467,Dian Wahyuni,5,2026-09-07,muda bget,Positif,Positif,85.1,85.1,12.7,Sesuai
468,Aguk Supriyanto,1,2026-09-07,gak bisa di buka,Negatif,Negatif,89,10.8,89,Sesuai
469,Nadhira Valyn,1,2026-09-07,"aplikasi bujang , apa harus orang kaya baru di permudah , jangan download , rakyat kecil ini selalu di persulit verifikasi nomor lebih 1 jam ,dan hasilnya coba lagi",Negatif,Negatif,93.6,6,93.6,Sesuai
470,Farid Fatahilah,1,2026-09-07,masak kode nya ga ter kirim ke sms,Negatif,Negatif,91.7,7.4,91.7,Sesuai
471,andi turnip,5,2026-09-07,ok,Positif,Positif,51.5,51.5,45.6,Sesuai
472,Yahya Ardian Yuma Pracesa,1,2026-09-07,ngestuck di logo page,Negatif,Negatif,59.6,36.5,59.6,Sesuai
473,Evi tania,5,2026-09-07,ini gimana yaa saya mau download aplikasi ini ko ga da yaa di play store,Positif,Negatif,57.9,40.1,57.9,🚨 Bintang 4-5 tapi Prediksi ML Negatif (Taktik Komplain)
474,sindi aditiya,5,2026-09-07,terimakasih bnyak mobile jkn💑,Positif,Positif,88.2,88.2,11.3,Sesuai
475,Siti Marnah,4,2026-09-07,ribet mana aplikasinya mental terus,Negatif,Negatif,83.4,14.9,83.4,🚨 Bintang 4-5 tapi Prediksi ML Negatif (Taktik Komplain)
476,Eko Priyanto,5,2026-09-07,mudah,Positif,Positif,92.5,92.5,7.3,Sesuai
477,Radit Aminoto,1,2026-09-07,mau daftar susah amat minn,Negatif,Negatif,94.8,4.8,94.8,Sesuai
478,Kemal Prayuga,5,2026-09-07,terimakasih banyak,Positif,Positif,93,93,6.3,Sesuai
479,Iwan Gunardi,1,2026-09-07,"masuk aja gak bisa, padahal pasword benar. lewat no hp email juga benar gak bisa masuk. uninstall aja",Negatif,Negatif,96.9,2.8,96.9,Sesuai
480,nur yanto,5,2026-09-07,tidak bisa dibuka,Positif,Negatif,79.5,20.2,79.5,🚨 Bintang 4-5 tapi Prediksi ML Negatif (Taktik Komplain)
481,SURYADI,3,2026-09-07,menunggu verifikasi kode otpnya lama,Netral,Negatif,72.8,24.2,72.8,Sesuai
482,Muhammad Syahid23,4,2026-09-07,mantaps luar biasa,Positif,Positif,95.4,95.4,3.9,Sesuai
483,Mohamad Fahri 25,1,2026-09-07,APLIKASI PENGUJI KESABARAN TOLONG INI APLIKASI KENTANG BGT GA LAYAK BGT DIBILANG APLIKASI,Negatif,Negatif,79.2,18.3,79.2,Sesuai
484,endang susilawati,3,2026-09-07,"Aplikasi nya kenapa sering logout sendiri si, udh gitu mau log in lg susah nik/password salah terus pdahal nik udh bener di KK dn password juga udh bener sewaktu daftar .",Netral,Negatif,94.4,4.2,94.4,Sesuai
485,016_ Khayla Syifa M.,5,2026-09-07,makan ok,Positif,Positif,59.7,59.7,37.7,Sesuai
486,Nora Selvia,4,2026-09-07,"kalo untuk aplikasi sdh bagus,tapi suka logout sendiri,,,meski jaringan bagus,mohon tingkatkan lagi untuk kelayakan dan kenyamanan saat d gunakan",Positif,Positif,90.7,90.7,8.6,Sesuai
487,Ahmad Youtube,5,2026-09-07,assoy,Positif,Positif,51.5,51.5,45.6,Sesuai
488,Sultan Nasik,1,2026-09-07,ribet mau daftar juga susah kameranya gajelas satu muka satu muka di kira muka ada banyak gajelas,Negatif,Negatif,93.3,6.1,93.3,Sesuai
489,Lia Herawati,5,2026-09-07,Alhamdulillah mudah ubah klinik.. terima kasih jkn,Positif,Positif,97.1,97.1,2.7,Sesuai
490,Ariyanto Buddy,5,2026-09-07,best,Positif,Positif,92.3,92.3,6.8,Sesuai
491,Odhay 79,1,2026-09-07,"1 perangkat masa saya tidak bisa login 3 NIK, 3 nik itu sy dan 2 anak sy, kata call center 165 harus masing² py akun sendiri karena peserta terdaftar di segmen berbeda, giliran sy daftar 1 hp 3 nik ga bs login, perintah nya suruh hubungin 165,gmana sih....",Negatif,Negatif,93.8,5.5,93.8,Sesuai
492,Sardini Afajari,2,2026-09-07,"ni akun nyebelin, mbok ya diperbaiki, keluar sendiri, suruh login terus",Negatif,Negatif,96.8,3,96.8,Sesuai
493,YUDHA FRATAMA,5,2026-09-07,oke mantap..,Positif,Positif,99,99,0.9,Sesuai
494,Agsthns Paide (PvchePibo),1,2026-09-07,"tolol, mau daftar aja ribetnya minta ampun",Negatif,Negatif,93.2,6,93.2,Sesuai
495,Uden Rh,1,2026-09-07,selalu log out.. sekali nya mau login selalu nik salah.. padahal sudah betul,Negatif,Negatif,94.1,5.2,94.1,Sesuai
496,Alfi Firdaus,5,2026-09-07,membantu tolong klo bisa jangan gagal mulu masuk ny,Positif,Negatif,66.2,33,66.2,🚨 Bintang 4-5 tapi Prediksi ML Negatif (Taktik Komplain)
497,Basuki Nur,5,2026-09-07,sangat membantu,Positif,Positif,99.7,99.7,0.3,Sesuai
498,STARFIT Indonesia,5,2026-09-07,good,Positif,Positif,98.5,98.5,1.3,Sesuai
499,Ana Dwi rahayu,5,2026-09-07,mudah di.pahami,Positif,Positif,90.7,90.7,9,Sesuai
500,Rudi Septianto,1,2026-09-07,versi android nya ketinggian jadi sulit diakses untuk versi android 10 kebawah,Negatif,Negatif,85.5,12.4,85.5,Sesuai
501,Mey Wanti,5,2026-09-07,bagus dan ramah,Positif,Positif,98.2,98.2,1.6,Sesuai
502,Adi Sutiono,1,2026-09-07,"kalo bisa bintang nol tak kasih nol. dah lah lelet, susah login. orang mau berobat bukannya dipermudah malah dipersulit",Negatif,Negatif,94.1,5.7,94.1,Sesuai
503,riska febrianti Riska,4,2026-09-07,alhamdulillah sudah bisa download,Positif,Positif,70.1,70.1,28.7,Sesuai
504,Ade Suryadi,5,2026-09-07,membantu,Positif,Positif,97.6,97.6,2.3,Sesuai
505,IZ*ONE Minchu,1,2026-09-07,kenapa verifikasi lewat SMS ga dikirim kirim kodenya? pdhl nomor sudah benar,Negatif,Negatif,97.3,2.5,97.3,Sesuai
506,Misbakhul Mu'in,1,2026-09-07,saat proses daftar pada tahap verifikasi wajah. sistem seperti tidak bekerja dimana saya sudah menyesuaikan wajah dalam kotak bingkai sesuai arahan tetapi tidak ada respon dari sistem. tolong diperbaiki atau bisa beri penjelasan kenapa hal ini terjadi. terimakasih update penilaian tergantung nanti,Negatif,Negatif,85.2,13.6,85.2,Sesuai
507,Ainun Nazwa,1,2026-09-07,"udah muak bangt sama aplikasi ini pas daftar susah email nya gk akses2 no hp sama udah ganti no tetep gk bisa, kemarin masih baik2 saja pas mau ambil no pas buka aplikasi udah logout sendiri pas masuk lagi gk bisa nik salah mulu pasword capcat padahal saya udah teliti bangt buat ngisi nya tetep aja salah, coba lupa akun tetep gk muncul otp nya gimana ini petugaa bpjs, dri pihak rs suruh pake aplikasi ini tpi ko aplikasi sering eror kaya gini, TOLONG PERBAIKI SECEPATNYA KARNA YANG PAKE BANYAK",Negatif,Negatif,99.4,0.5,99.4,Sesuai
508,FATHURRAHMAN DZAKWAN HAZ,3,2026-09-07,bagus tapi sistem antrian nya sepertinya kurang maksimal masa nomor besar lebih di dahuli dari pada nomor kecil dan nyampe duluan di ruang tunggu tapi lupa konfirmasi ke ADM atau sejenisnya jadi gak di duluin nomor kecil kalo semiasal harus di konfirmasi sama aja gak pake apk kayak daftar tulis nama kayak dulu terus antrin di apk update nya gak sesuai di lapangan,Netral,Negatif,90.1,7.3,90.1,Sesuai
509,ENCEP SUHENDAR,5,2026-09-07,sangat membantu dengan aplikasi jkn. gampang dan mudah.,Positif,Positif,99.2,99.2,0.8,Sesuai
510,Tsaaa,1,2026-09-07,aplikasi sampah kebanyakn bug,Negatif,Negatif,94.8,4.8,94.8,Sesuai
511,Kadi,5,2026-09-07,untuk sementara ini masih bagus meskipun suka logout sendiri dan ribet harus login lagi,Negatif,Negatif,81.3,17.7,81.3,🚨 Bintang 4-5 tapi Prediksi ML Negatif (Taktik Komplain)
512,Asep Rohman,5,2026-09-07,sangat membantu,Positif,Positif,99.7,99.7,0.3,Sesuai
513,Marjono Jono,1,2026-09-07,"tidak bisa login, stuck di verivikasi akun, dan tidak bisa mendeteksi muka, nomor yang tertera untuk dihubungi tidak bisa di kontak sama sekali",Negatif,Negatif,96.4,3.3,96.4,Sesuai
514,Bang Muns,5,2026-09-07,transaksi lancar,Positif,Positif,88.8,88.8,10.2,Sesuai
515,Muriyamah,5,2026-09-07,bagus,Positif,Positif,98.2,98.2,1.7,Sesuai
516,Tukang Hotspott,5,2026-09-07,tidak bisa memasukan kode verifikasi untuk pendaftar! nomor udah aktif dicoba sms sama nomor lain masuk tapi kalau dibuat verifikasi tidak masuk pesan! .. Dev perbaiki lah itu kenapa soal kode verifikasi ke nomor tapi tidak masuk,Positif,Negatif,95.3,4.5,95.3,🚨 Bintang 4-5 tapi Prediksi ML Negatif (Taktik Komplain)
517,yesoa robby,5,2026-09-07,bagus n bermanfaat,Positif,Positif,99.2,99.2,0.7,Sesuai
518,Alfin Alfran,1,2026-09-07,aplikasi sangat buruk,Negatif,Negatif,76.3,23.2,76.3,Sesuai
519,Wahyudi ajja,5,2026-09-07,aplikasi bagus,Positif,Positif,97.6,97.6,2.3,Sesuai
520,Nasiah 1909,1,2026-09-07,sbnrnya bagus cuma kalo mau rubah sandi agar ribet email gbsa no HP juga gbsa ini gmna si,Negatif,Negatif,60.8,36.9,60.8,Sesuai
521,ahmad mutholiin,1,2026-09-07,"hadewwwww ini bener"" lemot aplikasinya bikin pusing,, tiba tiba keluar sendiri masuk lagi gak bisa padahal password nya benar",Negatif,Negatif,98.6,1.2,98.6,Sesuai
522,Koesjadi Saputra,5,2026-09-07,mudah digunakan dan simple,Positif,Positif,98.4,98.4,1.5,Sesuai
523,Langit Saga AM,1,2026-09-07,jelek amat aplikasinya setelah buka buat cek jkn malah ga bisa buat msuk..satu keluarga belum tentu punya hp semua..1 hp buat cek ga bisa,Negatif,Negatif,89.9,9.7,89.9,Sesuai
524,nelson leo,5,2026-09-07,sangat membantu,Positif,Positif,99.7,99.7,0.3,Sesuai
525,Riki Riyandi,5,2026-09-07,bagus bisa di andalkan,Positif,Positif,87.1,87.1,12.3,Sesuai
526,Jola Peni,1,2026-09-07,susah amat verifikasinya pake nomor yang dimasukin udh bener malah pas di apk yg muncul nomor yang berbeda...beberapa kali lo kenanya...capekkk bet dah nih apk☠️,Negatif,Negatif,96.8,2.7,96.8,Sesuai
527,Salsa billa11,4,2026-09-07,"mau daftar udah dari berapa hari yang lalu gabisa bisa, kode otp nya ga ke kirim"", udah ganti nomor lain juga sama aja, ribet",Negatif,Negatif,97.6,1.9,97.6,🚨 Bintang 4-5 tapi Prediksi ML Negatif (Taktik Komplain)
528,Miftah Ul,4,2026-09-07,"error gagal ambil nomor antrian jam 10 siang, pas dicek jam 3 sore baru muncul, tolong segera diperbaiki",Positif,Negatif,67.5,31.5,67.5,🚨 Bintang 4-5 tapi Prediksi ML Negatif (Taktik Komplain)
529,Muhammad Yuseno,5,2026-09-07,ok,Positif,Positif,51.5,51.5,45.6,Sesuai
530,dien pramesti hapsari,4,2026-09-07,"sudah bagus tp hr ini tgl 7 sept 26 buka aplikasi utk liat update antrian beberapa kali error, kmudian blm ada pemeriksaan dokter tp terupdate sdh slesai pemeriksaan dokter. Perlu ditingkatkan & sosialisasi ke faskes2 perubahan status hy apabila telah benar2 selesai.",Positif,Positif,67.9,67.9,31.4,Sesuai
531,Ridho Pirmansah,5,2026-09-07,so far so good,Positif,Positif,96.4,96.4,3.1,Sesuai
532,Mutiara Hati,3,2026-09-07,"Ya Allah susah banget mau daftar, kode OTP dicoba berkali² gak dikirim²",Netral,Negatif,96.8,2.5,96.8,Sesuai
533,inidoc larissa,5,2026-09-07,"memudahkan, thanku🫰",Positif,Positif,92.5,92.5,7.3,Sesuai
534,Anas Murtadho,5,2026-09-07,aplikasi kesehatan sangat membantu.,Positif,Positif,96.8,96.8,3,Sesuai
535,Dharmawan,5,2026-09-07,Aplikasinya Mantap,Positif,Positif,99.2,99.2,0.7,Sesuai
536,Eka Shanty Apriliani,5,2026-09-07,kemaren sempet komen kritik skrg pengen sampein makasih dan semoga aplikasi ini terus memudahkan akses saya,Positif,Positif,91.9,91.9,7.4,Sesuai
537,Rizqi Mubarok,5,2026-09-07,tiba2 ke logout sendiri login pake sandi/sidik jari tetap gabisa login padahal nik juga udah bener gatau apa masalahnya,Negatif,Negatif,97.5,2,97.5,🚨 Bintang 4-5 tapi Prediksi ML Negatif (Taktik Komplain)
538,Mhd Apriansyah,1,2026-09-07,"apk tolol,mau daftar aja susah banget verifikasi ,klo gak niat bikin apk mending gak usah",Negatif,Negatif,99.3,0.6,99.3,Sesuai
539,Asri Maharani,1,2026-09-07,"Mau registrasi aja gagal mulu, Payah.",Negatif,Negatif,91.8,7.5,91.8,Sesuai
540,Mulyadi Yadi,5,2026-09-07,jos,Positif,Positif,93.8,93.8,5.8,Sesuai
541,Muhammad Hajib,1,2026-09-07,ruwettt,Negatif,Negatif,79.9,19.2,79.9,Sesuai
542,Yun Yun,3,2026-09-07,"tolong untuk batas login diberi tambahan, karena tidak semua warga desa bisa login sehingga 1 hp digunakan untuk membantu login lebih dari 1 NIK",Netral,Negatif,72.7,25.6,72.7,Sesuai
543,Sity Masitoch,1,2026-09-07,"Masa iyaa, aplikasi level kek gini aja udah gak support instalasi, apalagi ini keluaran dari BUMN loh yaa!!! Device saya Redmi 5, seharusnya masih mumpuni untuk aplikasi kecil begini. Dievaluasi yaa kompatibilitas buat HP keluaran lama!! Ini kan tujuannya kesehatan sosial agar dapat diakses semua warga.",Negatif,Negatif,83.7,14.6,83.7,Sesuai
544,Drh Mailizar,5,2026-09-07,sangat baik,Positif,Positif,96.4,96.4,3.4,Sesuai
545,Nita Com,1,2026-09-07,Aplikasi yg sangat baik saya beri binatang 1,Negatif,Positif,84.2,84.2,15.1,💡 Bintang 1-2 tapi Prediksi ML Positif (Pujian / Salah Klik)
546,Ayakk Ls,1,2026-09-07,"mau registrasi di persulit. pake nomor A pulsa ngga cukup, padahal barusan di isi pulsa. pake nomor B katanya permintaan belum dapat di proses. tll bgt aplikasinya. mana verifikasi wajah susah banget, kamera nya Masha Allah ngga bisa tegak normal kaya aplikasi lain",Negatif,Negatif,98.1,1.7,98.1,Sesuai
547,Daffa Aqilla,1,2026-09-07,"aplikasi lucu kirim otp cuma bisa lewat via SMS,minimal bisa lewat wa juga lah,otp nya eror ga pernah dapet SMS,pas mau ganti nomor biar dapet otp baru malah nunggu 300detik apa2n ngerjain orang",Negatif,Negatif,97.7,2.1,97.7,Sesuai
548,Iwan Cute,5,2026-09-07,baik,Positif,Positif,81,81,18.5,Sesuai
549,syaf junaidi,5,2026-09-07,mantap,Positif,Positif,99.2,99.2,0.7,Sesuai
550,riski maolana,5,2026-09-07,👍,Positif,Positif,51.5,51.5,45.6,Sesuai
551,mf r,1,2026-09-07,"mau daftar aja sulitnya setengah mati, pada waktu verif no telp, signal bagus katanya gada koneksi. aplikasi remek...",Positif,Negatif,76,23,76,Sesuai
552,Suroto Wildan,5,2026-09-07,sangat membantu sekali,Positif,Positif,99.8,99.8,0.2,Sesuai
553,Pengguna Google,5,2026-09-07,Mantapp,Positif,Positif,51.5,51.5,45.6,Sesuai
554,Yoyon Rere,1,2026-09-07,mau daftar verivikasi muka slalu gagal padahal sudah mengikuti petunjuk ruangan sudah terang .lalu sering terjadi gangguan teknis.. Tolong di permudah donk.orang mau daftar kesehatan jangan di persulit,Negatif,Negatif,91.2,8.1,91.2,Sesuai
555,moch nurfuad,1,2026-09-07,Josss,Negatif,Positif,93.8,93.8,5.8,💡 Bintang 1-2 tapi Prediksi ML Positif (Pujian / Salah Klik)
556,Ike Yuani,4,2026-09-07,mudah aplikasi nya,Positif,Positif,86,86,13.4,Sesuai
557,Ainun Nurholipah,2,2026-09-07,"tolong perbaikilah saya mau ambil no ini jdi kaya gini, tiba lougt sendiri, pas daftar, no susah masuk nya lgi susah nik udah no paswod bener tpi ttep ggk bisa bikin emosi taau, tolong perbaiki lh, saya juga bayar ini , TOLONH PERBAGIKI YA PAK KARNA SEMUA RATA RATA PAKE APLIKASI INI",Negatif,Negatif,98.1,1.7,98.1,Sesuai
558,Muhammad Ilham Syahputra,5,2026-09-07,👍🏻👍🏻👍🏻👍🏻👍🏻👍🏻,Positif,Positif,51.5,51.5,45.6,Sesuai
559,saepul mikdar,3,2026-09-07,"masih cacat, sinyal susah padahal wifi/data sampe 80mb/s , login susah hadeuh",Netral,Negatif,80.1,17.8,80.1,Sesuai
560,ali affandi,1,2026-09-07,jelek,Negatif,Negatif,94.1,5.5,94.1,Sesuai
561,Myqurus Jeleq,5,2026-09-07,mantap dan cepat,Positif,Positif,99.3,99.3,0.6,Sesuai
562,Supri Ani,1,2026-09-07,bpjs sering kali keluar device onlin apalah orang berobat payah,Negatif,Negatif,94.5,5,94.5,Sesuai
563,Bunga Syahwanabila,3,2026-09-07,verifikasi foto kamera nya jelek miring miring,Negatif,Negatif,88.2,10.6,88.2,Sesuai
564,Dicky Perdana,5,2026-09-07,Supeerr,Positif,Positif,51.5,51.5,45.6,Sesuai
565,Boby Putra,5,2026-09-07,banyak membatu berobat jadi mudah,Positif,Positif,95.9,95.9,3.7,Sesuai
566,Diky Wijayanto,1,2026-09-07,baru download gk bisa di buka,Negatif,Negatif,88,11.8,88,Sesuai
567,M. Ardiansyah,1,2026-09-07,aplikasi sampah. mau ngubah data bayi baru lahir katanya bisa. dicoba tidak bisa. kerja apa sih kalian,Negatif,Negatif,91.7,7.9,91.7,Sesuai
568,Heri Yanto,5,2026-09-07,sangan membantu untuk yang memerlukan,Positif,Positif,94.9,94.9,4.2,Sesuai
569,DIMAS RAGIL PRIAMBODHO,1,2026-09-07,app sampah,Negatif,Negatif,92.3,7.3,92.3,Sesuai
570,Dedi Indonesia,1,2026-09-07,apk jelek,Negatif,Negatif,96,3.7,96,Sesuai
571,Ardian Syah29,1,2026-09-07,aplikasinya slalu eror susah masuk kedalam antrian,Negatif,Negatif,86.2,12.8,86.2,Sesuai
572,Teguh Tri Kusuma Putra,1,2026-09-07,"Disuruh daftar antrian pakai aplikasi ini, eh aplikasinya sering error.",Negatif,Negatif,97.4,2.4,97.4,Sesuai
573,Muhammad jhalu Phawitra,1,2026-09-07,aplikasi cacat,Negatif,Negatif,75.4,21.8,75.4,Sesuai
574,Yos Suryana,4,2026-09-07,masih sering error,Negatif,Negatif,94.1,5.3,94.1,🚨 Bintang 4-5 tapi Prediksi ML Negatif (Taktik Komplain)
575,puji wahyu,1,2026-09-07,"aplikasi jelek, optimalisasi kurang, tiba² logout sendiri sudah gitu mau login selalu gagal beberapa kali",Negatif,Negatif,97.4,2.2,97.4,Sesuai
576,Erma Mahendra,1,2026-09-07,sering error,Negatif,Negatif,96.9,2.9,96.9,Sesuai
577,Nur Ma,1,2026-09-07,"aplikasi jelek, loading lama, bug terus",Negatif,Negatif,92.9,6.3,92.9,Sesuai
578,4nt 88,2,2026-09-07,apk masih sering eror,Negatif,Negatif,90.1,8.9,90.1,Sesuai
579,Suerah Farhan,5,2026-09-07,bagus,Positif,Positif,98.2,98.2,1.7,Sesuai
580,Rio Sudrajat,1,2026-09-07,tolong di perbaiki. gak bisa login,Negatif,Negatif,90.7,9.1,90.7,Sesuai
581,Tri Jul,1,2026-09-07,nomer tidak bisa di masukan,Negatif,Negatif,92.5,7.2,92.5,Sesuai
582,Saliman Saliman,1,2026-09-07,apk jelek,Negatif,Negatif,96,3.7,96,Sesuai
583,andy afrian,1,2026-09-07,mau daftar online susah kali sikit2 pembaharuan aneh kali kutengok,Negatif,Negatif,94.9,4.8,94.9,Sesuai
584,Ari Anto Good,1,2026-09-07,"apk busuk, malah mempersulit orang sakit selalu gagal mengambil pendaftaran sekali nya ke rs, di tolak langsung di suruh pulang ambil antrian online bagai mana klo yang tinggal jauh..",Negatif,Negatif,94.7,5.1,94.7,Sesuai
585,Jun Aidi,2,2026-09-07,cek BPJS tunggakan pembayaran berapa bulan saya sekarang,Negatif,Negatif,68,29.5,68,Sesuai
586,Darma Wati,5,2026-09-07,jkn mobil bagus,Positif,Positif,95.2,95.2,4.4,Sesuai
587,KOSIM GINANJAR KASIPEMERINTAHAN,4,2026-09-07,ok,Positif,Positif,51.5,51.5,45.6,Sesuai
588,Antonius Harijanto,1,2026-09-07,"Emang pada *BUDEG* anggota team IT nya. Begitu banyak keluhan dan kesulitan dari calon pasien dan pekerja medis untuk mengakses layanan lewat aplikasi ini, tapi kalian tidak respon atau perbaiki sistem nya. Aplikasi tidak bisa dibuka sama sekali. dan selalu eror. Tidak valid , saya berkali kali buka , tapi layar cuma hitam aja. Mungkin butuh update ? Ternyata di up date pun tetap layar hitam. Kalian ( bpjs ) kerja semau udel mu, tapi kami harus disiplin bayar dan disiplin ikuti prosedur",Negatif,Negatif,90.6,8.9,90.6,Sesuai
589,Nasrudin,1,2026-09-07,"aplikasi lambatt, kalo emng udah harus apa apa pake aplikasi jkn upgrade lahh aplikasi nya, aplikasi berak",Negatif,Negatif,85.2,13.6,85.2,Sesuai
590,MohFahim Craft,1,2026-09-07,aplikasi anjg,Negatif,Negatif,58.2,38.4,58.2,Sesuai
591,Rugi Dikit,3,2026-09-07,"Daftar sulitnya minta ampun, giliran sudah bisa ga bisa masuk, alasannya NIK salah, captcha salah terus berulang, pdhl yg dimasukkin sdh benar",Netral,Negatif,98.1,1.5,98.1,Sesuai
592,Rafha Ii,1,2026-09-07,aplikasi dari pemerintah tapi ga jelas mau daftar susah keluar2 melulu. . kapan indonesia mau maju masyarakat aja di persulit,Negatif,Negatif,94.7,5,94.7,Sesuai
593,Arinn,1,2026-09-07,aplikasi bosok,Negatif,Negatif,65.7,31.9,65.7,Sesuai
594,Aqil Candra Mukti,1,2026-09-07,"CAPTCHA LU BENERIN EGE, GAJE AMAT SALAH MULU",Negatif,Negatif,84.1,15.2,84.1,Sesuai
595,Faula Lumajang,5,2026-09-07,keren,Positif,Positif,94.2,94.2,5.4,Sesuai
596,Aris Zaenn,1,2026-09-07,sering keluar dari akun sendiri registrasi juga sulit,Negatif,Negatif,92.8,6.3,92.8,Sesuai
597,Erry Budi Hartanto,3,2026-09-07,kenapa setiap ada pembaruan ulang hrs menggunakan log ulang...udh gtu susah lgi,Netral,Negatif,83.1,14.6,83.1,Sesuai
598,Aldianka Tsaqif H.,1,2026-09-07,gabisa daftar,Negatif,Negatif,86.8,12.5,86.8,Sesuai
599,David Maulana,1,2026-09-07,dana besar tpi aplikasi sering eror captca nya gakbisa dibaca masukin sesuai masih slah kata sandi kombinasinya sulit aplikasi elit tpi datanya bisa bocor,Negatif,Negatif,93.1,6.3,93.1,Sesuai
600,Ahmad Hamdani,2,2026-09-07,"aplikasinya jelek, buat daftar aja susahnya minta ampun, ga responsif, lemot juga",Negatif,Negatif,98.1,1.7,98.1,Sesuai
601,bayu prasetyo,1,2026-09-07,Aplikasi tiba-tiba logout dan ketika masuk capta salah terus padahal sudah sesuai,Negatif,Negatif,85.7,12.9,85.7,Sesuai
602,Muhammad Fitra,5,2026-09-07,"TOLONG BUAT DEVELOPER NYA DIPERBAIKI BUAT MEKANISME LOGIN DAN LOG OUT NYA. KENAPA KALAU PEMELIHARAAN HARUS KELUAR? DI APLIKASI LAIN TIDAK BEGITU, REPOT SEKALI KALAU HARUS LOGIN UKANG TERUS MENERUS. SAYA SENGAJA BINTANG 5 AGAR ADA DI ATAS DAN TOLONG DI PERBAIKI LAGI JANGAN CUMA TERIMA BERES SAJA!!",Positif,Negatif,79.8,18.6,79.8,🚨 Bintang 4-5 tapi Prediksi ML Negatif (Taktik Komplain)
603,Sinta Masitoh,1,2026-09-07,"boshok, suka logout2 sendiri.. gak efektif untuk org tua yg mau ambil antrean pake login dulu kadang gabisa, terpaksa daftar dari awal lagi.. pdhl niatnya pake apk biar cepet ambil no antrean. sama aja boong",Negatif,Negatif,94.5,4.9,94.5,Sesuai
604,Yuslam Bakhomisah,1,2026-09-07,"aplikasinya tambah jelek, loginnya susah",Negatif,Negatif,82.4,16.4,82.4,Sesuai
605,Bloom flow,1,2026-09-07,"sering tiba-tiba ke logout sendiri, jaringan lancar dan bagus tapi masih sulit untuk mengakses aplikasinya.",Positif,Positif,74.6,74.6,24.5,💡 Bintang 1-2 tapi Prediksi ML Positif (Pujian / Salah Klik)
606,endangkurniawati niaa,1,2026-09-07,"aplikasi sampah, error terus jadi kesusahan proses kontrol",Negatif,Negatif,93.4,6.2,93.4,Sesuai
607,A setiawan,1,2026-09-07,aplikasi gak jelass gak bisa login kontolllll,Negatif,Negatif,97.8,2.2,97.8,Sesuai
608,Sandria Alex,1,2026-09-07,aplikasi apaan ini yang ada hanya mempersulit masyarakat,Negatif,Negatif,88.4,11,88.4,Sesuai
609,Nurul Fazira,1,2026-09-07,"sering log out sendiri padahal jaringan baik² aja, lgi ngantri tiba² log out nguji kesabaran sekali, niat nya mempermudah tpi malah jadi sulit",Negatif,Negatif,96.4,3.2,96.4,Sesuai
610,alfandy lompande,1,2026-09-07,"tolong aplikasinya diperbaiki lagi bukan cuma tagihan yang di tagih - tagih, banyak sekali bug di aplikasinya.",Negatif,Negatif,69,29.2,69,Sesuai
611,Dio Reka,1,2026-09-07,Tiba2 logout sendiri trs gak bisa login.. aplikasi lu sampah,Negatif,Negatif,97.7,2.1,97.7,Sesuai
612,Pharick Mojosari,2,2026-09-07,jadi sering error gini,Negatif,Negatif,93.8,5.5,93.8,Sesuai
613,Rizky Ridwanudin,1,2026-09-07,"suka error tiba tiba keluar dan susah masuk, asu",Negatif,Negatif,95.1,4.4,95.1,Sesuai
614,Ajay Kopaja,1,2026-09-07,"APLIKASI GA JELAS BANGET !!! MASA KELUAR APLIKASI,MAU MASUK GA BISA2 MASUK,,, MALAH SURUH DAFTAR ULANG KARNA GA TERDAFTAR,,, PAS DAFTAR,MALAH GA BISA2,,, SUMPAH APLIKASI ANEH,,, SARAN,HARUS ORANG PINTER YANG KOLOLA ORANG AITIE APLIKASI YA ... INDO2",Negatif,Negatif,99.6,0.3,99.6,Sesuai
615,Meme Comik,1,2026-09-07,"ini gimana logout sendiri, terus loading kenapa sih ini aplikasi, ribet",Negatif,Negatif,96.5,3.2,96.5,Sesuai
616,Hanif 234,1,2026-09-07,"makin parah aja ini, selalu keluar sendiri dan loging ulang. aplikasi lemot susah untuk daftar berobat",Negatif,Negatif,96.4,3.3,96.4,Sesuai
617,Teguh ce2p,1,2026-09-07,"apk Taik masa captcha salah mulu ajg,, perbaikilagi kalau nggk gausah kasih captcha lagi,, masukin bener masa salah mulu , bikinemosi aja mau login doang dipersulit",Negatif,Negatif,94.2,5.1,94.2,Sesuai
618,Siti Zulaikha,1,2026-09-07,lelet banget aplikasi nya,Negatif,Negatif,85,14.5,85,Sesuai
619,Jarr ID,1,2026-09-07,"Tim IT JKN gimana ini tolong saya sudah sampak rumah sakit, Di suruh cek antrian malah error APK udh gtu mana gak bisa di ss",Negatif,Negatif,91.5,7.9,91.5,Sesuai
620,Nina Slamet,1,2026-09-07,ga bisa login dasar apk ga guna nik sama pass nya udh bener ttp ajja mlh mohon maaf login lagi taik,Negatif,Negatif,96.3,3.2,96.3,Sesuai
621,kentein constantain,1,2026-09-07,"SESI PENDEK GA JELAS HARUS LOGIN TERUS, LALU APLIKASINYA KEBANYAKAN NGELOAD TERUS",Negatif,Negatif,93.7,5.7,93.7,Sesuai
622,Rey Guntur,1,2026-09-07,"tolong diperbaiki aplikasinya saya mau kontrol dan ambil nomor antrean, malah force close. dan ketika login kembali, entah sistem kalian yang error atau memang disengaja, captcha nya belasan kali salah. Mohon jangan mempersulit, kami mengkritik untuk membenahi sistem kalian dan kami berhak memakai apk tersebut.",Negatif,Negatif,89.8,8.8,89.8,Sesuai
623,Noel Jr,1,2026-09-07,"lambat, setiap kali dibutuhkan selalu logout, server nya buruk, banyak bug, selalu captca salah",Negatif,Negatif,95.5,3.9,95.5,Sesuai
624,Sukma,4,2026-09-07,"aplikasi bagus, tp sering minta daftar ulang, capchanya sering bermasalah angka sdh sesuai tp msh bilang salah",Positif,Negatif,54.2,44.2,54.2,🚨 Bintang 4-5 tapi Prediksi ML Negatif (Taktik Komplain)
625,SAMSUL KRISDIARSAH,4,2026-09-07,agar lemot dan susah log in untuk kecepatan,Negatif,Negatif,87.5,12.1,87.5,🚨 Bintang 4-5 tapi Prediksi ML Negatif (Taktik Komplain)
626,Mahmud Al Basir,1,2026-09-07,mengapa sekarang login susah sekali ya ada apa sebenarnya mobile jkn,Negatif,Negatif,87.2,12.4,87.2,Sesuai
627,Rifaldi Oc,1,2026-09-07,aneh banget awal daftat bpjs padahal pbi dan ga pernah d pake tiba tiba suruh bayar tunggakan 580k ga jelas banget,Negatif,Negatif,97.6,2,97.6,Sesuai
628,Neni Nurendah,1,2026-09-07,"Ya alloh kenapa sesuatu yang berhubungan dengan pemerintah harus bener"" menguji kesabaran,, aplikasi tolong lancar",Positif,Positif,52.5,52.5,46,💡 Bintang 1-2 tapi Prediksi ML Positif (Pujian / Salah Klik)
629,Ghafi,5,2026-09-07,sangat memuaskan,Positif,Positif,96.7,96.7,2.9,Sesuai
630,Faisal Pratama,1,2026-09-07,sistem buruk,Negatif,Negatif,93.7,5.7,93.7,Sesuai
631,Bagus Hermanto,1,2026-09-07,"lama2 aplikasi gk guna suka log out sndri,tolong perbaiki,,, apa karena aplikasi buat org gk mampu jd di persulit,,,, masa mau log in ajh susah.",Negatif,Negatif,96.9,3,96.9,Sesuai
632,Ayif Rifai,1,2026-09-07,gausah pake chapta chaptaan anjer bikin susah aja,Negatif,Negatif,91.1,8.1,91.1,Sesuai
633,my_ uthu,1,2026-09-07,aplikasi gk jelas... susah login nya,Negatif,Negatif,97.7,2.1,97.7,Sesuai
634,mario erlangga,1,2026-09-07,giliran mau di pake susah kali kebnyakan update ni aplikasi,Negatif,Negatif,91.8,7.5,91.8,Sesuai
635,riyon lutfi,1,2026-09-07,"banyak bug, logout sendiri, nggak bisa login",Negatif,Negatif,98.4,1.4,98.4,Sesuai
636,Mery Meliyana,1,2026-09-07,dengan adanya aplikasi sebenarnya dapat mempermudah masyarakat untuk mendaftar atau mengajukan surat rujukan online tanpa antri menggunakan bpjs. tetapi mohon maaf ini aplikasi lama puol bikin kesabaran terkuras tolong segera di perbarui agar tdk loading terlalu lama apakagi disaat urgent . terimakasih 🙏🏻,Positif,Positif,60,60,39.4,💡 Bintang 1-2 tapi Prediksi ML Positif (Pujian / Salah Klik)
637,Selviana Krisnanto,1,2026-09-07,"mudah eror, sering logout sendiri, mau login susah banget, tolong di perbaiki aplikasi nya, udah antri panjang tau2 eror aplikasi nya",Negatif,Negatif,93.4,6.4,93.4,Sesuai
638,Akbar Saeful,1,2026-09-07,bikin sulit aja login gagal terusan verifikasi gagal terus login ulang kg bisa,Negatif,Negatif,97.4,2.4,97.4,Sesuai
639,yulianto,2,2026-09-07,sangat mengecewakan untuk masuk aplikasi saja sangat sulit dan harus berkali-kali.setelah bisa masuk mau ambil antrian saja sampai 3x baru muncul tulisan semuanya,Negatif,Negatif,96,3.4,96,Sesuai
640,Jurist Titan Prayoga,1,2026-09-07,aplikasi sering eror login juga sering gabisa,Negatif,Negatif,94.2,5.1,94.2,Sesuai
641,Ononiha Tola,1,2026-09-07,"Aplikasi suka keluar, terus kita masukan udah benar capca ya katanya salah, Buruk betul ini aplikasi, kita pakai wfi masa ea aplikasi anda offline",Negatif,Negatif,95.7,3.7,95.7,Sesuai
642,Hendra Setiawan29,3,2026-09-07,"tolong kadang² eror mau daftar gak bisa masalah jaringan padahal hp normal, paketan banyak tiba² ada masalah jaringan tolong di perbaiki lagi device nya",Netral,Negatif,90.7,8.2,90.7,Sesuai
643,Kang Yadi,1,2026-09-07,"ruwet...ruwet....sangat cocok buat orang gabut,gak ada kerjaan,pengangguran,klo orang sibuk mah,bikin gedek",Negatif,Negatif,92.9,6.6,92.9,Sesuai
644,Bagas AL Kinantaka,1,2026-09-07,"pelayanan buruk saat mau masuk selalu gagal dengan alasan salah password begitu saja terus, padahal password yang di masukkan sudah benar dan kalau mau antri di klinik selalu di tanya keluhan apa pada saat di pendaftaran, padahal di jkn mobile sudah mengisi keluhannya apa seharusnya sudah tahu kenapa harus tanya lagi.",Negatif,Negatif,96.3,3.2,96.3,Sesuai
645,chrisna wardoyo,1,2026-09-07,aplikasi jaringannya Eror sangat menguji kesabaran semua sudah dimasukkan dengan benar masih aja salah.,Negatif,Negatif,82,15.9,82,Sesuai
646,A01_ Talitha Aisy,1,2026-09-07,"tolong dong dibenerin app nya, masa tiba2 keluar sendiri terus. mana pas log ini nik, password, sm captcha nya salah mulu pdhl udh bener. mau nge cek nomor antrian jdi gk bisa huft",Negatif,Negatif,97.7,1.9,97.7,Sesuai
647,Emmc Belum,1,2026-09-07,saya sudah slalu Makai aplikasi ini ...tp HR ini saya mau pakai kok hrs daftar lg ...masuk sdh semua komplit masih salah aja ...gmn ni,Negatif,Negatif,83.8,15.1,83.8,Sesuai
648,Muhammad Gunawan Triyan Efendi,1,2026-09-07,apk bodoh gak bisa di pakai lelet hapus aja,Negatif,Negatif,94.3,5.4,94.3,Sesuai
649,Muhammad Fauzan,1,2026-09-07,"jelek banget sumpah, tiba tiba log out sendiri, mana ga bisa masuk lagi",Negatif,Negatif,99.3,0.6,99.3,Sesuai
650,Novi Andriani,1,2026-09-07,apk apaan ini mau log in aja susah banget. mau berobat aja kok d persulit,Negatif,Negatif,98,1.8,98,Sesuai
651,Dimas Randi,1,2026-09-07,"kata nya wajib daftar via online lewat apk ini.masa tiap buka harus login daftar,itu juga harus bayar biaya SMS udh mah BPJS juga bayar.semua bayar....giliran daftar ribet nya minta ampun,harus ini lah itulah,giliran potongan BPJS lsg potong aja tanpa permisi. pecat""n ajalah pegawai BPJS nya.masa apk dr negara kalah sama ML",Negatif,Negatif,95.8,3.5,95.8,Sesuai
652,Oqiquis,1,2026-09-07,"aplikasi tolol bodoh malah nyusahin setiap mau ambil antrian lag gak bisa di buka trus,tolol tolol diperbaiki bisa gk sih tolol",Negatif,Negatif,97.3,2.5,97.3,Sesuai
653,Nadzar Kharisma,1,2026-09-07,bayar tagihan tiap bulan rutin mau coba periksa ambil antrean kok offline. koneksi internet lancar cepat padahal. cepat perbaiki aplikasinya,Positif,Positif,54,54,45.6,💡 Bintang 1-2 tapi Prediksi ML Positif (Pujian / Salah Klik)
654,CHERY CATSHOP DAN CAT CLINIC,1,2026-09-07,susah login koneksi terputus lah ini itu lah,Negatif,Negatif,77.8,19.2,77.8,Sesuai
655,Agus Rudy,1,2026-09-07,"daftar susah, login susah, koneksi error mulu, kode verif kaga ada mulu, mau berobat keburu meninggal kalo gini mulu. tolong perhatiin lagi, tolong perbaiki lagi, bukannya membantu malah menghambat proses berobat.",Negatif,Negatif,96.7,3,96.7,Sesuai
656,Intan Putri,1,2026-09-07,"sebenernya ga susah cuman sering keluar sendiri tiba tiba, trus pas mau masuk lagi susah, sering bngt gangguan",Negatif,Negatif,97,2.6,97,Sesuai
657,Danang Puji,1,2026-09-07,kalo buat aplikasi yg niat,Negatif,Negatif,81,18.3,81,Sesuai
658,Wili Ramadhani,1,2026-09-07,"yaaa seperti biasa lah kualitas aplikasi buatan pemerintah sangat"" tidak layak, padahal fungsinya sangat efektif sekali tapi ya sekali lagi aplikasi buatan pemerintah kualitasnya sangat tidak bagus, korupsi anggaran Mulu sih",Negatif,Negatif,78.4,19.9,78.4,Sesuai
659,Irfan Ghifari Arfananda,1,2026-09-07,Aplikasi Busuk,Negatif,Negatif,92.9,6.4,92.9,Sesuai
660,Akunmoba,1,2026-09-07,aplikasi sampah developer tolol,Negatif,Negatif,92.6,6.9,92.6,Sesuai
661,Afheed peepeace013,3,2026-09-07,"tolong gangguannya ditindak lanjuti,mau brobat daftar d aplikasi ga bisa masuk",Netral,Negatif,89,9.8,89,Sesuai
662,Pramudya Kamal Prasetyo,2,2026-09-07,"kenapa ini saya tidak bisa mengambil antrian ""permintaan belum dapat di proses"" setelah itu tiba tiba ada notifikasi login di device lain padahal ga ada yang buka selain saya saat ingin login ulang muncul ""permintaan belum dapat di proses"" gimana ya orang rumah sakit tapi apk ga bisa di pakai dengan benar",Negatif,Negatif,97.8,2.1,97.8,Sesuai
663,Wahyu mc,1,2026-09-07,aplikasi busuk bukanya mempercepat malah bikin lama kadang gak bisa log in kadang gak bisa nagmbil antrean gak guna nih aplikasi,Negatif,Negatif,98,1.9,98,Sesuai
664,Saripah Comel,1,2026-09-07,tolong di perbaiki lagi soal logout Mulu keluar pasau berobat nyah terus sama jaringan kurang setabil padahal jaringan full tolong donk di perbaiki lagi yah,Negatif,Negatif,82.9,16,82.9,Sesuai
665,lemele,3,2026-09-07,signal bagus tapi aplikasi loading mulu,Positif,Positif,84.8,84.8,14.2,Sesuai
666,Mi You,1,2026-09-07,"halo tolong ini error mulu, hadeh...",Negatif,Negatif,88,11.2,88,Sesuai
667,devian bagja,2,2026-09-07,susah log in trss,Negatif,Negatif,86.4,12.4,86.4,Sesuai
668,CU83X G 414 NK,1,2026-09-07,aplikasi nyusahin rakyat.. sering eror.. kayak yg bikin,Negatif,Negatif,96.1,3.4,96.1,Sesuai
669,Erna Ariyana,1,2026-09-07,apl tidak bgt membantu... mau masuk aja setengah abad,Negatif,Negatif,77.1,21.8,77.1,Sesuai
670,Muhammad Galan,1,2026-09-07,parah habis update tulisan nya offline trs,Negatif,Negatif,87.7,11,87.7,Sesuai
671,Xavier Harrison,1,2026-09-07,"Anak sakit, sudah ke dokter diminta buat antrean online, tapi buat login susah, gagal terus. apa manfaatnya ini aplikasi dan aturan ini ?. ini aplikasi dibutuhkan buat orang sakit, butuh penanganan cepat. plat merah emang seringnya gak berguna banget, bayarnya saja yang harus segera... harus segera. tapi layanan isinya hanya SILAHKAN COBA LAGI... BASSIIIIII",Negatif,Negatif,87.8,11.8,87.8,Sesuai
672,Endah Fitriyastuti,1,2026-09-07,"sering error, dan server sering dow sehingga menyulitkan saat check in",Negatif,Negatif,92.3,6.5,92.3,Sesuai
673,Tini Kartika,5,2026-09-07,setiap mau kontrol kerumah sakit yg di tuju pasti sistemnya eror,Positif,Negatif,73.2,25.7,73.2,🚨 Bintang 4-5 tapi Prediksi ML Negatif (Taktik Komplain)
674,Hitam Hitam,1,2026-09-07,mau berobat dibuat susah,Negatif,Negatif,77.3,22.3,77.3,Sesuai
675,Wiji Astutik,1,2026-09-07,trobuble cokkkk,Negatif,Negatif,67.7,29.6,67.7,Sesuai
676,Rahadian Aga,1,2026-09-07,apk tolol,Negatif,Negatif,93.7,5.9,93.7,Sesuai
677,Micharl Moses,1,2026-09-07,lemot bed apk pemerintah,Negatif,Negatif,88.9,10.5,88.9,Sesuai
678,Achmat Faisal,1,2026-09-07,ini saya mau ambil antrian susah bukan main selalu offline trs pas mau masuk......,Negatif,Negatif,93.9,5.7,93.9,Sesuai
679,Beni Kurniawan,1,2026-09-07,"aplikasi nya ngk bagus. sering eror, keluar sendiri, pas mau masuk ambil antrian ngk bisa2 masuk lagi. padahal urgent mau ambil antrian. tunggu brp jam lagi klw mau login lagi. padahal jaringan bagus, paket kuota bnyak, tapi di coba berulang kali ngk mau2. sejak dulu lagi masa ngk ada perbaikan sistem. ini aplikasi nasional loh utk penggunaan nasional. tapi sering eror. daftar manual di faskes ngk bisa lagi disuruh pakai aplikasi, tapi aplikasinya kek gini. tolong lah di update sistem nya.",Negatif,Negatif,97.4,2.4,97.4,Sesuai
680,Muh Arya,1,2026-09-07,aplikasi gblokk,Negatif,Positif,51.5,51.5,45.6,💡 Bintang 1-2 tapi Prediksi ML Positif (Pujian / Salah Klik)
681,Enggar Gusmantoro,1,2026-09-07,"BPJS monyet,udah mau cek antrian udah sampe klinik malah gak bisa jalan,malah logut sendiri babi,giliran login masuk malah muter muter aja chatpa asu",Negatif,Negatif,96.1,3.4,96.1,Sesuai
682,abi ajwad,2,2026-09-07,"capchanya selalu salah..bikin simole aja kenapa sih.. tiap bulan ke logout, oas kogin selalu capcha salah berulang dan g muncul2 capchanya",Negatif,Negatif,86.1,12.7,86.1,Sesuai
683,Mas Rohimin,1,2026-09-07,aplikasi taiiii🤬🤬🤬,Negatif,Negatif,65.3,31.4,65.3,Sesuai
684,Deni Iskandar,1,2026-09-07,ga jelas memang aplikasi pemerintah,Negatif,Negatif,91.5,8,91.5,Sesuai
685,Cecep Aquarius,2,2026-09-07,2 Minggu gngguan ? nggak bisa login,Negatif,Negatif,95.9,4,95.9,Sesuai
686,Okky Sirojudin,1,2026-09-07,"aplikasinya bagus. tapi ko tiba tiba logout sendiri, dan susah loginnya kembali.. apa ada pengaruhnya kemaren pindah rujukan kebpjs?",Negatif,Negatif,82.3,17.1,82.3,Sesuai
687,Farid Fadil taaa,1,2026-09-07,"ga jelas tiba2 akun aku di kluarin lgi mendadak bnget padahal tadi bisa,trs mau cek lagi malah di kluarin trs ga msuk2 lagi,trs pas login permintaan ada tidak di proses jadi gimana ini ke bangetan jkn ini",Negatif,Negatif,96.4,3.2,96.4,Sesuai
688,Angga Cirebon,1,2026-09-07,"Setiap update pasti login ulang mending captca nya ga muter terus udha login harus ngisi captca lagi, padahal jaringan bagus , mana butuh lagi mau buat ngeprin kartunya anjir lah Berbaikin sekarang ayo lah kepepet pisan ,aplikasi sampah",Positif,Negatif,77,22.2,77,Sesuai
689,Yadi Haryadi,1,2026-09-07,Bagian di butuhin malah error bikin susah aj silahkan cek Ke RS PMI Bogor kalau di kira gw hoax,Negatif,Negatif,86.8,12.6,86.8,Sesuai
690,Silvia Maulana,1,2026-09-07,ga bisa login. offline terus,Negatif,Negatif,94.6,5.1,94.6,Sesuai
691,Agung Purwanto,1,2026-09-07,aplikasi tolol korup ngelag bgt,Negatif,Negatif,85.1,14,85.1,Sesuai
692,Raffa Alif,1,2026-09-07,giliran dibutuhin urgent banget aplikasi gak bisa di buka loading Mulu bikin kesel,Negatif,Negatif,88.3,11.1,88.3,Sesuai
693,Ilham Irhamni,1,2026-09-07,"aplikasinya sudah bagus, tetapi terkadang pada saat banyak pengguna di hari sama tiba-tiba logout sendiri dan sangat lemot meskipun jaringan wifi atau data seluler bagus, mohon di tingkatkan lagi servernya agar tidak terjadi masalah serupa, juga untuk pengurusan penggantian data seperti nomor HP juga sulit, sangat berbelit-belit, aplikasi seperti M-banking saja lebih bagus, mohon agar aplikasi ini bisa meniru sistem di M-banking",Negatif,Positif,58.9,58.9,39.9,💡 Bintang 1-2 tapi Prediksi ML Positif (Pujian / Salah Klik)
694,Andreani Malasari,3,2026-09-07,"Sering banget error offline, jadi mau dftr berobt suka susah, tolong perbaiki lagi sistem'y jangan sering offline",Netral,Negatif,90.1,8,90.1,Sesuai
695,hendra Setiawan,1,2026-09-07,bufring trus . gua mau brobat nih susah bener cuman mau masuk aplikasi jg jir dah wifi . dah jaringan sendiri .. aplikasi butut,Negatif,Negatif,89.3,9.2,89.3,Sesuai
696,Yaumil Akbar,3,2026-09-07,sering bermasalah,Netral,Negatif,76.1,21.4,76.1,Sesuai
697,Nafisatul Maola,1,2026-09-07,"aplikasi aneh, org kuota masi full dibilang jaringannya gada, tolong dibenahi",Negatif,Negatif,87.1,11.9,87.1,Sesuai
698,Jamal Passmi,1,2026-09-07,"sering lag,akses masuk timeout terus",Negatif,Negatif,75,23.1,75,Sesuai
699,adam syamba,1,2026-09-07,"Kenapa ya setiap apk or pkoknya yg berhubungan sama pemerintah pasti pd kacau semua, ini apk blo0n bener mau ganti no hp aja ribet, udh ikutin notifnya/perintahnya harus lewat bot di WA..Eh bot nya juga blo0n.. Ini Bpjs gk GRATIS ya tapii Cacatt. Mngkannya wajar bnyak yg kesel sama PNS/BUMN, ngarep gaji doang kerja kaga becuss. Ganti vendor aja ini yg develop, apk bugs mulu. ini apk buatan sendiri atau by vendor sih ? kacauu kacauuu",Negatif,Negatif,93.1,6.1,93.1,Sesuai
700,Guntara Putra,1,2026-09-07,"aplikasi nyusahin, pas mau ambil antrian selalu offline padahal wifi sama data udah bagus tapi tetep aja gabisa, semoga cepat di perbaiki, tapi gamungkin di perbaiki pejabat Indonesia gada yang peduli rakyat",Positif,Positif,50.5,50.5,49,💡 Bintang 1-2 tapi Prediksi ML Positif (Pujian / Salah Klik)
701,uci alfahmi,1,2026-09-07,"mohon maaf ya saya kritik, aplikasi ini kebanyakan bug, terkadang logout sendiri, kadang g bisa di akses, ada note maintenance segala, ini aplikasi terhitung sudah lama dimasyarakat, g kayak sekelas aplikasi lain, padahal rakyat bayar tiap bulan",Negatif,Negatif,95.3,4.3,95.3,Sesuai
702,Iwan Sujana,2,2026-09-07,aplikasi penguji kesabaran,Negatif,Negatif,68.3,28.6,68.3,Sesuai
703,Asep Saepudin,1,2026-09-07,TAU KAN KENAPA DIKASIH BINTANG 1 ? LEBIH GAMPANG BIKIN 1000 CANDI KETIMBANG MASUK AKUN APLIKASI INI DIH,Negatif,Negatif,75.3,24.1,75.3,Sesuai
704,Omm Shaufy,1,2026-09-07,"error ni apk , padahal sudah daftar , pas masuk ruangan malah error",Negatif,Negatif,92.8,6.7,92.8,Sesuai
705,Dewi,1,2026-09-07,aplikasi error terus pas mau hadir kontrol,Negatif,Negatif,90.2,9.3,90.2,Sesuai
706,Agus Tian,1,2026-09-07,Aplikasi BOBROK...cuma muter2 dibilang nggak ada akses internet,Negatif,Negatif,86.7,12.6,86.7,Sesuai
707,Ilham Zakaria,1,2026-09-07,jelek banget aplikasinya masa kadang kadang eror dengan alasan offline pdhal sinyal saya buat buka semua aplikasi bahkan M-Banking BCA lancar aja,Negatif,Negatif,86.4,12.1,86.4,Sesuai
708,M. Dzaki Ibrahim,1,2026-09-07,Aplikasi busuk... bikin ribet Pengguna kalau lagi urgent malah muter2 mulu login padahal semua udah bener.,Negatif,Negatif,97,2.5,97,Sesuai
709,Anggun Vaysa,1,2026-09-07,ini sampe kapan error terus ? gabisa login padahal mau daftar online,Negatif,Negatif,97.4,2.4,97.4,Sesuai
710,Adam Z2,1,2026-09-07,kenapa setiap 1 bulan sekali selalu log out sendiri padahal terus susah masuk lagi masalah jaringan wifi sama data..tolong di perbaiki,Negatif,Negatif,95.4,4.2,95.4,Sesuai
711,Ardi Bayupurnomo,3,2026-09-07,Sangat sulit untuk login,Netral,Negatif,87,10.8,87,Sesuai
712,Siti Rukayah,3,2026-09-07,sering tidak bisa dibuka dan buat no antrian,Netral,Negatif,74.2,24.3,74.2,Sesuai
713,Rivaldi Prayudi,1,2026-09-07,woy aplikasi lemot amat. muter terus sistem kalian.,Negatif,Negatif,92.8,6.3,92.8,Sesuai
714,Dimas Pratama,1,2026-09-07,"aplikasi pemerintah kok gini amat, loading nya lama gk karuan, selalu minta daftar ulang biar apa coba kayak gitu",Negatif,Negatif,94.8,4.8,94.8,Sesuai
715,andriani risky,2,2026-09-07,"aplikasi apa ini, kadang tiba tiba ga bisa di akses. dibilangnya offline padahal kuota full wifi lancar. mohon di perbaiki sistemnya",Positif,Negatif,83.5,16.1,83.5,Sesuai
716,Grefano Abiyunan,2,2026-09-07,"coba lagi, gagal, coba lagi, gagal udah gitu aja terus",Negatif,Negatif,81.6,17.1,81.6,Sesuai
717,MUHAMMAD FACHRIZAL ZULFI,1,2026-09-07,aplikasi tolol sering gabisa di akses,Negatif,Negatif,91,8.4,91,Sesuai
718,ganyong gaming,1,2026-09-07,"untuk kelas apk milik negara sih memalukan banget yaa ini,sering banget yang namanya server down miris sih.",Negatif,Negatif,76.6,19,76.6,Sesuai
719,Muhammad rifai Oke,1,2026-09-07,"eror Mulu aplikasi padahal lagi penting,tolong perbaiki lagi kualitasnya !!!",Negatif,Negatif,90.3,9,90.3,Sesuai
720,Daffa Faaris akbar,1,2026-09-07,sudah coba berulang kali tidak dapat login padahal semuanya sudah benar,Negatif,Negatif,94.7,4.6,94.7,Sesuai
721,Solahudin Kamil,1,2026-09-07,"jelek, mau daftar aja susah, captcha nya lemot ga muncul muncul, masa jam 8 pagi belum bisa daftar atau login, aplikasi murahan sulit sulit, ribetlahhh",Negatif,Negatif,98.3,1.6,98.3,Sesuai
722,Muhammad Ismail,1,2026-09-07,"Aplikasi lemot, orang sakit juga ga mau malah di lama lamain bagaimana si server makin berkembang zaman bukan makin canggih makin lemot",Negatif,Negatif,91,8.8,91,Sesuai
723,Fazila Azzahra,1,2026-09-07,"sumpah yaa ini app bikin kesel lama gak pake buat berobat ke faskes 1, sekalinya mau ambil antrian lebih dari setengah jam gak bisa kuota full.. pake wifi kenceng, tiba aja log out sendiri, pdahal lama gak pake ni app",Negatif,Negatif,97.4,2.3,97.4,Sesuai
724,Cepi Septian Kusumah,1,2026-09-07,"ketika keluar susah sekali masuk dengan alasan ""sedang offline"",gak bisa gitu langsung masuk. bermanfaat tapi setelah keluar susah banget masuk.",Positif,Negatif,78.4,20.5,78.4,Sesuai
725,Tankerbajabesi,1,2026-09-07,"aplikasi aneh buat masuk akun susah amat ,di persulit semua ,buat apk yg bener dulu",Negatif,Negatif,97.6,2.1,97.6,Sesuai
726,John Produce Empat,2,2026-09-07,"setiap kali mau antri, server kalian selalu down. aplikasi selalu ter-log out sendiri. captcha susah terbaca..",Negatif,Negatif,93.9,5.4,93.9,Sesuai
727,Remonda Sinulaki,1,2026-09-07,parah aplikasinya,Negatif,Negatif,84.9,13.8,84.9,Sesuai
728,Dhanz official,1,2026-09-07,"sinyal bagus,tapi di aplikasi offline,mohon di perbaiki lgi,Saya akan bintang 5 ,Terima kasih",Positif,Positif,93.7,93.7,5.9,💡 Bintang 1-2 tapi Prediksi ML Positif (Pujian / Salah Klik)
729,Alfa Centaury,3,2026-09-07,"kok aneh tiba tiba autodebet udah daftar terus terputus sendiri tolong kebijakannya, malah saya yang kena sanksi karena telat bayar jelas jelas udah autodebet",Netral,Negatif,88.5,8.7,88.5,Sesuai
730,Eko Purnomo,2,2026-09-07,aplikasinya kok lemot ya...buka captca sja lama bener pdhal jatingan stabil,Negatif,Negatif,89,10.2,89,Sesuai
731,Elvian Rubianto,1,2026-09-07,"aplikasi bejat, logan login terus saya kira sinyal ternyata servernya oon koclok",Negatif,Negatif,63.4,33.5,63.4,Sesuai
732,San Ridho,1,2026-09-07,aplikas ga jelas padahal udh benar semua,Negatif,Negatif,97.1,2.8,97.1,Sesuai
733,ahmad khairul,1,2026-09-07,ga bisa di login,Negatif,Negatif,94.1,5.8,94.1,Sesuai
734,Mul Yati,1,2026-09-07,"apalah woii aplikasi ini, mau masuk aja susah kalii.. keburu m4ti anak ku anjjjggg !!!! gangguan selaluiii kimax !!!!!! 3hari mau masok akun ga bisa2 !! kalo ga becus punya aplikasi bubat aj lah bgst ?",Negatif,Negatif,98.6,1.1,98.6,Sesuai
735,Adif Abdillah,1,2026-09-07,"ini tim IT atau sejenisnya pada kerja ga sih?! aplikasi sering error ga dipantau, padahal jaringan memadai, gimana mau daftar online kalau error terus.",Negatif,Negatif,95.8,3.9,95.8,Sesuai
736,putut wijanarko,1,2026-09-07,"aplikasi sering error,",Negatif,Negatif,97.2,2.5,97.2,Sesuai
737,Muhamad Yusuf,1,2026-09-07,mau login saja tidak bisa. buruk sekali aplikasinya. loading terlalu lama. system infonya offline di aplikasi nya.,Negatif,Negatif,86.5,12.8,86.5,Sesuai
738,Delwin Yoanes,3,2026-09-07,"chapca muter2, jadi gak bisa login & gak bisa daftar berobat ke puskesmas.",Netral,Negatif,91.9,7.8,91.9,Sesuai
739,Yusup Maullana,5,2026-09-07,"ini gimana sih udah mau sebulan login GK bisa, pake cara lupa password juga GK bisa...",Positif,Negatif,89.4,9.9,89.4,🚨 Bintang 4-5 tapi Prediksi ML Negatif (Taktik Komplain)
740,Wildana Hidayat,2,2026-09-07,aplikasi prematur. banyak banget error. suka logout sendir. pas mau login ga bisa loading terus padahal jaringan lancar. lelet. sekelas aplikasi pemerintah tapi kwalitasnya prematur,Negatif,Negatif,89.1,10.6,89.1,Sesuai
741,Awal Datsmen,1,2026-09-07,"bisa di perbaiki ngak apk nya, saya pernah gagal buat surat sakit karna tdk bisa daftar online di apk ini di karenakan akun saya tiba-tiba keluar dan saya coba masukkan lagi tiba-tiba sudah tidak bisa infonya jarigan tdk ada padahal jelas-jelas jarigan saya bagus, sudah tdk habis pikir degan apk ini, bukanya membantu tapi ini malah membuat masalah",Negatif,Negatif,94,5.9,94,Sesuai
742,Danang E.S,1,2026-09-07,aplikasi kemot gini susah kalo mau dipake buru buru.,Negatif,Negatif,85.1,12.9,85.1,Sesuai
743,Wahyu Putri N,1,2026-09-07,"selalu terlogout sendiri , sampe rs mau check in tidak bisa",Negatif,Negatif,88.9,10.5,88.9,Sesuai
744,alvin bagas septiyan,1,2026-09-07,"server nya tolong diperbaiki yang memakai wargga indonesia, masa iya cuma muter muter padahal koneksi bagus.",Positif,Negatif,73.4,25.8,73.4,Sesuai
745,Wahyu Abi,1,2026-09-07,"aplikasi busuk, sinyal buruk !",Negatif,Negatif,95,4.6,95,Sesuai
746,Ahmad Raihan,1,2026-09-07,"aplikasi jelekkkk, tiap hari mutar muluu server nya down terus murahan amat servernya",Negatif,Negatif,89.7,8.5,89.7,Sesuai
747,Herman hermawan,1,2026-09-07,"verifikasi Nye susah bgd, ad masalah apaan sh. dibutuhin qo malah dibikin susah sama aplikasi. minta tlong dulu donk sama yg punya aplikasi. dri td verifikasi gga bisa-bisa",Negatif,Negatif,96.5,2.7,96.5,Sesuai
748,DIDIK KURNIAWAN,1,2026-09-07,"padala data banyak, tapi kenapa ga bisa login ulang . dengan keterangan offline.",Negatif,Negatif,90,9.2,90,Sesuai
749,Abdul Muis,1,2026-09-07,"giliran di buka di faskes log out sendiri, log in nya susah banget",Negatif,Negatif,96.4,3.4,96.4,Sesuai
750,ILHAM GG.87,1,2026-09-07,tiba2 log out sendiri dan susah login nya,Negatif,Negatif,97.9,1.8,97.9,Sesuai
751,Apan Ska,1,2026-09-07,"aplikasi suka error, aplikasi gak guna",Negatif,Negatif,88.5,11.1,88.5,Sesuai
752,Teddy kinomoto,3,2026-09-07,"tiba tiba log out sendiri, lalu bermasalah dengan jaringan, padahal wifi dan jaringan ok semua... dan suka eror, mau daftar antrian jadi susah",Netral,Negatif,96.2,3.4,96.2,Sesuai
753,Afifah Azhar Arub,1,2026-09-07,"Belum juga kontrol, masa rujukan dari RS habis rawat inap di hilangkan jkn.. sampai² saya harus ke RS untuk konfirmasi, alhamdulillah pelayanan RS gercep. rada² ini sistem jkn, di tambah aplikasi lemot banget, setiap masuk coba lagi terus padahal kuota+sinyal kenceng..",Negatif,Negatif,80,18.7,80,Sesuai
754,pebri pratama,1,2026-09-07,aplikasinya Menguji Kesabaran.. loading lama.. uda lama gagal.. alasan koneksi gk tersambung.. padahal koneksi internet aman,Negatif,Negatif,82.2,16.5,82.2,Sesuai
755,Celuy,1,2026-09-07,"aplikasi burukkkkk bangettt, tiba"" log out sendiri, padahal udh hari h, di update makin burukk, mempersulit ini namaaa nya kocakkkkk, benarin lagi deh, suka eror muluuuuu",Negatif,Negatif,98.3,1.4,98.3,Sesuai
756,Ayu Ardan,3,2026-09-07,"sangat membantu ,tapi kenapa kalau pas butuh mau daftar selalu lemot dan keluar² sendiri padahal sudah loging ,tolong dong di tingkatkan lagiii",Negatif,Negatif,80.8,18.7,80.8,Sesuai
757,0070_gilang Maulana,1,2026-09-07,aplikasii apasihhh dikit2 trouble NYUSAHINN BANGET,Negatif,Negatif,54.3,42.7,54.3,Sesuai
758,Diko Septiansah,1,2026-09-07,sering error hadeuh padahal ini penting buat daftar online klo keadaan darurat tapi malah sering error kacaw,Negatif,Negatif,95.9,3.7,95.9,Sesuai
759,Buang Akay,3,2026-09-07,"tolong perbaiki aplikasi ini , sistem chapta dihapus saja",Netral,Negatif,75.7,21.5,75.7,Sesuai
760,triyastuti tri,1,2026-09-07,"coba lagi coba lagi terus, internet lancar tetep aja, ini lagi butuh malah engga bisa",Positif,Negatif,56.6,42.2,56.6,Sesuai
761,Biyan Cikal,5,2026-09-07,pelayanan nya sanget ramah,Positif,Positif,94.8,94.8,4.8,Sesuai
762,Indriee 90wd,1,2026-09-07,Sering logout sendiri. Giliran login lagi ada masalah terus gak bisa login. Menyusahkan sekali kalau lagi butuh.,Negatif,Negatif,96.1,3.4,96.1,Sesuai
763,Marwan,2,2026-09-07,tolong di tingkatkan kualitas apk nya.. sering eror saat mau daftar,Negatif,Negatif,93.5,6.1,93.5,Sesuai
764,novia sandi,1,2026-09-07,"selalu gagal masuk, masalah jaringan offline. padahal jaringan full manteng, kuota banyak. aneh",Negatif,Negatif,83.8,15.4,83.8,Sesuai
765,Tri wahyuda,1,2026-09-07,"jaringan jelek, lemot pas saat di tempat poly",Negatif,Negatif,91.9,7.7,91.9,Sesuai
766,Cahya Aji,1,2026-09-07,aplikasi busuk mau berobat malah offline,Negatif,Negatif,93.5,5.9,93.5,Sesuai
767,Wahyu Romadoni,3,2026-09-07,"bagus, tapi kadang pas dibuka malah macet, ga bisa dibuka pas dibutuhkan",Positif,Positif,59.9,59.9,39.2,Sesuai
768,Hans August Natanael Simanungkalit,1,2026-09-07,aplikasi nya offline terus padahal jaringan bagus lag sekali,Positif,Positif,62.2,62.2,36.9,💡 Bintang 1-2 tapi Prediksi ML Positif (Pujian / Salah Klik)
769,Jawad Rabbani,1,2026-09-07,"jelek, banyak ngelag, aplikasi buat mempermudah ko malah merepotkan, captcha nya lemot dan nggak jelas aneh aplikasi ini",Negatif,Negatif,96.6,3.2,96.6,Sesuai
770,Samsung Galaxy2017,2,2026-09-07,Aku tidak tahu apa yang sedang dialami makhluk ini. tiba tiba ada pemberitahuan sesi telah berakhir. Log out sendiri. mau log in lagi tidak bisa. Susah. Sepertinya perlu di-rukiyah.,Negatif,Negatif,94.4,4.9,94.4,Sesuai
771,Fajrin Pakaya,1,2026-09-07,"aplikasi pemerintah sering lemot, rekonek padajal saya pakai server wifi dengan mbps yang lancar. gimana mau ambil antrian untuk pengobatan jika makan waktu terus dikarenakan loading",Negatif,Negatif,83.6,16,83.6,Sesuai
772,Maulida Tulmarha,2,2026-09-07,"aplikasi nya banyak eror, sekarang saya gk bisa log in lagi",Negatif,Negatif,90.6,9.1,90.6,Sesuai
773,Zainur Roziqin,1,2026-09-07,jelek bgt susah log in,Negatif,Negatif,96.7,2.9,96.7,Sesuai
774,Yullyawan Bhreka seno,5,2026-09-07,"saya kasih bintang 5 biar pada lihat, aplikasi sering error,sering keluar sendiri,sering login ulang kadang sehari bisa 4x, giliran login sering error,susah masuknya juga sering keluar sendiri, aplikasi udh gak jelas,kecewa",Negatif,Negatif,99.4,0.5,99.4,🚨 Bintang 4-5 tapi Prediksi ML Negatif (Taktik Komplain)
775,Vindo Z,3,2026-09-07,Saat diperlukan malah sering susah diakses.,Netral,Negatif,59.6,35.8,59.6,Sesuai
776,Anggun Salon,1,2026-09-07,Ga ad satupun apk pemerintah yg bgs. Anggaran gedhe tp team developer nya bobrok semua. IT kelas main²,Negatif,Negatif,74.8,24.2,74.8,Sesuai
777,Eko Ardianto,1,2026-09-07,aplikasi lemot nunggu capca aja hampir 15 menit,Negatif,Negatif,90.5,9,90.5,Sesuai
778,Fauzi Khoironingyah,1,2026-09-07,aplikasi kesabaran. mau ambil antrian isinya error terus,Negatif,Negatif,92.7,7,92.7,Sesuai
779,Bawadehewek,1,2026-09-07,aplikasi busuk,Negatif,Negatif,92.9,6.4,92.9,Sesuai
780,Agus Nugroho,1,2026-09-07,"susah buat masuk dan daftar, wifi lancar tp tetap loading terus",Positif,Positif,56.6,56.6,42.1,💡 Bintang 1-2 tapi Prediksi ML Positif (Pujian / Salah Klik)
781,Egadevka Julianda,1,2026-09-07,susah d operasikan kalau mau daftar,Negatif,Negatif,68.5,30.5,68.5,Sesuai
782,ddi prmn,2,2026-09-07,sering error,Negatif,Negatif,96.9,2.9,96.9,Sesuai
783,Nila Minpa,1,2026-09-07,aplikasi ga jelas mempersulit verivikasi data Krn lupa password,Negatif,Negatif,94.8,4.7,94.8,Sesuai
784,Dida Sadudin T,1,2026-09-07,gak bisa d buka payah,Negatif,Negatif,94,5.8,94,Sesuai
785,uzumaki shikamaru,1,2026-09-07,aplikasi anggaran ratusan juta tapi ga jelas blass. perusahaan2 swasta bikin aplikasi pake anggaran lebih kecil aja ga separah ini,Negatif,Negatif,95.7,3.9,95.7,Sesuai
786,Mira Lisdawati,5,2026-09-07,top,Positif,Positif,92.9,92.9,6.3,Sesuai
787,ROZAQ TRD,5,2026-09-07,jos jis,Positif,Positif,93.8,93.8,5.8,Sesuai
788,Muhammad Fahri,1,2026-09-07,"tiba"" logout sendiri pemberitahuan akun anda login di device berbeda? padahal akun saya cuma pake 1 device,, mau login ulang gk bisa"" blm dpt di proses gmn ini????",Negatif,Negatif,97.9,1.9,97.9,Sesuai
789,Sumarlin Sumpeno,5,2026-09-07,aplikasi nyalahi membingungkan,Positif,Positif,56.4,56.4,41,Sesuai
790,Andre Akl,1,2026-09-07,aplikasi sangat buruk sudah punya akun malah log out sendiri daftar ulang kagi,Negatif,Negatif,97.8,2,97.8,Sesuai
791,sandi Purna,5,2026-09-07,terbaik,Positif,Positif,81,81,18.5,Sesuai
792,Lina,1,2026-09-07,aplikasi busuk daftar apa apa gabisa diproses,Negatif,Negatif,95.6,4.2,95.6,Sesuai
793,Franz Van Houten,1,2026-09-07,"verifikasi no hp tidak pernah ada kiriman nomor otp, updte jangan melalui sms tapi ada pilihan melalui WA",Negatif,Negatif,91.7,7.5,91.7,Sesuai
794,Juwandasuksesdoa Ibuuu,5,2026-09-06,suksesselaluuu,Positif,Positif,51.5,51.5,45.6,Sesuai
795,Indra Kurnia,5,2026-09-06,"sangat membantu , mantap",Positif,Positif,99.7,99.7,0.3,Sesuai
796,Ilmu islam official,1,2026-09-06,parah ini apk jkn ini pas kita mau masuk aja bisa dan captcha nya gak bisa keluar saya kasih bintang satu aja,Negatif,Negatif,93.3,6.3,93.3,Sesuai
797,les mono,5,2026-09-06,Terima kasih,Positif,Positif,95.5,95.5,4.3,Sesuai
798,Mutiara Mumu,5,2026-09-06,sangat mudah,Positif,Positif,98.4,98.4,1.5,Sesuai
799,Gloria Eka chrisrin,1,2026-09-06,"ini aplikasi suka eror ya, saya mau daftar saja susah sekali. Masa mau pencet ok aja udah ada nomor ya gak bisa-bisa dari Minggu lalu aneh sekali ya",Negatif,Negatif,95.7,3.8,95.7,Sesuai
800,Rafid Makarim,1,2026-09-06,"ini aplikasi kadang nguji kesabaran penggunanya minta verifikasi no hp gabisa2, lagian kenapa mau berobat harus daftar ini dulu ribetin orang yg gapunya hp atau orangtua yg ga paham ini tau ga. aneh kadang aplikasi buatan pemerintah mau berobat dipersulit mulu",Negatif,Negatif,92.9,6.6,92.9,Sesuai
801,aris rismana,5,2026-09-06,mantap,Positif,Positif,99.2,99.2,0.7,Sesuai
802,Najmatul Usroh,5,2026-09-06,bagus,Positif,Positif,98.2,98.2,1.7,Sesuai
803,Senpai,1,2026-09-06,"update lah, ga dapat kode verifikasinya yaampun, aneh banget aplikasi, bukannya mempermudah ini malah mempersulit",Negatif,Negatif,97.2,2.6,97.2,Sesuai
804,Iwan Sukses,5,2026-09-06,sudah bagus Kenapa Sekarang Ngak Bisa Buka,Positif,Positif,73,73,26.4,Sesuai
805,Bonbon Cadetha,5,2026-09-06,good,Positif,Positif,98.5,98.5,1.3,Sesuai
806,Mikchat,2,2026-09-06,"apk tidak stabil, terkadang suka bug",Negatif,Negatif,88.4,10.3,88.4,Sesuai
807,Vp Pro Ajie Adja,5,2026-09-06,sudah Bagus tolong di pertahankan dan lebih di permudah buat masyarakat kecil.,Positif,Positif,94,94,5.2,Sesuai
808,Lulu Saadah,5,2026-09-06,selama ini bagus aplikasi mobil jkn kis,Positif,Positif,96.2,96.2,3.2,Sesuai
809,Candu Lucky,5,2026-09-06,sangat di butuhkan,Positif,Positif,50,50,49,Sesuai
810,Rizky Adimas,1,2026-09-06,aplikasi ini menurut saya pelayanannya buruk,Negatif,Negatif,66.2,32.6,66.2,Sesuai
811,abdul syukur,5,2026-09-06,sangat bagus,Positif,Positif,99,99,0.9,Sesuai
812,Fazry Albukhori,1,2026-09-06,"gajelas, benerin sistem nya nomor belum terdaftar malah kaga bisa buat regist, pake nomor lain sms nya kaga masuk, benerin lagi sistem lu",Negatif,Negatif,96.2,3.3,96.2,Sesuai
813,Muhamad Ayub,5,2026-09-06,pictur sangat membantu sekali,Positif,Positif,99.8,99.8,0.2,Sesuai
814,Nurhayati Hayanti Zebua,5,2026-09-06,sangat membantu,Positif,Positif,99.7,99.7,0.3,Sesuai
815,Hanya Human,1,2026-09-06,nggak bisa login alasannya coba beberapa saat lagi,Negatif,Negatif,93.6,6,93.6,Sesuai
816,Reny Anggraini,4,2026-09-06,ok,Positif,Positif,51.5,51.5,45.6,Sesuai
817,Mulya Dzikri,5,2026-09-06,bagus memudahkan urusan kesehatan jadi gak ribet pokoknya terbaik,Negatif,Positif,83.4,83.4,16.5,Sesuai
818,Sindi Sulistiawati,5,2026-09-06,sangat membantu,Positif,Positif,99.7,99.7,0.3,Sesuai
819,Naura Najwa,1,2026-09-06,ga like.,Negatif,Negatif,49.7,48.4,49.7,Sesuai
820,mikhayla munandar,5,2026-09-06,sangat responsif,Positif,Positif,78.2,78.2,20.3,Sesuai
821,Abdul Muhyi,5,2026-09-06,mantap,Positif,Positif,99.2,99.2,0.7,Sesuai
822,Dorest Hunter,4,2026-09-06,minta tolong yang verifikasi wajah senyum di buang..ibuk saya lagi sakit mau daftar harus senyum gx bisa senyum..jadi gx terferivikasi,Positif,Negatif,71.7,26.8,71.7,🚨 Bintang 4-5 tapi Prediksi ML Negatif (Taktik Komplain)
823,Salmarena Bimbi,1,2026-09-06,tidak bisa membuka aplikasinya,Negatif,Negatif,83.8,15.8,83.8,Sesuai
824,haerul amri,5,2026-09-06,saat mau menambahkan ibu saya di menu (penambahan peseta) tetapi tidak bisa karna saya belum menikah. untuk penambahan peserta baru tolong ubah agar kita bisa menambahkan anggota keluarga walaupun kita belum menikah,Positif,Positif,75.7,75.7,22.3,Sesuai
825,Bro 89,5,2026-09-06,"untuk yg tidak dapat SMS, pastikan ada sisa pulsa bukan kuota",Positif,Negatif,77.5,21.7,77.5,🚨 Bintang 4-5 tapi Prediksi ML Negatif (Taktik Komplain)
826,Surya Lighting,5,2026-09-06,membantu,Positif,Positif,97.6,97.6,2.3,Sesuai
827,Siti Karlia Lia,5,2026-09-06,sangat mudah untuk berobat,Positif,Positif,97.5,97.5,2.4,Sesuai
828,Safir Mariawae,5,2026-09-06,bagus,Positif,Positif,98.2,98.2,1.7,Sesuai
829,Herry Amro,5,2026-09-06,baik,Positif,Positif,81,81,18.5,Sesuai
830,Olivia War,5,2026-09-06,sangat membantu,Positif,Positif,99.7,99.7,0.3,Sesuai
831,Berkah Oppo,5,2026-09-06,sangat puas respon cepat 🙏,Positif,Positif,98.8,98.8,1,Sesuai
832,2019 albar rahman hakim C7,5,2026-09-06,top,Positif,Positif,92.9,92.9,6.3,Sesuai
833,Falisha Almahyra,1,2026-09-06,MEMPERSULIT LANSIA BEROBAT,Negatif,Negatif,63.9,35.3,63.9,Sesuai
834,Retnologi,5,2026-09-06,"bagus, mempermudah",Positif,Positif,97.3,97.3,2.6,Sesuai
835,Arya nz,1,2026-09-06,"apk gajelas, verifikasi nomor aja ada aja kendalanya menyusahkan",Negatif,Negatif,91.9,7.1,91.9,Sesuai
836,Rahmita Ariani,5,2026-09-06,aman2 aja penggunaan nya bagus kok,Positif,Positif,93.5,93.5,6.1,Sesuai
837,Amanda Vidiya,1,2026-09-06,"tlong urus ini apk dgn lebih baik lg,yg bner aja masa mau daftar kaga bsa trs adain fitur ganti akun dgn mudah kek medsos²lain lah tlong",Negatif,Negatif,84.4,15.2,84.4,Sesuai
838,Erlin Damayanti,1,2026-09-06,apk gak jelas.,Negatif,Negatif,97.7,2.2,97.7,Sesuai
839,Rita Suhami,5,2026-09-06,Aplikasi yang the best,Positif,Positif,96.6,96.6,3,Sesuai
840,Agung Winarno,5,2026-09-06,bagus aplikasi,Positif,Positif,97.1,97.1,2.6,Sesuai
841,Lolo Lolo,1,2026-09-06,"apk sampah yg ngurus pemerintah kgk bener,eror terus giliran mau di pake,diperbaiki lgi dh ini apk",Negatif,Negatif,95.6,4.2,95.6,Sesuai
842,Vida Suci wulandari,5,2026-09-06,pelayanan bagus,Positif,Positif,97.9,97.9,1.9,Sesuai
843,Januar Rezza,5,2026-09-06,cepat dan mudah dengan aplikasi mobile jkn mantap,Positif,Positif,99.6,99.6,0.4,Sesuai
844,safsahh Goib,1,2026-09-06,"waduh ini proses login/daftar nya ribet banget,saran aja kalo mau pake no hp/email,pilih salah satu aja jangan dua dua nya astaga",Negatif,Negatif,87.9,10.4,87.9,Sesuai
845,ayu Alus,1,2026-09-06,"semenjak di update Apk mobile JKN terbaru, sekarang tidak ke pake krn tidak bisa KeBuKa, dan tidak di dukung dengan hp android saya., malah bikin susah aja, pas mau periksa ke puskesmas, atau atau ada rujujan ke rumah sakit HARUS daftar dari apk ini, kyk nya gak ada kepikiran klo GAK semua orang punya hp android yang hrus daftar lewat apk mobile jkn, dan giliran ada, apk mobile jkn tidak kontribel alias tidk cocok di hp saya.",Negatif,Negatif,94,5.8,94,Sesuai
846,Efta Triyani,4,2026-09-06,apk nya bagus tapi sayang hp saya hp kentang jadi agak susah 😭 karna gampang ngeleg,Positif,Positif,92.4,92.4,6.7,Sesuai
847,Muamar Ammar,4,2026-09-06,membantu saya dan keluarga,Positif,Positif,95.1,95.1,4.4,Sesuai
848,Bayu Setiawan,1,2026-09-06,"cobalah pemerintah buat aplikasi itu yang sedikit bagus, seperti swasta.. ini apliaksi bukannya mempermudah malah bikin kesel. untuk menandai wajah aja susah betul, sampe berkali2 di coba selalu gagal",Positif,Negatif,92.1,7.6,92.1,Sesuai
849,Nur Laili,4,2026-09-06,membantu sekali agak tidak wira wiri ke rs,Positif,Positif,96.5,96.5,3.3,Sesuai
850,Rusman Rinaz,5,2026-09-06,bagus aplikasi nya yang sangat membantu kebutuhan kesehatan,Positif,Positif,98.6,98.6,1.3,Sesuai
851,Ayyash Rajendra,1,2026-09-06,"ini yg bikin aplikasi niat bantu orang atau nambah nyusahin orang? udah sering error saat kita kepepet di RS, , apk keluar sendiri. habis pake wifi trus pake data di sruh login ulang, lemot lagi (pd hal koneksi internet lancar n cepat)",Negatif,Negatif,97.7,2.1,97.7,Sesuai
852,haris investing,1,2026-09-06,aplikasi ga gunaa ga masuk2 kode otp pdhal nomer hp sudah benar,Negatif,Negatif,98.4,1.5,98.4,Sesuai
853,Aditya Wijaya,5,2026-09-06,mantap terimakasih,Positif,Positif,99.3,99.3,0.7,Sesuai
854,Fian Aqila Santoso,1,2026-09-06,"aplikasi bosok, sekelas aplikasi pemerintah nggak ada fitur cloud save pas bagian pendaftaran buat mangkas waktu pengisian data. Verifikasi menggunakan foto memerlukan waktu sangat lama. Dan pada akhirnya aplikasi keluar sendiri dari device saya, begitu saja terus.",Negatif,Negatif,91.9,7.4,91.9,Sesuai
855,Muhadi Adi,1,2026-09-06,kenapa sih aplikasi buatan pemerintah ga ada yang benar ga ada yang beres,Negatif,Negatif,94.4,5.1,94.4,Sesuai
856,skullz 66,1,2026-09-06,"verifikasinya nya ribett susah, masa nomer telfon nya bisa beda terus, mempersulit aja",Negatif,Negatif,90.6,8.2,90.6,Sesuai
857,asma nidarrauf,4,2026-09-06,"aplikasinya lambat sekali, nunggu buka aja sampai berjam-jam..",Positif,Negatif,83.6,15.7,83.6,🚨 Bintang 4-5 tapi Prediksi ML Negatif (Taktik Komplain)
858,Sepri,5,2026-09-06,praktis dan mudah,Positif,Positif,98,98,1.8,Sesuai
859,Nur Azylin Hayoto,5,2026-09-06,mantap,Positif,Positif,99.2,99.2,0.7,Sesuai
860,Wahyuni,5,2026-09-06,👍👍👍👍,Positif,Positif,51.5,51.5,45.6,Sesuai
861,Dika Diki,3,2026-09-06,Kesulitan registrasi karena kode OTP tak pernah dikirimkan . Sudah diulang-ulang tetap saja tak ada kode OTP 😡,Netral,Negatif,91.6,7.1,91.6,Sesuai
862,mash thok22,1,2026-09-06,"ga bisa masuk, dan tidak menerima otp, rekam wajahpun banyak ngebug nya, apa bisa diperbaiki?",Negatif,Negatif,86.8,12.3,86.8,Sesuai
863,Melda Wardani,1,2026-09-06,"saya ngaa bisa verifikasi sms lewat nomor hp ,",Negatif,Negatif,91.8,7.8,91.8,Sesuai
864,Axel Ross,5,2026-09-06,bagus banget,Positif,Positif,95.7,95.7,4,Sesuai
865,Bambang Setiawan,5,2026-09-06,Semoga Kita Semua di Berikan Kesehatan,Positif,Positif,89.5,89.5,9.7,Sesuai
866,fathur wae,5,2026-09-06,cukup memuaskan,Positif,Positif,93.8,93.8,5.8,Sesuai
867,Ria Sept (Ria Sept),4,2026-09-06,"Layanan menonaktifkan autodebet belum bisa atau emang engga difikirkan, harusnya pelayanan ini kalau bisa mengaktifkan berarti harus bisa menonaktifkannya lagi jangan berbahasa tidak bisa dinonaktifkan kalau sudah aktif autodebet nya, sangat kecewa Toh selama ini engga pernah telat bayar, terimakasih loh layanannya",Negatif,Negatif,66.6,31.5,66.6,🚨 Bintang 4-5 tapi Prediksi ML Negatif (Taktik Komplain)
868,suryono hadi,5,2026-09-06,bagus dan sangat informatif,Positif,Positif,98.9,98.9,0.9,Sesuai
869,Mawan Situmorank,5,2026-09-06,bagus layanan ya,Positif,Positif,97,97,2.8,Sesuai
870,Fatimatus Sahroh,1,2026-09-06,"aplikasi aneh, padahal udah hapus smpe 3 aplikasi ttep aja katanya penyimpanan penuh gak bisa d download harusnya bikin aplikasi yg ga trlalu besar penyimpanannya kalau ini d jadiin syarat mutlak bikin skck PIKIRIN HAL KECIL DSRI RAKYATNYAAAA",Negatif,Negatif,95.5,3.9,95.5,Sesuai
871,Cablack Aja,5,2026-09-06,mudahdan cepat,Positif,Positif,92.6,92.6,7.2,Sesuai
872,Isak curug,5,2026-09-06,bagus,Positif,Positif,98.2,98.2,1.7,Sesuai
873,Bani Supriatna new,5,2026-09-06,bagus,Positif,Positif,98.2,98.2,1.7,Sesuai
874,Nia Mughtia,2,2026-09-06,suka nglagggg pdahal d butuhinnnn,Negatif,Negatif,56.3,40.7,56.3,Sesuai
875,penjebol sejati,1,2026-09-06,buat aplikasi ini anggaran pemerintah brp ya?,Negatif,Negatif,84.1,14.9,84.1,Sesuai
876,Dwi astiningsih,1,2026-09-06,"aplikasi gak jelas udah lama instal setiap mau verifikasi no telfon gagal terus gak bisa2 apa gunanya ada aplikasi ini klo GK bisa di akses , gak jelas memang",Negatif,Negatif,98.9,1,98.9,Sesuai
877,Toladi Detol,5,2026-09-06,baru akan menggunakan belum ada pengalaman,Positif,Positif,71.7,71.7,27,Sesuai
878,Auriel Danggang,5,2026-09-06,sangat membatu,Positif,Positif,99.7,99.7,0.3,Sesuai
879,Muhrofik Rofik,5,2026-09-06,bagus sih selma AQ pakai,Positif,Positif,86.7,86.7,12.6,Sesuai
880,Adisty Sakti,5,2026-09-06,Luarbinasaa 🔥🔥,Positif,Positif,51.5,51.5,45.6,Sesuai
881,handrix chrisharyanto,1,2026-09-06,dari awal download sampai sebulan ditunggu kok errornya masih sama urusan verifikasi OTP ga terkirim juga.,Negatif,Negatif,92.8,6.2,92.8,Sesuai
882,Dani,1,2026-09-06,aplikasi gk jelas,Negatif,Negatif,97.7,2.2,97.7,Sesuai
883,Kharis Rofii,1,2026-09-06,tidak bisa ambil antrian online. terus terusan suruh coba lagi nanti,Negatif,Negatif,85.4,13.8,85.4,Sesuai
884,Poniman Ae,1,2026-09-06,makin gk jelas.hp masi original kok gk katae apk gk bs di buka krna hp di root,Negatif,Negatif,92.7,7,92.7,Sesuai
885,siroj mutakin,4,2026-09-06,"BPJS mengecewakan, pelayanan di faskes pertama hampir tiap hari error, aplikasinya jg sama kadang pas mau daftar susah error data tidak ditemukan... hampir tiap hari error tapi sepertinya tidak ada perbaikan atau perubahan yang dilakukan.",Positif,Negatif,64.7,33.9,64.7,🚨 Bintang 4-5 tapi Prediksi ML Negatif (Taktik Komplain)
886,Indra Septian,5,2026-09-06,pengalaman yg sangat aik memakai BPJS kesehatan,Positif,Positif,88.2,88.2,11.1,Sesuai
887,"H. Agus Hariyanto, SH.",5,2026-09-06,Sangat membantu dan Praktis dalam penggunaan,Positif,Positif,99.5,99.5,0.5,Sesuai
888,Sapto Nugroho,5,2026-09-06,mudah dan cepat,Positif,Positif,99.2,99.2,0.8,Sesuai
889,Rudino firdaus,5,2026-09-06,baguus,Positif,Positif,51.5,51.5,45.6,Sesuai
890,Dante IMANG,5,2026-09-06,sangat mudah di gunakan dan sangat membantu,Positif,Positif,99.9,99.9,0.1,Sesuai
891,ARIE HASTUTI,2,2026-09-06,"Saya pengguna baru... dpt rujukan dr puskesmas ke RS tuk daftar JKN dulu (disarankan utk mempermudah pendaftaran) kalo ga bisa suruh dtg ke RS antri dari jam 6 pagi... download aplikasi JKN utk pendaftaran sdh tepat seminggu hari ini dan masih tetap sama ""permintaan anda belum dapat diproses, silahkan mencoba beberapa saat lagi (nyatanya dah seminggu msh belum bisa juga) ini sih definisi kalo bisa dipersulit kenapa harus dipermudah yak... astaghfirullah",Negatif,Negatif,89.3,10.1,89.3,Sesuai
892,Elbarack Husain_3,5,2026-09-05,good,Positif,Positif,98.5,98.5,1.3,Sesuai
893,Rifqi Naufal,3,2026-09-05,tolong dong ini pihak aplikasi..kenapa gak bisa masuk terus padahal sandi sudah benar sama masuk dgn sidik jari gak msuk² selalu ada yang salah pas minta ganti sandi ya ampun lama Nerima verifikasi SMS gak keterima terus..,Netral,Negatif,96.3,2.7,96.3,Sesuai
894,Koko SpTm3,5,2026-09-05,"izin Moderator/admin , tolong dong apknya ada bnyak bug , stuck , forclose , dan stiap kluar apk dn masuk kembali sllu mengulang dri awal padahal hanya ingin mengambil kode otp . pendaftarannya kenapa harus 14 hari keburu mati lah klo yg bru dftarnya lagi skit parah , permasalahan jaringan juga padahal udah pake wifi dan data seluler dan berganti ke hp lain hasilnya sama mohon di update agar proses lebih cepat dan tidak ada kendala dlam penggunaan apk",Negatif,Negatif,92.2,7.1,92.2,🚨 Bintang 4-5 tapi Prediksi ML Negatif (Taktik Komplain)
895,Dedy Nurfiansyah 1982,5,2026-09-05,bagus,Positif,Positif,98.2,98.2,1.7,Sesuai
896,feri habibie,1,2026-09-05,"kode verifikasi nomor tidak pernah masuk, emang gak ada pelihara apk kalian sampe banyak yg komplain",Negatif,Negatif,96.5,3,96.5,Sesuai
897,endra kurniawan,5,2026-09-05,perubahan faskes lebih mudah dg apk JKN.terimakasih apk jkn,Positif,Positif,95.7,95.7,4.1,Sesuai
898,Wahyu Hidayat,5,2026-09-05,sangat baik,Positif,Positif,96.4,96.4,3.4,Sesuai
899,Aas Nurasmanah,4,2026-09-05,gak bisa login lupa kata sandi😭😭,Positif,Negatif,81.5,17.8,81.5,🚨 Bintang 4-5 tapi Prediksi ML Negatif (Taktik Komplain)
900,kevin c,1,2026-09-05,"Masa tidak bisa batal kan rujukan,",Negatif,Negatif,90,9.5,90,Sesuai
901,halwina winda,5,2026-09-05,bagus . saya suka aplikasi ini. membantu sekali,Positif,Positif,98.8,98.8,1.1,Sesuai
902,Toni Farel,1,2026-09-05,sekelas bbjs mau registrasi biasa jha ribet bnget ya,Negatif,Negatif,86.1,13,86.1,Sesuai
903,maria trisnaningsih,5,2026-09-05,sangat membantu,Positif,Positif,99.7,99.7,0.3,Sesuai
904,Yusi 12,1,2026-09-05,gk jelas ngisi no HP masa ngulang2 terus aneh bnget sih,Negatif,Negatif,95.8,3.8,95.8,Sesuai
905,Eka Fatyati,5,2026-09-05,membantu,Positif,Positif,97.6,97.6,2.3,Sesuai
906,Nurul Annisa,5,2026-09-05,👍👍👍,Positif,Positif,51.5,51.5,45.6,Sesuai
907,MT MAJUTAMA,5,2026-09-05,ok,Positif,Positif,51.5,51.5,45.6,Sesuai
908,Sujiana Setiawan,2,2026-09-05,"Aplikasi jadi sering eror, muncul terus tagihan, padahal sudah bayar dan sudah bisa dipakai berobat ( kontrol )... Aneh",Negatif,Negatif,91.4,8,91.4,Sesuai
909,X Z,1,2026-09-05,mau daftar susahnya minta ampun tiap minta kode verifikasi nomer telepon pasti selalu dapet notif gangguin Mulu niat gasih ngurusin ni aplikasi,Negatif,Negatif,98,1.7,98,Sesuai
910,wahyu setiawan,5,2026-09-05,keren,Positif,Positif,94.2,94.2,5.4,Sesuai
911,jonlig jgira,5,2026-09-05,verifikasi agak lama,Positif,Positif,62.2,62.2,36.3,Sesuai
912,Yoga,1,2026-09-05,"Aplikasi sering error padahal buat berobat ke rumah sakit. Lebih baik datang tanpa ini aplikasi. Bikin ribet dan repot!! Juga sering Log Out sendiri namun setelah Log Out, susah Log In padahal capcha benar, nomor nik benar dan kode sandinya.",Negatif,Negatif,99.5,0.4,99.5,Sesuai
913,rommy zubair,5,2026-09-05,lebih mudah dengan menggunakan aplikasi mobile jkn,Positif,Positif,96.4,96.4,3.5,Sesuai
914,Maya Azarya Messah,5,2026-09-05,sangat membantu,Positif,Positif,99.7,99.7,0.3,Sesuai
915,Bekti Az-Zahra,5,2026-09-05,ok,Positif,Positif,51.5,51.5,45.6,Sesuai
916,Kahfi Maulana hafidz,1,2026-09-05,"nih aplikasi pemerintah kenapa pada ribet ribet dah. pembuatan akun sudah mengisi sesuai nomor telepon milik kita lalu setelah jadi malah butuh verifikasi. dan saat verifikasi pakai nomor telepon malah bukan nomor telepon yg di daftar sebelum nya. kan aneh! tolong lah perbaiki sistem nya,sama satu hal lagi. saat mau mengganti nomor telepon juga ribet. harus Selfi pakai KTP tapi tetep gagal aja. kenapa dah.",Negatif,Negatif,97.7,2,97.7,Sesuai
917,Ahmad Dispat,5,2026-09-05,terbaik,Positif,Positif,81,81,18.5,Sesuai
918,hevin suwarno,1,2026-09-05,aplikasi sampah,Negatif,Negatif,92.3,7.3,92.3,Sesuai
919,RUDY WIBOWO,5,2026-09-05,Mudah banget,Positif,Positif,87.2,87.2,11.8,Sesuai
920,Nobertus Muda,5,2026-09-05,sangat membantu,Positif,Positif,99.7,99.7,0.3,Sesuai
921,Ri'as Mursyid,5,2026-09-05,segala urusan jadi lebih mudah,Positif,Positif,94.7,94.7,5,Sesuai
922,Yazid Ilman,5,2026-09-05,sip aplikasinya,Positif,Positif,84,84,14.1,Sesuai
923,Azwar Aswat,5,2026-09-05,Good luck pokoknya,Positif,Positif,96.6,96.6,2.8,Sesuai
924,Neng Rahma,5,2026-09-05,gak bisa di donwlad,Positif,Negatif,89.5,10.3,89.5,🚨 Bintang 4-5 tapi Prediksi ML Negatif (Taktik Komplain)
925,raju din,5,2026-09-05,Sudah bagus dan sangat mudah bagi saya.,Positif,Positif,99.6,99.6,0.3,Sesuai
926,Dede Rohanah,5,2026-09-05,Bagus,Positif,Positif,98.2,98.2,1.7,Sesuai
927,R Bejo,5,2026-09-05,cuki ai,Positif,Positif,51.5,51.5,45.6,Sesuai
928,RhierieMelody Official,5,2026-09-05,sangat terbantu,Positif,Positif,99.7,99.7,0.3,Sesuai
929,Dwi Nurhayati,1,2026-09-05,aplikasi eror tidak bisa mendaftar,Negatif,Negatif,96.2,3.7,96.2,Sesuai
930,RH music,5,2026-09-05,okriklah,Positif,Positif,51.5,51.5,45.6,Sesuai
931,kiyaialam syah,5,2026-09-05,oke bagus terimakasih,Positif,Positif,99.1,99.1,0.8,Sesuai
932,RH engineer,5,2026-09-05,5x complain akhirnya waras juga he5...,Positif,Negatif,52.6,45.5,52.6,🚨 Bintang 4-5 tapi Prediksi ML Negatif (Taktik Komplain)
933,Diva Azkia Issaura,2,2026-09-05,"Mau daftar udah ribet, gagal berulang kali pula, padahal internet lancar. Aplikasi seharusnya didesain lebih inklusif.",Negatif,Negatif,92.2,7.2,92.2,Sesuai
934,Golan Lumbanraja,2,2026-09-05,Tidak bisa didaftar,Negatif,Negatif,92.5,7.4,92.5,Sesuai
935,Andri Aisyah,5,2026-09-05,Menggunakan jkn mobile memang mudah tidak sulit thank ya jkn mobile smoga sukses slalu k depaninnya🤲amin ya robal alamin🤲,Positif,Positif,87.2,87.2,12,Sesuai
936,Dian Priatna,1,2026-09-05,lelet,Negatif,Negatif,88.3,11.2,88.3,Sesuai
937,Iim Maria,5,2026-09-05,sangat membantu,Positif,Positif,99.7,99.7,0.3,Sesuai
938,Edi,1,2026-09-05,"mau daftar online,mesti verifikasi no HP, tpi tidak bisa",Negatif,Negatif,93.5,6.3,93.5,Sesuai
939,birong simarmata,3,2026-09-05,update buat repot,Netral,Negatif,64.6,32.8,64.6,Sesuai
940,Lia Rohmat,1,2026-09-05,sering kluar aplikasi sndri,Negatif,Negatif,69.3,26.9,69.3,Sesuai
941,Tatik Griselda,5,2026-09-05,lebih enak jadi gak repot ke kantor kalo mau ubah data,Positif,Positif,67.7,67.7,31.4,Sesuai
942,Rizka Nur Afifa,1,2026-09-05,"tolong diperbaiki dong sistemnya. saya kerja di security RS, keseringan pasien kami itu belum membuat akun JKN karna kondisi hpnya yg tipe lama jadi tidak bisa download aplikasi MJKN. Sering kali mereka minta tolong ke kami untuk dibuatkan akun dan numpang login akun untuk daftar rujukan ke RS. sementara aplikasinya kalo sudah login sampai 3 NIK tidak bisa login akun lagi. sampe"" saya harus ngalah akun MJKN saya sendiri sudah tidak bisa login di hp sendiri.",Negatif,Negatif,97.3,2.4,97.3,Sesuai
943,Bohar MHA,5,2026-09-05,"ok, memudahkan",Positif,Positif,92.5,92.5,7.3,Sesuai
944,Angga Putra,1,2026-09-05,"busuk banget ni aplikasi , kode otp gak masuk masuk",Negatif,Negatif,98.3,1.5,98.3,Sesuai
945,Eli Nurlaeli,5,2026-09-05,mudah dan cepat,Positif,Positif,99.2,99.2,0.8,Sesuai
946,Herman Sandi,1,2026-09-05,aplikasi punya negara tapi busuk.. verivikasi nomer hp error terus,Negatif,Negatif,94.6,4.8,94.6,Sesuai
947,Omstiff404-•WRX,1,2026-09-05,"kurang stabil nih apk, kenapa otpnya harus ada biaya, kan bisa via WhatsApp biar free gak perlu biaya",Negatif,Negatif,70.3,27.7,70.3,Sesuai
948,Herwandi wandi,1,2026-09-05,"makin kesini makin parah ni aplikasi,masak mau masuk ngk bisa,salah no nik lah,salah capca lah,maksud nya gimana ini,orang butuh mau daftar untuk berobat malah di persulit,udah ngk usah gunaiin aplikasi kalau ngk bisa login,mempersulit rakyat aja yg butuh pengobatan,tolong dong di perbaiki sistem nya,kalau ngk bisa di perbaiki,mending hapus saja aplikasi jkn nya.trims",Negatif,Negatif,97,2.7,97,Sesuai
949,romi A,5,2026-09-05,sangat membantu untuk saya yg pertama kali sebagai anggota non pekerja.pengaduan teknis cepat di respon.semangat,Positif,Positif,96,96,3.7,Sesuai
950,Febrianto Gregorius Seba,5,2026-09-05,mantap..,Positif,Positif,99.2,99.2,0.7,Sesuai
951,Ifan Fansuri,5,2026-09-05,always improve,Positif,Positif,51.5,51.5,45.6,Sesuai
952,Rifai Ariyanto,5,2026-09-05,praktis dan mudah,Positif,Positif,98,98,1.8,Sesuai
953,Nasaktion,5,2026-09-05,baik,Positif,Positif,81,81,18.5,Sesuai
954,Marsono,5,2026-09-05,jos jiss,Positif,Positif,93.8,93.8,5.8,Sesuai
955,Rona Rodiana,5,2026-09-05,pelayanan memuaskan,Positif,Positif,95.2,95.2,4.3,Sesuai
956,Fauziah Tanjung,5,2026-09-05,sangat membantu dalam proses kesehatan,Positif,Positif,99,99,1,Sesuai
957,Andika Liliana Rahmasahrii,1,2026-09-05,susah verifikasi wajah. udah 3 hari nyoba gak jadi²,Negatif,Negatif,94.1,5.2,94.1,Sesuai
958,Abdul D. Wahab,4,2026-09-05,aplikasi ini sangat membantu kepengurusan BPJS tanpa harus ke kantor akan tetapi masih ada beberapa fitur yang harus di perbaiki terutama dibagian verifikasi data dan kode OTP yang masih lama,Positif,Positif,76.9,76.9,22.6,Sesuai
959,J S,1,2026-09-05,makin JELEK dan Ga Beraturan harusnya paling Telat tgl 10 sekarang baru tgl 5 sudah didoble dan di nonaktifkan kalian ga tau susahnya cari uang sekarang hah???,Negatif,Negatif,91.3,7.8,91.3,Sesuai
960,Sambas Hendrata,4,2026-09-05,sudah cukup bagus,Positif,Positif,94.2,94.2,5.2,Sesuai
961,Sriyuliani 699,5,2026-09-05,"adanya aplikasi Mobile JKN ini sangat sangat membantu ,terimakasih",Positif,Positif,99.1,99.1,0.8,Sesuai
962,Babi Kecap,5,2026-09-05,sangat membantu,Positif,Positif,99.7,99.7,0.3,Sesuai
963,Muhammad Fauzi,5,2026-09-05,bagus,Positif,Positif,98.2,98.2,1.7,Sesuai
964,Gilang Toxy Aprella Priadana,1,2026-09-05,kok aplikasinya gak bisa di buka sih penting woy,Negatif,Negatif,85.7,13.9,85.7,Sesuai
965,Brim Tea,3,2026-09-05,kalau bisa di bikin susah kenapa harus di gampangin. login saja susah konoha konoha,Netral,Negatif,86.5,11.2,86.5,Sesuai
966,Yoan Tyus,2,2026-09-05,"kami ini yang bayar anda buat apk agar permudah pengguna bpjs kesehatan.. kok kami di persulit untuk login dan ingin mengetahui fungsi dan kegunaan dari apk jkn ini.. tolonglah,tingkatkan kinerja anda sebagai pembuat apk bpjs.. jangan makan gaji gede aja..!!",Negatif,Negatif,55,44,55,Sesuai
967,s_yanto Azuma,5,2026-09-05,Pelayanan Sanggat Memuaskan,Positif,Positif,95.9,95.9,3.7,Sesuai
968,Belmancitra 1990,5,2026-09-05,mantap,Positif,Positif,99.2,99.2,0.7,Sesuai
969,Melky Mandagi,5,2026-09-05,ok,Positif,Positif,51.5,51.5,45.6,Sesuai
970,pondokan garis lurus,1,2026-09-05,"anggaran besar, tapi yg di hair pegawai aiti tingkat SMP, bikin aplikasi kok kek gini, kalah sama Indomaret, saya dari awal download sampai sekarang masih gak bisa login, sudah di bantu sama pegawai BPJS nya tetap aja ga bisa login, ujung2nya ga guna nih apk😔",Negatif,Negatif,97.6,2.1,97.6,Sesuai
971,chintya devi,1,2026-09-05,"Aplikasi bodoh. Mungkin hampir tidak berguna. Berkali-kali selalu eror. Mau daftar saja tidak bisa. Scan wajah ulang-ulang terus. Captcha juga sangat mempersulit, tidak jelas. Tolong diperbaiki agar memudahkan.",Negatif,Negatif,98.6,1.3,98.6,Sesuai
972,Rizki azlina Putri,5,2026-09-05,bagus,Positif,Positif,98.2,98.2,1.7,Sesuai
973,Nabella Puspitasari,5,2026-09-05,Sanggat membatu,Positif,Positif,94.4,94.4,5.1,Sesuai
974,usuy myf,4,2026-09-05,"mohon di perbaiki lgi dan di permudah buat cara verifikasi nya , jgn sering² logout soalnya gak selama nya org hafal kata sandi terimakasih",Positif,Positif,61.6,61.6,36.9,Sesuai
975,JF ARKANA,1,2026-09-05,lemot sekali app ini... sekarang,Negatif,Negatif,69.5,29.6,69.5,Sesuai
976,Saya Ultraman,5,2026-09-05,"dipermudah woi login nya masa ngulang otp doang 300s, lu kira semua orang punya waktu luang kek lu",Positif,Negatif,80.3,18.8,80.3,🚨 Bintang 4-5 tapi Prediksi ML Negatif (Taktik Komplain)
977,zhurty teja,5,2026-09-05,Mantap,Positif,Positif,99.2,99.2,0.7,Sesuai
978,Muhammad Roni,5,2026-09-05,mantap,Positif,Positif,99.2,99.2,0.7,Sesuai
979,Andy Malerang,5,2026-09-05,sangat membantu,Positif,Positif,99.7,99.7,0.3,Sesuai
980,Diki Darma wijaya,4,2026-09-05,baguss pindah faskes tidak sulit,Positif,Positif,88.2,88.2,11.1,Sesuai
981,Basman Bas,1,2026-09-05,"aplikasi tolol sering eror,sudah antrian no 2 sampai RS malah dapet antrian no 10,tolol gak tu.dan juga sering log out sendiri,tolong di benahi",Negatif,Negatif,98.8,1,98.8,Sesuai
982,Adhytio sasmita chan,5,2026-09-05,mantap 👍👍👍,Positif,Positif,99.2,99.2,0.7,Sesuai
983,Dian Sopyan,5,2026-09-05,mantap,Positif,Positif,99.2,99.2,0.7,Sesuai
984,vvhy478,5,2026-09-04,cara mudah & cepat mengakses layanan kesehatan tanpa perlu antri.,Positif,Positif,97.2,97.2,2.7,Sesuai
985,Enni Rasel,5,2026-09-04,ok,Positif,Positif,51.5,51.5,45.6,Sesuai
986,Dharma Dwitunggal,5,2026-09-04,Terima kasih atas layanan kesehatan yang memudahkan untuk rakyat,Positif,Positif,98.4,98.4,1.5,Sesuai
987,Agus Sudi Kusuma,5,2026-09-04,mantap,Positif,Positif,99.2,99.2,0.7,Sesuai
988,SOPAN SOPYAN,5,2026-09-04,aplikasi membantu,Positif,Positif,97.6,97.6,2.3,Sesuai
989,andhika firmansyah,1,2026-09-04,gimana caranya kalo yg handphonenya masih tipe lama jadi gak bisa support apk hari ini saya mau daftarkan istri saya sakit gak bisa login2,Negatif,Negatif,83.9,15,83.9,Sesuai
990,Serli Labadjo,5,2026-09-04,"Sudah bagus, sangat memudahkan",Positif,Positif,99.7,99.7,0.3,Sesuai
991,Aprilia Katiandagho,1,2026-09-04,aplikasi tidak berguna,Negatif,Negatif,91.5,8.3,91.5,Sesuai
992,Yatty Yatty,1,2026-09-04,aplikasi eror,Negatif,Negatif,87.9,11.5,87.9,Sesuai
993,tami Rizki,5,2026-09-04,sesukses,Positif,Positif,84.5,84.5,13.7,Sesuai
994,Prida 75,5,2026-09-04,kok gak bisa di buka,Positif,Negatif,71.7,27.9,71.7,🚨 Bintang 4-5 tapi Prediksi ML Negatif (Taktik Komplain)
995,Yang terdholimi Oleh koruptor,1,2026-09-04,captcha muter muter terus,Negatif,Negatif,81.2,17.6,81.2,Sesuai
996,agista queen,2,2026-09-04,sudah 3hari belum dapat antrian keslahan terus,Negatif,Negatif,65.4,32.6,65.4,Sesuai
997,Ratih Rati,1,2026-09-04,sering ganguan waktu di butuhkan aneh.,Negatif,Negatif,78.6,20.5,78.6,Sesuai
998,Arga Febriyanto,2,2026-09-04,hemmm kurang memuaskan,Negatif,Positif,62.5,62.5,34.4,💡 Bintang 1-2 tapi Prediksi ML Positif (Pujian / Salah Klik)
999,TBR Racing,1,2026-09-04,aplikasi ssmpah waktu di butuhkan buat ke rumah sakit malah gak bisa masuk capcha nya loading terus tolong di perbaiki,Negatif,Negatif,83.7,16.1,83.7,Sesuai
1000,Rahmat Kurnianto,5,2026-09-04,ok,Positif,Positif,51.5,51.5,45.6,Sesuai
1001,arief ruwanda Jaya dinata,2,2026-09-04,mau login aja susah amat,Negatif,Negatif,97,2.6,97,Sesuai
1002,Rifki Agus,1,2026-09-04,"apk jembod , SMS gak dikirim kirim kemudian captcha gak bisa keluar keluar loading teross",Negatif,Negatif,96.8,3,96.8,Sesuai
1003,NIKMATUS SHOLIHAH,1,2026-09-04,"aplikasinya tolong diperbaiki selalu kendala daftar dan login suka buah, tolong diperbaiki karena menguji kesabaran banget kode otp tidak masuk, verifikasi wajah lama, capcha tidak muncul buat daftar aja sudah banget sampai 3 jam tidak selesai akhirnya menyerah karena capcha tidak muncul2 tapi butuh buat antrian, tolong dievaluasi lagi dan diperbaiki",Negatif,Negatif,96.4,3.4,96.4,Sesuai
1004,Nyai 0893,1,2026-09-04,"aplikasi buruk... tiap d butuhkan ga bisa d gunakan, mau daftar antrian berobat susah ny minta ampun alhasil ga kebagian trus antrian😭 gimana si ga ada perubahan sma sekali dri dulu",Negatif,Negatif,95.2,4.6,95.2,Sesuai
1005,Yudhistira,1,2026-09-04,"sering banget gangguan tengah malam, klo darurat kudu nunggu aplikasi bner dulu gitu?",Negatif,Negatif,90.7,7.7,90.7,Sesuai
1006,Aptria Vidiarta Putri,1,2026-09-04,"sering trouble, dahal ini aplikasi penting lho, kirain wifi atau kuota saya yg bermasalah ternyata aplikasi ini yg memang lagi sering terkendala. tolong ini bukan aplikasi penghibur seperti game tp ini aplikasi berurusan sama kesehatan!!!!",Negatif,Negatif,80.6,18.3,80.6,Sesuai
1007,oki andhika,1,2026-09-04,"Apadah aplikasi sering ngelag gajelas gini, Aplikasi kesehatan yang jadi prioritas masyarakat masa kalah sih kualitasnya ama aplikasi game bocil bocil yang lebih jarang ngelag. PERBAIKI lagi lah kualitas apknya huuuuu!!!",Negatif,Negatif,78.9,19.3,78.9,Sesuai
1008,Jack forsoc,1,2026-09-04,kecewa berat,Negatif,Negatif,76.4,21,76.4,Sesuai
1009,johanes sirken,5,2026-09-04,sangat membantu,Positif,Positif,99.7,99.7,0.3,Sesuai
1010,Fahlevi Andiska,3,2026-09-04,"Setiap login ulang, captcha nya lama munculnya, sering loss connection juga padahal koneksinya aman-aman aja kok...jujur itu yg bikin kesel, MAU BEROBAT MALAH DIPERSULIT... TOLONG DIPERBAIKI 🙏",Negatif,Negatif,94.7,4.8,94.7,Sesuai
1011,Ikhsan Suheri,3,2026-09-04,"Tolong diperbaiki lagi saya mau daftar online kenapa suka error mulu padahal jaringan bagus gak ada kendala, ini gimana sih suka menyusahkan rakyat saja saya ini orang yang kurang mampu malah di uji kesabaran nih sama aplikasi padahal saya punya saudara yang harus kontrol rutin",Netral,Negatif,92.1,6.9,92.1,Sesuai
1012,Moh Radit,3,2026-09-04,"aplikasinya udah bagus tapi pendaftarannya lama banget ada masalah ini lah itu lah,lemot banget,dan nguji kesabaran",Negatif,Negatif,71.2,26.1,71.2,Sesuai
1013,Dhani Febrianda,5,2026-09-04,good,Positif,Positif,98.5,98.5,1.3,Sesuai
1014,Alma Wanti,1,2026-09-04,amit amit BPJS skrg ternyata 1 akun jkn cuma buat 1 orang jd klo mau liat gambar kartu digital harus bikin per nama gila gasih negara Konoha makin dipersulit gila aja klo anggota keluarga ada 5 org ya bikin 5 akun gilaaaa,Negatif,Negatif,88.9,10.1,88.9,Sesuai
1015,Halwan yusup,1,2026-09-04,"aplikasi asu, verifikasi nomor susah verifikasi email juga susah amat. kalah Ama verifikasi judol",Negatif,Negatif,93.5,5.4,93.5,Sesuai
1016,Yeni Nuraeni,5,2026-09-04,sangat bagus layanan nya,Positif,Positif,99,99,0.9,Sesuai
1017,Retno Purwaningsih,5,2026-09-04,"Alhamdulillah, sangat membantu",Positif,Positif,99.1,99.1,0.8,Sesuai
1018,Zaen Cakep,5,2026-09-04,bagus,Positif,Positif,98.2,98.2,1.7,Sesuai
1019,Muhammad Akil,1,2026-09-04,"saya baru mau cek BPJS dan baru daftar tapi pas masukan nomor HP kode OTP tidak di kirim"" ke SMS sampek saya mintak kirim ulang kode OTP masih gak juga",Negatif,Negatif,93.3,5.7,93.3,Sesuai
1020,Zainal Arifin,5,2026-09-04,mantap,Positif,Positif,99.2,99.2,0.7,Sesuai
1021,margo utomo,5,2026-09-04,pelayan sangat baik,Positif,Positif,97.9,97.9,1.9,Sesuai
1022,Tutialawiyahh TutiAlawiyah,1,2026-09-04,tolol,Negatif,Negatif,88.9,10.5,88.9,Sesuai
1023,Yohannes Iswanto,5,2026-09-04,tanggap dan bagus,Positif,Positif,96.8,96.8,2.8,Sesuai
1024,Techno Memez,5,2026-09-04,sangat bagus,Positif,Positif,99,99,0.9,Sesuai
1025,Way Tif,1,2026-09-04,kode otp nya ga muncul muncul hapus aja apl kaya gini ga guna,Negatif,Negatif,96.7,3.2,96.7,Sesuai
1026,David Purnomo,1,2026-09-04,aplikasi terjelek sbntr di pengaruhi sbntr di perbarui akhirnya logout masuk lage bikin pusing,Negatif,Negatif,85.3,13.2,85.3,Sesuai
1027,Arta Yuliana,5,2026-09-04,mudah dipahami,Positif,Positif,88.5,88.5,10.9,Sesuai
1028,Febby Ola Cicilia,5,2026-09-04,sangat menawan dan bagus dan indah,Positif,Positif,98,98,1.8,Sesuai
1029,Laga Kumara,5,2026-09-04,"aplikasi gajelas saya mau verifikasi di muka gagal gagal mulu padahal sudah saya ulangin berkali kali tetap gabisa, sudah di tempat terang ga pake aksesoris tetep gabisa, ini sengaja tak kasih bintang 5 biar di baca!!",Negatif,Negatif,97,2.7,97,🚨 Bintang 4-5 tapi Prediksi ML Negatif (Taktik Komplain)
1030,RENDY SAPUTRA,2,2026-09-04,"Aplikasi nya semakin update, semakin buruk tiba2 keluar sendiri dan CHAPTA ngga jelas tulisannya chapta gampang dibikin susah",Negatif,Negatif,97.6,2.2,97.6,Sesuai
1031,Barokah Farm,1,2026-09-04,"aplikasi cacat, logout sendiri mau login sudah 3 hari gak bisa masuk , otp gak dikirim2 , sudah tau kalau rujukan rumah sakit harus online. bosok. tolong ditanggapi.",Negatif,Negatif,96.7,3,96.7,Sesuai
1032,Teguh Widodo,1,2026-09-04,aplikasinya sangat susah untuk orang tua. untuk menerima SMS harus punya pulsa,Negatif,Negatif,78.6,19.8,78.6,Sesuai
1033,Randipurba1990,5,2026-09-04,baiksekaliboskuh,Positif,Positif,51.5,51.5,45.6,Sesuai
1034,Dewisri widowati,1,2026-09-04,"apa apa di persulit heran, mau verifikasi aja susah banget setan",Negatif,Negatif,95.9,3.7,95.9,Sesuai
1035,Arif Hidayat,5,2026-09-04,"Saya ucapkan Terimakasih banyak, dengan adanya program BPJS ini sangat membantu sekali.",Positif,Positif,99.5,99.5,0.5,Sesuai
1036,Putra F Hia,5,2026-09-04,bagus,Positif,Positif,98.2,98.2,1.7,Sesuai
1037,Asih 10,3,2026-09-04,apknya susah banget pas baru daftar katanya buat mempermudah tapi malah di persulit,Netral,Negatif,79.3,18.1,79.3,Sesuai
1038,DIDIK KN,5,2026-09-04,memudahkan transaksi,Positif,Positif,88.7,88.7,10.6,Sesuai
1039,Dwi Zahra Valerina,3,2026-09-04,"salah banget pilih metode verifikasinya pakai SMS, harus pakai pulsa",Netral,Negatif,79.8,17.5,79.8,Sesuai
1040,Trio Yadiwinata,5,2026-09-04,josssss,Positif,Positif,93.8,93.8,5.8,Sesuai
1041,Ma Nik,5,2026-09-04,TOP dan memudahkan,Positif,Positif,98.5,98.5,1.4,Sesuai
1042,Mochammed Zakaria Yahya,1,2026-09-04,kenapa ya pas mau daftar dipersulit sama captcha nya yang gak mau keluar meskipun pakai jaringan apapun?,Negatif,Negatif,94.8,5,94.8,Sesuai
1043,Nisa Arta,5,2026-09-04,memuaskan sangat sangat,Positif,Positif,94.2,94.2,5.1,Sesuai
1044,Josua Turnip,1,2026-09-04,"pendaftarannya susah, harus verifikasi setiap kolom, dah gitu verifikasi susah kali",Negatif,Negatif,93.6,5.9,93.6,Sesuai
1045,Azka Saputra,5,2026-09-04,bagus dan membantu juga,Positif,Positif,99.6,99.6,0.4,Sesuai
1046,Sela Arianja,5,2026-09-04,Mantap,Positif,Positif,99.2,99.2,0.7,Sesuai
1047,Sudahnan Bintang,5,2026-09-04,bagus,Positif,Positif,98.2,98.2,1.7,Sesuai
1048,Sriaja Nyoman,5,2026-09-04,mantap,Positif,Positif,99.2,99.2,0.7,Sesuai
1049,Monica Novena Sinaga,5,2026-09-04,sudah lebih baik,Positif,Positif,78.4,78.4,20.1,Sesuai
1050,Yulida,1,2026-09-04,tolol,Negatif,Negatif,88.9,10.5,88.9,Sesuai
1051,JB5 BANYUWANGI,5,2026-09-04,bagus membantu sekali,Positif,Positif,99.3,99.3,0.6,Sesuai
1052,Tatang Sutisna,5,2026-09-04,respon cepat dan mudah,Positif,Positif,99.1,99.1,0.9,Sesuai
1053,Khanza Askyana,5,2026-09-04,sangat puas sekali memudahkan pelanggan,Positif,Positif,98,98,1.7,Sesuai
1054,Ebenezer Maharadja Official,5,2026-09-04,lebih nyaman juga pake aplikasi mobile jkn,Positif,Positif,72.4,72.4,26.3,Sesuai
1055,Dani Irpan,1,2026-09-04,otp gak dapet dapet,Negatif,Negatif,87.4,11.6,87.4,Sesuai
1056,Wahyu Hendry,1,2026-09-04,"kalau harus update dan perangkat tidak kompatibel, hal ini sangat merugikan peserta JKN karna tidak semua orang mampu membeli/memiliki perangkat yg kompatibel",Negatif,Negatif,77.6,18.5,77.6,Sesuai
1057,Josua Manggaratua,5,2026-09-04,ok,Positif,Positif,51.5,51.5,45.6,Sesuai
1058,Chorinda Triwidyastara,1,2026-09-04,APLIKASI BOBROKK DEVELOPER TOLOL KALO BELUM SIAP BIKIN APL GAUSA BIKIN TOLOL. GINI AMAT APL DARI PEMERINTAH,Negatif,Negatif,92.7,6.8,92.7,Sesuai
1059,Wa Ode Harnisa,5,2026-09-04,saya sangat suka pelayanan disini,Positif,Positif,84.4,84.4,14.7,Sesuai
1060,Din Din,1,2026-09-04,"kacaw kacaw, tiga hari nunggu otp berkali kali kirim ulang dengan nomor yang berbeda beda, sama sekali gak muncul sms/wa/telpon, dikit dikit eror padahal jaringan lancar banget, emang semua aplikasi plat merah kaya gini?, dana kan banyak coba di evaluasi buat tim developer yang berkompeten,",Positif,Negatif,82.8,15.1,82.8,Sesuai
1061,Roni Kurniawan,1,2026-09-04,woy betulin tuh apk jangan logout Mulu bangsat !!!,Negatif,Negatif,75.8,21,75.8,Sesuai
1062,Mami Idaman,2,2026-09-04,kena ga bisa di downlod Ama Vivo y19,Negatif,Negatif,73,25.6,73,Sesuai
1063,Agung Danwood,5,2026-09-04,oke siap aplikasi nya,Positif,Positif,87.1,87.1,12.5,Sesuai
1064,ksatria kampoeng,5,2026-09-04,simple dan praktis,Positif,Positif,95.5,95.5,4.1,Sesuai
1065,Tama Arga,1,2026-09-04,verifikasi otp baik nomer hp ataupun email susahnya minta ampun,Negatif,Negatif,96.2,3.5,96.2,Sesuai
1066,julyan,1,2026-09-04,verifikasi nomor handphone gak bisa teros!,Negatif,Negatif,85,13.9,85,Sesuai
1067,faisal rifani,1,2026-09-04,"kalau bisa verifikasi no hp hilangkan aja,saya gak ada no hp,mau beli kartu lagi tapi disini gak ada sinyal,saya pakai wifi,jadi mau daftar di app ini gak bisa jadi app ini gak bisa dipakai alias gak berguna",Negatif,Negatif,92.3,7.3,92.3,Sesuai
1068,Bagus Saputro,1,2026-09-04,daftar jkn ggal trs pulsanya ada nomer sudah bner semua data aakurat tp tetap ditolak,Negatif,Negatif,83.6,14.7,83.6,Sesuai
1069,Salfiati,1,2026-09-04,"mau daftar verivikasi no hp susah bgt,sudah dicoba beberapa kali ngga jadi"" padahal mau buat daftar online buat kontrol",Negatif,Negatif,95.2,4.2,95.2,Sesuai
1070,Rahmat Efendi,4,2026-09-04,👍,Positif,Positif,51.5,51.5,45.6,Sesuai
1071,wiki marta kusuma,5,2026-09-04,mantap,Positif,Positif,99.2,99.2,0.7,Sesuai
1072,Abay Thea,1,2026-09-04,aplikasi p A,Negatif,Positif,51.5,51.5,45.6,💡 Bintang 1-2 tapi Prediksi ML Positif (Pujian / Salah Klik)
1073,Ayah Yahya LUBIS,5,2026-09-04,Bagus sangat membantu,Positif,Positif,99.8,99.8,0.2,Sesuai
1074,suranto sastrosudarmo,5,2026-09-04,"aplikasi sangat membantu, dan memudahkan peserta BPJS",Positif,Positif,99.7,99.7,0.3,Sesuai
1075,Uunge Kewode,5,2026-09-04,Sangat membantu sekali,Positif,Positif,99.8,99.8,0.2,Sesuai
1076,Hiburan & Petualangan,5,2026-09-04,ternyata mobile jkn menggunakan os wajibnya versi 10. mohon dibantu untuk masyarakat pengguna mobile jkn yang masih menggunakan os wajib dibawah versi 10. agar dapat berobat dan mendaftar via mobile jkn. terima kasih admin. 🙏 Recommended 👍,Positif,Positif,88.3,88.3,11.4,Sesuai
1077,dicky ono,1,2026-09-04,kalau bisa sulit kenapa harus dipermudah,Negatif,Negatif,70.5,28.1,70.5,Sesuai
1078,Aditya P P,3,2026-09-04,"gangerti lagi deh pas butuh mesti suka logout, terus chaptanya error, pas pilih faskes lalu poli dan milih tanggal malah datanya gabener, bilang pilih jam kerja lain padahal pilihannya udah muncul, aneh deh servernya benerin dong, aplikasi bagus terkendala mulu dah",Positif,Negatif,74.7,24.7,74.7,Sesuai
1079,Chandra Budiyanto,1,2026-09-04,"sangat buruk, login gagal terus nik salah",Negatif,Negatif,95.4,4.2,95.4,Sesuai
1080,Fauzan Muhamad,5,2026-09-04,apk mudah digunakan dan sangat membantu,Positif,Positif,99.8,99.8,0.2,Sesuai
1081,Aditya Armando,1,2026-09-04,"apk tolol orang mau berobat pun harus online online! apa guna suster"" sama perawat di tempat? udah apk lelet maksa suruh orang online gblk. mikir orang sakit di suruh daftar online",Negatif,Negatif,97.4,2.5,97.4,Sesuai
1082,Wahyu Hidayat,1,2026-09-04,"tolong apknya di perbaiki bugnya dan di tingkatin lagi dah, masa mau verifikasipun di persulit. mau verifikasi pakai sms keteranganya nomor kosong padahal saat saya daftar apknya pakai nomor yang sama tidak ada masalah sama sekali, lalu mau pakai verifikasi mukapun selalu gagal loh mana yang mau di vermuk itu kakek saya yang sudah lansia.",Negatif,Negatif,96.5,2.9,96.5,Sesuai
1083,Reva Permana,5,2026-09-04,sangat membantu,Positif,Positif,99.7,99.7,0.3,Sesuai
1084,Yoghi Rahaditya,2,2026-09-04,captcha antara angka 1 dan 7 mirip jadi gak jelas,Negatif,Negatif,85.7,13.5,85.7,Sesuai
1085,Zahra Adinda,2,2026-09-04,di upgrade bukannya tambah bagus. malah tambah parahhh,Negatif,Negatif,74.9,23.9,74.9,Sesuai
1086,Rio Septian,1,2026-09-04,"Server dibenerin dong, masa dibilang offline padahal lagi online pas mau dftr antrean",Negatif,Negatif,89.7,9.4,89.7,Sesuai
1087,Manda Yulya,2,2026-09-04,lagi buru buru mau mindahin faskes BPJS malah susah banget buat dapet otp ke sms,Negatif,Negatif,90.8,8.2,90.8,Sesuai
1088,Nia Aj,4,2026-09-04,sangat sangat membantu,Positif,Positif,99,99,0.9,Sesuai
1089,Azkiya Khanza Mikayla,5,2026-09-04,membantu sekali,Positif,Positif,99,99,1,Sesuai
1090,Sri Wijayanti,5,2026-09-04,bagus,Positif,Positif,98.2,98.2,1.7,Sesuai
1091,allan aldy,5,2026-09-04,sangat membantu,Positif,Positif,99.7,99.7,0.3,Sesuai
1092,Hodaizin WH,1,2026-09-04,kenapa hp saya tidak bisa mendowlod aplikasi ini,Negatif,Negatif,83.5,16.3,83.5,Sesuai
1093,Agus Hermawan,5,2026-09-04,sangat membantu,Positif,Positif,99.7,99.7,0.3,Sesuai
1094,Ika Susanto,5,2026-09-04,okeee,Positif,Positif,97.4,97.4,2.4,Sesuai
1095,Muhammad Iqbal,1,2026-09-04,aplikasi eror,Negatif,Negatif,87.9,11.5,87.9,Sesuai
1096,diah ira,5,2026-09-04,Fast Respon 👍🏻,Positif,Positif,89.6,89.6,9.3,Sesuai
1097,Teddy Mizward,5,2026-09-04,ini sengaja bngt EMG kalian ya apa2 yg menyangkut masyarakat selalu di bikin susah.saya yg tidak gaptek aja kesusahan mau logging.kbnyakan dramanya.gmn org2 tua yg kurang mengerti.fikir dong jgn bisa nya mempersulit aja kalian ini.mkin kesini bukanya mkin bagus mlh mkin busuk!!,Positif,Negatif,77,21.6,77,🚨 Bintang 4-5 tapi Prediksi ML Negatif (Taktik Komplain)
1098,Riefit Herifitri,3,2026-09-03,susah banget mau daftar ferivikasinya,Netral,Negatif,92.6,6.5,92.6,Sesuai
1099,Arik Sajah,5,2026-09-03,Sangat membantu,Positif,Positif,99.7,99.7,0.3,Sesuai
1100,Kathrin Yessie,1,2026-09-03,"versinya telah diperpaharui, tapi membuat saya pusing, krn tidak busa mendownload versi yg terbaru ini. katanya ""Perangkat anda tidak kompatibel dengan versi ini"". padahal dulu tidak begini 😣 masak harus beli Hp baru yg RAM yg lebih bagus lagi, hanya utk bisa mendownload jkn, parah sih ini.",Negatif,Negatif,88.7,8.7,88.7,Sesuai
1101,PASCKAL VICKY TAMBINGON,1,2026-09-03,Info Riwayat Pelayanan Tidak Bisa di Aksess,Negatif,Negatif,48.9,48.9,48.9,Sesuai
1102,fikram daialang,5,2026-09-03,bermanfaat bagi semua warga indonesi.,Positif,Positif,90.8,90.8,8.2,Sesuai
1103,Kevin krisan,2,2026-09-03,tolong di perbaiki juga apk nya sering error pas mau pendaftaran dan juga kalau dokter nya cuti di apk pas di Samper ada dong itu juga di perbaiki,Negatif,Negatif,79.8,19.6,79.8,Sesuai
1104,Errief Wibowo,5,2026-09-03,"SYSTEM MINTA DI UPDATE, TAPI KETIKA DILAKUKAN UPDATE DI HP SELALU GAGAL",Positif,Negatif,54.3,44.2,54.3,🚨 Bintang 4-5 tapi Prediksi ML Negatif (Taktik Komplain)
1105,Mamat Sujana,5,2026-09-03,memunculkan di layar hp?,Positif,Positif,58,58,40.2,Sesuai
1106,Didik 022021,5,2026-09-03,oke,Positif,Positif,97.4,97.4,2.4,Sesuai
1107,abangk Boncell,1,2026-09-03,aplikasi tolol disuruh buat akun giliran verifikasi nomer hp ga dapet smsnya tolol tolol,Negatif,Negatif,97.7,2,97.7,Sesuai
1108,Hengky Kemal,4,2026-09-03,Sangat membantu masyarakat,Positif,Positif,97.7,97.7,2.2,Sesuai
1109,dede usman,5,2026-09-03,sangat membantu dan bisa cek di aplikasi detail rekam medis,Positif,Positif,91.1,91.1,8.2,Sesuai
1110,Pridan Nur_,1,2026-09-03,sumpah ini apk ga jelas banget verifikasi no Hp aja susah banget,Negatif,Negatif,98.9,1,98.9,Sesuai
1111,Alvino keynan Askara,3,2026-09-03,kurang memuaskan . susah bgt mau daftar online ke faskes 1 gagal terus,Netral,Negatif,87,12.5,87,Sesuai
1112,abdul nurdin,5,2026-09-03,mantap...,Positif,Positif,99.2,99.2,0.7,Sesuai
1113,Nesya asyfa,4,2026-09-03,"aslinya bagus mempermudah juga tapi klo mau daftar antrian itu kadang agak susah kadang bisa kadang engga aku mau daftar aja tiba"" gabisa karna nomor kesehatan nya gaada pdhl jelas"" udah terdaftar dan udah tertera tapi pas di klik malah ga muncul hari ini lagi di butuhin banget malah ga bisa ini gimana sih, TOLONG DI PERBAIKI",Positif,Negatif,88.7,11.1,88.7,🚨 Bintang 4-5 tapi Prediksi ML Negatif (Taktik Komplain)
1114,Lian Suroi,4,2026-09-03,"mudah untuk digunakan, update datanya lebih cepat tidak menunggu sampai besok hari data bisa dirubah",Positif,Positif,90.5,90.5,9.1,Sesuai
1115,Selfi Rinzani,3,2026-09-03,"aplikasi nyh bagus membantu memudhkan kita untuk mengambil antrian atau pun mengetahui terkait jadwal² kita kontrol, namun perlu di perhatikan aplikasi ini sangatt sangatt menguras kesabaran kami!! akun kami sering logout sendiri harus login kembali padahal sudah beberapa kali di loginkan hingga banyak kendala akun kami tidak bisa masuk di karenakan nomber telpon tidak sama dengan no bpjs lah, sandi salah lah dan lain sebagainyh pdahal baru saja minggu kemarin kami betulkan akun nyh!!!!!!!!!!!!!",Netral,Negatif,88.9,10.1,88.9,Sesuai
1116,Novita Ajja,1,2026-09-03,tidak bisa di download,Negatif,Negatif,86.6,13.2,86.6,Sesuai
1117,saturnus,1,2026-09-03,ini login gabisa kenapa emangnya ya? kesalahan mulu padahal sinyal lancar udah daftar juga..,Positif,Negatif,75.1,24.2,75.1,Sesuai
1118,Awalin Ayudya,4,2026-09-03,cukup memudahkan,Positif,Positif,91.4,91.4,8.1,Sesuai
1119,Yoko Chaerudin,1,2026-09-03,apk busuk. verifikasi aja susah banget ga bisa2. malah jadi menyusahkan masyarakat,Negatif,Negatif,97.3,2.4,97.3,Sesuai
1120,Hamdi Chemistry,1,2026-09-03,"MW daftar aja repot , bolak balik gagal Mulu",Negatif,Negatif,92.6,6.5,92.6,Sesuai
1121,Lailatur Rohmah,1,2026-09-03,katanya kalau mau pengaduan bisa wa di pandawa sudah wa dan di kasih link pas mau isi di segmen peserta nya ternyata tidak bisa diisi keterangan nya (tidak ada pilihan) pas tak isi tulisan manual juga tidak bisa bagaimana ini admin kok ribet sekali tolong dong 🙏 saya sudah berkali kali tapi hasilnya selalu muter2 katanya suruh di link a trus pindah di link b ujung2nya tidak ada titik terang nya saya ingin masuk tapi nomor saya sudah di pakai orang lain tp siapa saya tidak tau bgmn sy mau msk,Negatif,Negatif,94.8,4.5,94.8,Sesuai
1122,Jutta Agung,1,2026-09-03,susah masuk,Negatif,Negatif,89.6,9.8,89.6,Sesuai
1123,Abdul Mujib,1,2026-09-03,"selalu logout, menyusahkan.",Negatif,Negatif,84.1,14.7,84.1,Sesuai
1124,chendik_ 87 chanel,1,2026-09-03,"aplikasi apa ini..dulu bagus,, sekarang entah lah..verifikasi SMS suruh mencoba lagi..",Positif,Negatif,75.9,23.3,75.9,Sesuai
1125,Satria Puji,5,2026-09-03,sangat membantu,Positif,Positif,99.7,99.7,0.3,Sesuai
1126,Ayah Fajar,5,2026-09-03,good,Positif,Positif,98.5,98.5,1.3,Sesuai
1127,Riky Putra minang,5,2026-09-03,sangat membantu,Positif,Positif,99.7,99.7,0.3,Sesuai
1128,Kartika Tika,5,2026-09-03,lebih mudah,Positif,Positif,96.4,96.4,3.4,Sesuai
1129,Muhammad Johan,5,2026-09-03,bagus,Positif,Positif,98.2,98.2,1.7,Sesuai
1130,Titha didi,5,2026-09-03,aplikasi yang memudahkan orng seperti saya,Positif,Positif,84.7,84.7,14.5,Sesuai
1131,Fayat Zabihullah,1,2026-09-03,ini saya nunggu kode OTP butuh berapa jam biar dikirim? apk jelek,Negatif,Negatif,97.4,2.4,97.4,Sesuai
1132,Ahmad fahmi,5,2026-09-03,ok,Positif,Positif,51.5,51.5,45.6,Sesuai
1133,Seknas 2019,5,2026-09-03,josjis,Positif,Positif,83.6,83.6,14.5,Sesuai
1134,Yeremias Yeri,5,2026-09-03,sangat memuaskan,Positif,Positif,96.7,96.7,2.9,Sesuai
1135,Ir.james James Erland,5,2026-09-03,Semoga bertambah baik pelayanan di setiap Rumah Sakit dan Puskemas atau setiap faskes untuk kami pengguna BPJS,Positif,Positif,89.5,89.5,10.2,Sesuai
1136,Honda Supra fit,5,2026-09-03,hanya bintang yg berbicara,Positif,Positif,82.3,82.3,15.7,Sesuai
1137,Selvi Ariga,5,2026-09-03,sangat memudahkan dalam pelayanan kesehatan,Positif,Positif,99.4,99.4,0.6,Sesuai
1138,Dede Sukmayadi,5,2026-09-03,mantap,Positif,Positif,99.2,99.2,0.7,Sesuai
1139,Suardi,1,2026-09-03,"di 2026 ini aplikasi nya cukup kuno ,ribet bgt tiap kali mau masuk aja ,tolong",Negatif,Negatif,91.7,7.4,91.7,Sesuai
1140,Badai Satria,2,2026-09-03,dulu aman2 sja dan normal. sekarang mau login saja susah. padahal ngisi kata sandi dan no nik sudah benar. captcha juga sudah benar. l..,Negatif,Negatif,93.5,5.3,93.5,Sesuai
1141,Surya Surya,1,2026-09-03,"halo tim IT JKN Mobile kenapa saya tidak daftar ya pas masukin nomor telepon ""permintaan belum dapat di proses"" apa coba",Negatif,Negatif,92.6,6.9,92.6,Sesuai
1142,Dea Ananda,5,2026-09-03,baik,Positif,Positif,81,81,18.5,Sesuai
1143,Supp,1,2026-09-03,"Aplikasi burukk, Tidak bisa login saat verifikasi kode oto lewat sms. sudh mencoba ganti nomor berkali-kali-kali-kali. tetap tidak bisa! aplikasi sangat buruk dan tidak membantu! 🤢🤢🤢🤮",Negatif,Negatif,97.2,2.7,97.2,Sesuai
1144,Nova Herdiana Herdiana,1,2026-09-03,setiap mau daftar keklinik error terus tolong di perbaiki lagi aplikasinya,Negatif,Negatif,93.2,6.4,93.2,Sesuai
1145,Sion Yon,5,2026-09-03,bagus,Positif,Positif,98.2,98.2,1.7,Sesuai
1146,Balak Tiga,5,2026-09-03,mantap👍,Positif,Positif,99.2,99.2,0.7,Sesuai
1147,celcius mugara,1,2026-09-03,"apk sampah udah daftar berhasil buat login pun susah , nih apk buatnya ngasal ngasal kali padahal udah bener password sama masukin captchanya masih aja gagal masuk. tolonglah buat developernya perbaiki tuh bug aplikasinya masa banyak bug, udah daftar berhasil saya buat masuk login engga bisa sama sekali.",Negatif,Negatif,98.7,0.9,98.7,Sesuai
1148,Pepen Supendi,5,2026-09-03,Cukup Puas,Positif,Positif,95.9,95.9,3.8,Sesuai
1149,Elsa Ayu,1,2026-09-03,"aplikasi gebleg, mau masuk ke akun susahnya pol, apalagi kalau lupa password, gak bisa masuk² sampe berhari-hari.. bener² aplikasi kek anjir..",Negatif,Negatif,95.8,3.4,95.8,Sesuai
1150,Nasidin Sidin,5,2026-09-03,bagus,Positif,Positif,98.2,98.2,1.7,Sesuai
1151,Tela Pisang,1,2026-09-03,aplikasi belum optimal padahal aplikasi warga registrasi pun di persulit dan susah selalu gagal payah ni,Negatif,Negatif,90.1,9,90.1,Sesuai
1152,Makmur Jaya abadi,5,2026-09-03,mudah menggunakannya membantu sekali,Positif,Positif,99.7,99.7,0.3,Sesuai
1153,Ria Pus,1,2026-09-03,"aplikasi cacat sumpah , saya ambil anterian di dokter A , dokter A slesai bertugas ny smpe 14:30 , sya ambil di jam 13:30 dan sya dpt no antrian ke dokter A tsb , eh pas ksana no antrian tiba2 hilang , dan dokter A dstu ket sudah ttp , gw cpe2 ksna dsruh prawat nya ambil lagi aja , kan bobrok ya , ya gmn mau ambil dokter yg bru ny ada di jam 14:30 , sdg kan sya udh sbr nunggu di jam 13:30 , it brrt gw musti nnggu 1 jam lgi , tlong lh siapa yg ngelola in apk jgn dzolim , kta byr tiap bln bkn grts",Negatif,Negatif,82.4,16.3,82.4,Sesuai
1154,Ainun Heri,5,2026-09-03,mantap pelayannya,Positif,Positif,98,98,1.8,Sesuai
1155,MUCHTIAR TIAR,5,2026-09-03,Sangat bagus & berguna sekali buat masyarakat dlm berobat 👍,Positif,Positif,97.8,97.8,2,Sesuai
1156,Wilhelmus Fransiskus23,5,2026-09-03,sangat membantu,Positif,Positif,99.7,99.7,0.3,Sesuai
1157,Niti Safitri,3,2026-09-03,pelayanan sudah baik,Netral,Positif,90.7,90.7,9.1,Sesuai
1158,Anonim -,1,2026-09-03,"APLIKASI PEMERINTAH TIDAK PERNAH BAGUS, SELALU BANYA ERRORNY, SEDANGKAN PERSYARATAN LEWAT APLIKASI, PEMERINTAH BOBROK",Negatif,Negatif,88.6,11.1,88.6,Sesuai
1159,Haikal Putra,5,2026-09-03,🥰,Positif,Positif,51.5,51.5,45.6,Sesuai
1160,khoirun nisa,5,2026-09-03,baik baik terima kasih,Positif,Positif,96.1,96.1,3.6,Sesuai
1161,Ekadui Trisna,5,2026-09-03,sangat membantu,Positif,Positif,99.7,99.7,0.3,Sesuai
1162,andy pongok,5,2026-09-03,aplikasi yang sangat membantu,Positif,Positif,97.8,97.8,2.2,Sesuai
1163,Susanti,5,2026-09-03,"saya sangat puas selama di rawat du rumah sakit m zein ini, karena fasilitas nya lengkap dan ruangan nya bersih",Positif,Positif,92.3,92.3,7.2,Sesuai
1164,My Bhy,5,2026-09-03,bagus,Positif,Positif,98.2,98.2,1.7,Sesuai
1165,Isti Baru,5,2026-09-03,memudahkan,Positif,Positif,92.5,92.5,7.3,Sesuai
1166,Rizky,1,2026-09-03,apk nya sampah ngga bisa membantu....stiap kirim kode via no hp kode ngga pernah di kirim2 sudah saya coba sampai 3 no hp berbeda tapi tetap aja sama aja bilang apk nya dari pemerintah tapi merpersulit orng untuk akses pdahal saya butuh banget buat control ke rumah sakit,Negatif,Negatif,91.3,8.3,91.3,Sesuai
1167,Afriyanto Subakti,1,2026-09-03,kenapa saya tidak bisa mendownload apk ini????,Negatif,Negatif,72.4,26.5,72.4,Sesuai
1168,Husaini Muhammad,5,2026-09-03,cepat dan responsif,Positif,Positif,97.4,97.4,2.3,Sesuai
1169,Sulham Musa,4,2026-09-03,mohon di permudah,Positif,Positif,79.1,79.1,20.4,Sesuai
1170,galih suyoga,5,2026-09-03,oke,Positif,Positif,97.4,97.4,2.4,Sesuai
1171,Mulyadi Sukses,5,2026-09-03,sangat terbantu,Positif,Positif,99.7,99.7,0.3,Sesuai
1172,rukhana habibah,5,2026-09-03,"Aplikasi jauh lebih baik, mudah penggunaanya",Positif,Positif,89.8,89.8,9.7,Sesuai
1173,Alshaka Dlpp,5,2026-09-03,"sudah bagus,dan banyak membantu",Positif,Positif,98.8,98.8,1.1,Sesuai
1174,Cinthia IndraswAri,5,2026-09-03,ok,Positif,Positif,51.5,51.5,45.6,Sesuai
1175,El Syaukani,5,2026-09-03,keren,Positif,Positif,94.2,94.2,5.4,Sesuai
1176,Rahmat Wijaya Ariya,5,2026-09-03,ok si,Positif,Positif,51.5,51.5,45.6,Sesuai
1177,Mohammad Danny Arwonda,5,2026-09-03,mudah dan cepat,Positif,Positif,99.2,99.2,0.8,Sesuai
1178,Dw Ray,5,2026-09-03,Bagus,Positif,Positif,98.2,98.2,1.7,Sesuai
1179,Zaka Ria,5,2026-09-03,mantap,Positif,Positif,99.2,99.2,0.7,Sesuai
1180,Wes,1,2026-09-03,"kenapa ya ini apk ga di buka buka suka log out sendiri,kasian kalo ortu kita mau booking harus log in lagiiii apa lagi ortu kita yg ingatannya kuranggggggg jelek bgt aplikasi yaaaaaaaa👎👎👎👎👎👎👎👎👎👎👎👎👎",Negatif,Negatif,97.5,2.2,97.5,Sesuai
1181,Mamay Suhe,1,2026-09-03,menyusahkan engga semua punya hp bagus,Positif,Negatif,56.2,43.3,56.2,Sesuai
1182,nazwa aulia,1,2026-09-03,kode otw ga keluar,Negatif,Negatif,84.6,14.4,84.6,Sesuai
1183,April Yana,5,2026-09-03,sangat membantu,Positif,Positif,99.7,99.7,0.3,Sesuai
1184,Hanan Indria,5,2026-09-03,ok,Positif,Positif,51.5,51.5,45.6,Sesuai
1185,Bafa Foti,5,2026-09-03,sangat mudah sistem informasi dan layanannya👌🏻,Positif,Positif,93.6,93.6,6.1,Sesuai
1186,Galih,1,2026-09-03,apk nya rusak ini. mau masuk akun dari bulan kemaren ga bisa bisa kagak jls 👎👎👎👎👎👎👎👎👎👎,Negatif,Negatif,93.4,5.9,93.4,Sesuai
1187,Kasiran Drs,5,2026-09-03,Download melalui Play Store memang lebih cepat dari yang lain...,Positif,Positif,76.3,76.3,22.6,Sesuai
1188,Ha mid,5,2026-09-03,👍🙏,Positif,Positif,51.5,51.5,45.6,Sesuai
1189,nuansa teknik,5,2026-09-03,fine,Positif,Positif,51.5,51.5,45.6,Sesuai
1190,Zul Hapni,5,2026-09-03,sangat bagus dan membantu.,Positif,Positif,99.8,99.8,0.2,Sesuai
1191,Novita Nurul,1,2026-09-03,"di suruh rubah data, trs verifikasi no hp, tpi ga ada pilihan yg muncul, terlalu ribet",Negatif,Negatif,90.4,9,90.4,Sesuai
1192,Rizka Apriyani,2,2026-09-03,"udah 3hari daftar pas minta otp gak sampe² sms nya, mau sampe kapan begini",Negatif,Negatif,93.8,5.2,93.8,Sesuai
1193,Alezha Veyling,2,2026-09-03,"apps nya di perbaiki dong, load data lama banget pas mau daftar antrian.. lama bgt daftar nya load kebuka nya juga berat.. padahal kenceng internet nya",Negatif,Negatif,83.3,15.5,83.3,Sesuai
1194,Aden Bt,5,2026-09-03,bagus,Positif,Positif,98.2,98.2,1.7,Sesuai
1195,Ai Aiminah,1,2026-09-03,"aplikasi gjls jelek bgt suka log out sendiri pas mau daftar, setiap ci loading bgt, proses lambat sekali meski pake kuota sendiri juga jelek, pelayanan informasi kurang",Negatif,Negatif,97.3,2.6,97.3,Sesuai
1196,Wali Maulana,1,2026-09-03,cape cape antri malah error dasar apk gak jelas,Negatif,Negatif,94,5.6,94,Sesuai
1197,Agus Syaefullah,5,2026-09-03,knp d hp sy tak bisa download,Positif,Positif,53.1,53.1,44.3,Sesuai
1198,Mugniati Muhamad,5,2026-09-03,bagus,Positif,Positif,98.2,98.2,1.7,Sesuai
1199,Sutini Sutini,4,2026-09-03,"maaf ni ya, kenapa verifikasi nya lama banget, dan gagal2 terus. saya mau daftarin orang tua log in pendaftaran aja tidak bisa.",Positif,Negatif,81.9,17.2,81.9,🚨 Bintang 4-5 tapi Prediksi ML Negatif (Taktik Komplain)
1200,Lutfi Hasan,5,2026-09-03,bagus sekali program ini,Positif,Positif,95.7,95.7,3.6,Sesuai
1201,won gi kim,5,2026-09-03,keren,Positif,Positif,94.2,94.2,5.4,Sesuai
1202,Fitri Ana Zubaidah,5,2026-09-03,mudah digunakan,Positif,Positif,97.4,97.4,2.6,Sesuai
1203,Fikriyatul Hikmah,1,2026-09-03,"hah!! bingung mau ngasih saran, lemotnyaaaa masya Alloh beberapa waktu ini, mau daftar poli kagak bisa bisa, malah masalah jaringan mulu 😤",Negatif,Negatif,79.7,18.6,79.7,Sesuai
1204,Lustiana Maharani,3,2026-09-03,"aplikasi nya ga stabil, sering gangguan KLO mau di pake ada jaringan pun masih tetep di anggap offline giliran bisa,transaksi nya ga bisa di proses begitu terus padahal kita mau brobat",Netral,Negatif,84.6,13.7,84.6,Sesuai
1205,Ry Ry,2,2026-09-03,"kenapa sih aplikasi keluar keluar Mulu???? udah masuk nya selalu salah Capcha, padahal sudah bener. padahal mau di pake berobat. aplikasi gak jelas",Negatif,Negatif,98.4,1.4,98.4,Sesuai
1206,Ismi Dian,5,2026-09-03,bagus,Positif,Positif,98.2,98.2,1.7,Sesuai
1207,Candra p,1,2026-09-03,"aplikasi monyet. kaga bisa bikin aplikasi mah jangan anjig, repotin orang doang. monyet",Negatif,Negatif,87,12,87,Sesuai
1208,Gadiza Bunga,1,2026-09-03,aplikasi jelek. Untuk login aja susah. perbaiki lagi lah ajg,Negatif,Negatif,94.6,4.6,94.6,Sesuai
1209,Lela Zigqim,5,2026-09-03,puas sekali,Positif,Positif,93.4,93.4,5.7,Sesuai
1210,Muhammad Ubaidillah,1,2026-09-03,RIBET,Negatif,Negatif,95.8,3.9,95.8,Sesuai
1211,Deyanti Krismayanti,5,2026-09-03,sangat membantu,Positif,Positif,99.7,99.7,0.3,Sesuai
1212,Mat Patas,5,2026-09-03,membantu,Positif,Positif,97.6,97.6,2.3,Sesuai
1213,Obie Radhe,5,2026-09-03,sangat mudah untuk di gunakan dan simple,Positif,Positif,99.2,99.2,0.8,Sesuai
1214,Febri Yandi,5,2026-09-03,sangat membantu sekali,Positif,Positif,99.8,99.8,0.2,Sesuai
1215,Amik Yakin,5,2026-09-03,sangat membantu sekali agar lebih memudahkan,Positif,Positif,99.6,99.6,0.4,Sesuai
1216,Dewi Julianiputri,5,2026-09-03,aman kalau ada aplikasi tinggal sat set,Positif,Positif,79.7,79.7,18.6,Sesuai
1217,Mariana Bahari,5,2026-09-03,bpjs sangat membantu saya setiap saya butuhkan untuk berobat.,Positif,Positif,93.5,93.5,6.1,Sesuai
1218,rozaq punya,1,2026-09-03,pilih tahun lahir SULIT,Negatif,Negatif,66.8,31.2,66.8,Sesuai
1219,Giri Rasmuna,1,2026-09-03,menyusahkan masuk tidak simple,Negatif,Negatif,73.8,25.5,73.8,Sesuai
1220,Niki Oppo,3,2026-09-03,"Setelah maintenance kemarin tgl 31 agustus-1 september 2026, sama sekali tidak bisa dibuka selalu logout, bgmn ini setelah ada perawatan malah error tdk bisa dibuka",Netral,Negatif,88.7,10,88.7,Sesuai
1221,Yusuf Nurmawan,5,2026-09-03,Kemenkes&jkn mantebs,Positif,Positif,69.9,69.9,27,Sesuai
1222,Syahrul Rama Pratama,5,2026-09-03,mudah digunakan dan informatif,Positif,Positif,98,98,1.8,Sesuai
1223,ridwan maulana,5,2026-09-03,Berguna banget untuk daftar kesehatan,Positif,Positif,79.1,79.1,20.2,Sesuai
1224,Muhammad abu bakar Azdril,5,2026-09-03,sangat baik,Positif,Positif,96.4,96.4,3.4,Sesuai
1225,derywie 85,5,2026-09-03,ok,Positif,Positif,51.5,51.5,45.6,Sesuai
1226,Khar Nis,5,2026-09-03,mantap,Positif,Positif,99.2,99.2,0.7,Sesuai
1227,Sugianto Mas Togog,5,2026-09-03,"bagus, bermanfaat",Positif,Positif,98.2,98.2,1.6,Sesuai
1228,Setio Budi,5,2026-09-03,bagus,Positif,Positif,98.2,98.2,1.7,Sesuai
1229,Imam Syafe'i AlTanjabi,5,2026-09-03,oke,Positif,Positif,97.4,97.4,2.4,Sesuai
1230,Sumarni Sumarni,5,2026-09-03,mantap,Positif,Positif,99.2,99.2,0.7,Sesuai
1231,Hana Sulistiya,1,2026-09-02,susah banget buat verifikasinya tolong benahin dong ini urgent mau kontrol ga depat dapet verifikasi,Negatif,Negatif,90.2,8.8,90.2,Sesuai
1232,Santo Sileo,5,2026-09-02,"mobile jkn mantap,semakin memudahkan pelayanan konsumen",Positif,Positif,98.4,98.4,1.4,Sesuai
1233,Ratu Bogor,1,2026-09-02,"Kenapa akun kita sering tiba-tiba keluar, diklaim digunakan di device lain. padahal tidak ada yg pakai, password nya pun ga ada yg tahu. dan semua anggota keluarga, saya yg mendaftarkan. BPJS mau mempermudah konsumen atauau mempersulit sih?",Negatif,Negatif,82.9,16.4,82.9,Sesuai
1234,Wasis Nuriyanto,2,2026-09-02,"BPJS sungguh ribet,,apalagi kalau orang sudah tua masuk capca salah salah trus kan kasian,,kalau sudah terdaftar no KTP dan nik,,tolong di permudah",Negatif,Negatif,88,10.8,88,Sesuai
1235,Galih Ardhani,1,2026-09-02,Saya semalem sakit... Karna punya riwayat batu ginjal.. sakit nya bukan main... Brobat d IGD... Ternyata BPJS saya gak bisa d gunakan padahal aktif... Katanya BPJS itu d gunakan kalau pasien udah kronis....percuma dong bayar tiap bulan... Tp BPJS d gunakan ketika mau mati doang kasaranya... Aneh bener bener aneh... Punya fasilitas kesehatan tp gak bisa d gunakan... Alhasil harus bayar 293 ribu... Jujur iklas gak iklas sih... Byar BPJS tiap bulan giliran sakit musti ngluarin duit jga....,Negatif,Negatif,92.6,7,92.6,Sesuai
1236,ariel everthink,1,2026-09-02,"""Data jadwal tidak di temukan"" Apa maksudnya, rujukan sudah terdaftar, tujuan poli, doktor tanggal hari sesuai rujukan, rumah sakit sudah terdaftar, mengapa tidak bisa mengambil no antrian online, apa fungsinya jika harus mengambil manual lagi di rumah sakit!!!!!!",Negatif,Negatif,89.8,9.9,89.8,Sesuai
1237,Getrudis Nona,5,2026-09-02,susahhhhh banget buat login ampun dahhh,Positif,Negatif,83.4,15.5,83.4,🚨 Bintang 4-5 tapi Prediksi ML Negatif (Taktik Komplain)
1238,Man Kaji (Summma),5,2026-09-02,"aplikasi sangat membantu,",Positif,Positif,98.8,98.8,1.2,Sesuai
1239,Muhammad Ilham Fatawa,1,2026-09-02,"entah apk apa, kualitasnya ga jelas.",Negatif,Negatif,95.4,4.4,95.4,Sesuai
1240,Abdul Mun'im,5,2026-09-02,bagus banget semoga bermanfaat,Positif,Positif,99.3,99.3,0.6,Sesuai
1241,Nuriyanti Anty,5,2026-09-02,sangat membantu,Positif,Positif,99.7,99.7,0.3,Sesuai
1242,Sumardi Wiryo,5,2026-09-02,sangat berguna dengan kemudahan dalam penggunaan aplikasi dalam satu sistem .untuk pelayanan data kesehatan.. terimakasih,Positif,Positif,97.5,97.5,2.4,Sesuai
1243,Senja Permana,1,2026-09-02,"Maintenance nya kurang, ga efektif. Aplikasi online kan dibuat bertujuan untuk sat set. Tapi ini aplikasi sering eror lah, lemot lah.",Negatif,Negatif,87.3,11.8,87.3,Sesuai
1244,Kun Fayakun,5,2026-09-02,Sangat membantu untuk berobat ketika lupa bawa kartu BPJS kesehatan.,Positif,Positif,95.9,95.9,3.8,Sesuai
1245,Satini Tini,2,2026-09-02,gak bisa untuk dua atau lebih perangkat padahal peserta tidak harus dalam satu tempat di keluarga mohon di perbaiki supaya memudahkan user,Negatif,Negatif,62.4,37,62.4,Sesuai
1246,Firda Yeni,5,2026-09-02,sudah bagus dan sangat mendukung,Positif,Positif,98.5,98.5,1.4,Sesuai
1247,Agung Bayu,1,2026-09-02,"Sekarang, bayar BPJS kena biaya ADMIN",Negatif,Negatif,74.5,23.7,74.5,Sesuai
1248,Zulfikar,5,2026-09-02,sangat berguna sekali,Positif,Positif,94.6,94.6,4.9,Sesuai
1249,Rio Primanda,5,2026-09-02,sangat bagus,Positif,Positif,99,99,0.9,Sesuai
1250,Iqbal Balee,5,2026-09-02,lebih mudah menggunakan apk ini terbaikkk,Positif,Positif,97.5,97.5,2.5,Sesuai
1251,Yanwar ha.,1,2026-09-02,"fitur verifikasi nya benerin, mana susah terus lama lagi ga jelas lah",Negatif,Negatif,84.5,14.4,84.5,Sesuai
1252,Yana Adhi Riyadi,5,2026-09-02,masih cukup baik,Positif,Positif,93.2,93.2,6.4,Sesuai
1253,Adem Ayem,5,2026-09-02,"tidak berbelit belit disaat up date data pribadi dan saat pandangan pertama berobat petugas faskes 1 baik2 dan ramah2, tks",Positif,Positif,73.3,73.3,24.9,Sesuai
1254,Bhirawa 188,1,2026-09-02,"aplikasi ngentod gaguna, devoloper nya goblok yatim, kalo gak bisa buat aplikasi gausah buat. kode otp gak masuk² sering eror terus pas masuk buat akun malah gagal gagal melulu YAHTEMMM",Negatif,Negatif,99.6,0.4,99.6,Sesuai
1255,Muji Ita,5,2026-09-02,👍👍👍👍👍,Positif,Positif,51.5,51.5,45.6,Sesuai
1256,Joko Riyanto,5,2026-09-02,memudahkan untuk antri,Positif,Positif,91.3,91.3,8.2,Sesuai
1257,Sabrul Jamil Transporter,5,2026-09-02,semoga lebih bagus layanannya kedepan,Positif,Positif,98.3,98.3,1.5,Sesuai
1258,Winda Fitriana,4,2026-09-02,kadang cepet kadang lambat,Positif,Positif,50.3,50.3,48.3,Sesuai
1259,Ali Akbar,5,2026-09-02,digitalisasi dilayanan kesehatan,Positif,Positif,94.3,94.3,5.4,Sesuai
1260,Justin Padafing,4,2026-09-02,sangat Berguna Bagi Masyarakat pengguna,Positif,Positif,93.3,93.3,6.4,Sesuai
1261,nuryanta hadiwiyono,5,2026-09-02,terima kasih,Positif,Positif,95.5,95.5,4.3,Sesuai
1262,Diversa Ghofar,5,2026-09-02,pelayanan ramah ..baik..cepat,Positif,Positif,95.8,95.8,4,Sesuai
1263,Janaria Lubis,4,2026-09-02,mantap,Positif,Positif,99.2,99.2,0.7,Sesuai
1264,Maratus Sholehah,4,2026-09-02,"sementara kasih bintang 4 dulu soalnya loginnya susah sekali, padahal PIN password nik sudah benar tapi selalu bilang salah bilang salah terus",Positif,Negatif,82.8,16,82.8,🚨 Bintang 4-5 tapi Prediksi ML Negatif (Taktik Komplain)
1265,Anggi Anggara,5,2026-09-02,sangat mudah di akses,Positif,Positif,97.2,97.2,2.7,Sesuai
1266,arif mustaqiem,5,2026-09-02,sangat mudah diakses,Positif,Positif,98.1,98.1,1.8,Sesuai
1267,Matinu Sumartini,5,2026-09-02,mantap,Positif,Positif,99.2,99.2,0.7,Sesuai
1268,FAB,1,2026-09-02,"suka logout sendiri, udah gitu waktu mau login di persulit dengan sandi dan nik yang katanya salah mulu, bahkan nomor telepon saya tidak valid.",Negatif,Negatif,94.1,5.1,94.1,Sesuai
1269,Amelda prima,5,2026-09-02,Sangat bermanfaat dan membantu para peserta BPJS kesehatan,Positif,Positif,99.4,99.4,0.5,Sesuai
1270,Raysa Hayu,4,2026-09-02,"app jkn sangat membantu saya pindah faskes dengan mudah, tapi masih gak sinkron padahal saya sudah kk baru dg suami masa kk saya msih terfmdftar kluarga orag tua saya..jadi saya tidak masuk ke bpjs brsama suami saya tolong di perbaik",Positif,Positif,84.8,84.8,14.5,Sesuai
1271,Mestika Florida Situmorang,3,2026-09-02,mau nya kasihan lah sama masyarakat yang gak pandai pakai hp android. gak mungkin krn gak ada hp gak bisa dilayani. mau nya ditunjukan kartu kan harusnya bisa. masyarakat dipaksa buat harus punya hp. sedangkan semua belum tentu punya hp dan bisa menggunakannya seperti orang tua.,Netral,Negatif,83.6,15.4,83.6,Sesuai
1272,Rio Dwirahmadi,1,2026-09-02,APK pemerintah rata rata bobrok.. mau daftar ajh gak bisa bisa.. haduuh,Negatif,Negatif,94.4,5.2,94.4,Sesuai
1273,Tobias Taur,5,2026-09-02,sangat membantu,Positif,Positif,99.7,99.7,0.3,Sesuai
1274,HUSAINI Husaini,5,2026-09-02,oke,Positif,Positif,97.4,97.4,2.4,Sesuai
1275,Faisal Cahaya,5,2026-09-02,digunakan dgn sangat mudah dan membantu,Positif,Positif,99.6,99.6,0.4,Sesuai
1276,Windi Eka Wijayanti,2,2026-09-02,"kenapa aplikasinya sering susah buat login sih, tolong perbaiki lagi",Negatif,Negatif,78.2,20.1,78.2,Sesuai
1277,pinnahati Silalahi,5,2026-09-02,mantap,Positif,Positif,99.2,99.2,0.7,Sesuai
1278,Yuliana,5,2026-09-02,bagus,Positif,Positif,98.2,98.2,1.7,Sesuai
1279,Nikomang Sutriningsih,2,2026-09-02,"Tolong dong sy mau cek no. antrian tapi susah skali masuk NIK lah salah, Captcha salah,dari siang sampe malam nggak bisa2 padahal besok sdh mau kontrol gimana bisa cek in kontrol klo kek gini terus... kita diarahkan untuk daftar online tp aplikasinya eror terus",Negatif,Negatif,97.5,2.2,97.5,Sesuai
1280,izzabella maulina,1,2026-09-02,"kenapa pas mau login susah banget di verifikasi nomor handphone, padahal jaringan bagus dan nomor sudah benarr hadehhhh",Positif,Negatif,61.7,37.6,61.7,Sesuai
1281,Yandi Supri,5,2026-09-02,sangat memuaskan,Positif,Positif,96.7,96.7,2.9,Sesuai
1282,Mnane Mnane,5,2026-09-02,good,Positif,Positif,98.5,98.5,1.3,Sesuai
1283,Fatih Rm,5,2026-09-02,ok,Positif,Positif,51.5,51.5,45.6,Sesuai
1284,Angga Resnawan,1,2026-09-02,"jelek banget, disuruh verifikasi kode lewat SMS tapi pesannya gak masuk masuk",Negatif,Negatif,97,2.7,97,Sesuai
1285,Dikdik Maulana,1,2026-09-02,susah verifikasi muka ..ulangi terus,Negatif,Negatif,90.3,8.5,90.3,Sesuai
1286,Bromo Satria,5,2026-09-02,sangat membantu,Positif,Positif,99.7,99.7,0.3,Sesuai
1287,Eka Karya April Yanto,5,2026-09-02,Sangat membatu,Positif,Positif,99.7,99.7,0.3,Sesuai
1288,Wisnu Wardana,5,2026-09-02,mantap,Positif,Positif,99.2,99.2,0.7,Sesuai
1289,suibasanta simorangkir,5,2026-09-02,deskripsi melakuka Perubahan anggota Keluarga sangan Mudah,Positif,Positif,91,91,8.7,Sesuai
1290,Sakdila Dewi,1,2026-09-02,"wajib aplikasi bebenah,intropeksi ,permudah fitur nya,karna pengguna bukan hanya remaja,gadis .melaikan ibu2,anak2,nenek2 .paham kam",Negatif,Positif,52.5,52.5,45.8,💡 Bintang 1-2 tapi Prediksi ML Positif (Pujian / Salah Klik)
1291,Kiang Santang,5,2026-09-02,sangat membantu,Positif,Positif,99.7,99.7,0.3,Sesuai
1292,wikan asmara,4,2026-09-02,sering sulit jika mendaftar untuk hari ini.. servernya. semoga ada perbaikan.. eror terus kalau daftar hari ini..,Positif,Positif,54.5,54.5,43.9,Sesuai
1293,gar fit,5,2026-09-02,mudah digunakan,Positif,Positif,97.4,97.4,2.6,Sesuai
1294,Kurnia Wahyu13,2,2026-09-02,"Aplikasinya ga jelas, ga bisa diupdate malah ada tulisannya (Aplikasi ini tidak kompatibel dengan perangkat anda)",Negatif,Negatif,97.4,2.1,97.4,Sesuai
1295,alvin nugraha,1,2026-09-02,aplikasi keluar2 sendiri,Negatif,Negatif,79.3,19,79.3,Sesuai
1296,Nisa Azzahra,5,2026-09-02,apk ini sangat membantu untuk perubahan data jadi cepat ga perlu kemana mana,Positif,Positif,97.5,97.5,2.5,Sesuai
1297,Semi neni,5,2026-09-02,terima kasih,Positif,Positif,95.5,95.5,4.3,Sesuai
1298,Surya Adiputra,1,2026-09-02,"HADEHHHHH INI SAYA MAU BEROBAT MAU CEK BPJS MAU DAFTAR ONLINE RIBET NYAA, Disuruh nungguin verifikasi sampe 5 menit gada nyangkut ke sms telpon wa maunya apa si? ini karyawannya pada kemana apa emang ten go semua? dirumah lagi gada siapa siapa cuma bisa andelin apk ini gimana coba HAHHH?!!!!",Negatif,Negatif,96.6,3.2,96.6,Sesuai
1299,Wahyuni Wally,1,2026-09-02,aplikasi ribet,Negatif,Negatif,94.5,5,94.5,Sesuai
1300,Yuyun Wahyuningsih,5,2026-09-02,"kesulitan mengetik angka di captca sewaktu daftar, mohon dipermudah, khususnya pada Lansia, hampir putus asa, terimakasih",Positif,Positif,74.5,74.5,24.2,Sesuai
1301,Boedy Rumba,4,2026-09-02,sangat membantu,Positif,Positif,99.7,99.7,0.3,Sesuai
1302,Zahra Zahra,1,2026-09-02,server sibuk mulu tolol banget,Negatif,Negatif,80.6,17.7,80.6,Sesuai
1303,amrih juliarti,5,2026-09-02,mudah digunakan dan sangat membantu,Positif,Positif,99.9,99.9,0.1,Sesuai
1304,Jibril Paku Ril Risdiyanto,5,2026-09-02,smtara ok,Positif,Positif,51.5,51.5,45.6,Sesuai
1305,ALISHA KHAIRA WILDA,5,2026-09-02,good,Positif,Positif,98.5,98.5,1.3,Sesuai
1306,Jhiko Andrianto,1,2026-09-02,kenapa no Tlfn saya tidak ada keluar no verifikasi saat mau daftar peserta baru di Apk JKN,Negatif,Negatif,87.5,12.2,87.5,Sesuai
1307,Muhammad Rifgi rahman,1,2026-09-02,"mau daftar di persulit, dari dulu daftar ga bisa² ngestuck di kode otp tlp, padahal no tlp nya aktif dan lagi di pake, tapi kode otp ga pernah ada di SMS.",Negatif,Negatif,97.9,1.8,97.9,Sesuai
1308,Juwaeriyah,5,2026-09-02,terimakasih JKN memudahkan prosedur pengobatan saya dan sangat membantu bagi saya yang pengguna BPJS,Positif,Positif,99.2,99.2,0.7,Sesuai
1309,Toni Eri,5,2026-09-02,sangat membantu,Positif,Positif,99.7,99.7,0.3,Sesuai
1310,Mursalin Mdr,1,2026-09-02,"ini kenapa dah sedang offline mulu, jaringan buat buka aplikasi lain yg jauh lebih berat bisa² aja, g jelas ni aplikasi",Negatif,Negatif,72.9,25.6,72.9,Sesuai
1311,Mc. ARVADY CHHYKSMH,1,2026-09-02,"1. Rujukan Tgl 11 & Kontrol 12 September itu Sabtu✅ 2. Saya ingin BerKunjung RumahSakit Hari Selasa TGL 15. 3. Ketika Saya MengGeser Hari Nya Si Aplikasi Bodoh Malah Bilang “ Tidak Sesuai Tanggal Kontrol❗” 4. Jangankan 15, Tgl 14 Pun Kaga Bisa*. Tolong Benerin Hal Sepele Kaya Gini Yakk~ Makasih.",Negatif,Negatif,83,15.1,83,Sesuai
1312,Agung Prakoso,5,2026-09-02,sangat bermanfaat,Positif,Positif,98.7,98.7,1.2,Sesuai
1313,lismarni 15,2,2026-09-02,hari ini jkn error tidak bisa ambil antrian online,Negatif,Negatif,82.8,16.7,82.8,Sesuai
1314,Mirna Otto,4,2026-09-02,"pelayanannya bagus, dokternya ramah",Positif,Positif,97.2,97.2,2.5,Sesuai
1315,Fhafa Ahurayazda,2,2026-09-02,Setiap buka kok harus log in lagi,Negatif,Negatif,89.7,9.5,89.7,Sesuai
1316,Agus Gunawan,5,2026-09-02,pelayanan mantap dan bagus,Positif,Positif,99.4,99.4,0.5,Sesuai
1317,Yunia Chelsea aqila,1,2026-09-02,"aplikasi ini suka tiba tiba log out sendiri udah di download ulang tapi masih tetep ga bisa masuk ke aplikasi nya, tolong dong di perbaiki lagi, lagi urgent mau berobat aplikasi nya ga bisa masuk nih,,, mana klinik saya ga bisa daftar manual mesti pake aplikasi jkn untuk daftar ...",Negatif,Negatif,98.9,1,98.9,Sesuai
1318,Sugeng Pujiono,5,2026-09-02,perawatan yg kami terima cukup baik dgn respon yg cepat,Positif,Positif,97.4,97.4,2.5,Sesuai
1319,Dana Abdul Rohman,5,2026-09-02,mudah dan praktis cepat dan akurat,Positif,Positif,99.6,99.6,0.4,Sesuai
1320,Deta yoewono,1,2026-09-02,Otp gamasuk masuk,Negatif,Negatif,79.4,18.3,79.4,Sesuai
1321,jack khozack,5,2026-09-02,semoga membantu,Positif,Positif,98.3,98.3,1.6,Sesuai
1322,AFM - Putra Albendry,5,2026-09-02,mudah jelas dan cepat,Positif,Positif,94.9,94.9,5,Sesuai
1323,Setiawan Susantoso Situmorang,5,2026-09-02,mantaplah,Positif,Positif,99.2,99.2,0.7,Sesuai
1324,Hedwina 0103,5,2026-09-02,mantap,Positif,Positif,99.2,99.2,0.7,Sesuai
1325,setiawan doni,1,2026-09-02,"verifikasi ribet gagal gagal terus , buat aplikasi gak bisa di gunain",Negatif,Negatif,96.6,3.2,96.6,Sesuai
1326,Muhammad Arya Fadilah,1,2026-09-02,"aplikasi sampah,ga berguna di update lagi software nya ga bergerak sama sekali ini ga berguna sama sekali",Negatif,Negatif,95.6,4.2,95.6,Sesuai
1327,Farhan Fatih,5,2026-09-02,MANTABSSSS,Positif,Positif,51.5,51.5,45.6,Sesuai
1328,Yoke Damayanti,1,2026-09-02,masa susah buat daftar nya,Negatif,Negatif,84.8,14.2,84.8,Sesuai
1329,Kadek Okta,5,2026-09-02,sangat bagus,Positif,Positif,99,99,0.9,Sesuai
1330,Faya Titan,5,2026-09-02,terimakasih,Positif,Positif,92.5,92.5,7,Sesuai
1331,Lalang Noviyanto,1,2026-09-02,sedih...pengen daftar aja ngga tau brp hari masalah sepele di otp..servernya kalah sama server judol🤦🤦🤦...ko bisa ya...Brasa Kya orang ngemis² jadinya,Negatif,Negatif,94,5.3,94,Sesuai
1332,Agus Subekan,5,2026-09-02,mudah di akses dan perubahan data langsung update bulan depan,Positif,Positif,88.5,88.5,11.1,Sesuai
1333,fajar syahyudin,1,2026-09-02,"tolol aplikasi tolol,,mintak kode otp dari nmor telpon nggak bisa2 udah lebih seminggu di ulang2 daftar nya ngk bisa2.",Negatif,Negatif,94.2,4.8,94.2,Sesuai
1334,Firdaus,1,2026-09-02,daftar aja susah banget udah 3 hari GK bisa² aneh GK jelassss,Negatif,Negatif,98.3,1.6,98.3,Sesuai
1335,Yogi Memey,1,2026-09-02,aplikasi Sampah.tiap mau ambil antrian selalu keterangan transaksi belum dapat diproses. aplikasi tolol. gimana kalau gawat darurat,Negatif,Negatif,96.2,3.7,96.2,Sesuai
1336,Keling Gregetno,5,2026-09-02,mantab,Positif,Positif,99.2,99.2,0.7,Sesuai
1337,Zaqi Noreng,5,2026-09-02,sangat membantu,Positif,Positif,99.7,99.7,0.3,Sesuai
1338,Putri Khana,5,2026-09-02,baik,Positif,Positif,81,81,18.5,Sesuai
1339,Abdullah Baba,2,2026-09-02,mau masukan nope malah lama gak nyampe² otp nya,Negatif,Negatif,96.4,3.1,96.4,Sesuai
1340,Selly Nurilhamy,1,2026-09-02,bpjs sudah di bayar bulan agustus dam september tunggakan masih tidak di update dan bpjs jadi non aktif mau lapor pandawa gabisa menunya stuck di log. saya bayar yaa bukan gratisan bpjs jarang saya pake tapi saya rutin bayar ini tiba2 ga ke auto debit pas udh di bayaar malah ga aktif bpjs saya. edan,Negatif,Negatif,79.5,15.5,79.5,Sesuai
1341,Moh Nafies,5,2026-09-02,good,Positif,Positif,98.5,98.5,1.3,Sesuai
1342,Marwan Yakob,1,2026-09-02,"Repot BPJS, saat anda beda faskes gak mau terima, Contoh FASKES JAKARTA yg dimiliki, Namun saat posisi sedang di daerah tidak berguna/Tidak bisa...!!!",Negatif,Negatif,69.2,29.9,69.2,Sesuai
1343,Adi Putra,2,2026-09-02,kenapa yg untuk versi android 9 gak bisa ya,Negatif,Negatif,88.3,10.7,88.3,Sesuai
1344,Darurai Urat,5,2026-09-02,error bug dan loading keterusan tolong dibenahi setiap mau berobat jkn silakan coba lagi .jadi daftar manual,Positif,Negatif,65.7,32.6,65.7,🚨 Bintang 4-5 tapi Prediksi ML Negatif (Taktik Komplain)
1345,Yohana Mardiana,5,2026-09-02,"bagus banget,dan sangat membantu,jadi pindah faskes lebih mudah dengan aplikasi mobile JKN ni",Positif,Positif,99.7,99.7,0.2,Sesuai
1346,sylvia megha,5,2026-09-02,kereen sih sekarang memudahkan banget buat apa apa. bisa lewat online tanpa antre panjang.,Positif,Positif,69.5,69.5,29.4,Sesuai
1347,Alby Mbi,5,2026-09-02,bagus,Positif,Positif,98.2,98.2,1.7,Sesuai
1348,Nunung Budi,5,2026-09-02,mantap pokokonya. .,Positif,Positif,99.2,99.2,0.7,Sesuai
1349,bakul KING chanel,1,2026-09-02,aplikasi yang belum siap di gunakan tapi di paksa di gunakan,Negatif,Negatif,51,48.2,51,Sesuai
1350,Khadee,5,2026-09-02,Alhamdulillah memudahkan berobat di faskes yg dilayani oleh bpjs kesehatan. sangat terbantu.,Positif,Positif,99,99,0.9,Sesuai
1351,Richard Tuwaidan,5,2026-09-02,keren aplikasinya,Positif,Positif,91.8,91.8,7.3,Sesuai
1352,Mohammad Muhsin,3,2026-09-02,mau daftar berobat disuruh verifikasi no hp tidak bisa,Netral,Negatif,89.4,10.2,89.4,Sesuai
1353,Nur Rahmat,3,2026-09-02,"seharusnya apk ini sudah sangat membantu , tetapi kalau bisa kode OTP yg di kirimkan ke peserta lebih baik lewat WhatsApp saja , kalau lewat SMS kadang lambat , atau ada user yg kartunya sudah mati 🙏🙏",Positif,Positif,55.6,55.6,43.8,Sesuai
1354,tumijan bae,5,2026-09-02,"Baru memindahkan faskes dari bagasari Karawang ke puskesmas mengwi III,pelayanan sangat mudah dan memuaskan, terima kasih untuk semuanya",Positif,Positif,99.3,99.3,0.6,Sesuai
1355,Yulius Akiranto,5,2026-09-02,bagus,Positif,Positif,98.2,98.2,1.7,Sesuai
1356,Hikmah Hikmah,5,2026-09-02,sangat membantu,Positif,Positif,99.7,99.7,0.3,Sesuai
1357,wahyuki.14 kii,1,2026-09-02,"MASUKIN NOMOR TELFON AKTIF,GILIRAN UDAH DI MASUKIN NOMOR TELFON EROR,GA BISA NERIMA KODE OTP,BIKIN RIBET!",Negatif,Negatif,97.3,2.3,97.3,Sesuai
1358,Khodijah Khodijah,1,2026-09-02,"tiba tiba ke logout sendiri. mau masuk lagi susah, keterangan nomer hape dan email tidak terdaftar",Negatif,Negatif,97.5,2.1,97.5,Sesuai
1359,Muhamad Sidik,5,2026-09-02,sangat cepat dan membantu,Positif,Positif,99.4,99.4,0.6,Sesuai
1360,Luthfi King,5,2026-09-02,"Aplikasi nya bagus, dan mudah di fahami.. dan juga tdk ada kendala sama sekali",Positif,Positif,89.1,89.1,10.6,Sesuai
1361,imran opj,3,2026-09-02,"tidak bisa mengirim otp,padahal mau pake rehab buat bayar tunggakan",Netral,Negatif,87.5,9.8,87.5,Sesuai
1362,Iwan Saad,5,2026-09-02,aplikasi yang bagus,Positif,Positif,90.6,90.6,9.1,Sesuai
1363,Mariska Dewi Sandra,5,2026-09-02,Saya daftar bikin akun mobile jkn knp keterangannya tanggal lahir tidak sesuai bpjs? Padahal udh sesuai🤔 mohon pencerahannya,Positif,Negatif,70.2,28.3,70.2,🚨 Bintang 4-5 tapi Prediksi ML Negatif (Taktik Komplain)
1364,setyawan dwijo susilo,5,2026-09-02,mudah dalam mengakses,Positif,Positif,91.2,91.2,8.3,Sesuai
1365,Bayu Sulistyotomo,5,2026-09-02,ok,Positif,Positif,51.5,51.5,45.6,Sesuai
1366,jayadi arifin,5,2026-09-02,para petugasnya ramah dlm melakukan pelayanan...terima kasih BPJS Kab. Mamasa🙏,Positif,Positif,97.1,97.1,2.6,Sesuai
1367,Kabks Havha,5,2026-09-02,aplikasi bagus dan layanan dari pukesmas nya bagus dan baik,Positif,Positif,99.6,99.6,0.4,Sesuai
1368,Muhamad Ali La Haru,5,2026-09-02,terbaik,Positif,Positif,81,81,18.5,Sesuai
1369,Rifki ramadani,5,2026-09-02,sangat mempermudah dalam berobat,Positif,Positif,97.9,97.9,2,Sesuai
1370,Agus Susilo,5,2026-09-02,ok banget,Positif,Positif,51.5,51.5,45.6,Sesuai
1371,Mochamad agus sanusi,5,2026-09-02,bagus,Positif,Positif,98.2,98.2,1.7,Sesuai
1372,Puji Yati,3,2026-09-02,bagus,Positif,Positif,98.2,98.2,1.7,Sesuai
1373,Hibatul Wafi,1,2026-09-02,ngk berguna masa saat registrasi no hp banyak kendalanya jaringan eror lh itu lh padhal sinyal bagus dan no hp dh betul tapi ada aja ganguan nya,Positif,Positif,72.2,72.2,26.8,💡 Bintang 1-2 tapi Prediksi ML Positif (Pujian / Salah Klik)
1374,Emel Usa,1,2026-09-02,Ga guna,Negatif,Negatif,81.7,18,81.7,Sesuai
1375,Ade Suryani,4,2026-09-02,baru gabung,Positif,Negatif,58.9,39.6,58.9,🚨 Bintang 4-5 tapi Prediksi ML Negatif (Taktik Komplain)
1376,Windi Cahaya,1,2026-09-02,gak. bisa di download,Negatif,Negatif,86.6,13.2,86.6,Sesuai
1377,Ver Dian,1,2026-09-02,"mau daftar aja susah., kode otp gak masuk""., pake nmr smartfren gak bisa"" udh ganti 2 kali nmrnya. . perbaiki dong essss!!",Negatif,Negatif,98.9,1.1,98.9,Sesuai
1378,Setiadi,5,2026-09-02,mantap,Positif,Positif,99.2,99.2,0.7,Sesuai
1379,Zira Nisa,5,2026-09-02,bagus,Positif,Positif,98.2,98.2,1.7,Sesuai
1380,Rizky Cerdas,5,2026-09-02,simpel,Positif,Positif,71.3,71.3,26.8,Sesuai
1381,bais bahar,5,2026-09-02,Terima kasih layananx. cepat satpamx ramah,Positif,Positif,98.6,98.6,1.3,Sesuai
1382,Faisal Akbar,5,2026-09-02,"aplikasi memang sangat membantu,tapi tolong permudah lah cara login dan daftar,bagai mana anda membantu kalau aplikasinya susah login.",Negatif,Positif,57.6,57.6,41.7,Sesuai
1383,Salsabil Alhilaliyah,1,2026-09-02,capca udh bner no hp bner nik bner ttp aja gk bisa login apk buruk bgt,Negatif,Negatif,96.8,2.8,96.8,Sesuai
1384,Shania Indra rismaya,1,2026-09-02,maaf kenapa bpjs sekarang ada debt collwctornya sampai bikang temannya oadahal gak punya teman,Negatif,Negatif,75.2,22.5,75.2,Sesuai
1385,mamo kusnadi,5,2026-09-02,semoga bermanfaat,Positif,Positif,98,98,1.7,Sesuai
1386,Windy Arum Sari,4,2026-09-02,bagus,Positif,Positif,98.2,98.2,1.7,Sesuai
1387,Cornelius D,1,2026-09-02,SUKA LOGOUT SENDIRI SUSAH LOGIN PERBAIKI BUNG!!! THANKS,Negatif,Negatif,83.1,16.2,83.1,Sesuai
1388,sujarwo,5,2026-09-02,ok,Positif,Positif,51.5,51.5,45.6,Sesuai
1389,Arlina Maswar,1,2026-09-02,"setiap mau login gagal terus, ribet aplikasi ini, tidak membantu",Negatif,Negatif,94.5,5.2,94.5,Sesuai
1390,Nod Dhoni,1,2026-09-02,tiap bulan ke logout sendiri,Negatif,Negatif,92.6,6.8,92.6,Sesuai
1391,Yusup Supriadi,5,2026-09-02,membantu,Positif,Positif,97.6,97.6,2.3,Sesuai
1392,Junaidi Manaf (Junaidi SE),1,2026-09-02,susah banget verifikasi data,Negatif,Negatif,81.5,17.5,81.5,Sesuai
1393,"aldi pong,s",1,2026-09-02,aplikasi banyak masalah gajelas kalo dibuka lola,Negatif,Negatif,79.2,19.1,79.2,Sesuai
1394,Jejen Pratama,1,2026-09-02,ga niat verivikasi otp ga bisa,Negatif,Negatif,97.6,2.2,97.6,Sesuai
1395,Fitriani Ayunda Fitriani Ayunda,5,2026-09-02,RS terbaik di layani dg baik,Positif,Positif,89.5,89.5,10.2,Sesuai
1396,Febri Aditya Ramadhan luas,1,2026-09-02,pelayanan rumah sakit jadi semakin lama dengan aplikasi ini,Negatif,Positif,55.2,55.2,44.2,💡 Bintang 1-2 tapi Prediksi ML Positif (Pujian / Salah Klik)
1397,Intania Ramadhanti,1,2026-09-02,eror terus,Negatif,Negatif,93.7,6,93.7,Sesuai
1398,Azure,1,2026-09-02,"terlalu banyak yg perlu diperbaiki, bukannya mempercepat, malam memperlambat, tolong dikembangkan lebih baik, maintenance mulu ga ada perkembangan",Negatif,Negatif,69.3,30,69.3,Sesuai
1399,Sandi Na,5,2026-09-02,membantu,Positif,Positif,97.6,97.6,2.3,Sesuai
1400,Rio Adi,1,2026-09-02,sering error,Negatif,Negatif,96.9,2.9,96.9,Sesuai
1401,Beyes,1,2026-09-02,"Error mulu heran, udah bener pakai Jaksehat, malah dipaksa pindah ke sini.",Negatif,Negatif,94.5,5.1,94.5,Sesuai
1402,SAHRIUDIN UDIN,5,2026-09-02,baik,Positif,Positif,81,81,18.5,Sesuai
1403,Voor You,1,2026-09-02,error terus. Perbaikilah. Kan setiap orang berobat pakai ini. Tolonglah jgn sering error.,Negatif,Negatif,92.9,6.7,92.9,Sesuai
1404,Umar Hidayatulloh,1,2026-09-01,lagi darurat karena alasan hp di restart kok g bisa masuk.. parah kalian,Negatif,Negatif,92.1,6.8,92.1,Sesuai
1405,Alya Syahidah,1,2026-09-01,"Tanpa rating. Aplikasi yang justru mempersulit, padahal harusnya memberi akses cepat kepada masyarakat. Sistem verifikasi yang error, lambat, susah sekali. Dari banyaknya ulasan, sudah sejak dulu, kenapa tidak kunjung diperbaiki.",Negatif,Negatif,77.4,21.4,77.4,Sesuai
1406,saiful bahtiyar,5,2026-09-01,ok,Positif,Positif,51.5,51.5,45.6,Sesuai
1407,wahyudi wahyu,1,2026-09-01,kode otp tidak di kirim kirim,Negatif,Negatif,96.4,3.3,96.4,Sesuai
1408,Muhammad Arya pratama,5,2026-09-01,baikk,Positif,Positif,51.5,51.5,45.6,Sesuai
1409,Yonomul Mul,5,2026-09-01,ok,Positif,Positif,51.5,51.5,45.6,Sesuai
1410,Yura Gacha official,1,2026-09-01,"Banyak banget yang harus dibenahi jujur nih aplikasi. Sering banget error, jaringan tidak tersedia. Terus ini kan mau ambil antrian tapi karena ternyata nggak bisa di hari itu, jadi mau kuundur. Tapi ternyata gak bisa penjadwalan ulang. Ga jelas banget aplikasi pemerintah. Padahal jelas-jelas suruh online, tapi banyak banget bug di aplikasinya. Mau daftar manual gak bisa, harus pake online. Sebell, mempersulit pasien aja",Negatif,Negatif,97.6,2,97.6,Sesuai
1411,Widoso Lani1986,5,2026-09-01,mantap,Positif,Positif,99.2,99.2,0.7,Sesuai
1412,dila,2,2026-09-01,"error trs, ga bisa ngambil antrian sama sekali.",Negatif,Negatif,95.6,4.1,95.6,Sesuai
1413,Izzul W,5,2026-09-01,josssssss,Positif,Positif,93.8,93.8,5.8,Sesuai
1414,tukang galon,1,2026-09-01,makin gak jelas aplikasi ini. mau perubahan faskes pake identifikasi wajah . tapi gak bisa.,Negatif,Negatif,89.6,10.2,89.6,Sesuai
1415,sanesmajid,2,2026-09-01,hp saya android 9 tertulis sudah tidak kompatibel,Negatif,Negatif,90.8,7.6,90.8,Sesuai
1416,Delan Tan,3,2026-09-01,"di aplikasi dana saya bayar BPJS kesehatan terkirim pula rutin bayar selalu muncul,,tapi di aplikasi mobile JKN kenapa malah muncul tertulis belum dibayar??tolong jangan seperti ini,tidak biasanya,bulan lalu masih aman aman aja dan tidak seperti ini...sangat mengecewakan, perbaikilah ..kejadian di tgl 1 September 2026",Netral,Negatif,63.8,32.4,63.8,Sesuai
1417,Fun Cricle,5,2026-09-01,mantap,Positif,Positif,99.2,99.2,0.7,Sesuai
1418,Supar Cebol,5,2026-09-01,mantap,Positif,Positif,99.2,99.2,0.7,Sesuai
1419,Maulida Hayatunnupus,5,2026-09-01,untuk aplikasi jdi memudahkan kita untuk brobat,Positif,Positif,80.4,80.4,17.1,Sesuai
1420,Ina indriya mustikasari19,1,2026-09-01,aplikasi nya eror Mulu gabisa fair .mau ngambil antrean jam 24.00 udah di klik eror belum 10 menit antrian udah abis,Negatif,Negatif,93.5,6.1,93.5,Sesuai
1421,Nur akhmad Putra winata,1,2026-09-01,"Kode otp ga masuk masuk, layanan aplikasi ga ada, wah keren sih ini mantap bintang 1",Negatif,Negatif,83.5,16.3,83.5,Sesuai
1422,Elismayani Harahap,1,2026-09-01,aplikasi buruk kluar masuk tanpa sebab,Negatif,Negatif,88.4,10.8,88.4,Sesuai
1423,Fitrianto Jojo,5,2026-09-01,bagus semoga makin bagus pelayananya,Positif,Positif,98.6,98.6,1.2,Sesuai
1424,Rinto wibowo,5,2026-09-01,mantabbb,Positif,Positif,99.2,99.2,0.7,Sesuai
1425,Rori Andrian,5,2026-09-01,sangat membantu,Positif,Positif,99.7,99.7,0.3,Sesuai
1426,Moch Mustakim,5,2026-09-01,goog goog,Positif,Positif,51.5,51.5,45.6,Sesuai
1427,Kari Lah,5,2026-09-01,sangat bagus,Positif,Positif,99,99,0.9,Sesuai
1428,M.Nuh Natakusuma,5,2026-09-01,BPJS Joss,Positif,Positif,84,84,14.1,Sesuai
1429,Yusuf Ardians,5,2026-09-01,"Puas Dengan Pelayanan Ini Yang Simpel, Cepat & Tidak Berbelit-belit",Positif,Positif,94.7,94.7,4.8,Sesuai
1430,22 rivai yuhu,2,2026-09-01,"aplikasi bobrok, dari minggu lalu maintenance sms ga selesai selesai aneh",Negatif,Negatif,90.3,8.4,90.3,Sesuai
1431,imam nurdin,5,2026-09-01,oke banget,Positif,Positif,96.3,96.3,3.2,Sesuai
1432,Esti Purwaningsih,1,2026-09-01,aplikasi lemot suka log out,Negatif,Negatif,94.2,5.4,94.2,Sesuai
1433,sekar,1,2026-09-01,ga suka,Negatif,Negatif,50.6,47.6,50.6,Sesuai
1434,Fortis Catalog,1,2026-09-01,"Sangat menyusahkan masyarakat karena aplikasi tidak kompatibel di banyak device bahkan sistem android 9.0, ini sangat menyusahkan masyarakat miskin yang untuk membeli hp saja belum tentu mampu. padahal aplikasi lain masih bisa-bisa saja di device dengan spek rendah, lahh ini yang harusnya aplikasi layanan untuk mempermudah masyarakat kok ribet banget.",Negatif,Negatif,90.9,8.2,90.9,Sesuai
1435,Iin Purba,1,2026-09-01,"banyak bug,ribet",Negatif,Negatif,95.9,3.4,95.9,Sesuai
1436,Ariesandy Malewa,5,2026-09-01,makasih,Positif,Positif,82.2,82.2,16.5,Sesuai
1437,Amin Tomzu,4,2026-09-01,kenapa yah di aplikasi ngga bisa Menambahkan anggota.padahal Baru 3 peserta.dan keterangan nya BPJS yg di tambahkan masih aktif padahal udh ngga aktif..apakah harus ada jangka waktu untuk penambahan anggota nya,Positif,Negatif,54.5,44.2,54.5,🚨 Bintang 4-5 tapi Prediksi ML Negatif (Taktik Komplain)
1438,Fadhilah Sukoco,5,2026-09-01,baik,Positif,Positif,81,81,18.5,Sesuai
1439,Sumiati Sahli,1,2026-09-01,"sering keluar sendiri, tidak efektif.",Negatif,Negatif,92.9,6.5,92.9,Sesuai
1440,Agus Ferdiansyah,3,2026-09-01,"Pelayanan masih kurang kadang error ,,",Netral,Negatif,58.7,37.8,58.7,Sesuai
1441,Mlbb 123,2,2026-09-01,"kocak, udah dibayar lewat M-banking tapi di aplikasi malah tertulis belom dibayar",Negatif,Negatif,88.1,10.4,88.1,Sesuai
1442,Ajas Sina,5,2026-09-01,mantap,Positif,Positif,99.2,99.2,0.7,Sesuai
1443,Tri Fernanda,5,2026-09-01,prosesnya cepat dan bagus,Positif,Positif,99.2,99.2,0.7,Sesuai
1444,Ilyas Ilyas,1,2026-09-01,setiap kali mau daftar apk nya logout sendiri dan harus daftar ulang kecewa banget asli sumpah👎👎👎👎👎👎,Negatif,Negatif,96.3,3.2,96.3,Sesuai
1445,keall kyee,3,2026-09-01,cra daftarnya ribet. verifikasi ribet gx bsa nol pulsa. hrus dan pulsa jg ribet dftarnya,Negatif,Negatif,95.7,3.7,95.7,Sesuai
1446,aidilsywldn,1,2026-09-01,orang mau daftar aja di persulit aneh dasar,Negatif,Negatif,96.8,3,96.8,Sesuai
1447,Oppo Oppo,5,2026-09-01,oke,Positif,Positif,97.4,97.4,2.4,Sesuai
1448,Raihan Andri,1,2026-09-01,apk sampah kebanyakan gangguan,Negatif,Negatif,92.8,6.8,92.8,Sesuai
1449,Kaka Uye,1,2026-09-01,kode verifikasi nomor telepon tidak muncul di sms,Negatif,Negatif,94.6,5,94.6,Sesuai
1450,Yasin Nuur Ilham,5,2026-09-01,udah aku coba tapi sulit,Positif,Negatif,62.2,36.2,62.2,🚨 Bintang 4-5 tapi Prediksi ML Negatif (Taktik Komplain)
1451,Nurulita Ayuning Tyas,1,2026-09-01,kacauuuu banget tiba² log out sendiri aja,Negatif,Negatif,94.6,4.5,94.6,Sesuai
1452,Moch Jibril,5,2026-09-01,terbaik jkn pokoknya👍👍👍,Positif,Positif,87.5,87.5,12,Sesuai
1453,Ani Susilowati,4,2026-09-01,sangat membantu sekali,Positif,Positif,99.8,99.8,0.2,Sesuai
1454,djon o96,5,2026-09-01,aplikasi mudah dan jelas,Positif,Positif,89.3,89.3,10.4,Sesuai
1455,RUDY CALM,1,2026-09-01,kode otp gk bisa bisa mau daftar aja susahnya minta ampun..,Negatif,Negatif,99.3,0.6,99.3,Sesuai
1456,Firman Syahrul,1,2026-09-01,"makin kesini makin buruk banget sitem nya gak bisa log in trus gangguan terus, teu baleg tolong atuh dibikin gak ribet buat rakyat kecil jangan di persulit",Negatif,Negatif,98.6,1.2,98.6,Sesuai
1457,andi anis,5,2026-09-01,sangat baik,Positif,Positif,96.4,96.4,3.4,Sesuai
1458,Arif Firman,5,2026-09-01,mntab,Positif,Positif,51.5,51.5,45.6,Sesuai
1459,cv.shalom niaga,5,2026-09-01,luar biasa,Positif,Positif,94.8,94.8,4.6,Sesuai
1460,Iput Iput,5,2026-09-01,aplikasi nya sangat membantu sekali,Positif,Positif,99.2,99.2,0.7,Sesuai
1461,ANGGA EIGHTY SIXX,5,2026-09-01,nice,Positif,Positif,91.9,91.9,7.2,Sesuai
1462,Yudi Supriadi,3,2026-09-01,"tolong update nama bank nasionalnya di menu layanan auto debet, terkesan terbatas",Netral,Negatif,48,42.8,48,Sesuai
1463,Self_ i'mOkay,1,2026-09-01,astaga Aplikasi opo ikiiii bikin marah,Negatif,Negatif,73.5,24.1,73.5,Sesuai
1464,Tagawa Kitchen,5,2026-09-01,Ini sangat Membantu,Positif,Positif,99.3,99.3,0.6,Sesuai
1465,Fitri Finza,5,2026-09-01,super keren pelayanan kesehatan yg sangat membantu,Positif,Positif,99.3,99.3,0.7,Sesuai
1466,Rainbow Collection,5,2026-09-01,Terima kasih sangat membantu,Positif,Positif,99.4,99.4,0.6,Sesuai
1467,mr “sugi” sugi,5,2026-09-01,"cukup membantu, dan bagus",Positif,Positif,99.5,99.5,0.5,Sesuai
1468,Feni Yati,5,2026-09-01,lebih ditingkatkan lagi piturnya,Positif,Positif,75.5,75.5,22.2,Sesuai
1469,Ary Santiago,5,2026-09-01,bagus,Positif,Positif,98.2,98.2,1.7,Sesuai
1470,Olip Pinki,5,2026-09-01,sangat berterimakasih dengan adanya BPJS ini.ibu saya pasien kangker PD Alhamdulillah ditangani cepat dan gratis,Positif,Positif,95.1,95.1,4.4,Sesuai
1471,Giwang Yasa,5,2026-09-01,sangat penting,Positif,Positif,60.3,60.3,38.5,Sesuai
1472,Febrian Fauzi,1,2026-09-01,"Mau daftar online saja sudah, dipersulit, kode OTP tidak pernah masuk, ganti nomor HP, tetap OTP tidak masuk, gimana mau daftar, baru mau daftar saja sudah ribet, aplikasi diperbaiki lah, jangan anggaran dikorupsi terus",Negatif,Negatif,99.4,0.5,99.4,Sesuai
1473,Asep Sulaeman,5,2026-09-01,saya tida bisa mnenduhyaa,Positif,Negatif,51.7,46.7,51.7,🚨 Bintang 4-5 tapi Prediksi ML Negatif (Taktik Komplain)
1474,Yupri Hariwanto,1,2026-09-01,aplikasi tolol mau buka aja susahnya minta ampun heran,Negatif,Negatif,96.2,3.3,96.2,Sesuai
1475,Anita Fidhi,3,2026-09-01,baik,Netral,Positif,81,81,18.5,Sesuai
1476,Neng arsih Amnda,5,2026-09-01,sangat suka,Positif,Positif,80.8,80.8,17.6,Sesuai
1477,may lopp,1,2026-09-01,aplikasi gak jelas ga membantu sama sekali giliran kaya gini di persulit padahal udah verifikasi wajahnya berkali kali ttp gagal sampe sempet ganti hp sama aja gagal ga membantu,Negatif,Negatif,98.4,1.5,98.4,Sesuai
1478,rani septiani,4,2026-09-01,kenapa gk bisa kebuka,Positif,Negatif,77.7,22,77.7,🚨 Bintang 4-5 tapi Prediksi ML Negatif (Taktik Komplain)
1479,Rendy Djadoel,5,2026-09-01,sangat berguna sekali,Positif,Positif,94.6,94.6,4.9,Sesuai
1480,Holid Ridwan,5,2026-09-01,pelayanan online cepat,Positif,Positif,89.3,89.3,10.3,Sesuai
1481,Arinda Indriana,5,2026-09-01,sangat di permudah,Positif,Positif,92.5,92.5,7.3,Sesuai
1482,Novri Ansyah,5,2026-09-01,baik,Positif,Positif,81,81,18.5,Sesuai
1483,Adriadi Indra (Indra adriyadi),1,2026-09-01,"aplikasi untuk rehab tidak bisa di akses, domain error, penerimaan otw error",Negatif,Negatif,72.1,27.2,72.1,Sesuai
1484,Bimtra Indro,5,2026-09-01,baik,Positif,Positif,81,81,18.5,Sesuai
1485,Deds DDQ,5,2026-09-01,jika masuk kenapa harus pakai kode Chapya?. ini merepotkan bagi Orang Tua!.,Positif,Negatif,75.7,23.2,75.7,🚨 Bintang 4-5 tapi Prediksi ML Negatif (Taktik Komplain)
1486,Imam Daffa,1,2026-09-01,aplikasi nya ga jelas saya mau daftar bpjs program rehab gagal terus jadi untuk apa program itu ada sedangkan mau daftar gagal trus mau masuk otp nya,Negatif,Negatif,96.4,3.3,96.4,Sesuai
1487,Piyok Dotdot,5,2026-09-01,sangat mudah,Positif,Positif,98.4,98.4,1.5,Sesuai
1488,Endro Joe,5,2026-09-01,"Saya mau daftar kok gak bisa ya? Ada keterangan : ""pendaftaran pengguna jkn tidak dapat dilanjutkan karena no hp tidak sesuai"" gitu terus, itu kenapa ya?",Positif,Negatif,67.8,31.4,67.8,🚨 Bintang 4-5 tapi Prediksi ML Negatif (Taktik Komplain)
1489,Hasanah Nur pratama,5,2026-09-01,"sangat membantu, bagus 👍👍👍",Positif,Positif,99.4,99.4,0.5,Sesuai
1490,Elin Nurhasanah,1,2026-09-01,aplikasi nya bagus cuma entah kenapa ga bisa Mulu buat ambil nomornya untuk hari ini,Positif,Positif,68.9,68.9,30.4,💡 Bintang 1-2 tapi Prediksi ML Positif (Pujian / Salah Klik)
1491,Rosita Hasanah,1,2026-09-01,"aplikasi jelek, lagi pilih dokter tiba2 keluar aplikasi disuruh login lagi",Negatif,Negatif,97.3,2.4,97.3,Sesuai
1492,Rudi hamda,5,2026-09-01,mobil JKN sangat membantu,Positif,Positif,98.8,98.8,1.1,Sesuai
1493,Tony Brotony,5,2026-09-01,keren mudah digunakan,Positif,Positif,99,99,1,Sesuai
1494,U_noes ARTM87,4,2026-09-01,salah nik. sandi atau capta. padahal semua itu saya scrensoot. baru kali ini salah dan gagal masuk ampe 3x tetep salah. padahal dah cek bener². bug apa gmn ini,Positif,Negatif,85.1,13.8,85.1,🚨 Bintang 4-5 tapi Prediksi ML Negatif (Taktik Komplain)
1495,sami ramadhan,5,2026-09-01,👍,Positif,Positif,51.5,51.5,45.6,Sesuai
1496,tri astuti,2,2026-09-01,jgan buat aplikasi kalo gak bisa daftar bikin susah saja,Negatif,Negatif,90.8,8.4,90.8,Sesuai
1497,Anang Gunawan,5,2026-09-01,"sangat membantu,semoga kedepannya semakin baik lagi",Positif,Positif,97.9,97.9,1.9,Sesuai
1498,EKA,3,2026-09-01,Mau login tapi nggak bisa udah masukin Captcha dengan benar berkali kali tapi selalu dibilang salah padahal udah bener,Netral,Negatif,94.5,4.7,94.5,Sesuai
1499,Adinda dedek,5,2026-09-01,mantap,Positif,Positif,99.2,99.2,0.7,Sesuai
1500,Vicky Aditia,3,2026-09-01,"sistem tolong di perbaiki,mau daftar susah trima notifikasi SMS terlalu lama.. warga ingin di buat mudah,bukanalahan tambah ribet",Negatif,Negatif,83.5,15.9,83.5,Sesuai
1501,Bang Noer,1,2026-09-01,"Aplikasi ini mencatatkan kunjungan layanan yang tidak saya lakukan 4 bulan berturut-turut. Bukan kunjungan real yang tercatat. Berarti ini bisa diatur dari dalam. Rawan korupsi. Setelah komplain dua kali, tidak ada jawaban yang jelas atas apa yang terjadi, dll.",Negatif,Negatif,74.5,23.3,74.5,Sesuai
1502,Nurul Hidayati,5,2026-09-01,petugas cabang Sidoarjo ramah² 👍🏻,Positif,Positif,88.7,88.7,10.1,Sesuai
1503,J A,5,2026-09-01,sangat terbantu dgn aplikasi ini,Positif,Positif,98,98,1.8,Sesuai
1504,Firman Syah,5,2026-09-01,good job,Positif,Positif,97.5,97.5,2.1,Sesuai
1505,Fatimah Timah,5,2026-09-01,sangat membantu,Positif,Positif,99.7,99.7,0.3,Sesuai
1506,xmyysh,1,2026-09-01,"Kecewa. Mau daftar online, tapi Mobile JKN tidak bisa diunduh karena tidak mendukung HP saya. Padahal HP masih normal dan bisa menjalankan aplikasi lain. Tolong perbaiki, jangan sampai pengguna kesulitan hanya karena masalah kompatibilitas aplikasi.",Negatif,Negatif,89.7,9.9,89.7,Sesuai
1507,Ashraf Abdillah,1,2026-09-01,aduh ga bisa login ini gimana nih,Negatif,Negatif,93.6,5.9,93.6,Sesuai
1508,Sri antok,5,2026-09-01,sangat membantu,Positif,Positif,99.7,99.7,0.3,Sesuai
1509,raudatul irfan,5,2026-09-01,"katanya rakyat disuruh daftar online biar cepet,,tapi aplikasinya malah kurang bagus,susah buat daftar online yg rujukan ke RS.",Positif,Negatif,80.6,18.9,80.6,🚨 Bintang 4-5 tapi Prediksi ML Negatif (Taktik Komplain)
1510,Topeng Hutam,5,2026-09-01,sangat membantu,Positif,Positif,99.7,99.7,0.3,Sesuai
1511,Kausar Kausar,5,2026-09-01,semoga di permudah,Positif,Positif,97,97,2.8,Sesuai
1512,Nurwahidah Bima,5,2026-09-01,"Oke, Krn membantu",Positif,Positif,99.3,99.3,0.6,Sesuai
1513,Pemi P,5,2026-09-01,sangat membantu,Positif,Positif,99.7,99.7,0.3,Sesuai
1514,adera nirvana,1,2026-09-01,pelayan ny lambat ny..sering eror aplikasi,Negatif,Negatif,93.9,5.9,93.9,Sesuai
1515,Teger Lelo,5,2026-09-01,cepat,Positif,Positif,92.6,92.6,7.2,Sesuai
1516,Sudana Kadekputra,1,2026-09-01,aplikasinya aneh udah aktifkan login pale sidik jari lama nggk buka harus login ulang trus pake sidik jadi katanya kita blum aktifkan fitur sidik jari.,Negatif,Negatif,92.2,6.3,92.2,Sesuai
1517,Kraton Raihanyes,5,2026-09-01,sangat suka,Positif,Positif,80.8,80.8,17.6,Sesuai
1518,Dev Sky,5,2026-09-01,sangat baik,Positif,Positif,96.4,96.4,3.4,Sesuai
1519,Betuah Raye,5,2026-09-01,tolong perbarui auto debit nya masukin bank BNI . dan non bank nya akun Dana.,Positif,Negatif,54.3,41.7,54.3,🚨 Bintang 4-5 tapi Prediksi ML Negatif (Taktik Komplain)
1520,Rahmat Taufik,1,2026-09-01,"saya tidak bisa login ke aplikasi jkn , padahal sebelumnya baik² saja . tolong di bantu dong",Negatif,Negatif,76,23.5,76,Sesuai
1521,THE KINGZ,1,2026-09-01,"ini kenapa logout terus sendiri aduhhhh tolong lahh diperbaiki, mana susah lagi loginnya,",Negatif,Negatif,82.4,16.1,82.4,Sesuai
1522,Udhek Udi,5,2026-09-01,berguna dan bagus,Positif,Positif,98.5,98.5,1.4,Sesuai
1523,danang minggu,1,2026-09-01,"tolong perbaiki aplikasi,susah dibuka",Negatif,Negatif,87.4,12,87.4,Sesuai
1524,Siti Maesaroh - Jabar,1,2026-09-01,"Tolong dong diperbaiki, ga bisa daftar layanan online dan layanan² lain ga bisa diakses, udah 2 minggu gtu terus karena keterangan offline, padahal jaringan selalu stabil pake beberapa wifi, paket data",Negatif,Negatif,76.8,22.7,76.8,Sesuai
1525,Astuti Wiji,5,2026-09-01,cukup baik,Positif,Positif,93.2,93.2,6.4,Sesuai
1526,Dendy Wira,1,2026-09-01,aplikasi rumit dan banyak menghabiskan waktu.,Negatif,Negatif,85.9,13,85.9,Sesuai
1527,Suji Anto,5,2026-09-01,kok nggak bisa dibuka ya,Positif,Negatif,66.1,33.5,66.1,🚨 Bintang 4-5 tapi Prediksi ML Negatif (Taktik Komplain)
1528,Heri Azhari HR,5,2026-09-01,sangat membantu,Positif,Positif,99.7,99.7,0.3,Sesuai
1529,Bayu Ristanto,1,2026-09-01,"aplikasi internasional aja gak memandang OS android handphone ,ini sekelas jaminan kesehatan ""nasional"" malah salahsatu SKBnya OS android.. anehh !",Negatif,Negatif,81.2,17.5,81.2,Sesuai
1530,Rahmat Gambreng,1,2026-09-01,mempersulit,Negatif,Negatif,79.9,19.2,79.9,Sesuai
1531,Rinto Hutauruk,1,2026-09-01,"captcha tidak jelas, susah masuk, kayaknya admin sengaja biar susah masuk",Negatif,Negatif,96.8,3,96.8,Sesuai
1532,Muhammad Azam Alfarizi,5,2026-09-01,mudah akses,Positif,Positif,93.4,93.4,6.3,Sesuai
1533,Afrizal Fajri,1,2026-09-01,mobil JKN gk ada guna nyaa. masak iya jarang di bukak keluar sendiri setiap mau berobat masuk kata sandi udh di masukin salah teruss . menyusahkan org mau berobat aja. lagi keadaan darurat harus pakai JKN padahal kartu BPJS ada!,Negatif,Negatif,93,6.5,93,Sesuai
1534,Edo20 Xesrex,1,2026-09-01,"aplikasi mempermudah sih, cuma butuh diperbaiki lagi prihal koneksi nya yang kadang-kadang eror, ini saya lagi butuh sekarang eh malah verifikasi wajah susah, kirim kode lewat SMS gagal terus, capek, tolong di perbaiki, biar masalah kaya gini engga keulang",Negatif,Negatif,94.7,5.2,94.7,Sesuai
1535,Qorri abeng,5,2026-09-01,sangat berguna.. .,Positif,Positif,92.9,92.9,6.7,Sesuai
1536,Andri Ariansyaj,1,2026-09-01,gk bisa login verifikasi gk keluar2 kode nya,Negatif,Negatif,94.7,5,94.7,Sesuai
1537,Bagusan Aku,1,2026-09-01,"bagus kalo mau semua serba digital. tp masih banyak bug. data 1 pemerintah n ga sinkron, data dikemenkes sama di dispendukcapil juga belum tersinkron, masih mengikuti data lama, yg padahal sudah terbarui data di dukcapil namun di kemenkes belum terbarui. tolong benerin bug² itu. kalau tidak ya bikin aja 1 aplikasi untuk semua program pemerintah. jangan banyak aplikasi namun banyak bug yng muncul. thx u",Negatif,Negatif,84.3,14.8,84.3,Sesuai
1538,Heri Yanto,5,2026-09-01,bagus,Positif,Positif,98.2,98.2,1.7,Sesuai
1539,Yerry Wungkana,3,2026-09-01,"Pengalaman bulan Agustus 2026 pemeriksaan dokter rujukan konsultasi gula darah utk pemeriksaan Hba1c sampai ke pemeriksaan lanjut pengambilan sampel darah di Lab. terlalu jauh jaraknya yaitu 1 minggu sesudah konsultasi atau kunjungan rujukan dokter ,belum juga nunggu hasil Labnya entah kapan ❓️banyak waktu yg terbuang percuma,tolong di perbaiki jaraknya kalau boleh langsung ambil darah dan periksa ke Lab waktunya di persingkat.... kalau masalah yg lain²nya sdh agak bagusan ☺️👍",Positif,Positif,55.1,55.1,43.5,Sesuai
1540,None,1,2026-09-01,"gak jelas bener ni aplikasi, udah ambil antrean pas hari h malah gak ada jejaknya",Negatif,Negatif,96.6,3.2,96.6,Sesuai
1541,Sakura Any,1,2026-09-01,mau daftar susah bgt eror mulu .,Negatif,Negatif,96.6,3.2,96.6,Sesuai
1542,maria puspitasari,5,2026-09-01,"Sangat membantu sekali, terima kasih Mobile JKN 😊",Positif,Positif,99.7,99.7,0.3,Sesuai
1543,Nidya Erna,5,2026-09-01,penting,Positif,Positif,60.3,60.3,38.5,Sesuai
1544,yeni ermalisa,5,2026-09-01,Good,Positif,Positif,98.5,98.5,1.3,Sesuai
1545,Aminatuz Zahra,1,2026-09-01,"Udah bagus ada opsi kirim otp ke nomor whatsapp biar ga harus isi pulsa, Eh malah diilangin fiturnya, hadeeeh",Positif,Negatif,70.5,28.3,70.5,Sesuai
1546,SYM Motovlog,1,2026-09-01,"developernya kemana ini,kok aplikasinya ga diurus,udah ganti vendor kah,cuma verivikasi kode otp aja masa ga ke kirim kirim",Negatif,Negatif,96.2,3.3,96.2,Sesuai
1547,koesnadi adyeja Adi,1,2026-09-01,"halo INI KENAPA SAYA DAFTRA KLINIK DI YA RAHMA, PAS AUPDET JADI DI KLINIK WIJAYA ...??????????ADA APA DENGN APLIKASI INI HALO TOKOLNGI JAWAB ....??? Waktu MENGISI Pemindahan klinik MATA SAYA MASIH NORMAL PAHAM",Negatif,Negatif,75.2,22.3,75.2,Sesuai
1548,Litter X5,4,2026-09-01,"sering error tiba-tiba, keluar device yang berbeda katanya. Pas udah ambil antrean eh besoknya dibatalin, gimana ini? Tolong sekali, tolong yaaaa. Iya tahu pake bpjs, tapi kami juga kan niatnya mau berobat mas mbak, tolong diperbaiki lagi yaaa aplikasinya, terimakasih 🙇🏻‍♀️",Negatif,Negatif,94.5,5,94.5,🚨 Bintang 4-5 tapi Prediksi ML Negatif (Taktik Komplain)
1549,Eddy Rumbayan,5,2026-09-01,saya baru mau mendaftar di aplikasi mobile Jkn,Positif,Positif,62,62,36.9,Sesuai
1550,sri Sulastri,1,2026-09-01,bagus sekali,Positif,Positif,97.9,97.9,1.9,💡 Bintang 1-2 tapi Prediksi ML Positif (Pujian / Salah Klik)
1551,Nurhayati bee,5,2026-09-01,sangat membantu,Positif,Positif,99.7,99.7,0.3,Sesuai
1552,Junaidi Abdullah,5,2026-09-01,sangat membenatu,Positif,Positif,51.5,51.5,45.6,Sesuai
1553,Fajar Fahji,1,2026-09-01,Sering bermasalah dan susah akses,Negatif,Negatif,76.8,21,76.8,Sesuai
1554,Reza Utami,5,2026-09-01,💗,Positif,Positif,51.5,51.5,45.6,Sesuai
1555,Aep Mikrotik,1,2026-09-01,eror mulu,Negatif,Negatif,93.7,6,93.7,Sesuai
1556,Devi Handayani,5,2026-09-01,bagus sangat ngebantu banget,Positif,Positif,95.5,95.5,4,Sesuai
1557,NR walet,3,2026-08-31,"aplikasi bagus tapi untuk kirim kode OTP nya yang susah lewat SMS, coba di permudah kirim OTP nya lewat WhatsApp saja. dulu mudah untuk verifikasi kirim OTP lewat SMS, sekarang sulit.",Positif,Negatif,73.4,26.2,73.4,Sesuai
1558,Fiqri cakep,5,2026-08-31,membantu sekali,Positif,Positif,99,99,1,Sesuai
1559,Azwin Awin,5,2026-08-31,enak difahami,Positif,Positif,70.7,70.7,27.6,Sesuai
1560,Marlo Gantika,1,2026-08-31,"perubahan faskes bisa setelah 3 bulan, di coba setelah 3 bulan berlakunya bulan depannya. Itu namanya bisa berubah faskes setelah 4 bulan",Negatif,Positif,69.9,69.9,29.4,💡 Bintang 1-2 tapi Prediksi ML Positif (Pujian / Salah Klik)
1561,Deds Bagia,5,2026-08-31,keren banget amanah,Positif,Positif,94.2,94.2,5,Sesuai
1562,ILFA ALIFA MUKMINA 18,2,2026-08-31,"sedikit"" harus verifikasi nomor dan nomor Smartfren tidak bisa sama sekali alasannya ada kendala terus, bukan malah memudahhkan tpi malalh mempersulit. terkadang juga tidak terhubung sama server rs, harus segera diperbaiki sii biar g bikin pusing",Negatif,Negatif,94.4,4.8,94.4,Sesuai
1563,Listiani Agestina,5,2026-08-31,Offer all mempermudah,Positif,Positif,83.7,83.7,15.2,Sesuai
1564,rozani qurrotulaini,5,2026-08-31,pelayanan mobil JKN semakin inovatif,Positif,Positif,89.5,89.5,9.9,Sesuai
1565,Pembela,2,2026-08-31,"kenapa walaupun buka tapi pas diklik malah sudah ditutup? padahal masih sisa banyak, saya sering ga kebagian apalagi poli gigi, emang disengaja atau gimana? kalau bug kenapa ga dibenerin dari lama",Negatif,Negatif,85.5,13.2,85.5,Sesuai
1566,Fena melinda Septiani,1,2026-08-31,"Login hanya untuk 3 nik, tolong update untuk bisa masuk ke banyak akun jangan hanya max 3 nik",Negatif,Negatif,89.3,9.3,89.3,Sesuai
1567,anugrah tv,1,2026-08-31,aplikasi pemerintah ga bisa vermuk apa ga jelas knapa bikin aplikasi kalau bermasalah,Negatif,Negatif,97.5,2.4,97.5,Sesuai
1568,Retno Aji,5,2026-08-31,good,Positif,Positif,98.5,98.5,1.3,Sesuai
1569,da ho,1,2026-08-31,"Kenapa dengan aplikasi ini,tidak bisa ngambil nomor antrean,padahal saya butuh sekali untuk daftar hari ini,tolong di perbaiki",Negatif,Negatif,80,19.5,80,Sesuai
1570,Agam Damara,5,2026-08-31,sangat membantu sekali,Positif,Positif,99.8,99.8,0.2,Sesuai
1571,Raja Wali,5,2026-08-31,oke banget mudah,Positif,Positif,98,98,1.8,Sesuai
1572,Dwanda firdaus,1,2026-08-31,"hari ini mau ambil nomor antrian aku bela2in alarm dini hari. eh ternyata gabisa padahal udah bener semua😓 jaringan jg aman, sampe ku install uninstall aplikasi loh gmn ini",Negatif,Negatif,94.5,5.2,94.5,Sesuai
1573,Imroatush Sholihah,1,2026-08-31,"mau login susah banget ampunnn, diperbaiki dong aplikasinya. Udah coba berulang kali gagal Mulu gimana sih",Negatif,Negatif,97.6,2,97.6,Sesuai
1574,Jemi Mardiana,4,2026-08-31,"sangat dibutuhkan masyarakat,tetapi sering gangguan,kenapa sich !",Positif,Positif,51.8,51.8,46.3,Sesuai
1575,Harmini Rini,1,2026-08-31,tolong segera lakukan pemeliharaan karena aplikasinya tidak bisa berjalan normal saya mau login tpi tidak bisa sma skali dikarenakan aplikadinya yg lemot harusnya ini menjadi perhatian pemerintah untuk diperbaiki,Negatif,Negatif,93.7,5.9,93.7,Sesuai
1576,Desi,1,2026-08-31,sdah seharian buat daftar gak bisa .. gimana mau berobat sedangkan kalo mau brobat harus daftar lewat aplikasi ini 😏😏..,Negatif,Negatif,91.7,8.1,91.7,Sesuai
1577,Siska 14s,1,2026-08-31,"duh tolong ya diperbaiki lagi aplikasinya, masa mau login, mau daftar ataupun mau ambil antria gak bisa muter2 terus dan berakhir ngehang. orang lagi butuh bt priksa tapi aplikasi nya eror lama bgt.. trs gmn ni mau pake BPJS nya jadi terhalang to, percuma suruh bayar tepat waktu tapi pas mau dipakai aplikasi nya eror gaje gini, giliran bayar telat dinotif suruh cepet2 bayar",Negatif,Negatif,97,2.6,97,Sesuai
1578,Noval Trianto,1,2026-08-31,"error mulu offline terus sering lag , gunta ganti jarijgan sama aja. servernya selalu down",Negatif,Negatif,92.5,6.2,92.5,Sesuai
1579,Miller Kastanya,1,2026-08-31,"aplikasi rusak!! tolong dibenerin ini kaga bisa login padahal sinyal normal tapi gak bisa login. padahal sebelumnya ga pernah logout kok tiba"" disuruh login lagi. mana ga bisa lagi error mulu",Negatif,Negatif,99.1,0.8,99.1,Sesuai
1580,Diana Lavezhie,1,2026-08-31,"Apk gak berguna, dikit-dikit eror, dikit-dikit eror terus.... tolong di perbaiki",Negatif,Negatif,96,3.9,96,Sesuai
1581,Aldila Ramdhani,3,2026-08-31,"permasalahannya itu itu aja, selalu bug loading lama, permintaan belum dapat diproses, offline, padahal sinyal internet kenceng. cukup meresahkan terutama saat keadaan urgent.",Netral,Negatif,82.8,16.2,82.8,Sesuai
1582,Agus Itenk,1,2026-08-31,"giliran mau di perlukan,,gagal terus. coba lagi terusss 😡",Negatif,Negatif,85.4,13.9,85.4,Sesuai
1583,Ziaulhaq Mahfud,1,2026-08-31,"aplikasi gak bener hape gak diroot terdeteksinya root sering eror sendiri tulisan offline padahal sinyal ada KALO ADA DANA BUAT APLIKASI YA 100% ALL IN kan APLIKASI, ALOKASI DANA YANG BENER BIAR APLIKASINYA FUNGSI.",Negatif,Negatif,90.2,8.5,90.2,Sesuai
1584,Uncle R'D,1,2026-08-31,Kebanyakan maintenance.. Biasa keluar sendiri akun JKNnya tanpa di kasih keluar,Negatif,Negatif,84.5,15.1,84.5,Sesuai
1585,Tika rahayu,2,2026-08-31,kadang lemot eror gk bisa di pakai,Negatif,Negatif,88.7,10.9,88.7,Sesuai
1586,Dimas Tri utami,1,2026-08-31,Disuruh dafar lewat sini tapi giliran dafatr buat masuk login aja susah banget,Negatif,Negatif,94.8,4.5,94.8,Sesuai
1587,Fincent Gunawan,1,2026-08-31,parah setiap akhir bulan tidak bisa di access dengan alasan perbaikan sistem...perbaikan atau sengaja dimatikan servernya,Negatif,Negatif,87.5,11.8,87.5,Sesuai
1588,Megawati Manalu,5,2026-08-31,"bagus,",Positif,Positif,98.2,98.2,1.7,Sesuai
1589,Fahri Saputra,1,2026-08-31,buruk sekali saya bayar tiap bulan giliran di butuh kan ga bisa masuk akun Ter logout,Negatif,Negatif,97.1,2.5,97.1,Sesuai
1590,Fitria _95,1,2026-08-31,"tolong ini aplikasi tidak bisa di update, di cari di google play malah tulisan nya ""aplikasi tidak kompatibel dengan perangkat anda"" dan sering banget terjadi eror, mau ambil antrean selalu eror, ampun dah ini aplikasi negeri indonesia tercinta semua di persulit untuk rakyat nya",Negatif,Negatif,98.5,1.2,98.5,Sesuai
1591,Lala Nabilla,1,2026-08-31,eror mulu setiap ambil antrian,Negatif,Negatif,87.7,11.7,87.7,Sesuai
1592,Suwasno Wasno,4,2026-08-31,luar biasa,Positif,Positif,94.8,94.8,4.6,Sesuai
1593,Jimmy Tola,1,2026-08-31,"aplikasi yang mengancam keselamata, mau berobat karna sakit malah error kesalahan sambungan mana pilihan dokternya kadang hilang harus refresh lama giliran muncul malah sudah penuh padahal pendaftar masih kosong, mana syaratnya harus ambil antrian lagi hapus aja aplikasinya, buat server yang bagus biar kecepatan aksesnya lebih bagus",Positif,Negatif,69.6,29.9,69.6,Sesuai
1594,Muhammad Iqbal,3,2026-08-31,Apakah aplikasi ini memang dibuat tidak beroperasi 24 jam? dengan signal 5G aplikasi eror ketika dibuka tengah malam. Belum lagi sistem rujukan yang justru menyulitkan karena hanya berlaku tiga bulan terbatas. Mohon ditingkatkan lagi untuk pengalaman pengguna yang lebih baik,Netral,Negatif,63.9,32.4,63.9,Sesuai
1595,Riezky Aditya,1,2026-08-31,jelek sekarang apkny di bikin susah setiap mau daftar harus vertifikasi terus kalau lama ga di buka keluar sendiri kecewa banget,Negatif,Negatif,98.1,1.7,98.1,Sesuai
1596,Aliqucey,5,2026-08-31,"fitur fitunya udh bagus banget, kadang suka eror jaringan mulu",Positif,Positif,85.9,85.9,13.2,Sesuai
1597,Maulana Lana,1,2026-08-31,eror mulu setiap mau masuk payah,Negatif,Negatif,96.9,2.7,96.9,Sesuai
1598,siti hatijah,1,2026-08-31,kenapa sering eror sih buat daftar aja susah harus nunggu dulu padahal sebelumnya juga masih aman kenapa sekarang jadi susah,Negatif,Negatif,94.4,5,94.4,Sesuai
1599,Tofa Tika,1,2026-08-31,begini klo daftarnya wajib akses pake aplikasi sekarang mau daftar eror mulu,Negatif,Negatif,94.6,5.1,94.6,Sesuai
1600,Feni Azriani,1,2026-08-31,"Tolong aplikasinya diperbaiki, setiap mau ambil antrian online loading nya lama dan tulisannya selalu offline padahal jaringan wifi bagus. mau daftar aja susah sampe ngga jadi ke rumah sakit karna ngga ambil antrian online. rekrut lah tim IT yang bener biar aplikasinya lebih ringan",Positif,Negatif,86.3,13.5,86.3,Sesuai
1601,Marda liya. H,3,2026-08-31,"buruk banget, setiap mau masuk aja susah masa harus pake paket data baru bisa. makin ke sini aplikasinya gak bagus banget bukan memudahkan malah bikin ribet tolong dong di perbaikin",Negatif,Negatif,98.3,1.6,98.3,Sesuai
1602,Wasis 22,1,2026-08-31,sangat buruk sekali . tidak ada perubahan,Negatif,Negatif,85.5,13.8,85.5,Sesuai
1603,Star Sindrom,2,2026-08-31,"kenapa keluar sendiri dan skr kagak bisa masuk lagi pdhl password bnr, error Mulu dh, mana bsk mu di pake berobat poli",Negatif,Negatif,97.4,2.3,97.4,Sesuai
1604,Aswin khosinda Rifqi Malestra,1,2026-08-31,ribet banget asli aplikasi bagus tetapi ribet saat login Tolong di benarkan lagi aplikasi aneh mau login aja dipersulit mau padahal mau ambil anterin,Negatif,Negatif,96.3,3.3,96.3,Sesuai
1605,dani deny,5,2026-08-31,aplikasi nya susah di gunakan,Positif,Negatif,53.5,46.2,53.5,🚨 Bintang 4-5 tapi Prediksi ML Negatif (Taktik Komplain)
1606,Ikmal Hakim Ikmal,2,2026-08-31,susah masuk karna ada kode captcha,Negatif,Negatif,91.2,8.1,91.2,Sesuai
1607,Dewi Larasati,1,2026-08-31,"buruk bgt ini ga bisa masuk aku aplikasi nya dari tadi. tolong lah diperbaiki. captcha salah terus padahal aku dah masukin sesuai lo. Kenapa ketika masuk Mobile JKN tidak bisa. Sudah memasukkan NIK dan sandi yang betul tapi tidak bisa. Masalah ada di captcha. Ketika saya coba lupa kata sandi juga sama, masalah di captcha. Terus ada pemberitahuan Offline, padahal sinyal ada pake wifi dan data tetap tidak bisa. Tolong lah, jangan dipersulit.",Negatif,Negatif,97.4,2.3,97.4,Sesuai
1608,Radi yanto,1,2026-08-31,tidak bisa buka aplikasi JKN..makin sulit aja,Negatif,Negatif,78.5,21.1,78.5,Sesuai
1609,Indihome Tulul,1,2026-08-31,"SERING ERRORR!!! GK NIAT BIKIN APLIKASI KESEHATAN, MENDING GK USH!!!",Negatif,Negatif,91.5,7.9,91.5,Sesuai
1610,Dani Nopian,5,2026-08-31,Sya sudah terdaftar di regertasi...pas mau brosing n mau masukan id bpjs sama email saya...selalu gagal dgan tulisan mobile jkn terhenti...kasi solusinya dongk,Positif,Negatif,84.3,14.8,84.3,🚨 Bintang 4-5 tapi Prediksi ML Negatif (Taktik Komplain)
1611,Lala Sapira,1,2026-08-31,aplikasi payah selalu eror padahal jaringan full bukan nya membantu malah mempersulit pas mau login maupun daftar selalu eror asli bikin darah naik,Negatif,Negatif,95,4.6,95,Sesuai
1612,I Wayan Widya Pratama,1,2026-08-31,"sedang diperlukan mendesak, bisa-bisanya aplikasi ini malah error. 😭",Negatif,Negatif,81,18.3,81,Sesuai
1613,Yama Pradhana Sumbodo,1,2026-08-31,Eror teruuuuussss... Ga bisa daftar ke faskes 1,Negatif,Negatif,95.7,4.2,95.7,Sesuai
1614,Ahmad Baehaqi,2,2026-08-31,padahal jaringan uda lancar masi aja ngeleg,Positif,Positif,74.7,74.7,24.2,💡 Bintang 1-2 tapi Prediksi ML Positif (Pujian / Salah Klik)
1615,imam,1,2026-08-31,"captcha nya mengganggu dan tidak bisa , padahal udah bener angkanya",Negatif,Negatif,96.5,3.2,96.5,Sesuai
1616,putri handayani,1,2026-08-31,"klen kalo gak bagus buat aplikasi, gosah sok2an suruh semua orang daftar pake jkn mobile, aplikasinya bodoh, lelet, skrg org pake aplikasi buat mempermudah, malah dipersulit harua daftar2 manual lagi, perbaiki dlu kualitas aplikasi jkn ni, baru promo2",Negatif,Negatif,93.5,6.2,93.5,Sesuai
1617,Herda Rusmawan,1,2026-08-31,aplikasi mau dibuka login ga bisa. aplikasi sampah...,Negatif,Negatif,95.6,4.2,95.6,Sesuai
1618,Fery Ali nurdin,2,2026-08-31,waktunya urgent mau liat data ko gak bisa di buka aplikasinya ??,Negatif,Negatif,81.9,17.3,81.9,Sesuai
1619,Dinda Nasution,1,2026-08-31,Selalu keluar sendiri. Terus susah buat masuknya. padahal signal bagus dan sandi juga benar.,Negatif,Negatif,83.4,15.5,83.4,Sesuai
1620,Walidatudz Dzakiya T.,1,2026-08-31,"masa gabisa daftar, bug mulu, pas coba uninstall malah gabisa kirim kode otp KOCAK!!",Negatif,Negatif,97.8,1.9,97.8,Sesuai
1621,Aulia Agustina,3,2026-08-31,tolong ini kenapa mau masuk aplikasinya dsuru isi data diri ulang pas udh di isi malah gabisa masuk masuk di ulang beberapa kali tetep aja begituu malah muncul kode' gajelas yg ngarahin buat kembali😓,Netral,Negatif,95.2,3.7,95.2,Sesuai
1622,Razuliah Milatalata,1,2026-08-31,aplikasi menyulitkan!!!,Negatif,Negatif,83,16,83,Sesuai
1623,Mia Nuramelia Septiana,1,2026-08-31,"Aplikasi yang tidak berguna, login pun susah sekali. Fitur lupa password tidak berfungsi sama sekali. Katanya selalu harus daftar online, ini bagaimana caranya kalau seperti ini terus? Yang perlu berobat urgent malah dipersulit. Tolonglah tim, buat aplikasi yang mudah dan praktis. Ini kan aplikasi dipakai oleh hampir seluruh rakyat Indonesia, tidak bermanfaat kalau seperti ini.",Negatif,Negatif,76.7,22.7,76.7,Sesuai
1624,Vendhe Bremen,1,2026-08-31,sumpah ribet banget nih apk,Negatif,Negatif,94.5,4.6,94.5,Sesuai
1625,Queena Aurora,2,2026-08-31,bisa di perbaiki gak aplikasinya .. mau daftar ke faskes 1 dari sore smpai mlm gak bisa² .. capta salah berulangkali .. offline lah .. tiba² logout sendiri bukin emosi saja,Negatif,Negatif,92.4,7.1,92.4,Sesuai
1626,Picaa,2,2026-08-31,"ini kenapa si error terus, ga bisa buat cek apa apa jkn dan pandawa nya. tolong dong diperbaiki sistem nya ini, sering banget error masa, gimana mau bayarnya kalau error gini gile dah dipersulit amat",Negatif,Negatif,99,0.9,99,Sesuai
1627,nur hudha,1,2026-08-31,hari ini lagi error kah JKN mobile??,Negatif,Negatif,64.6,33.5,64.6,Sesuai
1628,bocah ilankk,1,2026-08-31,"setelah di update kualitas jaringannya malah semakin buruk, saya tdk bisa mengakses apk ini.",Negatif,Negatif,88.3,11.4,88.3,Sesuai
1629,Beng Beng Oreo,1,2026-08-31,makin kesini makin kesana.. ga bisa masuk2 gegara capcha .. tolong perbaiki system,Negatif,Negatif,78.1,21.1,78.1,Sesuai
1630,Rohman Ade,1,2026-08-31,log out sendiri susah masuk lagi,Negatif,Negatif,97.8,1.9,97.8,Sesuai
1631,Diens Storye,1,2026-08-31,"gampang log out. harus selalu log in kalo mau dipake. ngeribetin. gimna klo kondisinya lagi darurat, dan tiba2 lupa pasword. mana bikin pemulihannya susah banget lagi",Negatif,Negatif,94.5,4.5,94.5,Sesuai
1632,resqi teguh,1,2026-08-31,setiap mau ambil antrian selalu aja ada kendala servernya payah,Negatif,Negatif,85.9,13.3,85.9,Sesuai
1633,Yulia Kurniawan,1,2026-08-31,susah banget buat daptar,Negatif,Negatif,84.9,14,84.9,Sesuai
1634,Tovan Panca wibowo,1,2026-08-31,makin susah ya,Negatif,Negatif,69.4,29.8,69.4,Sesuai
1635,ina,1,2026-08-31,aplikasi ga jelas sering eror kalo memang masi belum bisa buat aplikasi ngapain dibuat,Negatif,Negatif,98.6,1.3,98.6,Sesuai
1636,syafirasalva amara,1,2026-08-31,"susah buka aplikasi, kadang ke logout lemot banget. selalu bermasalah loading gak selesai selesai",Negatif,Negatif,89.2,9.7,89.2,Sesuai
1637,Dedi Lesmana,1,2026-08-31,"login susah gabisa klik, lupa kata sandi captcha nya gelooo salah terussss, keren keren apk satu ini",Positif,Negatif,52.1,47,52.1,Sesuai
1638,ilzzz 07,1,2026-08-31,"aplikasi nya bermasalah trus,orang mau berobat udah meninggal duluan kalo gini",Negatif,Negatif,89.4,10.1,89.4,Sesuai
1639,Ilham Jumardhan,1,2026-08-31,"bobrok sih, makin lama makin menurun standart penggunaan nya yang efektif, malah jadi mempersulit orang, tolong optimal kan lh , karna ini menyangkut kesehatan dan keselamatan seseorang , malu sangat kalau jatuh nya bobrok",Negatif,Negatif,69,29,69,Sesuai
1640,Azfar Rasad,1,2026-08-31,banyak banget bug mau daftar susah kode otp gak muncul2. servernya ampas. tolong lah orang mau berobat jadi susah gini. aku tau ini apk tuh biar gampang juga. tapi tolonglah optimalkan. masa aplikasi pemerintah kaya gini,Negatif,Negatif,98.6,1.3,98.6,Sesuai
1641,Arnine Nobell,2,2026-08-31,"banyak bug. baik secara network, atau kegagalan eksekusi. kinerja aplikasi juga sangat lambat",Negatif,Negatif,83.9,15,83.9,Sesuai
1642,WAYANG Channel,1,2026-08-31,"aplikasi buruk, udah log in tiba2 keluar sendiri, mau login harus pakai pulsa lagi.",Negatif,Negatif,98.2,1.5,98.2,Sesuai
1643,Igna Gilang Faith,1,2026-08-31,Aplikasi tolol Login unauthorized terus 👎🏻👎🏻👎🏻👎🏻,Negatif,Negatif,89.3,9.4,89.3,Sesuai
1644,Dian Nurhofifah,1,2026-08-31,"jelek bgt apk nya , sekelas sistem yg dibuat pemerintah buat mempermudah rakyak menakses faskes apknya jelek bgttt loading nya lama tiba2 ke log out sendiri pas mau masuk error bener2 menguji kesabaran",Negatif,Negatif,98.6,1.3,98.6,Sesuai
1645,Najwan Alpia yani,4,2026-08-31,ko sering TDK bisa di buka,Positif,Negatif,83,16.5,83,🚨 Bintang 4-5 tapi Prediksi ML Negatif (Taktik Komplain)
1646,Pat Yas,1,2026-08-31,"kenapa mau login ""unauthorized"" terus? pdhl nik benar, password benar captcha juga benar sampai berulang kali. login pakai sidik jari juga ""unauthorized"" aneh",Negatif,Negatif,94.4,3.8,94.4,Sesuai
1647,Andhika Sapto,1,2026-08-31,"aplikasi pemerintah tp kok kaya aplikasi murahan, sering error berat kadang ga bisa di buka",Negatif,Negatif,96.1,3.5,96.1,Sesuai
1648,dede kusnadi,1,2026-08-31,"permintaan anda belum dapat kami proses, trus aja gini tiap mau daftar, ayoooo laaahhh",Negatif,Negatif,75.2,23.5,75.2,Sesuai
1649,Keyla Zakiyah,1,2026-08-31,"mau berobat aja hrs di persulit dlu, login gbs² padahal NIK, kata sandi & captcha nya bener.",Negatif,Negatif,92.5,7,92.5,Sesuai
1650,Arrie Al Isra,1,2026-08-31,mau login aja susah. apl buatan pemerintah emang bapuk. anggaran bikinya aja yang besar.,Negatif,Negatif,92,6.7,92,Sesuai
1651,Surani Rani,1,2026-08-31,"aplikasiny buruk sekali, masuk gak bisa bisa, error terus padahal sandi dan captha bener",Negatif,Negatif,97.8,2,97.8,Sesuai
1652,Afif Kholisun Nashoih,1,2026-08-31,"Alhamdulillah selalu dipersulit ketika menggunakan aplikasi ini. saat mau memeriksakan anak ke faskes lanjutan, saya tidak bisa daftar menggunakan aplikasi ini. alhasil harus mengeluarkan uang pribadi untuk periksa di dokter spesialis, padahal tiap bulan keluar uang buat bayar BPJS kelas 2 untuk 4 orang. terima kasih kpd bpjs dan jkn yg mengajarkan kami untuk selalu bersabar.",Negatif,Negatif,55.6,43.9,55.6,Sesuai
1653,Yona Rahma Putri,3,2026-08-31,kenapa mau login malah UNAUTHORIZED padahal sandi benar dan sulit:) malah bikin bingung,Netral,Negatif,88.4,8.3,88.4,Sesuai
1654,zulfan assidiq,1,2026-08-31,"maaf aplikasi sering banget offline, tidak bisa buka semua fitur yg ada",Negatif,Negatif,85.7,13.4,85.7,Sesuai
1655,Eman Belitang,1,2026-08-31,aplikasi jkn gak jelas eror melulu😡,Negatif,Negatif,87.9,11.4,87.9,Sesuai
1656,Hii,1,2026-08-31,gk bisa di buka,Negatif,Negatif,89,10.8,89,Sesuai
1657,Harirun Najib,1,2026-08-31,"aplikasi penting, tapi server angin2an",Negatif,Negatif,58.3,39.7,58.3,Sesuai
1658,Nike,1,2026-08-31,TOLONG PERBAIKI APLIKASI NYA! GIMANA SI KODE OTP UDH SEMINGGU GA DI KIRIM² JUGA SAYA BUTUH UNTUK DAFTAR KE RS TOLONG UNTUK KE DEPAN NYA JANGAN TIBA² LOG'OUT SENDIRI PAS MAU MASUK KAN JADI LUPA PASWORD MANA SAMPE SEKARANG KODE OTP NYA GA DI KIRIM² GEDEG BANGET SAMA APLIKASI INI TOLONG YAA SEGERA DIPERBAIKI! JANGAN EROR MULU INI ITU PENTING BAGI ORANG YANG SAKIT,Negatif,Negatif,98.7,1.1,98.7,Sesuai
1659,dani adira,1,2026-08-31,"Aplikasi Busuk, apa semua yang berbau plat merah seperti ini? kalo lagi dibutuhkan selalu error, kita bayar iuran tiap bulan hampir tidak pernah kepake, sekalinya mau pake malah error. Password tiba-tiba salah, reset password berkali-kali. team IT kalian itu lulusan apa sii sampe aplikasi sebusuk ini dibiarkan berlarut-larut!!!",Negatif,Negatif,97.8,1.7,97.8,Sesuai
1660,Iin Rahmadanti,2,2026-08-31,"aplikasinya dikit2 pemeliharaan, jadi susah mau bikin jadwal kontrol, sering eror pula gimana sih",Negatif,Negatif,96.4,2.9,96.4,Sesuai
1661,Eddy Fu,2,2026-08-31,"banyak hambatan dalam isi aplikasi jkn, pas mau ambil antrian ke faskes pertama nggak bisa, bagaimana ini BPJS, udah dibayar tapi nggak bisa dipakai",Negatif,Negatif,92.6,7.2,92.6,Sesuai
1662,Lisa Nahdalia Pradani,2,2026-08-31,sering bgt erornya dan sering log out sendiri pula. Dah diinput password dan kode yg bener masih aja dibilang salah input,Negatif,Negatif,95,3.9,95,Sesuai
1663,Doli Saputra,1,2026-08-31,"aplikasi nya error parah, orang lagi sakit mau pemeriksaan malah dikit dikit ""UNAUTHORIZED"". BAYANGIN ORANG LAGI SAKIT, NGISI CHAPCA NYA BENER MALAH UNAUTHORIZED UNAUTHORIZED MULU GILA. aplikasi pemerintah gapernah ada yang bener, lu kasih ke swasta dengan budget yang sama, dia udah bisa bikinin lu game GTA 6",Negatif,Negatif,95.2,4.1,95.2,Sesuai
1664,Matshuya Yuia,2,2026-08-31,"kenapa gak bisa dibuka bulan kemaren bisa sekarang gak bisa,kebuka pun ada bacaan tidak ada internet",Negatif,Negatif,89.8,9.9,89.8,Sesuai
1665,Ati Sunarti,5,2026-08-31,baik,Positif,Positif,81,81,18.5,Sesuai
1666,Rijal Sulthoni,2,2026-08-31,katanya satu akun di aplikasi mobile jkn bisa digunakan semua peserta yang masih mencakup 1 KK(kartu keluarga) tapi kok saya coba gak bisa gimana ini tolong diperbaiki,Negatif,Negatif,68.3,31.1,68.3,Sesuai
1667,Kirmanto gedongkuning,5,2026-08-31,josss,Positif,Positif,93.8,93.8,5.8,Sesuai
1668,Dito Angga Saputra,1,2026-08-31,aplikasi gajelas,Negatif,Negatif,89.8,9.1,89.8,Sesuai
1669,Zaskiya Wardani,1,2026-08-31,aplikasi jelekkkkkk,Negatif,Negatif,96,3.7,96,Sesuai
1670,rifdah firjatullah,1,2026-08-31,"review jujur, andai ada aplikasi lain semacam mobile jkn, pasti sy pake itu, asli sih repotnya minta ampun, slalu terjadi gangguan, masukan aja, semoga kedepannya bisa di update yahh aplikasi, kasihan kt yg pemakainya slalu terjadi gangguan error kek apa kek",Negatif,Negatif,85.1,13.9,85.1,Sesuai
1671,Veronica Else dwiandini,4,2026-08-31,"duluu gampang aja login, skrng mau login susahnya minta ampun pdhl NIK udah diketik pw sudah benar capca juga udh bener tp masih aja susah login.. ini mau ambil antrian ke dokter jd makin lama makin penuh slot antrian ke dokter.. tolonglah diperbaiki satu lagi verifikasi wajah jg busetttt dahh susah PAKE BANGET NGGA BISA NGMNG LAGI😭🥴",Negatif,Negatif,98.9,1,98.9,🚨 Bintang 4-5 tapi Prediksi ML Negatif (Taktik Komplain)
1672,Mizuka ?,1,2026-08-31,"aplikasi gajelasss!!! mau daftar udh valid semua identitas, cuman gara gara verifikasi captcha itu harus ngulang ngulang truss??!!! kode sejelas itu masih aja unauthorized sampe harus nunggu balikan lagi dari awal.",Negatif,Negatif,97.6,1.9,97.6,Sesuai
1673,Wilfan Damar Bagasta,1,2026-08-31,Kenapa sih aplikasi plat merah gaada yg bener,Negatif,Negatif,74.8,22,74.8,Sesuai
1674,Danu Pratama,1,2026-08-31,dulu bagus sekarang sulit diakses👎,Positif,Positif,77.5,77.5,20.8,💡 Bintang 1-2 tapi Prediksi ML Positif (Pujian / Salah Klik)
1675,Hery Yadiguest,1,2026-08-31,yang masukkan captcha betul betul mempersulit .. ga semua yang daftar mobile jkn penglihatannya normal.,Negatif,Negatif,82.3,16.8,82.3,Sesuai
1676,Nitha Jittaleela,4,2026-08-31,"aplikasi nya eror, tolong dong diperbaiki. aplikasi bnyk di hp sy, tp JKN doang yg GK eror",Positif,Negatif,75.5,23.7,75.5,🚨 Bintang 4-5 tapi Prediksi ML Negatif (Taktik Komplain)
1677,Tauhid Hidayat,1,2026-08-31,mau login ajah ribet nya minta ampun ..,Negatif,Negatif,93.6,5.6,93.6,Sesuai
1678,acep muhdiana,1,2026-08-31,it nya kurang!!!,Negatif,Negatif,67.8,28.7,67.8,Sesuai
1679,Bima Brantasena,1,2026-08-31,ampas bgt aplikasi susah bgt mau verifikasi aja gagal terus,Negatif,Negatif,95.6,3.7,95.6,Sesuai
1680,Tessalonika yim,1,2026-08-31,"aplikasi nya kenapa ""butut"" banget ya? loaddd terus, keterangan kadang ""offline"" padahal udah ganti2 ke wifi ke data sama aja.. benahi deh? butut banget soalnya, serius. orang mau ke rs ajaa harus nunggu apps lu bener..",Negatif,Negatif,93.1,6.2,93.1,Sesuai
1681,Ekasafitri Pane,1,2026-08-31,tolong lah di perbaiki bug nya..kita mu cepat daftar antrian malah sering gangguan terus,Negatif,Negatif,83.5,15.4,83.5,Sesuai
1682,Suparti Suparti,5,2026-08-31,bagus,Positif,Positif,98.2,98.2,1.7,Sesuai
1683,Joko Miracle,1,2026-08-31,Pengelola APLIKASINYA bukan dipegang oleh yang Profesional. Aplikasi sering terjadi Erorr saat akan menggunakannya. cari tau sendiri pasti anda akan tau bahwa benar aplikasi ini sering bermasalah,Negatif,Negatif,92.8,6.5,92.8,Sesuai
1684,wheredid yougo,1,2026-08-31,"CS nya jelek, pakai outsourcing apa sih? Ganti saja masak CS nya motong motong omongan saya, malah memberikan saya sop dan menghina hina. Emang dia yang gaji saya apa sampek ngasih saya sop segala. Tiap bulan di bayar mau ngurus apa apa dipersulit. Dah bubarin aja.",Negatif,Negatif,96,3.6,96,Sesuai
1685,Selvy Hanmina,5,2026-08-31,membntu dalam mengecek bpjs,Positif,Positif,69.1,69.1,28.7,Sesuai
1686,edi khenedys,3,2026-08-31,Tingkatkan lagi untuk pengguna wifi yang tidak bisa mengakses aplikasi ini...,Netral,Positif,62.6,62.6,35.2,Sesuai
1687,Muhammad Farhan,1,2026-08-31,"aplikasi gak jelas , nunggu kode verifikasi aj gak masuk² ornh Pdahal butuh untuk berobat.",Negatif,Negatif,96.7,3.2,96.7,Sesuai
1688,Rijal Satrio,1,2026-08-31,mohon diperbaiki lagi dan dipermudah untuk proses verifikasi wajah dan nomer handphone,Negatif,Negatif,51.2,47.6,51.2,Sesuai
1689,huddha muezza,1,2026-08-31,bobrok,Negatif,Negatif,79.5,19.3,79.5,Sesuai
1690,yunan suherman,1,2026-08-31,"saat mau daftar online ke dokter gigi aplikasinya error Mulu,sampai sampai gak kebagian no antrian",Negatif,Negatif,91.2,8.5,91.2,Sesuai
1691,andrik krisnawan,1,2026-08-31,"WOY apklu benerin lah bug lu dimana"" nunggu kode otp kek nunggu jawaban dari dia",Negatif,Negatif,90.3,9,90.3,Sesuai
1692,Achmad 88,5,2026-08-31,D update malah ndak bisa login sih...?,Positif,Negatif,59.8,38.3,59.8,🚨 Bintang 4-5 tapi Prediksi ML Negatif (Taktik Komplain)
1693,"Lelly.A S, SE.",5,2026-08-31,ok,Positif,Positif,51.5,51.5,45.6,Sesuai
1694,nanda fachrizal,5,2026-08-31,semoga kedepan semakin bagus dan mudah,Positif,Positif,99.4,99.4,0.6,Sesuai
1695,Reza RFTA,1,2026-08-31,"captcha ga jelas, udah jelas bener tetep aje salah, kocak",Negatif,Negatif,96,3.7,96,Sesuai
1696,Egi Febriansyah,1,2026-08-31,jkn busuk mau login aja susah bener,Negatif,Negatif,96.9,2.6,96.9,Sesuai
1697,ji so,1,2026-08-31,ambil antrean cukup pke nik slesai . klo niat wat mempermudah jgn tanggung . bkin apk kok setengah setengah . .,Negatif,Negatif,85.6,13.9,85.6,Sesuai
1698,Fachry Afta Gibran,1,2026-08-31,APLIKASI SAMPAH GW MAU NGECEK KE DOKTER INI LAGI BURU BURU MALAH SISTEM BERMASALAH CAPTCHA UDAH BENER GABISA TERUS APA SI APK INI,Negatif,Negatif,94.5,4.9,94.5,Sesuai
1699,Nisa NSB,1,2026-08-31,aplikasi sampah mau daftar aja ribet,Negatif,Negatif,97.8,2.1,97.8,Sesuai
1700,Ade Jaya,1,2026-08-31,Setiap update suruh login lagi. Lalu captcha selalu salah. Coba sih bikin captcha yg bisa dibaca.,Negatif,Negatif,94.4,5.1,94.4,Sesuai
1701,WILDAN HABIBI,1,2026-08-31,"bolak balik keluar sendiri, giliran mau login lagi susahnya kebangetan. Jadi bingung kalau butuh untuk berobat sewaktu-waktu.",Negatif,Negatif,94.1,5.4,94.1,Sesuai
1702,Ahmad Fajar Riyanto,3,2026-08-31,"mau buka / ambil antrean loading gak kelar kelar, jadiny gak bisa ambil nomor antrean 🧐",Netral,Negatif,80.2,19.4,80.2,Sesuai
1703,Handy Tjan,1,2026-08-31,"apps goo blox, masuk aja susah mutermulu.. ga di buka bbrp hr hrus login lagi, apps TEK !",Negatif,Negatif,92.3,7.1,92.3,Sesuai
1704,Bandi saja,1,2026-08-31,Parah ini Aplikasi malah offline melulu orang sakit diwajibkan daftar pakai mobile Jkn malah tak bisa-bisa,Negatif,Negatif,91.9,7.5,91.9,Sesuai
1705,rahadi wicaksono,1,2026-08-31,tidak bisa login captca tidak muncul ini gimana sih,Negatif,Negatif,94.6,5.2,94.6,Sesuai
1706,Yoga Akasuki,1,2026-08-31,Ribet,Negatif,Negatif,95.8,3.9,95.8,Sesuai
1707,Dik Adi,2,2026-08-31,"Diperbarui malah kyak t41,. Aplikasi sangat luemot, & sering error,. Padahal depan Wi-Fi,.. 👎",Negatif,Negatif,83.3,15.8,83.3,Sesuai
1708,Dorie Bedog,1,2026-08-31,"sering eror,mau daftar padahal kuota pendaftaran masih banyak tapi di jkn penuh",Negatif,Negatif,92.8,6.4,92.8,Sesuai
1709,MOHAMMAD DJAZIL RIFKI,1,2026-08-31,muter ae pas mau masukin nomer telpon,Negatif,Negatif,88.5,10.3,88.5,Sesuai
1710,Siti Masitoh,5,2026-08-31,Terima Kasih 🙏🙏🙏😇🦁🦅,Positif,Positif,95.5,95.5,4.3,Sesuai
1711,Silvi yanaa,5,2026-08-31,knapa ga bsa instalas,Positif,Negatif,54.2,43.7,54.2,🚨 Bintang 4-5 tapi Prediksi ML Negatif (Taktik Komplain)
1712,Ayu Lestari,1,2026-08-31,error teruss....,Negatif,Negatif,76.2,21.7,76.2,Sesuai
1713,tachul Ida,1,2026-08-31,"Verifikasinya susah, sering gagal. Seakan JKN sekarang tidak boleh digunakan. Wajib pakai mobile JKN, tp aplikasinya sulit digunakan.",Negatif,Negatif,86.3,13,86.3,Sesuai
1714,Edi S,1,2026-08-31,"BIKIN AFLIKASI YANG SIMPEL,,MASUKNYA BANYAK INI ONO ,,,RIBET",Negatif,Negatif,81,18.2,81,Sesuai
1715,Nuraeni Eni,5,2026-08-31,apk nya bagus,Positif,Positif,95.2,95.2,4.6,Sesuai
1716,Muhammad Agung,1,2026-08-31,kode otp gak masuk masuk padahal pulsanya masih ada saya cobak sampek pulsa habis tapi tetep gak muncul kode Oto binatang,Negatif,Negatif,97.6,2.2,97.6,Sesuai
1717,Shiro Neko,1,2026-08-31,"Mau daftar aja ribetnya, scan wajah gagal terus padahal udah sesuai, cahaya bagus, gak pakai aksesoris, terus sms notifikasi juga gak muncul edit semuanya sudah dilakukan, tapi masih sama, stuck di kirim sms",Negatif,Negatif,93.2,6.3,93.2,Sesuai
1718,Ahnaf Nabil,1,2026-08-31,"aplikasi sampahhh mau daftar ribet,verifikasi gagal mulu bukannya mempermudah malah sebaliknya",Negatif,Negatif,98,1.9,98,Sesuai
1719,Sopian Hadi,5,2026-08-31,ok,Positif,Positif,51.5,51.5,45.6,Sesuai
1720,Sigit,5,2026-08-31,bagus,Positif,Positif,98.2,98.2,1.7,Sesuai
1721,Raka Uga,1,2026-08-31,apk apaan banyak gagal,Negatif,Negatif,90.5,8.9,90.5,Sesuai
1722,Ade Citra Pratiwi,4,2026-08-31,"bagus,, tidak antri lagi d puskesmas",Positif,Positif,77.3,77.3,22.1,Sesuai
1723,gusbilar 123,1,2026-08-31,susah untuk di akses,Negatif,Negatif,67.7,30.9,67.7,Sesuai
1724,Agus Ahmad,1,2026-08-31,"rudet,,, tiap mo dipake hese",Negatif,Negatif,72.9,24.9,72.9,Sesuai
1725,jian po,2,2026-08-31,aplikasi masyarakat tp gk bs di download di semua hp... dia pikir semua orang hp ny versi terbaru.. tolol,Negatif,Negatif,89.2,10.2,89.2,Sesuai
1726,Erni Sumartini,2,2026-08-31,"Setiap Update Daftar lagi, Daftar lagi, Wajah aja susah. Mending kalo Inget Password'a kalo lupa gimana?",Negatif,Negatif,92.3,6.9,92.3,Sesuai
1727,Prayogi anggara,1,2026-08-31,"mau login ulang susah, udh masukin password bener sama capca nya malah mental keluar terus",Negatif,Negatif,96.4,2.8,96.4,Sesuai
1728,Damar Danar,5,2026-08-31,bagus,Positif,Positif,98.2,98.2,1.7,Sesuai
1729,MokheeJojo,5,2026-08-31,"Bagus, Compatible, Mudah untuk di gunakan",Positif,Positif,98.8,98.8,1.2,Sesuai
1730,M. Fadli S. Latif,1,2026-08-31,"aplikasi ngga jelas kode capcha selalu salah padahal sudah benar, tolong sistemnya di perbaiki lagi masih kurang baik",Negatif,Negatif,97.1,2.6,97.1,Sesuai
1731,Ayu Andini,1,2026-08-31,Kalo ada rating minus saya pasti akan pilih itu.,Negatif,Negatif,72.4,25.8,72.4,Sesuai
1732,Poedji Setijowati,5,2026-08-31,semoga bisa bermanfaat,Positif,Positif,96.4,96.4,3.4,Sesuai
1733,34_ Anak Agung Ayu Jayantari,1,2026-08-31,"aplikasinya susah saya login, kode vertifikasi tidak dikirim² ke sms padahal udah pakek 2 nomber, sama saja. udah masuk malah terus gangguang terus oflain dia mau akses ini, itu pada gk bisa pdhl urgent bngt butuh. padahal wifi sama kuota kenceng. mengecewakan, toling segera perbaiki. giluran daftar oflain di paskes malah dimarah2 perawat disuruh daftara di jkn, gimana daftar onlain orang jkn nya gk bisaaaa",Negatif,Negatif,97.4,2.4,97.4,Sesuai
1734,Achmad Jayadi,1,2026-08-31,"ini yang buat aplikasi sama yang beli aplikasi tau gak sih kalau aplikasinya kurang bagus.login susah,pendaftaran ribet.kementrian kesehatan masa gak bisa tinjau bawahanya yang mengurus aplikasi?",Negatif,Negatif,93.8,5.8,93.8,Sesuai
1735,raka chenel,1,2026-08-31,aplikasinya sangat tolol masa iya untuk daftarnya susah banget pas isi capca nya sudah benar juga selalu ada jawaban capca yang Anda masukan salah sudah berkali kali jawabanya seperti itu,Negatif,Negatif,93.3,5.8,93.3,Sesuai
1736,Naysila Kurnia,1,2026-08-31,menyulitkan suruh daftar terus mana kalo daftar selalu ada aja yg salah padahal udah b3ner semua,Negatif,Negatif,92.1,6.8,92.1,Sesuai
1737,Ismail Mail,1,2026-08-31,"error mulu, udh login, tiba2 logout, trus mau masuk, padahal captcha udh bener, masa disalahin.. gimana ini?? tolong diperbaiki lagi..",Negatif,Negatif,98.5,1.2,98.5,Sesuai
1738,Ferdy Awan,1,2026-08-31,"CAPCHANYA SALAH MULU EMANG SAYA BUTA KAH, SUDAH HAMPIR 50 KALI DIMASUKKAN SALAH TERUS MAKSUDNYA APA YA? MAU MEMPERSUSAH YG MEMAKAI APKNYA YA? DIPERBAIKI DONG BUKAN DIEM, UPDATE LOHH UPDATEEE BISA GAK DIPERBAIKI MASALAHNYA, APK EMANG KADANG ERROR TAPI TINDAKAN LEBIH LANJUTNYA MANA?",Negatif,Negatif,93.2,5.9,93.2,Sesuai
1739,Sekar Repmu,1,2026-08-31,"aplikasi ribet, apa2 salah,masukin captcha salah terus,masukin nomor salah terus, minimal dibenerin",Negatif,Negatif,92.9,5.9,92.9,Sesuai
1740,Aldi Ramadhan,1,2026-08-31,login dgn nik dan kata sandi uda bener masukin kode captcha juga uda sesuai malah gabisa login trs,Negatif,Negatif,95.1,4.3,95.1,Sesuai
1741,Candra putra Purba,5,2026-08-31,ok,Positif,Positif,51.5,51.5,45.6,Sesuai
1742,Putri Permatasari,1,2026-08-31,aplikasi ga berguna jelek banget ga ngerti aplikasi apaan sangat amat jelek mendirng perbaiki deh aplikasi nya udah login tiba2 logout sendiri harus login lagi susah banget,Negatif,Negatif,98.8,1,98.8,Sesuai
1743,Dwiyan Purbo Prastio,1,2026-08-31,ga bisa login,Negatif,Negatif,95.9,4,95.9,Sesuai
1744,Billy Boy,5,2026-08-31,terlalu hebat ini App sebelumnya mudah sekali namun sekarang sulit verifikasinya terutama di Captcha...tolong perbaiki verifikasinya...,Positif,Negatif,76.3,23.3,76.3,🚨 Bintang 4-5 tapi Prediksi ML Negatif (Taktik Komplain)
1745,Harisallahnurdin Haris,1,2026-08-31,"gabisa login , capca sala terus , ccd",Negatif,Negatif,92.6,6.8,92.6,Sesuai
1746,Coco Robeck_,2,2026-08-31,"sumpah ribet banget. kadang eror lah , kadang susah kode otp lah. hadeuhh",Negatif,Negatif,94.5,4.8,94.5,Sesuai
1747,Rinaldo Togatorop,1,2026-08-31,"captcha selalu salah...mau login aja susah,mau berobat keburu sekarat apa gimana",Negatif,Negatif,96,3.5,96,Sesuai
1748,riska aulia,1,2026-08-31,"aplikasi cacat, nyusahin, mau daftar akun malah gagal terus masikin kode captcha, padhal udah sesuai tapi masih muncul keterangan gagal",Negatif,Negatif,96.5,3.1,96.5,Sesuai
1749,Mahesa Nia,3,2026-08-31,"kacau,, masa udah punya kk baru masih harus pake no kk lama,, trus faskes dokter gigi dan dokter umum kan misah,, knapa ga ada pilihan ganti dokter nya aga lain emang terpalu cerdas hingga otak orang awam jadi lemot🤣🤣",Negatif,Negatif,85,13.7,85,Sesuai
1750,Muh Mauliam Ansyari,1,2026-08-31,Nomor Capcatnya Salah terus padahal sudah benar gimanasih,Negatif,Negatif,93.5,6.1,93.5,Sesuai
1751,Yuli Ani,1,2026-08-31,minta tolong segera di perbaiki ya masa log in lagi2 capcha yg anda masukin salah trs berkali kali ... terimakasih,Positif,Negatif,72.2,26.8,72.2,Sesuai
1752,Heru Bae,1,2026-08-31,sering kali gangguan heran sama apk ini,Negatif,Negatif,91,7.9,91,Sesuai
1753,Veronica Lie,1,2026-08-31,"akunnya keluar terus, masukin akunnya ribet banget. captcha nya salah terus padahal bener sesuai, abis itu bilangnya sinyal nya jelek padahal bagus.",Negatif,Negatif,95.5,4.1,95.5,Sesuai
1754,Fariz apriyansah,1,2026-08-31,"aplikasi jelek banget nungguin kode otp lamanya bukan maen malah terjadi error mulu udah ganti nomor sampe 3 kali masih aja gabisa udah coba daftar pake 3 hp juga masih aja error dan lama nunggu kode otp nya, saya sangat kecewa tolong untuk developer untuk memperbaiki sistem tersebut biar mempermudah kami.",Negatif,Negatif,98.9,0.9,98.9,Sesuai
1755,Thinus Sidalle,5,2026-08-31,puas menggunakan layanan BPJS ..,Positif,Positif,96.9,96.9,2.9,Sesuai
1756,Laila Roza,1,2026-08-31,waktu diperluin aja keluar sendiri. lagi genting gentingnya ga bisa log in. dan ini berkali-kali.,Negatif,Negatif,93.4,6.1,93.4,Sesuai
1757,Iis Kn,3,2026-08-31,"sering logout sendiri,kadang ngebug server saat log in",Netral,Negatif,89,9.2,89,Sesuai
1758,Dzulfikar Kaffi,3,2026-08-31,captcha rusak.udah bener isinya malah gagal terus,Negatif,Negatif,96.6,3,96.6,Sesuai
1759,Aga Naibaho,5,2026-08-31,very goood,Positif,Positif,78.2,78.2,19.1,Sesuai
1760,Cucu Nurhayati Airina Dwi Anatashya,5,2026-08-31,"Bagus Jadi Bisa Proses Semua Data Secara Mandiri 👍👍👍 Nunggu Pembaruan Data Dari BPJS Keliling Berbulan-Bulan Yang Lalu Tidak Kunjung Ada Hasilnya. Setelah Ada Aplikasi Ini Proses Sat Set, Gak Sampai 5 Menit Sudah Bisa Merubah Semua Data Diri Termasuk Pindah Faskes 😁😁",Positif,Positif,77.7,77.7,21.6,Sesuai
1761,ai mimin,5,2026-08-31,alhamdulillah semua nya lebih mudah utk mendapatkan layanan kesehatan ...,Positif,Positif,97.7,97.7,2.1,Sesuai
1762,Syaipul Mustopa Ulum,1,2026-08-31,"saya mau login ulang, tapi dibagian masukin kode captcha kenapa kode selalu salah? saya bahkan sudah lebih dari 10x mencoba dan mengisi kode captcha sesuai dengan yang tertera di kode lalu mengapa informasi yang saya dapatkan adalah ""kode captcha anda tidak valid?"" tolong beribu-ribu tolong ini mah ya, saya bener-bener capek sudah 2 hari tetap saja dibagian captcha nya selalu ada informasi ""kode captcha anda tidak valid""",Negatif,Negatif,93.7,5.4,93.7,Sesuai
1763,Sastra Ibanez,2,2026-08-31,"tiba2 log out, mau log in password di bilang salah, voba lupa password no hp bisa berbeda(berubah)",Negatif,Negatif,94.6,4.9,94.6,Sesuai
1764,Doni Aryasa,1,2026-08-31,captcha eror sudah benar padahal,Negatif,Negatif,89,9.9,89,Sesuai
1765,Sailent Batsure,1,2026-08-31,"Sebenarnya boleh daftar di app ini apa ngga sh masa daftar dr tadi gagal terus capta yg di masukan salah terus,kalo ga boleh daftar setidaknya jangan mempersulit",Negatif,Negatif,96.9,2.9,96.9,Sesuai
1766,Hendra Firmansyah,1,2026-08-31,kode captcha salah terus ribett...m,Negatif,Negatif,89.3,9.7,89.3,Sesuai
1767,Warung Alvan,1,2026-08-31,bagaimana ini chapta selalu salah padahal yang di masukkan sudah benar.. masih aja tetap salah... kalau sperti ini kapan masuknya ke aplikasi,Negatif,Negatif,92.9,5.9,92.9,Sesuai
1768,raden sholeh,5,2026-08-31,bagus sekali saya suka,Positif,Positif,95.6,95.6,3.9,Sesuai
1769,Abd Wahid,1,2026-08-31,log in susah betul. capcha udh bener tetap g bs log in,Negatif,Negatif,90.7,8.4,90.7,Sesuai
1770,mas ipin,1,2026-08-31,"aplikasi ne busuk,mau digunakan dari kemaren"" ga bisa"" mulu",Negatif,Negatif,83.7,15.3,83.7,Sesuai
1771,Ridwan Hamid,5,2026-08-31,"cepat pelayanannya, siip..",Positif,Positif,94.3,94.3,5.2,Sesuai
1772,Raisa Senja,4,2026-08-31,tolong lebih baik lgi jangan mempersulit dengan dftar 🙏🙏,Positif,Positif,55.3,55.3,42.6,Sesuai
1773,supriyadi bewok,1,2026-08-31,makin ke seni makin engga jelas baru juga 4 hari masa harus login ulang mending cahcanya engga bikin pusuing mah,Negatif,Negatif,92.8,6.8,92.8,Sesuai
1774,Zayyan Ahmad,1,2026-08-31,"aplikasi pemerintah, sudah pasti jelek, tapi mau gimana lagi.",Negatif,Negatif,92.6,7,92.6,Sesuai
1775,Marlina Hasibuan,5,2026-08-31,sangat bermanfaat sekali.. terimakasih BPJS..,Positif,Positif,99.5,99.5,0.5,Sesuai
1776,turmudzi turmudzi,1,2026-08-31,log out terus dengan sendirinya gak jelas,Negatif,Negatif,96.4,3.2,96.4,Sesuai
1777,Wahyu Swasono,1,2026-08-31,Ada Update aplikasi.. giliran mau di update.. keluar tulisan Apilikasi ini tidak Kompatibel lagi dengan perangkat anda.. Plissss dehhhh..masak yaw harus pakai HP yang Mahal n Bagus ... aplikasinya kok.sekarang gini yaw.. emang apakah ada gangguan / sedang perbaikan maintence aplikasi yaaa..,Negatif,Negatif,91.9,7.2,91.9,Sesuai
1778,Argha Kristianto,1,2026-08-31,"aplikasi kok down terus,, niat buat gag sih?? kalau niat itu disesuaikan servernya sama pengguna,,captcha eror terus,, mau komplain langsung wajib login,, gag jelas bgt",Negatif,Negatif,95.8,3.8,95.8,Sesuai
1779,Nestle Ali,2,2026-08-31,mau login aja susah bener perbaiki dong,Negatif,Negatif,94.9,4.6,94.9,Sesuai
1780,Siti Sukriah,3,2026-08-31,jkn gangguan ga bisa masuk,Netral,Negatif,94.7,5,94.7,Sesuai
1781,Anna Fathonah,1,2026-08-31,aplikasinya jelek masa tiba² keluar sendri mau login susah bgt ga masuk² padahal kode benar aneh tolong lebih d perhatikan lg,Negatif,Negatif,98.5,1.3,98.5,Sesuai
1782,Anton Pebriansyah,1,2026-08-31,"mending offline aja lah gausah gaya²an segala pake online kalo apk nya jelek, suka logout susah masuk.",Negatif,Negatif,92.2,7.3,92.2,Sesuai
1783,Alwi Hsn,3,2026-08-31,tolong pihak developer tingkatkan/upgrade lagi untuk sistem IT dan server nya karena masih banyak kendala dibagian itu,Netral,Negatif,57.5,34.9,57.5,Sesuai
1784,Pahri,1,2026-08-31,apalah susah bener permintaan anda belum dapat kami proses-proses Wi-Fi lancar data lancar tetep aja permintaan anda belum dapat kami proses-proses di tambah giliran mau verifikasi kode nya ga di kirim-kirim dan yap seperti biasa permintaan anda belum dapat kami proses-proses bobrok amat hapus aja lahh bukannya mempermudah malah mempersulit gblk,Positif,Negatif,87,12.5,87,Sesuai
1785,Reres Kirana,5,2026-08-31,kode captcha tidak keluar padahal internet bagus wifi bagus,Positif,Negatif,55.3,44.2,55.3,🚨 Bintang 4-5 tapi Prediksi ML Negatif (Taktik Komplain)
1786,Eko Saja,1,2026-08-31,kadang aplikasi ini membingungkan rakyat kecil sering log out sendiri dan harus ngisi' lagi capek tau,Negatif,Negatif,95.4,4.2,95.4,Sesuai
1787,lourenson panjaitan,1,2026-08-31,apk gk jelas.. susah banget masuk doang. pdhl dah di isi benar captha nya. !!!!,Negatif,Negatif,97.9,1.9,97.9,Sesuai
1788,muhamad ilyas,1,2026-08-31,"aplikasi layanan pemerinta emng ga pernah ada yang bagus..vrifikasi ga masuk2 pulsa ada juga,tiap waktu nyoba tetep vrifikasi ga masuk masuk bangke emng",Positif,Negatif,79.8,19.6,79.8,Sesuai
1789,Rizal,5,2026-08-31,"kenapa sih setiap di update susah banget masuknya, klo mau diperbarui jangan bikin susah dong... coba dipermudah yg bikin orng kesel",Positif,Negatif,85.8,13.6,85.8,🚨 Bintang 4-5 tapi Prediksi ML Negatif (Taktik Komplain)
1790,DpS official,1,2026-08-31,servernya gede in,Negatif,Negatif,68.8,28.6,68.8,Sesuai
1791,Ayamgoreng Pakkasan,1,2026-08-31,"APLIKASI BUSUGGG, ANEH, ENGGA JELAS",Negatif,Negatif,84.8,14.2,84.8,Sesuai
1792,Ferry Irawan,1,2026-08-31,Ngk bisa login.. captcha nya cuma muter2,Negatif,Negatif,89,10.2,89,Sesuai
1793,Ika,1,2026-08-31,susah daftarnya....g bisa2,Negatif,Negatif,89.2,10.1,89.2,Sesuai
1794,Han Iyrniam,1,2026-08-31,kode otp tidak masuk masuk ngeselin banget💢,Negatif,Negatif,98.1,1.8,98.1,Sesuai
1795,Sokrates 3,1,2026-08-31,sering ngeleh padahal jaringan bagus,Positif,Positif,79.6,79.6,20,💡 Bintang 1-2 tapi Prediksi ML Positif (Pujian / Salah Klik)
1796,Leo King,4,2026-08-31,"Tolong dong, aku dah pake 2 kali ini apk syukur masih manjur. Tapi kenapa pas saya pake lagi, mau daftar nomor antrian malah tidak bisa, katanya ""permintaan belum bisa di proses"". Mau di bilang habis masa rujukan, eh tapi belom habis masa nya dan baru hari ke 2 kontrol ke rumah sakit (karena katanya batas kontrol RS itu hanya 3 hari).",Positif,Negatif,91.4,8.1,91.4,🚨 Bintang 4-5 tapi Prediksi ML Negatif (Taktik Komplain)
1797,Suhartini Tedjo,5,2026-08-31,Mudah digunakan dan semakin lengkap. Sesuai kebutuhan. 👍,Positif,Positif,97.5,97.5,2.4,Sesuai
1798,Rachman Nurdin,5,2026-08-31,bagus,Positif,Positif,98.2,98.2,1.7,Sesuai
1799,Pipit Hartini,5,2026-08-31,mantap tambah mudah ngurus nya,Positif,Positif,92.3,92.3,7.5,Sesuai
1800,Rimh Ryaku,1,2026-08-31,"aplikasi ga jelas, masukin nomer hape, malah kebacanya udh terdaftar, kalo masih suka error ga usah di publish, nyusahin aja",Negatif,Negatif,97.5,2.2,97.5,Sesuai
1801,Aldy Panca Maulana,1,2026-08-31,"udah di berubah kali nomor wa, masih tetep gabisa",Negatif,Negatif,81.6,17.6,81.6,Sesuai
1802,kevin nata,1,2026-08-31,"aplikasi nya tolong di perbaiki!!!! kode OTP gak muncul "" masuk lewat gmail malah tidak dapat di proses ini gimana mau urusnya ke rumah sakit tolong!!!",Negatif,Negatif,97.1,2.9,97.1,Sesuai
1803,Andri Kurniawan,5,2026-08-31,mantap,Positif,Positif,99.2,99.2,0.7,Sesuai
1804,Wulan sari,2,2026-08-31,kenapa sekarang gak bisa ambil antriannya,Negatif,Negatif,76.3,23,76.3,Sesuai
1805,Nia Kusniah,5,2026-08-31,alhamdulillah selalu dipermudahkan dan dilancarkan,Positif,Positif,97,97,2.8,Sesuai
1806,eriza eka,5,2026-08-31,mudah digunakan,Positif,Positif,97.4,97.4,2.6,Sesuai
1807,gabriela devyna,5,2026-08-31,bagus.,Positif,Positif,98.2,98.2,1.7,Sesuai
1808,BUNYAMIN NURFIAWAN,5,2026-08-31,mudah dan sangat membantu,Positif,Positif,99.9,99.9,0.1,Sesuai
1809,Nurmilawati,5,2026-08-31,sangat membantu melalui online,Positif,Positif,93,93,6.8,Sesuai
1810,Bambang Wiryono,5,2026-08-31,semoga bisa di cetak kembali,Positif,Positif,84.7,84.7,14.2,Sesuai
1811,KHAILLA TITA NINGRUM,1,2026-08-31,aplikasi kagajelas banget suka ke logout sendiri giliran di masukin lagi akunnya gak valid muluk keburu mati yg ada nunggu valid mah kalo bisa di perbaikin lagi dah ni aplikasi nyusahin orang kalo mau berobat lama nunggu di apk nya doang bukan lama nunggu di rmh sakit 😡,Negatif,Negatif,95.9,3.8,95.9,Sesuai
1812,agus fahroni (chaplien#087),5,2026-08-31,lumayan cukup jelas informasi nya,Positif,Positif,76.3,76.3,23.1,Sesuai
1813,Pandu Htb,5,2026-08-31,ok,Positif,Positif,51.5,51.5,45.6,Sesuai
1814,laura rahma,1,2026-08-31,"bpjs kesehatan banyak kurang nya, uang nya di korup tapi bayar ga boleh telat, mau login selalu dapat notif permintaan tidak diterima",Negatif,Negatif,82.6,16.1,82.6,Sesuai
1815,Ervie Octovian,5,2026-08-31,Membantu dan meringankan masyarakat kalangan bawah,Positif,Positif,93.1,93.1,6.3,Sesuai
1816,Fa Nia,5,2026-08-31,sangat memuaskan,Positif,Positif,96.7,96.7,2.9,Sesuai
1817,Abijar jelek,1,2026-08-31,"sampah, apk INI just nyaring orang miskin yang ga pun ya HP, OTP ga pernah kekirim, homer lama tiba"" sudah digunakan. APLIKASI SAMPAH, Buang"" anggaran Aja Terus.",Negatif,Negatif,96.2,3.6,96.2,Sesuai
1818,cahyo gmbl2,1,2026-08-31,"tidak bisa daftar verifikasi otp sms gagal terus, gimana solusinya?",Negatif,Negatif,96.4,3.3,96.4,Sesuai
1819,Erlyn Nulava,5,2026-08-31,ok,Positif,Positif,51.5,51.5,45.6,Sesuai
1820,James Kaluntas,5,2026-08-31,👍,Positif,Positif,51.5,51.5,45.6,Sesuai
1821,Lathea Lie,5,2026-08-31,sangat mudah dan membantu,Positif,Positif,99.7,99.7,0.3,Sesuai
1822,Muryanto,3,2026-08-31,"siang bapak/ibu developer, saya diharuskan update apk tapi saat update terkendala akan perangkat yang tidak kompatibel. setelah saya cek dari pembaruan perangkat lunak, perangkat saya sudah mutakhir. padahal biasanya bisa kl untuk update apk jkn. bisa dibantu berikan solusi ya, karena butuh, terima kasih",Netral,Negatif,56.7,38.3,56.7,Sesuai
1823,Ning kring,5,2026-08-31,"BPJS Kesehatan amat sangat membantu masalah pengobatan saya dan keluarga. Semua fasilitas kesehatan bisa digunakan secara gratis dan tidak dipersulit. sudah banyak pengalaman saya menggunakan fasilitas yang diberikan oleh BPJS, baik pengalaman pribadi, keluarga maupun pada saat membantu teman ketika dalam keadaan darurat pertolongan. terima kasih BPJS Kesehatan, sudah membantu masyatakat indonesia ❤️",Negatif,Positif,96.4,96.4,3.5,Sesuai
1824,Gilang Pratama,5,2026-08-31,ok,Positif,Positif,51.5,51.5,45.6,Sesuai
1825,Neneng Omaniah,5,2026-08-31,saya sangat terbantu dengan apk JKN ini saya puas dengan menu layanannya jdi praktis dan lebih cepat dapat jawaban dari setiap permasalahan dan kebutuhan yg berhubungan dengan kesehatan terimakasih JKN,Positif,Positif,99.3,99.3,0.6,Sesuai
1826,Indri Slstri,1,2026-08-31,"sering eror, pas ubah faskes udh disetujui tapi pas mau pesan antrian malah tetep di faskes pertama",Negatif,Negatif,80,19.4,80,Sesuai
1827,Engkos Sarkosi,5,2026-08-31,sangat membatu bagi yg jauh dari perkotaan,Positif,Positif,93,93,6,Sesuai
1828,Isma Ria,5,2026-08-31,lebih mudah untuk mengurus perubahan data dll,Positif,Positif,96.1,96.1,3.7,Sesuai
1829,Dezan Fawaz,5,2026-08-31,bagus,Positif,Positif,98.2,98.2,1.7,Sesuai
1830,Ayanakieu Channel,5,2026-08-31,mantul dan cepat sekali aplikasi nya,Positif,Positif,98.4,98.4,1.5,Sesuai
1831,Arif Rachmansyah,1,2026-08-31,kenapa harus keluar masuk. masuk nya susah veritifikasi susah. kurang memuaskan,Negatif,Negatif,85.2,13.8,85.2,Sesuai
1832,sfo poy,5,2026-08-31,sangat memudahkan dalam mengurus segala yang berhubungan dengan jaminan kesehatan.,Positif,Positif,96.3,96.3,3.4,Sesuai
1833,Muhammad Iqbal,5,2026-08-31,majulah bpjsku,Positif,Positif,60,60,37.3,Sesuai
1834,kang Gandi,5,2026-08-31,kami sangat puas dengan layanannya,Positif,Positif,98.5,98.5,1.2,Sesuai
1835,Adib Latif,1,2026-08-31,aplikasinya parah sekali ini dari awal daftar nggak bisa log in sama sekali setiap log in muncul tulisan belum dapat diproses,Negatif,Negatif,97.4,2.3,97.4,Sesuai
1836,madiyah,1,2026-08-31,no nik sudah benar tetap d salahkan gimana ga bisa ke buka aplikasinya sebel banget,Negatif,Negatif,94.8,4.8,94.8,Sesuai
1837,Firdaus,5,2026-08-31,layanan yg cepat dalam perubahan data,Positif,Positif,96.9,96.9,2.8,Sesuai
1838,M Kurdi,5,2026-08-31,👍👍👍👍,Positif,Positif,51.5,51.5,45.6,Sesuai
1839,irgi fahrezy,1,2026-08-31,lemot,Negatif,Negatif,88.3,11.2,88.3,Sesuai
1840,Aginda Rahayu,5,2026-08-31,pelayanan terbaik,Positif,Positif,93.1,93.1,6.4,Sesuai
1841,Wardoyo Wardoyo,4,2026-08-31,bagus.sangat membantu,Positif,Positif,99.8,99.8,0.2,Sesuai
1842,Fatih Abizar,3,2026-08-31,ngulang daftar jika tidak dibuka dalam seminggu...,Netral,Negatif,64.9,31.2,64.9,Sesuai
1843,Zayn Yunus,4,2026-08-31,sangat memudahkan cuman untuk pelayanan di rumahsakitnya dong di perbaiki trus biar makin baik,Positif,Positif,94.4,94.4,5.5,Sesuai
1844,Rafli Azril Putra Firdaus,1,2026-08-31,lemot verifikasi SMS gak jalan² fitur pemotretan wajah saat mendaftar susahnya minta ampun,Negatif,Negatif,97,2.7,97,Sesuai
1845,Imam Sofyanto,5,2026-08-31,"aplikasi sangat membantu, mudah digunakan",Positif,Positif,99.7,99.7,0.3,Sesuai
1846,Pur Taaha,5,2026-08-31,memuaskan,Positif,Positif,91.7,91.7,7.6,Sesuai
1847,Petrox Gaul2018,1,2026-08-31,Aplikasi tidak jelas fungsinya,Negatif,Negatif,95,4.8,95,Sesuai
1848,The Jongjons,5,2026-08-31,simple,Positif,Positif,83.3,83.3,15.7,Sesuai
1849,Rizki Dwi Saputri,5,2026-08-31,sangat bermanfaat,Positif,Positif,98.7,98.7,1.2,Sesuai
1850,Muhammad Nabhan,1,2026-08-31,Ga bisa masuk terus aplikasi payah. mau daftar berobat aja susah orang keburu mati sebelum berobat,Negatif,Negatif,96.7,3,96.7,Sesuai
1851,Hanif Han07,4,2026-08-31,Tolong dipermudah untuk pendaftarn awal dong susah bngt udah ganti nomer hp juga susah tetep saja. kode otp tidak muncul2 aneh kelamaan di verifikasinya. kadang chpanya bener tpi salah gimana si tolong diperbaiki dan dipermudah untuk daftarnya terutama untuk verifikasi Sms itu,Positif,Negatif,80.8,19,80.8,🚨 Bintang 4-5 tapi Prediksi ML Negatif (Taktik Komplain)
1852,Hiswandi alhuzaini,1,2026-08-31,"sekelas BPJS kok punya Aplikasi abal-abal kayak gini,mintak kode verifikasi aja stengah mati,nggk masuk2, dulu enak banget aplikasi ini,sekarang kenapa ya kayak aplikasi abal-abal nggak mutu",Negatif,Negatif,90,8.9,90,Sesuai
1853,Sugeng Ratmanto,5,2026-08-31,memudahkan peserta dalam segala hal kesehatan,Positif,Positif,92,92,7.6,Sesuai
1854,Ragil Hilmy,1,2026-08-31,daritadi saya mau masuk tidak bisa padahal data sudah benar semua,Negatif,Negatif,94.7,4.9,94.7,Sesuai
1855,Sela Maharani,5,2026-08-31,sangat baguss,Positif,Positif,90.4,90.4,8.5,Sesuai
1856,Nur Hayati,1,2026-08-31,error terus,Negatif,Negatif,93.7,6,93.7,Sesuai
1857,Sins Editz,1,2026-08-31,"aplikasi kaga jelas eror mulu, niat ga sih bikin apk dongo bgt gw daftar udah otp ga masuk tiap masuk eror eror mulu aneh, captcha nya juga bego masa gw ngisi sesuai yang ada pas gw verif di ganti terus katanya salah, gajelas",Negatif,Negatif,99.1,0.7,99.1,Sesuai
1858,Anton Hendrawan,5,2026-08-31,"Oke, bpjs",Positif,Positif,97.4,97.4,2.4,Sesuai
1859,Anindya Felisha,5,2026-08-31,kenapa hai ini susah daftar online,Positif,Negatif,80.5,19.1,80.5,🚨 Bintang 4-5 tapi Prediksi ML Negatif (Taktik Komplain)
1860,Iqbal Ali,1,2026-08-31,"lupa password, ganti password selalu gagal, dipersulit.",Negatif,Negatif,92.6,6.8,92.6,Sesuai
1861,cinta Nayca,5,2026-08-31,sangat puas dan mudah,Positif,Positif,99.3,99.3,0.6,Sesuai
1862,i made astrawan,1,2026-08-31,"pas mau daftar ke rs tujuan malah gak bisa,gangguan terus",Negatif,Negatif,95.6,4.1,95.6,Sesuai
1863,Yudith Widyanto,1,2026-08-31,"aplikasi sering eror,,,belum siap kalian sebenernya punya aplikasi mobile mengikuti perkembangan zaman !!!",Negatif,Negatif,87.8,10.9,87.8,Sesuai
1864,Jhonly Lambenaung,3,2026-08-31,"Penggantian password karena lupa pass error, padahal verikasi by email, tolong perbaiki lagi aplikasi kalian",Netral,Negatif,88.7,9.4,88.7,Sesuai
1865,Relationship Social,5,2026-08-31,Keren,Positif,Positif,94.2,94.2,5.4,Sesuai
1866,Winaska Ismyname,1,2026-08-31,"saya tidak tau apakah ini adalah bug atau ada unsur kesengajaan karena ketika saya melakukan pendaftaran, kode Captcha yang saya masukan selalu saja ditanggapi dengan kesalahan pemasukan kode captcha, padahal kode captcha yang saya masukan itu benar dan data pribadi saya sudah benar. jika ini memang benar adalah bug ataupun kesalahan sistem mohon segera diatasi masalah ini dan saya berharap kalo ini bukan karena unsur kesengajaan untuk menghambat masyarakat mendapatkan pelayanan kesehatan",Negatif,Negatif,85.7,12.9,85.7,Sesuai
1867,Chaterina Chen,5,2026-08-31,perubahan faskes 1 anggota keluarga,Positif,Positif,82.6,82.6,16.8,Sesuai
1868,ResyilLpa indiani,3,2026-08-31,semua sudah benar apk ttep gak bisa k buka dngan alasan nik dan sandi salah.gak ngerti lagi,Netral,Negatif,86.8,9.8,86.8,Sesuai
1869,Ari Sumarna,5,2026-08-31,kenapa GK bisa d donlwod,Positif,Negatif,80.4,19.3,80.4,🚨 Bintang 4-5 tapi Prediksi ML Negatif (Taktik Komplain)
1870,Zam Rony,1,2026-08-31,kasih app harusnya di mudahkan ini susah banget masuk padahal udah bener semua,Negatif,Negatif,93.6,6.2,93.6,Sesuai
1871,Rindye Chinu,3,2026-08-31,aplikasi ini udah keseringan error. dulu bagus...sekarang kurang bagus.,Netral,Negatif,51.1,47.5,51.1,Sesuai
1872,Wahyu Humaida,3,2026-08-31,DI PERBAIKI LAGI APLIKASINYA BANYAK BUG,Netral,Negatif,83,14.2,83,Sesuai
1873,Deal Laiboys99,5,2026-08-31,bagus,Positif,Positif,98.2,98.2,1.7,Sesuai
1874,Ull Faul,2,2026-08-31,"mau Login aja susah, kode cafta sudah sesuai tapi tetep aja kode cafta yg saya masukan salah.",Negatif,Negatif,92.6,6.6,92.6,Sesuai
1875,Mbalkaprot,1,2026-08-31,"akses sulit, capca sering salah padahal udah bener, sering terdapat di device lain padahal cuma 1",Negatif,Negatif,97.1,2.7,97.1,Sesuai
1876,Rini Safrila,3,2026-08-31,apk ini ribet sekali sangat sering logout sendiri fitur jadi sering terkunci,Negatif,Negatif,91.2,8.1,91.2,Sesuai
1877,Maman Surahman,1,2026-08-31,apk kalo berbau pemerintah emang sampah...mau daftar berobat aja ngubeng terus padahal sinyal bagus,Positif,Negatif,57.5,41.7,57.5,Sesuai
1878,Suwarti Handayani,1,2026-08-31,"aplikasi ini sudah susah banyak bug nya juga, gimana sih kalian ini,aplikasi pemerintah tapi busuk. sumpah bukan mempermudah malah mempersulit",Negatif,Negatif,97.7,2,97.7,Sesuai
1879,safa mart,1,2026-08-31,"apk , tidak berguna, masak iya ketika di butuhkan lelet sekali sangat tolol apk ini , developer tidur zn",Negatif,Negatif,88.7,10.9,88.7,Sesuai
1880,Abah Enjum,1,2026-08-31,"Tujuqnnya bagus tapi aplikasinya sering error. Log out sendiri, ambil antrian susah. Apa malah bukan makin bikin susah ini aplikasi",Negatif,Negatif,98.4,1.5,98.4,Sesuai
1881,Ruben Adam,1,2026-08-31,"aplikasi tidak layak, error terus dari servernya. ini orang it nya pada ngapain?ngopi??",Negatif,Negatif,92.5,6.7,92.5,Sesuai
1882,Suparwi,5,2026-08-31,kemudahan pelayanan peserta bpjs,Positif,Positif,97,97,2.7,Sesuai
1883,Eva F. Handa,1,2026-08-31,"""Permintaan anda belum dapat di proses"" kenapa gitu terus, padahal jaringan saya bagus",Positif,Positif,63.8,63.8,35.5,💡 Bintang 1-2 tapi Prediksi ML Positif (Pujian / Salah Klik)
1884,Emma sri widyastuti,5,2026-08-31,good,Positif,Positif,98.5,98.5,1.3,Sesuai
1885,Aburafa Rafa,5,2026-08-31,cepat dan mudah,Positif,Positif,99.2,99.2,0.8,Sesuai
1886,saifan s winata,5,2026-08-31,mantap,Positif,Positif,99.2,99.2,0.7,Sesuai
1887,Sadone Store,1,2026-08-31,aplikasinya benar-benar lemot udah urgent kayak gini udah bayar BPJS tiap bulan tapi setiap mau booking malah diulur-ulur tolong dong diperbaiki kita kan tiap bulannya bayar!!!! ada kendala Mulu aplikasi ga mulus,Negatif,Negatif,96,3.4,96,Sesuai
1888,wahyu indrawan,1,2026-08-31,tiap bulan suruh login percuma buat akun gak guna,Negatif,Negatif,95.9,3.8,95.9,Sesuai
1889,Dandi Ocu,5,2026-08-31,sangat berguna,Positif,Positif,92.9,92.9,6.7,Sesuai
1890,Ridho Achmad,1,2026-08-31,apk gjls gabisa daftar,Negatif,Negatif,83.4,14.9,83.4,Sesuai
1891,Kuripan Lauq,2,2026-08-31,"susah daftar,, nggak bisa trima kode otp...lelet",Negatif,Negatif,97.7,2.3,97.7,Sesuai
1892,dede rohimat,1,2026-08-31,susah daptar,Negatif,Negatif,79.1,19.3,79.1,Sesuai
1893,Ainul Yaqin,1,2026-08-31,malem udah daftar antrian priksa.pas pagi nya nomor antrian ga mau keluar.alhasil ngantriiii lagiiiiiii,Negatif,Negatif,90.6,8.2,90.6,Sesuai
1894,Apayy Slebeww,5,2026-08-31,pakai mobile JKN urusan lebih mudah,Positif,Positif,88.5,88.5,11.2,Sesuai
1895,robertus santiko,1,2026-08-31,aplikasi ini di wajibkan penggunaan nya tetapi sering eror,Negatif,Negatif,82.2,17.3,82.2,Sesuai
1896,Emil Fachri,1,2026-08-31,"Saya menghabiskan waktu 2 jam untuk mendapatkan kode OTP dan tidak dikirim sama sekali, saya coba opsi mendapatkan kode OTP melalui email bisa namun kode OTP masih diminta melalui nomor. tolong di perbaiki lagi",Negatif,Negatif,97,2.7,97,Sesuai
1897,Beni Baijuri,5,2026-08-31,sangat memuaskan.,Positif,Positif,96.7,96.7,2.9,Sesuai
1898,Pandu Julika Rinaldi,1,2026-08-31,"hp saya kadang terindikasi di root, gak bisa di akses. sering disuruh ganti password mungkin per-3 hari. ada notif akun digunakan di perangkat lain walau sudah ganti password. sering auto log out. Padahal beberapa M-banking dan apps keuangan lainnya normal saja. [hp Samsung galaxy note 9]",Negatif,Negatif,96.7,2.8,96.7,Sesuai
1899,Nisa Ulana,2,2026-08-31,sangat sulit untuk menfrekuasikan no antrian butuh hampir 30 x,Negatif,Negatif,82.9,16,82.9,Sesuai
1900,Prayoga Teza,4,2026-08-31,lumayan lah sekelas aplikasi pemerintah mah,Positif,Negatif,65.4,33.8,65.4,🚨 Bintang 4-5 tapi Prediksi ML Negatif (Taktik Komplain)
1901,Feri Dwi,1,2026-08-31,"sebentar bentar update, terlalu buruk kualitas pelayanan",Negatif,Negatif,82.2,17.2,82.2,Sesuai
1902,Abdillah Hidayat,5,2026-08-31,sangat membantu,Positif,Positif,99.7,99.7,0.3,Sesuai
1903,Achmad Saroji,5,2026-08-31,Mudah dan sangat membantu,Positif,Positif,99.9,99.9,0.1,Sesuai
1904,Grimm Mr,3,2026-08-31,mau login aja susah nyaa apalaah berobat jadi sulit malah mati kemudian,Netral,Negatif,91.2,7.1,91.2,Sesuai
1905,El Pra,2,2026-08-30,udh ganti sandi pas mw masuk ketidaknyamanan mulu gc lah klo udh bisa mah,Negatif,Negatif,76.4,20.9,76.4,Sesuai
1906,fiahv4 koleksi,4,2026-08-30,kurang sat set,Positif,Positif,76.1,76.1,21.2,Sesuai
1907,aufa rayya,1,2026-08-30,"susah banget buat daftarnya, niat mau berobat lebih gampang pake bpjs malah dibuat susah sama apk ini, tolong dong jgn dibuat susah kasian yang sakit ga bisa berobat pake bpjs",Negatif,Negatif,92.1,7.5,92.1,Sesuai
1908,kopi hitam,1,2026-08-30,gimana sih nih aplikasi mau daftar aja susah banget harusnya di permudah dong bukan di persulit 😡,Negatif,Negatif,96.7,3.1,96.7,Sesuai
1909,Fandi Sz,1,2026-08-30,lemot,Negatif,Negatif,88.3,11.2,88.3,Sesuai
1910,Asdf Jkl,1,2026-08-30,verifikasi wajahnya susah bangett cokk,Negatif,Negatif,93.6,5.6,93.6,Sesuai
1911,Muhammad Sidik,4,2026-08-30,Bagus,Positif,Positif,98.2,98.2,1.7,Sesuai
1912,Hendri Hermawan,5,2026-08-30,sangat membantu,Positif,Positif,99.7,99.7,0.3,Sesuai
1913,Taton Supraton,1,2026-08-30,"Aplikasi paling ribet dan sulit, akun pernah terdaftar, pas mau cek ulang mlh tdk terdaftar,",Negatif,Negatif,96.7,2.9,96.7,Sesuai
1914,Sun중년,1,2026-08-30,kenapa ya code otp gak pernah masuk mulu kan jadi bingung saya mau daftar nya ini🗿,Negatif,Negatif,93.8,5.5,93.8,Sesuai
1915,bintang timur,1,2026-08-30,mau login katanya harus daftar dulu..giliran udh daftar no hp sudah pernah dipake..GK jelas,Negatif,Negatif,96.1,3.5,96.1,Sesuai
1916,Azizi Blang,5,2026-08-30,mudah,Positif,Positif,92.5,92.5,7.3,Sesuai
1917,aqilla for real,3,2026-08-30,"gatau,kata orang bagus",Positif,Positif,67.9,67.9,31.3,Sesuai
1918,Ratna Esih,5,2026-08-30,mantap,Positif,Positif,99.2,99.2,0.7,Sesuai
1919,Nila Vuqohan,5,2026-08-30,bagus,Positif,Positif,98.2,98.2,1.7,Sesuai
1920,Lukman Hakim,1,2026-08-30,otp sms tidak masuk nomer berbeda beda tetep,Negatif,Negatif,93.2,6.3,93.2,Sesuai
1921,Marsid45 Mar,5,2026-08-30,sangat memudahkan,Positif,Positif,98.4,98.4,1.5,Sesuai
1922,Munnanda eka,1,2026-08-30,"akun logout sndiri giliran mau login susah bnr,sandi bnr gabisa,klik lupa kata sandii pas bagian otp malah gbisa jga, padahal nomer aktif,pulsa ada, udah uninstall trus download ulang jg sama aja, coba beberapa kali jg masih tetep aja gbisa,maunya apa?!?! ngurus ke kantor gtu?,mana pas luangnya weekend,kantor jg liburr,gada wktu ngurus yg ribet""!. udah sabar"" ya ini,dri setengah tahun yang lalu gini teruss,udah coba bikin aduan ke Pandawa jg sama aja gada balesan+ gada tindakan.",Negatif,Negatif,97.3,2.1,97.3,Sesuai
1923,Ahmad Syihab,1,2026-08-30,aplikasi ribetttttt,Negatif,Negatif,94.5,5,94.5,Sesuai
1924,Barry Jo,5,2026-08-30,Baru daftar dan mudah digunakan aplikasinya,Positif,Positif,92.7,92.7,7.1,Sesuai
1925,Kilat gaming,5,2026-08-30,bagus,Positif,Positif,98.2,98.2,1.7,Sesuai
1926,Dj Koclak,1,2026-08-30,"gimana sih, masukin no hp susah banget, Konoha konoha, disusahin mulu",Negatif,Negatif,82.1,14.8,82.1,Sesuai
1927,Huda Huda,5,2026-08-30,terima kasih Mobile JKN ubah nomor hp sama email nya Sangat cepat respon dan ganti pin nya juga cepat aman.,Positif,Positif,95.6,95.6,4.1,Sesuai
1928,Afiat Taufik,5,2026-08-30,Semua menjadi mudah,Positif,Positif,90.5,90.5,8.9,Sesuai
1929,TAMI LESTARI,5,2026-08-30,"membantu memudahkan, semoga tidak ada eror eror",Positif,Positif,87,87,12.6,Sesuai
1930,Yeman Mon,1,2026-08-30,ini aplikasi jeleknya minta ampun dah.,Negatif,Negatif,87,12.2,87,Sesuai
1931,Virman Alamsyah,1,2026-08-30,"Saya sudah Login tapi akun saya selalu keluar sendiri, di tulisan tercatat akun sedang di pakai. Saya aja gak pernah Share ini itu data BPJS saya, gimana orang bisa pake. Kalau orang bisa pake login pun buat apa? emamg mereka bisa berobat pake akun saya? 🤣",Negatif,Negatif,96.6,3.1,96.6,Sesuai
1932,JENDRAL MANISAN,1,2026-08-30,hilangkan kebijakan yang memaksimalkan login di 1 hp hanya 3-4 NIK,Negatif,Negatif,67.8,29.4,67.8,Sesuai
1933,Punika Jaya,5,2026-08-30,"aplikasi bagus, semoga semakin sukses",Positif,Positif,98.5,98.5,1.3,Sesuai
1934,Linda 01,1,2026-08-30,"ga bisa masuk aplikasi, error terus ga bisa 👎",Negatif,Negatif,98.5,1.4,98.5,Sesuai
1935,022_I Komang Vayu Ramiswara,5,2026-08-30,sangat mempermudah urusanku,Positif,Positif,94.4,94.4,5.4,Sesuai
1936,Sesilia Desiyani K,1,2026-08-30,"tolong di perbaiki lagi, mau daftar saja susahnya minta ampun. verifikasi wajah pun susah. aplikasi apa ini.",Negatif,Negatif,98.8,1.1,98.8,Sesuai
1937,Hadi Supriyanto,1,2026-08-30,susah daftarnya terutama pas swap foto,Negatif,Negatif,74,24.8,74,Sesuai
1938,Roy Ani,5,2026-08-30,sangat membantu,Positif,Positif,99.7,99.7,0.3,Sesuai
1939,Yandi Yandi,5,2026-08-30,ok,Positif,Positif,51.5,51.5,45.6,Sesuai
1940,GoodBoy,1,2026-08-30,"aplikasi ny tambah ngrepotin banget, susah banget mau daftar akun udah dicoba ber x x giliran udah bisa daftarin akun mau daftar antrean bwat kontrol g bisa² lagi Aplikasi yg katanya mempermudah nyatanya malah mempersulit",Negatif,Negatif,96.9,2.9,96.9,Sesuai
1941,Zulham Ken,5,2026-08-30,bagus,Positif,Positif,98.2,98.2,1.7,Sesuai
1942,Muiz Salman Abdurrahman,5,2026-08-30,bagus,Positif,Positif,98.2,98.2,1.7,Sesuai
1943,Hendra Baradatu,5,2026-08-30,ok,Positif,Positif,51.5,51.5,45.6,Sesuai
1944,RAHMAT HIDAYAT,2,2026-08-30,maksa banget buat di perbaharui... udah masuk di lockout,Negatif,Negatif,82.4,15.9,82.4,Sesuai
1945,Abah Haji,5,2026-08-30,semoga sesuai harappan,Positif,Positif,86.2,86.2,13.1,Sesuai
1946,Yumna Sianika,4,2026-08-30,bagus,Positif,Positif,98.2,98.2,1.7,Sesuai
1947,NURELLA ELLA,3,2026-08-30,susah masuk ribet amat wajib pake JKN kalo mau priksa tapi ribet ini masuk daftar nya,Negatif,Negatif,95.5,3.8,95.5,Sesuai
1948,Sun fatayati,5,2026-08-30,josjis sangat membantu,Positif,Positif,98.7,98.7,1.2,Sesuai
1949,Ismylove 115,5,2026-08-30,baik,Positif,Positif,81,81,18.5,Sesuai
1950,Dolin Tria Bio Sinaga,1,2026-08-30,"aplikasi busuk, daftar aja ga bisa. uda 3 hari apknya error",Negatif,Negatif,96.9,2.8,96.9,Sesuai
1951,Eka Putri,2,2026-08-30,"JKN lu punya masalah apa si rating bintang dipenuhi masih aja suka ga jelas, ini gimana akun gue selalu logout, 2 hari ga buka JKN udah logout, gue mau ambil antrean jadi ribet, kan error jadi nya selalu mau ambil antrean rujukan nya ga ada padahal ada suratnya, baru ambil surat rujukan baru, ini mau ambil no antrean ga muncul gimana si ga becus amat. EH TOLONG DONG DI PERBAIKI LAGI JKN. RESPON DEH GUE EMOSI BENER INI.",Negatif,Negatif,98.6,1.3,98.6,Sesuai
1952,SULISTINO,5,2026-08-30,mantap,Positif,Positif,99.2,99.2,0.7,Sesuai
1953,ToMars,1,2026-08-30,"apk sampah, gabisa login",Negatif,Negatif,96.9,2.9,96.9,Sesuai
1954,Buah Melon,1,2026-08-30,"sering logout sendiri, begitu mau login ulang susah banget masuknya",Negatif,Negatif,97.2,2.3,97.2,Sesuai
1955,Gede Redasta,4,2026-08-30,"Tolong dibuat agar bisa juga untuk mengecek status keaktifan BPJS orang lain diluar KK kita. Soalnya saudara sering minta tolong dicekin tp saya bingung ngecek lewat mana selain datang langsung ke puskesmas atau ke kantor BPJS. Sudah coba ngecek lewat call center 165 atau whatsapp Pandawa tapi meragukan sistemnya, kayak gak update datanya, karena keterangannya ""data tidak ditemukan atau tgl lahir salah"".",Positif,Negatif,50.6,46.5,50.6,🚨 Bintang 4-5 tapi Prediksi ML Negatif (Taktik Komplain)
1956,Irham Ady Noor Wachid,5,2026-08-30,Terima kasih,Positif,Positif,95.5,95.5,4.3,Sesuai
1957,Fahmi Nur,5,2026-08-30,"Alhamdulillah,. sangat membantu dan memudahkan segala masalah kesehatan",Positif,Positif,99.6,99.6,0.4,Sesuai
1958,LAST POINT,1,2026-08-30,"pendaftaran ""perserta mandiri""nya mana wok?",Negatif,Negatif,58.2,40.2,58.2,Sesuai
1959,Simphony Aprilia,5,2026-08-30,bagus berobat lebih gampang,Positif,Positif,83.9,83.9,15.4,Sesuai
1960,Muhamad rauf,1,2026-08-30,verivikasi wajahnya susah,Negatif,Negatif,90.5,8.1,90.5,Sesuai
1961,Asna Lelah,1,2026-08-30,"terlalu ribet dan rumit login slah terus padahal sudah benar semua, koxe verifikasi gak dikirim-kirim",Negatif,Negatif,97.4,2.3,97.4,Sesuai
1962,Winarsih,2,2026-08-30,"kenapa saat genting malah keluar akun, yg mengharuskan saya harus login lagi, haduhh",Negatif,Negatif,90.2,8.5,90.2,Sesuai
1963,Robbysarma79 robby,5,2026-08-30,siip bag us,Positif,Positif,77.6,77.6,19.8,Sesuai
1964,Jack,5,2026-08-30,sangat membantu,Positif,Positif,99.7,99.7,0.3,Sesuai
1965,Abelmartin Purba,5,2026-08-30,good,Positif,Positif,98.5,98.5,1.3,Sesuai
1966,Andres Payung langi,5,2026-08-30,sangat membantu,Positif,Positif,99.7,99.7,0.3,Sesuai
1967,Nikola Arinanda,5,2026-08-30,sangat membantu.,Positif,Positif,99.7,99.7,0.3,Sesuai
1968,Rudfiel Muskitta,5,2026-08-30,good job,Positif,Positif,97.5,97.5,2.1,Sesuai
1969,Putri Dwi Ayuningtyas,1,2026-08-30,"udh log in, tp pas mau dipake lg tiba2 udh log out sendiri jadi harus log in lg, proses log in jg ribet banget, selalu ada masalah dan harus nunggu dulu. semoga bisa lebih baik kedepannya kalau memang harus pakai apk spt ini.",Negatif,Negatif,94.3,5.3,94.3,Sesuai
1970,Saiful Ulum,1,2026-08-30,aplikasi Gk bermutu.,Negatif,Negatif,85.9,13.2,85.9,Sesuai
1971,Yandi ambiya rahman,5,2026-08-30,good job,Positif,Positif,97.5,97.5,2.1,Sesuai
1972,Muhammad Fadli,5,2026-08-30,mantap,Positif,Positif,99.2,99.2,0.7,Sesuai
1973,Zaleha Leha,5,2026-08-30,baik,Positif,Positif,81,81,18.5,Sesuai
1974,Duy Nurdiansyah,5,2026-08-30,mantap,Positif,Positif,99.2,99.2,0.7,Sesuai
1975,Kinanti Nura Zihan,1,2026-08-30,android versi lama tidak bisa download kasian yg hp nya jadul,Negatif,Negatif,89.4,9.6,89.4,Sesuai
1976,Hengki Wijaya,5,2026-08-30,tolong di percepat perpindahan faskesnya apa lagi hari minggu takut petugasnya libur,Positif,Positif,79.1,79.1,20.1,Sesuai
1977,Firdaus Zakaria,5,2026-08-30,sangat bagus dan puas,Positif,Positif,99.8,99.8,0.2,Sesuai
1978,Rusdi Anto,1,2026-08-30,"mau daftar ke aplikasi ini aja sulit, sdh 3 hari sy coba utk verifikasi no hp tetap aja gak bisa, pulsa sdh sy isi,nomor hp sy ganti lagi yg baru tetap juga keterangannya Billing Eror, ini aplikasi mempermudah apa mempersulit, soalnya sy mau ambil no antrian kontrol utk org tua sy, kalau memang aplikasi ini bikin memperlambat proses utk ke masyarakat lebih baik tidak usah di pakai aplikasi ini",Negatif,Negatif,97.2,2.6,97.2,Sesuai
1979,mtech affandi,1,2026-08-30,"Update ga jelas, login banyak gagal, hp lama ga bisa install, mempersulit sekali, orang orang dengan hp lawas ga bisa jalan. Padahal ya fitur fitur yang utama tidak harus menggunakan android terbaru, ngapain juga pakai AI, kalau malah mempersulit user. Minimal versi android turunin lah. Masak 10 hp hp lawas ndak bisa nginstall lah. benahi alur yang sudah ada matangkan, jangan malah nambah nambah fitur baru yang malah mempersulit user. Ini aja di android 13 gagal login, ga bisa uninstall pun sm",Negatif,Negatif,98.3,1.6,98.3,Sesuai
1980,yunus alif,5,2026-08-30,is the best,Positif,Positif,97.2,97.2,2.3,Sesuai
1981,Suliana,5,2026-08-30,good,Positif,Positif,98.5,98.5,1.3,Sesuai
1982,Asiyah Asiyah,5,2026-08-30,bagus,Positif,Positif,98.2,98.2,1.7,Sesuai
1983,Mahfudinn Muhamad,1,2026-08-30,kenapa apknya ga ada di playstore... ganti apk apa gimana?.... harus versi terbaru apa harus ganti hp? masa iya ganti hp sih aneh.,Negatif,Negatif,96.3,3.4,96.3,Sesuai
1984,Firdaus Firdaus,5,2026-08-30,"sedikit saran, jika pengguna diharuskan merubah data, alahkah baiknya semua bisa di lakukan melalui apk jkn mobile itu sendiri tanpa harus via whatsapp.",Positif,Positif,75.5,75.5,23.8,Sesuai
1985,Muhammad Marjan Saleh,5,2026-08-30,terimakasih mantap,Positif,Positif,99.3,99.3,0.7,Sesuai
1986,Xpander Ultimate,1,2026-08-30,aplikasi tolol,Negatif,Negatif,93.7,5.9,93.7,Sesuai
1987,Mus Maulana,5,2026-08-30,sangat sangat bagus membatu terimaksih poko nya josss,Positif,Positif,99.6,99.6,0.3,Sesuai
1988,Rizal Amiruddin,1,2026-08-30,tidak bisa verifikasi wajah,Negatif,Negatif,96.3,3.4,96.3,Sesuai
1989,Muhammad Abdul Muntholib,1,2026-08-30,"aplikasi burik,mau daftar malah dipersulit",Negatif,Negatif,88.1,10.7,88.1,Sesuai
1990,Ngopi Lah,1,2026-08-30,mau daftar aja susah banget,Negatif,Negatif,96.5,3.3,96.5,Sesuai
1991,MUH IRFAN N,5,2026-08-30,mantap,Positif,Positif,99.2,99.2,0.7,Sesuai
1992,Dewi Lumazah,1,2026-08-30,"Tolong lah dibenerin itu errornya, udh berkali2 minta kode otp tapi ga masuk2!!",Negatif,Negatif,94.5,4.9,94.5,Sesuai
1993,Nor Maulida,5,2026-08-30,"Mudah , dan cepat tanggap",Positif,Positif,98.9,98.9,1,Sesuai
1994,Suswati,1,2026-08-30,"jelek banget, muter2 ga jelas buat ubah data",Negatif,Negatif,86.8,12.9,86.8,Sesuai
1995,Sadi Irawan,5,2026-08-30,kerenn,Positif,Positif,79.8,79.8,17.8,Sesuai
1996,Kurnia Tumanan,1,2026-08-30,"ihhhh, jelek banget, mau ubah faskes kok provinsinya ngga bisa diubah, mau ubah nomor pun ngga bisa2, capekk",Negatif,Negatif,77.3,21.7,77.3,Sesuai
1997,Rodiat,1,2026-08-30,aplikasi pemerintah ko kyagini.. ga bsa daftar.. ribet otp ga masuk verifikasi wajah gagal trus..,Negatif,Negatif,99.2,0.8,99.2,Sesuai
1998,Endang Jajuli,1,2026-08-30,aplikasi yg nyusahin,Negatif,Negatif,70.4,28.8,70.4,Sesuai
1999,Siti Juleha,5,2026-08-30,terimakasih udah membantu,Positif,Positif,93.4,93.4,6.5,Sesuai
2000,Muhimin Imin,5,2026-08-30,Alhamdulillah sangat membantu,Positif,Positif,99.1,99.1,0.8,Sesuai
2001,Risqie hilman,4,2026-08-30,ok,Positif,Positif,51.5,51.5,45.6,Sesuai
2002,Suherman Wijaya,5,2026-08-30,bagus,Positif,Positif,98.2,98.2,1.7,Sesuai
2003,Nurmayanti,5,2026-08-30,biar bintang yang berbicara,Positif,Positif,83.5,83.5,14.7,Sesuai
2004,05. AISYA SALMA SYIRA,1,2026-08-30,login di persulittt salah harus nunggu 180 detik padahal mau ngewar daftar jam 8 hadehhh,Negatif,Negatif,91.3,8,91.3,Sesuai
2005,Fadlan Ibnu,5,2026-08-30,"mantap, mudah di operasikan, ini salah satu layanan terbaik dari pemerintah Indonesia",Positif,Positif,94,94,5.7,Sesuai
2006,Siska Putri,1,2026-08-29,apk gajelas gabisa daftar ataupun login,Negatif,Negatif,93.8,5.6,93.8,Sesuai
2007,Chesya,1,2026-08-29,kenapa kode OTPnya ga bisa terkirim padahal jaringan bagus menggunakan paket data menggunakan wifi tapi selalu ofline padahal kita mau ngambil antrian ke RS jg dri Apk ini benar² mempersulit,Positif,Negatif,55.6,43.2,55.6,Sesuai
2008,E L,5,2026-08-29,ok,Positif,Positif,51.5,51.5,45.6,Sesuai
2009,Risa Aristiyanti,5,2026-08-29,mantap,Positif,Positif,99.2,99.2,0.7,Sesuai
2010,Muhamad Ali,5,2026-08-29,lumayan bagus..,Positif,Positif,92.3,92.3,7.1,Sesuai
2011,kus wantoro,5,2026-08-29,apk sangat membantu &memudahkan peserta,Positif,Positif,99.3,99.3,0.7,Sesuai
2012,Dannix Aprildat,5,2026-08-29,sejauh ini aplikasi bagua milik pemerintah,Positif,Positif,74,74,24.4,Sesuai
2013,Light Dark,1,2026-08-29,"development nya ini ngelem, nyawit atau apa sih bikin apl ga jelas mau daftar aja susah kode OTP nya ga terkirim pasti yg bikin nya boomer yg baru pegang hp",Negatif,Negatif,99.3,0.6,99.3,Sesuai
2014,Andi Eka Prasetyo,1,2026-08-29,"samaa pake nomer tri udah isi pulsa ttep kedetek pulsa tidak cukup, pake nomer XL bisa tapi otp gamasuk",Negatif,Negatif,90.9,7.9,90.9,Sesuai
2015,Dehan Muharani,4,2026-08-29,membantu,Positif,Positif,97.6,97.6,2.3,Sesuai
2016,Haji Ainu AbduL Rokhman,5,2026-08-29,"Mantap.., tetep sehat yah",Positif,Positif,95.6,95.6,4.3,Sesuai
2017,Alan Farlan,5,2026-08-29,sangat cepat proses nya,Positif,Positif,93.4,93.4,6,Sesuai
2018,Andi Haryadi,5,2026-08-29,sangat membantu,Positif,Positif,99.7,99.7,0.3,Sesuai
2019,Lala Juna,5,2026-08-29,good,Positif,Positif,98.5,98.5,1.3,Sesuai
2020,Anda Saja,1,2026-08-29,ga bisa di pakai lgi kenapa ya pada udah ikutin prosedesur,Negatif,Negatif,83.9,15.3,83.9,Sesuai
2021,Sug Pra,5,2026-08-29,Oke makasih,Positif,Positif,96.9,96.9,2.8,Sesuai
2022,Tasya Aldella,1,2026-08-29,"aplikasi sampah, bikin yg sakit makin sakit. mau daftar akun aja susahnya setengah mati.",Negatif,Negatif,94.4,5.3,94.4,Sesuai
2023,Jepri Yoi,1,2026-08-29,apknya ERORRRR parah gak niat buat apknya blokir aja ni apk kalau gak bisa di pake,Negatif,Negatif,93.1,5.9,93.1,Sesuai
2024,Sumiyati Cantik,2,2026-08-29,"tolong di perbaiki mau daftar ke RS pake aplikasi ini susah bgt, login nya jiga susah pdhal wifi bagus paket data ada tapi sering tiba"" keluar dan harus login ulang",Positif,Negatif,88.1,11.6,88.1,Sesuai
2025,Ssamsyul Anaksholeh,4,2026-08-29,masih proses menunggu 14 hari utk aktivitasi,Positif,Positif,71.7,71.7,26,Sesuai
2026,Zainal Arifin,5,2026-08-29,Sangat membantu memudahkan dalam perubahan data dll,Positif,Positif,99.1,99.1,0.8,Sesuai
2027,Astri Nur Aisyah,1,2026-08-29,"jujur ini aplikasi aneh ya, seumur ratusan kali pake aplikasi yang butuh kode OTP ga pernah ada yang butuh pulsa dlu baru dapet OTPnya. cuma aplikasi ini yang WAJIB BANGET punya pulsa biar dapet kode OTP. terus, sering bgt lag padahal jaringan wifi dirumah bagus, tapi suka lemot. belum lagi ditambah suka log out sendiri harus login ulang. benerin dlu deh sistemnya.",Negatif,Negatif,98.9,1,98.9,Sesuai
2028,Zarkasyi Myusuf,5,2026-08-29,mantap sekali,Positif,Positif,99.2,99.2,0.7,Sesuai
2029,Heri Prasetio,5,2026-08-29,bagus,Positif,Positif,98.2,98.2,1.7,Sesuai
2030,Herdawati Dg tino,1,2026-08-29,"mau msk ke apk sj susah sekali , mau ganti nmr HP jg sangat susah malah di arahkan ke PANDAWA BPJS yg sangat tidak berguna semua informasi yg di berikan",Negatif,Negatif,73.4,24.1,73.4,Sesuai
2031,Bapaktua,5,2026-08-29,aplikasi top bgt,Positif,Positif,92.9,92.9,6.3,Sesuai
2032,Hartini Tini,5,2026-08-29,membantu,Positif,Positif,97.6,97.6,2.3,Sesuai
2033,Yulia Rahmawati,5,2026-08-29,mantab apl,Positif,Positif,93,93,6.8,Sesuai
2034,Rahmania Putri,1,2026-08-29,Kok di update mulu ya? | saya revisi. APLIKASI ini bener bener menyusahkan. Sebab saat meminta kode OTP melalui nomor HP selalu gagal padahal nomornya aktif. lemot sekali servernya,Negatif,Negatif,95.6,3.9,95.6,Sesuai
2035,Muhammad Sandi Rahman,1,2026-08-29,"apa ini, kode Verifikasi tidak terkirim, niat dikit buat aplikasi",Negatif,Negatif,97.6,2.2,97.6,Sesuai
2036,Azil Riafamly,1,2026-08-29,apk nga berguna nunggu Verifikasi susah kali.hpus aja kalau nga apk nya,Negatif,Negatif,79.4,19.9,79.4,Sesuai
2037,Riki Setiawan,3,2026-08-29,"mau bikin akun tapi di verifikasi otp no ho nya gk mau muncul, udh dicoba berkali gk jadi². tolong diperbaiki.",Netral,Negatif,93.8,4.8,93.8,Sesuai
2038,ariel patria,1,2026-08-29,sumpah ni aplikasi gangguan Mulu dari dulu,Negatif,Negatif,84,14,84,Sesuai
2039,Mukti Ali,2,2026-08-29,LAMA BANGET NGIRIM KODE OTP NYA KOCAK,Negatif,Negatif,92.4,6.6,92.4,Sesuai
2040,Amalia Putri sagita 2,1,2026-08-29,"yg buat ni aplikasi tolong belajar lagi dahh, susah bgt mau login hadehh",Negatif,Negatif,82,15.4,82,Sesuai
2041,Anna Moersyianna,1,2026-08-29,"admin dongo benerin lagi sistemnya blok, udah berkali"" masuk no telepon malah ga masuk"" kodenya",Negatif,Negatif,94.5,4.9,94.5,Sesuai
2042,M Mone,2,2026-08-29,kenapa kalau rubah faskes kok tidak bisa?,Negatif,Positif,50.8,50.8,48,💡 Bintang 1-2 tapi Prediksi ML Positif (Pujian / Salah Klik)
2043,Heratri Arminingtyas,4,2026-08-29,daftar berobat mnjd lebih mudah,Positif,Positif,90.1,90.1,9.6,Sesuai
2044,arfa novua,5,2026-08-29,mantap,Positif,Positif,99.2,99.2,0.7,Sesuai
2045,Hendra Chino,5,2026-08-29,Keren,Positif,Positif,94.2,94.2,5.4,Sesuai
2046,Maghfiroh Hidayat,1,2026-08-29,kenapa ya aplikasi saya gak bisa di buka padahal nik nya sm,Negatif,Negatif,80.6,18.6,80.6,Sesuai
2047,Fajarul Ulum,2,2026-08-29,"gk bisa verifikasi nomer telp, saran dong",Negatif,Negatif,91.5,8,91.5,Sesuai
2048,Widodo TMG,4,2026-08-29,Selama ini saya dapat manfaat gratis periksa dan tambal gigi. Kenapa nomor telepon bisa berubah? dan itu bukan nomor saya dan atau keluarga saya.,Positif,Positif,74.4,74.4,24.2,Sesuai
2049,jupri okt,5,2026-08-29,memudahkan peserta bpjs,Positif,Positif,94.6,94.6,5,Sesuai
2050,Bapak “Kang dedi” Aing,5,2026-08-29,cepat pelayanan tanpa datang ke kantornya,Positif,Positif,90.8,90.8,8.7,Sesuai
2051,Rie Heni,5,2026-08-29,sangat membantu saya ketika daftar online,Positif,Positif,92.8,92.8,7,Sesuai
2052,Bima Fahmi,1,2026-08-29,"aplikasi busuk, gampang eror",Negatif,Negatif,92,7.6,92,Sesuai
2053,Sudarman 28112010,5,2026-08-29,awesome,Positif,Positif,79.8,79.8,17.8,Sesuai
2054,Dedew Almahyra,5,2026-08-29,cukup bgus,Positif,Positif,95.9,95.9,3.9,Sesuai
2055,Dewi Ambarwati,5,2026-08-29,oke,Positif,Positif,97.4,97.4,2.4,Sesuai
2056,Herlan Seberna,5,2026-08-29,ok,Positif,Positif,51.5,51.5,45.6,Sesuai
2057,Deo Prakoso mRendyTriawan,5,2026-08-29,aplikasi sangat berguna,Positif,Positif,93.5,93.5,6.3,Sesuai
2058,agus smile channel,5,2026-08-29,mantap,Positif,Positif,99.2,99.2,0.7,Sesuai
2059,Nana Diana,1,2026-08-29,"tak bisa daftar lagi Krn hp dibilang apa gitu,mau berobat jadi sulit,mestinya kalo bikin aplikasi itu mempermudah bukannya tambah ribet...yg mau berobat itu orang sakit loooo..",Negatif,Negatif,93.3,6.1,93.3,Sesuai
2060,Ratih Chandra,1,2026-08-29,"Semakin hari semakin merugikan BPJS dg banyaknya aturan medis yg tdk tersosialisasikan ke pihak penerima. pdhl udh bayar bulanan tp akses & penanganan jelek. (1) penebusan obat harus melalui dr.utama, tdk boleh melalui dr konsul internal (2) rujukan di rumah sakit hny bs dipakai sebulan sekali. tdk boleh maju tapi boleh mundur. merugikan sekali ini karena di suruh ke IGD / UGD jika urgent. itu pun blm tentu bs pakai BPJS (JIKA) diperkirakan tdk urgent",Negatif,Negatif,82.6,15.6,82.6,Sesuai
2061,Kinoy Indonesia,1,2026-08-29,"aplikasi nya jelek ,login aja pake di perbatas cuma 3 kali nik . apalagi untuk ibu² bapa² yg mau daftar kesusahan,karna fitur² di persulit . kalo kalian bisa membuat aplikasi,artinya anda harus bisa mempermudah fitur² nya ,jgn samakan otakmu sama otak masyarakat, saya yakin kalo ga terpaksa 0% orang mau download ini aplikasi",Negatif,Negatif,96.4,3.2,96.4,Sesuai
2062,Christian Hidayat,5,2026-08-29,"sangat membantu... di riwayat sudah di lampurkan surat rujukan, apangkah baiknya ada fitur download lampiran surat rujukan agar memudahkan pasien di saat surat rujukan fisiknya rusak atau basah serta robek untuk mencetak ulang dan tanpa harus repot ke faskes awal",Negatif,Positif,56.6,56.6,42.2,Sesuai
2063,Aries “Mayris Pranantya” Pranantya,5,2026-08-29,Sangat Membatu untuk mengakses segala kebutuhan kesehatan diri. terimakasih untuk pemerintah dan khususnya dari kementrian kesehatan indonesia.👍👍🙏🙏,Positif,Positif,98.1,98.1,1.7,Sesuai
2064,Shyannie Shan,5,2026-08-29,membantu dan terbaik,Positif,Positif,96.7,96.7,3.1,Sesuai
2065,Randi Aja Bae,5,2026-08-29,makasih 😊,Positif,Positif,82.2,82.2,16.5,Sesuai
2066,Abi Adia,1,2026-08-29,kualitas aplikasi dari pemerintah gini yak? daftar kirim kode otp nya gada samsek,Negatif,Negatif,96.2,3.4,96.2,Sesuai
2067,Aji Irawan,5,2026-08-29,bagus penting sekli apk ini,Positif,Positif,85.9,85.9,13.9,Sesuai
2068,Aguswan Tabi,5,2026-08-29,baik,Positif,Positif,81,81,18.5,Sesuai
2069,Ega Mayosi,1,2026-08-29,"bintang berbicara..mau berobat aja,aplikasi harus ribet gini..selalu kendala disaat minta kode otp",Negatif,Negatif,94.6,5.1,94.6,Sesuai
2070,MAS BAWOR,2,2026-08-29,aplikasinya error akun nya sering log out sendiri,Negatif,Negatif,97.8,2,97.8,Sesuai
2071,Juli Juli,5,2026-08-29,good...,Positif,Positif,98.5,98.5,1.3,Sesuai
2072,Suman Simarmata,3,2026-08-29,percuma tiap bulan bayar iuran... tp giliran urgen harus ke klinik dulu minta surat rujukan keburu mati duluan pasien..trus klu status urgen harus ke klinik dulu apa fungsinya Ig UGD...di rz...,Netral,Negatif,85.8,10,85.8,Sesuai
2073,Ansori Week,5,2026-08-29,sangat bagdi,Positif,Positif,51.5,51.5,45.6,Sesuai
2074,dapit kemiling,1,2026-08-29,"saya kira aplikasi bagus,ternyata sampah, nunggu kode otp saja lama nya mirip nunggu antrian bbm,,",Positif,Negatif,60.3,38.8,60.3,Sesuai
2075,Dedy S Tamba,1,2026-08-29,lambat,Negatif,Negatif,88.3,11.2,88.3,Sesuai
2076,Email Bebas,5,2026-08-29,apa ini kode otp aja susah banget ga di kirim kirim kalah Ama aplikasi lain yg otpnya gampang masuk,Positif,Negatif,94.4,5.1,94.4,🚨 Bintang 4-5 tapi Prediksi ML Negatif (Taktik Komplain)
2077,KOKOM KEMPOT,4,2026-08-29,Appl ruwet,Positif,Negatif,79.9,19.2,79.9,🚨 Bintang 4-5 tapi Prediksi ML Negatif (Taktik Komplain)
2078,Sasri Doni,5,2026-08-29,sangat membantu dalam perubahan data dan pengambilan nomor antrian,Positif,Positif,96,96,3.9,Sesuai
2079,RENITA NUR,1,2026-08-29,"mau mendaftar offline disuru online,saya sudah download aplikasi ini tetapi tidak bisa mendaftar dengan gangguan dari sistem nya,tolong di perbaiki aplikasinya, bagaimana cara kita mau berobat kalau mau mendaftar offline disuruh nya online tetapi aplikasinya saja begini?!",Negatif,Negatif,93.9,5.7,93.9,Sesuai
2080,Ziva Hasna,5,2026-08-29,pelayan mudah dan ramah,Positif,Positif,97.8,97.8,2,Sesuai
2081,Dede Irwana,2,2026-08-29,susah banget,Negatif,Negatif,86.1,13.1,86.1,Sesuai
2082,Puspita Maharani,1,2026-08-29,"Aplikasi jelek sekali, Menyulitkan, error terus!",Negatif,Negatif,96.2,3.4,96.2,Sesuai
2083,Aroy Lansyah,5,2026-08-29,keren sangat membantu,Positif,Positif,99.7,99.7,0.3,Sesuai
2084,Ninit Yulisti,5,2026-08-29,bagus,Positif,Positif,98.2,98.2,1.7,Sesuai
2085,またWAK GAMING,1,2026-08-29,"Sungguh aplikasi yang menyulitkan berkali-kali verifikasi gagal terus. Verifikasi menggunakan SMS malah ""Nomor kosong"", menggunakan email tidak bisa , verifikasi wajah gagal terus sungguh aplikasi yang sulit didaftarkan",Negatif,Negatif,95.6,4.2,95.6,Sesuai
2086,Ainun Rahma,1,2026-08-29,sangat buruk berobat di sarankan online tp respon lambat gagal terus,Negatif,Negatif,92,7.8,92,Sesuai
2087,Kasianus Gulo,5,2026-08-29,sangat memuaskan,Positif,Positif,96.7,96.7,2.9,Sesuai
2088,Mega Simons,5,2026-08-29,mudah di gunakan,Positif,Positif,90.8,90.8,9.2,Sesuai
2089,Wie Lisha,5,2026-08-29,bagus cepat,Positif,Positif,97.4,97.4,2.4,Sesuai
2090,Eunola D tquile,1,2026-08-29,"verifikasi wajah gapernah jadi,error mulu, verifikasi nomor,smsnya gapernah masuk",Negatif,Negatif,96.5,3.1,96.5,Sesuai
2091,Maulana Al jurjani,5,2026-08-29,membbtu sangat bagus,Positif,Positif,99,99,0.9,Sesuai
2092,sri rezki ramadhani,5,2026-08-29,sangat mempermudah pendaftaran,Positif,Positif,96.4,96.4,3.4,Sesuai
2093,LIMA TELOR,5,2026-08-29,bagus dan mudah,Positif,Positif,99.6,99.6,0.4,Sesuai
2094,Devita Putri Hanggraini,1,2026-08-29,"GANGGUAN TERUSSS LANCAR SAMA GANGGUAN LEBIH SERING GANGGUANNYA tiba² logout sendiri, nomor antrian gak muncul padahal jaringan lancarr",Positif,Negatif,88.2,11.4,88.2,Sesuai
2095,MAKHALUL AKBAR,1,2026-08-29,aplikasi apa ini masa minta verifikasi no hp aja susah tolong perbaiki dong,Negatif,Negatif,96.1,3.5,96.1,Sesuai
2096,marsaida Sitorus,1,2026-08-29,"mau verifikasi susah, semua nya susah",Negatif,Negatif,85.9,13.2,85.9,Sesuai
2097,imron fayzi,5,2026-08-29,pelayanan perubahan sangat cepat dan sukses,Positif,Positif,98.8,98.8,1.1,Sesuai
2098,ahmad Riyanto,5,2026-08-29,bagus dan cepat.,Positif,Positif,99.6,99.6,0.4,Sesuai
2099,Tayini,1,2026-08-29,gangguan mulu hadueh,Negatif,Negatif,75.9,22.4,75.9,Sesuai
2100,Bro Bin Muhammad,1,2026-08-29,"aplikasi kocak, harusnya sistemnya diperbaiki. masuk dah pakai NIK ngk bisa login2. mana no. hp malah keganti sendiri. LOL",Negatif,Negatif,93.2,6.1,93.2,Sesuai
2101,Nurul Husni,5,2026-08-29,baik,Positif,Positif,81,81,18.5,Sesuai
2102,"Irvan Khoiri, M.Pd.I",4,2026-08-29,"mohon bantuannya, tidak bisa login ada tulisan perangkat sudah digunakan untuk login lebih dari 3 NIK, ada 1 NIK yang tidak saya kenali, mohon dibantu",Negatif,Negatif,79.5,19.4,79.5,🚨 Bintang 4-5 tapi Prediksi ML Negatif (Taktik Komplain)
2103,Dhimas 3handoko,5,2026-08-29,best apk,Positif,Positif,93.6,93.6,5.4,Sesuai
2104,ahmad Puji,1,2026-08-29,daftar rawat jalan di suruh online ketika mau daftar malah eror kocak juga nih aplikasi.,Negatif,Negatif,92.5,6.8,92.5,Sesuai
2105,Tamara Sefia Latasti,1,2026-08-29,"sumpah ya mau daftar aja susah, dari verifikasi muka gamau, abistu verifikasi nomor susah",Negatif,Negatif,97.1,2.6,97.1,Sesuai
2106,Adi rianto,1,2026-08-29,apk aneh,Negatif,Negatif,88.6,10.1,88.6,Sesuai
2107,Shafira Dewi,1,2026-08-29,"tiga hari daftar gak bisa bisa, sampai pakai nomer yang ke 3, udah bela belain beli nomor baru tetap gak bisa, mending hapus aja ini aplikasi",Negatif,Negatif,95.9,3.7,95.9,Sesuai
2108,RAHMATULLAH BIN SYAMSUL MARHADI,1,2026-08-29,"harus daftar autodebit, padahal sudah daftar waktu itu, pas mau masuk kembali harus daftar autodebit, dimasukkan bank autodebit, malahan sudah daftar keterangannya, dan mmg sudah daftar, kenapa harus suruh daftar lagi. tidak dapat masuk aplikasi jika belum daftra auto debit, sedangkan sudah daftarkan bank tersebut, mau daftarkan rekening lain tdk ada dalam daftar.",Negatif,Negatif,94.1,5.5,94.1,Sesuai
2109,Maulana Az,1,2026-08-29,"kalo bayar iuran proses cepat, tapi saat menggunakan aplikasi kadang suka logout sendiri akunnya, coba aplikasi bisa di permudah sebagai mana kita membayar iuran?",Positif,Positif,52.7,52.7,46.2,💡 Bintang 1-2 tapi Prediksi ML Positif (Pujian / Salah Klik)
2110,Ongky Saputra,1,2026-08-29,"ini apk jadwalnya dokternya ada tapi gak bisa di pilih, broken banget pokoknya padahal ini sangat membantu tapi sistemnya harus diperbaiki lagi",Positif,Positif,67.3,67.3,32.1,💡 Bintang 1-2 tapi Prediksi ML Positif (Pujian / Salah Klik)
2111,Uzaiiron Ilyas,5,2026-08-29,mantap,Positif,Positif,99.2,99.2,0.7,Sesuai
2112,Love Nikki,1,2026-08-29,aplikasi nya tidak membantu sama sekali,Negatif,Negatif,78.4,20.9,78.4,Sesuai
2113,Ghatfan .ayra85,5,2026-08-29,puas dengan JKN semuanya dipermudah dan sangat membantu... terimakasih,Positif,Positif,99.8,99.8,0.1,Sesuai
2114,Al Saka,1,2026-08-29,ehhhhhhh mobile jkn pulsa ku habisss ya gara gara kau pas aku masukin nomor hp malah eror eror pas ketiba apa kodenya otp muncul tapi gk bisa masukin kide otp nyaa gk jelas ni aplikasi gk guna yusahin aja,Negatif,Negatif,98.9,1.1,98.9,Sesuai
2115,Naba abadiansyah,1,2026-08-28,apk terlalu pintar jadi lemot,Negatif,Negatif,83.9,15,83.9,Sesuai
2116,Untung,1,2026-08-28,tolong perbaiki aplikasinya masak setiap ambil antrian online dgn data yg benar selalu gagal alias Can't,Negatif,Negatif,89.5,10,89.5,Sesuai
2117,Jumirin Trismiati,1,2026-08-28,"mau daftar akun susah verivikasi kode otp no hp gagal trus gak masuk"" kode otp nya verifikasi wajah eror trus",Negatif,Negatif,99.4,0.5,99.4,Sesuai
2118,Hasanah,1,2026-08-28,"aku kasih bintang 1, soalnya kalau sdh mau daftar pasti eror apk apa ini, bukan nya mempermudah malah bikin kesal. tolong di tinjau lebih lanjut.",Negatif,Negatif,93,6.4,93,Sesuai
2119,Heri Channel,2,2026-08-28,makin banyak eror. biasa ambil antriannya. online mudah sekarang malah. banyak gak bisa.,Negatif,Negatif,75.7,24.2,75.7,Sesuai
2120,Zulkarnain,5,2026-08-28,"belum ada gangguan, masih sangat mudah",Positif,Positif,84.3,84.3,15.2,Sesuai
2121,Rianita Adella,3,2026-08-28,tolong dioptimalkan lg sistemnya,Netral,Negatif,66.5,28.8,66.5,Sesuai
2122,Ayu Ashary,1,2026-08-28,tolong perbaik doang soal mau kontrol,Negatif,Negatif,75.4,23.8,75.4,Sesuai
2123,daniel sigalemba,1,2026-08-28,"antrian susah, gagal server melulu, saya sarankan kl ega bs profesional mending manual aja.",Negatif,Negatif,81.6,17,81.6,Sesuai
2124,Selvin TriMarta Halawa,5,2026-08-28,baguss,Positif,Positif,90.4,90.4,8.5,Sesuai
2125,Fery kumbangkelana Fery kumbangkelana,5,2026-08-28,jos,Positif,Positif,93.8,93.8,5.8,Sesuai
2126,Darlan Barasa,5,2026-08-28,mohon bantuannya admin BPJS yg saya hormati pulihkan kembali akun JKN saya karena saya tidak melakukan tindakan yang melanggar hukum,Positif,Positif,67.8,67.8,29.9,Sesuai
2127,Madewi Cakery,5,2026-08-28,mantab jkn,Positif,Positif,96.3,96.3,3.2,Sesuai
2128,Abis hambak Cee,5,2026-08-28,mantap,Positif,Positif,99.2,99.2,0.7,Sesuai
2129,Rio bagus sasongko,1,2026-08-28,ga niat,Negatif,Negatif,88.4,10.7,88.4,Sesuai
2130,Suhitta Wita,2,2026-08-28,aplikasi udh mulai GK bener mau di instal ulang malah gak bisa di instal padahal sebelumnya telah udah di instal,Negatif,Negatif,93.3,6.1,93.3,Sesuai
2131,Thiyan Alfarizi,5,2026-08-28,ok pokok nya,Positif,Positif,80.9,80.9,17.3,Sesuai
2132,Misdariati Dinarsih,1,2026-08-28,No coment! Untung ada org BPJS dirsud yg dituju yg bantu bikin akunnya! Ribet!!!,Negatif,Negatif,82.9,16.2,82.9,Sesuai
2133,Catur Bintang Mala Dewa,3,2026-08-28,"kok jadi aneh banget ini, semua tempat regulasi kalo pake bpjs harus lewat aplikasi dulu, tapi ini karena gw lama ga buka akunnya keluar sendiri, coba reset pw kode verifikasi ga dikasih, dulu pernah ke kantor bpjs kalo harus ada pulsa minimal 10k, ini gw baru isi tapi tetep ga bisa, ga dapet kode, sumpah aneh bet, mau ke kantor lagi tapi udah malem ama kondisi gw udah ga enak banget, tolonglah",Negatif,Negatif,98.1,1.6,98.1,Sesuai
2134,aldi septiana,5,2026-08-28,is good,Positif,Positif,98.5,98.5,1.3,Sesuai
2135,Gia Gio,5,2026-08-28,"matur nuwun BPJS, semoga pemerintah selalu adil untuk memberikan pelayanan yg maksimal",Positif,Positif,84.1,84.1,14.6,Sesuai
2136,Yoga Agustin,1,2026-08-28,"verifikasi sms susah bgt,mana harus ada pulsa lagi",Negatif,Negatif,92.5,7,92.5,Sesuai
2137,Rani Nuryanti,1,2026-08-28,gimana sih mau daftar ko ga bisa masuk sih udah beberapa kali coba tetep ajah ga bisa masuk udah GUNTA ganti no hp tetep ajah ga bisa malah emosi,Negatif,Negatif,96.9,2.8,96.9,Sesuai
2138,Ezra ezra,5,2026-08-28,terbaik,Positif,Positif,81,81,18.5,Sesuai
2139,Diah Firdayani,1,2026-08-28,"kenapa selalu login trus...pdhal email dan sandi benar karna sudah saya catat....TPI susah sekali masuknya lagi...aplikasi ini seharusnya membantu dan mempermudah semua orang...bukan mempersulit semua orang..! tolong dong perbaiki jangan dkit"" log-in trus ..!!!!",Negatif,Negatif,81.9,17.2,81.9,Sesuai
2140,Evander Buluati,5,2026-08-28,goodddd,Positif,Positif,98.5,98.5,1.3,Sesuai
2141,Much Putra Baihaqi Shodiq,1,2026-08-28,daftar sulit banget kayak mau daftar pinjol aja,Negatif,Negatif,92.7,6.6,92.7,Sesuai
2142,Asriady Ainuddin,5,2026-08-28,mantap,Positif,Positif,99.2,99.2,0.7,Sesuai
2143,Sardiirama Irama,5,2026-08-28,aplikasi oke,Positif,Positif,97.4,97.4,2.4,Sesuai
2144,May Linda Kristianty Br Pardosi,5,2026-08-28,sangat memudahkan saya untuk melihat berbagai keuntungan yang ada pada mobile JKN inii,Positif,Positif,90.4,90.4,9,Sesuai
2145,Anfield Ynwa543,1,2026-08-28,susah ribet..,Negatif,Negatif,89.4,9.7,89.4,Sesuai
2146,Sofi Supriati,1,2026-08-28,aplikasi yang membagongkan,Negatif,Positif,55.8,55.8,43.3,💡 Bintang 1-2 tapi Prediksi ML Positif (Pujian / Salah Klik)
2147,Rilby Dwi Putri,1,2026-08-28,"kenapa tidak bisa mengirimkan kode OTP? mau perawatan aja dipersulit segala perlu daftar di sini. kalau emang wajib daftar di sini, jangan jelek gini dong sistemnya. saya jadi tidak bisa daftar untuk perawatan, bagaimana jika sakit ini terus parah? sedangkan daftar aja sulit, dan pihak klinik mewajibkan daftar di sini! tolong lah, untuk apa kami terus membayar bpjs dan pajak, kalau sistemnya saja susah untuk dipake! saya tunggu perbaikannya sebelum orang orang di sini parah karena penyakitnya!",Negatif,Negatif,98,1.7,98,Sesuai
2148,Zan Jess,1,2026-08-28,"keren lo buat begini, mempersulit banyak kegagalan tidak dapat di proses cih",Negatif,Negatif,69.8,29.4,69.8,Sesuai
2149,Pikpik muspikudin Pikpik,5,2026-08-28,lebih baik dan mudah,Positif,Positif,96.2,96.2,3.7,Sesuai
2150,Nadia Salsabila,1,2026-08-28,"ga jelas sistem nya, banyak kali di krpsi",Negatif,Negatif,92,7.2,92,Sesuai
2151,Yaumil Isnaini,1,2026-08-28,"parah , aplikasi rusak2 , sekelas pemerintah aplikasinya malah abal2 , terus mewajibkan rakyat pulak",Negatif,Negatif,93.1,6.4,93.1,Sesuai
2152,I8I52IOO86 Abdullah ramadhan hasibuan,2,2026-08-28,lama kali pemeliharaan sistem nya. aku mau berobat jadi Susah daftar .,Negatif,Negatif,90.2,9,90.2,Sesuai
2153,Ria Nar,1,2026-08-28,"APLIKASI GAJELAS MAU DAFTAR BUAT KONSUL MALAH GA BISA"" ANEHHHHHH!!!!!!",Negatif,Negatif,97.2,2.5,97.2,Sesuai
2154,Toha Saputra,1,2026-08-28,"GK bisa login akun tolong diperbaiki lagi apk nya, lama"" gak ada gunanya apk JKN saya sangat kecewa dan menyesal mendownload apk buruk",Negatif,Negatif,93.7,6.1,93.7,Sesuai
2155,Lukman Hakim,5,2026-08-28,oke,Positif,Positif,97.4,97.4,2.4,Sesuai
2156,Haryono Haryono,5,2026-08-28,jos memudahkan untuk berobat,Positif,Positif,96.9,96.9,3,Sesuai
2157,Ikhwan Destyo,1,2026-08-28,aplikasi terbusuk yang pernah gw pake,Negatif,Negatif,95,4.4,95,Sesuai
2158,Tri Juliyanto,1,2026-08-28,heran gua sama aplikasi pemerintah eror mulu padahal bea maintenance muahal beddd anggarannya,Negatif,Negatif,96.5,3.1,96.5,Sesuai
2159,Yoka Adipio,1,2026-08-28,aplikasi ini menyusahkan masyarakat yang mau berobat vertipikasi sudahnya eror bukannya membantu malah menyusahkan masyarakat. bukannya membantu malah nambah penyakit,Negatif,Negatif,82,17.4,82,Sesuai
2160,Mulyadi Cap,1,2026-08-28,aplikasi nyusahin orang. mau berobat saja bikin ribet,Negatif,Negatif,96,3.7,96,Sesuai
2161,Arif Gunawan,5,2026-08-28,terima kasih telah hadir BPJS.,Positif,Positif,92.2,92.2,7.3,Sesuai
2162,Faraskuuu,5,2026-08-28,sangat membantu,Positif,Positif,99.7,99.7,0.3,Sesuai
2163,erykhasaja,1,2026-08-28,tidak bisa digunakan pendaftaran dipersulit,Negatif,Negatif,84.7,15.2,84.7,Sesuai
2164,Yohanes Nurung,4,2026-08-28,Sekarang semakin baik.,Positif,Positif,76.9,76.9,22.6,Sesuai
2165,Heppy Rizanto,5,2026-08-28,good,Positif,Positif,98.5,98.5,1.3,Sesuai
2166,Thresia Nhia,5,2026-08-28,mantap,Positif,Positif,99.2,99.2,0.7,Sesuai
2167,grace glr,5,2026-08-28,Bagus.. Sangat rekomendasi sekali,Positif,Positif,96.3,96.3,3.2,Sesuai
2168,Kelik Parwanto,5,2026-08-28,sangat membantu dan gak ribet pemakaiannya,Negatif,Positif,62.5,62.5,37.3,Sesuai
2169,Didi Murhadilll,5,2026-08-28,lebih mudah segalanya,Positif,Positif,95.4,95.4,4.3,Sesuai
2170,Zefanya Adinda,4,2026-08-28,"bagus sangat membantu, tetapi kadang suka logout sendiri jd harus sering login berkali kali",Positif,Positif,69.8,69.8,29.7,Sesuai
2171,Siti,2,2026-08-28,"knp ya pas kode otp no nya gk bsa""tolong dong eror mulu",Negatif,Negatif,96.5,3.3,96.5,Sesuai
2172,REMY FRAME,1,2026-08-28,"urgent buat anak saya mau operasi.. udah 2x tiap saya ambil antrean, tiba tiba H-1 Antrean anda dibatalkan . padahal udah ada nomer antrean. parah,, karna pasien BPJS jadi terpinggirkan kayanya.",Negatif,Negatif,93.6,5.9,93.6,Sesuai
2173,RereAndriany,5,2026-08-28,sangat mendominasi,Positif,Positif,51.5,51.5,45.6,Sesuai
2174,Abdul Jumali,5,2026-08-28,"susah masuk, masih jauh lebih bagus aplikasi yg dulu",Positif,Positif,80.3,80.3,19.2,Sesuai
2175,Moza Saefa,5,2026-08-28,Alhamdulillah dg aplikasi JKN terbantu sekali kalau mau periksa tinggal daftar lewat online dan tidak perlu antri,Positif,Positif,90.2,90.2,9.4,Sesuai
2176,Depa Aksay,1,2026-08-28,"udah bosen coba puluhan kali gak berhasil, hanya mempersulit untuk berobat sajaa",Negatif,Negatif,80.1,18.4,80.1,Sesuai
2177,amelia surahman,1,2026-08-28,apk nya tolong greget banget setiap mau daftar ada aja kendalanya bikin kesel!!! bukannya mempermudah malah mempersulit payah!.,Negatif,Negatif,96.1,3.6,96.1,Sesuai
2178,Sitimaryam Mery,1,2026-08-28,alikasi bikin susah org mau berobat malah susah aplikasi sampah..mending gk usah pake aplikasi klo gk mampu nyusahin org aja,Negatif,Negatif,98.2,1.6,98.2,Sesuai
2179,kusuwasono kukuh,5,2026-08-28,mantap bos,Positif,Positif,95,95,4.3,Sesuai
2180,Julak Laraw,4,2026-08-28,"Akhir akhir ini kok susah sekali login. itu captcha jangan dibuat susah, apalagi bagi yang tua susah mengenali karakter huruf/angkanya",Positif,Negatif,54.1,43.3,54.1,🚨 Bintang 4-5 tapi Prediksi ML Negatif (Taktik Komplain)
2181,Afi Afiyani,1,2026-08-28,mau login susahnya minta ampun udh 3 hari masih ga bisa bisa hadehhhh,Negatif,Negatif,97.6,2.2,97.6,Sesuai
2182,A Edi S,4,2026-08-28,sangat berguna,Positif,Positif,92.9,92.9,6.7,Sesuai
2183,Mr Nanda fishing,1,2026-08-28,"aplikasi ini dibuat hanya untuk mempersulit. kalo ada yg ribet ngapain cari yg mudah. bahkan angggaran yg besar akan sia² dipakai buat bikin aplikasi beginian. gk guna, gk bisa login atau daftar.. di klik no hp malah muncul tulsan harap masukan nomer tlp. Malaysia lebih maju dibidang pelayanan karna pejabat yg jujur. kapan Indonesia bisa melani warga dengan baik yah.. pusiiiing.... pusingg...!!!",Negatif,Negatif,93,6.6,93,Sesuai
2184,Uyuy Opop,5,2026-08-28,mudah dan responsif,Positif,Positif,97,97,2.7,Sesuai
2185,ARJUNA ABRAHAM PAAT,5,2026-08-28,good,Positif,Positif,98.5,98.5,1.3,Sesuai
2186,kafi bna,1,2026-08-28,Verifikasi susah....!,Negatif,Negatif,89.9,9.4,89.9,Sesuai
2187,Ben Subandrio,5,2026-08-28,terimakasih,Positif,Positif,92.5,92.5,7,Sesuai
2188,Muzalena,5,2026-08-28,pokoknya the best,Positif,Positif,97.8,97.8,1.8,Sesuai
2189,Mutiatin,1,2026-08-28,"aduh gmn sih eror trs tiba' log out sendiri, mau login lagi malah eror trs",Negatif,Negatif,98.8,1,98.8,Sesuai
2190,Brilian Jayakusuma,1,2026-08-28,BERHARI2 TIDAK BISA MENDAFTAR,Negatif,Negatif,92.5,7.4,92.5,Sesuai
2191,Nur Azizah,1,2026-08-28,sering eror mulu ih,Negatif,Negatif,98.2,1.6,98.2,Sesuai
2192,Atha Fariz,5,2026-08-28,pokonya mantap untuk responnya,Positif,Positif,96.6,96.6,2.8,Sesuai
2193,Fauziyah Lisfana,1,2026-08-28,Saya buka dan login keterangan ya sayang jkn telah berhenti.mohon dong di perbaiki,Negatif,Negatif,62.1,35.4,62.1,Sesuai
2194,muhril efendi,5,2026-08-28,Bagus,Positif,Positif,98.2,98.2,1.7,Sesuai
2195,Vidiya Azadd,4,2026-08-28,tidak masuk jaringan eror.. padhal sudah pakai wifi,Positif,Negatif,63,36,63,🚨 Bintang 4-5 tapi Prediksi ML Negatif (Taktik Komplain)
2196,Abdul Ghofur,1,2026-08-28,perangkat tidak kompatibel . harus pake iPhone mungkin.nyusahin,Negatif,Negatif,92.8,6,92.8,Sesuai
2197,Irfan Gunawan,1,2026-08-28,bisa keluar sendiri in jkn trus ganti password no nya salah .malah nunjuk no lain . kek mana nya ini aplikasi kesehatan buat susah ..,Negatif,Negatif,96.7,3.1,96.7,Sesuai
2198,B Wijanarko,5,2026-08-28,Pelayanan memuaskan,Positif,Positif,95.2,95.2,4.3,Sesuai
2199,Yogi chuakerz,1,2026-08-28,makin sini makin rusakk ini aplikasi. gak bisa daftar.scan wajah gagal . masukin nomor gak bisaa,Negatif,Negatif,96.5,3.3,96.5,Sesuai
2200,Tia Roesjayanti,1,2026-08-28,tidak bisa Terima otp,Negatif,Negatif,73,26.2,73,Sesuai
2201,IEL J. MP T. mesin,5,2026-08-28,ribettttttttt,Negatif,Negatif,95.8,3.9,95.8,🚨 Bintang 4-5 tapi Prediksi ML Negatif (Taktik Komplain)
2202,Eka Pebriati,1,2026-08-28,ga bisa kirim otp,Negatif,Negatif,91,8.4,91,Sesuai
2203,Glen Bilande,1,2026-08-28,ga jelas no hp susah masuk,Negatif,Negatif,97.7,2.2,97.7,Sesuai
2204,sky chanel,1,2026-08-28,kirim otp aja lamanya minta ampun. apalagi bantuin rakyat yang susah.,Negatif,Negatif,90,8.8,90,Sesuai
2205,Seruni Ananda,5,2026-08-28,pelayanannya sangat membantu dengan sabar memberikan penjelasan yang mudah dipahami,Positif,Positif,97.3,97.3,2.5,Sesuai
2206,FRANSISKUS RIANGTOBY,1,2026-08-28,"Niat gak sih buat apknya, masa gak bisa daftar buat masuk terus sih, kalau gak bisa kenapa apknya dibuat yaudah gak usah dibuat aja sekalian, orang gak bisa masuk juga.",Negatif,Negatif,96.7,2.8,96.7,Sesuai
2207,Maryamzeeba,5,2026-08-28,terimakasih... semoga berkah bermanfaat,Positif,Positif,97.8,97.8,1.8,Sesuai
2208,Mimi Fraga,5,2026-08-28,bagusss bngt layanan juga oke,Positif,Positif,97.9,97.9,1.9,Sesuai
2209,Arif Purnama,5,2026-08-28,sangat membantu pelayanan kesehatan,Positif,Positif,99.1,99.1,0.8,Sesuai
2210,SadaR Rudin,1,2026-08-28,"apk ini dibikin untuk memudahkan atau bgmn, soalnya baru maw buat sja akun pertama stgah mati skali bgmna apk ini ? 1, pas pengambilan foto 2, pada saat kirim kode ke nomor telfon 3, verifikasinya stengah mati skali",Negatif,Negatif,84.5,14.2,84.5,Sesuai
2211,Joker Liar,1,2026-08-28,"HAPUS SAJA APLIKASI INI TIDAK BISA MENDAFTAR. SUDAH SCAN WAJAH, SUDAH MASUKAN NIK, SEMUANYA SUDAH DI IKUTI MASIH SAJA TIDAK BISA.",Negatif,Negatif,95.9,3.7,95.9,Sesuai
2212,geraldi suryaputra,1,2026-08-28,"tolong untuk registrasinya di perbaiki, terutama pada saat konfirmasi nomor telp. padahal banyak kok cara untuk konfirmasi selain nomor telp, bisa melalui Email atau lewat WA. kenapa harus lewat SMS sih. sdh 1 minggu saya coba regis tetap tdk mau",Negatif,Negatif,85.2,12.9,85.2,Sesuai
2213,Ziva Falisha,1,2026-08-28,"Yang paling ribet sama aplikasi ini daftar.... Udah isi pulsa kagak masuk juga. Pake ngide pula bikin verifikasi wajah 😭💔 Ehh bodat permudah daftar aplikasi lu apa anjink... Seenggaknya bisa pakai daftar pakai email atau telepon. sumpah SMS verifikasi susah bet masuknya!!! Mana udah coba beberapa kali kagak masuk... Yang bikin tambah ribet ya sistem lu gini kalau ada anak yang daftarin akun orangtuanya. Heran bangeg aplikasi pemerintah rata-rata UI b aja, daftar ribet, WAJIB pula. CACAD!!!!",Negatif,Negatif,99.5,0.4,99.5,Sesuai
2214,Muhammad Said,5,2026-08-28,sangat memudahkan,Positif,Positif,98.4,98.4,1.5,Sesuai
2215,siapa dia,1,2026-08-28,registrasi gagal terus setelah memasukan no hp.,Negatif,Negatif,88,11.3,88,Sesuai
2216,Ikhya,1,2026-08-28,aplikasi pemerintah wajib kok android 9 kok ga didukung gimana mau melayani rakyat,Negatif,Negatif,88.8,10.7,88.8,Sesuai
2217,Sifa Khoirun Nisa,1,2026-08-28,mau daftar tapi tidak bisa krn kode otp nomor hp jg aktif dan nik ktp jg udh bener mohon diperbaiki lagi,Negatif,Negatif,93.6,5.8,93.6,Sesuai
2218,Wandhie Syam,1,2026-08-28,maaf untuk pengembang aplikasinya tolong kenapa bisa saya tidak dapat download link ini lagi,Negatif,Negatif,78.6,19.9,78.6,Sesuai
2219,Ayw Naken oky,1,2026-08-28,tolong ya diperbaiki waktu saya nambah anggota keluarga dibilang udah ada akun dimasukan akun tidak ada didaftarkan tidak bisa masa mau berobat saja dipersulit,Negatif,Negatif,95,4.8,95,Sesuai
2220,Sinta Bukit,5,2026-08-28,saya suka,Positif,Positif,80.3,80.3,18,Sesuai
2221,Wati Ni,1,2026-08-28,kenapa tidak semua hp bisa download aplikasinya tapi ngambil antrian RS harus daftar online dijkn ...,Negatif,Negatif,89.1,10.4,89.1,Sesuai
2222,Yusron,1,2026-08-28,ribet susah daftar nya,Negatif,Negatif,94.1,5.6,94.1,Sesuai
2223,Hayati Ahmad,1,2026-08-28,Bad aplication. Gabisa buat bio wajah. kamera nya menceng²,Negatif,Negatif,89.6,9.1,89.6,Sesuai
2224,Alya Anggi,5,2026-08-28,sering eror,Negatif,Negatif,96.9,2.9,96.9,🚨 Bintang 4-5 tapi Prediksi ML Negatif (Taktik Komplain)
2225,Wiiliam Henri,1,2026-08-28,aplikasi payah mau verifikasi no telpon aja ngak jadi2 parah,Negatif,Negatif,94.1,5.3,94.1,Sesuai
2226,Ei Erblack,5,2026-08-28,semua jadi lebih mudah,Positif,Positif,95.4,95.4,4.3,Sesuai
2227,Gede Sudarma,5,2026-08-28,sangat membantu dan pelayanan nya cepat,Positif,Positif,99.5,99.5,0.5,Sesuai
2228,fatih maulana,5,2026-08-28,ok,Positif,Positif,51.5,51.5,45.6,Sesuai
2229,Putri Kirana,1,2026-08-28,perbaiki lagi deh masa verifikasi wajah error mulu,Negatif,Negatif,92.9,6.5,92.9,Sesuai
2230,Rey Jampang,5,2026-08-28,bagusss,Positif,Positif,98.2,98.2,1.7,Sesuai
2231,camvretch malmsteen,1,2026-08-28,verifikasi no.hp kenapa ga bisa?,Negatif,Negatif,87.8,12,87.8,Sesuai
2232,Sapuan Hukum,5,2026-08-28,bagus,Positif,Positif,98.2,98.2,1.7,Sesuai
2233,ZIZ,1,2026-08-28,aplikasi gak jelas mau daftar aja susah banget tolong diperbaiki lagi sistemnya!!!,Negatif,Negatif,98.7,1.1,98.7,Sesuai
2234,Deri Ahmad,1,2026-08-28,mau daftar susah bener apa lagi pas mau masukin nomor hp sama alamat Gmail. susah pas mau nge daftarin orang tua,Negatif,Negatif,93.2,6,93.2,Sesuai
2235,apri kesbleng,3,2026-08-28,nggk jelas bener enggak bisa login ke aplikasi nyaaa lagi urgent di buat pening sama aplikasi,Netral,Negatif,92.1,6.3,92.1,Sesuai
2236,Ahmad riza Hidayat,5,2026-08-28,semoga amanah,Positif,Positif,92.9,92.9,6,Sesuai
2237,maiya rumaaf,4,2026-08-28,Kenapa Aplikasi Mobile JKN tidak dapat menampilkan riwayat kesehatan anggota keluarga (anak) adalam satu akun? tolong di buatkan agar bisa memantau riwayat kesehatan anak.. Trimakasih,Positif,Positif,74.6,74.6,24.4,Sesuai
2238,Arjun Cell,1,2026-08-28,halo kak untuk aplikasi mobile JKN saya kenapa nggak bisa dipasang lagi padahal handphone saya itu pakai handphone HP Oppo a31 RAM 8 kemarin bisa sekarang nggak bisa gimana nanti kalau saya berobat ini gimana caranya kalau misalkan pengen bisa lagi tanpa ganti handphone karena saya handphonenya cuma punya satu,Negatif,Negatif,81.4,17.6,81.4,Sesuai
2239,Humaira Hilwa,5,2026-08-28,mudah,Positif,Positif,92.5,92.5,7.3,Sesuai
2240,Ahmad Rahmanuddin,5,2026-08-28,"Sudah bagus, dengan tingkat keamanan yang cukup bagus. mungkin mekanisme login bisa di sesuaikan lagi, aplikasi bisa mengingat sesi login di device yang di percaya bukan relogin ketika beda IP Segment saat akses aplikasi ya untung nya masih bisa di permudah dengan menggunakan metode login menggunakan finger. untuk Surat Rujukan bisa di bantu agar user dapat mengunduh sendiri via aplikasi.",Positif,Positif,82.3,82.3,16.9,Sesuai
2241,sadiman 11 juli,1,2026-08-28,"APLIKASI LOLAAAAA BGTTTT, WIFI LANCAR, KUOTA MASIH BANYAKK, BUKA APK MUNCUL TRS POP UP OFFLINE², GABISA BISAAAAAAAAA APLIKASI BOSOKKKKKKKKKK",Positif,Negatif,61,37.8,61,Sesuai
2242,Pads Pads,5,2026-08-28,bagus,Positif,Positif,98.2,98.2,1.7,Sesuai
2243,Rizki Muhamad,5,2026-08-28,oke,Positif,Positif,97.4,97.4,2.4,Sesuai
2244,Toni Jaya Sampurna,5,2026-08-28,sangat membantu,Positif,Positif,99.7,99.7,0.3,Sesuai
2245,Annas Lutfiansyah,1,2026-08-28,"Tidak solutif, mempersulit registrasi, belum optimal, otp tidak terkirim, jaringan server bermasalah.",Negatif,Negatif,94,5.5,94,Sesuai
2246,aming sulaeman,5,2026-08-28,untuk keseluruhan pokoknya keren,Positif,Positif,92.5,92.5,6.8,Sesuai
2247,Bambang Winarno,3,2026-08-28,sering terjadi kendala saat loging,Netral,Negatif,63,29.7,63,Sesuai
2248,Maidar Galingging,1,2026-08-28,"Aplikasi itu dibuat utk memudahkan dan membantu, bukan untuk menyulitkan dan menghambat pasien peserta bpjs utk mendapatkan pelayanan. aplikasi bermasalah harusnya ada solusi dan di kasih cara alternatif lain untuk berobat",Negatif,Positif,70.9,70.9,28.4,💡 Bintang 1-2 tapi Prediksi ML Positif (Pujian / Salah Klik)
2249,Aquila Puruhita,5,2026-08-28,bagus,Positif,Positif,98.2,98.2,1.7,Sesuai
2250,Aan Setyawan,5,2026-08-28,josjiss,Positif,Positif,51.5,51.5,45.6,Sesuai
2251,Yohana Clarissa,1,2026-08-28,halo bagaimana ini aplikasi tiba2 log out. kita mau masuk aplikasi lp password. nah ada menu lp password kita masukkan no hp tp tidak bisa. ini gimana ceritanya Krn mau daftar berobat pun harus melalui online,Negatif,Negatif,96.1,3.4,96.1,Sesuai
2252,Ummank Parare,2,2026-08-28,buat akun saja sulitnya minta ampun bukanya d permudah malah d persulit,Negatif,Negatif,95.1,4.6,95.1,Sesuai
2253,Kisno Saputra,5,2026-08-28,ok,Positif,Positif,51.5,51.5,45.6,Sesuai
2254,Rikalistiana Sari98,1,2026-08-28,"mau berobat diwajibkan daftar online dulu . giliran aplikasi digunakan dikit "" trouble mulu",Negatif,Negatif,82.4,16.9,82.4,Sesuai
2255,Wildan Fahmi,1,2026-08-28,aplikasi busuk,Negatif,Negatif,92.9,6.4,92.9,Sesuai
2256,Selvi Jae,1,2026-08-28,"APLIKASI SANGAT BERMANFAAT TAPI....... kenapa gak bisa pilih opsi faskes tingkat lanjut ada keterangan pada aplikasi ""tidak terhubung ke server rs"" katanya ini aplikasi untuk mempermudah tapi kok kayak gini ya jdinya mempersulit orang jika mau daftar online HADUHHH TOLONG DITINDAK LANJUTI YAAAA MAU DAFTAR ONLINE KOK SUSAH GEGARA INI TOLONG PERBAIKI APLIKASI YG ADA KETERANGAN SEPERTI ITU.... muak banget jujur UDAH BERAPA HARI APLIKASI KYK GINI TRSS KAPAN DAFTARNYA INI TOLOL",Negatif,Negatif,90.1,9.4,90.1,Sesuai
2257,Indra Nurhidayah,1,2026-08-28,aplikasi yang sangat ruwet. harus 1 akun 1 nomer hp dan jika nomer sudah digunakan tidak bisa di gunakan di akun beda. terus bagaimana jika yng butuh akun adalah orang lansia masa iya harus beli hp dan nomer baru dulu. harusnya 1 akun bisa di akses untuk 1 keluarga.,Negatif,Negatif,92.5,7.2,92.5,Sesuai
2258,Dewi Kusuma,1,2026-08-28,"gedeg banget tiap mau daftar pas masukin nomor hp selalu keterangan nya belum bisa di proses terusssss, sudah nyoba uninstall dan install lagipun trep gabisa, udah gitu kalo mau masukin nmr yg beda keterangannya nmr sudah di gunakan, yaelah jadi aja engga 😡😡😡😡 ini bukan dlm waktu sehari atau seminggu ya tapi dr bulan2 sebelumnya sudah nyoba ttep begituuu , nyoba lagi juga tetep begitu. ga mutu bgt !",Negatif,Negatif,93.6,5.4,93.6,Sesuai
2259,fendie saja,4,2026-08-28,terkadang masih lemot nggih,Negatif,Negatif,77.7,20.8,77.7,🚨 Bintang 4-5 tapi Prediksi ML Negatif (Taktik Komplain)
2260,Unknown Number,1,2026-08-28,otp SMS g bisa,Negatif,Negatif,92.5,7.2,92.5,Sesuai
2261,irianto sesa,1,2026-08-28,aplikasi payah,Negatif,Negatif,84.4,14.1,84.4,Sesuai
2262,eko setyo haryadu,1,2026-08-28,Lemott dan hrs berulang2 kalau mau log in,Negatif,Negatif,78,19.7,78,Sesuai
2263,Bli Rafiq,5,2026-08-28,mudah dan memudahkan,Positif,Positif,98.6,98.6,1.4,Sesuai
2264,Winta Lita,5,2026-08-28,sangat membantu,Positif,Positif,99.7,99.7,0.3,Sesuai
2265,Nora Destiyanda,1,2026-08-28,OTP susah masuk selalu gangguan padahal pulsa dan wifi ada !!!,Negatif,Negatif,91.1,8.1,91.1,Sesuai
2266,Hans HW,5,2026-08-28,mantap,Positif,Positif,99.2,99.2,0.7,Sesuai
2267,Ainur Ifa,1,2026-08-28,ruwet,Negatif,Negatif,79.9,19.2,79.9,Sesuai
2268,Kriswantobilal Bilal,1,2026-08-28,untuk mendaftar aja susah apl jangan bikin susah,Negatif,Negatif,90,9.5,90,Sesuai
2269,Nang Pabuaran,5,2026-08-28,minta di update tapi jadi tidak kompatsblr,Positif,Negatif,61.6,36.9,61.6,🚨 Bintang 4-5 tapi Prediksi ML Negatif (Taktik Komplain)
2270,Warti Susanti,1,2026-08-28,"selamat pagi,,,saya terkendala pas masuk ke mobile JKN dari kemaren gak bisa aj buat daftar di faskes 1, hari ini saya coba daftar lansung ke faskes 1 pake nomor antrian sementara dan itu juga belum tentu bisa di periksa dokter nya. minta solusi terbaik, agar aplikasi bisa digunakan kembali, makasih",Positif,Negatif,57.7,41.6,57.7,Sesuai
2271,Jesica Rara,1,2026-08-28,lola bgt,Negatif,Positif,60.4,60.4,37,💡 Bintang 1-2 tapi Prediksi ML Positif (Pujian / Salah Klik)
2272,Guntur Official,4,2026-08-28,min saran min tambahkan check laboratorium nya min,Positif,Positif,61.8,61.8,35.9,Sesuai
2273,Nadhifa Almahyra,1,2026-08-28,tidak dapat menginstal.,Negatif,Negatif,64.4,34.1,64.4,Sesuai
2274,Ardiana Dwinur Nugraha,1,2026-08-28,Aplikasi rusak mau daftar baru gabisa bisa masukin no telp,Negatif,Negatif,88.7,10.2,88.7,Sesuai
2275,sutrisno edi,5,2026-08-28,mudah digunakan,Positif,Positif,97.4,97.4,2.6,Sesuai
2276,Weni Arsi wibowo,1,2026-08-28,"kayak mana sih aplikasi ini bikin kesel, mau masuk muter terus gimana mau daftar berobat lewat jkn kalo gak bisa masuk, internet udah stabil tapi masih muter muter captcha nya haduhh, perbaiki dong aplikasi nya jangan buat kesel gini, bad banget!",Negatif,Negatif,96.8,2.9,96.8,Sesuai
2277,oryza nofasyah,5,2026-08-28,ok,Positif,Positif,51.5,51.5,45.6,Sesuai
2278,nur atika,1,2026-08-28,"tolong di perbaiki, ini g jelas betul datanya, grus masuknya GANGGUAN TERUS G TERIMA KODE OTP, TOLONG DONG",Negatif,Negatif,90.2,9.5,90.2,Sesuai
2279,Sukma Hidayat,1,2026-08-28,"ini gimana mau login gak bisa ,kirim ke nomor untuk perivikasi malah tidk dapat di proses mulu ? udh ganti beberapa nomor ttp aja sama ,ini untuk mempermudah masyarakat apa buat nyusahin masyrakan yg mau daftar jkn ?",Negatif,Negatif,95.4,4.3,95.4,Sesuai
2280,Vero Alvianus,1,2026-08-28,aplikasi tidak bisa verivikasi SMS malah gagal terus .. aplikasi macam apa ini tidak membantu yang sedang membutuhkan,Negatif,Negatif,94.1,5.5,94.1,Sesuai
2281,Saep Pudin,5,2026-08-28,mantap👍,Positif,Positif,99.2,99.2,0.7,Sesuai
2282,Sems Tindi,1,2026-08-28,aplikasi tololl daftar gabisa²,Negatif,Negatif,73.4,25.3,73.4,Sesuai
2283,Indra Wijaya,1,2026-08-28,tidak bagus karna pelayanan kurang respon trus buat mau ambil antrian juga sangat ribet kadang gak terdaftar di mobile jkn padahal suda ada surat kontrol mohon di perbaiki kalo gak bisa mending di hps aja tidak ush pake apk klo masih blm bisa di perbaiki,Negatif,Negatif,90,9.7,90,Sesuai
2284,Yadie Merem,1,2026-08-28,malah tidak bisa di hp saya,Negatif,Negatif,94.2,5.7,94.2,Sesuai
2285,Achmad wahyudi,1,2026-08-28,buat daftar saja susah .. log in ganti password apa lagi.. semua apk pemerintah gak ada yang bisa dipakek..,Negatif,Negatif,97.7,2.1,97.7,Sesuai
2286,Rena Mbem21,1,2026-08-28,"kan mau daftar, masukin No Hp kenapa harus masukin kode dulu, udah gitu notifikasi nya lama lagi malah ga ada sama sekali tolong lah masa mau daftar aja harus ada kode verifikasi dulu pas masukin nomor handphone, padahal sinyal nya bagus.",Positif,Negatif,92.7,6.7,92.7,Sesuai
2287,Eliya,1,2026-08-28,memudahkan apa menyusahkan iya pake apk segala enak jg fitus gampang dn tnp kendala ini apa apa eror trs tbtb keluar sndiri gajelas,Negatif,Negatif,91.6,8.2,91.6,Sesuai
2288,umaryadi umaryadi,5,2026-08-28,oke,Positif,Positif,97.4,97.4,2.4,Sesuai
2289,Ross Burke,1,2026-08-28,nggak sempurna,Negatif,Negatif,67.2,30.6,67.2,Sesuai
2290,pandhu fillardy,1,2026-08-28,"eror terus pas daftar aneh, disuru isi nomor telefon pas verifikasi malah eror, diperbaiki lah",Negatif,Negatif,96.7,3,96.7,Sesuai
2291,Mardiah,1,2026-08-27,"tidak bisa minta kode otp, APLIKASI BURUK",Negatif,Negatif,99.3,0.7,99.3,Sesuai
2292,No Valdo,1,2026-08-27,aplikasi pemerintah GK guna udah 2 jam verifikasi nomor karena lupa password ditulis mohon maaf server sedang tidak bisa merespon,Negatif,Negatif,97.4,2.4,97.4,Sesuai
2293,Habibah app,5,2026-08-27,sangat membantu,Positif,Positif,99.7,99.7,0.3,Sesuai
2294,sabrina situmeang,2,2026-08-27,"Lupa pass,pas dftr no hp & alamat email susahnya minta ampun,pdhl email & no hp tdk pernah ganti,tolong perbaiki layanannya",Negatif,Negatif,93.4,6,93.4,Sesuai
2295,As Ngari,5,2026-08-27,bagus,Positif,Positif,98.2,98.2,1.7,Sesuai
2296,Tyo Shireen,5,2026-08-27,ok,Positif,Positif,51.5,51.5,45.6,Sesuai
2297,fredy youwe,5,2026-08-27,sangat membantu,Positif,Positif,99.7,99.7,0.3,Sesuai
2298,Fitri Nurul Hikmah,1,2026-08-27,Nyawa kami ga seberharga itu ya Pak/Buk?,Negatif,Negatif,65,31.2,65,Sesuai
2299,FIKRI NURHAFIZ,1,2026-08-27,"aplikasi tersampah, minta kode otp aja belum dapat di proses terus, padahal pulsa banyakkk!!!",Negatif,Negatif,97.5,2.3,97.5,Sesuai
2300,qurrata ayunin,5,2026-08-27,sangat memudahkan administrasi,Positif,Positif,96,96,3.7,Sesuai
2301,Alivia Ningtyas,5,2026-08-27,aplikasi nya bagus,Positif,Positif,95.2,95.2,4.6,Sesuai
2302,Ogi Sing,1,2026-08-27,"kode kompirmasiya g datang"" , masak iya angaranya di korupsi jugak?",Negatif,Negatif,80.9,17.8,80.9,Sesuai
2303,Alifa Callia,1,2026-08-27,"aplikasi berbayar, tapi daftar aja susah kaya mau ngambil gratisan",Negatif,Negatif,85.5,13.1,85.5,Sesuai
2304,Nurisnan _OS,1,2026-08-27,"Anda mewajibkan online, tapi aplikasinya tidak siap, untuk verifikasi eror. Sudah dengan nomor hp, pulsa, paket data aktif tetap tidak bisa. Justru mempersulit bukan mempermudah.",Negatif,Negatif,94.1,5.5,94.1,Sesuai
2305,dodi s,5,2026-08-27,bagus lengkap,Positif,Positif,96.3,96.3,3.3,Sesuai
2306,Umar Taufiq,5,2026-08-27,captcha nya gak muncul muncul kenapa ?,Positif,Negatif,86.7,12.8,86.7,🚨 Bintang 4-5 tapi Prediksi ML Negatif (Taktik Komplain)
2307,Syafiqah Hanada,4,2026-08-27,Terus Tingkatkan keamanan aplikasi ini juga dapat membantu bagi penggunanya terimakasih,Positif,Positif,94.3,94.3,5.3,Sesuai
2308,Irwan Fauzi,1,2026-08-27,"Apl untuk orang kalangan seperti saya mana bisa menggunakan apl ini,untuk instal/download aja GK bisa karena Hp saya tidak support untuk apl mobile JKN ini, jadi bukan mempermudah Rakyat malah mempersulit Rakyat Kecil, terus bagaimana kalau yg tidak memiliki Hp Apalah Dayaaaaaaaaa......!!!!!!!",Negatif,Negatif,89.8,9.9,89.8,Sesuai
2309,Sefty Nur,5,2026-08-27,sangat baik,Positif,Positif,96.4,96.4,3.4,Sesuai
2310,Rasta Lica,1,2026-08-27,makin ribet aja. gimana kalau ngg punya hp mau ngurus susah yg susah makin susah aja,Negatif,Negatif,87.6,11.6,87.6,Sesuai
2311,Enes Paembonan,5,2026-08-27,"bagiku aplikasi ini sangat bermutu segala yang tak dapat dijangkau bisa membantu lewat aplikasi ini ,dan semoga lebih baik lagi kedepannya dan dapat berkembang untuk kita yang membutuhkan🙏😇",Positif,Positif,91.6,91.6,7.9,Sesuai
2312,directoralfa,1,2026-08-27,"Ribet banget tiap daftar no. RM tidak boleh kosong, udah lapor cs RS nya suruh daftar lagi, tiap jam 00.00 selalu kehabisan, masalahnya tetep sama no. RM tidak boleh kosong. Itu staff RS nya kerja apa gak sih. Ini aplikasi juga sampah, masa sebelumnya gara-gara dibatalkan (dokter cuti) langsung keblokir dari sistem, nyusahin orang aja.",Negatif,Negatif,97.8,1.8,97.8,Sesuai
2313,foreigners,1,2026-08-27,busuk bgt aplikasinya klo jam 11 pdhl mo rehab krna dr siang ga sempet pegang nr bs jam 11,Negatif,Negatif,85.5,12.9,85.5,Sesuai
2314,Neneng Khaerunnisa,5,2026-08-27,bagusss,Positif,Positif,98.2,98.2,1.7,Sesuai
2315,Andi Wandi,5,2026-08-27,sangat memuaskan,Positif,Positif,96.7,96.7,2.9,Sesuai
2316,Bastian Rio,1,2026-08-27,"aplikasi busuk, ya kali udah daftar dapaet antrian trs dibatalin , dicoba ambil antrian baru data ngga ke save dr sistem, ditunggu 1x24 jam masih gagal trs. Blm lagi klo pas hari H mo checkin pasti eror, cape bener sama ini aplikasi. benerin deh tu sistem!!!",Negatif,Negatif,95.1,4.5,95.1,Sesuai
2317,Falah Rakhmatiana,5,2026-08-27,Bermanfaat sekali mudah digunakan,Positif,Positif,99.2,99.2,0.8,Sesuai
2318,Anggy AI,2,2026-08-27,dikit dikit error dikit dikit relogin,Negatif,Negatif,66.7,30.5,66.7,Sesuai
2319,Mimi icha,4,2026-08-27,"kadang suka eror aplikasinya pas mau daftar online , tolong di perbaiki",Positif,Negatif,66.7,32.6,66.7,🚨 Bintang 4-5 tapi Prediksi ML Negatif (Taktik Komplain)
2320,Pray Akbar,5,2026-08-27,3 anak ku lahir pake bpjs dan semua pelayanannya bagus alhamdulillah.. dokter elvira spog juga bagus rs hermina juga bagus.. top lah alhamdulillah sehat selalu kita semua yg hidup di bumi indonesia 😇🫡,Positif,Positif,97.1,97.1,2.7,Sesuai
2321,Seli Indriani,5,2026-08-27,sekarang mudah digunakan meski juga ada loading atau error👍🏼,Positif,Positif,86,86,13.8,Sesuai
2322,Ammar Damanik,5,2026-08-27,ok,Positif,Positif,51.5,51.5,45.6,Sesuai
2323,Harry Ramadhan,1,2026-08-27,minus bintang,Negatif,Negatif,63.8,34.2,63.8,Sesuai
2324,MFszn Succes,1,2026-08-27,"mengapa register saja sulit sekali? terutama pada bagian verifikasi nomor hp selalu muncul ""permintaan anda belum dapat diproses, silahkan coba beberapa saat lagi"". sudah dicoba berkali kali selalu keterangannya sama",Negatif,Negatif,89,9.8,89,Sesuai
2325,Rusmi Zaa,1,2026-08-27,"aplikasi nya jelek, untuk loging susah, mau verifikasi pun susah",Negatif,Negatif,93.9,5.5,93.9,Sesuai
2326,Fitrianto Dwi Purnomo,1,2026-08-27,"mau daftar aja sulit kali masukin nomor Otp ga masuk""",Negatif,Negatif,98.7,1.2,98.7,Sesuai
2327,martia yha,1,2026-08-27,gk guna setiap pencet logo setuju pasti kmbali lagi sendiri,Negatif,Negatif,82.2,17,82.2,Sesuai
2328,Etik Qomariyah16,5,2026-08-27,sangan membantu,Positif,Positif,92.4,92.4,6.6,Sesuai
2329,Syarif Hidayatulloh,1,2026-08-27,Gx tau kenapa kode captha ga bisa muncul selalu muter2 gx jelas,Negatif,Negatif,90.6,8.9,90.6,Sesuai
2330,dian indra,1,2026-08-27,setiap mau dipakai selalu harus daftar ulang. sudah daftar masih harus menunggu utk daftar kembali. terlalu bnyk buang waktu. coba diperbaiki dulu ini apk utk pelayanan masyarakat.,Negatif,Negatif,80.5,18.6,80.5,Sesuai
2331,Yunus putra,5,2026-08-27,Proses agak lama,Positif,Positif,75.8,75.8,23,Sesuai
2332,Pebri Sendiyansyah,5,2026-08-27,sangat puas,Positif,Positif,97.6,97.6,2.1,Sesuai
2333,Mirna Sari,1,2026-08-27,aplikasi tolol verifikasi no tlp tk bisa,Negatif,Negatif,94.4,5.2,94.4,Sesuai
2334,Umi Rakhma,3,2026-08-27,mau daftar selalu gagal saat masukin nomor ini gimana,Netral,Negatif,87.7,10.5,87.7,Sesuai
2335,Pc Satui,1,2026-08-27,aplikasi gila,Negatif,Negatif,69.6,27.9,69.6,Sesuai
2336,angky lesmana,5,2026-08-27,Ok,Positif,Positif,51.5,51.5,45.6,Sesuai
2337,Infinix Hot 11,1,2026-08-27,menyesnhsenggsengsarakan login susah,Negatif,Negatif,86,13.2,86,Sesuai
2338,Dani Abdurahman,1,2026-08-27,eror Mulu mau benerin data juga,Negatif,Negatif,82.3,17.3,82.3,Sesuai
2339,Arda shabriawinata,1,2026-08-27,"verifikasinya susah, dulu gampang.",Negatif,Negatif,83.5,15.5,83.5,Sesuai
2340,BORA ERLISNAWATY SIRAIT,5,2026-08-27,memudahkan pelayanan kesehatan,Positif,Positif,98,98,1.8,Sesuai
2341,yunifiar qushai,1,2026-08-27,saya daftar tanggal 22/08 baru dikonfirmasi nomer antrian 27/08 padahal mau periksa tanggal 22/08,Negatif,Negatif,76.7,22,76.7,Sesuai
2342,Neng Arsinah (Arsy),1,2026-08-27,"makin hari makin error, mau booking antrian gak bisa-bisa",Negatif,Negatif,80.1,18.2,80.1,Sesuai
2343,Faradillah Akbar2011,1,2026-08-27,Ya Allah capek bangett ini verifikasinyaa💔 permudahkanlah hamba Ya Allah,Negatif,Negatif,52.4,45.4,52.4,Sesuai
2344,anton Prabowo,5,2026-08-27,sangat membantu sekali jika sakit langsung bisa Ambil antrian secara online,Positif,Positif,90.6,90.6,9.1,Sesuai
2345,Anggah Irawan,5,2026-08-27,sangat membantu,Positif,Positif,99.7,99.7,0.3,Sesuai
2346,Resti_Ifa 1204,5,2026-08-27,"cepat&mudah, cukup dgn hp",Positif,Positif,97.1,97.1,2.8,Sesuai
2347,Choirun Nisa Alfiani Anwar,1,2026-08-27,kenapa susah sekali daftarnya,Negatif,Negatif,78.9,20.2,78.9,Sesuai
2348,Sasmita -,5,2026-08-27,sangat puas,Positif,Positif,97.6,97.6,2.1,Sesuai
2349,Nova fadliana Rahmawati,1,2026-08-27,INI GIMANA YAAA APLIKASNYA GABISA DIGUNAKAN EROR TERUS PADAHAL BPJS NYA MAU DIGUNAKAN TERUSS GUNANYA APA YA BAYAR TIAP BULAN TAPI GABISA DIGUNAKAN KAYA GINI. TOLONG DONG DIPERBAIKI,Negatif,Negatif,93.4,6.4,93.4,Sesuai
2350,Abdul Muid,5,2026-08-27,puas,Positif,Positif,95.4,95.4,4.2,Sesuai
2351,Dwi yuda Pratama,5,2026-08-27,sangat membantu sekali dalam pelayanan kesehatan,Positif,Positif,99.7,99.7,0.2,Sesuai
2352,Mar Phe la,5,2026-08-27,"terimakasih jkn, sampai saat ini saya tidak mengalami kendala dalam penggunaan. semakin dimudahkan kalo berobat rajal maupun ranap.",Positif,Positif,88.2,88.2,11.3,Sesuai
2353,Arrofian Adi,1,2026-08-27,tiba2 tdk bsa dbuka tidak kompatibel aplkasi buruk,Negatif,Negatif,91.6,7.4,91.6,Sesuai
2354,Kodok Terbang,1,2026-08-27,buat vertivikasi ..amat sangat susah...dari no hp sama wajah nya...buat orang emosi,Negatif,Negatif,91.2,7.2,91.2,Sesuai
2355,Hadi Widjaja,1,2026-08-27,sebulan sekali sering loqout sendiri !! tidak rekomendasi !!!,Negatif,Negatif,76.4,22.3,76.4,Sesuai
2356,Melvia Annisa,4,2026-08-27,"tolong dong ya, kalau udah login cukup 1x aja, kenapa gagal tersambung terus kalau ga login beberapa hari doang yg jadinya harus masukin sandi dan NIK lagi🤦🏻‍♀️🤦🏻‍♀️",Positif,Negatif,71.4,26.6,71.4,🚨 Bintang 4-5 tapi Prediksi ML Negatif (Taktik Komplain)
2357,SAMSUL USRIYANTO,5,2026-08-27,ok. joss,Positif,Positif,84,84,14.1,Sesuai
2358,Indra Setiawan,5,2026-08-27,mantap,Positif,Positif,99.2,99.2,0.7,Sesuai
2359,Syamsiarni Arni,5,2026-08-27,sangat bermanfaat,Positif,Positif,98.7,98.7,1.2,Sesuai
2360,Taufik Arifin,5,2026-08-27,gratis,Positif,Positif,64,64,34.3,Sesuai
2361,Xenom Freaks,1,2026-08-27,gabisa login,Negatif,Negatif,91,8.4,91,Sesuai
2362,Dadan Setiawan,5,2026-08-27,good Kren,Positif,Positif,98.5,98.5,1.3,Sesuai
2363,Donny Herry 009,4,2026-08-27,ok,Positif,Positif,51.5,51.5,45.6,Sesuai
2364,Cucun Nurhasanah,5,2026-08-27,bagus,Positif,Positif,98.2,98.2,1.7,Sesuai
2365,rachmad haryadi,5,2026-08-27,mantap,Positif,Positif,99.2,99.2,0.7,Sesuai
2366,Jhon Pakaya,5,2026-08-27,bagus,Positif,Positif,98.2,98.2,1.7,Sesuai
2367,Takperlutau,5,2026-08-27,semoga tidak di persulit,Positif,Positif,81.8,81.8,17.3,Sesuai
2368,Ade Nurul,5,2026-08-27,bagus,Positif,Positif,98.2,98.2,1.7,Sesuai
2369,Ninos Hariyadi,1,2026-08-27,"OTP dari nomor HP error terus jadi ga bisa daftar, ujung ujung nya pasti disuruh kontak CS. Mau kontrol after dirawat harus pake JKN sedangkan mau bikin akun JKN aja sulit nya bukan main, bobrok banget emang aplikasi pemerintahan",Negatif,Negatif,97.5,2.1,97.5,Sesuai
2370,Tika Tik,5,2026-08-27,terbaik,Positif,Positif,81,81,18.5,Sesuai
2371,R Caniago24,5,2026-08-27,"cepat, makin rapih aplikasinya dan top",Positif,Positif,95.2,95.2,4.5,Sesuai
2372,lukman hakim,5,2026-08-27,mantap,Positif,Positif,99.2,99.2,0.7,Sesuai
2373,Herlina Ikhwan,5,2026-08-27,pelayanan BPJS di RS sekarang bagus merasa terbantu walaupun pakai BPJS kelas 3 tapi pelayanan bagus,Positif,Positif,97.2,97.2,2.5,Sesuai
2374,aura,1,2026-08-27,"verifnya demi Allah menyusahkan orang yang minusnya lumayan tinggi, udah ga pake kacamata trus instruksi berubah-ubah ya mana keliatan tulisannya 😭 kalo ga ada orang yang bantu bakal susah banget. abis susah payah verif wajah ternyata sms verifnya ga masuk :)",Negatif,Negatif,96,3.6,96,Sesuai
2375,Rizall,5,2026-08-27,ok,Positif,Positif,51.5,51.5,45.6,Sesuai
2376,Cahaya Sinta,1,2026-08-27,aplikasi gak berguna hapus aja dari muka bumi,Negatif,Negatif,86.3,12.8,86.3,Sesuai
2377,Oppo A5s,1,2026-08-27,di android 8 tidak bisa download lagu,Negatif,Negatif,86.6,12.9,86.6,Sesuai
2378,Fita Fibriani,3,2026-08-27,"Lansia 83 tahun gak punya HP harus punya Mobile JKN untuk daftar kontrol rutin ke RS, nyusahin aja sih, gak bisa pakai punya anaknya karena beda KK beda BPJSnya, ya kali gua mesti beli HP dulu supaya bisa daftar ke RS. pakai nomor baru udah buang duit 50ribu gak bisa juga verifikasi wajah, anjir daaah dikutuk jutaan manusia kagak berkah entar hidup lu",Netral,Negatif,90.5,7.8,90.5,Sesuai
2379,Rhandy Arfansyah Arafat,5,2026-08-27,"mantap,,,,,,, jos gandozzzzzz",Positif,Positif,99.3,99.3,0.7,Sesuai
2380,Sabrian Sofyan,1,2026-08-27,app dongo nyusahin,Negatif,Negatif,77.5,19.6,77.5,Sesuai
2381,Anam Anam,5,2026-08-27,ok,Positif,Positif,51.5,51.5,45.6,Sesuai
2382,Ibu Rumini,1,2026-08-27,kirim kode lemottt,Negatif,Negatif,93.4,6.3,93.4,Sesuai
2383,Sriyuarsih Velik,1,2026-08-27,ribet aplikasinya harus menghadapkan kamera ke kiri kanan tp tidak ter verif,Negatif,Negatif,90.7,7.9,90.7,Sesuai
2384,Nur Jannah,1,2026-08-27,informasi care center dan cabang bertolak belakang.,Negatif,Positif,50.7,50.7,44.9,💡 Bintang 1-2 tapi Prediksi ML Positif (Pujian / Salah Klik)
2385,Afr Boy,5,2026-08-27,"PUAS,SANGAT MEMBANTU.",Positif,Positif,99.8,99.8,0.2,Sesuai
2386,Stefanus Susanto,5,2026-08-27,"aplikasi terbaik, Terima Kasih Mobile JKN karena mempermudah pengurusan BPJS Kesehatan sy",Positif,Positif,97.9,97.9,2,Sesuai
2387,Rahma tari Rahma,5,2026-08-27,sangat membantu,Positif,Positif,99.7,99.7,0.3,Sesuai
2388,Rendy Novianto,1,2026-08-27,kok kode otp nya ga kekirim ke SMS?,Negatif,Negatif,98.5,1.3,98.5,Sesuai
2389,Mas Alimin,5,2026-08-27,sangat membantu,Positif,Positif,99.7,99.7,0.3,Sesuai
2390,warda,5,2026-08-27,Aksesnya mudah,Positif,Positif,87.1,87.1,12.2,Sesuai
2391,alraffari abudzar,5,2026-08-27,bagus dan up to date,Positif,Positif,96.8,96.8,2.9,Sesuai
2392,Bagas Agung,5,2026-08-27,membantu sekali,Positif,Positif,99,99,1,Sesuai
2393,Yenni Octora,5,2026-08-27,sangat membantu,Positif,Positif,99.7,99.7,0.3,Sesuai
2394,Maria Endah,5,2026-08-27,panduan mudah dimengerti hanya saat penggunaan aplikasi sangat lambat/lemot ☺️,Negatif,Positif,57.9,57.9,41.5,Sesuai
2395,Marselina Lina,5,2026-08-27,Smoga tidak bermasalah lagi,Positif,Positif,69.1,69.1,28.5,Sesuai
2396,Muhammad Prayoga,1,2026-08-27,"Minta Kode otp nomor telpon buat daftar masuk, masak iya harus nungguin 2jam",Negatif,Negatif,96,3.5,96,Sesuai
2397,Rizal Encang,5,2026-08-27,cepat d bagus gak ribet sangat menuaskan,Negatif,Negatif,50.8,48.8,50.8,🚨 Bintang 4-5 tapi Prediksi ML Negatif (Taktik Komplain)
2398,WAR`AS ENJOY,5,2026-08-27,ok,Positif,Positif,51.5,51.5,45.6,Sesuai
2399,virgo sianturi,5,2026-08-27,bagus,Positif,Positif,98.2,98.2,1.7,Sesuai
2400,Komangariana Ariana,5,2026-08-27,sangat membantu,Positif,Positif,99.7,99.7,0.3,Sesuai
2401,achmad rokim,5,2026-08-27,sangat membantu sekali... mudah cepat dan efisien.. . cepat memproses aduan dari peserta BPJS kesehatan.,Positif,Positif,99.8,99.8,0.2,Sesuai
2402,Bintang H,5,2026-08-27,ok,Positif,Positif,51.5,51.5,45.6,Sesuai
2403,RIZAL RIYADI,5,2026-08-27,cakep,Positif,Positif,51.5,51.5,45.6,Sesuai
2404,Adek Saputra,5,2026-08-27,Terima kasih .. sangat memudahkan,Positif,Positif,99.1,99.1,0.8,Sesuai
2405,Imraata,5,2026-08-27,ruar biasa,Positif,Positif,71.6,71.6,26.9,Sesuai
2406,Imron Rosadi,5,2026-08-27,ok...bagus aplikasinya,Positif,Positif,97.1,97.1,2.6,Sesuai
2407,Muhammad Hasan,1,2026-08-27,aplikasi aneh masa ambil antrean ga bisa bisa,Negatif,Negatif,96.8,3,96.8,Sesuai
2408,Darta,5,2026-08-27,bagus💯👍😁,Positif,Positif,98.2,98.2,1.7,Sesuai
2409,Nani Wulandari,2,2026-08-27,"sebenarnya mudah digunakan, tp skrg sudah tdk lg bisa digunakan di hp yg biasa saya pakai krn tdk kompatibel, pdhal OS HP jg tidak terlalu jadul, App lain msh bs jalan . lha kok malah mobil jkn ga bisa, inilah yg bikin jd sulit.",Negatif,Negatif,75.6,24,75.6,Sesuai
2410,Agus Purwanto,5,2026-08-27,"mantap,sangat membatu sekali",Positif,Positif,99.9,99.9,0.1,Sesuai
2411,Aku Ini siapa,1,2026-08-27,sulit verifikasi muka,Negatif,Negatif,85.6,13.1,85.6,Sesuai
2412,Pomi Ardiansyah,1,2026-08-27,bobrok,Negatif,Negatif,79.5,19.3,79.5,Sesuai
2413,brina selvicki,5,2026-08-27,sangat membantu dalam pelayanan,Positif,Positif,99.4,99.4,0.5,Sesuai
2414,Kholi Fah,5,2026-08-27,pelayanan nya sangat baik,Positif,Positif,98,98,1.9,Sesuai
2415,Ronny Stevanus,5,2026-08-27,sangat membantu,Positif,Positif,99.7,99.7,0.3,Sesuai
2416,Wawan Ajah,5,2026-08-27,ok,Positif,Positif,51.5,51.5,45.6,Sesuai
2417,Juli Anto,5,2026-08-27,good aplikasi,Positif,Positif,96.4,96.4,3.1,Sesuai
2418,Ajay Saputra,5,2026-08-27,"baik , bagus membantu sekali program ini",Positif,Positif,98.7,98.7,1.1,Sesuai
2419,Surya Juventini,5,2026-08-27,Sangat membantu mempermudah jika ingin periksa ke klinik atau rumah sakit 👍,Positif,Positif,94.9,94.9,4.8,Sesuai
2420,Rangga Setyo Adi,1,2026-08-27,"aplikasi kalau server sedang lemot/eror suka logout sendiri, notifikasi nya ""anda sedang login di device yang lain"".. woyy aplikasi lu yang eror, malah nyalahin pengguna,??",Negatif,Negatif,92.7,6.6,92.7,Sesuai
2421,Rully Trisapta,5,2026-08-27,mudah di gunakan,Positif,Positif,90.8,90.8,9.2,Sesuai
2422,Dino oktoberous,5,2026-08-27,bagus,Positif,Positif,98.2,98.2,1.7,Sesuai
2423,JeoparDNA,1,2026-08-27,"Aplikasinya sih bagus ya, tapi kadang emang suka banget nguji kesabaran pengguna. Tiba-tiba logout sendiri, masalah koneksi jaringan padahal baik wifi maupun data seluler lancar dan bagus2 aja. Pas mau ambil nomor antrean juga ga bisa diproses, dan pas coba logout pun ditolak, akhirnya aku force close. Begitu mau login lagi, captchanya belasan kali salah, padahal udah masukin angkanya dengan benar. Duh, tolong banget ini dibenahi lagi. Aku butuh ambil nomor antrean hari ini, tapi ga bisa2 terus.",Negatif,Negatif,92.6,6.8,92.6,Sesuai
2424,Dendi Rasjava,1,2026-08-27,aplikasi burik mau daftar aja kode otp gk bisa masuk2.,Negatif,Negatif,95.3,4.3,95.3,Sesuai
2425,Rennn,1,2026-08-27,"WOYYY DARITADI MAU DAFTAR ANTRIAM ONLINE GAGAL MULU! LOADINGNYA LAMA BANGET, PADAHAL SINYAL WIFI BAGUS! TOLONG DI PERBAIKI!",Positif,Positif,68.5,68.5,30.1,💡 Bintang 1-2 tapi Prediksi ML Positif (Pujian / Salah Klik)
2426,yahya ghozali,1,2026-08-27,"aplikasi sampah katanya membuat kemudahan dalam segala hal, eee tau nya ampas",Negatif,Negatif,54.4,44.5,54.4,Sesuai
2427,Aocchi_,1,2026-08-27,"aplikasi kalau belum siap luncur ya jangan di luncurkan, adek saya sudah 3 kali daftar offline untuk poli gigi dan selalu habis, akhirnya dicoba daftar secara online tapi ko malah gini. Padahal tadi daftar jam 7.10 tapi karena aplikasi terus lemot dan gagal terus akhirnya jam 8.40 baru bisa tapi antrian sudah habis. Adik saya sudah 1 bulan sakit gigi hingga bengkak parah dan berdarah tapi akhirnya tidak bisa ditangani karena aplikasi ini. Tolong di perbaiki!",Negatif,Negatif,94.3,5.2,94.3,Sesuai
2428,Septian Reza,1,2026-08-27,Di aplikasi utk daftar online tidak muncul nama dokter ...masihhhh aja bgini,Negatif,Negatif,84.9,14.5,84.9,Sesuai
2429,IKHSANUDIN NURULLOH,2,2026-08-27,"mohon di perbaiki lagi kak punya sayaa sudah login tapi error mulu seperti tidak ada koneksi internet padahal jaringan sangat bagus dan paket internet pun masih banyak ,oh iyaa buat kalian yang ga muncul terus otp nya itu nomor hp nya harus di isi pulsa dulu . gimana ni punya sayaaa error mulu dah ribet banget apk nya ,mohon di perbaiki secepatnya!!!",Negatif,Negatif,91,8.6,91,Sesuai
2430,Nanang Supriyo,1,2026-08-27,"Kamis 27 Agustus pagi ini kenapa JKN tidak bisa login, sedang kami sedang pengurusan pasien pulang, pihak admin RS hanya mengandalkan aplikasi pasien",Negatif,Negatif,80.7,18.4,80.7,Sesuai
2431,Banjar Eka Putra,1,2026-08-27,"Sulit buat diakses daftar ataupun perubahan data, setelah diUpdate malah gabisa dipakek",Negatif,Negatif,64.5,33.9,64.5,Sesuai
2432,Intan Jannah,3,2026-08-27,bug di benerin jangan dongo,Netral,Negatif,68.7,27.7,68.7,Sesuai
2433,Indra Gunawan,1,2026-08-27,"Ya ampun ini aplikasi, setiap mau digunakan offline terus,(padahal quota ada)akhirnya berobat mandiri, mohon diperbaiki lah, dan dipermudah",Negatif,Negatif,61.9,37.6,61.9,Sesuai
2434,ryan n,1,2026-08-27,"bukan nya mempermudah malah mempersulit dengan aplikasi yang selalu eror dan gangguan, dengan aplikasi yang belum siap seperti ini , kebayang daftar sama masuk aja susah gimana pasien darurat keburu mati dulua",Negatif,Negatif,93.3,6.2,93.3,Sesuai
2435,Drakerr,1,2026-08-27,"aplikasi sampah , nyusahin org, dikit"" gangguan sampah emg",Negatif,Negatif,92.1,7.2,92.1,Sesuai
2436,Naellyn Yumikaze,1,2026-08-27,"apasih ini aplikasi, gua daftar malah loading terus, tulisan error terus padahal sinyal bagus perbaiki lagi lahh, apalagi sekarang kalau mau periksa kemana mana harus daftar lewat aplikasi ini lagi!",Positif,Negatif,68.6,31,68.6,Sesuai
2437,yana maulana,5,2026-08-27,Alhamdulillah sangat membantu,Positif,Positif,99.1,99.1,0.8,Sesuai
2438,Kukuh Iman Prabowo,2,2026-08-27,"selalu gangguan terus, lama lagi gangguan nya",Negatif,Negatif,75.7,22.4,75.7,Sesuai
2439,Muhammad Aryodillah,1,2026-08-27,aplikasi banyak bug ....ampasss,Negatif,Negatif,87.1,9.7,87.1,Sesuai
2440,Naufal Dzaki Ibrahim,1,2026-08-27,"aplikasinya ngelag terus dan berat, loading lama saya heran kenapa rating aplikasi ini tinggi",Negatif,Negatif,78.7,19.7,78.7,Sesuai
2441,Teguh Varel,1,2026-08-27,tolong perbaiki lagi layanan nya,Negatif,Positif,57.4,57.4,41.4,💡 Bintang 1-2 tapi Prediksi ML Positif (Pujian / Salah Klik)
2442,Don Tzy,1,2026-08-27,aplikasi gajelas,Negatif,Negatif,89.8,9.1,89.8,Sesuai
2443,Slamet Winarto,1,2026-08-27,apk tololll apa apa di persulitt!,Negatif,Negatif,95.7,4.1,95.7,Sesuai
2444,Cecep Permana,1,2026-08-27,"cukup loading, dan alasanya sinyal,",Negatif,Positif,73.3,73.3,25.9,💡 Bintang 1-2 tapi Prediksi ML Positif (Pujian / Salah Klik)
2445,Retno Hyuga123,1,2026-08-27,kenapa tidak bisa didownload di semua handphone,Negatif,Negatif,85.6,13.9,85.6,Sesuai
2446,Hendi cuy,1,2026-08-27,aplikasi tolol sinyal wifi bagus. saat mau ambil antrian berobat eror Mulu ga guna,Positif,Negatif,78.8,21,78.8,Sesuai
2447,Suka Nasi,1,2026-08-27,"woy aplikasimu lemot parah gk bisa login, error mulu di HP biasa maupun di HP gaming sama aja. ini orang mau perawatan aja gk bisa bodo cepat perbaiki",Negatif,Negatif,94.1,5.6,94.1,Sesuai
2448,danz suryadi,3,2026-08-27,"ini ada apa dengan aplikasi JKN, ko mau ambil antrian aja susah, selalu ada keterangan offline. apakah ada masalah di servernya ?",Netral,Negatif,85.1,13.2,85.1,Sesuai
2449,Imel Kristi Monita,1,2026-08-27,"Aplikasi ga jelas. Mau daftar online aja susah banget. Koneksi ga ada lah, tidak dapat di proses lah, jadwal tidak tersedia lah, ngaco pokoknya",Negatif,Negatif,96.8,3.1,96.8,Sesuai
2450,Bayu Ary Sandi,1,2026-08-27,Bagusin aplikasi kau.. Susah orang mau buat Cek In Kontrol,Positif,Negatif,73,25.9,73,Sesuai
2451,qalmada Fam,2,2026-08-27,sering log out sendiri..menyulitkan di saat di buyuh kan dan otp di kirim ke no yg ada pulsa nya ..knp gak ke wa saja ..sekarang jarang yg isi pulsa,Negatif,Negatif,97.1,2.5,97.1,Sesuai
2452,ikhtarudin Mukhtar,1,2026-08-27,"bahaya ni apk, giliran urgent mu di pake, malah gak bisa di akses",Negatif,Negatif,90.9,8.6,90.9,Sesuai
2453,Abon Kasef,1,2026-08-27,aplikasi ladang cuan korupsi,Negatif,Negatif,70.8,26.9,70.8,Sesuai
2454,Mohammad Faisal,3,2026-08-27,selalu eror.. mau ambil antrian aja lemot banget. smpe ada notif internet offline lemot,Negatif,Negatif,95.7,4,95.7,Sesuai
2455,Plud Plom,1,2026-08-27,"kenapa layanan pemerintah kualitasnya selalu buruk, selalu kalah kalau dibanginin sm swasta. Aplikasi 1 aja ribet bngt, masa tiap masuk aplikasi harus login lg, mana loginnya susah mental terus",Negatif,Negatif,97.2,2.5,97.2,Sesuai
2456,abdul rockman,1,2026-08-27,Aplikasi nya Berat Banget,Negatif,Negatif,69.2,29.5,69.2,Sesuai
2457,Sherly Caren,3,2026-08-27,lemot,Negatif,Negatif,88.3,11.2,88.3,Sesuai
2458,Ansavel Ansavel21,1,2026-08-27,aplikasi kentut.. muter2 gak jelas.. disaat lg berebut nomor antrian..,Negatif,Negatif,89.6,9.9,89.6,Sesuai
2459,Tetsu-Kun Channel,1,2026-08-27,"sering logout sendiri, ga bisa login. kedetek login di device lain padahal device 1. datanya lu jual belikan???",Negatif,Negatif,97,2.7,97,Sesuai
2460,iwan setiawan,1,2026-08-27,"aplikasi sampah, buat daftar saja capcha ndak kelar2 loading nya",Negatif,Negatif,83.5,15.3,83.5,Sesuai
2461,regdyx oppo,1,2026-08-27,aplikasi sampah. bisa bisanya 1 portal lewat aplikasi sampah ini..,Negatif,Negatif,93.7,6.1,93.7,Sesuai
2462,Heni Triana,1,2026-08-27,tiba tiba keluar sendiri dan mau masuk nya eror terus,Negatif,Negatif,98.6,1.2,98.6,Sesuai
2463,Shintya Octaviany,1,2026-08-27,"Tolong di perbaiki lagi dong aplikasinya, saya mau ambil antrean tapi selalu aja gagal, bilangnya tanggal kontrolnya kadaluarsa. padahal di kartu cetak kontrol saya udah sesuai. Mau log-in lagi juga susah padahal jaringan bagus aja kuota juga masih ada.",Positif,Negatif,60.5,38.4,60.5,Sesuai
2464,habibi hisyam,1,2026-08-27,"dulu lumayan bagus sistem ,skrg w jelek bgt lg error ya bintang 1 aja dulu",Negatif,Negatif,72.3,27.2,72.3,Sesuai
2465,Rahmat Hidayat,1,2026-08-27,harus selalu login ulang,Negatif,Negatif,88.1,10.9,88.1,Sesuai
2466,Rohayati,4,2026-08-27,"hari ini jkn lagi nggak bisa digunakan, mau daftar online nggak bisa, terpaksa antri manual lg. tolong diperbaiki, agar kami mudah",Positif,Negatif,72.2,27.6,72.2,🚨 Bintang 4-5 tapi Prediksi ML Negatif (Taktik Komplain)
2467,Ayah Delino,1,2026-08-27,"aplikasinya lelet gk bsa login , pelayanan jg buruk krna pernah di kasih infus kadaluarsa",Negatif,Negatif,89.3,10.3,89.3,Sesuai
2468,Warningsih ningsih,1,2026-08-27,kenapa saat di butuhkan malah gangguan dan itu lama membuat pasien menumpuk dan menunggu,Negatif,Negatif,69.4,28.4,69.4,Sesuai
2469,IMRON NURHUDA,1,2026-08-27,gimana sih pembaruannya malah sering gagal daftar antrian,Negatif,Negatif,92.1,7.3,92.1,Sesuai
2470,Bani Ot,1,2026-08-27,"lelet, bikin aplikasi yang bener lah woi",Negatif,Negatif,91.7,7.6,91.7,Sesuai
2471,Risma Febrianti,1,2026-08-27,rujukan tidak bisa di buka,Negatif,Negatif,83,16.4,83,Sesuai
2472,arif kecil,1,2026-08-27,aplikasi ampas. kegagalan jaringan mulu,Negatif,Negatif,65.5,31.4,65.5,Sesuai
2473,Syahrina Shofi Azzukhruf,3,2026-08-27,"dulu Mudah banget.... suka pakek jkn,tp setelah di update jadi sering loading lamaaa dan sering muncul tulisan ""permintaan tidak dapat di proses"" padahal posisi lagi genting dan pihak RS sudah menyuruh untuk segera dan itu bisa terjadi 2 hari lebih, akhirnya harus batal pengobatan gara2 permintaan tidak dapat di proses, plis ya tolong di perbaiki lagi 🙏",Netral,Negatif,78,19.2,78,Sesuai
2474,Nur Hasanah,1,2026-08-27,Muter muter aja mau daftar online hadeh udah 2hari ini,Negatif,Negatif,86.6,12.7,86.6,Sesuai
2475,Singa Pura,1,2026-08-27,"sering gak bisa login ""silahkan coba lagi"" serumit inikah BPJS. #BPJSjugaBayarBukanGratis",Negatif,Negatif,93.1,6.4,93.1,Sesuai
2476,Maria Regina,1,2026-08-27,kenapa sering error ini mau periksa gagal mulu aplikasinya padahal sinyal bagus perbaikin tolong!!!,Negatif,Negatif,75,24.1,75,Sesuai
2477,Joshi Situmorang,1,2026-08-27,Aplikasi sering down. Ngga guna.,Negatif,Negatif,92.2,7.5,92.2,Sesuai
2478,Muhammad Rizki ridha,1,2026-08-27,"sering offline, kenapa gak bisa masuk antrian?? ini BPJS gak beli server yg bagus apa gimana?",Positif,Negatif,80.6,18.8,80.6,Sesuai
2479,silfy hafidz,1,2026-08-27,sering eror. seharusnya kalau pemeliharaan sistem itu tengah malam. bukan jam sibuk pas dibutuhkan,Negatif,Negatif,92.1,6.7,92.1,Sesuai
2480,Rangga Prawidya,1,2026-08-27,"mau berobat susah padahal sudah login user email pasword dengan benar malah gak bisa berobat, jaringan bagus aneh jkn",Positif,Negatif,84.5,15.2,84.5,Sesuai
2481,Novita Waty,1,2026-08-27,"Hari ini tanggal 27 Agustus 2026, sdh datang pagi untuk antri registrasi. Pas udh. di buka antrian nya, aplikasi nya malah error (muter terus).Tolong aplikasi nya di betulin, spy ga kejadian kaya gini lagi. Karena banyak org sakit sdh antri dari subuh, tp malah terhambat gara² aplikasi nya error.",Negatif,Negatif,90.2,8.8,90.2,Sesuai
2482,Chris Tian,2,2026-08-27,"gak jelas, ambil antrian susah sekali, muter² gak jelas..",Negatif,Negatif,96.7,3.2,96.7,Sesuai
2483,purwanto situr,5,2026-08-27,"Terimakasih, , Sangat mudah di pantau, dimengerti dan di oprasikan mandiri dari rumah, , tp sangat disayangkan , aplikasinya belum maksimal di karenakan aplikasi sering susah di gunakan, susah mengambil antrian, terbaca baru OFFLINE, mohon dibperbaiki dari sisi aplikasinya, untuk pelayanan ok ok aja, TERIMAKASIH",Positif,Positif,78.8,78.8,20.5,Sesuai
2484,Fachry Arrahman,1,2026-08-27,"udh di loginkan jaringan pun bagus tetap aja gabisa di buka ini jkn, gimana orng mau brobat kalau kaya gini",Positif,Positif,55.9,55.9,41.4,💡 Bintang 1-2 tapi Prediksi ML Positif (Pujian / Salah Klik)
2485,Sinarhanjar Aminar,1,2026-08-27,eror ketika ingin melakukan registrasi di RS,Negatif,Negatif,59.3,37.9,59.3,Sesuai
2486,Mahesa Ramdani,1,2026-08-27,"jkn tolol guna nya apa klau ujung"" susah buat di buka ujung"" nya bayar pribadi payah",Negatif,Negatif,86.7,12.3,86.7,Sesuai
2487,mnur ridho,1,2026-08-27,"aplikasi sering eror,,mau daftar selalu eror,,sering offline aplikasinya,,buat susah orang kalo mau daftar ke faskes",Negatif,Negatif,97.5,2.2,97.5,Sesuai
2488,Ervina Maulana,1,2026-08-27,"aplikask blom jadi kok udh di publikasi, nyusahin org mau berobat aja, apaan offline offline aneh kau bujang",Negatif,Negatif,90.2,9,90.2,Sesuai
2489,viko aji,4,2026-08-27,sebebernya aplikasinya bagus tapi kalo lagi dibutuhin suka susah sinyal padahal ada sinyal,Positif,Positif,79.9,79.9,18.5,Sesuai
2490,Achmad Faiz Ulul Huda,1,2026-08-27,banyak bug bner napa,Negatif,Negatif,85.9,11.1,85.9,Sesuai
2491,Daus Saputra,2,2026-08-27,erorr lagi... lemah amat servernya,Negatif,Negatif,82.5,15.9,82.5,Sesuai
2492,amsal bahtiar,4,2026-08-27,aplikasinya loading terus ni kak admin,Positif,Positif,67.1,67.1,30.6,Sesuai
2493,nuzurul aini,1,2026-08-27,min aplikasi erorr,Negatif,Negatif,74,25,74,Sesuai
2494,Indri Salon,2,2026-08-27,aplikasi kontil emang kok. masa mau login gak bisa . menyusahkan masyarakat bener ini,Negatif,Negatif,96,3.7,96,Sesuai
2495,Mama Riko,1,2026-08-27,aplikasi apa ini cok gangguan mulu begini gimana sih,Negatif,Negatif,95.1,4.4,95.1,Sesuai
2496,Desvira anggraini,1,2026-08-27,aplikasi tolol error terus klo lagi dibutuhin,Negatif,Negatif,91.9,7.5,91.9,Sesuai
2497,ruhiirfani jindi,2,2026-08-27,BANYAK ERROR,Negatif,Negatif,81.5,17.2,81.5,Sesuai
2498,waluya jati123,1,2026-08-27,"ini kenapa aplikasinya sekarang ga bisa dipake dengan alasan tidak kompetibel dengan perangkat, bikin makin susah mau daftar, aplikasi aneh",Negatif,Negatif,95,4.3,95,Sesuai
2499,Adi gortch,1,2026-08-27,sering error,Negatif,Negatif,96.9,2.9,96.9,Sesuai
2500,Almahyra salsabila,2,2026-08-27,"sering logout sendiri aplikasi nya, di saat mau login ga bisa, giliran sudah login malah logout sendiri",Negatif,Negatif,97.2,2.5,97.2,Sesuai
2501,ami,3,2026-08-27,lag,Netral,Negatif,56.1,38.9,56.1,Sesuai
2502,ACUT21 OFFICIAL,2,2026-08-27,Saya mau ambil antrean tapi Offline terus,Negatif,Negatif,81.7,17.3,81.7,Sesuai
2503,Alya Kujou,1,2026-08-27,"kesalahan digit nik padahal udah benar , udah lama gak buka aplikasi tiba tiba ke log out sendiri ,buruk sekali padahal hp juga spek diatas rata rata , cape saya sudah berulang login kesalahan nik terus damn",Negatif,Negatif,99,0.8,99,Sesuai
2504,Aldi Ade Budiman,1,2026-08-27,jaringan lancar ga ada kendala tapi mau ambil antrian secara mobile malah loading terus,Positif,Positif,58.8,58.8,40.6,💡 Bintang 1-2 tapi Prediksi ML Positif (Pujian / Salah Klik)
2505,Aldi Rahmad,5,2026-08-27,mantap,Positif,Positif,99.2,99.2,0.7,Sesuai
2506,Zul Zulkipli,1,2026-08-27,eror muluu,Negatif,Negatif,76.1,22.2,76.1,Sesuai
2507,aulia maharani,1,2026-08-27,"aplikasi sampah,, Mau log in ga bs terus, belum dapat di proses terus,,, Mau berobat gimana coba, Saran jkn hire IT handal deh anak anak gen millennial gen Z sekarang Pinter Pinter loh,,, perbaiki deh",Negatif,Negatif,91.6,7.8,91.6,Sesuai
2508,Yanera Rizki Putri,4,2026-08-27,buat buru2 tapi ga bisa masuk2 terus,Positif,Negatif,76.7,22.6,76.7,🚨 Bintang 4-5 tapi Prediksi ML Negatif (Taktik Komplain)
2509,ahmad yuska,2,2026-08-27,aikasi sering error saat butuh buat daftar status offline terus,Negatif,Negatif,92.5,6.8,92.5,Sesuai
2510,Emi khairiyah,4,2026-08-27,developer kenapa ya apnya tidak bisa di buka? padahal jaringan saya baik baik saja,Positif,Positif,60,60,39.2,Sesuai
2511,Sri Waryana,5,2026-08-27,menyenangkan membantu aktifitas sehari hari,Positif,Positif,90,90,8.9,Sesuai
2512,Ahmad Firdaus,1,2026-08-27,"Busuk banget mau ambil antrian keterangan dokter tidak ada jadwal Mulu, di sini ada dokter 5 masa semuanya kaga ada jadwal mulu",Negatif,Negatif,94.8,4.9,94.8,Sesuai
2513,Reyhan Maulana,5,2026-08-27,good aplikasi,Positif,Positif,96.4,96.4,3.1,Sesuai
2514,Ayo ngaji,1,2026-08-27,"NIK SAYA TELAH DISALAH GUNAKAN OLEH ORANG LAIN UNTUK MENDAFTAR DI JKN MOBILE TANPA SEPENGETAHUAN SAYA. SAYA TIDAK BISA MENGGUNAKAN NIK SAYA SENDIRI UNTUK MENDAFTAR, INI PELANGGARAN.",Negatif,Negatif,73,26.5,73,Sesuai
2515,Putri nida Nurulaini,4,2026-08-26,bagus dapat mempermudah,Positif,Positif,93,93,6.7,Sesuai
2516,NgErOnGrONg,1,2026-08-26,kenapa saya daftar onlen jam 6:00 pagi berobat d puskesmas adyasa desa cikuya.kec solear kab tanggerang banten gak bisa padahal hari kamis tdk tgl merah,Negatif,Negatif,84.5,14.6,84.5,Sesuai
2517,Dian Panca,2,2026-08-26,kenapa sulit bukanya?,Negatif,Negatif,81.5,17.3,81.5,Sesuai
2518,anime indo,1,2026-08-26,"g bisa berkata"" aku. login aja susahnya amit""",Negatif,Negatif,87.9,10.9,87.9,Sesuai
2519,Pancratio Balun,5,2026-08-26,sekarang aplikasi mobil JKN sudah semakin mudah digunakan👌🏻,Positif,Positif,96.4,96.4,3.4,Sesuai
2520,yani barus,1,2026-08-26,aplikasi payah,Negatif,Negatif,84.4,14.1,84.4,Sesuai
2521,Vita Nurhasanah,1,2026-08-26,capta cuma muter muter doang udah bbrp hari.,Negatif,Negatif,80.6,18,80.6,Sesuai
2522,Olo Leho,5,2026-08-26,sangat membantu untuk pendaftaran lebih cepat,Positif,Positif,98.9,98.9,1.1,Sesuai
2523,Aksa Diswa,1,2026-08-26,vermuk tidak jelas tolol kamera miring,Negatif,Negatif,96,3.7,96,Sesuai
2524,junyta anggini,1,2026-08-26,"tolong diperbaiki setiap mau dipake sehari sblm kontrol suka tiba tiba keluar dari apk nya, harus login ulang, giliran login pw sm nik salah, nyusahin jujur, mana kepepet waktu kontrol, hrs ngurus ini it, pw sm nik salah padahal udah bener sampe di screenshot ttep aja salah pas di loginin ulang",Negatif,Negatif,98.6,1.1,98.6,Sesuai
2525,Fariz Ghaizan,1,2026-08-26,apk eror gak bisa login,Negatif,Negatif,97.3,2.6,97.3,Sesuai
2526,Muhammad Kristanto,1,2026-08-26,Verivikasi wajah susahnya ke,Negatif,Negatif,90,8.7,90,Sesuai
2527,Hamdani Herdiana,5,2026-08-26,mobile JKN memudahkan mendaftar ke faskes,Positif,Positif,92.6,92.6,7.1,Sesuai
2528,Luthfiana Widiya,1,2026-08-26,sumpahh ngak jelas bgt tiba2 ngak bisa di akses dan masukkk..,Negatif,Negatif,71.6,27.3,71.6,Sesuai
2529,Umar Baroar Nasution,2,2026-08-26,"Selalu tidak sesuai realita antara waktu tunggu di JKN dengan di Faskes 1. Gap waktu terlalu lama untk dipanggil. periksa jam 21.00, baru dipanggil jam 22 dan ambil obat sampai 23.00.",Negatif,Negatif,72.2,27,72.2,Sesuai
2530,Noviana Sandra,5,2026-08-26,Bagus,Positif,Positif,98.2,98.2,1.7,Sesuai
2531,Mbah Kakung,1,2026-08-26,"minimal andorid harus berapa? andoid 8 , 9 gak di dukung. kasian kalau orang tua2 yang hpnya masih andorid versi di bawah 10. download di luar playstore bisa , tapi ya ribet sedangkan daftar via web tidak bisa daftar lewat aplikasi OTP gak masuk2. sampai ganti nomer ya sama ganti anggota keluarga di KK sama saja. tidak ada pilihan lain misal OTP lewat WA jam daftar nya jam berapa biar mudah ? sudah beberapa hari berulang gagal terus datang ke kantor, suruh ganti hp wkwkw.",Negatif,Negatif,96.8,3,96.8,Sesuai
2532,somplak123 pepeng,4,2026-08-26,bagus,Positif,Positif,98.2,98.2,1.7,Sesuai
2533,Windi Sastia,1,2026-08-26,jelek,Negatif,Negatif,94.1,5.5,94.1,Sesuai
2534,Atikahoki House,5,2026-08-26,mudah di gunakan,Positif,Positif,90.8,90.8,9.2,Sesuai
2535,Hardie One,1,2026-08-26,Android 7.1.1 tidak dapat update.,Negatif,Negatif,81.1,17.5,81.1,Sesuai
2536,dicki april,5,2026-08-26,sangat membantu,Positif,Positif,99.7,99.7,0.3,Sesuai
2537,winddy,1,2026-08-26,"apk apaan ini bukannya mempermudah malah dipersulit mau daftar juga,udah gausah download ni apk kesel gw",Negatif,Negatif,97.1,2.7,97.1,Sesuai
2538,M. Afriza Sheva Maulana,1,2026-08-26,"aplikasi tolol kirim kode lewat sms ga masuk"", vermuk juga gagal terus tolol, sinyal bagus kamera hp bagus ttp aja apk idiot, klo belum siap rilis gausah rilis lah nyusahin org periksa aja",Positif,Negatif,90.2,9.5,90.2,Sesuai
2539,Beti Doro,5,2026-08-26,sangat membantu dan mempermudah,Positif,Positif,99.8,99.8,0.2,Sesuai
2540,Arie Hermanto,5,2026-08-26,sangat membantu,Positif,Positif,99.7,99.7,0.3,Sesuai
2541,Hermawan Lapri,2,2026-08-26,"niat hati mau update appnya, tp muncul aplikasi tidak kompatibel dengan perangkat anda.😏",Negatif,Negatif,91.7,6.7,91.7,Sesuai
2542,ROSYID PRO,5,2026-08-26,bagus,Positif,Positif,98.2,98.2,1.7,Sesuai
2543,Irfan Zulkarnain,5,2026-08-26,rekomendasi,Positif,Positif,73.7,73.7,24.2,Sesuai
2544,Mul Yati,1,2026-08-26,bagaimana cara update mobile jkn diplustore sedangkan diperangkat hp tidak bisa gimana solusinya tolong bantuannya aplikasi ngk bisa digunakan,Negatif,Negatif,72.4,26.8,72.4,Sesuai
2545,ocid ocied,5,2026-08-26,sangat membantu,Positif,Positif,99.7,99.7,0.3,Sesuai
2546,DAIN ANJAYATI,4,2026-08-26,aplikasi saya bermasalah,Positif,Positif,53.5,53.5,44,Sesuai
2547,bahrul suarez,1,2026-08-26,"apk gak mutu dan gak berguna blas... selalu error, udah login masukan nik, password dan chapca sudah benar eh.... muncul tulisan nik/ passwordnya salah ealah... yo wes lah... seng penting kau senang lah.",Negatif,Negatif,96.4,3.3,96.4,Sesuai
2548,Siswanto MHum,5,2026-08-26,baik,Positif,Positif,81,81,18.5,Sesuai
2549,Rahmad Very Hadi Kusuma,5,2026-08-26,"Aplikasi udah bagus, tapi saat proses pindah faskes ada proses selfie, aplikasinya malah miror, aku noleh kanan di HP noleh kiri (arah sebaliknya), agak sepeleh ini tp jdi jelek aja aplikasinya kamera kok malah miror",Negatif,Negatif,61.7,37,61.7,🚨 Bintang 4-5 tapi Prediksi ML Negatif (Taktik Komplain)
2550,your crush,1,2026-08-26,apaan sih ribet banget cuma buat daftar doang,Negatif,Negatif,93.8,5.7,93.8,Sesuai
2551,My Tv,5,2026-08-26,sangat rekomended dan membantu sekali,Positif,Positif,99.1,99.1,0.8,Sesuai
2552,neo rizqy,1,2026-08-26,"SAYA CUMA MAU DAFTARKAN KAKEK SAYA, SUMPAH RIBET BGT VERIF WAJAHNYA MANA MIRROR, SUMPAH MEMPERSULIT.",Negatif,Negatif,94,5,94,Sesuai
2553,Yuki Yunaedy,5,2026-08-26,sejauh ini masih lancar.,Positif,Positif,90.1,90.1,8.9,Sesuai
2554,Char Men,4,2026-08-26,mantap,Positif,Positif,99.2,99.2,0.7,Sesuai
2555,Burhan Sani,5,2026-08-26,semoa sehat2 ya,Positif,Positif,51.5,51.5,45.6,Sesuai
2556,Suryaaa,1,2026-08-26,"buat daftar aja susah banget verifikasi wajah aja aku coba berkali-kali ga bisa-bisa, udah bisa verifikasi wajah ngirim kode ga bisa-bisa mana kalau kembali ulang lagi trus aja gitu berkali-kali",Negatif,Negatif,97.6,1.9,97.6,Sesuai
2557,Linea Syahputri,4,2026-08-26,ga bisa di donlod di hv saya,Positif,Positif,52.4,52.4,46.7,Sesuai
2558,MOCH ILYAS,5,2026-08-26,bagus,Positif,Positif,98.2,98.2,1.7,Sesuai
2559,Muhammad Rofiq,5,2026-08-26,Luar biasa,Positif,Positif,94.8,94.8,4.6,Sesuai
2560,Trio Efendi,5,2026-08-26,jos,Positif,Positif,93.8,93.8,5.8,Sesuai
2561,Dwita Febriani,5,2026-08-26,sangat membantu,Positif,Positif,99.7,99.7,0.3,Sesuai
2562,Firman Supriyatna,5,2026-08-26,ok,Positif,Positif,51.5,51.5,45.6,Sesuai
2563,Ayep Sutrisna,5,2026-08-26,bravo aplikasi jkn,Positif,Positif,62.8,62.8,35.1,Sesuai
2564,Ma'ruf,4,2026-08-26,baik dan bagus,Positif,Positif,97.8,97.8,2.1,Sesuai
2565,Yoga Saputra,4,2026-08-26,alhamdulillah aman,Positif,Positif,86.2,86.2,12.8,Sesuai
2566,tukang bongkar,1,2026-08-26,aplikasi aneh harus pilih pilih hp kan ini apk untuk kesehatan knpa harus butuh standar compatibel hp yg lebih tinggi sedangkan rakyat menengah ke bawah tidak punya hp yg bagus hp nya yg biasa biasa aja tolong perbaiki apk nya agar bisa d instal d semua jenis perangakat tidak pilih pilih perangkat dan tidak menyusahkan.,Negatif,Negatif,81,18.2,81,Sesuai
2567,Ario PPerdana,5,2026-08-26,Memudahkan dalam proses pendaftarn difaskes.,Positif,Positif,93.5,93.5,5.9,Sesuai
2568,Anindia Pelana,5,2026-08-26,good,Positif,Positif,98.5,98.5,1.3,Sesuai
2569,Pikri Yana,5,2026-08-26,sangat membantu dan sangat baik,Positif,Positif,99.9,99.9,0.1,Sesuai
2570,Shohib Khuzza,3,2026-08-26,kok sering error sekarang,Negatif,Negatif,90.4,8.8,90.4,Sesuai
2571,Admin Csm002,5,2026-08-26,baguss,Positif,Positif,90.4,90.4,8.5,Sesuai
2572,Afda Rukawa,5,2026-08-26,cepat mudah bagus terpercaya,Positif,Positif,98.5,98.5,1.4,Sesuai
2573,bayu arum raharja,5,2026-08-26,mantab,Positif,Positif,99.2,99.2,0.7,Sesuai
2574,Raden Didik,5,2026-08-26,sangat membantu,Positif,Positif,99.7,99.7,0.3,Sesuai
2575,Rahman Tea,5,2026-08-26,sangat membantu makasih jkn,Positif,Positif,97.3,97.3,2.5,Sesuai
2576,Yusca Eunike Stefanie,5,2026-08-26,helpfull tq,Positif,Positif,51.5,51.5,45.6,Sesuai
2577,Perdi BKL,5,2026-08-26,mudah digunakan dan bermanfaat,Positif,Positif,99.3,99.3,0.7,Sesuai
2578,Nurdin Arlanniri,5,2026-08-26,sangat bagus,Positif,Positif,99,99,0.9,Sesuai
2579,Jamiyatul Rizdwan,5,2026-08-26,banyak update,Positif,Positif,59.1,59.1,38.1,Sesuai
2580,Darman Chelsea,5,2026-08-26,lebih cepat dan simpel,Positif,Positif,97,97,2.8,Sesuai
2581,Acep Wahyudin,5,2026-08-26,"bagus ,,ubah paskes mudah",Positif,Positif,97.3,97.3,2.6,Sesuai
2582,Anton Wiratno,1,2026-08-26,"susah login,diperangkat sudah terdaftar 3 NIK 👎",Negatif,Negatif,94.1,5.3,94.1,Sesuai
2583,SAIFUL AE,3,2026-08-26,makin hari versi makin tinggi kasian hp yang agak lama tidak bisa instal lagi nanti kalo gak pake jkn berbayar trus gimana??,Netral,Negatif,86.4,12,86.4,Sesuai
2584,Dinda Permata Sari,3,2026-08-26,Awalnya daftarnya biasa saja sekarang sulit buat daftar apalagi saat bagian masukkan nomor hp buat dapat kode verifikasi kode nya gak datang²,Netral,Negatif,85.6,12.9,85.6,Sesuai
2585,Farhan Sungkar,5,2026-08-26,keren,Positif,Positif,94.2,94.2,5.4,Sesuai
2586,Deni Setio arko,1,2026-08-26,"mau daftar malah ada fitur scan wajah, lemot coba lagi terus, ngga banget",Negatif,Negatif,95,4.6,95,Sesuai
2587,misbah munir,5,2026-08-26,sangat membantu,Positif,Positif,99.7,99.7,0.3,Sesuai
2588,Arip Labib Fikri,1,2026-08-26,"apalah ini masa gak ada otp,,??",Negatif,Negatif,95.5,4.2,95.5,Sesuai
2589,Fathiyah Nabila,1,2026-08-26,"tolonglah di perbaiki lagi, ini verifikasi susah tidak ada dapet kode ke no hp",Negatif,Negatif,93.2,6.3,93.2,Sesuai
2590,Agus Trianto,5,2026-08-26,sangat membantu,Positif,Positif,99.7,99.7,0.3,Sesuai
2591,Remember,1,2026-08-26,"menjijikan, uang yg di setor di anggap hibah sepihak (& mengikat)",Negatif,Negatif,69.2,25.9,69.2,Sesuai
2592,DARMADI DARMADI,1,2026-08-26,ini cukup mematu aku.,Negatif,Positif,69.5,69.5,28.9,💡 Bintang 1-2 tapi Prediksi ML Positif (Pujian / Salah Klik)
2593,Muhamad Hadi,5,2026-08-26,sangat membantu memudahkan perubahan data peserta BPJS kesehatan ♥️👍,Positif,Positif,99.3,99.3,0.7,Sesuai
2594,Exa Nur,1,2026-08-26,ini kok sekarang jadi susah yaaaahh,Negatif,Negatif,70.2,26.8,70.2,Sesuai
2595,sifa mardyani,5,2026-08-26,sangat membantu,Positif,Positif,99.7,99.7,0.3,Sesuai
2596,Karina Sukmawati,4,2026-08-26,"ini kenapa logout sendiri, giliran mau log in lagi susah nya mnta ampun, nik salah lah, pass salah lah, mau verivikasi aja susahh harus ke SMS tapi ga ada terus kode nya. gimna ini saya daftar ke RS mau kontrol.",Positif,Negatif,92.9,6.3,92.9,🚨 Bintang 4-5 tapi Prediksi ML Negatif (Taktik Komplain)
2597,Charles Mario,1,2026-08-26,"aplikasnya buruk , sering bermasalah , error , sering logoutb , antrian kadang ga masuk ke data rumah sakit",Negatif,Negatif,92.6,7,92.6,Sesuai
2598,Ipoel Al fatih,5,2026-08-26,ok,Positif,Positif,51.5,51.5,45.6,Sesuai
2599,Manurung Plg,5,2026-08-26,sangat membantu saya,Positif,Positif,99.2,99.2,0.7,Sesuai
2600,Suhartini Suhartini,1,2026-08-26,kodw verifikasi gapernah masuj,Negatif,Negatif,77.5,20.8,77.5,Sesuai
2601,Endah Retno,5,2026-08-26,selama ini bagus dan sangat membantu keluarga saya di saat sakit dan membutuhkan perawatan,Positif,Positif,98.7,98.7,1.2,Sesuai
2602,Willy Willyam Scanna,1,2026-08-26,makin gaje ini aplikasi gak ke urus apa udah males ngurus apa2 harus online tapi penyediaa platform nya gak ngurus,Negatif,Negatif,89.7,9.7,89.7,Sesuai
2603,Sahrudin,5,2026-08-26,bpjs terpercaya,Positif,Positif,78.6,78.6,18.9,Sesuai
2604,Yohannes Belli,1,2026-08-26,"Tolong di perbaiki mau daftar gabisa padahal internet kuota masih banyak, tolong di permudah, terimakasih.",Positif,Positif,58.5,58.5,40.6,💡 Bintang 1-2 tapi Prediksi ML Positif (Pujian / Salah Klik)
2605,siti aissyah,2,2026-08-26,Benerin dong applikasinya Error Mulu. Bikin Repot Jadinya,Negatif,Negatif,87.9,11.3,87.9,Sesuai
2606,Fahrial Hamdi Ferry,4,2026-08-26,bagus,Positif,Positif,98.2,98.2,1.7,Sesuai
2607,Apep Gunawan,1,2026-08-26,ga bisa masuk terus ajg,Negatif,Negatif,87.6,11.2,87.6,Sesuai
2608,rizal iks2357,1,2026-08-26,parah saat ngisi nomer hp eror Mulu,Negatif,Negatif,95.8,3.8,95.8,Sesuai
2609,Suweni,5,2026-08-26,sagat baik,Positif,Positif,81,81,18.5,Sesuai
2610,Febriyana putri,5,2026-08-26,sangat membantu untuk memudahkan melakukan administrasi kesehatan,Positif,Positif,98.6,98.6,1.4,Sesuai
2611,Phutera Tarigan,1,2026-08-26,aplikasi tolol masuk nya aja susah kali,Negatif,Negatif,96.6,3,96.6,Sesuai
2612,Devi Widarsih,5,2026-08-26,Sangat membantu sekali,Positif,Positif,99.8,99.8,0.2,Sesuai
2613,Agustus 18,5,2026-08-26,terimakasih,Positif,Positif,92.5,92.5,7,Sesuai
2614,Putra Dollar,1,2026-08-26,apk apa ini orang mau buat akun ga bisa,Negatif,Negatif,96.5,3.2,96.5,Sesuai
2615,Nurmansyah. Hse,1,2026-08-26,kenapa aplikasinya kacau terus ..tolong dong ini diperhatikan bapak ibu pemerintah...kita juga bayar tiap bulannya..mas a mau berobat aja sudah banget terkendala aplikasi...,Negatif,Negatif,86.5,11.4,86.5,Sesuai
2616,Much Jufrie,1,2026-08-26,aplikasi milik pemerintah tapi selalu ngebug sangat miris !!!!!,Negatif,Negatif,68.5,28.1,68.5,Sesuai
2617,Hasan Apandi,4,2026-08-26,sangat bagus dan mudah untuk melakukan pendaftaran,Positif,Positif,99.4,99.4,0.6,Sesuai
2618,Pegi Yanto,5,2026-08-26,sangat membantu,Positif,Positif,99.7,99.7,0.3,Sesuai
2619,nadiya,3,2026-08-26,"mohon dilancarkan lagi, klo penggunanya banyak suka ngelag",Positif,Positif,73.4,73.4,26,Sesuai
2620,Adiansyah moxer,1,2026-08-26,Kenapa di hp saya bisa di download sangat miris,Negatif,Negatif,71.8,26.2,71.8,Sesuai
2621,Kusyana,2,2026-08-26,tolong diperbaiki lagi🙏 sekarang sering logout akun. sering banget gangguan,Negatif,Negatif,92.4,6.6,92.4,Sesuai
2622,Anggikurniawan,2,2026-08-26,Udar Ruwet Sekarang. Bukan nya makin mudah malah makin ngga jelas.,Negatif,Negatif,86.7,13,86.7,Sesuai
2623,Yas Wendi,5,2026-08-26,No komen. Aplikasi nya bagus.,Positif,Positif,94.1,94.1,5.5,Sesuai
2624,Mentari Mentari,5,2026-08-26,aplikasi yang sangat membantu saya,Positif,Positif,98.5,98.5,1.4,Sesuai
2625,Azis Adinugraha,5,2026-08-26,mantap,Positif,Positif,99.2,99.2,0.7,Sesuai
2626,Albert Marlis,1,2026-08-26,"APLIKASI MEMPERSULIT UNTUK BEROBAT, SUSAH MENDAFTAR",Negatif,Negatif,85.6,13.9,85.6,Sesuai
2627,Agil Setianingrum,2,2026-08-26,sekarang sering tobel.. mmmmmmm,Negatif,Negatif,74.3,24.1,74.3,Sesuai
2628,Muhammad Radiansyah,5,2026-08-26,bermanfaat sekali,Positif,Positif,97.4,97.4,2.2,Sesuai
2629,Jayusman,5,2026-08-26,pelayanan sangat bagus dokternya ramah,Positif,Positif,98.5,98.5,1.3,Sesuai
2630,Rahmat Hidayat (Amath),5,2026-08-26,ok,Positif,Positif,51.5,51.5,45.6,Sesuai
2631,Hymey_7,1,2026-08-26,Kenapa gak bisa di buka woii??;;! udah gw tekan tapi gk mau kebuka malah kembali ke home screnn pas di tekan tolong kenapa ini!???,Negatif,Negatif,88.2,11.2,88.2,Sesuai
2632,Zessa Aprila,1,2026-08-26,jelek,Negatif,Negatif,94.1,5.5,94.1,Sesuai
2633,rizki Syareza,1,2026-08-26,aplikasi paling lelet,Negatif,Negatif,84.7,14,84.7,Sesuai
2634,pandu pandu,4,2026-08-26,"lebih mudah ,dan tanpa antrean..",Positif,Positif,95.2,95.2,4.6,Sesuai
2635,SC channel,1,2026-08-26,kacau kacauuu lah jadi ribet,Negatif,Negatif,86.3,12.1,86.3,Sesuai
2636,Zikri Akbar Ramadhan,1,2026-08-26,"menyulitkan, setiap bulan di suruh login ulang payah lagi.",Negatif,Negatif,96.5,3.1,96.5,Sesuai
2637,Saputra Ega,4,2026-08-26,cukup mudah dan dimengerti sangat membantu saat kondisi keluarga sedang sakit.,Positif,Positif,98.5,98.5,1.4,Sesuai
2638,Endang Sudiyarti,1,2026-08-26,sulit sekali melakukan pendaftaran karena HP saya tidak kompatibel dengan system JKN,Negatif,Negatif,80,18.4,80,Sesuai
2639,Kila Aisyah,5,2026-08-26,praktis dan sangat membantu,Positif,Positif,99.6,99.6,0.4,Sesuai
2640,Syafruddin KCP sabang atas,2,2026-08-26,kenapa antrian berikutnya setelah 1 minggu susah di ambil. no antrian sebelumnya masih muncul... tolong perbaikan. klo tdk mampu jgn sok digital...,Negatif,Negatif,84.1,15.1,84.1,Sesuai
2641,ngaco bray,5,2026-08-26,i like it cepat membantu dalam pengerjaan data pribadi secara mandiri. thanks you so much.....,Positif,Positif,95.6,95.6,4,Sesuai
2642,Addar Umar,5,2026-08-26,sangat bermanfaat,Positif,Positif,98.7,98.7,1.2,Sesuai
2643,dedi huri,5,2026-08-26,"proses mudah tidak ribet tidak ngantri yg penting punya kuota, makasih jkn",Negatif,Negatif,58.9,40.3,58.9,🚨 Bintang 4-5 tapi Prediksi ML Negatif (Taktik Komplain)
2644,Quen Diamond,1,2026-08-26,"kenapa setiap mau pakai selalu diminta masukkan NIK? padahal apk sudah lama didownload, terus kalau sudah pernah log in ya jangan disuruh log in terus tiap mau dipakai.",Negatif,Negatif,94,5.2,94,Sesuai
2645,resti muslimatul,5,2026-08-26,berobat jadi lebih simpel dan mudah mendaftar nya melalui online,Positif,Positif,90.1,90.1,9.5,Sesuai
2646,Garet Bale,5,2026-08-26,terbaik,Positif,Positif,81,81,18.5,Sesuai
2647,Irma Hermawati,5,2026-08-26,good..,Positif,Positif,98.5,98.5,1.3,Sesuai
2648,jis,1,2026-08-26,tolong permudah verifikasi nya masa saya harus ganti nomer gara gara ini,Negatif,Negatif,81.7,16.8,81.7,Sesuai
2649,Abdul Muis Tanjung,1,2026-08-26,"ayolah, siapa si developer burid yang ngembangin aplikasi ini? dari dulu ampe skrng mau masuk aja gabisa, udah ganti sandi pun gabisa masuk emang burid... jangan mentang mentang kerja di pemerintah ga pernah di cek ada bug nya... plis lah",Negatif,Negatif,97.2,2.4,97.2,Sesuai
2650,Yudi Mvshop,1,2026-08-26,aplikasi g bermutu,Negatif,Negatif,63.7,33.8,63.7,Sesuai
2651,Taofik Septian,5,2026-08-26,luar biasaaaa,Positif,Positif,94.8,94.8,4.6,Sesuai
2652,Miftah Umay,2,2026-08-26,susah kali jkn ini bukan di permudah tapi di persulit,Negatif,Negatif,80.3,18.8,80.3,Sesuai
2653,Deko Handoko,5,2026-08-26,berobat,Positif,Positif,53.4,53.4,46,Sesuai
2654,Iik Mulyana,5,2026-08-26,Aplikasi ini sangat membantu karena sangat mudah digunakan,Positif,Positif,99.8,99.8,0.1,Sesuai
2655,Bima Budi 2024,5,2026-08-26,mantap apk yang bagus,Positif,Positif,98.7,98.7,1.2,Sesuai
2656,gandung eva,5,2026-08-26,baik ada layanan online sangat mmbantu sekali jika pindah faskes 👍,Positif,Positif,90.2,90.2,9.2,Sesuai
2657,Arkan Ramadhan,2,2026-08-26,sebenarnya mempermudah apa mempersulit?,Negatif,Negatif,76.1,22.8,76.1,Sesuai
2658,Bagus Rosyidi,1,2026-08-26,aplikasi apa ini masa biar daftar gk bisa udah berkali-kaki tetap gk ke daftar,Negatif,Negatif,97.1,2.7,97.1,Sesuai
2659,klinik braja pamungkas,1,2026-08-26,pemerintah makin bodoh bukannya mempermudah malah mempersulit akses nya. tolol,Negatif,Negatif,93.9,5.9,93.9,Sesuai
2660,Jasmani,1,2026-08-26,"pada saat mau login selalu captcha salah padahal udah benar, sampai berulang kali tetap salah",Negatif,Negatif,96.2,3.2,96.2,Sesuai
2661,saadsahlul fasya,5,2026-08-26,sangat membantu sekali adanya aplikasi ini,Positif,Positif,98.3,98.3,1.6,Sesuai
2662,Aulia Kumala,1,2026-08-26,"aplikasi tolol, kode nya ngga dikirim ke no hp malah disuruh isi pulsa, padahal pulsaku masih 14 ribu, giliran ganti nomor malah error mulu",Negatif,Negatif,99.4,0.5,99.4,Sesuai
2663,wahab rajasam,5,2026-08-26,baik,Positif,Positif,81,81,18.5,Sesuai
2664,Kevin Utomo,1,2026-08-26,"setiap mau verifikasi no hp selalu error, dari bulan Januari sampe sekarang tidak dibenahi",Negatif,Negatif,94.1,5.3,94.1,Sesuai
2665,Dayat Ban,5,2026-08-26,sangat baik,Positif,Positif,96.4,96.4,3.4,Sesuai
2666,Ayi Syarma,5,2026-08-26,"mantul banget ,no ribet tanpa ke kantornya lansung",Negatif,Positif,72.8,72.8,26.7,Sesuai
2667,flero gamer,5,2026-08-26,sangat menjamin kesehatan warga negara. God Bless BPJS Kesehatan,Positif,Positif,88,88,11,Sesuai
2668,riki ramadani,5,2026-08-26,pelayanan nya sangat memuaskan ramah dn,Positif,Positif,98.9,98.9,0.9,Sesuai
2669,Doni Saputra,4,2026-08-26,alhamdulillah lancar bgt skrang,Positif,Positif,91.5,91.5,7.9,Sesuai
2670,Rifqi wachid,1,2026-08-26,"gak niat bikin apk , lebih baik judol sekali klik langsung bisa",Negatif,Negatif,81.5,17.7,81.5,Sesuai
2671,Jalakkontraktor Pos,5,2026-08-26,Sangat membantu dan mudah di akses,Positif,Positif,99.7,99.7,0.3,Sesuai
2672,Abdul Jaya,5,2026-08-26,bermanfaat,Positif,Positif,96.3,96.3,3.4,Sesuai
2673,Graciella Adiesty,1,2026-08-26,eh pak tolong dong kalo mau verifikasi gausah di persulit. pake segala ada kendala ini itu segala macem. org yg mau nya gampang jadi susah tau ga!,Negatif,Negatif,89,9.8,89,Sesuai
2674,Miftahurrohman,1,2026-08-26,"Apk gk jelas, dh bikin akun dh lama sgala macem suruh login lagi masukin captcha dh bner disalahin terus pas buat antrian mo berobat dh ngisi data tetep gk bisa daftar gimana coba",Negatif,Negatif,98.9,1.1,98.9,Sesuai
2675,Wahyuni Marlin,1,2026-08-26,"setiap mau buka error mulu, heran gimana orang mau ambil no antrian, ga jelas",Negatif,Negatif,98.4,1.5,98.4,Sesuai
2676,Fadli Amnessia153,1,2026-08-26,"apk gila . udah log in keluar sendiri , mau log in captcha nya ga muncul muncul gilaaa campahhhh.",Negatif,Negatif,97.2,2.6,97.2,Sesuai
2677,Le CUK,2,2026-08-26,Aplikasi pemerintah banyak yg payah,Negatif,Negatif,90.2,9.1,90.2,Sesuai
2678,Julians Simanjuntak,1,2026-08-26,"aplikasi bosok, login gk bisa terus, data sesuai, selalu notif sesi habis",Negatif,Negatif,90.9,8.7,90.9,Sesuai
2679,susanto muhammad,3,2026-08-26,aplikasi ampas gampang log out,Netral,Negatif,79.4,17.6,79.4,Sesuai
2680,Mus Takim slimin,5,2026-08-26,sangat mebantu,Positif,Positif,51.5,51.5,45.6,Sesuai
2681,Diki Zian Syahreza,5,2026-08-26,bagus,Positif,Positif,98.2,98.2,1.7,Sesuai
2682,Berkah Chicken,4,2026-08-26,"cukup bagus dan mudah digunakan walau ada bbrp term yg blm tercover di apk, seperti perubahan otomatis faskes pertama yg direkomendasikan ketika pindah alamat",Positif,Positif,97.8,97.8,2,Sesuai
2683,GreenSoft,1,2026-08-26,susah bgt buat daftar,Negatif,Negatif,87.8,11.6,87.8,Sesuai
2684,Acho Sepolo,2,2026-08-25,"apa2 gagal, verifikasi wajah gagal, nunggu kode SMS referral gagal2. percuma gak bisa di pakai",Negatif,Negatif,96.8,3,96.8,Sesuai
2685,Lasti Pustina,5,2026-08-25,"terima kasih ,sangat terbantu dengan aplikasi ini, mempermudah segala urusan tentang kesehatan 🙏",Positif,Positif,99.5,99.5,0.4,Sesuai
2686,Cucu Suparman,1,2026-08-25,eror kadang kadang ga bisa kebuka ngebug,Negatif,Negatif,81.7,17.6,81.7,Sesuai
2687,Alesha Ayunindya,2,2026-08-25,harusnya layanan untuk masyarat itu yang bisa kompiteble untuk hp apapun.bukan untuk hp tertentu yang spek nya harus tinggi.,Negatif,Negatif,77.1,21,77.1,Sesuai
2688,sri wahyono,4,2026-08-25,saya sbg peserta bpjs merasa sangat terbantu dalam penanganan pelayananan kesehatan yg sudah saya alamai. selama. ini,Positif,Positif,97.7,97.7,2.1,Sesuai
2689,Pur Wanti,5,2026-08-25,dapat antrian lebih awal,Positif,Positif,55.3,55.3,42.1,Sesuai
2690,David Son,5,2026-08-25,lama nungguin kode OTP. Hilangkan pe waktu untuk menerima kode OTP ke 2,Positif,Negatif,80.5,18.7,80.5,🚨 Bintang 4-5 tapi Prediksi ML Negatif (Taktik Komplain)
2691,Hendra Gunawan Silitonga,5,2026-08-25,ok,Positif,Positif,51.5,51.5,45.6,Sesuai
2692,Chyo,1,2026-08-25,Tolong di permudah masalah kode otp saat menggunakan nomer,Negatif,Negatif,83.8,15.7,83.8,Sesuai
2693,Septi Anida,5,2026-08-25,sangat membantu terimakasih,Positif,Positif,99.5,99.5,0.5,Sesuai
2694,Esa Alfarizy,4,2026-08-25,josss,Positif,Positif,93.8,93.8,5.8,Sesuai
2695,mas JJ,1,2026-08-25,"buruk sekali,dan nggak ada respon kalau di kritik",Negatif,Negatif,83.6,15.4,83.6,Sesuai
2696,Dera Noviandi,5,2026-08-25,mantap,Positif,Positif,99.2,99.2,0.7,Sesuai
2697,Micko,5,2026-08-25,bagus...,Positif,Positif,98.2,98.2,1.7,Sesuai
2698,AFIQ IQDAM,1,2026-08-25,"aplikasi ribet , pemerintah gak jelas",Negatif,Negatif,98.6,1.3,98.6,Sesuai
2699,Dame Natalia Sidauruk,5,2026-08-25,aplikasi jkn mobile ini kenapa tidak bisa di download di hp saya oppo A1K ???. Katanya hp saya tidak kompetibel. Mohon di bantu admin 🙏🏻,Positif,Positif,51.6,51.6,47.5,Sesuai
2700,Noviyadi Permanagoro,1,2026-08-25,"aplikasi dibuat untuk memudahkan bukan mempersulit, cuma ini aplikasi yang paling ribet gak jelas tidak ada cara untuk mengganti nomor HP yang sudah tidak aktif aplikasi yang super duper ribet mau daftar berobat aja aplikasinya begini 🤮🤮🤮🤮",Negatif,Negatif,93.4,6.2,93.4,Sesuai
2701,Realme Lemon,5,2026-08-25,ok,Positif,Positif,51.5,51.5,45.6,Sesuai
2702,Muhammad Syauqi,1,2026-08-25,sering log out trs ribet harus login pake nik sama pin dulu. sampah!,Negatif,Negatif,97.6,2.1,97.6,Sesuai
2703,Eva Muis,5,2026-08-25,cepat tidak ribet,Negatif,Negatif,72.3,27.1,72.3,🚨 Bintang 4-5 tapi Prediksi ML Negatif (Taktik Komplain)
2704,MSKR Supriyatna,1,2026-08-25,aplikasi eror ..daftar leg terus sinyal bagus juga..,Positif,Positif,68.4,68.4,30.6,💡 Bintang 1-2 tapi Prediksi ML Positif (Pujian / Salah Klik)
2705,Ridwan Gunawan,5,2026-08-25,bagus,Positif,Positif,98.2,98.2,1.7,Sesuai
2706,MuhHafiz Zafitrah,5,2026-08-25,bagus sangat membantu,Positif,Positif,99.8,99.8,0.2,Sesuai
2707,Linadwi Saputri,5,2026-08-25,selalu puas,Positif,Positif,88.6,88.6,10.9,Sesuai
2708,kamal rifqi 513,5,2026-08-25,mantap sangat memudahkan dan membantu,Positif,Positif,99.9,99.9,0.1,Sesuai
2709,Imam Shavero,5,2026-08-25,mantap,Positif,Positif,99.2,99.2,0.7,Sesuai
2710,Rayyan Arifianto,1,2026-08-25,"aplikasi nya error,untuk login akun tidak bisa padahal sudah berulang-ulang kali untuk mencoba login tapi tetap tidak bisa,MOHON DI PERBAIKI APLIKASINYA!!🙏",Negatif,Negatif,96.2,3.5,96.2,Sesuai
2711,Jainuri 878,1,2026-08-25,gak bisa login kembali keterangan lebih dari 3 nik.,Negatif,Negatif,92.5,7,92.5,Sesuai
2712,Doublefour 91,1,2026-08-25,aplikasi gak bisa dibuka,Negatif,Negatif,89.5,10.3,89.5,Sesuai
2713,Muh Natsir,5,2026-08-25,ok,Positif,Positif,51.5,51.5,45.6,Sesuai
2714,Choco Latte ID,5,2026-08-25,sangat bermanfaat bagi saya dan keluarga,Positif,Positif,97.9,97.9,1.8,Sesuai
2715,Andika Putra,1,2026-08-25,"jkn,koclok masak gak bisa dipake login lebih dari 3 ktp gak bisa. kalo ada yg minta tolong gimana,orang tua apa saudara yg gak ada hp. Apa dikira mau dipake nyolong apa aplikasi nya. Apk jelek bgt...",Negatif,Negatif,97.9,1.9,97.9,Sesuai
2716,Untoro Suryadi,2,2026-08-25,eror terus gabisa daftar,Negatif,Negatif,94.1,5.5,94.1,Sesuai
2717,Shinta Dewi,5,2026-08-25,memudahkan praktis,Positif,Positif,90.5,90.5,8.9,Sesuai
2718,dimasst tv,3,2026-08-25,sangat sulit ketika ingin mendapatkan kan otp ketika mendaptar,Netral,Negatif,65.8,30.3,65.8,Sesuai
2719,evly jeje,1,2026-08-25,"setiap mau daftar pasti di bilang no telfon nya ga sesuai format sampe ganti ganti pake 3 nomor juga tetap aja gabisa,",Negatif,Negatif,94.4,5.1,94.4,Sesuai
2720,ari kusuma,5,2026-08-25,sangat membantu,Positif,Positif,99.7,99.7,0.3,Sesuai
2721,Okki Heriana,5,2026-08-25,aplikasi dan program yg sangat bagus dan mantap,Positif,Positif,99.5,99.5,0.5,Sesuai
2722,Ibnu Hajar,1,2026-08-25,"aplikasi yang tidak memberikan solusi, mengurus administrasi dan aduan tetap perlu datang ke kantor apa gunanya aplikasi kalau begitu",Negatif,Negatif,54.6,44.4,54.6,Sesuai
2723,Agus Hariyanto,3,2026-08-25,aplikasi dlogok. login lama bet. sering bug. mengapa produk pemerintah mesti busuk semua.,Netral,Negatif,89.8,8.3,89.8,Sesuai
2724,anis prasetya,5,2026-08-25,"setelah update kenapa apk malah eror, gak bisa log in, akun belum terdaftar, nik tidak ditemukan",Positif,Negatif,93.4,6.3,93.4,🚨 Bintang 4-5 tapi Prediksi ML Negatif (Taktik Komplain)
2725,es teh anget,1,2026-08-25,"aplikasi gajelas blokir aja udah, kode otp ga masuk padahal nomor bener, pulsa ada, kuota ada, tetep aja ga bisa aplikasi sampah",Negatif,Negatif,99.3,0.7,99.3,Sesuai
2726,Amelia Sanjaya,1,2026-08-25,"TOLONG LAH YA KALAU MEMANG WAJIB HARUS PAKE MOBILE JKN, TOLONG DIPERMUDAH BUAT VERIFIKASI MUKA PLIS SUSAH BANGET UDAH GANTI TMPT CAHAYA BAGUS TETAP AJA GABISA",Positif,Negatif,72.4,26.6,72.4,Sesuai
2727,Humairoh 27,1,2026-08-25,"ini BPJS aneh banget giliran mau dipake ditolak terus alesan nya provider terdaftar ditempat lain, kalo gitu masa iya gua yg misal kan lagi ngerantau jauh harus balik dulu bertobat nya ketempat klinik yg terdaftar, ditambah kalo ganti klinik proses nya nunggu lagi! tiap bulan gua bayar lohh jangan dipersulit lah, orang lagi sakit ada aja cobaan nya, giliran kena kasus baru bergerak kalian!!",Negatif,Negatif,96.4,3,96.4,Sesuai
2728,Rizki N,1,2026-08-25,aplikasi gak guna,Negatif,Negatif,91.5,8.3,91.5,Sesuai
2729,Rahmat dano Sella,5,2026-08-25,THANKS FOR YOUR,Positif,Positif,72.9,72.9,24.7,Sesuai
2730,Devi Yana,5,2026-08-25,baik di gunakan,Positif,Positif,83.4,83.4,16.4,Sesuai
2731,Eva Lefly,1,2026-08-25,ada fitur BPJS keliling tapi di cari wilayah bwi pake filter GK ada. gajelas,Negatif,Negatif,82.5,16.3,82.5,Sesuai
2732,Didin Jaeludin,5,2026-08-25,mudah dioperasikan,Positif,Positif,85.8,85.8,13.6,Sesuai
2733,Albizar Elbachry,1,2026-08-25,"aku kasih bintang 1. kalau aplikasi nya sudah bisa log lagi baru ak kasih ulasan lagi. masa baru kemarin aplikasi masih bisa di gunakan sesudah log out mau masuk lagi chapta nya selalu tidak bisa. makin kesni makin gk bener nih apk. udah masukin Nik sesuai sama sandi ,chapta bner semua tapi ttp aja gk bisa masuk. ak kasih bintang 1 lagi. kecewa sangat. makasih",Negatif,Negatif,96.8,2.9,96.8,Sesuai
2734,Mila Sutari,3,2026-08-25,ini gimana sih ko log out sendiri kluar gitu mana lupa pasword udah bilang lupa sandi udah masukin nomor HP sesuai yg di daftar ko keterangan nya ttp nomor gak sesuai bukan nya membantu yg bener ya allah mana besok mau priksa,Netral,Negatif,95.4,3.3,95.4,Sesuai
2735,Harni Sumatan,1,2026-08-25,nggak jelas anjir,Negatif,Negatif,89.9,9.5,89.9,Sesuai
2736,Alena Ucrit,5,2026-08-25,wow.. sungguh amazing aplikasinya,Positif,Positif,63.2,63.2,34,Sesuai
2737,Yudy Cokro Birowo,5,2026-08-25,ok,Positif,Positif,51.5,51.5,45.6,Sesuai
2738,Difki Putranew,1,2026-08-25,nomer hp gabisa dimasukin gmn si t4i,Negatif,Negatif,82.6,16.2,82.6,Sesuai
2739,Muhammadfatiyanakbar Akbar,5,2026-08-25,baik gratis terimakasih,Positif,Positif,91.2,91.2,8.4,Sesuai
2740,Farhan Hafidh,1,2026-08-25,mau masuk aja susah bgt ada masalah terus padahal nik dan sandi sudah benar,Negatif,Negatif,96.1,3.1,96.1,Sesuai
2741,Nurnaningsih Widdiyastono,5,2026-08-25,bagoooos,Positif,Positif,51.5,51.5,45.6,Sesuai
2742,Rizal 20,1,2026-08-25,GAMPANGAN DAFTAR PINJOL MEN 🤟🙏,Negatif,Negatif,64.5,33.6,64.5,Sesuai
2743,Z362,1,2026-08-25,dikit dikit harus login ribet kali setiap bulan pasti harus login ulang masalahnya ortu gw gaptek dan saat tiba-tiba butuh nih app harus login ulang dan gw gak dilokasi belum lagi kalau lupa pasword,Negatif,Negatif,97.5,2.1,97.5,Sesuai
2744,Jessen Henry,1,2026-08-25,aplikasi cacat...!!,Negatif,Negatif,75.4,21.8,75.4,Sesuai
2745,Mata Kamera,5,2026-08-25,lebih memudahkan pake apps dri pda dateng langsung ke kantornya 😁🙏,Positif,Positif,80.4,80.4,19,Sesuai
2746,Rayanamige Mige,5,2026-08-25,proses cepat dan responsif,Positif,Positif,98,98,1.8,Sesuai
2747,Kusman Soleh,5,2026-08-25,Mantabzs,Positif,Positif,51.5,51.5,45.6,Sesuai
2748,Rao Datul,5,2026-08-25,ok,Positif,Positif,51.5,51.5,45.6,Sesuai
2749,moch zainuri,1,2026-08-25,sekelas pelayan kesehetan rakyat tapi untuk log in gabisa parah si,Negatif,Negatif,87.6,11.8,87.6,Sesuai
2750,Rudi Junaedi,5,2026-08-25,"buat jaga2 aja,daftar nya mudah",Positif,Positif,66.5,66.5,32.4,Sesuai
2751,Rifki Putra,1,2026-08-25,"OTP nya manaaaaaaa????? email aman tapi otp yg lewat sms ga dikirim² padahal nomor aktif,uda ganti jg tetep ga dikirim²,emng apk dari pemerintah nih agak² semua keknya",Negatif,Negatif,96.9,2.8,96.9,Sesuai
2752,Syanana Umaya,5,2026-08-25,mantaPppp,Positif,Positif,99.2,99.2,0.7,Sesuai
2753,Nita Septia,1,2026-08-25,"tolonglah diperbaiki,masa minta kode otp nggak dikirim2,nmr udh bener sama masih aktif,udh minta bolak balik nggak dikirim2,bapak saya udh nahan sakit,kalau nggak daftar kalah sama yg udh daftar,giliran diminta kode otp berkali kali nggak dikirim,gimana sihh!!tolonglah diperbaiki lg sistem nya!!!!!!",Negatif,Negatif,98.6,1,98.6,Sesuai
2754,Bunda Annisa,5,2026-08-25,"BPJS sangat membantu sekali, sayang nya satu hari tidak bisa di layanan, salah satu harus bayar.",Positif,Positif,83.6,83.6,16,Sesuai
2755,Jagad Pangeran,5,2026-08-25,ok,Positif,Positif,51.5,51.5,45.6,Sesuai
2756,Agung Darmawan,1,2026-08-25,"Kode otp sms ko ga ada yaa? sdh kucoba berkali2, apa emang harus ada pulsa? klo iyaa parah si sekelas aplikasi pemerintah.",Negatif,Negatif,98.5,1.4,98.5,Sesuai
2757,imron rosyadi,5,2026-08-25,layanan memuaskan. terima kasih,Positif,Positif,98.4,98.4,1.5,Sesuai
2758,Azwar Hamid,5,2026-08-25,perkembangan sangat bagus. semoga bisa lebih bagus lagi di masa mendatang,Positif,Positif,97.6,97.6,2.1,Sesuai
2759,Muhammad Habibi Ridhani,1,2026-08-25,"Aplikasi gak jelas , verifikasi OTP nya nunggu sampai kiamat apa ya baru dikirim",Negatif,Negatif,97.4,2.4,97.4,Sesuai
2760,Muhamad Riski,1,2026-08-25,aplikasi GK becus daftar aja gak bisa eror mulu,Negatif,Negatif,97.8,2,97.8,Sesuai
2761,Bagas Yufi,5,2026-08-25,sangat bermanfaat,Positif,Positif,98.7,98.7,1.2,Sesuai
2762,Fifitriya ningsih,1,2026-08-25,"Terlalu repot aplikasinya, versi web juga gaada. Tolonglah BPJS perkara kaya gini penting loh, tapi kita sebagai pengguna direpotkan. Ketika login di tempat lain otomatis yang lainnya terlogout. Tolong juga buat versi web untuk memudahkan.",Negatif,Negatif,81.8,17,81.8,Sesuai
2763,laverna hendy,1,2026-08-25,sudah dwload sudah dftar tp gqk diverifikasi. sudah chat WA. tetep yak diverifikasi. tanya di WA yg jawah robot bego. cuma minta diverifikasi nomernya malah muter2 jawabanya gak jd solusi dan gak diverifikasi. pdhal infonya cm suruh WA pandawa kl blm diverifikasi minta diverifikasi. dohhhh yaoloohhhh. esmosii deh,Negatif,Negatif,91,8.1,91,Sesuai
2764,Fransisca Margaretha,5,2026-08-25,"sangat terbantu dengan aplikasi ini, nggak perlu capek2 antri daftar manual di faskes",Positif,Positif,91.7,91.7,8.1,Sesuai
2765,Vofirecaprilya,1,2026-08-25,"susah bgt login,dasar apk bobrok",Negatif,Negatif,88.8,9.9,88.8,Sesuai
2766,Hendiplas23,1,2026-08-25,"mau daftar sangat sulit, kenapa gak langsung otp via WA,, sangat buruk",Negatif,Negatif,93.1,6.3,93.1,Sesuai
2767,Hendro Channel Metot,4,2026-08-25,lumayan puas dengan pelayanan nya,Positif,Positif,98.3,98.3,1.4,Sesuai
2768,Beni Supriadi,5,2026-08-25,berguna bgt,Positif,Positif,76.1,76.1,22.9,Sesuai
2769,Desta Wiguna,1,2026-08-25,"di persulit banget ketika lupa sandi, email dan no hp, harus hubungin call center segala.... tolong di permudah lagii untuk masalah loginnya yahh",Negatif,Negatif,77,20.8,77,Sesuai
2770,ida Anom,5,2026-08-25,bagua,Positif,Positif,81.9,81.9,16,Sesuai
2771,paloma paloma,2,2026-08-25,sulit Skali nggak bisa login,Negatif,Negatif,92,7.6,92,Sesuai
2772,muhammad afrizal,5,2026-08-25,Saya sangat senang sesekali,Positif,Positif,89.5,89.5,9.3,Sesuai
2773,YAHYA AHMAD,5,2026-08-25,semoga amanah. fatonah. manfaat...,Positif,Positif,97.3,97.3,2.2,Sesuai
2774,Masjid Al-Fath Seturan,1,2026-08-25,"verifikasi kode otp lewat SMS udh kirim ulang verifikasi tp tetap gabisa.. udah 1 hari coba terus berjuang tp kodenya gapernah terkirim di SMS (slalu ada tulisan ""permintaan anda tdk dpt diproses, coba lagi nanti""), tolong sistemnya diperbaiki pdhl coba verifikasi email langsung terkirim cpt, yg SMS lambat huft kita yg butuh daftar cpt efektif malah terganggu dgn hal2 kecil sprti ini",Negatif,Negatif,97,2.5,97,Sesuai
2775,Aji Naperli,1,2026-08-25,"lama lama ini aplikasi nyusahin masyarakat buat berobat,gangguan terus",Negatif,Negatif,78,21,78,Sesuai
2776,Widi Hartanto,5,2026-08-25,"Allhamdulilah, sangat membantu untuk meningkatkan aktivitas seperti peserta melakukan antrian perobatan...",Positif,Positif,97,97,2.8,Sesuai
2777,Okta Piranda Andika,1,2026-08-25,"Permintaan Anda belum dapat diproses, silakan mencoba beberapa saat lagi. Mohon maaf atas ketidaknyamanan Anda. KONTOLL",Negatif,Negatif,73.1,24.5,73.1,Sesuai
2778,Shanaru,5,2026-08-25,oke bagus,Positif,Positif,98.3,98.3,1.5,Sesuai
2779,MORA INDONESIA,5,2026-08-25,lancar,Positif,Positif,87.7,87.7,11.7,Sesuai
2780,Susi Siamah,5,2026-08-25,kenapa trouble ??,Positif,Positif,53.5,53.5,44.7,Sesuai
2781,Meidy Asri santi Kalangi,5,2026-08-25,bagus,Positif,Positif,98.2,98.2,1.7,Sesuai
2782,Realme C53,2,2026-08-25,"sering terjadi eror bug hanya muter"" mempersulit .",Negatif,Negatif,89.5,9.1,89.5,Sesuai
2783,Gesti Farah Anjani,1,2026-08-25,"ini kenapa dari kemaren buka kartu peserta aja susah, saya coba install ulang malah ngga bs login. kode captcha nya ngga keluar²",Negatif,Negatif,97,2.8,97,Sesuai
2784,rudi naru,1,2026-08-25,"aplikasi ribet, login ulang harus masukkan no KTP, susunan menu berantakan, menu utama malah posisinya dibelakang",Negatif,Negatif,92.8,6,92.8,Sesuai
2785,Sri Mldia018,1,2026-08-25,susah pendatfarannya lemot!,Negatif,Negatif,92.5,7.2,92.5,Sesuai
2786,rositarosa roes,5,2026-08-25,"sgt membantu,mempermudah unk mendapatkan antean dan mengetahui tentang kesehatan dan tentzng penyakit kita dgn rutin",Positif,Positif,95.7,95.7,3.8,Sesuai
2787,Bachtiar Rifa'i,5,2026-08-24,tidak ada fitur pembatalan untuk yg sudah cek in tp dokter GK ada atau cuti harusnya bisa di batalin biarpun sudah cek in,Positif,Negatif,72.1,27,72.1,🚨 Bintang 4-5 tapi Prediksi ML Negatif (Taktik Komplain)
2788,Salman Aziz,4,2026-08-24,"sementara ini saya kasih rating 4 karena fast respon tapi untuk pengaduan saya atas pelayanan kesehatan faskes 1 bisa di respon atau tidak saya tidak tau karena saya benar"" butuh perawatan serius",Positif,Positif,88.1,88.1,11.3,Sesuai
2789,Raisa Balqis,5,2026-08-24,sangat membantu sekali dengan menggunakan mobile JKN jadi lebih mudah untuk berobat trimakasih mobile JKN kis,Positif,Positif,99.4,99.4,0.6,Sesuai
2790,Leon Archives,5,2026-08-24,Sangat membantu,Positif,Positif,99.7,99.7,0.3,Sesuai
2791,Fitri Rahmadayanti,5,2026-08-24,sangat membantu dan mudah,Positif,Positif,99.8,99.8,0.2,Sesuai
2792,Endri Setiawan,1,2026-08-24,tidak bisa log in,Negatif,Negatif,95.9,4,95.9,Sesuai
2793,Choirul Azzam,1,2026-08-24,applikasi nya jelek mau masuk gak bisa pdahal nik sma pasword nya benar,Negatif,Negatif,95.1,4.2,95.1,Sesuai
2794,Lisa Jesycha,5,2026-08-24,bagus,Positif,Positif,98.2,98.2,1.7,Sesuai
2795,Olom Olom,1,2026-08-24,"apk apa ini saat mau daftat pasti bermasalah, tolong di perbaiki dong mind.",Negatif,Negatif,88.4,11,88.4,Sesuai
2796,Miftakul Khusna,5,2026-08-24,Good 👍,Positif,Positif,98.5,98.5,1.3,Sesuai
2797,Lulu Lutfia,5,2026-08-24,mantap,Positif,Positif,99.2,99.2,0.7,Sesuai
2798,Angga Wahyudi,5,2026-08-24,sangat diperlukan,Positif,Positif,71.3,71.3,26.1,Sesuai
2799,Siti Supatini,1,2026-08-24,"kenapa gak bisa masuk padahal nik, pass, captcha udah diisi, ketika klik tombol masuk gak terjadi apa2, tolong diperbaiki bug nya",Negatif,Negatif,96.9,2.7,96.9,Sesuai
2800,Nizam K,5,2026-08-24,sangat membantu,Positif,Positif,99.7,99.7,0.3,Sesuai
2801,Khusnul Khotimah,5,2026-08-24,sangat membantu saya yang memiliki BPJS kiss,Positif,Positif,96.4,96.4,3.2,Sesuai
2802,MAMAH ADRY,1,2026-08-24,"aduh ampun,, gimana sih,, susah dapet kode otp sms nya,, parah banget pokok nya.. kenapa ga di permudah sih?? sedangkan mau ke puskesmas harus pke mobile jkn tp mau daftarnya juga malah susah.. lebih enak pas blum ada mobile jkn ini!!!ga ribet ke puskesmas nya juga!!",Negatif,Negatif,94.7,5.1,94.7,Sesuai
2803,War Din,5,2026-08-24,mudah dan sederhana,Positif,Positif,94.4,94.4,5,Sesuai
2804,Deni Idm,5,2026-08-24,sejauh ini membantu walaupun belum paham semua setiap aplikasi nya,Positif,Positif,93,93,6.5,Sesuai
2805,Muhamad Dickykurniawan,1,2026-08-24,"ga bisa login., kode verifikasi ga pernah masuk.,",Negatif,Negatif,98.1,1.8,98.1,Sesuai
2806,Rahna Ertanto,1,2026-08-24,sulit di aksesnya panduan berubah trus masuk harus auto debit,Negatif,Negatif,55.8,42.4,55.8,Sesuai
2807,Kusno Sakimin,5,2026-08-24,keren jkn,Positif,Positif,94.2,94.2,5.4,Sesuai
2808,Asrul Anggana putara NS,5,2026-08-24,mempermudah mantap,Positif,Positif,99.5,99.5,0.4,Sesuai
2809,シロサマヒムラ,5,2026-08-24,terbaik alhamdulillah terima kasih banyak JKN ❤️❤️,Positif,Positif,98.3,98.3,1.6,Sesuai
2810,Engkong Asa,5,2026-08-24,mantul mantap betul,Positif,Positif,97.5,97.5,2.4,Sesuai
2811,nadir ezza,5,2026-08-24,baguss aplikasinya,Positif,Positif,90.4,90.4,8.5,Sesuai
2812,Altip Pratama,1,2026-08-24,sampah,Negatif,Negatif,85.2,14.1,85.2,Sesuai
2813,hamzah fansuri,5,2026-08-24,mantap,Positif,Positif,99.2,99.2,0.7,Sesuai
2814,nelly wahyuni,5,2026-08-24,Bagus sekali,Positif,Positif,97.9,97.9,1.9,Sesuai
2815,andri tazarli,5,2026-08-24,nice,Positif,Positif,91.9,91.9,7.2,Sesuai
2816,Anisah,5,2026-08-24,cukup baik,Positif,Positif,93.2,93.2,6.4,Sesuai
2817,Pteck Lanank,5,2026-08-24,ok,Positif,Positif,51.5,51.5,45.6,Sesuai
2818,caecillia rusmini,5,2026-08-24,baik lancar,Positif,Positif,91.8,91.8,8,Sesuai
2819,noviani marista,5,2026-08-24,niceee,Positif,Positif,91.9,91.9,7.2,Sesuai
2820,Atha tiga,5,2026-08-24,bagus,Positif,Positif,98.2,98.2,1.7,Sesuai
2821,jazy kretek,5,2026-08-24,"alhamdulillah sangat membatu sekali mudah, cepat juga ngak ribet ditambah pelayanan nya mulai dari bpjs sendiri masuk ke askes kesehatan juga semua Rs yang dirujuk sangat sopan, baik, ramah dan mudah di mengerti terima kasih jkn bpjs",Negatif,Positif,99.2,99.2,0.7,Sesuai
2822,Amirah Awaliyyin,5,2026-08-24,bagusss banget cepat mudah,Positif,Positif,98.8,98.8,1.1,Sesuai
2823,siti fani,5,2026-08-24,pelayanan cepat,Positif,Positif,97.4,97.4,2.4,Sesuai
2824,sopyan Sauri,5,2026-08-24,sangat mudah di gunakan untuk berobat,Positif,Positif,95.7,95.7,4.2,Sesuai
2825,Maxxal Syah,1,2026-08-24,susah banget daftar mobile jkn verifikasi wajah gagal terus.,Negatif,Negatif,92.2,7.3,92.2,Sesuai
2826,Wiwin Hamzah,5,2026-08-24,bagus,Positif,Positif,98.2,98.2,1.7,Sesuai
2827,Asep Sumantri,5,2026-08-24,mohon di bantu untuk pengambilan obat agar tidak terlalu lama menunggu,Positif,Positif,77.9,77.9,21.1,Sesuai
2828,Siti Hardiyanti Sulaiman,5,2026-08-24,sangat mudah dan membantu sekali👍🏻👍🏻,Positif,Positif,99.9,99.9,0.1,Sesuai
2829,Bimbim Gunapi,1,2026-08-24,aplikasi gak guna . GK bisa buat daftar,Negatif,Negatif,96,3.9,96,Sesuai
2830,Anisadevi Lestyowati,1,2026-08-24,tidak bisa di install,Negatif,Negatif,88.6,10.9,88.6,Sesuai
2831,Tria Gita Wahyuni,5,2026-08-24,Terimakasih banyak... kami puas dg pelayanan hari ini,Positif,Positif,97.7,97.7,2.1,Sesuai
2832,maulana ibra,2,2026-08-24,"mau ambil antrian online malah stuck di background aplikasi,",Negatif,Negatif,85.4,14.1,85.4,Sesuai
2833,Indra Cahyana,5,2026-08-24,good,Positif,Positif,98.5,98.5,1.3,Sesuai
2834,Juliana Butarbutar,4,2026-08-24,mengganti segmen nya susah apalagi sempat salah ngetik,Positif,Positif,48.9,48.9,48.8,Sesuai
2835,Joya Jesi,4,2026-08-24,"mohon di perbaiki makin susah mau berobat, kadang aplkasi gak bisa di buka, terus klnlinik di harus kan daftar pake online aplikasi ini, tapi susah di buka, mohon agar daftar tidak selalu online manual bisa jaga jaga kaya gini jadi menyusahkan kan yang sakit, lagi sakit tambah di susahkan giliran bayar telat langsung di blokir...",Positif,Negatif,89.7,10,89.7,🚨 Bintang 4-5 tapi Prediksi ML Negatif (Taktik Komplain)
2836,jerico beltlazar,5,2026-08-24,oke,Positif,Positif,97.4,97.4,2.4,Sesuai
2837,Dw Ora,5,2026-08-24,ok is the best,Positif,Positif,97.2,97.2,2.3,Sesuai
2838,Sherly marchelina,1,2026-08-24,"makin kesini kok makin aneh apk ny..sulit di pakai..lebih sering tidak terhubung server..padahal sinyal ok.. pakai wifi pun bgtu..terus kalau udh lama ga dbka tba2 log out sndiri..giliran mau log in lgi ga bsa2 terus..jangan mempersulit donk..saya bayar bpjs, orang tua saya juga byr bpjs.masa giliran mau di pke ribet apk ny",Negatif,Negatif,96.1,3.2,96.1,Sesuai
2839,Catur Prasetyo,1,2026-08-24,Aplikasi sampah..mau daftar aja susah kode captcha gx nonggol..otp gx masuk Perbaiki lah aplikasinya masyarakatnya butuh tapi dipersulit,Negatif,Negatif,96.9,2.9,96.9,Sesuai
2840,Arnas Manne,5,2026-08-24,Makasih iya,Positif,Positif,75.2,75.2,23.7,Sesuai
2841,Aciew Ebod,5,2026-08-24,sangat membantu,Positif,Positif,99.7,99.7,0.3,Sesuai
2842,calo Motor,5,2026-08-24,JkN membantu dalam kesehatan,Positif,Positif,96.9,96.9,2.8,Sesuai
2843,Yono Riana,5,2026-08-24,trima kasih mobile jkn,Positif,Positif,85.5,85.5,13.6,Sesuai
2844,Pengguna Google,5,2026-08-24,proses cepat. mudah tau apa yang Qt mau,Positif,Positif,89.4,89.4,10.4,Sesuai
2845,Adhlin Faridz,2,2026-08-24,"ternyata banyak keluhan yg sama, otp tidak masuk, ngambil antrai di rs jadi ribet karena 2 kali daftar antrian, bukankah teknologi ada untuk mempermudah?, semoga pihal developnya bisa memberpaiki sistemnya, jangan jadi era kemunduran terima kasih",Negatif,Negatif,80,19.5,80,Sesuai
2846,Norma Sirupa,5,2026-08-24,Terimakasih Atas Pelayanannya,Positif,Positif,93.4,93.4,5.8,Sesuai
2847,Silviah,5,2026-08-24,sangat membantu dan memudahkan,Positif,Positif,99.8,99.8,0.2,Sesuai
2848,Yohanes Jamal,5,2026-08-24,"bagus , lancar",Positif,Positif,97.6,97.6,2.3,Sesuai
2849,D A N I A N G G A,1,2026-08-24,"aplikasi jelek, sekedar mau daftar online aja gagal terus. dengan alasan opsi ini tidak tersedia.",Negatif,Negatif,94.6,4.8,94.6,Sesuai
2850,Yuyun,5,2026-08-24,terbaik,Positif,Positif,81,81,18.5,Sesuai
2851,Andi Kurniawan,5,2026-08-24,cepet lugas,Positif,Positif,75.9,75.9,22,Sesuai
2852,Made Arya,1,2026-08-24,aplikasi trus keluar..pas log in gk bisa lagi,Negatif,Negatif,86.2,12.8,86.2,Sesuai
2853,reza pahlefi,1,2026-08-24,"pendaftaran sulit , kode verif gamasuk masuk , pulsa dan paket data banyak dan kencang tapi gamasuk masuk",Negatif,Negatif,87,11.3,87,Sesuai
2854,Suleman Alkatiri,1,2026-08-24,"aplikasi terjelek sepanjang sejarah RI , setiap pasien di minta daftar di aplikasi JKN tapi di pakai di beda device gak bisa harus 1 device sekarang hampir rata rata sdh punya device masing masing dan tidak semua orang harus mengantar pasien contohnya anak sakit yang mengantar ibunya, sedang Aplikasi JKN punya device bapaknya, apa mungkin si bapak harus tukeran device sama ibu? sekarang orang kerja sdh banyak menggunakan perangkat hp seperti gojek dll tolong Admin perbaiki Layanan",Negatif,Negatif,90.8,8.3,90.8,Sesuai
2855,Ahmd Gunawan,3,2026-08-24,"eror terus pas kirim kode verifikasi ga muncul muncul kode nya, jaringan dah bagus juga tetep aja",Positif,Negatif,87.3,12.4,87.3,Sesuai
2856,Dina Dima,5,2026-08-24,cukup membantu,Positif,Positif,96.3,96.3,3.4,Sesuai
2857,Riyyun Syah Alfarih,5,2026-08-24,"good job easy play maker mempermudah akses,,,",Positif,Positif,98.7,98.7,1.2,Sesuai
2858,luulluv_,1,2026-08-24,aplikasi bosok,Negatif,Negatif,65.7,31.9,65.7,Sesuai
2859,Lw Last War,1,2026-08-24,"pengalaman untuk penguna baru saat memasukan nomor telepon tidak bisa sudah ganti 3 kartu Smartfren Telkomsel dan XL semuanya gak bisa, apa memang aplikasi bikinan pemerintah bobrok semua angaran sampai miliaran kok giniamat",Negatif,Negatif,93.6,5.8,93.6,Sesuai
2860,Muhammad Faiz,2,2026-08-24,"tidak bisa daftar, berhenti di verifikasi nomer handphone, udah di tunggu cukup lama tetap tidak bisa",Negatif,Negatif,95,4.9,95,Sesuai
2861,Abimmailishak Abim,1,2026-08-24,"registrasi nya susah banget nih apk, apk buatan pemerintah gaada yg bener busuk semua",Negatif,Negatif,95.2,4.1,95.2,Sesuai
2862,Iskar Jhon,1,2026-08-24,"Untung saya baca ulasan dulu,kalok ngga ikut jadi korban nih saya .....",Negatif,Negatif,80.8,17.5,80.8,Sesuai
2863,Jeri 007,5,2026-08-24,bagus,Positif,Positif,98.2,98.2,1.7,Sesuai
2864,aeni cholifah,5,2026-08-24,aplikasi ini cukup membantu untuk menganti faskes dan lainnya,Positif,Positif,94.6,94.6,5,Sesuai
2865,Mulyadi,5,2026-08-24,ok pisan,Positif,Positif,84,84,14.1,Sesuai
2866,Dinal Lana,1,2026-08-24,definisi menyulitkan hidup apk ini mah,Negatif,Negatif,67.9,29.4,67.9,Sesuai
2867,Be Mine,1,2026-08-24,enggak bisa login..,Negatif,Negatif,84,14.4,84,Sesuai
2868,Didin Jamaludin,5,2026-08-24,okk,Positif,Positif,51.5,51.5,45.6,Sesuai
2869,carollin ammora,1,2026-08-24,"mohon servernya di perbesar, lemot sekali..niatnya mempermudah ini malah mempersulit",Negatif,Negatif,90.9,8.5,90.9,Sesuai
2870,Mas Nano,1,2026-08-24,"perbaiki bug nya, akun sering log out sendiri. trmksih",Negatif,Negatif,94.9,4.5,94.9,Sesuai
2871,juni sanjaya,5,2026-08-24,sangat terbantukan dengan adanya jkn,Positif,Positif,98.4,98.4,1.4,Sesuai
2872,Fano Roberto,1,2026-08-24,rewellll,Negatif,Positif,51.5,51.5,45.6,💡 Bintang 1-2 tapi Prediksi ML Positif (Pujian / Salah Klik)
2873,Abdul Halim,5,2026-08-24,luar biyasa,Positif,Positif,88.7,88.7,10.2,Sesuai
2874,Soe Larno,5,2026-08-24,pelayanan sangat bagus,Positif,Positif,99.1,99.1,0.8,Sesuai
2875,Demsi Lalay,5,2026-08-24,sangat membantu,Positif,Positif,99.7,99.7,0.3,Sesuai
2876,adi cahyadi,2,2026-08-24,"Saat diperlukan malah diminta bolak balik sign in..ini brhubungan dgn kesehatan, bayar tiap bulan..knpa begini?ga ada alasan krn bnyk yg pakai..ya emang bnyk yg pakai,..hrusnya kan dari awal sudah tau bakal bnyk yg pakai, persiapkan semua dgn baik donk..servernya kek di up grade, ato apa gitu..maaf..sy kesal...",Negatif,Negatif,81.9,15.6,81.9,Sesuai
2877,Raffi Candranata,1,2026-08-24,"aplikasi gila, katanya ngambil nomor antrian harus dari sini tapi pas daftar kode otp gak masuk"" alesan gak bisa di proses padahal jaringan ku bagus pakek wifi pun aku di rumah tapi tetep aja gak masuk"" kode otp, perkara kode otp gak masuk jadi gak bisa kontrol aku ke RS karena gak dapet nomor antrian",Positif,Negatif,96.9,3,96.9,Sesuai
2878,Pandi,5,2026-08-24,mantap,Positif,Positif,99.2,99.2,0.7,Sesuai
2879,Demas Pahlephi,1,2026-08-24,"menyulitkan tidak dapat kode otp,gausah pakai aplikasi ini",Negatif,Negatif,95.2,4.5,95.2,Sesuai
2880,Ihus Triyandi,1,2026-08-24,ribet amattt,Negatif,Negatif,92.9,6.3,92.9,Sesuai
2881,Sifa Yoga.,1,2026-08-24,aplikasi tidak berguna eror trus verifikasi SMS tidak pernah muncul,Negatif,Negatif,98,1.9,98,Sesuai
2882,Aliyah Liyah,5,2026-08-24,saya ko g bisa donlod aplikasi ini,Positif,Positif,79.1,79.1,19.6,Sesuai
2883,Guud Chanel,1,2026-08-24,aplikasi lelettt,Negatif,Negatif,88.8,10.6,88.8,Sesuai
2884,Mocharive Shaleh,5,2026-08-24,sangat membatuu,Positif,Positif,51.5,51.5,45.6,Sesuai
2885,Dede Nadilla,5,2026-08-24,bagus banget aplikasi nya terimakasih untuk kesekian kalinya semoga aplikasi ini bisa membantu aku,Positif,Positif,95.7,95.7,4,Sesuai
2886,ニクマKenzy,1,2026-08-24,"tolong tingkatin lagi dong aplikasinya, udah masukin otp buat ganti password malah disuruh verifikasi ulang kan aneh",Negatif,Negatif,95.2,3.6,95.2,Sesuai
2887,Iwan Tri prasetyo,1,2026-08-24,mau masuk login aja salah terus padahal udah bener semua bener² apk busuk cuma mau periksa malah jadi ribet grgr apk sampah,Negatif,Negatif,99.3,0.6,99.3,Sesuai
2888,yuly azarif,5,2026-08-24,sangat membantu di kala sedang tidak bisa di cabang nya kita bisa menggunakan aplikasi ini di rumah maupun di mana saja terimakasih,Positif,Positif,87.2,87.2,12.7,Sesuai
2889,rindusurga 571,5,2026-08-24,pindah paskes gak perlu datang ke kantor nya. cukup dari aplikasinya. mantaf inimah,Positif,Positif,91,91,8,Sesuai
2890,Yulianto Ranova,1,2026-08-24,"asli ribet kasihan yg lansia di wajib kan utk verifikasi wajah mohon lah cukup verifikasi pakai nik aja,ribet kalau utk para lansia mohon bukan acuan utk kaum lansia,mau berobat aja seribet ini",Negatif,Negatif,92.5,6.8,92.5,Sesuai
2891,Desti Nurkhalifah,5,2026-08-24,bagus,Positif,Positif,98.2,98.2,1.7,Sesuai
2892,Risma Fadillah,3,2026-08-24,"aplikasinya masih banyak trouble nya, banyak erornya. untuk pendaftaran pengguna apk susah banget gak lancar banyak kendala, dislike",Positif,Positif,54.1,54.1,44.7,Sesuai
2893,Thomas Heriyanto,5,2026-08-24,mudah dan akurat,Positif,Positif,97.1,97.1,2.6,Sesuai
2894,Bu Dek,1,2026-08-24,aplikasi jelek sekali,Negatif,Negatif,95.5,4,95.5,Sesuai
2895,Rehan Nuvonrfd,5,2026-08-24,"mungkin saran, agar poli infeksius di tambahkan, supaya bisa langsung daftar ke poli tersebut",Positif,Positif,54.5,54.5,43,Sesuai
2896,Yany 76,5,2026-08-24,baik,Positif,Positif,81,81,18.5,Sesuai
2897,DEWA,1,2026-08-24,kode otp tidak pernah masuk,Negatif,Negatif,98.2,1.7,98.2,Sesuai
2898,Perintis bukan Pewaris,5,2026-08-24,good,Positif,Positif,98.5,98.5,1.3,Sesuai
2899,Anggi Saputri,5,2026-08-24,mantap bagus cepat,Positif,Positif,99.2,99.2,0.7,Sesuai
2900,Babeh Yudi,1,2026-08-24,harus nya antara antrian jkn dengan yg dateng pertama ke faskes di bedakan. sudah susah payah datang duluan ke antrian tapi di lewati oleh antrian online,Negatif,Negatif,78.9,19.7,78.9,Sesuai
2901,InFamous WilL,1,2026-08-24,"busuk bener appnya mau daftar mental2 mlo pdhal mau cek sms otp kocak asli, udh gitu otpnya ga masuk2 suruh nunggu teros sekelas pemerintahan bikin aplikasi busuk",Negatif,Negatif,97.7,2,97.7,Sesuai
2902,PRISCHA CAHYA,5,2026-08-24,bagus,Positif,Positif,98.2,98.2,1.7,Sesuai
2903,abam lagonda,4,2026-08-24,"aplikasi error, sekarang sy lagi di puskesmas, cuma planga-plongo karna aplikasi tidak jelas",Positif,Negatif,90.3,9.3,90.3,🚨 Bintang 4-5 tapi Prediksi ML Negatif (Taktik Komplain)
2904,Menik Widiyastuti,5,2026-08-24,mudah melakukan perubahan faskes dgn cara online.,Positif,Positif,90.5,90.5,9.1,Sesuai
2905,Sukiyo 731,1,2026-08-24,makin susah aja mau masuk,Negatif,Negatif,87.7,11.6,87.7,Sesuai
2906,Arief Fardiansyah,5,2026-08-24,"pelayanan bagus dan cepat, terimakasih semoga bermanfaat untuk keluarga Indonesia.",Positif,Positif,99.9,99.9,0.1,Sesuai
2907,Muhammad Hendriansyah,5,2026-08-24,"Sangat membantu, sehat selalu aplikator mobile JKN",Positif,Positif,97.9,97.9,2.1,Sesuai
2908,gacoy kang_,1,2026-08-24,masih banyak error jadi ribet di pake,Negatif,Negatif,91,8.1,91,Sesuai
2909,Jusmaniar Ijis,5,2026-08-24,Bisa mendaftar ke faskes dengan cepat dan tampa berlama lama menunggu,Positif,Positif,78.1,78.1,21.3,Sesuai
2910,Muammar Nur,5,2026-08-23,bagus,Positif,Positif,98.2,98.2,1.7,Sesuai
2911,Maisa,1,2026-08-23,aplikasi bikin emosi... malah bikin susah.. nomer nik Ki yang aku masukan berharap bisa daftar antriin anak malah enggak bisa... aplikasi kureng dipaksa beroperasi.. kureng..,Negatif,Negatif,94.5,4.7,94.5,Sesuai
2912,Oka Mukaromah,5,2026-08-23,sangat membantu,Positif,Positif,99.7,99.7,0.3,Sesuai
2913,Edi Setiawan,4,2026-08-23,sangat membatu saya dalam mengambil antrian,Positif,Positif,95.9,95.9,3.9,Sesuai
2914,Cucu Ponakan,1,2026-08-23,sering bermasalah antriannya,Negatif,Negatif,70.4,27.9,70.4,Sesuai
2915,Rahman Aidil,1,2026-08-23,"ribett, mau ambil antrian apk nya eror mulu",Negatif,Negatif,91.9,7.9,91.9,Sesuai
2916,Amir Udin,5,2026-08-23,bagus,Positif,Positif,98.2,98.2,1.7,Sesuai
2917,Click Pause_-,1,2026-08-23,"udah 3 bulan setiap rujukan di rumah sakit pasti keterangan jadwal tidak ditemukan, ga ada perbaikan",Negatif,Negatif,83.1,16.4,83.1,Sesuai
2918,Dewi Puspita,3,2026-08-23,"tolong banget servernya seperti semula, masak sebulan cuma bisa daftar 1 kali aja, padahal ibu saya kontrol sebulan 2 kali, tolonglah jangan di persulitttt🥱🥱",Netral,Negatif,82.3,15.3,82.3,Sesuai
2919,ayyip wo,1,2026-08-23,mau ambil antrean aja gagal mulu,Negatif,Negatif,88,11.5,88,Sesuai
2920,Siti Alida,5,2026-08-23,JKN aplikasi sangat membantu .Mantab,Positif,Positif,99.4,99.4,0.6,Sesuai
2921,Ali ansyah,5,2026-08-23,oke,Positif,Positif,97.4,97.4,2.4,Sesuai
2922,Dika Intan,5,2026-08-23,"registrasi lancar, semoga semakin di-update menjadi lebih baik",Positif,Positif,92.1,92.1,7.5,Sesuai
2923,Dhedhi Setiyadi,1,2026-08-23,Sudah tidak bisa di update di hp saya. Lebih mudah mengupdate aplikasi pinjol dari pada aplikasi ini.,Negatif,Negatif,56,43.2,56,Sesuai
2924,wawan Rangkas,1,2026-08-23,baru juga mau daftar masukin nomer nik lah masa iya malah udah terdaftar kata nya.. aplikasi apaan ini. sampah .,Negatif,Negatif,95.5,3.9,95.5,Sesuai
2925,Basten Simarmata,5,2026-08-23,ok,Positif,Positif,51.5,51.5,45.6,Sesuai
2926,Yadi Seliyani,5,2026-08-23,mantap,Positif,Positif,99.2,99.2,0.7,Sesuai
2927,Taufik Hidayat,5,2026-08-23,sangat bagus,Positif,Positif,99,99,0.9,Sesuai
2928,Jupiter Mx,5,2026-08-23,ok,Positif,Positif,51.5,51.5,45.6,Sesuai
2929,Ngetik Cepat,1,2026-08-23,ini aplikasi apa sihh. kinerja seperti apa gajelas verifikasi nomor yg gak dikirim susah amat,Negatif,Negatif,97.9,1.9,97.9,Sesuai
2930,Nusa jaya Kabil,5,2026-08-23,sangat membantu dalam hal perubahan data perobatan,Positif,Positif,98.2,98.2,1.7,Sesuai
2931,Irman Syah2,1,2026-08-23,apk tolol registrasi ga bisa bisa mau diapain ini apk tolol,Negatif,Negatif,97.7,2.2,97.7,Sesuai
2932,Dewi Apiyani,5,2026-08-23,sangat praktis,Positif,Positif,88.4,88.4,10.7,Sesuai
2933,Dadan Servis,5,2026-08-23,bagus buat daftar nomber antrian,Positif,Positif,68.4,68.4,30.3,Sesuai
2934,Didi Mustari,5,2026-08-23,sangat menerik dan muda di gunakan,Positif,Positif,84.5,84.5,14.7,Sesuai
2935,Rizki Amalia,5,2026-08-23,terbaik,Positif,Positif,81,81,18.5,Sesuai
2936,Herry Realbon,5,2026-08-23,mudah di operasikan.,Positif,Positif,85.8,85.8,13.6,Sesuai
2937,Faizal Pratama_FBS_Gunungkidul PRATAMA,1,2026-08-23,aplikasi apaan ga bisa daftar dipersulit internet lancar pulsa ada kodenya ga ke kirim anehh anehh,Negatif,Negatif,94.8,4.9,94.8,Sesuai
2938,Ummul Laila,1,2026-08-23,canggih sih canggih tapi mempersulit orang tua berobat jalan,Negatif,Negatif,65.2,33.3,65.2,Sesuai
2939,Tri Novayani,5,2026-08-23,Aplikasi yang sangat membantu..,Positif,Positif,97.8,97.8,2.2,Sesuai
2940,Suherman,5,2026-08-23,sangat membantu sekali aplikasi ini.,Positif,Positif,98.5,98.5,1.4,Sesuai
2941,Pakde Badrun,5,2026-08-23,oke,Positif,Positif,97.4,97.4,2.4,Sesuai
2942,idris Suardi,5,2026-08-23,👍👍👍👍,Positif,Positif,51.5,51.5,45.6,Sesuai
2943,Ant Redrevolver,5,2026-08-23,sangat membantu,Positif,Positif,99.7,99.7,0.3,Sesuai
2944,Yuda Pangestu,5,2026-08-23,bagaimana cara aktifkan akun yg belum terverifikasi,Positif,Negatif,61.5,37.2,61.5,🚨 Bintang 4-5 tapi Prediksi ML Negatif (Taktik Komplain)
2945,Yoon Meri,5,2026-08-23,"sangat membantu,, proses nya gak ribet untuk ibu"" gaptek kaya saya 🙏🏻",Negatif,Negatif,61.4,37.8,61.4,🚨 Bintang 4-5 tapi Prediksi ML Negatif (Taktik Komplain)
2946,Yantilaia Laiayanti,5,2026-08-23,sangat membantu,Positif,Positif,99.7,99.7,0.3,Sesuai
2947,Hafid Hafid,5,2026-08-23,sangat membantu,Positif,Positif,99.7,99.7,0.3,Sesuai
2948,Rohendi 27,5,2026-08-23,sangat membantu,Positif,Positif,99.7,99.7,0.3,Sesuai
2949,"Yahudi, S.Kep., Ns",5,2026-08-23,mantap,Positif,Positif,99.2,99.2,0.7,Sesuai
2950,Bintang Timur,1,2026-08-23,"gak bisa daftar terkendala verifikasi no HP..... gagal melulu. suekkk kenapa kali, sdh coba nomer hp yg lain juga gak bisa-bisa. hadehhhhh riwehhhh",Negatif,Negatif,95.5,4.2,95.5,Sesuai
2951,Jasa Lukis Murah,1,2026-08-23,"lemot banget , klo ga bisa bikin apk mending ga usah,, tambah bikin susah aja",Negatif,Negatif,97.7,2.1,97.7,Sesuai
2952,Afrizal Ahmad,1,2026-08-23,aplikasi tidak guna terlalu berbelit,Negatif,Negatif,85.9,13.6,85.9,Sesuai
2953,Queen audio_Blitar,1,2026-08-23,apl cacat isi nomor hp tidak bisa bagaimana mau verifikasi 😪,Negatif,Negatif,91.8,7.5,91.8,Sesuai
2954,SALMAN GAMING,1,2026-08-23,aplikasi yang di buat pemerintah untuk mempersulit pasien anggota bpjs,Negatif,Negatif,72.6,26.1,72.6,Sesuai
2955,Satrio Nugroho,1,2026-08-23,susah daftar padahal sudah benar no NIK nya kenapa salah trs keterangannya,Negatif,Negatif,96,3.6,96,Sesuai
2956,Perawat Mata,5,2026-08-23,memudahkan pasien dalam berobat,Positif,Positif,86.2,86.2,13.2,Sesuai
2957,Nur Ayyul Hisbani,5,2026-08-23,sangat membantu dalam pelayanan antrian di faskes,Positif,Positif,99,99,0.9,Sesuai
2958,Abdul Sopiyan,1,2026-08-23,kurang,Negatif,Negatif,67.6,29.1,67.6,Sesuai
2959,Fazry Rahman Maulana,5,2026-08-23,sangat membantu,Positif,Positif,99.7,99.7,0.3,Sesuai
2960,Aris Prihantoro,1,2026-08-23,"gimama sih ada fitur lupa password kok kirim kode otp ga bisa trus dahal pulsa ada nomer masih aktif, dari dulu loh aplikasi ini ga pernah ga bikin emosi aja",Negatif,Negatif,98.5,1.3,98.5,Sesuai
2961,Agus Setiawan,5,2026-08-23,saya sangat terbantu dengan bpjs kesehatan,Positif,Positif,98.5,98.5,1.4,Sesuai
2962,D.lia Flo,5,2026-08-23,good,Positif,Positif,98.5,98.5,1.3,Sesuai
2963,Heriyati Yati,5,2026-08-23,mantap,Positif,Positif,99.2,99.2,0.7,Sesuai
2964,Jhon _dragon,5,2026-08-23,Bagus dan proses lancar,Positif,Positif,97.6,97.6,2.2,Sesuai
2965,Huda Dliyaulhaq,1,2026-08-23,"aplikasi gajelas, tolong diperbaiki masa katanya foto, tapi ga kedetect sama sekali",Negatif,Negatif,95.1,4.6,95.1,Sesuai
2966,Indah Karimah,2,2026-08-23,"jngann dikitt keluar dri apk trus nama, kan udahh jelas udah pke no ktp , setiap mw di cek udah harus masuk ulang gitu aja trus",Negatif,Negatif,91.5,7.3,91.5,Sesuai
2967,Nursadi 123,1,2026-08-23,pelayanan buruk,Negatif,Negatif,74.7,24.4,74.7,Sesuai
2968,Siti Aminah,5,2026-08-23,kereen,Positif,Positif,74.8,74.8,22.2,Sesuai
2969,Cahyo,5,2026-08-23,good,Positif,Positif,98.5,98.5,1.3,Sesuai
2970,Herdhilla Yollandha,5,2026-08-23,"sempet bingung tapi ternyata gak sesulit itu, mau pindah faskes juga mudah Alhamdulillah",Positif,Positif,87.7,87.7,11.4,Sesuai
2971,Risma Purba,1,2026-08-23,aplikasi keluar mulu saat masukin kode otp. KLO udah masuk tiba tiba log out sendiri . password dimasukan selalu bilang salah terus harus ganti dan gak ingat password Mulu. aplikasi yg banyakan dikorupsi begini ya . kesel bgt .,Negatif,Negatif,99.1,0.8,99.1,Sesuai
2972,Nurul Barirah,5,2026-08-23,mantap,Positif,Positif,99.2,99.2,0.7,Sesuai
2973,Ginanjar Adi,4,2026-08-23,ok,Positif,Positif,51.5,51.5,45.6,Sesuai
2974,agil sahriyal,5,2026-08-23,kerenn,Positif,Positif,79.8,79.8,17.8,Sesuai
2975,Adzin Radja,1,2026-08-23,"saya mau daftar akun baru untuk bapak saya kok GK jadi jadi, nunggu kode verifikasi lewat SMS muncul tulisan gagal gagal mlu ini gimana ini,",Negatif,Negatif,97.1,2.7,97.1,Sesuai
2976,RN Alfie Chameswara,1,2026-08-23,"dipaksa pakai aplikasi, tapi aplikasinya menyusahkan",Negatif,Negatif,78.6,19.8,78.6,Sesuai
2977,Dapur Mbak Widy,5,2026-08-23,baik Semoga bermanfaat,Positif,Positif,98.4,98.4,1.4,Sesuai
2978,Die Iday,5,2026-08-23,memuaskan,Positif,Positif,91.7,91.7,7.6,Sesuai
2979,Hijau Daun,5,2026-08-23,bagus lah applikasi ini membantu masyarakat dalam mendapat hak nya dlm kesehatan. trmnksh,Positif,Positif,97.2,97.2,2.6,Sesuai
2980,Pengguna Google,1,2026-08-23,"Untuk apa ada apk jkn mobile kalau aku ngga pernah dapat mmr antrian di poli gigi dan mulut klinik kimia farma percuma aja aku byr iuran bpjs tiap bulan klau ngga bisa berobat di poli gigi klinik kimia farma, tambah dokter gigi dan batasi orang orang yg udh sering berobat di poli gigi lewat jkn mobile utk tidak mendaftar lagi supaya semua pasien bisa kebagian berobat di poli gigi klinik kimia farma.",Negatif,Negatif,84.8,14.1,84.8,Sesuai
2981,Kurnia Efendi,1,2026-08-23,"udah download.. saat mau di pakai,di arahkan login ulang.. alasannya data nik tidak sesuai,no hp tidak sesuai. aplikasi pembodohan..",Negatif,Negatif,93.2,6.3,93.2,Sesuai
2982,Hesti Sugiarti,5,2026-08-23,bagus sangat membantu,Positif,Positif,99.8,99.8,0.2,Sesuai
2983,Maissy Widya Putri,1,2026-08-23,"tolong diperbaiki, masa daftar akun aja gak bisa eror terus",Negatif,Negatif,96.4,3.4,96.4,Sesuai
2984,Muhammad Abyas,3,2026-08-23,"nomer dh bener, napa ora kekirim² dah OTP nya?",Netral,Negatif,91.5,7.1,91.5,Sesuai
2985,Otniel Loiwatu,5,2026-08-23,Ok lah,Positif,Positif,51.5,51.5,45.6,Sesuai
2986,said amirudin,5,2026-08-23,jos,Positif,Positif,93.8,93.8,5.8,Sesuai
2987,Muhammad Faisal,1,2026-08-23,gak jelas,Negatif,Negatif,95.7,4.1,95.7,Sesuai
2988,Fakhri Fajri,5,2026-08-23,lebih membantu n mudah aksesnya,Positif,Positif,97.5,97.5,2.4,Sesuai
2989,milda ysr,1,2026-08-23,APLIKASI GA JELASSSS!!!!,Negatif,Negatif,97.7,2.2,97.7,Sesuai
2990,Lasmini Mini,5,2026-08-23,bagus,Positif,Positif,98.2,98.2,1.7,Sesuai
2991,Ochi Zidan,5,2026-08-23,"pelayanan cepat,respon cepat, aplikasi hebat",Positif,Positif,98.3,98.3,1.5,Sesuai
2992,anggrek tiga,5,2026-08-23,sangat membantu,Positif,Positif,99.7,99.7,0.3,Sesuai
2993,Wahyu Pamungkas,5,2026-08-23,"Excellent,keep working",Positif,Positif,84,84,14.1,Sesuai
2994,Jamaluddin,5,2026-08-23,layar jangan cepat kembali,Positif,Positif,76,76,23.1,Sesuai
2995,Alfarizi Alfarizi,5,2026-08-23,cepat tanggap jelas,Positif,Positif,86.2,86.2,13.3,Sesuai
2996,Teguh Herianto,1,2026-08-23,knapa sekarang hp saya jadi tidak kompatibel dengan mobile JKN harap disediakan juga versi resmi lamanya,Negatif,Negatif,77.2,21.3,77.2,Sesuai
2997,Rizky bagja Wiguna,5,2026-08-23,biak,Positif,Positif,51.5,51.5,45.6,Sesuai
2998,tiara shirline,1,2026-08-23,jelek sistem pendaftaran pasien bug terus,Negatif,Negatif,91,8,91,Sesuai
2999,Gendowol 92,5,2026-08-23,sangat membantu mudah dan praktis..semoga kedepan bisa ditingkatkan lagi,Positif,Positif,99.6,99.6,0.3,Sesuai
3000,henhen Gondrong,1,2026-08-22,"mau daftar ke faskes lanjutan kedua tidak bisa.. padahal ada di aplikasi tulisannya pasien rujukan. tp gagal trus .. waktu mau daftar offline ga boleh, harus lewat online..!! ini apl mau bikin pasien sembuh atau nggak?",Negatif,Negatif,94.1,5.6,94.1,Sesuai
3001,Mba Dian,5,2026-08-22,sangat efektif dan memuaskan.,Positif,Positif,87.9,87.9,10.6,Sesuai
3002,Neneng Riska,4,2026-08-22,"pengalaman saya sangat sulit untuk daftar masa harus nunggu kode otp selama 300detik udah nyampe waktu segitu masih gagal salah masukin kode otp terus hp harus ada pulsa,nya udah diisi pulsa tetep nggak bisa masuk padahal anak saya harus kontrol ke RS harus online tapi sangat sulit untuk daftar tolong dong gimana sih caranya saya sudah capekkkkkk",Negatif,Negatif,98.8,1,98.8,🚨 Bintang 4-5 tapi Prediksi ML Negatif (Taktik Komplain)
3003,Lilis Widayati,5,2026-08-22,Tidak ada ganguan layanan....sat set JKN,Positif,Positif,74.2,74.2,24.7,Sesuai
3004,Qoez ryant Van Payton,5,2026-08-22,best apk,Positif,Positif,93.6,93.6,5.4,Sesuai
3005,The Revalle,1,2026-08-22,"Menurut Saya sebagai pekerja medis yang pendaftaran melalui aplikasi mobile JKN ada beberapa Hal yang menurut saya harus di hilangkan.. Yaitu Capcha, karna beberapa pengguna itu adalah Lansia yang bahkan login saja pun tidak banyak orang yang mengerti, ditambah Capcha angka tolong ya tim, kita juga ingin dipermudah jadi dibantu update selanjutnya hilangkan saja Capcha.. kalau ingin verifikasi cukup im not robot tinggal klik sampai centang lalu login. Terima kasih",Negatif,Negatif,60.3,38.6,60.3,Sesuai
3006,BangZay Zay,1,2026-08-22,"GAK MAO RUGI,,,DAFTAR HARUS ADA PULSA..TOLOL",Negatif,Negatif,91.6,7.9,91.6,Sesuai
3007,Wati Mila,1,2026-08-22,apk ribettttt.,Negatif,Negatif,94.5,5,94.5,Sesuai
3008,Nad be yourself,1,2026-08-22,tidak bisa di download padahal penyimpanan tidak penuh sama sekali,Negatif,Negatif,94.3,5.4,94.3,Sesuai
3009,anton sari,5,2026-08-22,oke,Positif,Positif,97.4,97.4,2.4,Sesuai
3010,siti rahayu,5,2026-08-22,ok,Positif,Positif,51.5,51.5,45.6,Sesuai
3011,jhonny frank127,5,2026-08-22,sangat rekomendasi menggunakan aplikasi mobil jkn ini sangat memudahkan urusan berobat,Positif,Positif,98,98,1.9,Sesuai
3012,Putra Abdi,1,2026-08-22,"ini aplikasinya seharusnya menolong, kok malah gak membantu sama sekali, masa aplikasinya di buat jadi lebih baru, dan membuat HP yg versi lama tidak dapat menggunakannya.",Negatif,Negatif,91.8,7.8,91.8,Sesuai
3013,Su Yanti,5,2026-08-22,responnya bagus dan cepat,Positif,Positif,99.3,99.3,0.7,Sesuai
3014,Sri Suwarni,5,2026-08-22,ok,Positif,Positif,51.5,51.5,45.6,Sesuai
3015,Firla kania Kania,1,2026-08-22,"sangat sangat jelek, kode otp sudah di tunggu ber jam jam tidak juga masuk"", aplikasi apa ini",Negatif,Negatif,95.1,4.5,95.1,Sesuai
3016,Arief Surahman,5,2026-08-22,ok,Positif,Positif,51.5,51.5,45.6,Sesuai
3017,Iwan Setiawan,1,2026-08-22,aplikasi gak jelas buat daftar sama masuk aja susah banget,Negatif,Negatif,98,1.8,98,Sesuai
3018,Laolee Clover,5,2026-08-22,Apk bagus sangat membantu,Positif,Positif,99.8,99.8,0.2,Sesuai
3019,Risqi Syaifulloh,5,2026-08-22,mantap sangat membantu melindungi kesehatan keluarga,Positif,Positif,99.7,99.7,0.3,Sesuai
3020,Hasna Masuku,5,2026-08-22,bagus,Positif,Positif,98.2,98.2,1.7,Sesuai
3021,Nur Aeni,5,2026-08-22,sangat sangat membantu,Positif,Positif,99,99,0.9,Sesuai
3022,ton siti,5,2026-08-22,lumayan,Positif,Positif,83.2,83.2,15.5,Sesuai
3023,Mulyana 2026,3,2026-08-22,bagus,Positif,Positif,98.2,98.2,1.7,Sesuai
3024,faujan fauzi,5,2026-08-22,"ni saya kasih tau buat sodara sodara yang susah timbul kode OTP dari sms, klw mau timbul kartunya harus ada pulsanya, minimal 5000 rupiah, baru akan timbul",Positif,Negatif,73.7,25.1,73.7,🚨 Bintang 4-5 tapi Prediksi ML Negatif (Taktik Komplain)
3025,dini triwianda,5,2026-08-22,good,Positif,Positif,98.5,98.5,1.3,Sesuai
3026,Tina Tina,5,2026-08-22,sangat puas,Positif,Positif,97.6,97.6,2.1,Sesuai
3027,MoeN MediA,1,2026-08-22,"kode verifikasi no hp aja dua tahun mana bisa daftar lah, apk nggk jelas",Negatif,Negatif,91.5,7.6,91.5,Sesuai
3028,Dede Yusuf Susilo,5,2026-08-22,terimakasih telah banyak membantu,Positif,Positif,97.4,97.4,2.3,Sesuai
3029,sri mulyani sunarti,5,2026-08-22,pelayqnannya luar biasa terbaik sigap dan cepqt,Positif,Positif,96.1,96.1,3.6,Sesuai
3030,Quality Time,2,2026-08-22,cek dulu kalian punya aplikasi. error terus.. jangan sedikit dikit suruh ke kantor. kasian yg rumahnya jauh dari kota.,Negatif,Negatif,81.3,17.7,81.3,Sesuai
3031,Esa putra Nainggolan,5,2026-08-22,sangat baik,Positif,Positif,96.4,96.4,3.4,Sesuai
3032,Gareta Yoga,1,2026-08-22,"tolong aplikasinya diperbaiki, terlalu banyak hal minusnya dibanding positifnya. positifnya, kalau mau pindah faskes tidak perlu antri, bisa melalui app ini. kita juga bisa lihat riwayat pemeriksaan dan diagnosanya. cuman minusnya banyak 1. lama engga dibuka, auto log out dan harus mulai log in kembali dengan NIK, face, dll 2. setiap dibuka minta di update terus. kalau dipencet batal update, malah keluar dari app. tapi pas sudah di update, tetep aja tulisan update itu muncul terus dan lemot",Negatif,Negatif,86,12.9,86,Sesuai
3033,adi purwanto,4,2026-08-22,Mempermudah untuk mengakses fasilitas kesehatan,Positif,Positif,95.2,95.2,4.5,Sesuai
3034,Fariz Hidayat,5,2026-08-22,sangat membantu,Positif,Positif,99.7,99.7,0.3,Sesuai
3035,ituada apa,2,2026-08-22,"Saya merasa bingung dengan Aplikasi ini, saya ngontrolin ibu ke RS tiap bulan dan akhir² ini harus ambil antrian via online,tapi tiap kali masuk gak bisa dan gak ada petunjuk/penjelasan apanya yang salah/kurang padahal aplikasi ini yang daftain dari pihak RS dan saya di kasih nota akun Mobile JKN nya ,tapi saya masuk/log in mengikuti akun tertulis itu ttap saja tidak bisa,",Negatif,Negatif,94.4,5.1,94.4,Sesuai
3036,Ny Beti,1,2026-08-22,"ini kenapa ya g bisa di install dan malah tanda merah,mohon dibantu",Negatif,Negatif,70,29.1,70,Sesuai
3037,Arfa Cute,5,2026-08-22,bagussss,Positif,Positif,98.2,98.2,1.7,Sesuai
3038,Elfira Febriyanti,3,2026-08-22,"daftar ke faskes tingkat lanjut slalu berbunyi server gagal, tolong perbaiki donk",Netral,Negatif,66.9,30.3,66.9,Sesuai
3039,Aulia PR,2,2026-08-22,"Cukup merepotkan. Terlalu sering log out dan ganti pin. Menghambat kegiatan saat dibutuhkan membuka Mobile JKN, terutama saat sedang di faskes dan harus membukanya. Settingannya bisa diganti tidak?",Negatif,Negatif,82.8,16.5,82.8,Sesuai
3040,Gian Zaky,1,2026-08-22,lama respon pihak rs menhubungi admin tidajmk di respon cocok bintang 1,Negatif,Negatif,53.2,45.6,53.2,Sesuai
3041,Surya Pass,5,2026-08-22,sangat baik sekali,Positif,Positif,96.4,96.4,3.4,Sesuai
3042,Harsya Forever,1,2026-08-22,payah ga bisa didownload,Negatif,Negatif,91.2,8.2,91.2,Sesuai
3043,S. Heri. W 80,1,2026-08-22,"Susah loginnya, nik salah, capta salah, ya ampun",Negatif,Negatif,87.2,11.4,87.2,Sesuai
3044,Nur Asna,1,2026-08-22,aplikasi tidak mendukung hp saya. buruk,Negatif,Negatif,92,7.5,92,Sesuai
3045,Winara 95,1,2026-08-22,sudah mendaftarkan nomor HP tapi saat mau dapetin kode Verifikasi gara gara lupa sandi malah dibilang maaf nomor HP belum terdaftar. Padahal nomor HP sudah didaftarkan kok dibilang belum terdaftar makin ngawur nih aplikasi,Negatif,Negatif,93.9,5.6,93.9,Sesuai
3046,Yahya Hanadi Arimatea,5,2026-08-22,mantap aplikasinya,Positif,Positif,98.1,98.1,1.6,Sesuai
3047,deva wu,1,2026-08-22,"gimana si mau masuk Regis aja eror terus aplikasi, nyusahinnnn",Negatif,Negatif,95,4.4,95,Sesuai
3048,Rivki Hdyt (INI RIVKI),1,2026-08-22,Aplikasi menyusahkan pengguna lansia buat Vermuk aja di persulit yakali orang dah tua yang lagi sakit di suruh senyum,Negatif,Negatif,82.7,16.5,82.7,Sesuai
3049,Klesia Tampubolon,5,2026-08-22,"sangat membantu, jadi tadak perlu kekantor bpjs",Positif,Positif,95.2,95.2,4.5,Sesuai
3050,Eko Zet,1,2026-08-22,"mau daftar verifikasi ke no HP gagal terus ini bagaimana,mau daftar online jadi susah",Negatif,Negatif,93.2,6.2,93.2,Sesuai
3051,Dhan Bkhc,1,2026-08-22,aplikasi ga jelas,Negatif,Negatif,97.7,2.2,97.7,Sesuai
3052,Restu Irfan,1,2026-08-22,apk nya gak bisa di gunakan mau daftar aja susah banget ini yang rusak apknya apa gimana sih,Negatif,Negatif,97.9,1.9,97.9,Sesuai
3053,Belajar Audio Bersama,5,2026-08-22,sangat membantu..terutama pada saat pendaftaran.. bisa online lewat aplikasi JKN.. mantabb👍,Positif,Positif,78.9,78.9,20.6,Sesuai
3054,nur fangi,5,2026-08-22,sangat bermanfaat,Positif,Positif,98.7,98.7,1.2,Sesuai
3055,Sugik Aja,5,2026-08-22,sangat membantu masyarakat,Positif,Positif,97.7,97.7,2.2,Sesuai
3056,Toni Hutabarat,5,2026-08-22,semoga aja aplikasi nya cepat loding nya dan semakin canggih,Positif,Positif,89.6,89.6,9.7,Sesuai
3057,Bowyn Putra,5,2026-08-22,mudah di gunakan,Positif,Positif,90.8,90.8,9.2,Sesuai
3058,Mangsur Firmansyah,5,2026-08-22,"terima kasih, sangat membantu",Positif,Positif,99.4,99.4,0.6,Sesuai
3059,Michale,1,2026-08-22,apk busuk... registrasi ngga bisa,Negatif,Negatif,95.4,4.2,95.4,Sesuai
3060,pr hamzah,5,2026-08-22,sangat membantu sekali,Positif,Positif,99.8,99.8,0.2,Sesuai
3061,angga w pdf,1,2026-08-22,"Harusnya mempermudah,bukannya mlhh mmempersulit, saja,sangat ,bubarkan saja ya, baru habis Bodrex 4",Negatif,Negatif,77.3,21.7,77.3,Sesuai
3062,Anak Sedeng,1,2026-08-22,"susah daftar, SMS GK dapat.",Negatif,Negatif,94.1,5.7,94.1,Sesuai
3063,Afi Fah,5,2026-08-22,mudah bangget,Positif,Positif,92.5,92.5,7.3,Sesuai
3064,Umi Savo,5,2026-08-22,sangat bermanfaat,Positif,Positif,98.7,98.7,1.2,Sesuai
3065,Rustika Tika,5,2026-08-22,sangat terbantu dan cepat untuk mendaftar berobat,Positif,Positif,99.1,99.1,0.9,Sesuai
3066,H dan R,1,2026-08-22,daftar bikin pusing. pulsa 20ribu habis buat sms gak jelas. gak bisa di gunakan juga.,Negatif,Negatif,97.5,2.4,97.5,Sesuai
3067,Endi setiawan Setiawan,5,2026-08-22,Sangat di butuhkan,Positif,Positif,50,50,49,Sesuai
3068,m. irwan setiawan,1,2026-08-22,"APLIKASI SAMPAH, NUNGGUIN KODE OTP MELALUI SMS GAK DIKIRIM KIRIM, SAMPAI BOSEN NUNGGUIN NYA. DITAMBAH VERIVIKASI WAJAH GAK BISA BISA, APLIKASI BOBROK.",Negatif,Negatif,98.9,1,98.9,Sesuai
3069,M ZACH RI SAID,5,2026-08-22,oke,Positif,Positif,97.4,97.4,2.4,Sesuai
3070,abdi abdillah,5,2026-08-22,selalu terdepan,Positif,Negatif,63.5,35.4,63.5,🚨 Bintang 4-5 tapi Prediksi ML Negatif (Taktik Komplain)
3071,GabrieL 99,5,2026-08-22,Lumayan,Positif,Positif,83.2,83.2,15.5,Sesuai
3072,Adlina,1,2026-08-22,"aplikasinya ga jelas bangt udah dri pagi sampai siang nyoba verif wajah gagal mulu, beneren lah orng mau berobat malah jdi di persulit kalo kayak gini",Negatif,Negatif,96.7,3,96.7,Sesuai
3073,Ayu Setyowati,5,2026-08-22,ok baik,Positif,Positif,81,81,18.5,Sesuai
3074,Hariadi A,5,2026-08-22,sangat mudah,Positif,Positif,98.4,98.4,1.5,Sesuai
3075,nanda mahyudin,5,2026-08-22,pelayanan cepat,Positif,Positif,97.4,97.4,2.4,Sesuai
3076,Kadek Dipodiana,5,2026-08-22,mantap,Positif,Positif,99.2,99.2,0.7,Sesuai
3077,Kaman Sulaiman,5,2026-08-22,bagus,Positif,Positif,98.2,98.2,1.7,Sesuai
3078,Waenoful,5,2026-08-22,sudah banyak membantu. lebih efisien waktu,Positif,Positif,92.5,92.5,6.6,Sesuai
3079,Hery 181,5,2026-08-22,mantap jiwa,Positif,Positif,96.9,96.9,2.6,Sesuai
3080,no3nk wenk,1,2026-08-22,"apaan, abis update, tiba2 suruh login lagi.. apalagi saya lupa pass word nya.. padahal gak ganti hp .. fp tiktok aja klo abis update gk suruh login lagi",Negatif,Negatif,93.7,5.4,93.7,Sesuai
3081,Chailing naa,5,2026-08-22,Sangat membantu,Positif,Positif,99.7,99.7,0.3,Sesuai
3082,syukri yusuf,1,2026-08-22,rata2 aplikasi pemerintah sangat bagus...,Positif,Positif,86.5,86.5,13.1,💡 Bintang 1-2 tapi Prediksi ML Positif (Pujian / Salah Klik)
3083,lii,1,2026-08-22,"aplikasi lelet, pelayanan lelet",Negatif,Negatif,83.3,16.4,83.3,Sesuai
3084,Nassa,5,2026-08-22,tolong mode verifikasinya ga pernah terkirim gimana mau daftar kalau kaya gini,Positif,Negatif,88.7,10.6,88.7,🚨 Bintang 4-5 tapi Prediksi ML Negatif (Taktik Komplain)
3085,fra yuda,5,2026-08-22,"semoga bagus.,",Positif,Positif,98.6,98.6,1.3,Sesuai
3086,Intifadah Ummu khanifah,1,2026-08-22,"buat akun aja susah banget 1 jam an tetep gabisa terus, dari semalem cuman mau buat akun gabisa, bermasalah kok terusan",Negatif,Negatif,93.7,5.6,93.7,Sesuai
3087,hepi Sa10,5,2026-08-22,terbaik,Positif,Positif,81,81,18.5,Sesuai
3088,Adelya Putri,5,2026-08-22,Sangat membantu. terimakasih,Positif,Positif,99.5,99.5,0.5,Sesuai
3089,Agus Setiadi,5,2026-08-22,siiiip...,Positif,Positif,84,84,14.1,Sesuai
3090,Rakata Foundation,5,2026-08-22,Memudahkan administrasi,Positif,Positif,87.9,87.9,11.3,Sesuai
3091,RAHMAT Jobb,5,2026-08-22,sangat membantu,Positif,Positif,99.7,99.7,0.3,Sesuai
3092,Ammar Nur Rahmanudin,5,2026-08-22,"membantu, tanpa pakai kartu",Positif,Positif,84.8,84.8,14.6,Sesuai
3093,kopi hitam,5,2026-08-22,mantap,Positif,Positif,99.2,99.2,0.7,Sesuai
3094,Syamsuddar,5,2026-08-22,Bismillahirrahmanirrahim dg jkn sehat selalu,Positif,Positif,80.9,80.9,18.3,Sesuai
3095,Dian,5,2026-08-22,mantaps,Positif,Positif,77.3,77.3,20.1,Sesuai
3096,Imam Faturohman,5,2026-08-22,sangat membantu,Positif,Positif,99.7,99.7,0.3,Sesuai
3097,Aku Rela,5,2026-08-22,sangat baik,Positif,Positif,96.4,96.4,3.4,Sesuai
3098,Iin Andayani,5,2026-08-22,mantap,Positif,Positif,99.2,99.2,0.7,Sesuai
3099,Pengguna Google,1,2026-08-22,aplikasi gila lemot,Negatif,Negatif,83.9,15,83.9,Sesuai
3100,Nur lela Anjani,5,2026-08-22,sangat baik,Positif,Positif,96.4,96.4,3.4,Sesuai
3101,Son Everth 002,5,2026-08-22,mudah penggunaannya,Positif,Positif,97.4,97.4,2.6,Sesuai
3102,Wahyu Hidayatullah,5,2026-08-22,"Sangat membantu, fitur sangat lengkap",Positif,Positif,97.6,97.6,2.3,Sesuai
3103,Upik Said,5,2026-08-21,gercep,Positif,Positif,77.2,77.2,20.6,Sesuai
3104,indrajati S.S,5,2026-08-21,Memudahkan pelayanan peserta jkn,Positif,Positif,94.8,94.8,4.6,Sesuai
3105,Elvira Winda,5,2026-08-21,mudah dan optimal,Positif,Positif,90.2,90.2,9.3,Sesuai
3106,Soleh Hudin,5,2026-08-21,pelayanan yang ramah juga kepedulian yang tinggi,Positif,Positif,89.8,89.8,9,Sesuai
3107,Heri Kurniawan,3,2026-08-21,menjengkelkan ketika harus update,Netral,Positif,48.6,48.6,45.1,Sesuai
3108,Galib libra,1,2026-08-21,kita di suruh pakek aplikasi ini untuk daftar. tapi kenapa setiap buka aplikasinya selau logout. hdi kita harus login lagi ferivikasi lagi. jadi memperlambat,Negatif,Negatif,94.3,5.1,94.3,Sesuai
3109,Ruri Mahruri,1,2026-08-21,sangat buruk setiap mau login susah..kode otp ga ke krim trs..rakyat malah d perbukitan dengan adanya aplikasi ini..tolong kalau masih mau di pake yg serius donk bikin aplikasinya jngan setiap saat gangguan gagal terhubung.kode otp g k kirim2..ini pke anggaran pajak rakyat kn dananya tolong d perbaiki.,Negatif,Negatif,98.6,1.3,98.6,Sesuai
3110,Ahmad Rizal,1,2026-08-21,"APLIKASI RIBET SEGALA DIBUAT VERMUK, MAU BEROBAT JUGA DI PERSULIT",Negatif,Negatif,90.4,9.2,90.4,Sesuai
3111,zul kifli,1,2026-08-21,"aplikasi gak jelas udah 2 hari nungguin SMS verifikasi gak bisa,katanya jaringan bermasalah..mending hapus aja dari playstore gak guna",Negatif,Negatif,97.9,2,97.9,Sesuai
3112,Muhammad Taufiq,5,2026-08-21,sangat membantu,Positif,Positif,99.7,99.7,0.3,Sesuai
3113,Bunga Putih,1,2026-08-21,aplikasi eror mulu,Negatif,Negatif,94.3,5.4,94.3,Sesuai
3114,Tuan Muda,1,2026-08-21,"hape saya tidak diroot kenapa terdeteksi root, ini bukan aplikasi perbankan tapi ketat banget, menyulitkan saja.",Negatif,Negatif,84,13.8,84,Sesuai
3115,Aryana,5,2026-08-21,saat ini saya tidak bisa akses Mobile JKN,Positif,Positif,52.2,52.2,47,Sesuai
3116,Eko Basuki Rachmat,3,2026-08-21,"ini kenapa app yg milik pemerintah sering crash,,,",Netral,Negatif,55.3,41.7,55.3,Sesuai
3117,movie collection,1,2026-08-21,"gw mau daftar antrian ke faskel II, koq nggak bisa, 'cek koneksi internet anda, padahal internet gw nggak ada masalah",Negatif,Negatif,89,10.5,89,Sesuai
3118,Andi Pramana Hakim,1,2026-08-21,aplikasi menjekelkan. tiba waktu di perlukan untuk berobat. malah update2 segala. kalau update yg tidak penting gak usah lha update2. bukan untuk mempermudah malah menyulitkan,Negatif,Negatif,86.6,13.1,86.6,Sesuai
3119,ABDUL MUHLIS,5,2026-08-21,Ok,Positif,Positif,51.5,51.5,45.6,Sesuai
3120,rengga permana,1,2026-08-21,"aplikasi prematur,malah nyusahin",Negatif,Negatif,84.2,14,84.2,Sesuai
3121,Suriyadhy Love Story,3,2026-08-21,aplikasi super ribet giliran gak di perluin lancar giliran di perluin bnyak bnget gangguanya yg eror lah yg koneksi gak jelas lah padahal pakek dua wifi iya data iya masa koneksi gak ada buruk bnget aplikasi kyak gini,Negatif,Negatif,94.6,4.9,94.6,Sesuai
3122,Lucky “GolCy” N2,1,2026-08-21,"mo daftar tdk bisa karena ada notif internet tdk ada, padahal buka aplikasi lain bisa, emang sengaja di buat begitu ...payah.... jelek padahal saya bayar mandiri kls 1 sekeluarga 6 org.....👎👎",Negatif,Negatif,95.3,4.2,95.3,Sesuai
3123,Ranviero Baskara,1,2026-08-21,"masa capcha nya ngga nongol2, muter2 trus aja ditungguin ga keluar2, masalahnya kan kalo mau login harus pake capcha",Negatif,Negatif,94,5.2,94,Sesuai
3124,Sopi Firmansyah,1,2026-08-21,aplikasi cacat! disaat urgent2nya mau login aja nyusahin! tolonglah aplikasi model bgni ga usah di bikin ribet dong!,Negatif,Negatif,98.4,1.4,98.4,Sesuai
3125,Vika Chairunisa,1,2026-08-21,Tolong diperbaiki lagi sistem nya suka error dan lemot,Negatif,Negatif,89.9,8.9,89.9,Sesuai
3126,Wida Muslimah,1,2026-08-21,"aplikasi bobrok, apaan koneksi jaringan bagus juga eh aplikasinya malah bilang koneksi internet tidak aktif, tolong perbaikin yang bener",Negatif,Negatif,80.8,18.4,80.8,Sesuai
3127,Yuny Simatupang,5,2026-08-21,keren,Positif,Positif,94.2,94.2,5.4,Sesuai
3128,Yusuf Zakaria,5,2026-08-21,"aplikasi yang sangat mudah setiap transaksi, terimakasih atas layanan yang diberikan",Positif,Positif,98.4,98.4,1.4,Sesuai
3129,Maryani Yani,5,2026-08-21,bagus,Positif,Positif,98.2,98.2,1.7,Sesuai
3130,Helmy Bang Bendot,5,2026-08-21,mobile JKN mantab mempermudah,Positif,Positif,98.3,98.3,1.6,Sesuai
3131,Sintauli Purba,1,2026-08-21,Aplikasi sangat menyusahkan masyarakat. Masa aplikasi tidak kompatibel dengan hp keluaran 2020. Hp di rumah cuman ada hp keluaran 2018 sampe 2021. tidak ada yg bisa install aplikasi Jkn Mobile. tolong KLO buat aplikasi yg bisa mensupport semua jangkauan masyarakat ya. KLO begini gimana mau berobat! Masa setiap bulan bayar BPJS dan juga perlu beli hp baru sih!!! MENGECEWAKAN,Negatif,Negatif,97.4,2.4,97.4,Sesuai
3132,Novryan dwicahyo,5,2026-08-21,terbaik,Positif,Positif,81,81,18.5,Sesuai
3133,Senbei Norimaki,1,2026-08-21,aplikasi ga guna,Negatif,Negatif,91.5,8.3,91.5,Sesuai
3134,clara mofu,5,2026-08-21,bagus,Positif,Positif,98.2,98.2,1.7,Sesuai
3135,Sobat Bercahaya,5,2026-08-21,Sudak oke. Moga makin bagus,Positif,Positif,99.1,99.1,0.8,Sesuai
3136,Nurul Mardiah,5,2026-08-21,gercep,Positif,Positif,77.2,77.2,20.6,Sesuai
3137,Nolvy Kilanta,5,2026-08-21,top,Positif,Positif,92.9,92.9,6.3,Sesuai
3138,Indra Lesmana,5,2026-08-21,mantap,Positif,Positif,99.2,99.2,0.7,Sesuai
3139,Ambrus Adithya,5,2026-08-21,memudahkan untuk pindah paskes,Positif,Positif,95.7,95.7,3.8,Sesuai
3140,Indah Wati,5,2026-08-21,bgus,Positif,Positif,98.2,98.2,1.7,Sesuai
3141,Mayah,5,2026-08-21,mantap,Positif,Positif,99.2,99.2,0.7,Sesuai
3142,Pili Firmansyah,5,2026-08-21,terbaikkkkkk,Positif,Positif,81,81,18.5,Sesuai
3143,Zenzen Oke,5,2026-08-21,aplikasi mudah digunakan dan sangat bermanfaat,Positif,Positif,99.8,99.8,0.2,Sesuai
3144,Syahnada Ramadhan,5,2026-08-21,pokoknya sangat membantu,Positif,Positif,98.9,98.9,1,Sesuai
3145,Lilik Yuliana,5,2026-08-21,aplikasi ini sangat membantu saat berobat,Positif,Positif,97.5,97.5,2.4,Sesuai
3146,Dina Aprilya,1,2026-08-21,"sering bngt ngebug, bikin bingung,",Negatif,Negatif,67.2,29.9,67.2,Sesuai
3147,Yuhardi Syahputra,5,2026-08-21,sangat bermanfaat,Positif,Positif,98.7,98.7,1.2,Sesuai
3148,Muhammad Arief Suryanto,1,2026-08-21,dari 14 agustus sampai 21 Agustus masih error nih aplikasi. harus mendaftar langsung di dokter praktek,Negatif,Negatif,88.5,10.7,88.5,Sesuai
3149,Ari Fin,5,2026-08-21,Bagus aplikasinya,Positif,Positif,97.1,97.1,2.6,Sesuai
3150,Hasyim Gonzales,2,2026-08-21,sering eror,Negatif,Negatif,96.9,2.9,96.9,Sesuai
3151,Wahid efendy,3,2026-08-21,mohon diperbaiki aplikasi ini karena banyak menu yg tidak berjalan dengan baik. 1. pendaftaran antrean kadang bermasalah 2. riwayat pelayanan tidak lengkap semoga aplikasi ini mendapatkan Update sehingga dapat membantu memudahkan masyarakat untuk mendapatkan pelayanan kesehatan yang lebih baik.. terimakasih,Netral,Positif,93.4,93.4,6,Sesuai
3152,Abdul Abdul,3,2026-08-21,mempermudah pelayanan,Netral,Positif,96.2,96.2,3.4,Sesuai
3153,Dewi Christiani,2,2026-08-21,"mau daftar online ke faskes tingkat pertama selalu gagal , ""jadwal tidak ditemukan"" , anehh ..",Negatif,Negatif,79.3,20,79.3,Sesuai
3154,Charis Y,5,2026-08-21,jos,Positif,Positif,93.8,93.8,5.8,Sesuai
3155,Dede lery Nurazizah,5,2026-08-21,assalamualaikum,Positif,Positif,51.5,51.5,45.6,Sesuai
3156,Rasik B.a,1,2026-08-21,"daftar buat akun, tapi verifikasi no telpon gada sms yang masuk. alhasil setiap daftar mulai dari awal. sampai sekarang verifikasi no telpon doang yang bobrok. buat apa ada verifikasi gmail kalo daftar mesti verif no hp. gada sms masuk sama sekali payah",Negatif,Negatif,97.4,2.2,97.4,Sesuai
3157,Raifan Alifiyansyah,5,2026-08-21,mantap,Positif,Positif,99.2,99.2,0.7,Sesuai
3158,telkomsat rri,5,2026-08-21,tolong obatnya dong dikasih obat mentang2 BPJS sedikit sekali,Positif,Positif,69.5,69.5,29.6,Sesuai
3159,Hanifa Shol20,5,2026-08-21,iyaaaaaaaaa baaaaik,Positif,Positif,65.9,65.9,33.3,Sesuai
3160,Azy Ivanka,4,2026-08-21,Fitur menu Tagihan kurang lengkap/detel. hanya tagihan global perbulan. rincian dari tenor Rehab tidak detail jumlah; mana belum bayar & sudah terbayar,Positif,Negatif,53.6,43.9,53.6,🚨 Bintang 4-5 tapi Prediksi ML Negatif (Taktik Komplain)
3161,kabar tilembur,5,2026-08-21,"ini aplikasi sebenarnya berguna banget, cuma masih sering banyak error , server failed, tolong cepet di perbaiki, ini kan ceritanya buat ngemudahin masyarakat , eh ko malah makin ngeribetin.",Negatif,Negatif,81.1,18.1,81.1,🚨 Bintang 4-5 tapi Prediksi ML Negatif (Taktik Komplain)
3162,Rana Rafsanzani,5,2026-08-21,Gak bisa register cuma loading aja. Tlong dperbaiki. Thanks,Positif,Negatif,49.9,49,49.9,🚨 Bintang 4-5 tapi Prediksi ML Negatif (Taktik Komplain)
3163,Ucan Cnika,2,2026-08-21,tidak bisa di pasang perangkat anda tidak kompatibel di versi ini,Negatif,Negatif,90.8,7.2,90.8,Sesuai
3164,Rustri Channel,1,2026-08-21,"Okelah 1 NIK 1 akun, seharusnya NIK tersebut otomatis tersinkronisasi dengan KK baru atau setidaknya bisa dirubah mandiri tanpa datang ke kantor BPJS, kalau sistem seperti saat ini pasti banyak ketimpangan data dan setiap anggota keluarga harus membuat akun setiap perubahan data KK cuma sekedar memantau kepesertaan anggota keluarga.",Negatif,Positif,66.8,66.8,32.5,💡 Bintang 1-2 tapi Prediksi ML Positif (Pujian / Salah Klik)
3165,Agus Herman,1,2026-08-21,tolong lah admin gimana ni mau verifikasi akun gak bisa2 nomer otp nya gak di kirim2 sumpah ni mau ambil antrian rs loh dari rs suruh ambil no antrian online giliran online nya apk nya gak jelas mintak nomer otp aja kek mau ngirim apa lah susah kali tolong woy d perbaiki lah ni apk orang mau berobat aja susah nya mintak ampun,Negatif,Negatif,99.7,0.3,99.7,Sesuai
3166,Isna Ariyani,5,2026-08-21,mudahkan,Positif,Positif,92.5,92.5,7.3,Sesuai
3167,Dede Irwan,5,2026-08-21,kenapa g bisa didowlod,Positif,Negatif,69.9,29.5,69.9,🚨 Bintang 4-5 tapi Prediksi ML Negatif (Taktik Komplain)
3168,Rustan Badaruddin,5,2026-08-21,Mudah digunakan,Positif,Positif,97.4,97.4,2.6,Sesuai
3169,Syandrawan Oke,5,2026-08-21,segala urusan baik berobat kontrol mau pun rawat inap selalu lancar dan cepat terima kasih jkn,Positif,Positif,95.7,95.7,4.1,Sesuai
3170,Putro Imanuel,5,2026-08-21,mempersulit orang khususnya lansia.,Positif,Negatif,60.2,38.5,60.2,🚨 Bintang 4-5 tapi Prediksi ML Negatif (Taktik Komplain)
3171,Arman Dwijaya,1,2026-08-21,"ini Aplikasi gmana sih? Gua Mau Daftar untuk berobat Ga bisa"" dari kemaren, Padahal daftar anterin yg tertera belom penuh, tp pas daftar malah ga bisa. aneh banget org mau berobat aja susah banget .",Negatif,Negatif,96.8,2.9,96.8,Sesuai
3172,Hesti Mandasari,5,2026-08-21,keren,Positif,Positif,94.2,94.2,5.4,Sesuai
3173,M Hilmi Suhendi,1,2026-08-21,aplikasi bobrok,Negatif,Negatif,83.3,15.4,83.3,Sesuai
3174,hesti Akra,5,2026-08-21,sangat membantu dalam mengambil antrian terutama di rumah sakit,Positif,Positif,90.7,90.7,9.2,Sesuai
3175,Dede Cbbr,5,2026-08-21,"sangat membantu dan mudah di gunakan, dengan intruksi yang mudah di fahami",Positif,Positif,99.5,99.5,0.5,Sesuai
3176,mamas syifa,5,2026-08-21,"lebih mudah, cepat dan praktis",Positif,Positif,99.4,99.4,0.5,Sesuai
3177,Bang pebb,2,2026-08-21,Pendaftaran lama bgt verifikasi SMS ga muncul muncul kode otpnya,Negatif,Negatif,89.7,9.5,89.7,Sesuai
3178,Faizal Yusuf,1,2026-08-21,mantap aplikasi sampah,Positif,Positif,78.4,78.4,21.2,💡 Bintang 1-2 tapi Prediksi ML Positif (Pujian / Salah Klik)
3179,Yana Anay,4,2026-08-21,pelayanannya cepat,Positif,Positif,97.4,97.4,2.4,Sesuai
3180,TIARA APRILIA PUTRI,1,2026-08-21,aplikasi erorrrrr,Negatif,Negatif,87.9,11.5,87.9,Sesuai
3181,Eko Ari Prabowo,5,2026-08-21,"Tidak bisa log in, padahal sebelumnya udah log in tapi di suruh log in lagi",Positif,Negatif,94,5.7,94,🚨 Bintang 4-5 tapi Prediksi ML Negatif (Taktik Komplain)
3182,Thurmizi Banda,5,2026-08-21,Alhamdulillah,Positif,Positif,91,91,8.3,Sesuai
3183,Ansor Faturrohman,5,2026-08-21,good apl,Positif,Positif,93.5,93.5,5.9,Sesuai
3184,Moh Alif Alfaizar,5,2026-08-21,sangat bagus,Positif,Positif,99,99,0.9,Sesuai
3185,susi lahuddin,5,2026-08-21,sangat mudah,Positif,Positif,98.4,98.4,1.5,Sesuai
3186,Dwi Purwanto,5,2026-08-21,top,Positif,Positif,92.9,92.9,6.3,Sesuai
3187,Guil Baros,5,2026-08-21,Mobile JKN sangat membantu dan saya sangat senang mengunakan aplikasi mobile JKN,Positif,Positif,99,99,0.9,Sesuai
3188,Murni Asih,5,2026-08-21,skrg lebih enak ada jkn,Positif,Positif,77,77,21.7,Sesuai
3189,Dink Nob,1,2026-08-21,YANG LAIN BISA DI DOWNLOAD.. CUMA APK INI AJA KAGA BISA D DOWLOAD ANEHH.. PADHAAL GA SAMPE 100 MB TAPI KAGA BISA D DOWNLOAD,Negatif,Negatif,86.6,12.3,86.6,Sesuai
3190,AEL Junior,1,2026-08-21,dah 3 hari mendaftar ngk ada kode otp no hp .. susah urusan pemerintah.. padahal bayar bukan gratis,Negatif,Negatif,91.7,7.8,91.7,Sesuai
3191,Bima Yonda Setyawan,1,2026-08-21,Susah verivikasi wajah ini gimana tooooo woiiiii,Negatif,Negatif,88.1,10,88.1,Sesuai
3192,Buddhyyudha Irvansyah,5,2026-08-21,Pelayanan cepat dan profesional Mantap,Positif,Positif,99.2,99.2,0.7,Sesuai
3193,RENALDI EP,5,2026-08-21,oke mantap,Positif,Positif,99,99,0.9,Sesuai
3194,Rehan Alvaro,5,2026-08-21,sangat membantu dan mudah...terimakasih banyak sudah membantu warga,Positif,Positif,99.7,99.7,0.3,Sesuai
3195,Alfian Joddi,1,2026-08-21,sms kode gak muncul semua apalah coba,Negatif,Negatif,91.7,7.9,91.7,Sesuai
3196,Siti Aisah,5,2026-08-21,"Bagus aplikasinya , dipertahan kan di perbaiki supaya lebih mudah dan bagus",Positif,Positif,99.5,99.5,0.5,Sesuai
3197,Khusaeri Azzi,1,2026-08-21,kode Verifikasi telepon sangat lama muncul,Negatif,Negatif,86.7,12.4,86.7,Sesuai
3198,Beni Megi Zoni,5,2026-08-21,mantap,Positif,Positif,99.2,99.2,0.7,Sesuai
3199,Yeni Idawati,5,2026-08-21,terbaik,Positif,Positif,81,81,18.5,Sesuai
3200,Pnm Rsa,1,2026-08-21,apikasi kaga jelas!! cek setatus pembayar an aja ngga becus aplikasi sering ganguan lah apa lah GAK JELAS!!,Negatif,Negatif,96.5,3.1,96.5,Sesuai
3201,Setyadi Grab,5,2026-08-21,mantap prosesnya cepat,Positif,Positif,98.6,98.6,1.3,Sesuai
3202,Malika Kenzie,5,2026-08-21,sangat membantu banget.,Positif,Positif,98.4,98.4,1.5,Sesuai
3203,Ruci Wati17,5,2026-08-21,aplikasi JKN mempermudah puas bget,Positif,Positif,96.6,96.6,3,Sesuai
3204,Azhara 11Shanum20shani,5,2026-08-21,"sangat membantu, pelayanan BPJS kesehatan cabang lahat penyanannya di The best, smoga bisa terus di pertahan kan",Positif,Positif,99.4,99.4,0.5,Sesuai
3205,Kristopel Pernando Marulitua Marpaung,5,2026-08-21,mudah,Positif,Positif,92.5,92.5,7.3,Sesuai
3206,Wawan Santoso,5,2026-08-21,sangat membantu,Positif,Positif,99.7,99.7,0.3,Sesuai
3207,Randy Brente,1,2026-08-21,"aplikasi sengaja dibuat ribet biar gak banyak yg ke RS, biar sakit tambah parah terus mati.",Negatif,Negatif,85.9,13.1,85.9,Sesuai
3208,elia enos,5,2026-08-21,good,Positif,Positif,98.5,98.5,1.3,Sesuai
3209,Syafrizal Bonar,2,2026-08-21,"buka apk semakin lama sekitar 3 mnt, terus ambil antrian berobat pada fases lanjutan jg susah. Jadwal dokter 2x smggu, 5 hr sebelum berobat daftar antrian ternyata kuota penuh, 5 hr berikut nya daftar lagi krn tidak dpt minggu sbelumnya dan hasilnya penuh jg, begitulh urusan seterusnya kuota penuh. Nah kalau ini kejadiannya kapan pasien bisa berobat?, harus nunggu ambil antrian tengah malam dan itupun kuotanya penuh. Fasilitas komunikasi WA di RS. Yos Sudarso tdk nerima daftar antrian BPJS.",Negatif,Negatif,90.5,8.9,90.5,Sesuai
3210,Dina Amalia,1,2026-08-21,"yang bener aja dong engga jelas banget nih apk, engga berfungsi, mau daftar aja ribet banget sistem eror terus pengenalan wajah juga engga jelas yang bener dong kalo bikin apk",Negatif,Negatif,97.8,1.9,97.8,Sesuai
3211,Jelita rein,4,2026-08-21,good,Positif,Positif,98.5,98.5,1.3,Sesuai
3212,Alan Welan,3,2026-08-21,memang bagus mempermudah kita jika pingin berobat...tp kelemahannya yang cukup menjengkelkan adalah sering melakukan login kalau daftar ambil antrian. bulan lalu mau daftar ambil antian login dl skng mau ambil antrian hrs login lagi dan skng nggak bisa masuk selalu muncul perintah Nik salah pasword salah padahal nik sdh benar pasword jg benar kenapa ndak bisa login? tlng penjelasanya,Positif,Negatif,80.9,18.5,80.9,Sesuai
3213,Mundi Hastuti,5,2026-08-21,ini kenapa ya JKN mobile nya tidak bisa di buka dari kmrn ? dan tidak bisa menghubungi JKN care service nya ada kendala atau gmn ? tolong dong permudah untuk komunikasi dgn care service nya jika ada masalah sprti ini,Positif,Negatif,58.5,40.6,58.5,🚨 Bintang 4-5 tapi Prediksi ML Negatif (Taktik Komplain)
3214,Tabrani Riri,5,2026-08-21,cepat,Positif,Positif,92.6,92.6,7.2,Sesuai
3215,Dzaki Fikri,1,2026-08-21,tolong kode otp sms nya gk keluar keluar,Negatif,Negatif,97.5,2.3,97.5,Sesuai
3216,Zidan Maulana,1,2026-08-21,"ternyata kalo mau daftar online harus sesuai tanggal rujukan gak bisa kalo sebelum tanggal rujukan di sistem tertulis (tanggal kontrol tidak sesuai dengan tanggal rujukan) padahal saya mau kontrol lebih awal karena obat saya habis dan karena bulan sebelumnya saya tidak di beri obat bulanan karena saya kontrol lebih awal sekitar seminggu karena batas rujukan dari puskesmas mau habis eh ternyata aturan nya kalo gak sesuai tanggal kontrol gak di kasih obat,jujur saya sedih karena ini",Negatif,Negatif,82.9,15.7,82.9,Sesuai
3217,Tedy Priatna,5,2026-08-20,mantap,Positif,Positif,99.2,99.2,0.7,Sesuai
3218,Nurrohmah Manda,1,2026-08-20,aplikasi harusnya mempermudah,Negatif,Negatif,65.7,33.2,65.7,Sesuai
3219,Cici Wulan,1,2026-08-20,"sitem.nya kurang baik tolong sistem aplikasi diperbaiki saya memang sudah 3x login dengan NIK yg berbeda di HP saya karena pernah membantu saudara saya. sekarang saya malah tidak bisa log in di hp sendiri, alasannya dibatasi demi keamanan karena sudah 3x NIK berbeda saya ingin reset akun di hp saya ini saya hubungi 165 katanya tidak bisa. malah telepon langsung dimatikan. saya sudah berusaha login di hp lain tapi kendala aplikasi tidak didukung di HP tsb. harusnya sistem pusat dpt mereset.",Negatif,Negatif,94.8,4.3,94.8,Sesuai
3220,Reni Evrawaty,5,2026-08-20,memudahkan saya utk mendaftar berobat tanpa harus antri panjang di lobi,Positif,Positif,87.7,87.7,11.5,Sesuai
3221,Alif Putra Mahardika,1,2026-08-20,"kode otp di SMS tidak masuk, sudah coba beberapa kali padahal",Negatif,Negatif,97.5,2.3,97.5,Sesuai
3222,Salviyani Syarif,5,2026-08-20,fast respon . jkn keren,Positif,Positif,95.7,95.7,3.8,Sesuai
3223,Suparno,5,2026-08-20,bagusi,Positif,Positif,98.2,98.2,1.7,Sesuai
3224,Usek Katok,2,2026-08-20,"udah 1 jam lebih coba login, susah banget. padahal besok pagi mau buat kontrol anak ke rs. kenapa saya sama anak harus beda akun, padahal 1kk. agak repot kalau mau priksa barengan. kadang anak2 bapil barengan, akunnya beda2. harus login 1 per 1.",Negatif,Negatif,95.4,4.1,95.4,Sesuai
3225,AW Parabubu Chanel,5,2026-08-20,"sangat puas, aplikasi ini meriang ruang secara mandiri kepada peserta BPJS untmelakukan perubahan dan dan lainnya",Positif,Positif,95.3,95.3,4.3,Sesuai
3226,uswatun hasanaturrohmah,3,2026-08-20,mengapa makin sering error sekarang? mau login aja susah banget. udah coba login berkali2 nggk bisa. 😌,Negatif,Negatif,98,1.8,98,Sesuai
3227,Bambang Mauludi,5,2026-08-20,validasi cepat,Positif,Positif,92.6,92.6,7.2,Sesuai
3228,Ahmad Bio,5,2026-08-20,mantap,Positif,Positif,99.2,99.2,0.7,Sesuai
3229,Ahmad fanani Efendi,2,2026-08-20,𝚜𝚊𝚢𝚊 𝚔𝚎𝚌𝚎𝚠𝚊 𝚜𝚎𝚝𝚒𝚊𝚙 𝚊𝚍𝚊 𝚢𝚐 𝚜𝚊𝚔𝚒𝚝 𝚜𝚎𝚕𝚊𝚕𝚞 𝚍𝚜𝚞𝚛𝚞𝚑 𝚕𝚘𝚐𝚒𝚗 𝚍𝚞𝚕𝚞 𝚙𝚊𝚍𝚊𝚑𝚊𝚕 𝚗𝚒𝚔 𝚍𝚊𝚗 𝚔𝚊𝚝𝚊 𝚜𝚊𝚗𝚍𝚒 𝚜𝚞𝚍𝚊𝚑 𝚋𝚎𝚗𝚊𝚛 𝚔𝚎𝚗𝚊𝚙𝚊 𝚍𝚋𝚒𝚕𝚊𝚗𝚐 𝚙𝚎𝚛𝚌𝚘𝚋𝚊𝚊𝚗 𝚕𝚋𝚑 𝚍𝚛 3𝚡 𝚐𝚊𝚐𝚊𝚕 𝚝𝚎𝚛𝚞𝚜 𝚊𝚗𝚎𝚑 𝚔𝚊𝚗𝚗𝚗 𝚝𝚘𝚕𝚘𝚗𝚐 𝚙𝚎𝚛𝚋𝚊𝚒𝚔𝚒 𝚕𝚊𝚑 𝚖𝚒𝚗 𝚓𝚐𝚗 𝚖𝚎𝚗𝚢𝚞𝚕𝚒𝚝𝚔𝚊𝚗 𝚝𝚘𝚑 𝚢𝚊 𝚔𝚊𝚕𝚒𝚊𝚗 𝚐𝚊𝚓𝚒𝚊𝚗𝚊 𝚍𝚛 𝚙𝚊𝚓𝚊𝚔 𝚔𝚒𝚝𝚊,Negatif,Positif,51.5,51.5,45.6,💡 Bintang 1-2 tapi Prediksi ML Positif (Pujian / Salah Klik)
3230,Rio Abadi Gunawan,1,2026-08-20,"Banyak bug dan tidak stabil, sekelas platform milik pemerintah kalah sama swasta. pembayaran udah dilakukan manual eh malah tetap di potong otomatis lagi.",Negatif,Negatif,92.1,6.8,92.1,Sesuai
3231,Airul am,1,2026-08-20,Nik sudah benar Pasword sudah benar Capcta Sudah benar Kog masih Gak bisa masuk yak? Perbaiki lagi yak aplikasinya untuk sementara saya bintang 1 dulu,Negatif,Negatif,92.4,6.8,92.4,Sesuai
3232,Ich SW,1,2026-08-20,setelah update gak bisa masuk. login berkali² salah padahal datanya udah bener. intinya zonk,Negatif,Negatif,92.8,6.4,92.8,Sesuai
3233,Pepi Suhaepilah,5,2026-08-20,dengan mobil jkn memudahkan peserta mengetahui kartu bpjsnya masih aktif apa gak memudahkan pencarian ruangan perawatan rs yang kita tuju serta seabrek kemudahan mendapatkan info seputar bpjs kedehatan pokoknya mobil jkn mantap dah top markotop👍👍👍👍👍,Positif,Positif,96.8,96.8,3.1,Sesuai
3234,Darmansyah Monoarfa,5,2026-08-20,mantap,Positif,Positif,99.2,99.2,0.7,Sesuai
3235,TRI BUDI YARTO,4,2026-08-20,"Bagus, mudah digunakan",Positif,Positif,99,99,1,Sesuai
3236,Juri Setiawan,5,2026-08-20,kalau bisa di cicil nya jangan banyak banyak dong.lagi sulit perekonomian saya,Positif,Positif,49.2,49.2,48.1,Sesuai
3237,Loh Jinawi,5,2026-08-20,Mudah dimengerti & digunakan,Positif,Positif,89.8,89.8,9.7,Sesuai
3238,Ulin Nikmah,1,2026-08-20,"susah buat daftar dan login, otp tdk terkirim susah poll jelek pokoe, nyantumin no hp keterangannya sudah pernah daftar, giliran login keteranganya blm pernah mendaftar",Negatif,Negatif,96.7,2.7,96.7,Sesuai
3239,Akamsi Sembung,1,2026-08-20,Ganti device gak bisa login,Negatif,Negatif,93.6,6.1,93.6,Sesuai
3240,Muhammad Ihsan,5,2026-08-20,baik,Positif,Positif,81,81,18.5,Sesuai
3241,Har Tony,5,2026-08-20,bagus,Positif,Positif,98.2,98.2,1.7,Sesuai
3242,Remmy Noviandi Salji,1,2026-08-20,kenapa mobile JKN saya ga bisa login ?? saya mau ambil antrian online jadi susah dan faskes minta akses mobile JKN,Negatif,Negatif,84.6,15.1,84.6,Sesuai
3243,Nuki Rahman,1,2026-08-20,error mulu udah 3 kali kadang bisa kadang engga pas mau rujuk tingkat lanjut malah ga ada buat ngambil nomor antrian padahal di rujuknya pagi tp malah ga ada pas ada udh malem udh beres kontrol nya,Negatif,Negatif,93.7,5.6,93.7,Sesuai
3244,Gojim Mijog,1,2026-08-20,"Aplikasi apaan, setiap mau verifikasi email sama no handphone tidak bisa terus sampe di ulang ulang tetep gak bisa, kacau ini aplikasi bukannya memudahkan malah bikin ruwet",Negatif,Negatif,99.2,0.7,99.2,Sesuai
3245,Mugis Al Adly,5,2026-08-20,jos,Positif,Positif,93.8,93.8,5.8,Sesuai
3246,Ichal46 Ichal,5,2026-08-20,mantapd,Positif,Positif,51.5,51.5,45.6,Sesuai
3247,ivon 63,5,2026-08-20,ok,Positif,Positif,51.5,51.5,45.6,Sesuai
3248,Henzky Ciozi,5,2026-08-20,"terimakasih, prosesnya sangat cepat!",Positif,Positif,97.1,97.1,2.8,Sesuai
3249,robbin katriansyah,5,2026-08-20,aplikasi ini sangat berguna sekali.,Positif,Positif,96.1,96.1,3.6,Sesuai
3250,Elvan Julsiyunartho,5,2026-08-20,"perubahan faskes tingkat I sangat mudah di akses, mempermudah untuk kita yg sering mutasi",Positif,Positif,96.7,96.7,3.1,Sesuai
3251,Avan Abazz,4,2026-08-20,aplikasi in sangat membantu,Positif,Positif,99.7,99.7,0.3,Sesuai
3252,Lionel Messiii,1,2026-08-20,apa apa harus pakai mobil jkn.....hey BPJS sialan harusnya tuh anda mempermudah orang mau berobat bukan malah mempersulit. anda tuh harus memikirkan orang tua yang ingin berobat dgn BPJS tetapi dia gaptek. bukan malah di persulit !!!!,Negatif,Negatif,89.8,9.7,89.8,Sesuai
3253,Erwan Setiawan,5,2026-08-20,keren gays,Positif,Positif,94.2,94.2,5.4,Sesuai
3254,Pitri Yani,1,2026-08-20,otp d kirim via sms. .ga masuk2 WA WA WA KAYA JAMAN BATU AJA sok digital tapi malah nyusahin rakyat. mau kontrol ambil antrian d aplikasi aplikasi nya sampah. nyusahin masyarakat. .,Negatif,Negatif,94.2,5.1,94.2,Sesuai
3255,Andiek Jaka,5,2026-08-20,oke,Positif,Positif,97.4,97.4,2.4,Sesuai
3256,peter cipto,5,2026-08-20,Sangat membantu ketika pindah tugas kerja.,Positif,Positif,95.1,95.1,4.6,Sesuai
3257,Bung Al,5,2026-08-20,mudah digunakan,Positif,Positif,97.4,97.4,2.6,Sesuai
3258,Fauzi Raja,5,2026-08-20,sangat mempermudah,Positif,Positif,98.4,98.4,1.5,Sesuai
3259,Julia Rahmana,1,2026-08-20,"apk gajelas. nunggu kode otp sms ngga masuk""",Negatif,Negatif,98.9,1,98.9,Sesuai
3260,Alifiah Alfatihah,1,2026-08-20,"daftar masukin nomor verifikasi gak bisa bisa terus padahal udah bener nomer nya dan kode nya gak muncul, gimana sih ini di perbaiki dong",Negatif,Negatif,98.5,1.4,98.5,Sesuai
3261,Zainun Vyanisty,1,2026-08-20,"aplikasi gak guna, mau dftr eror terus tinggal verifikasi nomer gk bisa bisa",Negatif,Negatif,98.6,1.3,98.6,Sesuai
3262,Irwan Hendrawan,1,2026-08-20,untuk ngisi chaptcha nya gk jelas jadi mempersulit untuk log in,Negatif,Negatif,97.3,2.3,97.3,Sesuai
3263,Andriansyah Andriansyah,5,2026-08-20,bagus,Positif,Positif,98.2,98.2,1.7,Sesuai
3264,dicky ramdhanii,2,2026-08-20,"masa verifikasi wajah aja susah banget, udah puluhan kali coba tetep aja ngga bisa, aneh aplikasinya, ini niat ngga sih bikin aplikasinya, hadeuhhh capeee",Negatif,Negatif,98.1,1.6,98.1,Sesuai
3265,Bona Silitonga,5,2026-08-20,sangat efisien,Positif,Positif,76.4,76.4,21.2,Sesuai
3266,x-man setiaOne,5,2026-08-20,mantap,Positif,Positif,99.2,99.2,0.7,Sesuai
3267,Desi Mukin,5,2026-08-20,aplikasi ini sangat membantu,Positif,Positif,98.7,98.7,1.2,Sesuai
3268,odan channel,1,2026-08-20,ribet,Negatif,Negatif,95.8,3.9,95.8,Sesuai
3269,Aerography Drone Kutim,5,2026-08-20,baik,Positif,Positif,81,81,18.5,Sesuai
3270,Laksmi Dewi,1,2026-08-20,sulit di-update,Negatif,Negatif,59.2,38.6,59.2,Sesuai
3271,hardianto bismo,1,2026-08-20,"ini gimana servernya. nomor sudah benar tidak ada pesan verifikasi masuk ,diperbaiki lah itu sistem sama servernya lambat. blo9",Negatif,Negatif,95.4,4.1,95.4,Sesuai
3272,M H,5,2026-08-20,👍,Positif,Positif,51.5,51.5,45.6,Sesuai
3273,dafindra maulana,1,2026-08-20,aplikasi yang sangat merepotkan,Negatif,Positif,61.9,61.9,37.1,💡 Bintang 1-2 tapi Prediksi ML Positif (Pujian / Salah Klik)
3274,zetha007 Channel,5,2026-08-20,bagus,Positif,Positif,98.2,98.2,1.7,Sesuai
3275,Candra Arjuna,5,2026-08-20,top,Positif,Positif,92.9,92.9,6.3,Sesuai
3276,Bangbang gunawan,1,2026-08-20,proses pembatalan ribet banget👎👎,Negatif,Negatif,88.8,10.6,88.8,Sesuai
3277,Limaya Pancawati,1,2026-08-20,"Gabisa daftar, eror terus capek",Negatif,Negatif,92.4,7,92.4,Sesuai
3278,Moch Hayyin Wildan Siswanto,1,2026-08-20,ribet,Negatif,Negatif,95.8,3.9,95.8,Sesuai
3279,iwan kurniawan,5,2026-08-20,Sanagat membantu,Positif,Positif,97.6,97.6,2.3,Sesuai
3280,Agus Zindan,5,2026-08-20,aplikasi mobile JKN memang sangat membantu dalam pelayanan nya terima ksh kk.semoga sukses selalu,Positif,Positif,99.3,99.3,0.6,Sesuai
3281,Ferry Hamdani,5,2026-08-20,bagus,Positif,Positif,98.2,98.2,1.7,Sesuai
3282,ivan riza,5,2026-08-20,josjisss,Positif,Positif,83.6,83.6,14.5,Sesuai
3283,Ahmad Sepiyudin,4,2026-08-20,sangat memuaskan bagi saya,Positif,Positif,96.6,96.6,2.9,Sesuai
3284,hamzah haz,5,2026-08-20,mantap,Positif,Positif,99.2,99.2,0.7,Sesuai
3285,Desak putu Putri widati,5,2026-08-20,mantab..,Positif,Positif,99.2,99.2,0.7,Sesuai
3286,Tri Haryanto,5,2026-08-20,joss 💥💥💥,Positif,Positif,84,84,14.1,Sesuai
3287,dody hidayat,5,2026-08-20,baik,Positif,Positif,81,81,18.5,Sesuai
3288,Putra Prawira,5,2026-08-20,Nice,Positif,Positif,91.9,91.9,7.2,Sesuai
3289,Ini Bukan,1,2026-08-20,sangat buruk...login susah..cuma muter2 ga jelas..pdahal internet lancar..,Positif,Negatif,88.9,10.6,88.9,Sesuai
3290,Jejak Malam,1,2026-08-20,masuk gk bisa dftar ulang gk bisa.. apk ..banyak aturan bikin ruwed....keburu mati psiyen y...mau daftar aja susah.,Negatif,Negatif,97.5,2.2,97.5,Sesuai
3291,Meriya Nara,1,2026-08-20,kenapa susah dan selalu susah untuk masuk saat login...,Negatif,Negatif,88.1,10.2,88.1,Sesuai
3292,Harsza TN,5,2026-08-20,sangat bermanfaat,Positif,Positif,98.7,98.7,1.2,Sesuai
3293,Axl Faris,5,2026-08-20,nice,Positif,Positif,91.9,91.9,7.2,Sesuai
3294,Keiza Gaming,5,2026-08-20,sangat memuaskan,Positif,Positif,96.7,96.7,2.9,Sesuai
3295,Imad Riswandi,5,2026-08-20,mudah di pahami,Positif,Positif,90.7,90.7,9,Sesuai
3296,Jefry Rondo,5,2026-08-20,sanggat recomend,Positif,Positif,82.8,82.8,15.2,Sesuai
3297,ferdi ansyah,1,2026-08-20,apk belum lulus uji malah di launching malah bikin ribet,Negatif,Negatif,94.5,5,94.5,Sesuai
3298,sri suhartini,5,2026-08-20,sangat membantu untuk berobat,Positif,Positif,98.3,98.3,1.7,Sesuai
3299,Yohanes Benny,5,2026-08-20,mudah dalam melakukan update perubahan permintaan faskes,Positif,Positif,88.6,88.6,11,Sesuai
3300,Zo Zo,1,2026-08-20,ganti pasword gagal trs kmn hrs hub saya ga bs buka jkn saya!,Negatif,Negatif,84,14.7,84,Sesuai
3301,Ummul Khair,5,2026-08-20,bagus,Positif,Positif,98.2,98.2,1.7,Sesuai
3302,RIch Brian,1,2026-08-20,mempersulit daftar saat di rumahsakit,Negatif,Negatif,81.9,17,81.9,Sesuai
3303,maarif senja,5,2026-08-20,semoga lancar dan sehat Indonesia,Positif,Positif,95.9,95.9,3.7,Sesuai
3304,Fitri Badrusalam,1,2026-08-20,aplikasi error dan eDan,Negatif,Negatif,82.2,16.3,82.2,Sesuai
3305,Lanang Maulana,1,2026-08-20,Apk TOLOL,Negatif,Negatif,93.7,5.9,93.7,Sesuai
3306,Tri Win,1,2026-08-20,"kode otp SMS gak masuk², selalu di persulit pake BPJS apk dan pelayanan anda sangat buruk terima kasih!",Positif,Negatif,79.8,20,79.8,Sesuai
3307,Evhy Tindi,5,2026-08-20,Aplikasi bermanfaat sekali,Positif,Positif,96.4,96.4,3,Sesuai
3308,Hamdi Andi,5,2026-08-20,pelayanan cepat,Positif,Positif,97.4,97.4,2.4,Sesuai
3309,irman maulana,1,2026-08-20,banyak bug nyah padahal ini berurusan sama orang sakit,Negatif,Negatif,87.3,11.5,87.3,Sesuai
3310,Fatin Fatin ff,5,2026-08-20,mantab,Positif,Positif,99.2,99.2,0.7,Sesuai
3311,Muhammad Adam Firdaus,1,2026-08-20,"aplikasi bodoh sama kayak yang membuat ,emang aplikasi publik pemerintah tuh ga ada yang bener, otp ke SMS ga bisa,otp ke Gmail juga lgi ga bisa,apus aja ini aplikasi sampah",Negatif,Negatif,99,0.9,99,Sesuai
3312,Indra Rukmana,5,2026-08-20,GAK BISA LOGIN.. ERROR MULU,Positif,Negatif,94.4,5.5,94.4,🚨 Bintang 4-5 tapi Prediksi ML Negatif (Taktik Komplain)
3313,kafa bihi,5,2026-08-20,"sangat mudah, dan menyenangkan",Positif,Positif,98.6,98.6,1.2,Sesuai
3314,Iqta Roba,5,2026-08-20,baik dan sangat membantu dalam proses pelayanannya,Positif,Positif,99.5,99.5,0.5,Sesuai
3315,Shinta Dwi,5,2026-08-20,"aplikasi nya bagus, memudahkan pengguna utk proses lewat aplikasi tidak perlu ke kantornya",Positif,Positif,95.6,95.6,4.3,Sesuai
3316,Dini Maulani Dai,4,2026-08-20,bagus dan mudah digunakan. sayang loadingnya lama :'),Positif,Positif,98.9,98.9,1,Sesuai
3317,Abang Semi,5,2026-08-20,sangat membantu,Positif,Positif,99.7,99.7,0.3,Sesuai
3318,Agus Nugros,5,2026-08-20,sangat membantu,Positif,Positif,99.7,99.7,0.3,Sesuai
3319,Sofyan Anang Riyanto,5,2026-08-20,jos,Positif,Positif,93.8,93.8,5.8,Sesuai
3320,Sahabat By U,3,2026-08-20,mohon di perbaiki lagi sistem apikasih jagàn tiap hari eror terus,Netral,Negatif,73.4,24,73.4,Sesuai
3321,dwikurniawan,1,2026-08-20,aneh mau login muter muter trus sampai skrng,Negatif,Negatif,88.3,10.4,88.3,Sesuai
3322,Eko Wahyudi,4,2026-08-20,ok,Positif,Positif,51.5,51.5,45.6,Sesuai
3323,Ambarwidi Wibowo,5,2026-08-20,mudah di gunakan,Positif,Positif,90.8,90.8,9.2,Sesuai
3324,Chairul Anam,4,2026-08-20,gampang pengoperasiannya mudah dan cepat,Positif,Positif,98.4,98.4,1.5,Sesuai
3325,Swan Wiralya,1,2026-08-20,"bila aplikasi tidak siap, ini ilegal untuk di publikasi kan, bug, error, apalagi fitur kamera gimana maksudnya kamera bisa 100% mirror dari kamera hp itu sendiri? kode otp, harus banget ada pulsa? website, apk lain maupun aplikasi paling berbayar dan memakan kuota pun otp nya sangat minimalis dan tidak memakan pulsa sedikitpun, untuk pengguna baru, kalian wajib protes ke pekerja apotek atau rumah sakit, sangat ilegal dan tidak pantas untuk masuk dalam kategori aplikasi efisien untun kehidupan.",Negatif,Negatif,96.8,2.9,96.8,Sesuai
3326,Maria Sombo,5,2026-08-19,Sangat membantu,Positif,Positif,99.7,99.7,0.3,Sesuai
3327,Atik Kurniati,5,2026-08-19,ok,Positif,Positif,51.5,51.5,45.6,Sesuai
3328,Jepri sumanto Manalu,5,2026-08-19,sangat bermanfaat sekali. tingkat trus pelayananya.,Positif,Positif,98.6,98.6,1.1,Sesuai
3329,Aku suka keripik 88,1,2026-08-19,"orang berobat tuh udah jadi kondisi manusia yang lagi susah susahnya, badan nggak Nentu, pikiran nggak nentu, malah disuruh begadang nunggu jam 00.00 cuma buat daftar antrean yang nggak pasti bisa dapat. maksudnya tuh, kenapa sih harus tengah malam? nggak bisa gitu sistemnya ganti jadi jam tujuh pagi? kayak jam orang kerja normal biasanya? orang kecil mau berobat mentang-mentang pake BPJS dipersulit Mulu. tolong lah, jangan gini..",Negatif,Negatif,98.8,1.1,98.8,Sesuai
3330,IBENG Valentino,5,2026-08-19,Sangat bermanfaat sekali,Positif,Positif,99,99,0.8,Sesuai
3331,Mochamad Taufik,1,2026-08-19,"mau daftar aja ribet amat,",Negatif,Negatif,96.6,3.1,96.6,Sesuai
3332,anak rantau,2,2026-08-19,aplikasi apa ini mau daftar online tidak di temukan terus,Negatif,Negatif,94.1,5.6,94.1,Sesuai
3333,aas setiyaningrum,5,2026-08-19,sangat bagus,Positif,Positif,99,99,0.9,Sesuai
3334,Siska Ratnawati Lase (Sisca),1,2026-08-19,Aplikasinya menyulitkan pengguna. Selalu saja ada kegagalan padahal jaringan bagus dan kuota masih banyak. Tolong diperhatikan dan di perbaharui. Kalau begini caranya orang-orang memilih memendam penyakitnya dirumah daripada terus dipersulit seperti ini!,Negatif,Negatif,62,37.3,62,Sesuai
3335,Rozak Gunung geni,1,2026-08-19,"apk nya lelet,hampir GK bisa diakses,sering relok",Negatif,Negatif,86.2,13.2,86.2,Sesuai
3336,Amri Irma,5,2026-08-19,"mudah pemakaiannya, sangat membantu..",Positif,Positif,98.2,98.2,1.7,Sesuai
3337,wahyu nurwahyullah,5,2026-08-19,Cepat dan responsif,Positif,Positif,97.4,97.4,2.3,Sesuai
3338,Ayu Nurjannah,4,2026-08-19,gak nonstop di aplikasi setiap mau buka harus masukin LG sandi skrg malah susah gak bisa masuk,Positif,Negatif,91.2,8.2,91.2,🚨 Bintang 4-5 tapi Prediksi ML Negatif (Taktik Komplain)
3339,Endang Trisnowati,5,2026-08-19,lbih mudah dn prakts,Positif,Positif,92.5,92.5,7.3,Sesuai
3340,Suhar Woko,1,2026-08-19,aplikasi jkn terjelek.... tidak bisa satu kk... setiap daftar antrian untuk anak rawat jalan tidak bisa... kendala anak tidak punya hp nomor & email... saran aplikasi JKN verifikasi nomor wa jangan nomor telpon saja.🤧,Negatif,Negatif,91,8.4,91,Sesuai
3341,Thian Herawati,3,2026-08-19,"knp aplikasi skr harus ngulang""keluar masuk login pdhal dllu ga kaya gini ribet kanharus masukin no nik lagi.",Negatif,Negatif,92.8,6.4,92.8,Sesuai
3342,JUAN MUDA CAHYA OKTA S (Arjuna Putra Zanndar),2,2026-08-19,"Daftar pelayanan atau daftar kesabaran? 😅 Mau daftar pelayanan malah lebih sering ketemu tulisan “Gagal Terhubung ke server RS.” Gangguan terus, padahal yang dibutuhkan cuma daftar, bukan ikut tes kesabaran. Tolong diperbaiki server dan sistemnya. Aplikasi sebagus apa pun percuma kalau fungsi utamanya malah tidak bisa digunakan saat dibutuhkan. 🙃",Negatif,Negatif,89.2,10.4,89.2,Sesuai
3343,Tantan Hadiansyah,5,2026-08-19,enak dan gampang menggunakannya serta membantu banget,Positif,Positif,93.5,93.5,6.3,Sesuai
3344,Aldy Argenta,1,2026-08-19,"apk di pemerintahan masa jelek gini sih, mau login aja tidak bisa gangguan lah hadehh",Negatif,Negatif,97.2,2.5,97.2,Sesuai
3345,guplek rembol,1,2026-08-19,kode otp tidak masuk sudah dicoba berkali-kali. pulsa ada internet lancar. aplikasi ga jelas. sistem kok jam 17.00 lebih sulit diakses. buat apa ada aplikasi jika sistem ikut jam kerja kek manusia. ANEH BIN AJAIB. DLOGOK JARAN,Negatif,Negatif,97.7,2.1,97.7,Sesuai
3346,Suherman Herman,5,2026-08-19,mntap,Positif,Positif,85.4,85.4,12.9,Sesuai
3347,Afif Ansori,5,2026-08-19,bagus,Positif,Positif,98.2,98.2,1.7,Sesuai
3348,Mas Agus Purnama Giri,5,2026-08-19,sangat membantu,Positif,Positif,99.7,99.7,0.3,Sesuai
3349,SUTRISNO,1,2026-08-19,"busuk, kasih swasta saja yng kelola pasti lebih baik aplikasinya",Negatif,Negatif,61.6,37.4,61.6,Sesuai
3350,sultan Ibrahim,5,2026-08-19,ok,Positif,Positif,51.5,51.5,45.6,Sesuai
3351,arys putra,1,2026-08-19,malah ga bisa log in,Negatif,Negatif,97.4,2.5,97.4,Sesuai
3352,M.Pansyah Nazar,1,2026-08-19,gak jelas ni SMS gak masuk masuk,Negatif,Negatif,98.1,1.8,98.1,Sesuai
3353,Alif Maulana,1,2026-08-19,"aplikasi sampah,error terus di nomor",Negatif,Negatif,96.3,3.5,96.3,Sesuai
3354,Ridwan Refiadi “Ridwan Refiadi” Wikarta Dinata,5,2026-08-19,berfungsi dengan baik🙏🇮🇩🎉,Positif,Positif,80.2,80.2,18.3,Sesuai
3355,Idris Buggih,5,2026-08-19,bagus cepet ditanganinya 🙏,Positif,Positif,92.4,92.4,6.8,Sesuai
3356,Herù S,1,2026-08-19,"hilangkan itu CAPTCHA CAPTCHA. kebanyakan pengguna app ini kan para lansia yang penglihatannya udah mulai menurun, malah disuruh baca CAPTCHA CAPTCHA yang angkanya FIBET SETENGAH MATI. sederhananya app nya ! ga semua pengguna paham soal begituan",Negatif,Negatif,83.8,15.3,83.8,Sesuai
3357,Aditia Dika Pratama,1,2026-08-19,ini aplikasi kenapa sih setiap kalu mau kirim kode otp gak masuk² udah berkali² ganti nomor hp tetep juga gak masuk aplikasi apaan kek gini tolong developer perbaikin ni aplikasi udah logout sendiri tiap masu kirim kode otp gak masuk².,Negatif,Negatif,99.4,0.6,99.4,Sesuai
3358,Melza Anggreani,5,2026-08-19,keren,Positif,Positif,94.2,94.2,5.4,Sesuai
3359,Andi Nopyan,4,2026-08-19,aplikasi Sangat bagus tapi saya belum terlalu paham jika Daftar Online Rumah Sakit,Positif,Positif,87.5,87.5,12.3,Sesuai
3360,sapri ansyah,5,2026-08-19,mudah dam cepat,Positif,Positif,92.8,92.8,6.9,Sesuai
3361,hubaib Sudru,5,2026-08-19,recommended,Positif,Positif,74.3,74.3,22.7,Sesuai
3362,Jhamie Serang,5,2026-08-19,sangat baik,Positif,Positif,96.4,96.4,3.4,Sesuai
3363,Moh dedi Hidayatullah,5,2026-08-19,mantap...aplikasi yg sgt membantu,Positif,Positif,97.9,97.9,1.8,Sesuai
3364,RA Al-Awwabiin 136,5,2026-08-19,Membantu,Positif,Positif,97.6,97.6,2.3,Sesuai
3365,Desy Tarayani,5,2026-08-19,sangat bagus.,Positif,Positif,99,99,0.9,Sesuai
3366,Diovanty Nurul Hasanah (Ai),3,2026-08-19,"kenapa pas udah ambil antrean pertama tapi pas di RS dilayaninya paling telat, udah gitu kenapa pas ambil antrean pasti tanggal nya baru berubah setelah 1x 24jam dan gak langsung muncul stelah dapat surat rujukan.",Netral,Negatif,75.3,23.3,75.3,Sesuai
3367,Candra Prastiyo,1,2026-08-19,minta kode otp tapi ga dikirim kirim kodenya KOCAKKKKKK,Negatif,Negatif,97.4,2.3,97.4,Sesuai
3368,NOOB MAKER,1,2026-08-19,masa satu poli satu satu hari.. sangat tidak adil. kalau yang mau kerja tapi kerumah sakit punya check up 3-4poli.. kapan dia biss kerja,Negatif,Negatif,74.8,24.3,74.8,Sesuai
3369,Sutan Zigo,5,2026-08-19,penanganan cepat,Positif,Positif,88.1,88.1,10.9,Sesuai
3370,Andi Hidayat Hidayat,5,2026-08-19,ok,Positif,Positif,51.5,51.5,45.6,Sesuai
3371,Habib Zaini,4,2026-08-19,ini krnapa saya masuk nomer hp otp ngga ada padahal nomer sudah bener,Positif,Negatif,92.5,6.9,92.5,🚨 Bintang 4-5 tapi Prediksi ML Negatif (Taktik Komplain)
3372,Ivan Ru,5,2026-08-19,bagus,Positif,Positif,98.2,98.2,1.7,Sesuai
3373,nirina kurniawan,1,2026-08-19,"apk nya tolong perbaiki dari segi daftar akun dan scan wajah, kalo bisa jangan mirror kamera nya agar lebih mudah.",Negatif,Negatif,77.3,21.5,77.3,Sesuai
3374,syahril,5,2026-08-19,ok,Positif,Positif,51.5,51.5,45.6,Sesuai
3375,Airin Novisha,1,2026-08-19,aplikasi cara mempersulit hidup😂nomor wajib 1 pernama jadi kalau anaknya 3 ya nomor hp ya 3 wkkk😂mana sekarang peraturan bpjs mempersulit pertemuan dengan dokter yg aturannya tambah berbelit2. Harusnya setelah oprasi 5-7hari dh bisa ketemu skrg bisa 2minggu woy😂mana kalau cuma nyabut benang dipuskesmas aja pada gk mau karna nanti menyalahi kode etik dokter apalah lagi ini 😂mau gk mau wajib nunggu 2minggu yg mana benang dh bau dan mengganggu aktifitas😒,Negatif,Negatif,93.3,6.1,93.3,Sesuai
3376,Muhammad Faiz,1,2026-08-19,"aplikasi memeg, bukannya mempermudah malah nyusahin perbaiki tuh aplikasinya, ngirim kode otp aja susah amat plerr",Negatif,Negatif,97.4,2.3,97.4,Sesuai
3377,Dede R Mold,1,2026-08-19,kenapa sekarang aplikadi mobile jkn idak cocok dengan Hp saya samsung J7 pro 2018. tolong bantuannya yah admin supaya hp saya bisa instal mobile jkn,Negatif,Negatif,58.5,40,58.5,Sesuai
3378,Andi Saprol,5,2026-08-19,bagus,Positif,Positif,98.2,98.2,1.7,Sesuai
3379,Aron Punkrose,5,2026-08-19,"saya mengusulkan untuk info riwayat kesehatan jangan hanya satu orang saja, tapi harus yang ada diaplikasi di diberikan skrining kesehatan biar tahu riwayat penyakitnya semua anggota keluarga yang ada di aplikasi BPJS JKN",Positif,Positif,69.4,69.4,29.7,Sesuai
3380,Ade Bian,5,2026-08-19,mempermudah,Positif,Positif,92.5,92.5,7.3,Sesuai
3381,HOSI CHAN,3,2026-08-19,"gimana ini banyak bug, dikasih opsi verifikasi, tapi ga ada pilihannya",Netral,Negatif,87.5,10.4,87.5,Sesuai
3382,cupi indra,4,2026-08-19,memudahkan,Positif,Positif,92.5,92.5,7.3,Sesuai
3383,Liyus Yunus,5,2026-08-19,sangat membantu,Positif,Positif,99.7,99.7,0.3,Sesuai
3384,Dade Ajrin,1,2026-08-19,"terlalu berbelit belit,, tidak cocok untuk darurat... pokoknya tidak puas",Negatif,Positif,53.7,53.7,44.6,💡 Bintang 1-2 tapi Prediksi ML Positif (Pujian / Salah Klik)
3385,ifar ziady,1,2026-08-19,"hana jelah, aplikasi,",Negatif,Positif,51.5,51.5,45.6,💡 Bintang 1-2 tapi Prediksi ML Positif (Pujian / Salah Klik)
3386,Hafni Hadijah,5,2026-08-19,saya ingin menginstal mobile jkn tapi TDK bisa,Positif,Negatif,51.5,47.4,51.5,🚨 Bintang 4-5 tapi Prediksi ML Negatif (Taktik Komplain)
3387,Muhammad Haris,3,2026-08-19,"rusak cok, verifikasi otp nya ga kekirim-kirim",Negatif,Negatif,95.2,4.2,95.2,Sesuai
3388,Agus Mulyadi,5,2026-08-19,cepat,Positif,Positif,92.6,92.6,7.2,Sesuai
3389,Ririn Utami,1,2026-08-19,"mempersulit wkwk, login ge gabisa terus",Negatif,Negatif,88.3,11,88.3,Sesuai
3390,Dodi Lifan Dana (DODI LIFAN DANA),1,2026-08-19,"login maksimal ke 3 Nik tapi setelah itu palah ga bisa login ke salah satu dari Nik yg pernah login, minta solusi palah dijawab login ke HP lain. kalian pikir semua orang punya hp banyak? lagian ngapain ada pembatasan seperti itu, bukannya yg penting sudah logout dari hp biar bisa login di hp lain dan hp yg sudah logout bisa buat login ke Nik yg lain? ini aplikasi gimana sih ga jelas banget dan ga da solusi atas kesulitan costumer.",Negatif,Negatif,98.2,1.6,98.2,Sesuai
3391,Rahmat Kpr,1,2026-08-19,Sering X sudah error aplikasi nya... yang terdaftar 5 tapi di Aplikasi bisa² error tinggal 1,Negatif,Negatif,86.5,12.8,86.5,Sesuai
3392,RAFI,1,2026-08-19,aplikasi bapuk,Negatif,Negatif,63.5,33,63.5,Sesuai
3393,Jasa Printing Adi,5,2026-08-19,Sangat membantu,Positif,Positif,99.7,99.7,0.3,Sesuai
3394,Togar Togatorop,5,2026-08-19,proses cepat,Positif,Positif,93.1,93.1,6.6,Sesuai
3395,Lia Lai,1,2026-08-19,aplikasi rusak,Negatif,Negatif,72.5,24.8,72.5,Sesuai
3396,Nataniel yaru Nataniel yaru,5,2026-08-19,agak sulit untuk aktifkan bpjs bantuan sosial,Positif,Positif,74.8,74.8,23.5,Sesuai
3397,mul yadi,5,2026-08-19,bagus pisan,Positif,Positif,95.6,95.6,4,Sesuai
3398,M. Arfian,5,2026-08-19,okee terima kasih,Positif,Positif,95.5,95.5,4.3,Sesuai
3399,Yan Surya,5,2026-08-19,mantap,Positif,Positif,99.2,99.2,0.7,Sesuai
3400,Hanan Dulhanan,5,2026-08-19,sangat membantu toling munculjan aplikasi jkn nta,Positif,Positif,96.2,96.2,3.5,Sesuai
3401,Muhamad Nuri,1,2026-08-19,"apk bukan e permudah, ini persulit, nilai 10 sampai 1 gw pilih 1, apk bobrok",Negatif,Negatif,85.5,13.8,85.5,Sesuai
3402,Eva Oky,5,2026-08-19,"bagusss, memudahkan",Positif,Positif,97.3,97.3,2.6,Sesuai
3403,indri,1,2026-08-19,"apk ga jls, ribet. ngambil antrean gagal terus smpe akhir ny g kebagian no antrean, bukannya mempermudah malah mempersulit. klo g bisa bikin apk hps aja, apk ga guna. sampahhh!!!.",Negatif,Negatif,98.6,1.4,98.6,Sesuai
3404,AGUS PURBOYO,2,2026-08-19,eror melulu si ya..,Negatif,Negatif,79,19.1,79,Sesuai
3405,R.atminto W,5,2026-08-19,sangat membantu,Positif,Positif,99.7,99.7,0.3,Sesuai
3406,Rahman N,1,2026-08-19,"kode OTP tidak muncul nggk heran sih apk pemerintah, developnya kalah sama aplikasi swasta. duitnya dikorupsi soalnya",Negatif,Negatif,97.4,2.2,97.4,Sesuai
3407,Cahaya Put,1,2026-08-19,asik asik keluar sendiri aja aplikasi dari hp 🤬 anak anak dan org tua tidak dibikin 1 aplikasi 🫥,Negatif,Negatif,90.1,9,90.1,Sesuai
3408,Amanda Manda,1,2026-08-19,"tau ah males selalu ga bisa di proses pakai nomor sebelumnya cepat respon katanya sudah terpakai sekalinya pake nomor blm terpkai malah ga bisa di proses pdhal sdh diisi pulsa jga,, gini gini mempersulit masyarakat",Negatif,Negatif,91.2,8.5,91.2,Sesuai
3409,Alkhalifi Danianto,3,2026-08-19,mau resert pasword aja susah baget. notif udah kedaftar. giliran login dari awal lagi belom terdaftar apk aneh,Netral,Negatif,92.4,5.6,92.4,Sesuai
3410,Abdullah Syafei,4,2026-08-19,Pelayanan Prima,Positif,Positif,85.6,85.6,13.8,Sesuai
3411,Jaelani 5769,5,2026-08-19,Sangat puas,Positif,Positif,97.6,97.6,2.1,Sesuai
3412,Mochamad Idris,5,2026-08-19,terimakasih kasih dengan adanya aplikasi ini,Positif,Positif,91.2,91.2,8.6,Sesuai
3413,prama irawan,5,2026-08-19,aplikasinya bagus dan mudah digunakan,Positif,Positif,99.8,99.8,0.2,Sesuai
3414,Agus sinjaii,4,2026-08-19,sangat mudah di gunakan,Positif,Positif,98.2,98.2,1.8,Sesuai
3415,Guntur Geni,5,2026-08-19,sangat membantu,Positif,Positif,99.7,99.7,0.3,Sesuai
3416,Refsimardiani Safitri,5,2026-08-19,bisa membantu percepatan antrean... bisa berobat tanpa antre lama2..,Positif,Positif,89.3,89.3,10.4,Sesuai
3417,Nur Aqila,1,2026-08-19,tiap mau verifikasi wajah ga pernah bisa.. gimna dong ini saya butuh buat masuk ke mobile jkn.. tolong di perbaiki,Negatif,Negatif,91.7,7.9,91.7,Sesuai
3418,Ali Saputra,5,2026-08-19,terimakasi banyak,Positif,Positif,51.5,51.5,45.6,Sesuai
3419,M Jamil,5,2026-08-19,sangat membantu sekali.sangat bermanfaat,Positif,Positif,99.8,99.8,0.1,Sesuai
3420,Jelek Christ,5,2026-08-19,mudah cepat dan praktis,Positif,Positif,99.1,99.1,0.9,Sesuai
3421,Saepul ersya,5,2026-08-19,sangat membantu,Positif,Positif,99.7,99.7,0.3,Sesuai
3422,Yana Setiana,5,2026-08-19,updatenya bisa tfkSekarangkan,Positif,Negatif,71.6,27.8,71.6,🚨 Bintang 4-5 tapi Prediksi ML Negatif (Taktik Komplain)
3423,astara adi widijaya,1,2026-08-19,"aplikasi rusak, nggak jelas, mempersulit orang mau berobat, mau daftar tulisan nya ""kuota sudah penuh/kosong"", udh di ulang ulang tetep sama hasilnya begitu, aplikasi aneh",Negatif,Negatif,98.1,1.5,98.1,Sesuai
3424,Dedi Aja,1,2026-08-19,kenapa setiap buka afilikasih ini selalu offline,Negatif,Negatif,78,20.1,78,Sesuai
3425,erickson lbn gaol,1,2026-08-19,"Aplikasi Buruk, Pulsa sudah dipotong OTP tidak masuk. Pengaduan OTP ditanggapi dengan bahasa yang baku, tidak ada solusi. Tolong Playstore untuk Takedown aplikasi ini, indikasi project Busuk.",Negatif,Negatif,95.5,4,95.5,Sesuai
3426,achid abdillah,5,2026-08-19,"terimakasih sangat membantu segala administrasi. , tidak ribet. simple",Negatif,Positif,86.5,86.5,13.3,Sesuai
3427,Copler Breet,1,2026-08-19,BPJS ribetttt,Negatif,Negatif,95.8,3.9,95.8,Sesuai
3428,SUTRA WIJAYA DG NGEMBA,1,2026-08-19,"antrian TDK jelas langsung loncat tanpa pemberitahuan, suruh ambil antrian lagi.",Negatif,Negatif,88,11.6,88,Sesuai
3429,Agung Channel,1,2026-08-19,aplikasi aneh banyak bug mending nonton bkp ketimbang buka ni apk,Negatif,Negatif,91.3,7.4,91.3,Sesuai
3430,Haryadi Mujahidin,1,2026-08-19,aplikasi ini mempersulit kami untuk berobat . tdk bisa login dengan alasan capca salah,Negatif,Negatif,86.5,12.8,86.5,Sesuai
3431,Bonatua Sinaga,5,2026-08-19,"respon cepat, sesuai harapan",Positif,Positif,89.4,89.4,10.1,Sesuai
3432,Galih Handoko,1,2026-08-19,tidak bisa di buka...saya instal di beberapa hp juga sama saja.,Negatif,Negatif,90,9.3,90,Sesuai
3433,magical upper,1,2026-08-19,fatal. di jebak oleh pihak call center. diarahin bisa puskesmas berbeda provinsi dengan tujuan rsud provinsi tujuan. sudah ubah puskesmas diarahin puskesmas malah tidak bisa kata puskesmas. salah di petugas bpjs kesalahan kita di suruh tanggung jawab,Negatif,Negatif,80,18.4,80,Sesuai
3434,Stevanus Stev,3,2026-08-19,kenapa hendphon saya tidak kompotibel dengan aplikasi jkn moble?,Netral,Positif,50.7,50.7,45.5,Sesuai
3435,Azmi Azmi,5,2026-08-19,pelayanan cepat dan.mudah,Positif,Positif,99.6,99.6,0.4,Sesuai
3436,YUU [GAMING],1,2026-08-19,gimana saya daftar dan menunggu SMS kode otp gak masuk masuk tolong diperbaiki kasihan yang lainnya yang mau daftar,Negatif,Negatif,96.7,3,96.7,Sesuai
3437,Abdul Wahid,5,2026-08-19,good,Positif,Positif,98.5,98.5,1.3,Sesuai
3438,Puspa Pratiwi,1,2026-08-19,tidak bisa di install mau berobat gimana,Negatif,Negatif,89.9,9.8,89.9,Sesuai
3439,elora nadin,5,2026-08-19,fast respon,Positif,Positif,89.6,89.6,9.3,Sesuai
3440,nunung rohmanah,3,2026-08-19,"suzah masuknya, registrasi verifikasi lewat sms tapi smsnya tidak muncul muncul. alhasil tidak bisa login karna daftar na tidak bisa",Negatif,Negatif,96.8,3.1,96.8,Sesuai
3441,Ale Ale,1,2026-08-19,aplikasi GK guna.ada aplikasi knapa mau aktif kan kembali harus ke dinsos zaman Uda canggih Masi aja harus offline,Negatif,Negatif,79,20,79,Sesuai
3442,Alexandro Yunus,1,2026-08-19,aplikasi ga layak rilis kok maksa rilis,Negatif,Negatif,69.6,28,69.6,Sesuai
3443,Sidal,3,2026-08-19,kasih fitur kamera belakang lah woi,Netral,Negatif,53.6,40.7,53.6,Sesuai
3444,Fahri Ananda,5,2026-08-19,terbaik,Positif,Positif,81,81,18.5,Sesuai
3445,Winand Pasaribu,5,2026-08-19,Good Apl,Positif,Positif,93.5,93.5,5.9,Sesuai
3446,Bella,1,2026-08-19,sumpah Susah banget mu ambil antrian online error terus. semoga aplikasinya lebih powerful. sehingga sangat memudahkan bagi umat manusia,Negatif,Negatif,53.3,46,53.3,Sesuai
3447,Eni Iswanti,1,2026-08-19,"Ini aplikasinya mau login minta nomor hp OTP ga mau di kirim error mulu nanya ke ke kantor BPJS katanya karena pake nomor smarfren, kecewa berat. Saya cuma punya 1 nomor, susah daftar2 fasilitas kesehatan karen login OTP ga bisa2, tolong dong diperpaiki.",Negatif,Negatif,97.6,2.1,97.6,Sesuai
3448,We Run,1,2026-08-19,"perlu di tingkatkan lagi setiap mau ambil antrian online selalu gagal padahal ada kuota dan wifi, yg salah bukan paket atau wifi nya tapi aplikasinya yg ga beres",Negatif,Negatif,80.9,18.1,80.9,Sesuai
3449,Neneng Parikhatin,5,2026-08-18,lebih mudah mengakses,Positif,Positif,97.1,97.1,2.8,Sesuai
3450,Andreansss Putra (Andre putra),4,2026-08-18,gaptcha nya loading,Positif,Positif,71.1,71.1,27.1,Sesuai
3451,Tubagus Nabil,1,2026-08-18,APLIKASI YANG SANGAT BAGUS,Positif,Positif,97.7,97.7,2.2,💡 Bintang 1-2 tapi Prediksi ML Positif (Pujian / Salah Klik)
3452,Resdi Nur,1,2026-08-18,aplikasi aneh masa scan muka aja gak bisa bisa,Negatif,Negatif,96.3,3.3,96.3,Sesuai
3453,Phillips wirabudhy,5,2026-08-18,sangat membantu dlm BPJS kesehatan,Positif,Positif,98.8,98.8,1.1,Sesuai
3454,diluc sign,1,2026-08-18,kode Otp nya aja sush banget gila aplikasi ini malah bikin orang repotttttt nyusain parah mau berobat aja di persulit,Negatif,Negatif,98.2,1.6,98.2,Sesuai
3455,Sachi Nuryantini,5,2026-08-18,bagus,Positif,Positif,98.2,98.2,1.7,Sesuai
3456,Imam As'ary,2,2026-08-18,"surat rujukan masih aktif , tapi tidak bisa daftar online, aplikasinya tidak bisa ngambil antrean",Negatif,Negatif,94.8,4.9,94.8,Sesuai
3457,Ari Gunawan,1,2026-08-18,aplikasi aampah,Negatif,Positif,51.5,51.5,45.6,💡 Bintang 1-2 tapi Prediksi ML Positif (Pujian / Salah Klik)
3458,Jhony Ridwan,5,2026-08-18,pasti lancar,Positif,Positif,71.6,71.6,27.7,Sesuai
3459,Yoga Saputra,1,2026-08-18,"Saat mau ambil nomor antrian tidak bisa, server tiba-tiba tidak bisa terhubung dan langsung log out. Saat sudah bisa tengah malam dan nomor antrian sudah penuh",Negatif,Negatif,91.5,8,91.5,Sesuai
3460,Erlin Marlina,4,2026-08-18,knapa saya skarang gk bisa ambil antrian di aplaksi.?dan saya sudah chat tanya² sama asisten mobail jkn panjang lebar ahir nya setelah saya tanya knapa gk bisa ambil antrian sll gak ada jawaban nya .gk ngebals knpa mesti lari dari kenyataan,Positif,Negatif,68.2,30.2,68.2,🚨 Bintang 4-5 tapi Prediksi ML Negatif (Taktik Komplain)
3461,Tri S,5,2026-08-18,"ok , bermanfaat sekali",Positif,Positif,97.4,97.4,2.2,Sesuai
3462,Jumali Jumali,5,2026-08-18,mantap terus berkembang,Positif,Positif,94.3,94.3,5.3,Sesuai
3463,dhina devan,5,2026-08-18,ko ga bisa daftar,Positif,Negatif,92.5,7.4,92.5,🚨 Bintang 4-5 tapi Prediksi ML Negatif (Taktik Komplain)
3464,Ahmad galang afian,1,2026-08-18,aplikasi kok ribet amatbsi heran,Negatif,Negatif,89.8,8.8,89.8,Sesuai
3465,Cherryl,3,2026-08-18,"masa harus masukin nik bolak balik.. ga hafal, buka catatan teruuusss",Netral,Negatif,78,17.3,78,Sesuai
3466,gabrll,1,2026-08-18,tolong perbaiki sistem daftarnya! sudah hidup susah mau apa apa dipersulit,Negatif,Negatif,92.6,6.8,92.6,Sesuai
3467,Rian awan,1,2026-08-18,aplikasi tolol,Negatif,Negatif,93.7,5.9,93.7,Sesuai
3468,Nadia Laila,1,2026-08-18,"aplikasi sampah, mau daftar jkn mobile selalu gk muncul SMS kode otp padahal pulsa udah di isi banyak",Negatif,Negatif,97.5,2.3,97.5,Sesuai
3469,fakeh blues,1,2026-08-18,terlalu lemot untuk masuk,Negatif,Negatif,90.7,8.7,90.7,Sesuai
3470,Anisa Fitriani,2,2026-08-18,"ga jelas tiba2 keluar sendiri akunnya, giliran maasuk lagi ga bisa aneh bgt.. gaush deh bikin apk klo ttep ngeribetin",Negatif,Negatif,98.9,0.9,98.9,Sesuai
3471,meylda bunga,1,2026-08-18,"GABISA LOGIN, GAGAL TERUS.",Negatif,Negatif,95.2,4.5,95.2,Sesuai
3472,Mahardika Anil,1,2026-08-18,terlalu banyak masalah setiap mau masuk aplikasi selalu terjadi kesalahan mohon untuk lebih diperbaiki lagi,Negatif,Negatif,86.4,12.4,86.4,Sesuai
3473,ujang kurniawan,1,2026-08-18,"Tiba tiba keluar trus gak bisa masuk lagi, captcha aja susah di baca, tolong di perbaiki lah min",Negatif,Negatif,97.8,2,97.8,Sesuai
3474,People Good,1,2026-08-18,"aplikasi sampah tidak berguna, sering logout sendiri, ketika login ulang dipersulit eror lah password salah lah, hapus aja ga guna",Negatif,Negatif,97.9,1.9,97.9,Sesuai
3475,Marno Doanx,1,2026-08-18,"mau ambil antrian farkes satu buat bsk anak imunisasi ....eror ,binatang.....nanti bsk saya datang kefarkes di tolak mesti antri JKN ......masalahnya aplikasi ERORRRRR",Negatif,Negatif,87.8,11.4,87.8,Sesuai
3476,Mega Rosneli,1,2026-08-18,"kenapa aplikasi ny ga kompotibel di hp saya lagi , sebelumnya bisaaa , jangan dipersulit donk, ga semua hp yangg terbaru 😏",Negatif,Negatif,75.9,22,75.9,Sesuai
3477,Whizz Kidd,1,2026-08-18,"beli/pakai server yg bener tod untuk layanan publik, bikin pusing",Negatif,Negatif,81,17.6,81,Sesuai
3478,Aris Dwi Ariawan,1,2026-08-18,"aplikasi ribet,,dikit"" log out sendiri,,ketika login captcha nya muter"" Mulu,,sdh tau skarang daftar faskes online masih aja di ribetin login!!!!sistem belum bagus sdh ribetin log in Mulu!!!",Negatif,Negatif,95.1,4.4,95.1,Sesuai
3479,SPIP KANIMPONOROGO,3,2026-08-18,aplikasi jkn error,Netral,Negatif,56.6,39.9,56.6,Sesuai
3480,Prasthio_Nugroho_90,1,2026-08-18,"Gaangguaaaan terooooosssa.... ..mana setiap beberapa bulan sekali akunnya keluar dan harus masuk ulang,, .pas masuk malah minta Maaf Aplikasinya... ..percuma bayar mahal² BPJS nya tapi aplikasi gangguan teroos saat mau d pake .. kecewa abis..",Negatif,Negatif,95.8,3.2,95.8,Sesuai
3481,jami tayo,1,2026-08-18,"tidak bisa login, alesan belum dapat di proses terus terusan",Negatif,Negatif,88,11.6,88,Sesuai
3482,yuy tuub,1,2026-08-18,"ribet amat mau login , lupa password pun sulit. capta mesti diulang ulang baru ketemu yang kasat mata. dasar aplikasi pemerintah. bukannya mempermudah malah mempersulit",Negatif,Negatif,98.7,1.2,98.7,Sesuai
3483,Nelly Ekic,1,2026-08-18,aplikasi kureng 🥹 pas butuh gabisa log in dan Tiba-tiba log out,Negatif,Negatif,91.6,7.7,91.6,Sesuai
3484,Alesha Febiianti,1,2026-08-18,lelet ya sumpah orang lagi sakit darurat lelet serba lelet,Negatif,Negatif,93.9,5.7,93.9,Sesuai
3485,Muhammad Gazali,1,2026-08-18,apk tai,Negatif,Negatif,65.3,31.4,65.3,Sesuai
3486,Diva Chintya,2,2026-08-18,"tiba tiba ke log out sendiri, pdhal tidak login didevice lain.. konyoll",Negatif,Negatif,96.3,3.3,96.3,Sesuai
3487,Wayan Suwena,1,2026-08-18,"Tolong ,bagi para developer dan compilier aplikasi ini untuk memperbaiki sistem login tiap bulan yang dikatakan ""verifikasi"". Tidak semua pengguna jkn itu orang di umur 20-40 tahunan. Ada juga yang sudah tua dan tertinggal jauh dari yang namanya teknologi. Nenek saya mau merujuk saja susah dikarenakan setiap bulan disuruh log in lagi untuk mendapat antrean. terimakasih🙏",Negatif,Negatif,83.4,15.2,83.4,Sesuai
3488,REG4 - DC JKT2 - Tetep Riyana,5,2026-08-18,mantap,Positif,Positif,99.2,99.2,0.7,Sesuai
3489,Asep Samsul,5,2026-08-18,mantap,Positif,Positif,99.2,99.2,0.7,Sesuai
3490,Yumna Origami,1,2026-08-18,"tolong dibuat rumit lagi untuk chapca nya, login angel gog",Negatif,Negatif,79.7,17.2,79.7,Sesuai
3491,kerupuk kriuk,1,2026-08-18,"payah aplikasi nya ,.lupa kata sandi masak erorr trus hasil nya,..diperbaiki dong, setingkat nasional kok gini aplikasi nya",Negatif,Negatif,87.7,11.6,87.7,Sesuai
3492,Wow Banget,1,2026-08-18,TERLALU RIBET. SAKIT TUH GA ADA YG DIRENCAIN INI SEGALA DOWNLOD DLU REGISTRASI DULU. KLO BELUM SIAP SAMA DIGITALISI. MENDING MANUAL SEPERTI DULU!!!,Negatif,Negatif,92.8,6.6,92.8,Sesuai
3493,Abdul Hamid,5,2026-08-18,mantap,Positif,Positif,99.2,99.2,0.7,Sesuai
3494,Daimatul Khoiriyah,1,2026-08-18,aplikasi nya ngga jelas banget.banyak troubel nya,Negatif,Negatif,94.9,4.9,94.9,Sesuai
3495,Ayy 15,5,2026-08-18,sangat membantu,Positif,Positif,99.7,99.7,0.3,Sesuai
3496,MAMAN SULAEMAN MUCHLIS,5,2026-08-18,"Mudah digunakan dan informatif,,, makin keren tampilannya",Positif,Positif,98.4,98.4,1.5,Sesuai
3497,Meri Yanti,5,2026-08-18,bagus sekali sangat membantu,Positif,Positif,99.5,99.5,0.4,Sesuai
3498,HEn HEn,5,2026-08-18,sangat membantu,Positif,Positif,99.7,99.7,0.3,Sesuai
3499,Anak Kebun,5,2026-08-18,bisa digunakan di luar domisili,Positif,Positif,82.2,82.2,17.4,Sesuai
3500,Yeni Yeni,1,2026-08-18,"Mendaftarkan lewat foto wajah, dipersulit",Negatif,Negatif,81.1,18,81.1,Sesuai
3501,Zakirah,1,2026-08-18,"susah daftarnya, bodoh baget aplikasi nya udah pas di kotak juga buka , tetap di bilang keser kesampaing , aplikasi tergagal , mohon ya aplikasi nya di benarin.punya aplikasi tuh yang benar Napa , ini punya apalikasi malah enggak guna",Negatif,Negatif,93.2,6,93.2,Sesuai
3502,Felici Arfana,1,2026-08-18,aplikasinya ga bisa di gunakan. gagal terus kirim otp sms,Negatif,Negatif,97.9,2.1,97.9,Sesuai
3503,akun baru,5,2026-08-18,"mempermudah dalam pendaftaran berobat,bisa dirumah jadi gak usah antri ambil nomor antrian",Positif,Positif,56.7,56.7,42.9,Sesuai
3504,SAIFUL BAHKRI,5,2026-08-18,👍👍,Positif,Positif,51.5,51.5,45.6,Sesuai
3505,Lina Wahyuningrum,1,2026-08-18,kenapa beberapa hari ini sudah semingguan mobile jkn tidak bisa diakses untuk ambil antrian ya mohon bantuannya,Negatif,Negatif,55.5,44,55.5,Sesuai
3506,Rifa Halima,1,2026-08-18,aplikasi eror tdk bisa login pulsa ke tarik percumah. TIDAK RECOM!!!,Negatif,Negatif,98.2,1.8,98.2,Sesuai
3507,amin nur rohman,5,2026-08-18,mntap.... mempermudah pelayanan kesehatan bagi masyarakat,Positif,Positif,98.4,98.4,1.4,Sesuai
3508,Kohar udin,5,2026-08-18,sangat mudah di gunakan.sangat membantu.bagus,Positif,Positif,99.7,99.7,0.3,Sesuai
3509,Pak Fandil,5,2026-08-18,mantab,Positif,Positif,99.2,99.2,0.7,Sesuai
3510,Sapacircel,1,2026-08-18,APLIKASI LAMBATTTTT VERIFIKASI LEWAT SMS GAK MUNCUL2,Negatif,Negatif,91.7,7.9,91.7,Sesuai
3511,Firman Ghani,1,2026-08-18,"aplikasi sampah orang mau berobat aja di persulit ,captcha tidak mau keluar hahaha aneh pemerintahan indonesia ini yang miskin di susahkan betul yang kayak se enaknya",Negatif,Negatif,96.9,3,96.9,Sesuai
3512,fazri ramadhan,1,2026-08-18,apk tidak sesuai jadwal ketentuan jam berobat aneh.,Negatif,Negatif,88.6,10.7,88.6,Sesuai
3513,Aziz Botak,1,2026-08-18,apk lawak,Negatif,Negatif,63,33.4,63,Sesuai
3514,Andre Khs,5,2026-08-18,bagus dan bermanfaat,Positif,Positif,99.1,99.1,0.8,Sesuai
3515,ntha fhatra,1,2026-08-18,semakin gede aja ruang penyimpanan nya .. susah buat perbaharuan ...,Negatif,Negatif,74.5,23.4,74.5,Sesuai
3516,Gandi 13,1,2026-08-18,gabisa daptar sama ka bisa veripikasi nmr g ke kirim² kode otp nya,Negatif,Negatif,97.8,1.9,97.8,Sesuai
3517,Alfinza Ray,1,2026-08-18,mempersulit rakyat aja bisanya. dipikir semua orang punya hp yang mendukung? dipikir semua orang bisa mengoperasikan aplikasi sampah ini?! kembalikan ke sistem lama!,Negatif,Negatif,90.8,8.5,90.8,Sesuai
3518,Hartanto Tanto,5,2026-08-18,bagus sekali,Positif,Positif,97.9,97.9,1.9,Sesuai
3519,Riko Oktavian,3,2026-08-18,aneh pas masuk dihp baru ga bisa2.. kata nya data nya ga ada... pas daftar baru. data nya telah ada.. ini maksudnya apa ya.. kacau,Netral,Negatif,88,9.6,88,Sesuai
3520,Magfiroh Mf,5,2026-08-18,"apk yang sangat bagus, dan sangat bermanfaat sekali masyarakat..",Positif,Positif,99.9,99.9,0.1,Sesuai
3521,Erwin Sntoso,5,2026-08-18,oke,Positif,Positif,97.4,97.4,2.4,Sesuai
3522,Liyah,1,2026-08-18,Aplikasi ngga jelas. Ribet. Setiap mau daftar pasti gagal..udah muak banget karena berkali-kali mau daftar ngga bisa.,Negatif,Negatif,98,1.8,98,Sesuai
3523,Adi Makeup artist,1,2026-08-18,"eror Mulu gbisa nambahin nomor hp,udh pake nomor yg lain juga sama,lol .. padahal lagi urgent",Negatif,Negatif,92.7,6.3,92.7,Sesuai
3524,miekuah,1,2026-08-18,"daftar aja susah, ga niat bikin aplikasi, masa kameranya dibikin mirror, jdi susah klo scan muka, selalu gagal",Negatif,Negatif,98.2,1.5,98.2,Sesuai
3525,Davin EQ,1,2026-08-18,Verifikasinya ribet,Negatif,Negatif,91.8,7.5,91.8,Sesuai
3526,Khalid Farhan,2,2026-08-18,"gabisa login terus, padahak udah beberapa kali dicoba reset pasword",Negatif,Negatif,91.6,7.3,91.6,Sesuai
3527,Muhammad Ghaza,1,2026-08-18,"aplikasi pemerintahan kayak gini? tiap hari server down terus. Buffering, padahal jaringan lancar jaya, nonton tiktok, YouTube pun jaringan lancar. Hadehhhh, lain kali kalau memaintene perbaiki servernya sebaik mungkin!",Positif,Positif,60.1,60.1,38.8,💡 Bintang 1-2 tapi Prediksi ML Positif (Pujian / Salah Klik)
3528,Sekartini Bahagiawati,5,2026-08-18,Bagus,Positif,Positif,98.2,98.2,1.7,Sesuai
3529,sbr suhaili,5,2026-08-18,mamtap,Positif,Positif,51.5,51.5,45.6,Sesuai
3530,Teguh Suhada,5,2026-08-18,aplikasi yang sangat bermanfaat,Positif,Positif,97.8,97.8,2.1,Sesuai
3531,Nur Zakiyatah Fakiroh,1,2026-08-18,"tidak bisa login, tolong segera perbaiki sekarang karena saya sangat butuh aplikasi ini untuk pendaftaran pengambilan nomor antrian di rumah sakit malang untuk kontrol besok dikarenakan rumah saya sangat jauh jarak nya dan menghabiskan 3 jam perjalanan",Negatif,Negatif,64.6,35,64.6,Sesuai
3532,Faizal Nazma,1,2026-08-18,aplikasi gajelas,Negatif,Negatif,89.8,9.1,89.8,Sesuai
3533,Har Joni,5,2026-08-18,cuma jaringan lambat dan sering gagal ambil no antrian untuk berobat,Positif,Negatif,70.9,28.4,70.9,🚨 Bintang 4-5 tapi Prediksi ML Negatif (Taktik Komplain)
3534,Wiwi Rohmawati,5,2026-08-18,sangat membantu sekali pelayanannya juga bagus,Positif,Positif,99.5,99.5,0.4,Sesuai
3535,Lozzi jmz,5,2026-08-18,ok,Positif,Positif,51.5,51.5,45.6,Sesuai
3536,Direksi Bca,3,2026-08-18,"tolong setiap buka aplikasi selalu tulisan tidak ada koneksi ,bug nya selalu begitu",Netral,Negatif,91.8,6.7,91.8,Sesuai
3537,Achmada Fiqri A Rasyad,1,2026-08-18,kok riwayat pembayaran iuran masih gabisa kita ketahui ya kalo programnya pemerintah ataupun pegawai swasta. Kenapa ya??,Negatif,Negatif,74.3,23.7,74.3,Sesuai
3538,cholidina safaru,5,2026-08-18,ok banget,Positif,Positif,51.5,51.5,45.6,Sesuai
3539,Ujang Saepuloh,5,2026-08-18,bagus,Positif,Positif,98.2,98.2,1.7,Sesuai
3540,Winarti Winarti,5,2026-08-18,"sangat membantu, mantap",Positif,Positif,99.7,99.7,0.3,Sesuai
3541,Askaira Shaka Darmawan,5,2026-08-18,sejauh ini oke,Positif,Positif,96,96,3.6,Sesuai
3542,Petrus Suyanto,5,2026-08-18,Bagus 👍👍👍🙏,Positif,Positif,98.2,98.2,1.7,Sesuai
3543,Dasman,5,2026-08-18,"memudahkan, sangat membantu",Positif,Positif,99.8,99.8,0.2,Sesuai
3544,Fourtansius Gede,4,2026-08-18,terbaik,Positif,Positif,81,81,18.5,Sesuai
3545,FansBeratShiYan,1,2026-08-18,"mau daftar susah banget, captcha nya loading Mulu padahal kuota atau wifi lancar",Positif,Negatif,52.3,46.8,52.3,Sesuai
3546,Adhar Saputra,5,2026-08-18,mantap,Positif,Positif,99.2,99.2,0.7,Sesuai
3547,yati yono,1,2026-08-18,"sebenarnya aplikasi ini tidak membantu,aplikasi ini cuma mempersulit aj,,,,,,, data sudah sesuai tapi tetaap saja ga bisa..... ruwet ruwet ruwet ........",Negatif,Negatif,86.6,12.9,86.6,Sesuai
3548,rayhan ray,1,2026-08-18,otp nya kirim ke wa ajaaaaa... orang lagi sakit malah dibikin ribet.. mana otp nya ga masuk masuk..,Negatif,Negatif,99.1,0.8,99.1,Sesuai
3549,Suciawan Suciawan,5,2026-08-18,sangat baik,Positif,Positif,96.4,96.4,3.4,Sesuai
3550,ASEP KAPRIADI,5,2026-08-18,top jkn,Positif,Positif,92.9,92.9,6.3,Sesuai
3551,Rita Herawati,1,2026-08-18,terlalu sering update hp harus tipe baru tipe lama tidak support apakah rakyat Indonesia semua bisa membeli hp baru?,Negatif,Negatif,85.6,13,85.6,Sesuai
3552,Ade Ayu Hani Pratiwi,5,2026-08-18,mantap aplikasi nya terima kasih sudah dibantu pendaftaran,Positif,Positif,99,99,0.9,Sesuai
3553,Juwairiyah Rahmah,5,2026-08-18,pelayanan cepat dan mudah,Positif,Positif,99.6,99.6,0.4,Sesuai
3554,Nur Hafizah,3,2026-08-18,susah diverifikasi wajah,Netral,Negatif,93,6.2,93,Sesuai
3555,Aripendekar 20,1,2026-08-18,"di apk gagal batalkan/merubah jadwal kontrol antrian online sesuai arahan pelayanan RS, sudah dicoba Batalkan tetap saja sering muncul : ""antrian tidak ditemukan"" dan ""Gagal tersambung ke server RS"". sehingga tidak bisa daftar online kembali jadinya daftar/antrian manual. tolong bug nya diperbaiki.",Negatif,Negatif,91.7,7.8,91.7,Sesuai
3556,Nurul Hidayat,5,2026-08-18,sangat membantu dan mudah di gunakan,Positif,Positif,99.8,99.8,0.2,Sesuai
3557,Bukit Panguk,1,2026-08-18,untuk verivikasi wajah sangat menyusahkan..,Negatif,Negatif,88.9,9.5,88.9,Sesuai
3558,muktar babahrot,5,2026-08-18,untuk memudahkan daftar antrian,Positif,Positif,66.5,66.5,32.9,Sesuai
3559,Pujiastuti 123,1,2026-08-18,"tinggal masukan no HP aja, giliran d masukan malah no sudah terdaftar, padahal belum pernah daftar....... sebenarnya ini aplikasi bukan membantu tapi malah memperumit.... payah",Negatif,Negatif,97.2,2.6,97.2,Sesuai
3560,ningie aries,1,2026-08-18,kenapa ke faskes lanjut susah banget birokerasi nyusahin rakyat kecil yg pengen sehat.... tiap ulan bayar ...,Negatif,Negatif,84.4,14.8,84.4,Sesuai
3561,Ansa Bae,1,2026-08-18,"Ngga Guna Jujur Di Apk Bukan nya Mempermudah Malah Mempersulit, udh Apk Bnyak bug , Baik in lg Apk Cs ngga guna , Cs Judol aj jawab cepat dan berguna dari pada apk ini Tolol",Negatif,Negatif,83.4,16.2,83.4,Sesuai
3562,Khaira Althafia,5,2026-08-18,"lebih bagus dan tidak lambat seperti dulu, meski error beberapa kali, tapi di klik cob lagi sudah bisa jalan",Positif,Positif,53.5,53.5,45.6,Sesuai
3563,ulil aini,1,2026-08-18,"sering error, loading lama.",Negatif,Negatif,92.4,7.1,92.4,Sesuai
3564,Rudymenz Theboy,4,2026-08-18,"masih percobaan, hanya saja untuk ambil antrian kadang susah",Positif,Positif,55.5,55.5,42.8,Sesuai
3565,simon Lahauwang,5,2026-08-18,bagus dan akurat,Positif,Positif,98.2,98.2,1.6,Sesuai
3566,Putra Iwan,5,2026-08-18,good,Positif,Positif,98.5,98.5,1.3,Sesuai
3567,Next Reel,1,2026-08-18,"Ratting bintang 1 dulu ya supaya pihak kedinasan yang menaungi juka berbenah. Karena kita masyarakat sudah cukup tau dengan banyaknya edukasi. dimana kita sangat paham anggaran kesehatan sangat mahal dan tinggi tapi kenapa sistem yg diciptakan sangat kualitasnya minim. lalu kenapa sistem meminta akses ke seluruh file? bukankah itu melanggar undang"" ITE?. lalu pengurusan perpindahan tempat sangat tidak fleksibel ada batas"" dll. padahal harusnya jika menggunakan sistem maka akan real-time.",Negatif,Negatif,70.2,28.6,70.2,Sesuai
3568,umar zamzami,5,2026-08-18,mantap,Positif,Positif,99.2,99.2,0.7,Sesuai
3569,Rino Khoerudin,5,2026-08-18,sangat membantu,Positif,Positif,99.7,99.7,0.3,Sesuai
3570,Yanti Sinaga,3,2026-08-18,sulit untuk mengakses,Netral,Negatif,50.3,47.3,50.3,Sesuai
3571,budi yanto,1,2026-08-18,aplikasi babi susah di buka signal ok dia bilang signal tx ok,Negatif,Negatif,67.4,30.6,67.4,Sesuai
3572,Farit Workshop,1,2026-08-18,sampah,Negatif,Negatif,85.2,14.1,85.2,Sesuai
3573,Sugi Bambang,1,2026-08-18,aplikasi pemerintah tapi eror truss akhir akhir ini. gak bisa di buka. gak bisa login .. gak bisa buat daftar baru . recaptha tidak muncul .. parah,Negatif,Negatif,98,1.9,98,Sesuai
3574,Christin Ida,5,2026-08-18,Pelayanan baik,Positif,Positif,93.1,93.1,6.4,Sesuai
3575,deo pramudia,4,2026-08-18,👍👍👍👍,Positif,Positif,51.5,51.5,45.6,Sesuai
3576,cepi tohidin,5,2026-08-18,cepat tangap,Positif,Positif,92.6,92.6,7.2,Sesuai
3577,yessy marthalina marbun,5,2026-08-18,Bagus sekali pelayanannya.,Positif,Positif,97.7,97.7,2.1,Sesuai
3578,Ibra Magalih,1,2026-08-18,Apk tolol gk guna bikin ribet doang otp gk masuk emng jelek,Negatif,Negatif,99.4,0.6,99.4,Sesuai
3579,To Kaili,5,2026-08-18,sangat membnatu,Positif,Positif,51.5,51.5,45.6,Sesuai
3580,Uhiliti Junior,5,2026-08-18,membantu bngt saat mau berobat di faskes 1,Positif,Positif,65.9,65.9,33.8,Sesuai
3581,arif setiadi,5,2026-08-18,"dengan JKN aplikasi menghemat waktu dan biaya,MANTAP",Positif,Positif,90.6,90.6,8.4,Sesuai
3582,aprilina camelia putri,3,2026-08-18,kalau buka aplikasi sering bgt ke logout. mana mau login jg lama bgt. udah aktifin sidik jari jg masih sama aja kalo mau login ttp gabisa. cepet diperbaiki ya,Netral,Negatif,93.8,4.8,93.8,Sesuai
3583,Metland Cibitung mawar,5,2026-08-18,good,Positif,Positif,98.5,98.5,1.3,Sesuai
3584,Dik Aja,1,2026-08-18,"percuma ada antrian oline,kalau yg di utamakan antrin offline",Negatif,Negatif,70.6,26.8,70.6,Sesuai
3585,Agustina Aruan,5,2026-08-18,bagus,Positif,Positif,98.2,98.2,1.7,Sesuai
3586,Yumma Samad,5,2026-08-18,bpjs Keren!!,Positif,Positif,94.2,94.2,5.4,Sesuai
3587,adii .sw_,3,2026-08-18,"kenapa yaa tiap mau ganti sandi itu ""maaf sistem blablabla, mohon maaf atas ketidaknyamanannya"" kenapa sih? heran banget.",Netral,Negatif,80.5,16.4,80.5,Sesuai
3588,Anak Orang,1,2026-08-18,"Ngirim kode OTP nya delay, lama, gak responsif. Error mulu, gak jelas.",Negatif,Negatif,98.1,1.8,98.1,Sesuai
3589,Lumajang Eksotik,5,2026-08-18,"Aplikasi simple, ringan, dan covered layanan luas",Positif,Positif,89.9,89.9,9,Sesuai
3590,Rizal Chako,5,2026-08-18,mudah,Positif,Positif,92.5,92.5,7.3,Sesuai
3591,Zaadun A nya dua,1,2026-08-18,sering bad request,Negatif,Negatif,77,20.4,77,Sesuai
3592,deodf,1,2026-08-18,"aplikasinya sangat jelek sering eror tolong diperbaiki lagi,mau masuk aja gk bisa",Negatif,Negatif,98,1.9,98,Sesuai
3593,iis Linda,5,2026-08-18,bagus,Positif,Positif,98.2,98.2,1.7,Sesuai
3594,Riki Ferdiansyah,1,2026-08-18,"otp gk masuk"" apk ga jelas emang busuk",Negatif,Negatif,99.4,0.6,99.4,Sesuai
3595,Aidil Jovi,1,2026-08-18,"aplikasi ini tidak ada di HP saya, tidak bisa saya download,katanya tidak kompatibel di Perangkat saya, mohon bantuannya",Negatif,Negatif,89.5,9.9,89.5,Sesuai
3596,supiantoro,5,2026-08-18,mantaaap,Positif,Positif,99.2,99.2,0.7,Sesuai
3597,usman sobari,5,2026-08-18,Aplikasi nya mempermudah segala hal..mantap,Positif,Positif,95,95,4.7,Sesuai
3598,Muhammad Alamsyah,1,2026-08-18,apk gratis jadi tidak berguna di negeri Konoha yg serba berbayar ini,Negatif,Negatif,76.1,22.1,76.1,Sesuai
3599,You Never,1,2026-08-18,"Aplikasi macam apa ini? gw udah verifikasi wajah malah ""Gagal"" terus,pdhl udh sesuai standar berlaku.kenapa bisa ngebug gini? tolong mohon di perbaiki aplikasinya untuk sesi wajah,pdhl muka saya sudah di dalam kotak tersebut loh.lu mintanya muka atau setengah badan?",Negatif,Negatif,96.2,3.2,96.2,Sesuai
3600,Accha Inha,5,2026-08-17,aplikasi sangat membantu dalam pengambilan antrian 🥰,Positif,Positif,96.5,96.5,3.4,Sesuai
3601,ispana giri bay lassy,5,2026-08-17,ok,Positif,Positif,51.5,51.5,45.6,Sesuai
3602,Wina Winarti,5,2026-08-17,ok,Positif,Positif,51.5,51.5,45.6,Sesuai
3603,Alif Alya,1,2026-08-17,"parah berapa MB DAN GB SIH memari apl nya. masak mau pembaharuan ga bisa2 katanya penyimpanan penuh,, pasahal masih ada 1GB RUANG KOSONG",Negatif,Negatif,88.7,9.5,88.7,Sesuai
3604,Ummuy Salma,1,2026-08-17,JELEK BANGET!!!!!! UDAH PAKE WIFI MASIH GABISA BUKA DATA KEPESERTAAN👎🏻 MALAH MUNCUL PERIKSA KONEKSI INTERNET ANDA.,Negatif,Negatif,87.1,12.2,87.1,Sesuai
3605,Nana Agustin,1,2026-08-17,Ribet bgt mau daftar buka email bntr buat liat otp malah ngulang dari awal lagi daftarnya,Negatif,Negatif,96.4,3,96.4,Sesuai
3606,idham kholid,1,2026-08-17,"aplikasi pemerintah tapi menyusahkan rakyat kecil dalam mengakses layanan kesehatan , tidak semua orang mampu update beli hp OS seri terbaru sekarang aplikasi ini hanya bisa terpasang di OS Android 10 keatas , sekelas m-banking aja masih bisa dipasang di seri OS 10 kebawah",Negatif,Negatif,78.8,20.2,78.8,Sesuai
3607,Or Gha,5,2026-08-17,mantap,Positif,Positif,99.2,99.2,0.7,Sesuai
3608,Filo Luju,4,2026-08-17,"bagus, lebih cepat",Positif,Positif,98.2,98.2,1.7,Sesuai
3609,Solihin,5,2026-08-17,mantap bisa membantu,Positif,Positif,97.2,97.2,2.5,Sesuai
3610,Noor Qomari,5,2026-08-17,bagus sekali sangat membbantu,Positif,Positif,96.5,96.5,3.1,Sesuai
3611,zacky asat,1,2026-08-17,"Saya sebagai masyarakat sangat Kecewa Dengan BPJS, Khusus nya pada aplikasi JKN Sekarang Ada beberapa point 1. Login Pada Aplikasi Sangat Sulit OTP yang dikirim via email, tidak masuk masuk Sekali nya masuk Sudah kadaluarsa 2. Daftar / Mengambil Antrian pun, baru login ke menu ambil antrian dari Sore sampe ketemu malam tidak bisa bisa... Tolong donk profesional, ini aplikasi menyangkut kesehatan/nyawa orang, hati hati kalian yang menyalahgunakan jabatan & kekuasaan..🙏🙏🙏",Negatif,Negatif,94,5.4,94,Sesuai
3612,Ike Ferdiansah,3,2026-08-17,kenapa masukin kode otp gak masuk bosss...kode otp sudah sesuai yang di kirim..tapi GK bisa masuk...ah...gimana sihh????,Netral,Negatif,96.8,2.8,96.8,Sesuai
3613,Zheptie Shefha,1,2026-08-17,ribet ... setiap kali mau buka aplikasi koq hrs login dulu trs,Negatif,Negatif,88.8,9,88.8,Sesuai
3614,Fitri yaa,5,2026-08-17,sangat membantu dan efisiensi waktu,Positif,Positif,98.7,98.7,1.3,Sesuai
3615,Vincentius Budijanto,1,2026-08-17,"setiap akan dipergunakan ,sering & selalu diperintahkan log in ,pdhl app TDK pernah log out , harus dari awal lagi saat isi capcha jelas jelas angkanya benar selalu ditolak sebenarnya ini app yg error apa mmg penggunanya dibuat error supaya cepat mati ?",Negatif,Negatif,97.6,2.2,97.6,Sesuai
3616,M. Ichwan S. Berngam,5,2026-08-17,sangat membantu,Positif,Positif,99.7,99.7,0.3,Sesuai
3617,Anak Ke3,2,2026-08-17,"ini gmn sih udah selesai daftar malah disuruh verifikasi akun lagi mksdnya gmn ini tolong di perbaiki jgan buat dipersulit di permudah biar orang"" gampang pakai aplikasi ini kasian yg pake BPJS",Negatif,Negatif,89.5,9.8,89.5,Sesuai
3618,Zian Tara,5,2026-08-17,ok,Positif,Positif,51.5,51.5,45.6,Sesuai
3619,eka harys,5,2026-08-17,tingkatkan,Positif,Positif,69.8,69.8,27.8,Sesuai
3620,Hanny Anjely,5,2026-08-17,oke lah memudahkan,Positif,Positif,98.8,98.8,1.2,Sesuai
3621,Vanilla Latte,1,2026-08-17,"Login ngga bisa, keterangannya akun belum terdaftar, padahal udah lama bikin akun dan biasanya bisa.Coba daftar ulang,masa keterangannya NIK belum terdaftar, sebelumnya juga tiap kali mau buka pasti udah ke logout",Negatif,Negatif,97.1,2.6,97.1,Sesuai
3622,putri nuraliza,1,2026-08-17,susah bgt mau verifikasi wajah aja susah heran !,Negatif,Negatif,96.8,2.5,96.8,Sesuai
3623,Abyfratama93@gmail.com @gmail.com,1,2026-08-17,Susah banget kalo udh keluar untuk masuk lagi apk apa bgini...,Negatif,Negatif,95,4.4,95,Sesuai
3624,Soekardi Tuminah,1,2026-08-17,sumpahh inii apk apa sihh bukanya memudahkan eror terus pulsa udh ada kuotaa udhh ada jaringam stabil masa susah banget ini tuh menyangkut kesehatan masyarakat,Negatif,Negatif,91.5,7.9,91.5,Sesuai
3625,Erdhi Saputra,5,2026-08-17,Alhamdulillah,Positif,Positif,91,91,8.3,Sesuai
3626,Fahmilia lia,2,2026-08-17,"Dari pagi mw daftar offline terus, sampe skrg sampe ke klinik disuruh daftar online udah tw apk offline",Negatif,Negatif,91.2,8,91.2,Sesuai
3627,Mustamir,5,2026-08-17,pelayanan sangat baik,Positif,Positif,97.9,97.9,1.9,Sesuai
3628,Giyah 17,5,2026-08-17,"Gampang mau rubah faskes, sangat membantu buat daftar/ambil antri an",Positif,Positif,84.5,84.5,14.9,Sesuai
3629,Rini Banafsha22,5,2026-08-17,puasss banget,Positif,Positif,93.9,93.9,5.3,Sesuai
3630,Nindi Sofianti,5,2026-08-17,bagussss,Positif,Positif,98.2,98.2,1.7,Sesuai
3631,Dandy Risky,1,2026-08-17,aplikasi tolol anjung,Negatif,Negatif,93.7,5.9,93.7,Sesuai
3632,muzena safira,5,2026-08-17,anak saya yg kecil kenapa Ndak ada ya di mobile JKN saya..,Positif,Positif,64.2,64.2,34.2,Sesuai
3633,Ai siti Adawiyah,5,2026-08-17,puas banget,Positif,Positif,93.9,93.9,5.3,Sesuai
3634,Ayu Saja,4,2026-08-17,good,Positif,Positif,98.5,98.5,1.3,Sesuai
3635,Imel angel Sihotang,1,2026-08-17,"aplikasi bobrok, rating 1 pun tak layak ini hrusnya rating -100. sekelas aplikasi yang digunakan mengakses kesehatan aja sebobrok ini. Kerumah sakit hrus pakai ni aplikasi. tp aplikasi ini pun bobrok. kekmana mau maju klo aplikasi ginian aja sebobrok ini",Negatif,Negatif,81.4,18.1,81.4,Sesuai
3636,Hendri Guniawan,5,2026-08-17,aplikasi sangat membantu,Positif,Positif,98.8,98.8,1.2,Sesuai
3637,Pascal christovel Rengkuang,1,2026-08-17,"tlong di perbaiki lagi soal pendaftaran online nya dri stiap sya mau daftar online mlah gak bisa terus, percma ad aplikasi jkn in klo mau daftar online gk jdi",Negatif,Negatif,84.4,15.1,84.4,Sesuai
3638,Dimitri Bogdanov,1,2026-08-17,Jelek. kadang bisa kadang kaga. Suka keluar akun sendiri pas masuk gagal mulu. Yang bener deh developer. Ngebantu kaga nyusahin iya kek gini,Negatif,Negatif,96.1,3.5,96.1,Sesuai
3639,Aa Kurniawan,1,2026-08-17,ko jkn jadi error gini ya mau log in kode captha ya mute terus,Negatif,Negatif,90.4,8.6,90.4,Sesuai
3640,Muna Sih,2,2026-08-17,"tolong ke depannya lebih diperbaiki lagi sistem login nya, biometrik dan nomor hp sudah diinputkan dari awal tapi enggan terverifikasi. Penyelesaian masalah langsung ke CS tapi hampir no respons, bagaimana ini??",Negatif,Negatif,84.8,13.8,84.8,Sesuai
3641,Chan Sante,5,2026-08-17,Mobile JKN sangat membantu,Positif,Positif,98.9,98.9,1,Sesuai
3642,Rhasya As'at,1,2026-08-17,aplikasi kok sering benar ganguan.,Negatif,Negatif,83,15.4,83,Sesuai
3643,Eko Istiyono,5,2026-08-17,ok,Positif,Positif,51.5,51.5,45.6,Sesuai
3644,Iyan Hidayat,5,2026-08-17,👍👍👍👍👍,Positif,Positif,51.5,51.5,45.6,Sesuai
3645,Friday Riski Firdausa,1,2026-08-17,susah banget dah,Negatif,Negatif,82.6,16.5,82.6,Sesuai
3646,Muhammad Riski,5,2026-08-17,baguss,Positif,Positif,90.4,90.4,8.5,Sesuai
3647,Gemu Gemu,2,2026-08-17,kenapa sekarang g bisa diakses?? slalu dibilang offline padahal wifi baik2 aja.. udah update juga tapi g bisa dipakai.. sementara mau daftar ke faskes harus lewat aplikasi..,Negatif,Negatif,82.9,16.4,82.9,Sesuai
3648,Anisya Safyla,1,2026-08-17,"plis ribet bgt cara daftarnya,mana makai no tlpn salah salah trs.dan kameranya juga aga ribet",Negatif,Negatif,94.4,5,94.4,Sesuai
3649,Rira Yustina,3,2026-08-17,"ribet banget plis, dari kemaren udah nyoba daftar sampai ganti nomor, beli pulsa, tetap gak bisa, gimana sih caranya? saya gak punya kartu bpjs, jadi berobat harus lewat apk ini buat ambil antrean, saya lagi kenak penyakit jadi tertunda mau berobat",Negatif,Negatif,95.8,3.9,95.8,Sesuai
3650,Adm Engineering,5,2026-08-17,"mudah cepat, aplikasi bagus",Positif,Positif,98.7,98.7,1.2,Sesuai
3651,Syahla Nadifa,1,2026-08-17,"ANEHHH MASA OTP DOANG HARUS ADA PULSANYA???? bikin ribet aja, aplikasi lain aja yang bukan LAYANAN MASYARAKAT ga seribet ini astagfirullah mempersulit aja",Negatif,Negatif,95.5,4.2,95.5,Sesuai
3652,Sarah Seira,1,2026-08-17,kenapa setiap pemerintah membuat aplikasi tidak ada yg beneran bagus dan bekerja maximal. tolong dong ditingkatkan lgi. login susah. lemot bukan memudahkan TPI menyulitkan. mau priksa GK bisa munujukan kartu karna mau login gk muncul capcha nya. lol,Negatif,Negatif,94.8,5,94.8,Sesuai
3653,M Ghinanjar,1,2026-08-17,aplikasi asu,Negatif,Negatif,64.6,32.3,64.6,Sesuai
3654,Nana,1,2026-08-17,kode captchanya ga tampil² jadi ga bisa login,Negatif,Negatif,90.2,9.4,90.2,Sesuai
3655,Faridahayati nur,3,2026-08-17,kenapa kok verivikasi nomor ga ada notifikasi masuk..... bantu dong gmn?,Netral,Negatif,72.3,25.2,72.3,Sesuai
3656,Vie3 Channel,3,2026-08-17,"sering error, kenapa tidak bisa Login ke aplikasinya?",Negatif,Negatif,98.4,1.6,98.4,Sesuai
3657,Tian Abdul,1,2026-08-17,"sekarang versi android 8 udh ga bsa download jkn ,, harus bnget pke hp terbaru ??",Negatif,Negatif,90.7,8.2,90.7,Sesuai
3658,Comon123 Iyain,1,2026-08-17,"punya ku kenapa gabisa verifkasi akun ya,tolong dong secepatnya admin",Negatif,Negatif,80.7,19,80.7,Sesuai
3659,Alfarizqi Pratama,5,2026-08-17,baik,Positif,Positif,81,81,18.5,Sesuai
3660,M. Rizky Satria,5,2026-08-17,Jadi lebih mudah,Positif,Positif,96.3,96.3,3.5,Sesuai
3661,Hazura Putry,4,2026-08-17,semoga applikasi ini membantu,Positif,Positif,95.5,95.5,3.9,Sesuai
3662,Panca Maha,5,2026-08-17,bagus,Positif,Positif,98.2,98.2,1.7,Sesuai
3663,Mohammad Agustsila Syamsuryadin,5,2026-08-17,mudah,Positif,Positif,92.5,92.5,7.3,Sesuai
3664,Asmini,1,2026-08-17,tidak bisa daftar,Negatif,Negatif,92.5,7.4,92.5,Sesuai
3665,Achmad Kahfi,1,2026-08-17,BARU MAU MINTA KODE OTP SMS AJA UDAH DI PERSULIT. NUNGGU OTP SMS SAMPAI 3 MENIT DI TINGGAL BERAK DULU JUGA MASI KEBURU. APLIKASI BOBROK ANGGARAN DOANG GEDE. BIKIN APLIKASI GINI AJA GA NIAT BANGET. PALING SENENG KALO BIKIN RAKYAT NYA SULIT. REAL FAKTA,Negatif,Negatif,99.2,0.7,99.2,Sesuai
3666,Chelsea Aulia,5,2026-08-17,bagus,Positif,Positif,98.2,98.2,1.7,Sesuai
3667,BuGuru Yolen,1,2026-08-17,"verifikasi wajah bapak saya gagal terus😭 kasian bapak saya padahal kondisinya sudah lansia, verifikasi wajah aplikasi bermasalah!!",Negatif,Negatif,90.9,7.8,90.9,Sesuai
3668,Ida Farida,1,2026-08-17,Kenapa sekarang apknya hanya bisa di versi android terbaru? Bagaimana jika masyarakat yang hanya memiliki HP jadul? sedangkan untuk berobat wajib pakai JKN.. tolong pak jangan mempersulit masyarakat kurang mampu pak.,Negatif,Negatif,85.5,13.1,85.5,Sesuai
3669,elsarowing,5,2026-08-17,sangat membantu,Positif,Positif,99.7,99.7,0.3,Sesuai
3670,rosy 43,1,2026-08-17,kode otp tidak di kirim,Negatif,Negatif,97.7,2.1,97.7,Sesuai
3671,Misya Anggraini,5,2026-08-17,kok gak bisa di downlod,Positif,Negatif,56.9,42.2,56.9,🚨 Bintang 4-5 tapi Prediksi ML Negatif (Taktik Komplain)
3672,Teslafist,5,2026-08-17,nice app👍,Positif,Positif,92,92,6.8,Sesuai
3673,Edi Junaedi,5,2026-08-17,ok,Positif,Positif,51.5,51.5,45.6,Sesuai
3674,Akhuyaa,1,2026-08-17,"tolong dong di perbaiki bug nya saya mau daftar no hp tapi pas di verifikasi gk bisa,,layar nya tiba2 putih semua TOLONG DONG DI PERBAIKI",Negatif,Negatif,92.5,7.2,92.5,Sesuai
3675,Tya Chinthya,5,2026-08-17,mantap,Positif,Positif,99.2,99.2,0.7,Sesuai
3676,Fira Budi,5,2026-08-17,pelayanannya bagus,Positif,Positif,97.9,97.9,1.9,Sesuai
3677,Krisna Saputra,5,2026-08-17,dengan aplikasi mobil jkn memudahkan segalanya untuk periksa,Positif,Positif,97,97,2.6,Sesuai
3678,Untung Surojo,5,2026-08-16,kami senantiasa dilayani dengan baik dan tuntas.,Positif,Positif,91.8,91.8,7.7,Sesuai
3679,retno wahyuningsih,5,2026-08-16,lancar untuk pendaftaran dan cek kesehatan,Positif,Positif,83.3,83.3,16.3,Sesuai
3680,Arifatus sa'diyah,5,2026-08-16,Aplikasinya sdh bagus mohon d tingkatkan lagi,Positif,Positif,92.5,92.5,6.8,Sesuai
3681,Riskatunnisa 118,2,2026-08-16,"applikasinya error-an bukannya diciptakan applikasi itu mempermudah orang orang dlm urusan ya? Masa saya sudah bayar, masih ada notif belum bayar sih 👊 terpaksa harus kekantor BPJS lg buat konfirmasi dan ngurusin pembayaran, kalo harus kekantor BPJS lg mending gausah diciptakan applikasi kalo gtuu ujung ujungnya harus gerak kekantor juga 😑",Negatif,Negatif,78.8,19.5,78.8,Sesuai
3682,Mustika Agustini,5,2026-08-16,alpikasi mudah,Positif,Positif,92.5,92.5,7.3,Sesuai
3683,Alii Saifullah,5,2026-08-16,jos,Positif,Positif,93.8,93.8,5.8,Sesuai
3684,Agus Kunaryadi,5,2026-08-16,jangan memberi pelayanan yg nyaman,Positif,Positif,85.5,85.5,13,Sesuai
3685,Risbun Manurung,1,2026-08-16,njirr,Negatif,Positif,51.5,51.5,45.6,💡 Bintang 1-2 tapi Prediksi ML Positif (Pujian / Salah Klik)
3686,Icha mell,1,2026-08-16,"Biasa nya tgl berapa aja bisa ambil antrian, sekarang dipersulit sudah tidak bisa, ambil atrian sesuai jadwal kunjungan. Tidak semua org bisa hadir ditanggal kunjungan yg telah dijadwalkan, kdg ditanggal tsb orang berhalangan hadir sehingga diharuskan ganti jadwal. Bener² kecewa sih",Negatif,Negatif,91.1,8.1,91.1,Sesuai
3687,Desta Nyoll,1,2026-08-16,aplikasi pemerintah pasti banyak gagalnya,Negatif,Negatif,84.3,14.7,84.3,Sesuai
3688,Yoga Ikbar,1,2026-08-16,burukk,Negatif,Negatif,60.4,36.4,60.4,Sesuai
3689,nurul Fikri,5,2026-08-16,Aplikasi sangat membantu dan mempermudah,Positif,Positif,99.7,99.7,0.3,Sesuai
3690,utaryo leksono,5,2026-08-16,BPJS kesehatan sangat baik dan profesional,Positif,Positif,97.2,97.2,2.5,Sesuai
3691,mpii vanessa,5,2026-08-16,responya cukup baik,Positif,Positif,93.2,93.2,6.4,Sesuai
3692,Muhammad Ilham,1,2026-08-16,aplikasi ini makin buruk hanya support android 10 sedangkan nenek saya android 9 gak bisa pakai aplikasi ini lagi sangat mengecewakan cuih,Negatif,Negatif,90.7,8.6,90.7,Sesuai
3693,Fila Ramadhan,3,2026-08-16,"icon dalam aplikasi nya terlalu rame, kurang fresh",Netral,Negatif,66.2,30.8,66.2,Sesuai
3694,Hermawan Atul,5,2026-08-16,mudah di gunakan,Positif,Positif,90.8,90.8,9.2,Sesuai
3695,a na,1,2026-08-16,"setiap mau daftarin nomor hp gagal terus keterangannya ""permintaan belum bisa diproses, tunggu beberapa saat"" tapi giliran dicoba lagi tetep gabisaa, gimana ini tolong diperbaiki aplikasinya, lagi urgent banget malah gabisa masuk padahal udah bayar BPJS tiap bulan",Negatif,Negatif,97.1,2.4,97.1,Sesuai
3696,faisal jack,5,2026-08-16,"is very good, i like it",Positif,Positif,93.5,93.5,5.7,Sesuai
3697,Dwi Aryanto,3,2026-08-16,Emang ada ya yang mau nipu ke faskes... sampai² mau login aja susah...,Netral,Negatif,93.7,5.8,93.7,Sesuai
3698,Mulyadi Muchtar,5,2026-08-16,pelayana lbh cepat dngn jkn mobille tdk bikin ribed,Positif,Positif,58.7,58.7,40.7,Sesuai
3699,mugia cbs channel,5,2026-08-16,sangat membantu,Positif,Positif,99.7,99.7,0.3,Sesuai
3700,Albyazka W.,5,2026-08-16,bagus,Positif,Positif,98.2,98.2,1.7,Sesuai
3701,Asrul Gunawan,1,2026-08-16,sms verifikasi gk masuk masuk,Negatif,Negatif,95.1,4.7,95.1,Sesuai
3702,Sri Mitria Ningsih,5,2026-08-16,sangat membantu pengguna fasilitas kesehatan,Positif,Positif,96.9,96.9,3,Sesuai
3703,Finna Ramadhona,1,2026-08-16,"saat mau bikin surat rujukan gagal terus,karena tulisan jaringan,padahal pakai wifi",Negatif,Negatif,85.8,13.2,85.8,Sesuai
3704,Zhulfikar Alhanan,5,2026-08-16,tidak Ribet Dalam Pengurusan Lagi,Negatif,Negatif,86.3,13,86.3,🚨 Bintang 4-5 tapi Prediksi ML Negatif (Taktik Komplain)
3705,Arya Zakaria,1,2026-08-16,"minimal sediakan server yg luas lah, bikin apk bisa nyediain server gk bisa berhari-hari gw coba daftar yg keluar gangguan server mulu",Negatif,Negatif,89.1,10.3,89.1,Sesuai
3706,yanie fadlian,3,2026-08-16,"aneh... gak bs download aplikasi jkn mobile, keterangan ny perangkat anda tidak kompatibel... emg hrs hp yg bagus doank ya yg bisa download, klo butuh aplikasi ny buat berobat gmn donk?",Netral,Negatif,81.9,16.2,81.9,Sesuai
3707,Ade Achdiyat,5,2026-08-16,"Tanggapan pengaduan cepat, tapi tidak tahu kalo tindakan ke paskes nya.",Positif,Positif,85.8,85.8,13,Sesuai
3708,Simon Meyer,5,2026-08-16,bagus,Positif,Positif,98.2,98.2,1.7,Sesuai
3709,Haes Putry,1,2026-08-16,"aplikasi paling ribet, tiap buka aplikasi harus login ulang, padahal sebelumnya udah aktifin login biometrik, tapi pas buka aplikasi lagi malah gak bisa, kembali lagi ke settingan awa. ampun daaaahhl",Negatif,Negatif,97.2,2.3,97.2,Sesuai
3710,iin nurhasanah,5,2026-08-16,pelayanan nya bagus dan sesuai,Positif,Positif,98.7,98.7,1.2,Sesuai
3711,hesti juwita,1,2026-08-16,versi baru tidak semua hp bisa. harus orang kaya yang hpnya bagus yang bisa pakai? versi yang dulu lebih enak. sekarang mau login susahnya minta ampun!,Negatif,Negatif,91.9,7.3,91.9,Sesuai
3712,Alfandri Wahyugie,5,2026-08-16,simple,Positif,Positif,83.3,83.3,15.7,Sesuai
3713,Ikhsan Heriyanto,5,2026-08-16,ok,Positif,Positif,51.5,51.5,45.6,Sesuai
3714,Kanzania Adiba,5,2026-08-16,trimakasih ya alloh ini sangat membantu bgt d keluargaku yg srba kurang anaku juga bnyk trimakasih admin dn smua kru jkn smoga kita smua slalu dlm lindungn alloh dn slalu d bri kesehatan amin,Positif,Positif,95.1,95.1,4.2,Sesuai
3715,Angga Thomas,1,2026-08-16,lahh ini sy mau ngambil antrian online malah gak bisa masuk2. katnya nomot sy sdh terdaftar. trs gmn sy mau ambil antrian onlinensy...sialan banget ribetttjadi nya,Negatif,Negatif,90.6,8.8,90.6,Sesuai
3716,siti ridloatul ulum,5,2026-08-16,bagua,Positif,Positif,81.9,81.9,16,Sesuai
3717,Natun Ony,5,2026-08-16,bagus dan cepat,Positif,Positif,99.6,99.6,0.4,Sesuai
3718,Bambang Agus Rianto,5,2026-08-16,mudah dimengerti,Positif,Positif,87.9,87.9,11.2,Sesuai
3719,Hafiz Nuraziz,1,2026-08-16,"Pulsa ada dan cukup, kemudian paket data reguler ada tetapi OTP susah masuk saat registrasi/daftar. Tolong ini banyak keluhan tentang OTP tapi kenapa belum diselesaikan masalahnya",Negatif,Negatif,88.7,10.2,88.7,Sesuai
3720,Ultra Man,5,2026-08-16,bagus,Positif,Positif,98.2,98.2,1.7,Sesuai
3721,Silvia Desy Andriani,1,2026-08-16,captha nya gak bisa keluar,Negatif,Negatif,91.3,8,91.3,Sesuai
3722,Ario Seto16 channel,5,2026-08-16,mempermudah masyarakat,Positif,Positif,86,86,13.6,Sesuai
3723,hery rizki,1,2026-08-16,busuk setelah update,Negatif,Negatif,76.5,21.7,76.5,Sesuai
3724,Rahnia Handiarti,1,2026-08-16,"lag parah, gua udh hapus ruang penyimpanan masih lag, emang dari sananya kah, hp gua sampe restart ulang saking lag nya sumpah, ini yang buat apk siapa sih",Negatif,Negatif,90.7,6.9,90.7,Sesuai
3725,Tiko Lius,5,2026-08-16,"saya baru menggunakan aplikasi ini ,untuk memudahkan saya berobat ke rsu ,terutama mengambil antrian online ,BPJS supaya tidak lama mengantri ke rsu kalau lagi bayak pasien jadi kita datang ke rsu sesuai jam dan hari yang sudah di tentukan untuk berobat",Positif,Positif,64.3,64.3,35.4,Sesuai
3726,anisa f,1,2026-08-16,ga bisa kirim otp sms aneh,Negatif,Negatif,96.6,3.1,96.6,Sesuai
3727,Nidi Nada,1,2026-08-16,"sistem belum mampu menjawab kebutuhan masyarakat. data sudah sesuai tapi nomor telepon dan email tidak sesuai. padahal email yang didaftar itu2 juga. banyak keluhan, tapi belum ada respon perbaikan. harus peserta antri panjang, sementara daftar online tidak berfungsi.",Negatif,Negatif,78,21.3,78,Sesuai
3728,Riduan Achmad,5,2026-08-16,bagus,Positif,Positif,98.2,98.2,1.7,Sesuai
3729,CIVREZ z,5,2026-08-16,"mantap bisa mempermudah gak harus pergi2,bisa langsung jadi",Positif,Positif,89.6,89.6,9.9,Sesuai
3730,Jane Rarum,4,2026-08-16,tiap mau login sllu slah pass pdhal passnya ga pernh ganti knpa y,Positif,Negatif,65.8,32.6,65.8,🚨 Bintang 4-5 tapi Prediksi ML Negatif (Taktik Komplain)
3731,YyHD Lucky,5,2026-08-16,bagus,Positif,Positif,98.2,98.2,1.7,Sesuai
3732,Amru Septiawan_17,5,2026-08-16,"alhamdulillah, bagus sekalii 🤩🤩🤩👍",Positif,Positif,98.8,98.8,1.1,Sesuai
3733,Haerul Alwahid,5,2026-08-16,"sangat membantu,praktis",Positif,Positif,99.4,99.4,0.6,Sesuai
3734,PAPA HITZ,5,2026-08-16,asli enak bisa merubah data faskes melalui 1 gemgaman,Positif,Positif,79.5,79.5,19.5,Sesuai
3735,Sofyan Efendi,5,2026-08-16,Good!,Positif,Positif,98.5,98.5,1.3,Sesuai
3736,Farihzal,1,2026-08-16,aplikasinya mempersulit masyarakat,Negatif,Negatif,76.3,22.6,76.3,Sesuai
3737,Saf rudin,5,2026-08-16,Bagus dan sederhana,Positif,Positif,96.4,96.4,3.2,Sesuai
3738,Asep Garlida Suryaman,5,2026-08-15,kenapa aplikasi mobiile jkn tidak bisa dibuka,Positif,Negatif,67.7,31.8,67.7,🚨 Bintang 4-5 tapi Prediksi ML Negatif (Taktik Komplain)
3739,Rizal error,3,2026-08-15,ada kendala apa udah dua hari gangguan pahal sinyal banyak tapi offline mulu kak 😫,Netral,Negatif,78.8,17.5,78.8,Sesuai
3740,Moch furqonal87,2,2026-08-15,"Ga tau harus bilang apa ? Mungkin udh jamannya Hp, Orang yg harus cepat ditindak lanjuti / awam yg gaptek.. Tertunda gara"" Apk JKN,. Iya klo Peserta itu ada Kuota / Pulsa di hpnya..? Maaf ya bisa dibilang mempercepat rakyat yg sakit ke Binasaan secara perlahan,.",Negatif,Negatif,79.4,19.5,79.4,Sesuai
3741,Bang Ndun,5,2026-08-15,mengapa saya tidak bisa mendownload apk ini lagi,Positif,Negatif,66.3,32.5,66.3,🚨 Bintang 4-5 tapi Prediksi ML Negatif (Taktik Komplain)
3742,SYARIFUDDIN,5,2026-08-15,mantap pisan,Positif,Positif,97.7,97.7,2.1,Sesuai
3743,Nano rachman,3,2026-08-15,tolong di perbaiki lagi setiap mau masuk susah.,Netral,Negatif,85.9,12.6,85.9,Sesuai
3744,sunarto 82,5,2026-08-15,ok bagus bermanfaat,Positif,Positif,98.2,98.2,1.6,Sesuai
3745,ManadoKu Bastian,5,2026-08-15,💯,Positif,Positif,51.5,51.5,45.6,Sesuai
3746,Wit Margo,5,2026-08-15,daftar gampang tidak di persulit,Positif,Negatif,75,24.6,75,🚨 Bintang 4-5 tapi Prediksi ML Negatif (Taktik Komplain)
3747,Marifatul Islamiah,5,2026-08-15,terimakasih,Positif,Positif,92.5,92.5,7,Sesuai
3748,laksana bisma Wisesa,5,2026-08-15,samgat membantu,Positif,Positif,97.6,97.6,2.3,Sesuai
3749,Setia Budi Budi,5,2026-08-15,sangat membantu,Positif,Positif,99.7,99.7,0.3,Sesuai
3750,Sri hastuti,1,2026-08-15,masa gk bisa dipake disemua versi,Negatif,Negatif,92.3,7.2,92.3,Sesuai
3751,Yanto Dian,5,2026-08-15,bagus,Positif,Positif,98.2,98.2,1.7,Sesuai
3752,Yanthie,5,2026-08-15,sangat Berguna,Positif,Positif,92.9,92.9,6.7,Sesuai
3753,Wanto 83,5,2026-08-15,mantap,Positif,Positif,99.2,99.2,0.7,Sesuai
3754,Muhammad Hadi,5,2026-08-15,good,Positif,Positif,98.5,98.5,1.3,Sesuai
3755,badroll city 17 channel,1,2026-08-15,kenapa mau daptar gk bisa erol trus,Negatif,Negatif,82.2,16.5,82.2,Sesuai
3756,Hanna Anisa,5,2026-08-15,memudahkan tentang mendaftar BPJS,Positif,Positif,78.8,78.8,20.1,Sesuai
3757,Suci Rahmawati,1,2026-08-15,"Apk yg katanya buat mempermudah masyarakat nyatanya buat daftar aja error mulu. perbaiki lagi layanan sms ke nomer hp nya, udah dicoba berkali2 gagal terus!",Negatif,Negatif,91.2,8.4,91.2,Sesuai
3758,Tasya Labibah,1,2026-08-15,"gimana sih, padahal no baru, setiap di coba ulang gagal terus 😔😔😔😔😔😔😔😔😔😔😔😔😔😔😔😔😔😔😔😔😔😔😔😔😔😔😔😔😔😔😔😔😔 disuruh ulangi terus hufg",Negatif,Negatif,94.7,4.7,94.7,Sesuai
3759,Oppo Oppo,5,2026-08-15,saya sangat suka dgn adanya mobile jkn,Positif,Positif,89.6,89.6,9.6,Sesuai
3760,Dwi Astari,5,2026-08-15,ok,Positif,Positif,51.5,51.5,45.6,Sesuai
3761,Wajah Perwira,5,2026-08-15,nice memudahkan proses administrasi,Positif,Positif,93.9,93.9,5.7,Sesuai
3762,Dena Kartika Mawangi,5,2026-08-15,Pelayanan dan aplikasi muda digunakan,Positif,Positif,90,90,9,Sesuai
3763,Tunas Muda,5,2026-08-15,"tuk sementara oc, oc aja tp kedepan blm tau",Positif,Positif,60,60,38.7,Sesuai
3764,Kang Bruds,5,2026-08-15,Aplikasi ini sangat membantu,Positif,Positif,98.7,98.7,1.2,Sesuai
3765,Calief,5,2026-08-15,ok,Positif,Positif,51.5,51.5,45.6,Sesuai
3766,Tasha Dwi lestari,5,2026-08-15,ok,Positif,Positif,51.5,51.5,45.6,Sesuai
3767,Putra satria Kelana,5,2026-08-15,trimksih,Positif,Positif,51.5,51.5,45.6,Sesuai
3768,Anisa Baturaja,5,2026-08-15,Bagus.. biarlah bintang yang bicara,Positif,Positif,91.5,91.5,7.5,Sesuai
3769,Meirisa Liana,5,2026-08-15,sangat mempermudah,Positif,Positif,98.4,98.4,1.5,Sesuai
3770,Bu Putt,1,2026-08-15,GA BISA MASUK APLIKASI PEMERINTAH DODOL,Negatif,Negatif,96.7,3.2,96.7,Sesuai
3771,Ardiansyah Saputra,5,2026-08-15,mantappp jkn lebih permudah,Positif,Positif,99,99,0.9,Sesuai
3772,Ito Karanganyar,1,2026-08-15,setelah ada update aplikasi nya tidak bisa di pake lagi tolong dong jangan mempersulit tidak semua orang punya hp bagus,Negatif,Negatif,88.9,10.5,88.9,Sesuai
3773,Nauval M.A,2,2026-08-15,"kok stak di nomor tlpn ya pas pendaftaran, padahal pulsa ada tapi gak bisa",Negatif,Negatif,92.3,7.2,92.3,Sesuai
3774,m. solihin,5,2026-08-15,"aplikasi mudah digunakan sangat membantu, banyak fitur yang bisa dilakukan tanpa harus datang ke kantor BPJS",Positif,Positif,96.1,96.1,3.8,Sesuai
3775,arnold jehatu,5,2026-08-15,mantap terimaksih,Positif,Positif,95.9,95.9,3.6,Sesuai
3776,HIE SIN AN,5,2026-08-15,hebatlah !,Positif,Positif,78.2,78.2,19.2,Sesuai
3777,Muslich Hidayat,5,2026-08-15,bagus,Positif,Positif,98.2,98.2,1.7,Sesuai
3778,Tuti Aryati,2,2026-08-15,"kurang praktis,pas mau daftar giliran kamera gak masuk2 aneh,gak bisa ambil foto,bikin lebih simpel aja sih",Negatif,Negatif,88.3,11,88.3,Sesuai
3779,Ferr,5,2026-08-15,sangat bermanfaat,Positif,Positif,98.7,98.7,1.2,Sesuai
3780,Muhammad Wandi Saputra,1,2026-08-15,"ribet aman mau verifikasi lewat mana pun juga, dipersulittttttt",Negatif,Negatif,91.8,7.7,91.8,Sesuai
3781,Syifa Izayani,3,2026-08-15,jaringan ada kuota ada tpi kode otp ga masuk masuk aneh?,Negatif,Negatif,96.8,3,96.8,Sesuai
3782,Jusman Sandy87,5,2026-08-15,Masya Allah Mobile JKN Sangat sangat membantu terimakasih Sukses selalu untuk Mobile JKN 🤲🏻🙏🏻🥰❤️🎉🎉🎉🎉,Positif,Positif,98.7,98.7,1.1,Sesuai
3783,Shinta Levia,1,2026-08-15,"BPJS SISTEM DIGITAL MALAH SISTEMNYA AMBURADUL.. PENDAFTARAN, CEK FAS DAN LOKASI RS ,ANTRIAN,DLL SEMUA MELALUI JKN MOBILE. TAPI DISAYANGKAN APLIKASI TIDAK USER FRIENDLY, PERANGKAT TIDAK KOMPATIBLE LAHH.....DAN BLA BLA BLA BLA... PARAAHHHH",Negatif,Negatif,79,19.6,79,Sesuai
3784,Hasna Wati Has,5,2026-08-15,baik,Positif,Positif,81,81,18.5,Sesuai
3785,Nyoman Sutama,5,2026-08-15,Bagus dan lancar sekali!,Positif,Positif,98.2,98.2,1.6,Sesuai
3786,Syarif Hidayatullah,1,2026-08-15,ga bisa download,Negatif,Negatif,77.6,21.8,77.6,Sesuai
3787,Syavera Astika,5,2026-08-15,apk sangat membantu bagus sekali fiturnya juga cepat,Positif,Positif,99.4,99.4,0.5,Sesuai
3788,gania salon,5,2026-08-15,ok,Positif,Positif,51.5,51.5,45.6,Sesuai
3789,niken tiyas,1,2026-08-15,"tolong di perbaiki untuk yang baru daftar tidak masuk masuk kode otp nya!! verifikasi wajah juga eror, udah ganti nomor telp semua aktif tetap tidak dapat kode otp sedangkan semua di suruh ambil antrian online tolong di perbaiki saya tidak bisa menggunakan aplikasi sangat sulit !!",Negatif,Negatif,98.6,1.3,98.6,Sesuai
3790,Binioon,1,2026-08-15,aplikasi ga jelas..selalu eror..padahal waktu di jam kerja dan koneksi kencang wifi tapi selalu eror gmn mau melakukan pembayaran atau cek status,Negatif,Negatif,90,9.6,90,Sesuai
3791,Nilam Batari,1,2026-08-15,"aplikasinya kenapa ngga bisa ngirim kode verifikasi buat nomer hp ya, awalnya kukira yang salah nomer hp saya, entah ngga punya pulsa apa gimana, tapi setelah isi pulsa sama aja, saya sampe ganti nomer (beli perdana baru) tapi masih aja tetep ngga bisa, tolong bantuannya dong",Negatif,Negatif,98,1.7,98,Sesuai
3792,Kalcer Garage,1,2026-08-15,buruk,Negatif,Negatif,94.1,5.5,94.1,Sesuai
3793,Tonny Aja,5,2026-08-15,mantap,Positif,Positif,99.2,99.2,0.7,Sesuai
3794,KHAERUNNISA,1,2026-08-15,"ga bisa daftar, kode otp ngga muncul muncul udh coba beberapa kali tapi tetap ngga bisa",Negatif,Negatif,97.3,2.5,97.3,Sesuai
3795,Iskandarsyah Ramdani,5,2026-08-15,good luck,Positif,Positif,95.4,95.4,3.8,Sesuai
3796,Diky Hermawan,1,2026-08-15,"PARAH, NAGIH DOANG YANG DI UTAMAIN TAPI PELAYANAN BURUK. masa pembayaran saya gak terbaca??? pantas saja statusnya di aplikasi gak berubah berubah. saya di suruh ke kantor cabang buat beresin. yaelah nyusahin bae. kirain lewat aplikasi pembayaran langsung masuk, gak taunya gak kebaca. respon nih keluhan saya, jangan nagih doang bisanya",Negatif,Negatif,92.3,7.4,92.3,Sesuai
3797,Sya Sha,3,2026-08-15,hub.cs terputus putus terus🙈,Netral,Positif,49.1,49.1,41.7,Sesuai
3798,Grace Yordani Ulag,5,2026-08-15,layanan mantap,Positif,Positif,98,98,1.8,Sesuai
3799,Belfa Lala,5,2026-08-15,josss,Positif,Positif,93.8,93.8,5.8,Sesuai
3800,Firdaus Brajamusti,1,2026-08-15,"aplikasi nya tolol, buat verifikasi harus ngirim otp, per otp nya harus nunggu 5 menit baru bsa ngirim otp lagi, ngabisin waktu doang developer nya tolol, sok sok an ketat padahal celah nya banyak",Negatif,Negatif,94.3,5.1,94.3,Sesuai
3801,Ayu Nugraheni,5,2026-08-15,membantu,Positif,Positif,97.6,97.6,2.3,Sesuai
3802,Wawan Setiady S,5,2026-08-15,Sangat Terbantu dengan adanya JKN semoga lebih di tingkatkan lagi fasilitas dan manfaatnya demi kemudahan,Positif,Positif,99.5,99.5,0.4,Sesuai
3803,Teddy Amanda Halim,5,2026-08-15,mantap,Positif,Positif,99.2,99.2,0.7,Sesuai
3804,Heru bekti Santosa,5,2026-08-15,good,Positif,Positif,98.5,98.5,1.3,Sesuai
3805,Ade Heru M Arifin,1,2026-08-15,kenapa sih aplikasi gk bs d pake setiap mau ambil antrian gk bs ktya tidak d izinkan gmna sih,Negatif,Negatif,92.6,7,92.6,Sesuai
3806,M. Reyhan,3,2026-08-15,harusnya verivikasi wajah jangan d persulit atau d tiadakan,Netral,Negatif,90.9,8.1,90.9,Sesuai
3807,muara siregar,5,2026-08-15,sangat mudah di mengerti,Positif,Positif,95.7,95.7,4,Sesuai
3808,Risma Heriaman,5,2026-08-15,bagus dan sangat membantu,Positif,Positif,99.9,99.9,0.1,Sesuai
3809,Imelda Prayitno,5,2026-08-15,bagus pelayanan x,Positif,Positif,97,97,2.8,Sesuai
3810,gavi,1,2026-08-15,aplikasi gak niat..gajelas,Negatif,Negatif,96.4,3.3,96.4,Sesuai
3811,Sandi Kecik,5,2026-08-15,Aplikasi sangat membantu.. pelayanannya cepat dan akurat..top dah,Positif,Positif,99.8,99.8,0.2,Sesuai
3812,WIDIYANTO WIDIYANTO,5,2026-08-15,puas,Positif,Positif,95.4,95.4,4.2,Sesuai
3813,Yashinta Pangestu,1,2026-08-15,"lemotnya parah, kenapa ya apk dari pemerintahan tu busuk semua",Negatif,Negatif,91.3,7.9,91.3,Sesuai
3814,Sri Purwono,3,2026-08-15,kdng kalo daftar suka susah,Netral,Negatif,51.3,44,51.3,Sesuai
3815,Nanan 234,5,2026-08-15,sangat membantu,Positif,Positif,99.7,99.7,0.3,Sesuai
3816,varinime,1,2026-08-15,gak bisa dibuka,Negatif,Negatif,79.5,20.2,79.5,Sesuai
3817,Nina Herlina,5,2026-08-15,Mudah dalam penggunaan nya,Positif,Positif,93.6,93.6,6,Sesuai
3818,malaz,1,2026-08-15,"mohon diperbaiki aplikasinya tiap foto wajah gagal terus padahal jaringan lancar, tiap login juga gagal gagal hadeh",Positif,Negatif,61.7,37.4,61.7,Sesuai
3819,ahmad zaini,5,2026-08-15,memudahkan saya dalam merubah data,Positif,Positif,91.3,91.3,8,Sesuai
3820,Anime Lover,1,2026-08-15,tidak bisa login aneh,Negatif,Negatif,97.5,2.4,97.5,Sesuai
3821,sari rusfa,5,2026-08-15,the best,Positif,Positif,97.2,97.2,2.3,Sesuai
3822,dudung Abdul majid,5,2026-08-15,bagus semakin mudah pelayanan nyaaa,Positif,Positif,98.2,98.2,1.7,Sesuai
3823,Astriekamal,3,2026-08-15,"Agak Ribet, Tolong lah jangan dibikin Ribet",Negatif,Negatif,90.8,8.2,90.8,Sesuai
3824,Susi Wiharti,1,2026-08-15,aplikasinya bikin orang emosi,Negatif,Negatif,83.7,14.7,83.7,Sesuai
3825,Cecep Gorbacef,4,2026-08-15,sangat membantu lebih cepet dan efektif,Positif,Positif,96.2,96.2,3.5,Sesuai
3826,RR Malau,1,2026-08-15,mengapa hilang di play store,Negatif,Positif,59.2,59.2,38.2,💡 Bintang 1-2 tapi Prediksi ML Positif (Pujian / Salah Klik)
3827,Bapak Jepara,5,2026-08-15,jos,Positif,Positif,93.8,93.8,5.8,Sesuai
3828,Zulfan Yusuf,5,2026-08-15,Bagus,Positif,Positif,98.2,98.2,1.7,Sesuai
3829,linda rohyani,1,2026-08-15,"logout sendiri, setiap mau login lagi selalu loading, captcha tidak mau muncul, padahal signal lancar, wifi aman",Negatif,Negatif,89,10.4,89,Sesuai
3830,Fatorahman Saadu,1,2026-08-14,"tolong di perbaiki user experience sangat kacau, aplikasi sangat lambat, banyak bug, anak magang yang buat ya?",Negatif,Negatif,87.6,11.7,87.6,Sesuai
3831,Muhamad Alifun,1,2026-08-14,aplikasi apa ini cuman bisa buat bpjs capek ngantri jembut,Negatif,Negatif,92.2,7.2,92.2,Sesuai
3832,Herman Minggu,5,2026-08-14,sering tdk bisa terhubung dgn server RS,Positif,Negatif,53.1,45.5,53.1,🚨 Bintang 4-5 tapi Prediksi ML Negatif (Taktik Komplain)
3833,Muhamad Cepi Ramdani (CurenMarvel),5,2026-08-14,Bagus,Positif,Positif,98.2,98.2,1.7,Sesuai
3834,Mulloh saeful,5,2026-08-14,ok,Positif,Positif,51.5,51.5,45.6,Sesuai
3835,Jonj Poc,5,2026-08-14,mudah dipakai,Positif,Positif,84.3,84.3,15.1,Sesuai
3836,Rizka Azhari,1,2026-08-14,tolong dong admin buruk banget ni aplikasi nya udah berhari hari down ngak bisa mau cek in ngak bisa. di hapus lalu di download baru malah capcah nya ngak keluar keluar kacau ni orang mau berobat sangat terhambat,Negatif,Negatif,95,4.8,95,Sesuai
3837,Soim Soim,5,2026-08-14,sangat membantukepada masarakat yang tidak mampu,Positif,Negatif,57.4,40.4,57.4,🚨 Bintang 4-5 tapi Prediksi ML Negatif (Taktik Komplain)
3838,Maswid 4d,5,2026-08-14,mantab,Positif,Positif,99.2,99.2,0.7,Sesuai
3839,Bin Sahlan Bardan,3,2026-08-14,sangat membantu,Positif,Positif,99.7,99.7,0.3,Sesuai
3840,nita ramdhania,5,2026-08-14,"sangat mudah untuk merubah data diri peserta,mksh sukses sll",Positif,Positif,98.1,98.1,1.6,Sesuai
3841,Kakyoin Noriaki,1,2026-08-14,aplikasi dongo minta kode otp ga dikirim kirim dongoooo,Negatif,Negatif,96.7,2.8,96.7,Sesuai
3842,Siti Papat,2,2026-08-14,"kak tolong perbaiki apk ny dong, kenapa di hp ku gak bisa instal atau di update",Negatif,Negatif,83.4,15.4,83.4,Sesuai
3843,zakaria hendra,1,2026-08-14,Aplikasi mempersulit hidup..sudah dilakukan perubahan data email & nomor telpon tetap gak bisa masuk tetap terbaca nomor telpon & email yang lama,Negatif,Negatif,88.5,10.8,88.5,Sesuai
3844,Ifa Rifa,1,2026-08-14,apk mempersulit TDK bisa login,Negatif,Negatif,96,3.8,96,Sesuai
3845,Chika Alvian,5,2026-08-14,bagus mantap,Positif,Positif,99.8,99.8,0.2,Sesuai
3846,Deni Albar,5,2026-08-14,sangat membantu,Positif,Positif,99.7,99.7,0.3,Sesuai
3847,Wasis Setiono,1,2026-08-14,layanan terburuk yang pernah diciptakan.,Negatif,Negatif,83.4,15.4,83.4,Sesuai
3848,Mas Maman,5,2026-08-14,untuk developer mohon untuk di sediakan menu reset password ATW mode lain untuk log in..saya mau lo in menggunakan NIK saya sendiri lupa paswordnya..dan sampai sekarang belum bisa melihat kelas BPJS saya..apakah sudah terdaftar di dalam satu KK ataw saya sendiri..,Positif,Negatif,78.3,19.8,78.3,🚨 Bintang 4-5 tapi Prediksi ML Negatif (Taktik Komplain)
3849,fhiand USA,1,2026-08-14,aplikasi tulul yang bikin GK sekalah,Negatif,Negatif,80.5,18.2,80.5,Sesuai
3850,nggothings,1,2026-08-14,"TIDAK BISA MENDAFTAR ONLINE, KETERANGANNYA NO REKAM MEDIS TIDAJ TERDAFTAR PADAHAL SAYA SUDAH TERDAFTAR. TOLONG DIPERBAIKI SECEPATNYA",Negatif,Negatif,86.6,13.1,86.6,Sesuai
3851,Kaito,1,2026-08-14,kode otp ga masuk masuk padahal udah nunggu lama,Negatif,Negatif,99,1,99,Sesuai
3852,raden rasyid,5,2026-08-14,sangat membantu,Positif,Positif,99.7,99.7,0.3,Sesuai
3853,Aditya Dwi Rahman,1,2026-08-14,"tidak bisa dpakai daftar faskes pertama walau masih ada antrian dengan alasan sudah mencapai batas maksimal. percuma tiap bulan dpotong gaji klo tidak bisa dipakai, sedangkanpndaftaran offline full terus",Negatif,Negatif,89.6,9.5,89.6,Sesuai
3854,Lisna Affy,1,2026-08-14,terlalu ribet.. mending pake kartu lagi daftar gagal terus padahal internet lancar,Negatif,Negatif,88.2,11.3,88.2,Sesuai
3855,Leny Selvianti,5,2026-08-14,bermanfaat,Positif,Positif,96.3,96.3,3.4,Sesuai
3856,Ita Rosita,5,2026-08-14,mudah dgunakan,Positif,Positif,92.5,92.5,7.3,Sesuai
3857,Nanik Faujiyanti,5,2026-08-14,bagus,Positif,Positif,98.2,98.2,1.7,Sesuai
3858,Noer Haetun,5,2026-08-14,bagis,Positif,Positif,51.5,51.5,45.6,Sesuai
3859,Sky agent,5,2026-08-14,Good,Positif,Positif,98.5,98.5,1.3,Sesuai
3860,Neneng Ariani,5,2026-08-14,oke,Positif,Positif,97.4,97.4,2.4,Sesuai
3861,MD chenel,5,2026-08-14,best pokokx dahh.... daftarin lewat aplikasi /online,Positif,Positif,75.4,75.4,23.5,Sesuai
3862,Citra Niaga Celebes,5,2026-08-14,Semoga semua smakin dipermudah,Positif,Positif,93,93,6.9,Sesuai
3863,arjuna khatulistiwa,5,2026-08-14,mantap,Positif,Positif,99.2,99.2,0.7,Sesuai
3864,Abida Cantik,1,2026-08-14,terlalu rumit untuk wajah. kayak di buat susah. pendaftaranya,Negatif,Negatif,94.1,5.3,94.1,Sesuai
3865,Arofi ali Maskur,5,2026-08-14,bagus,Positif,Positif,98.2,98.2,1.7,Sesuai
3866,unik Betha,1,2026-08-14,Ya Allah tolong aplikasinya susah bgt masuk tolong kupasrahkan padaMu ya Allah,Negatif,Negatif,85.1,13.5,85.1,Sesuai
3867,Andrie Darajat,5,2026-08-14,"mantap, mudah dan sangat membantu",Positif,Positif,99.9,99.9,0.1,Sesuai
3868,Indah Yuli Marjati,1,2026-08-14,"aplikasinya sangat jelek sekali. susah sekali proses loginnya. setelah bisa masuk, mau ambil antrean muncul notif belum dapat diproses, gitu terus berulang-ulang.",Negatif,Negatif,92,7.7,92,Sesuai
3869,Gaming Newbie,1,2026-08-14,"apk ga jelas bolak balik minta kode verifikasi login ga bisa"" aneh",Negatif,Negatif,99.3,0.6,99.3,Sesuai
3870,Ade Fatih,5,2026-08-14,efektifitas mantaf,Positif,Positif,75.3,75.3,21.8,Sesuai
3871,Apil Gaul,5,2026-08-14,sangat membantu,Positif,Positif,99.7,99.7,0.3,Sesuai
3872,andi tana,5,2026-08-14,trims kas uda bantu saya,Positif,Positif,90.7,90.7,8.5,Sesuai
3873,Riswanto rm,2,2026-08-14,"agak rumit aplikasi y, klu yang gaptek, gak jadi berobat karena tidak tahu daftar secara online",Negatif,Negatif,68.6,29.1,68.6,Sesuai
3874,k ikot,5,2026-08-14,bagitulah,Positif,Positif,51.5,51.5,45.6,Sesuai
3875,mamang sugi,4,2026-08-14,mudah di gunakan,Positif,Positif,90.8,90.8,9.2,Sesuai
3876,17 Farhan Assidiqi,1,2026-08-14,"aplikasi gjls ga bisa menerima kode verifikasi nomor, alesan tidak bisa di proses",Negatif,Negatif,88.2,11.4,88.2,Sesuai
3877,Sigit Pamungkas,1,2026-08-14,gagal terus. malah bikin ribet,Negatif,Negatif,98.1,1.7,98.1,Sesuai
3878,Yadi Ucil,1,2026-08-14,aplikasi sampah minta kode verifikasi aja ga bisa bisa aneh,Negatif,Negatif,98.8,1.1,98.8,Sesuai
3879,Hardi Saputra,4,2026-08-14,kenapa ngelag ya,Positif,Positif,50.5,50.5,48,Sesuai
3880,sasa,1,2026-08-14,"aplikasi dari pemerintah tapi error trs, uang banyak seharusnya bisa buat server berjalan dengan baik.",Negatif,Negatif,84.9,14.1,84.9,Sesuai
3881,Rayhan Gilbran,1,2026-08-14,"Aplikasi bodoh, buat apa pake captcha? kok jadi ngalahin aplikasi bank? sangat menyusahkan orang orang berumur.",Negatif,Negatif,90.4,8.4,90.4,Sesuai
3882,Jehoova Jireh,5,2026-08-14,sangat membantu,Positif,Positif,99.7,99.7,0.3,Sesuai
3883,Nikken Netya Ratri,1,2026-08-14,setiap mau daftar ke klinik atau rs harus menggunakan apk ini tp susah masuk susah kebuka,Negatif,Negatif,86.7,12.7,86.7,Sesuai
3884,Abd Haris Nasution,5,2026-08-14,Terbaik🔥,Positif,Positif,81,81,18.5,Sesuai
3885,Kriswandi,5,2026-08-14,Bagus,Positif,Positif,98.2,98.2,1.7,Sesuai
3886,sabrie madani,5,2026-08-14,baik,Positif,Positif,81,81,18.5,Sesuai
3887,Adry,1,2026-08-14,"setiap buka apk hatus login lagi, apk prematur",Negatif,Negatif,86.3,11.7,86.3,Sesuai
3888,Black Cikhuy,1,2026-08-14,menyulitkan orang mau brobat blum lagi kendala sinyal saat pendaftaran ulang d RS ny dan aplikasi MOBILE JKN harus login ulang trus padahal password ny udah benar tapi selalu salah di aplikasi nya Tolong lah BPJS KESEHATAN di tingkatkan lagi kualitas Aplikasi ini sudah berapa tahun ini kyak gini trus. Apakah sengaja aplikasi nya di buat sperti ini saja?......,Negatif,Negatif,90.9,8.4,90.9,Sesuai
3889,Jafar,5,2026-08-14,baik dan bagus,Positif,Positif,97.8,97.8,2.1,Sesuai
3890,Jaenal Abidin,5,2026-08-14,pake mobile jkn segala nya jadi mudah,Positif,Positif,85.8,85.8,13.5,Sesuai
3891,Metro Bukan,5,2026-08-14,sangat bermanfaat,Positif,Positif,98.7,98.7,1.2,Sesuai
3892,Novi Lestari,5,2026-08-14,Terima kasih,Positif,Positif,95.5,95.5,4.3,Sesuai
3893,Juandaajr Ajr,5,2026-08-14,aplikasinya mudah/praktis gak ribet di oprasikannya.terimakasih...ok,Negatif,Positif,75.6,75.6,24,Sesuai
3894,I'm Jarvis,1,2026-08-14,"Tlol kalau dari awal penambahan peserta harus dilakukan sama NIK yg udah nikah sampaikan dari awal dong, jangan terlanjur gw resgistrasi pakek Nik sendiri buat keperluan ortu malah dipersulit kek gini.",Negatif,Negatif,91.2,8.1,91.2,Sesuai
3895,Salma Maulidina,1,2026-08-14,nungguin hampir 1 jam buat kode verifikasi dri sms gk muncul² ribet bgt verifikasi kamera wajah juga gk bner,Negatif,Negatif,98.1,1.7,98.1,Sesuai
3896,Mk,5,2026-08-14,Baik,Positif,Positif,81,81,18.5,Sesuai
3897,Sabar Sabarudin,1,2026-08-14,nungguin kode verifikasi SMS lama bgt,Negatif,Negatif,88.1,11.2,88.1,Sesuai
3898,Zul Afriandi Batubara,5,2026-08-14,bagus,Positif,Positif,98.2,98.2,1.7,Sesuai
3899,Rina Utamiwki,2,2026-08-14,"aplikasi bini capek,,,udah sakit malah di bikin susah,,,login berkali dg data yg sama gak kunjung bisa masuk padahal gak adayg berubah,,ini aplikasi di buat cuma buat menyulitkan pasien",Negatif,Negatif,97.7,2.1,97.7,Sesuai
3900,Titin Tandini,5,2026-08-14,bagus penanganan Nya,Positif,Positif,92.6,92.6,6.9,Sesuai
3901,Tauhiduluhiyah Tauhid,5,2026-08-14,mantap......,Positif,Positif,99.2,99.2,0.7,Sesuai
3902,Simon Umboh,5,2026-08-14,"iklan sangat sangat sangat mengganggu saya tidak suka,apalagi ditawarkan penghapus ini dan itu ,saya sangat tidak suka jengkel",Positif,Positif,68.9,68.9,28.9,Sesuai
3903,Asep Polesdetaeling,5,2026-08-14,asallamualaikum alhamdulilah sudah daftar di aplikasi mobile jkn bisa mudah Terima kasih🙏,Positif,Positif,92.4,92.4,7.4,Sesuai
3904,Vita Nata,5,2026-08-14,oke banget,Positif,Positif,96.3,96.3,3.2,Sesuai
3905,indar,1,2026-08-14,terlalu menyusahkan bagi yang masyarakat yang tidak mampu membeli gadget...harusnya nik tidak dibatasi dalam satu perangkat soalnya tidak semua org punya handphone yg support aplikasi ini..,Negatif,Negatif,86.6,12.1,86.6,Sesuai
3906,Siti Arofa,1,2026-08-14,lucu kali zaman sekarang orang tiba tiba sakit disuruh daftar online dulu dah gitu dah lewat batas waktu Maslaah mana lah tau kapan orang sakit kalo tau kapan sakit gk perlu berobat langsung jaga kesehatan ini teruntuk puskesmas pengalihan,Negatif,Negatif,90.4,9.3,90.4,Sesuai
3907,Yandhi Yana,5,2026-08-14,"aplikasi ini berjalan andal tanpa error, cepat dan responsif",Positif,Positif,94,94,5.8,Sesuai
3908,Ahmad Shafarullah,1,2026-08-14,"parah, mau login ga bisa di klik masuk nya wkwkwkwk Ampe miliaran padahal budget aplikasi nya",Negatif,Negatif,94.1,5.4,94.1,Sesuai
3909,"Febriansyah., A. Md",5,2026-08-14,pelayanan mantap,Positif,Positif,98,98,1.8,Sesuai
3910,Nasrul Irul,5,2026-08-14,"mantap , dan mudah memakai aplikasi jkn",Positif,Positif,97.2,97.2,2.7,Sesuai
3911,Ricky Haryadi,1,2026-08-14,"kenapa selalu menyulitkan rakyat, kenapa selalu di bikin ribet, sekarang daftar di mobile jkn no hp harus terdaftar dulu, padahal dulu daftar di mobile jkn no hp dan email langsung terdaftar otomatis, klo sekarang harus di daftarin dulu di kantor. ribet banget harusnya sistemnya dibikin seperti NPWP setelah bikin di kasih soft file gk harus daftar mobile jln segala.",Negatif,Negatif,93,6.7,93,Sesuai
3912,"Eko Dayu Anggara, S. Kom",5,2026-08-14,"saran min Di tambahkan estimasi jam Di layani, agar peserta datang sesuai jam",Positif,Positif,68.5,68.5,30.5,Sesuai
3913,Hilman Hilcullers10,5,2026-08-14,mantap memudahkan masyarakat mendapatkan pelayanan kesehatan,Positif,Positif,98.1,98.1,1.7,Sesuai
3914,Nursiah 57,1,2026-08-14,"apk apa ini, mau login suruh masukin captha tapi capthanya muter"" terus tolong dibenerin dong saya butuh soalnya",Negatif,Negatif,95.5,4,95.5,Sesuai
3915,Yogi Pratama,5,2026-08-14,trimaksih JKN mobile,Positif,Positif,66.2,66.2,32.1,Sesuai
3916,Septia Yuliana,5,2026-08-14,mantaap,Positif,Positif,81.8,81.8,16.1,Sesuai
3917,Yaaro Ndruru,5,2026-08-14,apk ini mudah kita mendaftar,Positif,Positif,83.4,83.4,15.8,Sesuai
3918,Jonet56 Jonet56,2,2026-08-14,login usname password udah benar semua tapi gak bisa masuk mohon pencerahannya,Negatif,Negatif,94.6,5,94.6,Sesuai
3919,suanda hana,1,2026-08-14,"pelayanan sampah, otp SMS gak muncul-muncul",Negatif,Negatif,93.2,6.6,93.2,Sesuai
3920,Marlina Ollsop,1,2026-08-14,tidak bisa D unduh,Negatif,Negatif,79.2,20.1,79.2,Sesuai
3921,Ari Udi,5,2026-08-14,sangat memuaskan,Positif,Positif,96.7,96.7,2.9,Sesuai
3922,Hendi Rohendi,5,2026-08-14,tdk bs masuk,Positif,Negatif,88.5,11.1,88.5,🚨 Bintang 4-5 tapi Prediksi ML Negatif (Taktik Komplain)
3923,Komar Sky,5,2026-08-14,pelayanannya cepat dan mudah,Positif,Positif,99.6,99.6,0.4,Sesuai
3924,Arsya Maoza,5,2026-08-13,sangat membantu untuk kesehatan,Positif,Positif,98.7,98.7,1.2,Sesuai
3925,Mega Ayu Sugiono,5,2026-08-13,so far so good. thq,Positif,Positif,96.4,96.4,3.1,Sesuai
3926,Herry stiawan,5,2026-08-13,bagus dan menyenangkan,Positif,Positif,97.7,97.7,2,Sesuai
3927,Handy Tan,5,2026-08-13,ok,Positif,Positif,51.5,51.5,45.6,Sesuai
3928,Subkhan Messi,5,2026-08-13,Sangat membantu masalah kesehatan,Positif,Positif,95.6,95.6,4.1,Sesuai
3929,Dini Mayasari,5,2026-08-13,ok,Positif,Positif,51.5,51.5,45.6,Sesuai
3930,Arie Aiko,5,2026-08-13,ku njok stars sepuluh lah kalo ada,Positif,Positif,54.2,54.2,43.5,Sesuai
3931,tri nuryana,1,2026-08-13,"Aplikasi ini sangat buruk, bisa bisanya NIK saya terdaftar atas nama orang lain. HEIII HARUSNYA PENGAWASANNYA KETAT DONG. APALAGI SAMPE NIK DIPAKAI SAMA ORANG LAIN??? JUJUR GA NGERTI SAMA APLIKASI INI",Negatif,Negatif,93.5,6,93.5,Sesuai
3932,Dedy Wahyudi,5,2026-08-13,puas,Positif,Positif,95.4,95.4,4.2,Sesuai
3933,Rosita Dewi,1,2026-08-13,lemot banget,Negatif,Negatif,86.5,12.7,86.5,Sesuai
3934,Ria Tristati,5,2026-08-13,mantap sangat membantu dah mudah di gunakan,Positif,Positif,99.6,99.6,0.4,Sesuai
3935,Pantau 39,5,2026-08-13,semakin bagus,Positif,Positif,93.5,93.5,6.2,Sesuai
3936,alfirudin,1,2026-08-13,ga jelas sumpah,Negatif,Negatif,96.3,3.5,96.3,Sesuai
3937,Guru Honorer,5,2026-08-13,oke,Positif,Positif,97.4,97.4,2.4,Sesuai
3938,Setyono Riyanto,1,2026-08-13,"sudah di rujuk tgl 15 oleh dokternya, mau ambil daftar antrian sudah masukin sesuai tgl malah ket dokter tidak praktek,jelas2 praktek hari sabtu di jadwal",Negatif,Negatif,81.5,16.8,81.5,Sesuai
3939,Adrian Silitonga,1,2026-08-13,aplikasi pemerintah ga ada yang betul,Negatif,Negatif,89.4,9.9,89.4,Sesuai
3940,M Aji,5,2026-08-13,aplikasi yg sangat membantu dan gampang di pahami. terimakasih😍,Positif,Positif,99,99,1,Sesuai
3941,Meisna Wati,1,2026-08-13,"klo gbsa bikin aplikasi yg bagus gausah lah pake gini2an buat akses ke fasilitas kesehatan , mempersulit rakyat ini. toh kmi juga bayar tp kmi jg yg dipersulit. mau registrasi saja error lah yg gd koneksilah . aplikasi rusakk!!!",Negatif,Negatif,79.7,19.4,79.7,Sesuai
3942,Riki Ramadhan,5,2026-08-13,mantul,Positif,Positif,99.2,99.2,0.7,Sesuai
3943,Rizka Aulia,5,2026-08-13,bagus,Positif,Positif,98.2,98.2,1.7,Sesuai
3944,Heru Andesco,5,2026-08-13,ok,Positif,Positif,51.5,51.5,45.6,Sesuai
3945,Nabillah Sauraya,1,2026-08-13,eror mulu kalo mau login,Negatif,Negatif,93.8,5.7,93.8,Sesuai
3946,pankgih pangestu,5,2026-08-13,"bagus, sangat membantu",Positif,Positif,99.8,99.8,0.2,Sesuai
3947,Alfi nur Afizah,5,2026-08-13,keren bgt,Positif,Positif,92.8,92.8,6.4,Sesuai
3948,Duta Sport,5,2026-08-13,bagus,Positif,Positif,98.2,98.2,1.7,Sesuai
3949,izzatul abidah,5,2026-08-13,mudah dan praktis di gunakan,Positif,Positif,98.5,98.5,1.5,Sesuai
3950,Risdi Yantoo,5,2026-08-13,mobile JKN fitur komplit dan lebih jelas secara detail menyampaikan info info,Positif,Positif,69.8,69.8,28.9,Sesuai
3951,Zx• yun,1,2026-08-13,"aplikasi bodong, ribet tiap bulan suruh bayar, padahal ga pernah kepakek, mau nonaktifkan juga susah ribet",Negatif,Negatif,97.2,2.3,97.2,Sesuai
3952,Dwiyanto Ari Nugroho,1,2026-08-13,kabanyakan verifikasi email bisa lewat sms gak bisa terus tolong diperbaiki lah,Negatif,Negatif,93,6.7,93,Sesuai
3953,chanelboi indonesia,1,2026-08-13,bpjs mandiri telat iuran baru 3hr. udh kena denda 45hr gk bisa rawat inap. mengatasnamakan layanan kesehatan pelayanan kaya iblis laknatullah.,Negatif,Positif,61.6,61.6,37.3,💡 Bintang 1-2 tapi Prediksi ML Positif (Pujian / Salah Klik)
3954,Amrina Amin,4,2026-08-13,aplikasi berjalan dengan baik,Positif,Positif,76.3,76.3,22.1,Sesuai
3955,Rini Aja,1,2026-08-13,"tolong dong nik kok bisa salah padahal biasa pakai nik ini, salahnya dmna kan nik ini yg d gunakan.",Negatif,Negatif,83.8,15.4,83.8,Sesuai
3956,Ddy Srhn,5,2026-08-13,mobile jkn sangat membantu dalam utusan kesehatan,Positif,Positif,99.4,99.4,0.5,Sesuai
3957,sian Diartha,5,2026-08-13,sangat bagus bagi orang awam seperti saya..semoga JKN semakin ke depan,Positif,Positif,95.6,95.6,4,Sesuai
3958,Sugiono Kangmas Jamboel,5,2026-08-13,"Pelayanan dan proses dari faskes pertama sampai dengan faskes selanjutnya mudah, lancar tanpa kendala yg berarti asal semua perlengkapan persyaratan sudah sesuai",Positif,Positif,86.6,86.6,12.7,Sesuai
3959,Muhamad Ilham,5,2026-08-13,Sangat bermanfaat sekali,Positif,Positif,99,99,0.8,Sesuai
3960,Asep Kurniadi,5,2026-08-13,bagus,Positif,Positif,98.2,98.2,1.7,Sesuai
3961,Ade Wibowo,1,2026-08-13,"apk minta update terus.. macam ada pembaharuan patch aj.. g pelayanan, apk sama-sama ribet",Negatif,Negatif,81.3,17.2,81.3,Sesuai
3962,Wa Sutini,1,2026-08-13,"Aplikasinya aneh, suka keluar sendiri dari akun yg katanya log in di device lain. Padahal hanya di akun ini aja. Lalu saat mau log in, sudah sesuai NIK dan password, tp selalu salah dan ga bisa log in. Akhirnya ganti password. Hal kyk gini sudah terjadi berkali-kali, tiap bulan malah.",Negatif,Negatif,98.9,1,98.9,Sesuai
3963,Qmonx Syalala Rastaman,1,2026-08-13,aplikasi tolol keluar reset sendiri,Negatif,Negatif,96.5,3.2,96.5,Sesuai
3964,ismono ory,3,2026-08-13,kenapa ga kompatibel dengan perangkat saya,Netral,Negatif,84.1,12.4,84.1,Sesuai
3965,Dian Arjuna,5,2026-08-13,memudahkan pendaftaran,Positif,Positif,86,86,13.5,Sesuai
3966,meilan anggraini9,1,2026-08-13,ganguan trus susah banget mau daftar dari jkn,Negatif,Negatif,87.6,10.9,87.6,Sesuai
3967,Jackson Gray,1,2026-08-13,"aplikasi apaan, mempersulit saja, kalau sudah ada kartu kenapa harus daftar sini lagi, udah gitu sms verifikasi no hp ga masuk"", aplikasi sampah, tujuan nya hanya untuk mempersulit orang untuk berobat",Negatif,Negatif,97.7,2.2,97.7,Sesuai
3968,ekopurwanto damkar,5,2026-08-13,mudah,Positif,Positif,92.5,92.5,7.3,Sesuai
3969,Rusman Panggalo,5,2026-08-13,Aplikasi cepat dipelajari dan sangat bermanfaat. Terima kasih,Positif,Positif,99.6,99.6,0.3,Sesuai
3970,Supri Yatna,5,2026-08-13,sangat membantu,Positif,Positif,99.7,99.7,0.3,Sesuai
3971,Saminem Mulia,1,2026-08-13,sampah,Negatif,Negatif,85.2,14.1,85.2,Sesuai
3972,aziza khusna,1,2026-08-13,tiba2 ke log out.. sdh update tp login lg gak bisa..,Negatif,Negatif,94,5.7,94,Sesuai
3973,Wahyu Di (Yudi),5,2026-08-13,mantap,Positif,Positif,99.2,99.2,0.7,Sesuai
3974,Pieeilaa,1,2026-08-13,ini yang bener aja saya mau daftar VERVIKASI nomer susah banget. maksimal 200detik dan melebihi itu kode katanya kadaluarsa. nunggu nya 1 jam an lebih. tolong di perbaiki dong astaga. susah banget dari kemarin,Negatif,Negatif,93.5,5.9,93.5,Sesuai
3975,Eko Sugeng Winarno,1,2026-08-13,benar benar menyusahkan bpjs,Negatif,Negatif,81.2,17.4,81.2,Sesuai
3976,yun anto,5,2026-08-13,semoga pelayanannya semakin okey,Positif,Positif,93.1,93.1,6.5,Sesuai
3977,Qurniawati,1,2026-08-13,HP oppo F9 lama udh gk bisa pake mobile JKN versiy udh terlalu berat..buat daftar online berobat aj ko susah amat..,Negatif,Negatif,92.4,7.4,92.4,Sesuai
3978,Kaysia Smith,3,2026-08-13,"Bantu kak ,pas saya masukan nomor telepon untuk verifikasi tapi tidak ada pesan masuk kak,pas saya tanya ke pihak BPJS katanya harus diisi pulsa dulu, setelah saya isi dan coba lagi tetap ga bisa itu gimana caranya lagi ya kak mohon bantuannya kak 🙏",Netral,Negatif,79.7,16.6,79.7,Sesuai
3979,Hay ani,5,2026-08-13,memudahkan pasien,Positif,Positif,79.8,79.8,19.3,Sesuai
3980,imam hamdi,5,2026-08-13,sangat mudah dan membantu,Positif,Positif,99.7,99.7,0.3,Sesuai
3981,Andika putra,5,2026-08-13,sangat membantu aplikasi berfungsi dengan baik,Positif,Positif,94.4,94.4,5.1,Sesuai
3982,Dapoer Nino,1,2026-08-13,"buruuuk banget aplikasi ini, maaf. dari kemarin masuk ke aplikasi gak bisa. ambil nomer antrian untuk ke faskes lanjutan saja lewat jkn gagal terus. sudah 3 hari... bpjs maksudnya gimana? koq semakin sulit, bukanya semakin mudah",Negatif,Negatif,95.3,4.5,95.3,Sesuai
3983,Ahmad Kursidin,5,2026-08-13,bagus,Positif,Positif,98.2,98.2,1.7,Sesuai
3984,Hamdika “Mansyur” Mansur,5,2026-08-13,sangat membantu dan praktis mudah di pahami,Positif,Positif,99.7,99.7,0.3,Sesuai
3985,Enik Kusumadewi,5,2026-08-13,Dipermudah dalam hal layanan kesehatan,Positif,Positif,97.2,97.2,2.6,Sesuai
3986,Sabransyah Amd,1,2026-08-13,"sudah di tuliskqn no hp namun menunggu sms untuk dapatkan otp gak dikirim kirim kode otpnya sangat mengecewakan, pemberitahuannya tidak dapat di proses silakam coba lagi udah berkali kali...",Negatif,Negatif,95.7,3.9,95.7,Sesuai
3987,SEFTIAN RAHMADANI,2,2026-08-13,"mau bikin akun kok ribet banget ya, udah mana verifikasi wajah mirror miring gitu gabisa simetris, trus kode OTP lewat telepon juga nggak masuk2 padahal udah bener. semoga cepat berbenah",Negatif,Negatif,98,1.8,98,Sesuai
3988,family kania,1,2026-08-13,runtah,Negatif,Positif,51.5,51.5,45.6,💡 Bintang 1-2 tapi Prediksi ML Positif (Pujian / Salah Klik)
3989,Canggih Jaya Perkasa,5,2026-08-13,josss gandhossss,Positif,Positif,93.8,93.8,5.8,Sesuai
3990,Chery Boi,1,2026-08-13,tida rekomen,Negatif,Positif,55.1,55.1,42.4,💡 Bintang 1-2 tapi Prediksi ML Positif (Pujian / Salah Klik)
3991,Roni Alfrando,1,2026-08-13,"aplikasi aneh, tiap mau daftar harus isi pulsa dulu buat dapat kode otp, belum lagi kode otp GK masuk masuk, padahal pulsa udah kesedot",Negatif,Negatif,99.2,0.6,99.2,Sesuai
3992,Amir. M,1,2026-08-13,"ribet ruibettt tenan. saya sdh perna unduh jkn dan menggunakan nomer hp yg sdh lama gak kepakai, tp memang benar benar sdh tidak bisa. sekarang saya harus memdaftarkan ibu saya yg sebelumnya berobat dan mendaftar sekarang harus pakai jkn. saat sy harus mendaftarkan dengan nomer saya tidak bisa karna nomer sdh perna digunakan. sedang ibu saya tidak punya nomer hp. apakah ibu saya mulai sekarang tidak lagi bisa berobat?? setiap hari mengeluh pusing karna sdh lama kena stroke dan hrs berobat jalan",Negatif,Negatif,91.2,7.8,91.2,Sesuai
3993,Ali Andhra,5,2026-08-13,"terima kasih buwat jkn pokonya,,the best",Positif,Positif,99.2,99.2,0.7,Sesuai
3994,Sutino Oo,5,2026-08-13,"mau daftar online ke paskes, gagal terus",Positif,Negatif,77.9,21.7,77.9,🚨 Bintang 4-5 tapi Prediksi ML Negatif (Taktik Komplain)
3995,Arif Arif,5,2026-08-13,Membantu berobat,Positif,Positif,90,90,9.5,Sesuai
3996,syaepul bahri,5,2026-08-13,ok pokonya,Positif,Positif,82.3,82.3,15.7,Sesuai
3997,Wisnu Wiranto,1,2026-08-13,Aplikasi sampah.,Negatif,Negatif,92.3,7.3,92.3,Sesuai
3998,Septiana sri rizqi,5,2026-08-13,sangat di perlukan dan sangat membantu,Positif,Positif,99.2,99.2,0.7,Sesuai
3999,Yahman,5,2026-08-13,mudah diakses 👍,Positif,Positif,93.4,93.4,6.3,Sesuai
4000,dhea pradita,1,2026-08-13,"𝘢𝘯𝘫𝘪𝘪𝘪𝘳𝘳𝘳 𝘴𝘦𝘳𝘪𝘯𝘨 𝘦𝘳𝘳𝘰𝘳 𝘯𝘰𝘵𝘪𝘧𝘪𝘬𝘢𝘴𝘪 ""𝘮𝘰𝘣𝘪𝘭𝘦 𝘫𝘭𝘯 𝘮𝘰𝘨𝘰𝘬 𝘬𝘢𝘳𝘦𝘯𝘢 𝘢𝘭𝘢𝘴𝘢𝘯𝘯𝘺𝘢 𝘴𝘦𝘯𝘥𝘪𝘳𝘪, 𝘬𝘦𝘵𝘶𝘬 𝘯𝘰𝘵𝘪𝘧𝘪𝘬𝘢𝘴𝘪 𝘶𝘯𝘵𝘶𝘬 𝘱𝘦𝘮𝘣𝘢𝘩𝘢𝘳𝘶𝘢𝘯"" 𝘣𝘳𝘦𝘯𝘨𝘴𝘦𝘬",Negatif,Positif,51.5,51.5,45.6,💡 Bintang 1-2 tapi Prediksi ML Positif (Pujian / Salah Klik)
4001,Nadya Stiara bella,2,2026-08-13,kenapa si apk nya aneh banget pas buka offline Mulu ga ada data katanya padahal pake wifi buka apk lain aman aman aja buka apk ini ga bisa terus heran,Negatif,Negatif,94.8,5,94.8,Sesuai
4002,Julhairi 03,5,2026-08-13,bagus,Positif,Positif,98.2,98.2,1.7,Sesuai
4003,Muhammad habil,1,2026-08-13,"Jkn tolol, mau daftar malah offline jelas-jelas sinyal ku lancar",Positif,Negatif,79.8,19.1,79.8,Sesuai
4004,Herlin Aimee,5,2026-08-13,helpfull,Positif,Positif,51.5,51.5,45.6,Sesuai
4005,danang dian permana,5,2026-08-13,oke,Positif,Positif,97.4,97.4,2.4,Sesuai
4006,Randi Ahmad,1,2026-08-13,"ini saya mau verif wajah susah bener, benerin lah",Negatif,Negatif,87.2,12,87.2,Sesuai
4007,Dila Adilaksitrini,5,2026-08-13,mudah digunakan,Positif,Positif,97.4,97.4,2.6,Sesuai
4008,Toddy Sidharta,5,2026-08-13,sangat membantu,Positif,Positif,99.7,99.7,0.3,Sesuai
4009,Silfa Mobile,5,2026-08-13,"login pun susah, minta supaya di permudah cara login dan perubahan kata sandi agar tidak di persulit",Positif,Negatif,65.1,33.9,65.1,🚨 Bintang 4-5 tapi Prediksi ML Negatif (Taktik Komplain)
4010,Candra Idm,1,2026-08-13,error mulu ah...,Negatif,Negatif,93.7,6,93.7,Sesuai
4011,Akbar sulsel,5,2026-08-13,semoga lebih baik pagi,Positif,Positif,85.8,85.8,13.3,Sesuai
4012,Khomariyah,2,2026-08-13,"permintaan gk bsa diproses terus,aplikasi sering eror",Negatif,Negatif,94.3,5.2,94.3,Sesuai
4013,Edy ATas Awan,1,2026-08-13,"APLIKASINYA ANEH, DIBATASI 3 NIK DLM 1 HP CAPCA NYA SUSAH DIBACA & MENYULITKAN SEKALI",Negatif,Negatif,87.3,11.6,87.3,Sesuai
4014,Wahyu Wahyu,5,2026-08-13,"bismilah rakyak harus gratis berobat, pemerintah bisa, takbir...",Positif,Negatif,69,30.7,69,🚨 Bintang 4-5 tapi Prediksi ML Negatif (Taktik Komplain)
4015,Pipit Girikarto,5,2026-08-13,memuaskan. menurut saya walpun menggunakan BPJS harus pelayanan jg harus optimal jangan di beda bedakan,Positif,Positif,58.7,58.7,39.6,Sesuai
4016,nurhayati berasa,5,2026-08-13,bagus,Positif,Positif,98.2,98.2,1.7,Sesuai
4017,Aloysia N,1,2026-08-13,"kacau, kode otp udah 2 jam ga masuk masuk",Negatif,Negatif,97.3,2.5,97.3,Sesuai
4018,rio hentiriansyah,1,2026-08-13,"daftar ribet,harus pake verifikasi SMS dan potong pulsa dan verifikasi email lambat tidak dapat no verifikasi,,ribet pokoknya",Negatif,Negatif,97.4,2.4,97.4,Sesuai
4019,Syahdila 2003,5,2026-08-13,mantap sangat membantu warga yg sedang membutuhkangoood🙏🙏🙏,Positif,Positif,98.5,98.5,1.3,Sesuai
4020,Perkasa Power,5,2026-08-13,"Bagus dan sangat membantu untuk melakukan reg apabila ingin berobat, terima kasih Mobile JKN pertahankan layanan baik ini",Positif,Positif,99.8,99.8,0.2,Sesuai
4021,Saputra,4,2026-08-13,Lumanyan,Positif,Positif,51.5,51.5,45.6,Sesuai
4022,MurdY Hafiz9,5,2026-08-13,good,Positif,Positif,98.5,98.5,1.3,Sesuai
4023,Delima Sitohang,4,2026-08-13,penanganan cepat,Positif,Positif,88.1,88.1,10.9,Sesuai
4024,zahra kabil,5,2026-08-13,bagus sekali,Positif,Positif,97.9,97.9,1.9,Sesuai
4025,Siska Tri Wulandari,5,2026-08-13,pelayanan memuaskan,Positif,Positif,95.2,95.2,4.3,Sesuai
4026,CowBoys Channel,5,2026-08-13,belum pernah mengalami kendala,Positif,Negatif,60.5,36.6,60.5,🚨 Bintang 4-5 tapi Prediksi ML Negatif (Taktik Komplain)
4027,Putri Qoyyim,4,2026-08-13,kenapa di jkn tidak bisa terdaftar poli lebih dari 2 jika hanya rujuan 1 memudahkan pasien daftar online kan bagus,Positif,Negatif,59,40.7,59,🚨 Bintang 4-5 tapi Prediksi ML Negatif (Taktik Komplain)
4028,Franciska Kristi,5,2026-08-13,berharap aplikasi ini bisa mempermudah masyarakat luas dan bisa lancar dalam penggunaan nya,Positif,Positif,89.6,89.6,9.9,Sesuai
4029,Andri Sarwono,5,2026-08-13,good dan mudah,Positif,Positif,99.5,99.5,0.5,Sesuai
4030,TASYA KIRANA GEMOY,5,2026-08-13,sangat membantu,Positif,Positif,99.7,99.7,0.3,Sesuai
4031,Nana,4,2026-08-13,verifikasi lamban..,Positif,Negatif,82.2,16.9,82.2,🚨 Bintang 4-5 tapi Prediksi ML Negatif (Taktik Komplain)
4032,Eko Hari Prasetyo,1,2026-08-13,Aplikasi sering gangguan. Apalagi ketika ngambil nomor antrean secara online. Sering tidak terlihat sisa nomor antreannya. Mohon diperbaiki lagi aplikasinya agar mempermudah masyarakat yang ingin berobat,Negatif,Negatif,55.8,42.9,55.8,Sesuai
4033,Eni Flavyou,1,2026-08-13,"jelek bgt njirrrr, mau daftar nungguin kode verifikasi ga muncul² stressss apk jelekkk bintang 1",Negatif,Negatif,98.5,1.4,98.5,Sesuai
4034,Bram Widyatmoko,1,2026-08-13,ribet,Negatif,Negatif,95.8,3.9,95.8,Sesuai
4035,Aidha Adi,5,2026-08-13,puas banget,Positif,Positif,93.9,93.9,5.3,Sesuai
4036,Erna Santika,5,2026-08-13,mantap,Positif,Positif,99.2,99.2,0.7,Sesuai
4037,Riyan Iksandar winata,1,2026-08-13,"sampah, gak bisa masuk ,offline ,",Negatif,Negatif,94.5,5.2,94.5,Sesuai
4038,thenmust NT,5,2026-08-13,"awesome, it's quite friendly application",Positif,Positif,79.8,79.8,17.8,Sesuai
4039,Santi Laraswati,1,2026-08-13,gak jelas aplikasi nya malah nyusahin gak bantu sama sekali padahal baru buka jadwal ambil antrian masa langsung penuh terus eror terus,Negatif,Negatif,97.7,2.2,97.7,Sesuai
4040,Nayla Farrellyne,1,2026-08-13,"tolong ditingkatkan lagi sistem nya, saya hari ini ada kontrol tetapi jkn dari kemarin selalu bermasalah, entah transaksi gagal atau offline dll. menyulitkan",Negatif,Negatif,70.7,27.4,70.7,Sesuai
4041,sari setyowati,1,2026-08-13,"Kode otp gak masuk padahal ada kuota dan pulsa diatas 25k. Pas mau daftar tulisannya eror offline padahal wifi lancar aja, bahkan buat main MLBB pun gak nge lag. Eror terus-terusan. Yang maintenance nya kayaknya gak bener, jadi kesel tiap mau daftar. Mana rumah sakit biasanya harus daftar di mobile jkn dulu",Positif,Negatif,98,1.9,98,Sesuai
4042,Sofyan Ruhana,5,2026-08-13,"Alhamdulillah, bagus dan sangat membantu... Makasih 🙏",Positif,Positif,99.9,99.9,0.1,Sesuai
4043,Luki Lukman Hakim,5,2026-08-13,sangat membantu sekali pokonamah love you sakebon,Positif,Positif,99.8,99.8,0.2,Sesuai
4044,Ani 992,1,2026-08-13,"kode otp knpa nggk msuk2 si, udh coba sring daftar ttep aj mslah di kode otp, gmna solusinya ini",Negatif,Negatif,92.6,6.6,92.6,Sesuai
4045,Muhammad ikmal,1,2026-08-13,nazis aplikasi nya kehapus eh pas mau download LG g bisa katanya perangkat tidak kompitibel,Negatif,Negatif,84.3,14.6,84.3,Sesuai
4046,Faiz nadhim,1,2026-08-13,jelek ga bisa scaning wajah butuh lebih dari 5x DANN SEKARANG BELUM BISAB,Negatif,Negatif,93.2,6.5,93.2,Sesuai
4047,virgiawan listanto,2,2026-08-13,bener2 error.. gw udah resetvasi tapi no antrianya ga keluar,Negatif,Negatif,91.2,8.4,91.2,Sesuai
4048,Umi Koriyah,5,2026-08-13,sangat membantu buat keluarga yang kurang mampu👍,Positif,Positif,86.5,86.5,12,Sesuai
4049,andi wawantt,1,2026-08-12,"PERBAIKI, ERROR MULI",Negatif,Negatif,59.3,40.3,59.3,Sesuai
4050,Dani Dani,1,2026-08-12,"apalah ini aplikasi gk jelas,malah gk bisa vermuk aneh",Negatif,Negatif,99.4,0.6,99.4,Sesuai
4051,Resti Rosita,5,2026-08-12,praktis,Positif,Positif,88.4,88.4,10.7,Sesuai
4052,Ansel Tangi,5,2026-08-12,bagus,Positif,Positif,98.2,98.2,1.7,Sesuai
4053,Feb,1,2026-08-12,"verifikasi no HP ditolak mulu pdhl udah ada pulsa,GJ bgt asli",Negatif,Negatif,86.3,12.2,86.3,Sesuai
4054,Indra Acm,5,2026-08-12,Sangat membantu,Positif,Positif,99.7,99.7,0.3,Sesuai
4055,Fesbuk Anyar,1,2026-08-12,aplikasi sampah. gagal terhubung ke server mulu,Negatif,Negatif,84.8,14.6,84.8,Sesuai
4056,M.alihanafiah Ali,5,2026-08-12,trimakasih yg banyak atas pelayanan nya,Positif,Positif,91.2,91.2,7.7,Sesuai
4057,Akramayanti 87,5,2026-08-12,sangat memmudahkn,Positif,Positif,51.5,51.5,45.6,Sesuai
4058,Indra Dermawan,5,2026-08-12,fast respon,Positif,Positif,89.6,89.6,9.3,Sesuai
4059,Yani Alwi,5,2026-08-12,cepat,Positif,Positif,92.6,92.6,7.2,Sesuai
4060,umar a yunani,1,2026-08-12,tidak bisa di gunakan,Negatif,Negatif,75.8,24.1,75.8,Sesuai
4061,Jeanne Sopia,5,2026-08-12,sangat membantu,Positif,Positif,99.7,99.7,0.3,Sesuai
4062,Aji Dzikrillah,1,2026-08-12,"baru instal malah gk bisa dibuka, apk aneh",Negatif,Negatif,96.7,3.1,96.7,Sesuai
4063,Haris mahessa,1,2026-08-12,saya anggota bpjs kesehatan aktif.kenapa bpjs kesehatan kalau di gunakan di luar paskes malah jadi bayar.padahal saya tiap bulannya bayar..trus data yang di gunakan juga malah data bpjs.tapi bayar,Negatif,Positif,57.4,57.4,42.1,💡 Bintang 1-2 tapi Prediksi ML Positif (Pujian / Salah Klik)
4064,Ade Ramdani,5,2026-08-12,"Terima Kasih & Sangat Membantu Sekali, Terutama Untuk Saya & Keluarga Saya 🤓👍🙏",Positif,Positif,99.4,99.4,0.6,Sesuai
4065,Mujiburrahman Viking,5,2026-08-12,keren berapa anggaran terliyun nya gampang saya berbca saja ini,Positif,Positif,61.2,61.2,37.6,Sesuai
4066,Lutfi Ramdhani,5,2026-08-12,Bagus sekali,Positif,Positif,97.9,97.9,1.9,Sesuai
4067,Juminto Cakep,2,2026-08-12,Tidak bisa melihat riwayat pelayanan,Negatif,Positif,50.3,50.3,47.8,💡 Bintang 1-2 tapi Prediksi ML Positif (Pujian / Salah Klik)
4068,Hobiku Hokiku,1,2026-08-12,"disuruh update apk ,eh di PS sudah tidak kompatible dg perangkat anda, nasip hp jadul, malah disuruh beli hp baru ....",Negatif,Negatif,93.2,5.8,93.2,Sesuai
4069,Sadih Imron,5,2026-08-12,sangat membantu dan proses cepat,Positif,Positif,99.3,99.3,0.7,Sesuai
4070,intan permata,5,2026-08-12,sangat berguna tapi sya tidak bisa mendownload nyaaaa,Positif,Positif,61.4,61.4,37.5,Sesuai
4071,Minak Ngabihi,5,2026-08-12,ok.. 💪,Positif,Positif,51.5,51.5,45.6,Sesuai
4072,trisna arter,5,2026-08-12,bagus,Positif,Positif,98.2,98.2,1.7,Sesuai
4073,Hali Abdiyansyah,5,2026-08-12,terima kasih pelayanan mantap banget,Positif,Positif,99.3,99.3,0.7,Sesuai
4074,Nida Fauziyah,1,2026-08-12,"GABISA DAFTAR LOL, SMS GA MASUK MASUK",Negatif,Negatif,96.4,3.4,96.4,Sesuai
4075,Hanum,1,2026-08-12,"aplikasi sering tidak stabil dan sll ada kendala,,",Negatif,Negatif,68.9,27.9,68.9,Sesuai
4076,yenz kinan,5,2026-08-12,mempermudah pengobatan bpjs,Positif,Positif,83,83,16.8,Sesuai
4077,Danu Bogle,1,2026-08-12,KECEWA SAAT PENDAFTARAN NOMOR SUDAH BENAR TAPI SELALU GAGAL!!! KACAU !!,Negatif,Negatif,85.2,13.4,85.2,Sesuai
4078,Saipul Pajri,5,2026-08-12,pelayanan memuaskan,Positif,Positif,95.2,95.2,4.3,Sesuai
4079,Febby Camelia,5,2026-08-12,sangat membantu,Positif,Positif,99.7,99.7,0.3,Sesuai
4080,Dapoer Kulit,1,2026-08-12,"anda memaksa untuk autodebet, tetapi anda gagal dalam segala hal, baik dari administrasi, layanan, respon yang tanpa solusi. mengambil hak orang lain tetapi minim tanggung jawab. Di ketentuan Autodebet disebutkan bahwa ""jika ada keterlambatan pembayaran (denda) tetap ada. meskipun kesalahan dari bank"" lucu dengan kebijakan yang anda buat",Negatif,Negatif,50.8,47.7,50.8,Sesuai
4081,Mawarni Barasa,5,2026-08-12,layanan oke,Positif,Positif,98.1,98.1,1.8,Sesuai
4082,Akbar Wildan,5,2026-08-12,memudahkan check kesehatan,Positif,Positif,81.3,81.3,18.2,Sesuai
4083,Khazhée,1,2026-08-12,"jujur sistem lupa sandinya busuk banget, gue lupa sandi dan gk tau cara loginnya sekarang. mana perbulan gua udah bayar tapi endingnya disuruh login",Negatif,Negatif,94.1,5,94.1,Sesuai
4084,Imas S R,1,2026-08-12,"makin kesini makin buruk aja ,susah bgt mau daftar online juga makin gak ngerti sama aplikasi ini tolong lah untuk di perbaiki ,kasian yg mau kontrol ke rumah sakit susah dftarnya",Negatif,Negatif,95.3,4.4,95.3,Sesuai
4085,Sjamsuddin Lubis,5,2026-08-12,memudahkan utk pendaftaran dan pindah faskes,Positif,Positif,91.6,91.6,8.1,Sesuai
4086,Reni Hungkul,5,2026-08-12,JKN Mantaappp,Positif,Positif,81.8,81.8,16.1,Sesuai
4087,Feri saputra,1,2026-08-12,eror terus kalo ambil antrean.,Negatif,Negatif,89.3,10.4,89.3,Sesuai
4088,Oji Rojidin,5,2026-08-12,sangat membantu,Positif,Positif,99.7,99.7,0.3,Sesuai
4089,Ziyad Akbar,5,2026-08-12,bagus,Positif,Positif,98.2,98.2,1.7,Sesuai
4090,Nur Komari,5,2026-08-12,"sejalk dapat jkn alkhamdulillah sangat membantu kami sekeluarga,trimakasih pemerintah indonesia",Positif,Positif,93.7,93.7,5.9,Sesuai
4091,Ardanu Ash,1,2026-08-12,OTP kok pulsa sendiri? Aku pakai Gojek ataupun aplikasi lainnya ga pake pulsa deh,Negatif,Negatif,88.6,10.5,88.6,Sesuai
4092,Thoriq Ijlal panuju,1,2026-08-12,aplikasi tolol bikin ribet daftar jg ribet lama lagi,Negatif,Negatif,97.7,2.1,97.7,Sesuai
4093,Djon Ardjuna Potto,5,2026-08-12,Mudah di pahami terimakasih 🙏🙏,Positif,Positif,96.4,96.4,3.4,Sesuai
4094,Dendi Ridwan,5,2026-08-12,sangat membantu dan mudah di pahami,Positif,Positif,99.7,99.7,0.3,Sesuai
4095,Lukman Hakim,5,2026-08-12,sangat mudah,Positif,Positif,98.4,98.4,1.5,Sesuai
4096,siti embar juharianti,5,2026-08-12,aplikasi sangat bermanfaat,Positif,Positif,98.4,98.4,1.5,Sesuai
4097,Tia Yupita sari,5,2026-08-12,saaayaaa gak bisaa login ini gimna cb,Positif,Negatif,74.8,23.5,74.8,🚨 Bintang 4-5 tapi Prediksi ML Negatif (Taktik Komplain)
4098,naura anjani,5,2026-08-12,alhamdulillah,Positif,Positif,91,91,8.3,Sesuai
4099,Dinda Larasati,3,2026-08-12,"BENERIN DLU DEH APLIKASI LU, BPJS JUGA BAYAR YAA, MASA KAYA BEGINI ANJIR",Netral,Negatif,75.7,22,75.7,Sesuai
4100,Infinix Infinix,5,2026-08-12,mantap cepat,Positif,Positif,99.4,99.4,0.6,Sesuai
4101,Muhammad,5,2026-08-12,lumanyan baik,Positif,Positif,81,81,18.5,Sesuai
4102,Daeeenk Zahin,5,2026-08-12,ok mi,Positif,Positif,51.5,51.5,45.6,Sesuai
4103,Shushui,3,2026-08-12,kenapa telat bayar BPJS untuk denda tidak dimunculkan melainkan pada saat setelah bayar BPJS dan mau rawat inap baru diminta rumah sakit.,Netral,Negatif,76.6,22,76.6,Sesuai
4104,vergil dmc,3,2026-08-12,ketika saya mendaftar saat masukan nomer hp. knpa . ada keterangan permintaan anda belum dapat di proses silahkan mencoba lagi. sudah di coba 5x dapet keterangan yg sama. tanpa ada penjelasan penyebabnya apa.,Netral,Negatif,87.8,11.4,87.8,Sesuai
4105,Wisnu Uu,5,2026-08-12,proses nya mudah,Positif,Positif,81.1,81.1,18.2,Sesuai
4106,Nur Hidayat,5,2026-08-12,sangat membantu saya terimakasih,Positif,Positif,99.6,99.6,0.4,Sesuai
4107,Mustahidin,4,2026-08-12,cukup gampang dalam setiap proses nya,Positif,Positif,79.9,79.9,19.5,Sesuai
4108,Adilah Mentari,5,2026-08-12,Semoga semakin maju dan berkembang,Positif,Positif,88.6,88.6,10.6,Sesuai
4109,Alvin Aprilio,5,2026-08-12,sangat bagus,Positif,Positif,99,99,0.9,Sesuai
4110,Dapur Omay,5,2026-08-12,"selalu puas dengan aplikasi ini, good bgt",Positif,Positif,97.8,97.8,2,Sesuai
4111,Abi Pkp,1,2026-08-12,"aplikasi sampah menyusahkan masyarakat,masa udh daftar ga bisa masuk hanya karna auto debit kan aneh emang hidup di Indonesia ini memang Sengsara",Negatif,Negatif,94.5,5.1,94.5,Sesuai
4112,Deni Sopiyan,5,2026-08-12,Terima kasih atas kecepatan pelayanan dan informasinya,Positif,Positif,97.2,97.2,2.6,Sesuai
4113,Oman Haikal,1,2026-08-12,nih aplikasi ribet bnget cuma mau masuk juga,Negatif,Negatif,95.6,3.7,95.6,Sesuai
4114,Lukhi Muristha,1,2026-08-12,"diminta update tetapi tidak compatible, minimal android 8, ini android 9 tidak bisa.",Negatif,Negatif,88.9,10.4,88.9,Sesuai
4115,Teten Santana,2,2026-08-12,knp aplikasi jkn mobil sy tdk bisa di gunakan lagi di hp sy..tp pas di coba hp yg lain bisa log in...?,Negatif,Negatif,71.3,28.2,71.3,Sesuai
4116,Melinda Gustina Prj,5,2026-08-12,luar biasa,Positif,Positif,94.8,94.8,4.6,Sesuai
4117,Muhamad Ilham,4,2026-08-12,"min tolong dong, terkendala engga bisa verivikasi nomer, jadi engga bisa ngajuin perawatan lanjut",Positif,Negatif,66.2,31.9,66.2,🚨 Bintang 4-5 tapi Prediksi ML Negatif (Taktik Komplain)
4118,Rudi Hairudin,1,2026-08-12,knapa kok saat sy mau buka apl jkn kok layar nya jadi gelap begini ga bisa kebuka sy kira di semua apl ga tau nya cuma apl jkn aja yg gelap ga bisa ke buka,Negatif,Negatif,78,21.4,78,Sesuai
4119,riyadi ahmad,5,2026-08-12,sangat membantu terimakasih 🙏,Positif,Positif,99.5,99.5,0.5,Sesuai
4120,Ridho Atel,5,2026-08-12,terima kasih jkn sangat mudah sekali untuk melakukan perubaha data peserta,Positif,Positif,98.4,98.4,1.5,Sesuai
4121,nur pais,4,2026-08-12,sangat mudah dan aman,Positif,Positif,98.1,98.1,1.8,Sesuai
4122,Muhammad Affan Akbar,5,2026-08-12,Terbaik,Positif,Positif,81,81,18.5,Sesuai
4123,Azka Ardan,5,2026-08-12,sangat membantu,Positif,Positif,99.7,99.7,0.3,Sesuai
4124,Ignasius Mmboja,5,2026-08-12,goood ku suka semua bisa d akses dngan mudah,Positif,Positif,73.4,73.4,25.9,Sesuai
4125,bayu prasetiyo,1,2026-08-12,"mau daftar akun, tapigk bisa2.. suruh kirim kode verifikasi tapi gk ada kiriman kode dari BPJS di SMS maupun email. gimana siiiii?",Negatif,Negatif,97.6,2.2,97.6,Sesuai
4126,Agung Suryana,2,2026-08-12,apk sampah,Negatif,Negatif,92.3,7.3,92.3,Sesuai
4127,Chanra Ihsan,1,2026-08-12,katanya aplikasi layanan tapi mau verifikasi doang susah,Negatif,Negatif,73.8,25.3,73.8,Sesuai
4128,Samidi Prabu,5,2026-08-12,Sangat membantu,Positif,Positif,99.7,99.7,0.3,Sesuai
4129,Pio yuharistian HSB,5,2026-08-12,bagus mudah dan praktis....lebih baik lg,Positif,Positif,99.3,99.3,0.7,Sesuai
4130,Yohanes Mh,5,2026-08-12,baik,Positif,Positif,81,81,18.5,Sesuai
4131,Karnali,1,2026-08-12,"aplikasi yang sangat menyusahkan, aplikasi segala offline buat berobat, giliran cicilan nunggak grecep banget",Negatif,Negatif,69.4,29.9,69.4,Sesuai
4132,eva mutia,5,2026-08-12,mudah dan cepat,Positif,Positif,99.2,99.2,0.8,Sesuai
4133,Alawiyah Alawiyah,5,2026-08-12,mantap,Positif,Positif,99.2,99.2,0.7,Sesuai
4134,Yoike dhaniel Sunaga,5,2026-08-12,lebih simple,Positif,Positif,83.3,83.3,15.7,Sesuai
4135,Muhammad Zaky,1,2026-08-12,"aplikasi cacat, saya mau daftar jkn terlalu lama kali menunggu kode otp nomor hp, terlalu sudah ada 2 jam lebih menunggu kode otp muncul tapi tidak ada padahal no nya betul, jadi kedepannya apk di perbaiki masalah kode otp nya jangan terlalu lama kasian orang yg mau mendaftar",Negatif,Negatif,97.6,2.2,97.6,Sesuai
4136,Vina Zahrotur,1,2026-08-12,"aplikasi ga jelas. sudah masuk aplikasi, tulisannya ""anda sedang offline"" terus. percuma download",Negatif,Negatif,95.1,4.4,95.1,Sesuai
4137,Muhlis Dj,5,2026-08-12,good job,Positif,Positif,97.5,97.5,2.1,Sesuai
4138,Alvin Septian Lubis,1,2026-08-12,kode OTP verifikasi ga masuk masuk,Negatif,Negatif,97.8,2.1,97.8,Sesuai
4139,Engkos Kusnandar,1,2026-08-12,"app ga guna, daftar online ga bisa trs",Negatif,Negatif,93.6,6.3,93.6,Sesuai
4140,Kopi Legit,5,2026-08-12,bagus,Positif,Positif,98.2,98.2,1.7,Sesuai
4141,Ronalia Maria,1,2026-08-12,aplikasi nya gangguan terus sudah 1bulan lbh ini setiap mau masuk engga bisa... sudah coba di uninstall dan download lg masih saja sama ga bisa masuk. mohon di perbaiki,Negatif,Negatif,94.7,5,94.7,Sesuai
4142,Zainal Nurul,5,2026-08-12,sangat membantu masyarakat trimakasih apk mobile jkn,Positif,Positif,97.7,97.7,2.2,Sesuai
4143,Ekadoell id,5,2026-08-12,sangat membantu,Positif,Positif,99.7,99.7,0.3,Sesuai
4144,erikrafa,5,2026-08-12,membantu😍,Positif,Positif,97.6,97.6,2.3,Sesuai
4145,Deni Alamsyah,5,2026-08-12,okee,Positif,Positif,51.5,51.5,45.6,Sesuai
4146,Sri Harsasih,5,2026-08-12,mudah dan cepat,Positif,Positif,99.2,99.2,0.8,Sesuai
4147,Joni Mawardi,5,2026-08-12,aplikasi mudah dan simpel,Positif,Positif,95.1,95.1,4.6,Sesuai
4148,Ay Loeges,1,2026-08-12,dari kemarin gak bisa login mau daftar antrian paskek woooyyy,Negatif,Negatif,92.5,7.1,92.5,Sesuai
4149,Hartatik Hartatik,1,2026-08-12,"Aplikasi blom layak,, masak verifikasi bisa nyampe 300 detik, dan ga ada notifikasi pesan muncul, YAKIN LADANG KORUPSI UJUNG UJUNGNYA",Negatif,Negatif,88.2,10.2,88.2,Sesuai
4150,Ghosts Riders88,5,2026-08-12,"mempermudah untuk kita yg sibuk,terus tingkatkan",Positif,Positif,87.2,87.2,11.6,Sesuai
4151,Rah Ma Wan,1,2026-08-12,"mau daftar antrian online ke faskes pertama, trus ada bacaan belum ada riwayat medis yg terdaftar intinya apakah mau daftar, klik setuju, udah d klikk, balik lagi kesituu, trus aja muter disitu teruss.. jadi gmana mau ambil antrian online ini",Negatif,Negatif,90,9.5,90,Sesuai
4152,Emmanuella Clarissa,5,2026-08-12,sangat membantu dalam mengurus data-data bpjs,Positif,Positif,96.6,96.6,3.2,Sesuai
4153,Nothing 01,1,2026-08-12,"Selalu tidak dapat memproses permintaan untuk memverifikasi no handphone untuk mengganti password, padahal saya lupa password tapi malah dipersulit seperti ini. Kepada Pihak Mobile JKN mohon segera diperbaiki karena ini bisa saja menyulitkan pengguna mobile JKN yang lain :)",Negatif,Negatif,88.2,10.9,88.2,Sesuai
4154,alifudin,5,2026-08-12,good,Positif,Positif,98.5,98.5,1.3,Sesuai
4155,Arsad 354,5,2026-08-12,"MOHON SISTEM NYA SEGERAH DI BENAHI, PADAHAL RUJUKAN BELUM HABIS MASA BERLAKU DAN TANGGAL KONTROL PUN SUDAH DI TENTUKAN DARI PIHAK RUMAHSAKIT TAPI KENAPA DI SAAT SAYA MENGAMBIL ANTRIAN SELALU ""SURAT KONTROL TIDAK DI TEMUKAN"" KARENA DARI PIHAK RUMAHSAKIT JUGA MENGELUHKAN APLIKASI INI SERING EROR SAMPAI SAYA DI ANJURKAN UNTUK MENDAFTAR MENGGUNAKAN APLIKASI DARI RUMAHSAKIT TOLONG SEGERA ADA PENINJAUAN DAN PERUBAHAN, INI APLIKASI UNTUK LAYANAN KESEHATAN BUKAN APLIKASI UNTUK HIBURAN !!!",Negatif,Negatif,89.1,10.4,89.1,🚨 Bintang 4-5 tapi Prediksi ML Negatif (Taktik Komplain)
4156,jouli aurel,1,2026-08-12,"jahat sumpah aplikasi gajelas, kalau udah verif di awal kenapa harus ganti nomor dan email? disaat urgent malah ngerepotin.",Negatif,Negatif,96.2,3.3,96.2,Sesuai
4157,Agus Nugroho,5,2026-08-12,mudah cepat,Positif,Positif,95.6,95.6,4.2,Sesuai
4158,Nur Insan,1,2026-08-12,aplikasi bodol,Negatif,Positif,51.5,51.5,45.6,💡 Bintang 1-2 tapi Prediksi ML Positif (Pujian / Salah Klik)
4159,laode asrajudin,5,2026-08-12,sangat luar biasa,Positif,Positif,94.8,94.8,4.6,Sesuai
4160,Sayyidah Libra,1,2026-08-12,kurang bagus apk nya,Negatif,Positif,85.3,85.3,13.8,💡 Bintang 1-2 tapi Prediksi ML Positif (Pujian / Salah Klik)
4161,NUR KHOLIFAH,1,2026-08-12,hp lama nggak bisa buat download aplikasi ini. padahal kalau berobat harus pakai aplikasi ini.,Negatif,Negatif,89.5,10.2,89.5,Sesuai
4162,Guntur Utomo Putro,3,2026-08-12,"mempersulit pendaftaran, dibuka loading terus",Netral,Negatif,70.3,29.1,70.3,Sesuai
4163,Rahma Jamaluddin,1,2026-08-12,aplikasi ini nyusahin pasien dan keluarga,Negatif,Positif,53,53,45.9,💡 Bintang 1-2 tapi Prediksi ML Positif (Pujian / Salah Klik)
4164,sri wahyuni,5,2026-08-12,tingkatkam lgi pelayanan biar lebih bagus,Positif,Positif,88,88,11.5,Sesuai
4165,gun faiz,5,2026-08-12,Mobile JKN mantap 👍,Positif,Positif,97,97,2.8,Sesuai
4166,Beni Apriadi,5,2026-08-12,oke,Positif,Positif,97.4,97.4,2.4,Sesuai
4167,friska abelia,5,2026-08-11,mantap,Positif,Positif,99.2,99.2,0.7,Sesuai
4168,Dafit Russel,4,2026-08-11,semoga aplikasi kesehatan ini lebih mudah di akses,Positif,Positif,96.4,96.4,3.5,Sesuai
4169,Air Studio,1,2026-08-11,"padahal banyak yang kasih rating buruk tapi gak ada perbaikan?? saran/kritik tolong direspon bijak : 1) keluhan umum, tolong perbaikin sistem login/logout agar lebih mudah dan cepat. 2) aturan BPJS tidak memperbolehkan seorang pasien mengaktifkan dua surat rujukan online karena resiko berobat di hari yg sama kenapa membuat pasien jadi harus daftar manual..!? kedua kendala tsb diatas tidak bisa diatasi karena tenaga programer apk masih lemot, jadi tolong diperbaiki, rekrut programer yang handal.",Negatif,Negatif,81.8,17.9,81.8,Sesuai
4170,Saya Ogik,5,2026-08-11,mantap,Positif,Positif,99.2,99.2,0.7,Sesuai
4171,asferry irawan,1,2026-08-11,"Iuran telat dikejar kejar harus bayar denda, skrg mau daftar aja gak bisa bisa, bagaimana jadinya buat yang sakit butuh penanganan cepat",Negatif,Negatif,83.9,15.7,83.9,Sesuai
4172,Irvan Dianto,5,2026-08-11,sangat membantu mempermudah urusan,Positif,Positif,98.5,98.5,1.4,Sesuai
4173,Kacong Ge oge,2,2026-08-11,"data nyala, tapi ternyata tidaj masuk ada notif kalo offline",Negatif,Negatif,71.5,26.8,71.5,Sesuai
4174,Dani Setiawan,3,2026-08-11,setelah priksa info riwayat pelayanan tidak langsung keluar padahal sangat dibutuhkan untuk surat ijin kerja,Netral,Negatif,55.2,42.1,55.2,Sesuai
4175,bengak nian,5,2026-08-11,akhirnya data perubahan terkirim.terima kasih Mobile JKN.,Positif,Positif,92,92,7.9,Sesuai
4176,ADra 77,4,2026-08-11,lumayan,Positif,Positif,83.2,83.2,15.5,Sesuai
4177,Budi Santoso,5,2026-08-11,bagus,Positif,Positif,98.2,98.2,1.7,Sesuai
4178,deni aliansyah,5,2026-08-11,tdk bisa di upgrd,Positif,Negatif,89.5,10.3,89.5,🚨 Bintang 4-5 tapi Prediksi ML Negatif (Taktik Komplain)
4179,Mimi Ratnawati,3,2026-08-11,"saya merasa terbantu,dan mempermudah juga efesien waktu tunggu. terimakasih",Positif,Positif,98.2,98.2,1.7,Sesuai
4180,MARSHALL D. TEACH,1,2026-08-11,makin oncom nih aplikasi perintah??? nik udah bener nggak bisa masuk masuk login.. nyusahin,Negatif,Negatif,98.9,1,98.9,Sesuai
4181,cakmif gresik,1,2026-08-11,Tolong aplikasi mobil JKN Kenapa Tidak bisa di instal di android versi 8.1.0 ???,Negatif,Negatif,67.1,32,67.1,Sesuai
4182,Siti Nurjanah,1,2026-08-11,TIDAK BISA DI INSTAL DI ANDROID 8.1.0 😭😭😭😭,Negatif,Negatif,92.4,7.1,92.4,Sesuai
4183,RAMA FERIDANSYAH,1,2026-08-11,gak jelas aplikasi ya,Negatif,Negatif,95.7,4.1,95.7,Sesuai
4184,Azizah Pratama,1,2026-08-11,login aj susah suwek,Negatif,Negatif,90.1,9.4,90.1,Sesuai
4185,Irham Nayra,5,2026-08-11,samgat membantu dari pemerintah,Positif,Positif,57.8,57.8,41.5,Sesuai
4186,Muhammad Yunus,5,2026-08-11,terimakasih jkn,Positif,Positif,89,89,9.8,Sesuai
4187,Candra Kirana Siahaan,1,2026-08-11,"kode otp tidak diberikan, padahal nomor sudah benar",Negatif,Negatif,94.7,4.8,94.7,Sesuai
4188,Yanti Yanti,1,2026-08-11,perbaiki sms kode otp no hp nya,Negatif,Negatif,89,10.5,89,Sesuai
4189,Muthoharoh Mut29,5,2026-08-11,sejauh ini puas dengan pelayananya,Positif,Positif,96.5,96.5,2.8,Sesuai
4190,Alwan Sujatmiko,5,2026-08-11,sangat membantu,Positif,Positif,99.7,99.7,0.3,Sesuai
4191,Rian seleksi,5,2026-08-11,bermanfaat program jokowi ini,Positif,Positif,92.1,92.1,7.2,Sesuai
4192,Abu Syamil,5,2026-08-11,praktis,Positif,Positif,88.4,88.4,10.7,Sesuai
4193,Marhan Erwansyah,1,2026-08-11,"masa baru bekas operasi diwajah disuruh senyum buat verifikasi foto , tolong difikir lagi kalo cuma minta foto real time bisa tapi kalo buat yg sakit wajah atau yg wajah nya ga bisa digerakin gimana , kalo bikin verifikasi lebih dipikir kan kondisi pasien yg habis operasi dong!",Negatif,Negatif,93.8,5.9,93.8,Sesuai
4194,Uwes,1,2026-08-11,"aplikasi bodong bodong g bisa daptar, cuma sampah.",Negatif,Negatif,88,11.5,88,Sesuai
4195,Muh. Taufiq,5,2026-08-11,mantap,Positif,Positif,99.2,99.2,0.7,Sesuai
4196,Glenn Nugroz,1,2026-08-11,Ini saya daritadi mau log-in aja susah banget. Error-error aja. Udah mah sekarang kalo kontrol kudu pake aplikasi ini buat daftarnya. Saya harus gimana coba? Minimal perbaiki sistemnya dulu sebelum di implementasikan. Bobrok banget.,Negatif,Negatif,93.9,5.7,93.9,Sesuai
4197,Lonelly Game,1,2026-08-11,"aplikasinya ribet, gagal mulu verifikasi, ngurangin pulsa terus tapi gagal mulu, sangat jelek dan tidak praktis, lupa pasword mau ganti juga harus pakai pulsa, tapi gagal mulu, sangat kecewa",Negatif,Negatif,97.6,2.2,97.6,Sesuai
4198,Fandi Aja,1,2026-08-11,"buruk apk gak guna apaan dah sandi dah bener masak kagak bisa masuk, padahal sandi dll semua dah ku foto masih saja kagak bisa masuk 👎👎👎👎👎👎",Negatif,Negatif,94.7,4.9,94.7,Sesuai
4199,Tommy Widasmara,5,2026-08-11,mudah digunakan dan tidak rumit,Negatif,Positif,68.2,68.2,31.5,Sesuai
4200,Min Yati,5,2026-08-11,👍👍👍,Positif,Positif,51.5,51.5,45.6,Sesuai
4201,Abdaul Unsha Amanah98,5,2026-08-11,terimakasih sangat membantu,Positif,Positif,97.8,97.8,2,Sesuai
4202,mori shima,1,2026-08-11,login aja susah bener,Negatif,Negatif,94.7,4.7,94.7,Sesuai
4203,Yusup Komarudin,5,2026-08-11,nice,Positif,Positif,91.9,91.9,7.2,Sesuai
4204,Rais Septiana,1,2026-08-11,tidak bisa menggunakan kamera blakan harusnya ada karena kalau anak kecil mau daptar susah kalau suruh selvi,Negatif,Negatif,91.5,8.2,91.5,Sesuai
4205,Diva Alvionita,1,2026-08-11,"aplikasi rusak, tiap mao daftar antrian gabisa, niat mao mempermudah malah mempersulit",Negatif,Negatif,95.5,4.3,95.5,Sesuai
4206,Muhamad Aswin,4,2026-08-11,bagus dan bermanfaat,Positif,Positif,99.1,99.1,0.8,Sesuai
4207,anisah sahaja,5,2026-08-11,"aplikasi lancar, mudah digunakan",Positif,Positif,98.3,98.3,1.7,Sesuai
4208,Keysha Putrikudriah,5,2026-08-11,"mudah di gunakan ,semoga kedepan nya untuk perubahan data di permudah",Positif,Positif,97.4,97.4,2.5,Sesuai
4209,Ridul Ridul,1,2026-08-11,kode otp SMS GK masuk² padahal kartunya masih aktif...tolong di perbaiki sistemnya,Negatif,Negatif,97.1,2.7,97.1,Sesuai
4210,Ajik Pratama,5,2026-08-11,bagus,Positif,Positif,98.2,98.2,1.7,Sesuai
4211,Aziz Munif,5,2026-08-11,Moga tambah baik,Positif,Positif,89.4,89.4,10.2,Sesuai
4212,Putri Wulandari,5,2026-08-11,bagus,Positif,Positif,98.2,98.2,1.7,Sesuai
4213,Imas Imas,5,2026-08-11,sangat luar bisa,Positif,Positif,82.5,82.5,16.7,Sesuai
4214,Sigit Yoga,5,2026-08-11,good,Positif,Positif,98.5,98.5,1.3,Sesuai
4215,Turzyin Zyin,5,2026-08-11,ok,Positif,Positif,51.5,51.5,45.6,Sesuai
4216,Fakhrur Rozi,5,2026-08-11,Memudahkan Pelayanan Peserta JKN.,Positif,Positif,94.8,94.8,4.6,Sesuai
4217,Joko Budi,5,2026-08-11,siippp,Positif,Positif,77.6,77.6,19.8,Sesuai
4218,shakila zalfa02,2,2026-08-11,"susah nya minta ampun mau daftar faskes 1 aja, padahal sudah jelas jadwal dokter nya tp ga bisa"" ambil antrian online..payah",Negatif,Negatif,95,4.8,95,Sesuai
4219,Febri Nggir pramono,5,2026-08-11,sangat berguna dlm memgantri,Positif,Positif,94.3,94.3,5.3,Sesuai
4220,Tuan Shelby,5,2026-08-11,Mungkin bisa di perbaiki karena sering eror,Negatif,Negatif,86.4,13,86.4,🚨 Bintang 4-5 tapi Prediksi ML Negatif (Taktik Komplain)
4221,Dewi Fatmawati,3,2026-08-11,kenapa sih tiap mau log in gagal terus tolong dong perbaiki!!!,Netral,Negatif,88.8,10.7,88.8,Sesuai
4222,Heru Koesnady,5,2026-08-11,"aplikasi mudah dibaca dan dimengerti, pelayanan juga lengkap, sangat membantu 😊👍",Positif,Positif,98.3,98.3,1.5,Sesuai
4223,Kent Abim (Kenz),1,2026-08-11,useless app. kode otp sampah,Negatif,Negatif,96.8,3.1,96.8,Sesuai
4224,Mr Ryan,5,2026-08-11,mempermudah perbaikan data,Positif,Positif,88.6,88.6,11.3,Sesuai
4225,Armansah,1,2026-08-11,gara gara gak ada RT/RW gak bisa rekam medis aplikasi apaan ini emang kan gak ada RT /RW di KTP terus gimana kocaklah,Negatif,Negatif,94.4,5.2,94.4,Sesuai
4226,IsOne Doyo,1,2026-08-11,"jika semua layanan Pemerintah pakai aplikasi JEBOL HP BORO BORO BUAT BELI HP BUAT BEROBAT SAJA NGK ADA DUWIT , UDAH GITU HARUS UP DATE PULA",Negatif,Negatif,78.5,20.5,78.5,Sesuai
4227,Nos Nos,5,2026-08-11,semoga selalu membantu masyarakat miskin indonesia dengan pelayanan yg baik dari pihak2 yang terkait,Positif,Positif,96.1,96.1,3.6,Sesuai
4228,Jan Nuar,1,2026-08-11,"ampas, mau daftar kudu isi pulsa ud di isi no otp, balik ke aplikasi ulang lg dari awal emg aplikasi pemerintah ga ada yg bener eror mulu",Negatif,Negatif,98.8,1,98.8,Sesuai
4229,Nara Balawa,1,2026-08-11,kalau aplikasi ini memang tidak sanggup membantu . lebih baik berbesar hati lah untuk dihapus atau segeralah berubah jadi lebih baik . kenapa gak ada apliksi kita yang agak lumayan berguna .tolong lah ... kalian ..ada untuk membantu atau bikin ribet sih ???,Negatif,Positif,55.8,55.8,43.9,💡 Bintang 1-2 tapi Prediksi ML Positif (Pujian / Salah Klik)
4230,Hadi Brata,5,2026-08-11,"pelayanan cepat dan baik, tetapi harus lebih baik lagi",Positif,Positif,96.5,96.5,3.3,Sesuai
4231,Thobibah 73,5,2026-08-11,Alhamdulillah bisa lebih mudah menggunakan nya,Positif,Positif,97.8,97.8,2.1,Sesuai
4232,Lia Yuniar,5,2026-08-11,yahudd,Positif,Positif,51.5,51.5,45.6,Sesuai
4233,Aknes Damastanti,3,2026-08-11,Bikin geram banget .. sering log out sendiri !!,Netral,Negatif,97.8,2,97.8,Sesuai
4234,hendra irawan,5,2026-08-11,terimakasih sangat bermanfaat,Positif,Positif,97.9,97.9,1.9,Sesuai
4235,Bank Semesta,5,2026-08-11,terbaik,Positif,Positif,81,81,18.5,Sesuai
4236,DEDY EKO CAHYONO,1,2026-08-11,aplikasi tidak berguna,Negatif,Negatif,91.5,8.3,91.5,Sesuai
4237,sudarto unair,5,2026-08-11,"Cepat, mudah mengakses",Positif,Positif,97.5,97.5,2.4,Sesuai
4238,Ega Dwi Adytia,1,2026-08-11,frista face recognition apalah verifikasi wajah gabisa bisa udah mah ga mirror jadi susah gagal terus,Negatif,Negatif,96.8,2.8,96.8,Sesuai
4239,I Wayan Purta,5,2026-08-11,proses lancar dgn mobile jkn,Positif,Positif,87.9,87.9,11.9,Sesuai
4240,Khiranaputri Putri,1,2026-08-11,kenapa susah nya mintak ampun mau login,Negatif,Negatif,85.7,12.9,85.7,Sesuai
4241,Meiva Kaeng,5,2026-08-11,Sejak pakai JKN mau urus apapun dengan 1KK gampang banget,Positif,Negatif,60.5,38.1,60.5,🚨 Bintang 4-5 tapi Prediksi ML Negatif (Taktik Komplain)
4242,Irna Putri,1,2026-08-11,jujur malah ngeribetin karena aplikasinya banyak crash,Negatif,Negatif,73.7,23.2,73.7,Sesuai
4243,Nathan Gultom,1,2026-08-11,"payah,.. ribet ,..berbelit-belit",Negatif,Negatif,85.4,13.4,85.4,Sesuai
4244,siti derliyan utami,1,2026-08-11,"susah banget daftarnya, sudah dua hp masalahnya tetap sama di bagian login no hp, remed lagi bikin apknya ya kak, yang kaya gini di jadiin tempat buat masyarakat, tolong perbaiki lagi..",Negatif,Negatif,93.8,5.8,93.8,Sesuai
4245,HOBBI PARGAULAN,5,2026-08-11,sangat membantu,Positif,Positif,99.7,99.7,0.3,Sesuai
4246,Dasep Saepurohman,1,2026-08-11,susah untuk daftar masukan kode otp tapi gak masuk masuk gimana mau login coba aplikasi erorr,Negatif,Negatif,98.8,1.1,98.8,Sesuai
4247,Palahudin Abdidesa,5,2026-08-11,"mantap sangat mudah penggunaan nya dapat membantu,",Positif,Positif,99.5,99.5,0.5,Sesuai
4248,Pku 2021,1,2026-08-11,"Aplikasi rusak, banyak Bug nya, Responnya lambat.",Negatif,Negatif,85.9,12.2,85.9,Sesuai
4249,Dinda dwi aryanti dinda,5,2026-08-11,sangat memudahkan,Positif,Positif,98.4,98.4,1.5,Sesuai
4250,Chriz Kounang,5,2026-08-11,aplikasi sangat mudah di gunakan,Positif,Positif,97.7,97.7,2.3,Sesuai
4251,Acah Rasminah,5,2026-08-11,Alhamdulillah dengan JKN permudah urusan nya,Positif,Positif,94.4,94.4,5,Sesuai
4252,Erawathy Buton,5,2026-08-11,sangat bagus,Positif,Positif,99,99,0.9,Sesuai
4253,Alif Abdillah,5,2026-08-11,ok bagus,Positif,Positif,98.2,98.2,1.7,Sesuai
4254,Hairul Indra,5,2026-08-11,"Sangat bagus, tapi agak rumit.",Negatif,Positif,85.2,85.2,14.3,Sesuai
4255,Nuralisa Nur,5,2026-08-11,sangat puas dan bisa membantu tanpa ribet,Negatif,Positif,94.2,94.2,5.5,Sesuai
4256,Mahfur Hidayat,4,2026-08-11,"Bagus, tapi pendaftarannya kok pake otp berbayar... bikin bingung aka.. 🤦‍♂️",Positif,Negatif,62.5,36.3,62.5,🚨 Bintang 4-5 tapi Prediksi ML Negatif (Taktik Komplain)
4257,Ahmad Nasrulloh,5,2026-08-11,bagus,Positif,Positif,98.2,98.2,1.7,Sesuai
4258,Achmad Rochman,5,2026-08-11,"layanan baik,walau terkadang trobel saat verifikasi wajah",Positif,Negatif,55.2,43.3,55.2,🚨 Bintang 4-5 tapi Prediksi ML Negatif (Taktik Komplain)
4259,SRI WARDIAWAN,1,2026-08-11,gak jelas gak bisa menerima kode otp SMS aneh,Negatif,Negatif,97.3,2.6,97.3,Sesuai
4260,PejuangSubuh _Arif SN,5,2026-08-11,bagus,Positif,Positif,98.2,98.2,1.7,Sesuai
4261,Nurul Qudratullah,5,2026-08-11,mantap,Positif,Positif,99.2,99.2,0.7,Sesuai
4262,Syarifuddin Hafiz,5,2026-08-11,mantaaaaap,Positif,Positif,99.2,99.2,0.7,Sesuai
4263,Erlangga Pku,1,2026-08-11,knapa saya daftar no verifikasi tidak keluar,Negatif,Negatif,85.5,13.9,85.5,Sesuai
4264,Mexci Fernando,1,2026-08-11,Aplikasi cacat yg selalu minta nomor verivikasi lewat sms tp nomornya tidak pernah dikirim tiap ambil antrean selalu minta nomor verivikasi,Negatif,Negatif,93.7,5.7,93.7,Sesuai
4265,Anisa F,5,2026-08-11,🫶🏻terrrrr debest pokonya,Positif,Positif,66,66,31.1,Sesuai
4266,bakhtiar saputra,5,2026-08-11,Alhamdulillah,Positif,Positif,91,91,8.3,Sesuai
4267,Lucky Syahbahri,5,2026-08-11,bagus,Positif,Positif,98.2,98.2,1.7,Sesuai
4268,Erik Afandy,5,2026-08-11,aplikasi ini sangat membantu saya dalam hal kesehatan,Positif,Positif,98.6,98.6,1.2,Sesuai
4269,H. Ismail,3,2026-08-11,Kebanyakan bug aplikasi sering log out sdri,Netral,Negatif,97.3,2.2,97.3,Sesuai
4270,Aziz Manting,1,2026-08-11,"susah banget buat daftar, kode verifikasi nya ga ada yang masuk. udah minta dikirim ulang berkali kali",Negatif,Negatif,97.3,2.4,97.3,Sesuai
4271,Irene Farah,1,2026-08-11,ngambil nmor antrian faskes selalu error,Negatif,Negatif,83.1,16.3,83.1,Sesuai
4272,Sandi Snd,3,2026-08-11,"aplikasi nya sering mogok sendiri, kadang eror sendiri",Netral,Negatif,83.5,14.8,83.5,Sesuai
4273,Isti Komah,5,2026-08-11,Alhamdulillah dengan ada nya aplikasi mobil jln dapat memudahkan kami,Positif,Positif,92.4,92.4,7.1,Sesuai
4274,Tigor Hutabarat,1,2026-08-11,"bnyak BUG tolong perbaiki . kode otp gk masuk""",Negatif,Negatif,95.6,4.1,95.6,Sesuai
4275,arkan aja,5,2026-08-11,mantap,Positif,Positif,99.2,99.2,0.7,Sesuai
4276,Tri Rahayu,5,2026-08-11,the best aplikasi,Positif,Positif,97.6,97.6,1.9,Sesuai
4277,surya di,5,2026-08-11,bagus,Positif,Positif,98.2,98.2,1.7,Sesuai
4278,travel ponorogo ae,1,2026-08-11,apk sampah daftar/login gagal terus apk gak jelas,Negatif,Negatif,99.3,0.7,99.3,Sesuai
4279,Tralala Trilili,2,2026-08-11,Ga jelas banget! Makin di update makin harus pakai device terbaru kah? Apakah yang boleh mengakses app ini hanya segelintir kalangan atas yang punya device terbaru? Kalangan menengah ke bawah yang punya device pas-pasan ga boleh akses app ini kah? Baru aja mau update app di HP Ibu (device versi lama) malah ga bisa (device tidak kompatibel ceunah). Gimana nih? Bukankah app ini diperuntukkan untuk masyarakat umum yang berkaitan dengan masalah kesehatan?,Negatif,Negatif,91.1,8.2,91.1,Sesuai
4280,Kadek Budi Adnyana,5,2026-08-11,sangat membantu,Positif,Positif,99.7,99.7,0.3,Sesuai
4281,Jaka Sparo,5,2026-08-11,"Error mulu,mending ga usah nyediain aplikasi kalo dikit dikit error",Positif,Negatif,89,10,89,🚨 Bintang 4-5 tapi Prediksi ML Negatif (Taktik Komplain)
4282,Ujang Dinyar,5,2026-08-11,Ok,Positif,Positif,51.5,51.5,45.6,Sesuai
4283,Murcahyo Koes Hermawan Adhy,1,2026-08-11,apaan saya daftar antrean faskes 1 gak bisa bisa,Negatif,Negatif,92.7,7.2,92.7,Sesuai
4284,Siska Daromes,5,2026-08-11,"pelayanannya bagus, cepat, dan ramah🙏",Positif,Positif,99.5,99.5,0.5,Sesuai
4285,roben baricelo,5,2026-08-11,sipp dah,Positif,Negatif,57,41.1,57,🚨 Bintang 4-5 tapi Prediksi ML Negatif (Taktik Komplain)
4286,Eka Febriyani,5,2026-08-11,sangat berguna untuk mengurus BPJS lewat online tidak perlu langsung ke tempat BPJS nya,Positif,Positif,77.5,77.5,21.6,Sesuai
4287,Lipina Tanata,5,2026-08-11,bagus,Positif,Positif,98.2,98.2,1.7,Sesuai
4288,Rahma Sintya,2,2026-08-10,"susah, ribet",Negatif,Negatif,89.4,9.7,89.4,Sesuai
4289,Enon Indira19,5,2026-08-10,semakin memudahkan,Positif,Positif,84.2,84.2,15.4,Sesuai
4290,Stevan Mandagi,1,2026-08-10,nomor pendaftaran benar tapi otp tidak pernah masuk,Negatif,Negatif,95.6,3.9,95.6,Sesuai
4291,Edy bun,5,2026-08-10,aplikasi nya berjalan normal dan sangat membantu.,Positif,Positif,95.3,95.3,4.6,Sesuai
4292,laode Muhamad,1,2026-08-10,"PENGURUSANYA Ribet, kode otp tdk masuk sdh berkali kali di minta tdk pernah dikirim",Negatif,Negatif,97.8,2,97.8,Sesuai
4293,Maryadi Raharjo,2,2026-08-10,ruwet susah masuk menyusahkan masyarakat yang sudah sakit jadi tambah sakit,Negatif,Negatif,84.8,14.6,84.8,Sesuai
4294,R ama,1,2026-08-10,untuk mendapat kan kode verifikasi nya susah tidak muncul muncul,Negatif,Negatif,86,13.5,86,Sesuai
4295,Esti Dwi,1,2026-08-10,"Tidak ada pengganti untuk android verai 8.1.0, terlalu memaksakan, tidak semua rakyat indonesia punya hp bagus.",Negatif,Negatif,85.9,13.7,85.9,Sesuai
4296,Nengliyah Fadillah,2,2026-08-10,"sebelum aplikasinya di update lancar2 saja utk log in jika akunnya log out sendiri, tpi setelah di update knpa malah gak bisa masuk sama sekali, captca nya gak muncul2, tak pikir cuma lg error, tpi ko dicoba2 trus ttp gak muncul2. tolong perbaikilah.",Positif,Negatif,96.8,3,96.8,Sesuai
4297,Sami Ae,5,2026-08-10,"Maaf saya kasih bintang 1 karena kode chapta nya bikin pusing. Makin kesini bukan nya makin gampang buat masuk ini makin sulit, mana anak masih berobat jalan di RS, mau daftar buat besok ini malah gak bisa.",Positif,Negatif,94,5.7,94,🚨 Bintang 4-5 tapi Prediksi ML Negatif (Taktik Komplain)
4298,Bobby RnT,1,2026-08-10,"ini developer tolong di cek sistemnya , KODE OTP TIDAK MASUK MASUK , semua pengguna mengeluh , kalian dengarkan inii baik baik , hal sekecil ini aja tidak peduli , bagaimana peduli dengan rakyat",Negatif,Negatif,84.8,14.8,84.8,Sesuai
4299,Triyo Wahyudi,5,2026-08-10,terimakasi banyak atas mobile jkn mempermuat berobat di mana²,Positif,Positif,60.6,60.6,38.8,Sesuai
4300,Muhamad Ali (Mamat),5,2026-08-10,bakk sekali,Positif,Positif,51.5,51.5,45.6,Sesuai
4301,Tri Bangun Wibowo,5,2026-08-10,bagus,Positif,Positif,98.2,98.2,1.7,Sesuai
4302,Heri supri,1,2026-08-10,kenapa sekarang tidak kompatibel di henpon saya padahal dulu bisa saya akses lewat hape saya tapi sekarang tidak bisa,Negatif,Negatif,88.3,10.9,88.3,Sesuai
4303,koni leoaditia,3,2026-08-10,sangat membutuhkan,Netral,Positif,59.7,59.7,38.2,Sesuai
4304,Sribulan M zakir Bulan,5,2026-08-10,"sangat bagus dan memuaskan,pelayanan lebih cepat dan mudah dengan adanya aplikasi ini",Positif,Positif,99.9,99.9,0.1,Sesuai
4305,Paala Paala,1,2026-08-10,"Ini udh ganti klinik 5 hari yg lalu belum update² yaaa, mau ambil antrian malah ke klinik yang sebelumnya. sedangkan status udah di klinik baru",Negatif,Negatif,81.6,17.4,81.6,Sesuai
4306,Yanto Azzahra,1,2026-08-10,"meman sengaja di persulit sepertinya oleh BPJS,sbb setiap bln hrs login ulang, kebanyakan pemakaian nya lansia yg gk ngerti aplikasi.. JKN mohon lh jngn di persulit lgi para lansia ini..masa log-in ulang trs setiap daftar antrian,mna semuanya sdh bnar tpi selalu dan selalu ggl.. masarakat sdh susah jgn lgi di tambah aplikasi JKN yg tdk berpihak kepada para orang sakit..masa sekelas aplikasi pemerintah gk bisa bkin yg mudah jg proper.. jika sdh login sekali ya jngn di buat log out atomatis tolong",Negatif,Negatif,96.5,3.2,96.5,Sesuai
4307,farid ahmad,5,2026-08-10,mantap,Positif,Positif,99.2,99.2,0.7,Sesuai
4308,Alexhaha,1,2026-08-10,"aplikasi yang benar sedikit masa ia baru saja minta kode ,kode masuk buka Gmail mau masukin kode di ulang lagi yang benar sedikit apk ngk jelasss!!!!!!!!!!!!!!!!!!! 2026",Negatif,Negatif,95.5,4.2,95.5,Sesuai
4309,Herri Saputra,5,2026-08-10,ok,Positif,Positif,51.5,51.5,45.6,Sesuai
4310,fik Yo,1,2026-08-10,"dicoba berapa kali ga muncul' kode otp nya, apk apaan ini",Negatif,Negatif,97.7,2.1,97.7,Sesuai
4311,Angelika Loran,1,2026-08-10,"aplikasi menyusahkan, tidak mendapat kode otp.",Negatif,Negatif,94.3,5.3,94.3,Sesuai
4312,Isar Ngandro,5,2026-08-10,Baik,Positif,Positif,81,81,18.5,Sesuai
4313,Febri Ansyah.N,1,2026-08-10,"apasih gak bisa di gunakan padhal jaringan oke sinyal wifi oke semua tapi capcha gak keluar keluar gak jelas, mempersulit rakyat aja",Negatif,Negatif,75.1,24.6,75.1,Sesuai
4314,cucun cunarsih,1,2026-08-10,sampah,Negatif,Negatif,85.2,14.1,85.2,Sesuai
4315,Gus Tafin,3,2026-08-10,harus nya cocok untuk semua androd.. ini sudah gak cocok di android 9 punya saya. gimana mau bukak..? tolong di perbaiki.trimakasi,Netral,Negatif,84.8,14.2,84.8,Sesuai
4316,Mi Mi,5,2026-08-10,kenapa jkn mobile egk bisa dibuka ya,Positif,Negatif,55.1,44.2,55.1,🚨 Bintang 4-5 tapi Prediksi ML Negatif (Taktik Komplain)
4317,Ayu Nda,1,2026-08-10,menjengkelkan aplikasi nya,Negatif,Positif,61.9,61.9,34.9,💡 Bintang 1-2 tapi Prediksi ML Positif (Pujian / Salah Klik)
4318,Adelia Absyah,5,2026-08-10,sangat membantu,Positif,Positif,99.7,99.7,0.3,Sesuai
4319,Efrin Riyadi,5,2026-08-10,Mantap,Positif,Positif,99.2,99.2,0.7,Sesuai
4320,M Nurul Hidayat (Dayat),1,2026-08-10,mau daftar pake masukin no hp. giliran OTP sms gak masuk-masuk,Negatif,Negatif,96.6,3.1,96.6,Sesuai
4321,Milan Honny,1,2026-08-10,aplikasi gilaaaaaak,Negatif,Positif,51.5,51.5,45.6,💡 Bintang 1-2 tapi Prediksi ML Positif (Pujian / Salah Klik)
4322,Erna Wati,5,2026-08-10,ok,Positif,Positif,51.5,51.5,45.6,Sesuai
4323,Mrizal Fauzi,5,2026-08-10,good job,Positif,Positif,97.5,97.5,2.1,Sesuai
4324,Metro Cafe,5,2026-08-10,aplikasi luarbiasa sangat membantu rakyat indonesia,Positif,Positif,86.9,86.9,12.6,Sesuai
4325,Ila Ubay,5,2026-08-10,ruangan mawar merah ruangan nya nyaman dan bersih,Positif,Positif,55.5,55.5,41.4,Sesuai
4326,uswatun hasanah,5,2026-08-10,untuk menu perubahan data peserta mudah dan cepat,Positif,Positif,97.9,97.9,2.1,Sesuai
4327,Arif Lestari,1,2026-08-10,sangat tidak membantu,Negatif,Positif,54.1,54.1,44.8,💡 Bintang 1-2 tapi Prediksi ML Positif (Pujian / Salah Klik)
4328,ais amanah,1,2026-08-10,"bapak/ibu ijin aplikasi saya tidak bisa digunakan karena sudah login lebih dari 3 nik yang berbeda, gimana solusinya???",Negatif,Negatif,81.3,16.8,81.3,Sesuai
4329,dudung didim,5,2026-08-10,"sangat membantu saya , bisa melihat keaktifan bpjs satu kelurga saya dan bisa mempermudah saya untuk merubah faskes anak saya dari pkm jaram jauh sampe jarak dekat",Positif,Positif,91.9,91.9,7.4,Sesuai
4330,Heldi Kurniawan,5,2026-08-10,bagus,Positif,Positif,98.2,98.2,1.7,Sesuai
4331,Yoga Manna,5,2026-08-10,mantap,Positif,Positif,99.2,99.2,0.7,Sesuai
4332,Steven Ven,1,2026-08-10,aplikasi yg merepotkan masyarakat mau daftar tiba tiba loq out,Negatif,Negatif,89.7,9.9,89.7,Sesuai
4333,Liza,1,2026-08-10,"jelek gabisa daftar eror trs,tolong dong di benerin dulu apknya sampe bener"" gaada yg eror lagi.. mau berobat aja susahh disuruh daftar jkn.. eh pas daftar gabisa eror apknya.. kan aneh.. menyusahkan rakyat haha🤔🤔",Negatif,Negatif,98.7,1.1,98.7,Sesuai
4334,Renaldi Ariandy,5,2026-08-10,layanan memuaskan.,Positif,Positif,95.2,95.2,4.3,Sesuai
4335,Adam Kusuma,1,2026-08-10,aplikasi sakit minta kirim kode otp nomor telepon ga keluar keluar udah 10x,Negatif,Negatif,96.2,3.4,96.2,Sesuai
4336,Saya Adalah,1,2026-08-10,aplikasi susah banget buat verifikasi nomor .,Negatif,Negatif,91.7,7.7,91.7,Sesuai
4337,Nur Asih,5,2026-08-10,pelayanan memuaskan,Positif,Positif,95.2,95.2,4.3,Sesuai
4338,Syifa Nurfadilah,5,2026-08-10,sangat membantu,Positif,Positif,99.7,99.7,0.3,Sesuai
4339,Pulut 18,1,2026-08-10,"pengguna disulitkan, alasan internet jelek, padahal lancar, sms otp gak masuk padahal nomor benar.",Negatif,Negatif,95.7,4.2,95.7,Sesuai
4340,Alwi Ahmad,5,2026-08-10,mantap,Positif,Positif,99.2,99.2,0.7,Sesuai
4341,Yanti Hayanti,3,2026-08-10,bagus,Positif,Positif,98.2,98.2,1.7,Sesuai
4342,Indra Diran,5,2026-08-10,sangat bagus,Positif,Positif,99,99,0.9,Sesuai
4343,Desi Herawati,5,2026-08-10,pelayanan memuaskan,Positif,Positif,95.2,95.2,4.3,Sesuai
4344,Yusran Buamona,5,2026-08-10,sangat bagus,Positif,Positif,99,99,0.9,Sesuai
4345,Panglima Kumbang,5,2026-08-10,mempermudah dan sangat penting,Positif,Positif,97.6,97.6,2.3,Sesuai
4346,Wagito Ito,1,2026-08-10,sangat baik,Negatif,Positif,96.4,96.4,3.4,💡 Bintang 1-2 tapi Prediksi ML Positif (Pujian / Salah Klik)
4347,Dika Pratama,5,2026-08-10,cek BPJS yahdisini,Positif,Positif,54.4,54.4,43.6,Sesuai
4348,Muhammad Junaidi,5,2026-08-10,puas ketika semua pertanyaan d jawab,Positif,Positif,73.3,73.3,25.2,Sesuai
4349,Yudi H,1,2026-08-10,"saya booking utk 2 minggu kedepan sesuai jdwal kontrol selanjutnya, pas sudah jadwalnya ada notif dibatalkan, seenaknya ngomong karena sistem, undur lebih dari seminggu lagi",Negatif,Negatif,71.7,25.1,71.7,Sesuai
4350,Eriska Nuryani,5,2026-08-10,JKN mobile sangat membntu,Positif,Positif,66.2,66.2,32.1,Sesuai
4351,Nurjannah Harahap,5,2026-08-10,bagus,Positif,Positif,98.2,98.2,1.7,Sesuai
4352,elvan gaipsy,5,2026-08-10,sangat mwmbantu,Positif,Positif,51.5,51.5,45.6,Sesuai
4353,Siti Innasya,1,2026-08-10,sangat buruk berhari hari selalu eror terus tidak ada perbaikan atau bagaimana. mau ambil antrian jdi susah ujung ujung nya ngantri manual dan dapet antrian paling belakang!!,Negatif,Negatif,94.5,5,94.5,Sesuai
4354,Agus Efendi,5,2026-08-10,Luar biasa membantu,Positif,Positif,97.8,97.8,2,Sesuai
4355,Iwan Setiawan,5,2026-08-10,terimakasih,Positif,Positif,92.5,92.5,7,Sesuai
4356,Rembulan 07,1,2026-08-10,Aplikasi jelek.,Negatif,Negatif,96,3.7,96,Sesuai
4357,Sarip udin,5,2026-08-10,membantu,Positif,Positif,97.6,97.6,2.3,Sesuai
4358,Iwan Rombe,5,2026-08-10,sangat mudah dan membantu,Positif,Positif,99.7,99.7,0.3,Sesuai
4359,Tri Harjiyanto,2,2026-08-10,ngasih pop up tagihan mulu....pelayanan pasien BPJS aja sepelekan mau bayar langsung dari aplikasi gk bisa ampas sekali apk ini,Negatif,Negatif,77.6,21.6,77.6,Sesuai
4360,Yusma Rini (Yus),5,2026-08-10,terimakasih semoga sehat sekeluarga aamiin ya rabbal alamiin,Positif,Positif,97,97,2.8,Sesuai
4361,rizky wahyudi,1,2026-08-10,aplikasi tolol. ga bisa masukkan nomor hp,Negatif,Negatif,95.6,4,95.6,Sesuai
4362,Derma Sintike Gultom,5,2026-08-10,sangat baik,Positif,Positif,96.4,96.4,3.4,Sesuai
4363,Anugrahbijak musyafa,2,2026-08-10,"verifikasi nomor telepon error, tidak ada pesan yang terkirim, scan wajah selalu gagal.",Negatif,Negatif,97,2.7,97,Sesuai
4364,Muhamad Rizal,1,2026-08-10,sulit memperipikasi wajah,Negatif,Negatif,89.4,9.8,89.4,Sesuai
4365,Dewi Alim astuti,5,2026-08-10,bagus,Positif,Positif,98.2,98.2,1.7,Sesuai
4366,al gazhali,1,2026-08-10,loggin gagal² terus apk sampah,Negatif,Negatif,95.5,4.3,95.5,Sesuai
4367,Diky Saputra,5,2026-08-10,sangat membantu sekali,Positif,Positif,99.8,99.8,0.2,Sesuai
4368,M Ali Sofwan Sofwan,5,2026-08-10,sangat bagus👍,Positif,Positif,99,99,0.9,Sesuai
4369,demian chaniago,1,2026-08-10,apk jelek gabisa daftar BPJS,Negatif,Negatif,93.3,6.2,93.3,Sesuai
4370,Herma Rahmawati,3,2026-08-10,"sering logout secara tiba-tiba padahal baru sehari di daftarin, terus sering eror kalo udah Deket ke waktunya kontrol menyebalkan",Negatif,Negatif,93.2,6.4,93.2,Sesuai
4371,Siti Maryam,5,2026-08-10,suka error harus login beberapa kali,Positif,Negatif,89.8,9.6,89.8,🚨 Bintang 4-5 tapi Prediksi ML Negatif (Taktik Komplain)
4372,adder_ yaqin1,1,2026-08-10,kode OTP sms tidak bisa terkirim,Negatif,Negatif,97.9,2,97.9,Sesuai
4373,Eni Susanti,5,2026-08-10,layanannya memuaskan,Positif,Positif,95.2,95.2,4.3,Sesuai
4374,Lex bensel,1,2026-08-10,Percuma pakai aplikasi ini.. ga ada pengaruh nya sma sekali yg ada sebaliknya. jd AUTO RIBET . MASA DI MBIL. JKN TIAP DI CEK KEPESERTAAN KELUARGA SELALU GA AKTIF TRS. DAN ADA TANDA X.. TP DI CEK PANDAWA KETERANGAN SUDAH AKTIF 😂😂😂😂 gimana ini cerita nya suhu...,Negatif,Negatif,91.9,7.7,91.9,Sesuai
4375,Surya maimun,5,2026-08-10,mantap,Positif,Positif,99.2,99.2,0.7,Sesuai
4376,akhmad fahriza,1,2026-08-10,info kurang,Negatif,Negatif,56.2,40.9,56.2,Sesuai
4377,Jimmy Page One,4,2026-08-10,"kenapa saya mau daftar ga bisa ya, tolong dong, mau verifikasi kode otp ga dikirim kirim kodenya gimana mau daftarnya",Positif,Negatif,99.4,0.6,99.4,🚨 Bintang 4-5 tapi Prediksi ML Negatif (Taktik Komplain)
4378,Suyanto Edy,5,2026-08-10,terima kasih BPJS,Positif,Positif,93,93,6.6,Sesuai
4379,RickGrims21,5,2026-08-10,"kebanyakan korpusi, server ga di urus tolol, mending instal judol",Positif,Negatif,90.5,8.8,90.5,🚨 Bintang 4-5 tapi Prediksi ML Negatif (Taktik Komplain)
4380,Ahmad Rusmanto99,5,2026-08-10,okk gampang,Positif,Positif,60.7,60.7,37.9,Sesuai
4381,Danial Raid,5,2026-08-10,terimakasih untuk peserta jkn,Positif,Positif,88.5,88.5,10.4,Sesuai
4382,Ita Wahyu,1,2026-08-10,"aplikasi oon, ngebug mulu",Negatif,Negatif,54,42.1,54,Sesuai
4383,Husen Albizayn,5,2026-08-10,mantap,Positif,Positif,99.2,99.2,0.7,Sesuai
4384,Abdul Gani,5,2026-08-10,sangat baikkk,Positif,Positif,96.4,96.4,3.4,Sesuai
4385,gunturtrias prasetyo,5,2026-08-10,aplikasi ini sangat bagus ketika kita tidak membawa kartu BPJS dan ambil antrian dari jkn,Positif,Positif,88,88,11.4,Sesuai
4386,Johan harum Black johan,1,2026-08-10,"terlalu lama untuk mendapatkan no verifikasi,,,busuk app nya",Negatif,Negatif,84.5,14.8,84.5,Sesuai
4387,Intiqurota Ayun,2,2026-08-10,"aplikasi susah untuk buat daftar, disuruh nunggu dpt kode otp SMS tp gak masuk pdhl pulsa ada jaringan oke.... trus ini bagaimana kelanjutannya",Negatif,Negatif,96.4,3.4,96.4,Sesuai
4388,Lely RizaU,1,2026-08-10,"tolong perbaiki sistem aplikasi ini, karena sering kali eror/gagal diakses. ntah keluar sendiri, ntah katanya server gagal. padahal sinyal bagus!",Negatif,Negatif,89,10.7,89,Sesuai
4389,Agustri Alife,5,2026-08-10,Mudah dan cepat,Positif,Positif,99.2,99.2,0.8,Sesuai
4390,Bidar yanda putra,1,2026-08-10,"gunanya nik dan ktp untuk apa ??. aplikasi memperibet bukan mempercepat masalah otp susah masuk, nik belum terdaptar, pake foto susah. aplikasi aneh",Negatif,Negatif,95.5,4.2,95.5,Sesuai
4391,Deden Permana,5,2026-08-10,mantap sangat membantu,Positif,Positif,99.7,99.7,0.2,Sesuai
4392,Tommy K Lubis,5,2026-08-10,terimakasih banyak !,Positif,Positif,93,93,6.3,Sesuai
4393,Suworo Woro,1,2026-08-10,"tidak bisa memilih dokter, selalu terdaftar ke dokter yang sebelumnya, padahal dirujuk ke dokter lain meskipun masih 1 poli",Negatif,Negatif,77.1,22.5,77.1,Sesuai
4394,Klaten Bersinar,5,2026-08-10,aplikasi bagus,Positif,Positif,97.6,97.6,2.3,Sesuai
4395,Nur Rizal,1,2026-08-10,apk jelek otp sudahnya minta ampun,Negatif,Negatif,96.8,2.8,96.8,Sesuai
4396,yohadi singawijaya,3,2026-08-10,susah mendaftar antrian. rumah sakit / puskesmas pasennya banyak sekali. harus nahan sakit seminggu dulu baru dapat antrian.,Netral,Negatif,84.8,14.9,84.8,Sesuai
4397,Indro Wahyudi,5,2026-08-10,terimakasih bpjs,Positif,Positif,92.5,92.5,7,Sesuai
4398,Sobirin,5,2026-08-10,"BPJS Cibinong buka jam 8.00 Alhamdulillah jam 7.30 sdh dilayani petugas pra-pendaftaran. Sekitar 30 menit pendaftaran selesai. Tapi tadi saya lupa nanya kalau bayar lewat Gopay gmn, karena no. VA beda² dalam 1 KK. Mbak Fitri / yang lain bisa bantu? Petugas ramah² (pertahankan/tingkatkan). Semoga semua sehat selalu. Saya niatkan dari awal iuran sebagai sedekah (baik dipakai/tidak dipakai untuk berobat. ""Indonesia Sehat Jangan Neko². Terimakasih.",Positif,Positif,78.2,78.2,21.5,Sesuai
4399,Muhamad Yunus,1,2026-08-10,aplikasi ga jelas minta kode OTP aja susah,Negatif,Negatif,99.3,0.7,99.3,Sesuai
4400,Mas Mihun,1,2026-08-10,"tambah ruwet bos , kalau upgrade itu tambah enak , ini upgrade tambah gbisa masuk",Negatif,Negatif,52.7,44.8,52.7,Sesuai
4401,Rony Ap,1,2026-08-10,"aplikasi tempekkk, kode verifikasi pake 3 hp 3 nomor gaada yg bisa masuk",Negatif,Negatif,93.2,6.2,93.2,Sesuai
4402,Hery Kiswanto,1,2026-08-10,"perampok berkedok asuransi kesehatan, proses ruwet",Negatif,Positif,65.5,65.5,34.2,💡 Bintang 1-2 tapi Prediksi ML Positif (Pujian / Salah Klik)
4403,Nasution,1,2026-08-10,"sistem aplikasi sekarang malah bapuk, dulu masih bisa login 3 akun NIK yg berbeda, sekarang malah gak bisa login 1 pun, karna di blokir mungkin. sudah melakukan pengaduan malah disuruh ganti HP kan bodoh kaya gtu, itu bukan solusi. kalo punya banyak HP ngapain saya login 3 akun. karna akun yg lain adalah akun orang tua yg gak ngerti teknologi gak punya HP. tolong di perbarui lagi sistemnya.",Negatif,Negatif,98.2,1.5,98.2,Sesuai
4404,Hxm,1,2026-08-10,"chapta yang anda masukan salah, padahal sudah benar. tolong diperbaiki.",Negatif,Negatif,90.7,8.5,90.7,Sesuai
4405,Nia rahmadani,1,2026-08-10,aplikasi sampah! udah ngejukan perubahan nomer ponsel masih aja yg dikirim kode otp nomer lama (yg tdk aktif). bener bener tidak layak !!!,Negatif,Negatif,97.8,2.1,97.8,Sesuai
4406,Andri Ardian,1,2026-08-10,SMS GK nongol2 anehhhhhh,Negatif,Negatif,93.8,5.8,93.8,Sesuai
4407,DEHAM12,5,2026-08-10,mantap,Positif,Positif,99.2,99.2,0.7,Sesuai
4408,Lukman Oembah,5,2026-08-10,bagus,Positif,Positif,98.2,98.2,1.7,Sesuai
4409,Dwy Purwanty,1,2026-08-10,selalu log out sndri .ribet bayangin hrus log in terus tiap buka,Negatif,Negatif,95.2,4.2,95.2,Sesuai
4410,Gio Satria,5,2026-08-10,"Bagus, puas, amanah",Positif,Positif,98.1,98.1,1.7,Sesuai
4411,Heni Suprianti,5,2026-08-10,enak bgt kalau pakai aplikasi bisa ngapain anggota tanpa harus ke kantor BPJS,Positif,Positif,59,59,39.9,Sesuai
4412,Endi Pratama,5,2026-08-10,Mantap,Positif,Positif,99.2,99.2,0.7,Sesuai
4413,Dadang Darmawan,5,2026-08-10,Bagus sangat membantu,Positif,Positif,99.8,99.8,0.2,Sesuai
4414,Nur Dolla,5,2026-08-10,mntap,Positif,Positif,85.4,85.4,12.9,Sesuai
4415,S Y,1,2026-08-10,"sangat keberatan jika anak yg di dftr kan hrs menunggu 45 hr kelamaan n bila rawat inap kena denda sesuai diagnosa rsu yg menentu kan bila blm melewati 45 hr 453rb , ini saya alami di rsu, mana pelayanan nya GK ramah, security persulit kluarga pasien",Negatif,Negatif,63,36.1,63,Sesuai
4416,Anicetus Vergiliano Kaman 18 129,5,2026-08-10,mantap,Positif,Positif,99.2,99.2,0.7,Sesuai
4417,nur yati,4,2026-08-10,"aplikasi nya sebenarnya bagus tapi kenapa saat ini saya membukanya GK bisa trus muncul tulisan untuk mengupdate padahal saya udah mengupdate nya tapi tetap aja GK bisa dibuka, kenapa iya?",Positif,Negatif,83.7,15.9,83.7,🚨 Bintang 4-5 tapi Prediksi ML Negatif (Taktik Komplain)
4418,Didik Purnomo,2,2026-08-10,lelet susah untuk login selalu gangguan aplikasi yang ribet,Negatif,Negatif,92.7,6.6,92.7,Sesuai
4419,Asadul Syam,5,2026-08-10,sangat membantu,Positif,Positif,99.7,99.7,0.3,Sesuai
4420,Ugi Ramadhai,5,2026-08-10,sangat membantu sekali terima kasih..,Positif,Positif,99.8,99.8,0.2,Sesuai
4421,Atik,1,2026-08-10,"saat proses daftar dan dimintai kode otp dari nomor telpon, tapi ga masuk masuk pesan otp nya ditungguin lama pun ga masuk. dicoba lagi pake nomor telpon yang beda tetep ga masuk otp nya. dicoba di hari lain tetep gabisa. diperbaiki lagi deh, sekelas aplikasi pemerintah jelek gini.",Negatif,Negatif,99,0.9,99,Sesuai
4422,Toya Pw,1,2026-08-10,"aplikasi eror, pembayaran sudah sukses tapi diaplikasi masih belum terbayar aneh",Negatif,Negatif,77.3,21.6,77.3,Sesuai
4423,Detro,1,2026-08-10,apk aneh,Negatif,Negatif,88.6,10.1,88.6,Sesuai
4424,M SarGO,4,2026-08-10,"Lebih Baik Dan Baik lagi Segala Pelayanannya, baik Kelas 1 2 3 .. terlebih untuk kategori BPI Mandiri ataupun Lainnya..",Positif,Positif,87.8,87.8,11.8,Sesuai
4425,Taranip Taranip,3,2026-08-10,"aplikasi massih sering error, mohon diperbaiki lagi ya",Negatif,Negatif,87.8,11.5,87.8,Sesuai
4426,penggemar anime,1,2026-08-10,aplikasi ora jelas tolol,Negatif,Negatif,93.2,6.5,93.2,Sesuai
4427,Nurkholis Tauchid,1,2026-08-10,"1. Saat LOGIN aja captcha muter2 terus gmn mau login?? 2. Saat mau ambil ANTREAN, ERROR terus kagak bisa bolo",Negatif,Negatif,93.7,5.7,93.7,Sesuai
4428,Oshii Ragawa,2,2026-08-10,"aplikasi ini cuma mempersulit kita doank, seminggu gak di buka log out sndiri. emang ngeselin. mau masuk sllu dibilang sandi slahlah, nik salah lah pdhal udh jelas2 smuanya benar. tolonglah di perbaiki! mending kalo gak buang2 pulsa trus mah kalo log in. nyusahin aja! percuma bayar BPJS tiap bulan kalo mau berobat di persulit gini.",Negatif,Negatif,98.6,1.2,98.6,Sesuai
4429,Muhamad Atfan,5,2026-08-09,sangat membantu,Positif,Positif,99.7,99.7,0.3,Sesuai
4430,Umiyati,5,2026-08-09,sangat memudahkan untuk pendsftaran,Positif,Positif,98.8,98.8,1.1,Sesuai
4431,Tri Astuti,5,2026-08-09,mudah dah cepat,Positif,Positif,89.1,89.1,10.8,Sesuai
4432,ratna kusumawati,2,2026-08-09,"saat aplikasi digunakan untuk mendaftar ke faskes pertama selalu gagal,dokter tidak ditemukan,coba lagi,dll. padahal di faskes tersebut kalau tidak mendaftar online tidak dilayani,terutama yg poli gigi. Sehari mencoba berkali kali hanya untuk mendaftar online. Akhirnya terlewat beberapa hari untuk periksa gigi. semoga bisa diperbarui lagi.",Negatif,Negatif,67.5,32.1,67.5,Sesuai
4433,Suci Kage,1,2026-08-09,aplikasi ga jelas ngirim kode otp ga bisa bisa,Negatif,Negatif,99.3,0.7,99.3,Sesuai
4434,rrobyad Vpi,1,2026-08-09,kenapa harus dibatasi untuk versi android tertentu. harusnya semua versi bisa download.,Negatif,Negatif,88.5,10.5,88.5,Sesuai
4435,Rei,1,2026-08-09,kenapa dipersulit untuk berobat wajib daftar online,Negatif,Negatif,82.3,17,82.3,Sesuai
4436,Uchil .95,1,2026-08-09,buruk sekali apk nya bukanya mempermudah malah makin sulit,Negatif,Negatif,88,11.8,88,Sesuai
4437,Sely Nurfatwa,1,2026-08-09,"harus nya gak gampang log out, jadi kalo aga lama ga di buka lupa password, pas buka lupa password selalu ""belum dapat kami proses"". susah deh masuk lagi. sush mau gunakan lagi. harap di perbaiki, supaya kita jga gampang buat pake nya, jgn mlah jd gampang² susah.",Negatif,Negatif,91.9,7.7,91.9,Sesuai
4438,EKO WAHYUDI,5,2026-08-09,bagus mempermuda,Positif,Positif,94.3,94.3,5.1,Sesuai
4439,Anto Sigap,5,2026-08-09,sangat membantu sekali,Positif,Positif,99.8,99.8,0.2,Sesuai
4440,Wkwkwk lanjutkan etik,1,2026-08-09,ini gimn orang hp saya sudah gk bisa digunakan gimn ini,Negatif,Negatif,83,16.7,83,Sesuai
4441,Intantarnasari17 01,1,2026-08-09,kenapa sih kode otp harus banget pake pulsa. ga bisa dipersimple pake wa kek apa kek ah ga bisa login gegera ini. mana lupa pasword,Negatif,Negatif,97.3,2.4,97.3,Sesuai
4442,Me Me,5,2026-08-09,oke deh pokoknya,Positif,Positif,96.8,96.8,2.9,Sesuai
4443,Aisyah Nur,1,2026-08-09,aplikasinya tidak bisa di instal di perangkat saya padahal kalo mau priksa butuh benget aplikasi ini,Negatif,Negatif,89.6,9.3,89.6,Sesuai
4444,Irma Fatimah,4,2026-08-09,kenapa aplikasi jkn mobile d hp saya sekarang tdk bisa di download?bagaimana ini solusinya?,Positif,Negatif,72.3,26.7,72.3,🚨 Bintang 4-5 tapi Prediksi ML Negatif (Taktik Komplain)
4445,Mayat,5,2026-08-09,ok,Positif,Positif,51.5,51.5,45.6,Sesuai
4446,Derispa Maulana,5,2026-08-09,nice bagus,Positif,Positif,98,98,1.9,Sesuai
4447,Asep Saprudin,5,2026-08-09,Terima kasih karena dengan ini memudahkan untuk berobat kapan saja,Positif,Positif,95.9,95.9,4,Sesuai
4448,Alan Prabana,1,2026-08-09,"aplikasi apaan, punya negara kok gini apknya",Negatif,Negatif,88.7,10.3,88.7,Sesuai
4449,dede arifin,5,2026-08-09,Cukup membantu,Positif,Positif,96.3,96.3,3.4,Sesuai
4450,Nia Febiyanti,1,2026-08-09,"aplikasi ga berfaedah,ambil antrian suruh online tapi setiap verifikasi akun ga bisa Mulu.",Negatif,Negatif,95.5,4.3,95.5,Sesuai
4451,Muhammad Kevin Harka Saputra,1,2026-08-09,"SMS OTP kok gk masuk? ada kendala mulu sistem nya gimana? dri dulu udh mau login tpi kode OTP gk masuk2 masalahnya kendala, sekarang coba lagi kok sama aja? sistem nya tolong diperbaiki jangan mempersulit dong",Negatif,Negatif,98.4,1.4,98.4,Sesuai
4452,Boby Mahendra,5,2026-08-09,top,Positif,Positif,92.9,92.9,6.3,Sesuai
4453,Zayd Abisatya,5,2026-08-09,"sangat membantu,okbanget",Positif,Positif,99.7,99.7,0.3,Sesuai
4454,Lilik Yuliani,1,2026-08-09,"Aplikasibtidak bisa di pakai, baru di buka langsung suruh daftar autodebet, udah daftar pas masukan kode Verifikasi malah kata aplikasi format email salah. Kan aneh. Mintanya nomer, dikasih nomer minta format email.",Negatif,Negatif,97.3,2.5,97.3,Sesuai
4455,Mochammad Noer,5,2026-08-09,Kreen! Sangat terbantu! Haturnuhun Lur! jkn Terbaik memang,Positif,Positif,97.4,97.4,2.5,Sesuai
4456,Suko Biono,5,2026-08-09,terima kasih,Positif,Positif,95.5,95.5,4.3,Sesuai
4457,mark lee,1,2026-08-09,"error terus, sering loh out gak jelas",Negatif,Negatif,97.6,2.2,97.6,Sesuai
4458,rossandi andes,5,2026-08-09,sangat membantu,Positif,Positif,99.7,99.7,0.3,Sesuai
4459,Daus Firdaus,1,2026-08-09,"aplikasi jelek, susah banget untuk login selalu gagal padahal kuota pulsa ada.ngirim ulang kode otp aja nunggu pakai pulsa",Negatif,Negatif,98.2,1.6,98.2,Sesuai
4460,Anwar Afandi,5,2026-08-09,"Untuk penambahan anggota bpjs dalam satu KK mohon dipermudah, soalnya kami orang pekerja yang bisa di rumah nya hanya Sabtu-Minggu, selebihnya di kantor. terimakasih.",Positif,Positif,75.3,75.3,23.8,Sesuai
4461,Asu Teles,5,2026-08-09,lumayan bisa membantu,Positif,Positif,92.5,92.5,7.1,Sesuai
4462,Ely Fitriani,1,2026-08-09,"menguras emosii, tplong diperbaiki aplikasi nya ini, saya mau daftar masukin nomor hp, tapi tidak bisa",Negatif,Negatif,89.8,9.8,89.8,Sesuai
4463,Ardi Utama,1,2026-08-09,"aplikasi busuk.. tiap kali buka harus log in, padahal gak pernah log out",Negatif,Negatif,98.2,1.6,98.2,Sesuai
4464,Casini Casini,5,2026-08-09,good,Positif,Positif,98.5,98.5,1.3,Sesuai
4465,Blue ice one,1,2026-08-09,selalu gagal dalam mengubungkan applikasi pembayaran i-saku sebagai opsi pembayaran JKN di awal daftar,Negatif,Negatif,74.8,23.4,74.8,Sesuai
4466,Nasrullah Salim,1,2026-08-09,LOADING APLIKASI LOADING,Negatif,Positif,63.2,63.2,34.9,💡 Bintang 1-2 tapi Prediksi ML Positif (Pujian / Salah Klik)
4467,Hayati Nufus,5,2026-08-09,mantap,Positif,Positif,99.2,99.2,0.7,Sesuai
4468,Barika Afar (BARIKA AFAR),5,2026-08-09,aga Membantu,Positif,Positif,77.5,77.5,21,Sesuai
4469,Ikbal Ruswandi,5,2026-08-09,sangat keren,Positif,Positif,94.2,94.2,5.4,Sesuai
4470,Agus Wiyatno,5,2026-08-09,semudah itu menggunakan aplikasinya,Positif,Positif,84.9,84.9,14.9,Sesuai
4471,Wuwu Wawa,1,2026-08-09,banyak sekali bug di aplikasi ini mau daftar registrasi aja susahnya minta ampun. tolong lebih diperbaiki lagi servernya. aplikasi tiba tiba berhenti berjalan dan semua data log out,Negatif,Negatif,97.2,2.6,97.2,Sesuai
4472,Ridho Tegar,1,2026-08-09,"PAS LOGIN BUAT IBU GUWA MALAH HARUS INI ITU, BUKAN MEMPERMUDAH MALAH MEMPERSULIT PASIEN, BUAT APLIKASI SESIMPEL MUNGKIN LAH BIAR SEMUA KALANGAN BISA MUDAH MENGGUNAKAN APLIKASI YANG CACAT INI, TOLONG SEGERA DIBUAT MUDAH SU DI PERBAIKI, DI BUAT ULANG JUGA",Negatif,Negatif,75.3,24.4,75.3,Sesuai
4473,Rumah Sederhana,1,2026-08-09,"40 juta pengguna menunginstal karna aplikasi ribet pada otp sms, ribet uninstal lagi",Negatif,Negatif,95,4.7,95,Sesuai
4474,Allyna Ayushita,1,2026-08-09,kenapa butuh memori gede sih? udah ngehapus apapun tetep ga bisa! bahkan tugas sekolah yang penting udah tak hapus loh gara gara download ini. TOLONG YA DI BENERIN LAGI PLIS KURANGIN MB NYA BUAT DOWNLOAD,Negatif,Negatif,89.5,9.9,89.5,Sesuai
4475,Akmadi Maulana,5,2026-08-09,ok,Positif,Positif,51.5,51.5,45.6,Sesuai
4476,Yopi Candra,1,2026-08-09,daftar susah sekali. aplikasi pemerintahan selalu buruk sering kali eror. vertifikasi nomor telepon tidak masuk2 di inbox pesan atau whatsapp,Negatif,Negatif,94.5,5.1,94.5,Sesuai
4477,Moh Hadi,1,2026-08-09,nomer sudah benar tapi tidak menerima kode otp sama sekali,Negatif,Negatif,91.1,8.2,91.1,Sesuai
4478,Rahmat Ali,1,2026-08-09,mengecewakan,Negatif,Negatif,72.5,25.3,72.5,Sesuai
4479,Aang Hapiadi,5,2026-08-09,baik untuk memfasilitasi bpjs dengan konsumen nya.,Positif,Positif,78.3,78.3,20.2,Sesuai
4480,Padila Padila,3,2026-08-09,tolong buat developer versi android turunin dong gua kesusahan buat daftar ke rumah sakit secara online mohon pengertiannya,Netral,Negatif,83.9,15.5,83.9,Sesuai
4481,Uus Kusnandar,5,2026-08-09,sangat memudahkan,Positif,Positif,98.4,98.4,1.5,Sesuai
4482,Mohamad Ziaul,5,2026-08-09,josjis,Positif,Positif,83.6,83.6,14.5,Sesuai
4483,Anita Wati,5,2026-08-09,mantap dan cepat,Positif,Positif,99.3,99.3,0.6,Sesuai
4484,Willona Azzahra,1,2026-08-09,makin buruk,Negatif,Negatif,83.2,16.1,83.2,Sesuai
4485,Nurul Afifah,5,2026-08-09,sangat membantu,Positif,Positif,99.7,99.7,0.3,Sesuai
4486,Airoon Dasya akanza,1,2026-08-09,"kalo mau ambil antrian di puskesmas masa harus buat asuransi BPJS dulu, aku mau lewat jalur umum. tapi ambil antrian nya online jadi gak bisa. coba aja ambil antrian nya bisa semua orang mau itu BPJS atau umum. yang lewat jalur umum harus daftar offline, kurang praktis soal nya. pliiss yang jalur umum bisa ambil antrian online juga dong. pilih kasih amat.",Negatif,Negatif,90.1,9.6,90.1,Sesuai
4487,Pupu 06,5,2026-08-09,sangat memuaskan sekali,Positif,Positif,96.7,96.7,2.9,Sesuai
4488,Talibalituankotta84 Albot84,5,2026-08-09,memudahkan dan memutuskan,Positif,Positif,96.7,96.7,3.2,Sesuai
4489,handi arianto,5,2026-08-09,makasih,Positif,Positif,82.2,82.2,16.5,Sesuai
4490,Anton Din,5,2026-08-09,praktis,Positif,Positif,88.4,88.4,10.7,Sesuai
4491,Jack Linklunk,3,2026-08-08,Aplikasi bagus pelayanan sudah mulai membaik,Positif,Positif,96.6,96.6,3.2,Sesuai
4492,gagan daryana,1,2026-08-08,4 peserta udah update kk jadi 3 peserta sudah update kk Poto norek tetap aja bayar 4,Negatif,Negatif,55.9,42.7,55.9,Sesuai
4493,Maxim Susanto,5,2026-08-08,"oke mantap, sangat membantu...",Positif,Positif,99.8,99.8,0.2,Sesuai
4494,Ai Sitiwatisah,2,2026-08-08,kenapa jln of susah mau daftar online dari kemaren ya,Negatif,Negatif,83.5,16,83.5,Sesuai
4495,Arinaldi Siregar,5,2026-08-08,sangat membantu,Positif,Positif,99.7,99.7,0.3,Sesuai
4496,irul syah reza,5,2026-08-08,Bravo,Positif,Positif,51.5,51.5,45.6,Sesuai
4497,Wida Apriani,3,2026-08-08,"apk ini cukup memudahkan buat pendaftaran tapi hanya untuk sebagian orang yang memiliki smartphone, untuk orang tua yang sudah sepuh tapi harus ttp berobat tentunya tidak membantu malah makin repot, apalagi mereka yg jauh dari anak untuk hal² semacam ini tuh susah, ini udh terjadi di bbrapa kerabat aku🙏🏻 trs tolong bgt ini buat org pelupa seperti saya hrs bgt di tulisin kata sandinya soalnya sering bgt ke log out sendiri, lagi antri udh mau check in pendaftaran tbtb ke log out, sedikit gaje🙏.",Netral,Negatif,89.2,10.1,89.2,Sesuai
4498,Maulana aman Dk (Aman),5,2026-08-08,oke 👍,Positif,Positif,97.4,97.4,2.4,Sesuai
4499,Dwi Rubiatul,1,2026-08-08,"Apknya tidak jelas kode otp sms nya ga masuk masuk pdhl no aktif, kuota ada, sinyal bagus tolong adminn diperbaiki lagii",Negatif,Negatif,95.3,4.6,95.3,Sesuai
4500,Crew Thb,1,2026-08-08,"ya Allah,, berilah kemudahan kepada Hamba2 yang sedang Sakit , kenapa Aplikasinya jadi ribet gini ya?",Negatif,Negatif,73.1,26,73.1,Sesuai
4501,Heri Fun,2,2026-08-08,ribet susah trs banyak kendala,Negatif,Negatif,73.4,24.2,73.4,Sesuai
4502,Akhmad Zaeni,5,2026-08-08,siiiplah,Positif,Positif,84,84,14.1,Sesuai
4503,Kusworo Kusworo,4,2026-08-08,standart ok,Positif,Positif,51.5,51.5,45.6,Sesuai
4504,Ninie Ernia,5,2026-08-08,sangat membantu,Positif,Positif,99.7,99.7,0.3,Sesuai
4505,As Asmauun,5,2026-08-08,sangat luarbiasa,Positif,Positif,51.5,51.5,45.6,Sesuai
4506,Abrori Sari,5,2026-08-08,ok,Positif,Positif,51.5,51.5,45.6,Sesuai
4507,dandi malik erlangga,1,2026-08-08,"inibginana dari dulu gapernah bisa kirim otp,udah ganti hp 3 kali gw.. sekelas aplikasi pemerintah jelek banget,gajelas",Negatif,Negatif,98.3,1.5,98.3,Sesuai
4508,zainal abidin,5,2026-08-08,bagus,Positif,Positif,98.2,98.2,1.7,Sesuai
4509,abu marwan,5,2026-08-08,sangat berguna,Positif,Positif,92.9,92.9,6.7,Sesuai
4510,imam suryadi,5,2026-08-08,okeee,Positif,Positif,97.4,97.4,2.4,Sesuai
4511,CherryRess,1,2026-08-08,lah gimana mau cek keaktifan BPJS kalo minta kode verifikasi nomor telepon ga masuk-masuk.,Negatif,Negatif,93,6.4,93,Sesuai
4512,Ade Rangga,1,2026-08-08,server kocak gak bisa log in mulu ke akun server eror mulu makanya dana server jga jngan d korupsi kocak,Negatif,Negatif,95.2,4.4,95.2,Sesuai
4513,Ade Hendri,5,2026-08-08,bagus,Positif,Positif,98.2,98.2,1.7,Sesuai
4514,Momo Anser,1,2026-08-08,riset sandi aja ga bisa wkwk udh 2026 masih susah apknya,Negatif,Negatif,90.6,8.6,90.6,Sesuai
4515,Qudsjatin Ervina,5,2026-08-08,Sangat mudah dipahami,Positif,Positif,96.4,96.4,3.4,Sesuai
4516,Akrom,1,2026-08-08,buruk,Negatif,Negatif,94.1,5.5,94.1,Sesuai
4517,Russambodo Sambodo,5,2026-08-08,mantap jkn.. semakin mudah dan lengkap,Positif,Positif,98.6,98.6,1.2,Sesuai
4518,Muhammad Ashad,1,2026-08-08,"apk bobrok, gak bisa ngirim otp",Negatif,Negatif,94.6,5,94.6,Sesuai
4519,Jabal Nur,5,2026-08-08,bagus,Positif,Positif,98.2,98.2,1.7,Sesuai
4520,Daniel Landeoni,5,2026-08-08,Sangat menarik,Positif,Positif,51.5,51.5,45.6,Sesuai
4521,Nash rullah,1,2026-08-08,"otpnya ga masuk masuk, ni org niat ga sih bikin aplikasi",Negatif,Negatif,94.1,5.3,94.1,Sesuai
4522,Irfan Ar Rifai,1,2026-08-08,"sudah mendaftar antrian, dan sudah mendapat jadwal , pas sesampainya di rumah sakit dokternya cuti",Negatif,Negatif,78.8,20.8,78.8,Sesuai
4523,Calista Zahra khoerunisa,5,2026-08-08,sangat membantu,Positif,Positif,99.7,99.7,0.3,Sesuai
4524,Daffamy 1123,5,2026-08-08,sangat membantu,Positif,Positif,99.7,99.7,0.3,Sesuai
4525,Abdulah Abdulah,5,2026-08-08,kenapa dihp saya nggak bisa mengakses ke mobile JKN,Positif,Negatif,67.5,32.1,67.5,🚨 Bintang 4-5 tapi Prediksi ML Negatif (Taktik Komplain)
4526,sarmih emi,5,2026-08-08,bermanfaat dan bagus semoga sukses,Positif,Positif,99.2,99.2,0.6,Sesuai
4527,Pc방탄소년단,1,2026-08-08,"mau masuk padahal pw nya dan nik nua udah tepat tpi malah dibikon salah, kenapa sya bilang trpat krna sdh saya catat. Lalu saat sya ingin lupa pw kan harus krm no hp, eh udah lama sya tunggu gk ada sis yg masuk. tolong lah di perbaiki apk nya, susah sekali kalu mau di akses",Negatif,Negatif,92,7.6,92,Sesuai
4528,sandi thew,1,2026-08-08,ga niat bikin aplikasi,Negatif,Negatif,92.8,6.7,92.8,Sesuai
4529,Jerry Jordan,1,2026-08-08,"aplikasi sampah mau daftar saja susah, pulsa ku di kuras, tapi kode OTP nya ga di kirim kirim, parahhh",Negatif,Negatif,99.2,0.7,99.2,Sesuai
4530,Pii,1,2026-08-08,Kok tbtb jadi tidak kompatibel? padahal dihp satunya punya ayahku dengan kesamaan yang sama dengan hpku malah bisa???,Negatif,Negatif,93.1,6.3,93.1,Sesuai
4531,Sidiq Amrillah,1,2026-08-08,"jelek.. susah bikin akun baru , yang tambah bikin buruk daftar kontrol harus pakai apk jelek ini",Negatif,Negatif,97,2.8,97,Sesuai
4532,Chanciel 17,2,2026-08-08,"INI KENAPA YA NOMOR YANG DI PAKE REGIS GA MASUK""PESAN KODE NYA??? DI NIK SUAMI G BISA DI NIK KU JUGA ENGGA?? TERUS PAKE ACARA GA BISA NGIRIM PESAN KALO G ADA PULSA????",Negatif,Negatif,94,5.6,94,Sesuai
4533,Zona Frys,4,2026-08-08,"Dengan Hadirnya Mobile JKN, Pelayanan Kesehatan jadi Semakin Mudah.",Positif,Positif,95.1,95.1,4.7,Sesuai
4534,Tina Karen,5,2026-08-08,ok,Positif,Positif,51.5,51.5,45.6,Sesuai
4535,Isti Komah,5,2026-08-08,bagus,Positif,Positif,98.2,98.2,1.7,Sesuai
4536,Curve Line,5,2026-08-08,Tadi saya ubah lokasi faskes BPJS saya dan berhasil di aplikasi mobile JKNnya. Tapi belum dicoba untuk berobat ke lokasi faskesnya karena sekarang lagi tidak sakit. Mudah-mudahan berhasil,Positif,Positif,53.8,53.8,45.2,Sesuai
4537,ubaidi iz,5,2026-08-08,mantap,Positif,Positif,99.2,99.2,0.7,Sesuai
4538,Karsandi Andi,5,2026-08-08,mantap 😍👍🏻👍🏻,Positif,Positif,99.2,99.2,0.7,Sesuai
4539,Sunarsih Aci,5,2026-08-08,memudhkan pelayanan,Positif,Positif,85.6,85.6,13.8,Sesuai
4540,Chi Ci,5,2026-08-08,lebih praktis saat ambil antrean,Positif,Positif,63.7,63.7,35.8,Sesuai
4541,ridho Ali,1,2026-08-08,"pas daftar pake nomor saya... giliran mau ambil antrean suruh verifikasi lagi ke nomor lain, gatau nomor siapa itu, ada opsi verifikasi lewat email, pas di klik malah gabisa..",Negatif,Negatif,94.7,4.8,94.7,Sesuai
4542,Siti nurhasanah Siti nurhasanah,5,2026-08-08,mantep sangat membantu,Positif,Positif,99.7,99.7,0.3,Sesuai
4543,Ragil Komardi,5,2026-08-08,sebenernya bagus tapi kenapa klau mau cicil program rehab selalu ga bisa,Positif,Positif,49.5,49.5,49.3,Sesuai
4544,Kebob B,1,2026-08-08,antrian nya tidak muncul,Negatif,Negatif,79.3,19.5,79.3,Sesuai
4545,Ligar Ardhani,5,2026-08-08,good,Positif,Positif,98.5,98.5,1.3,Sesuai
4546,Kadek Wijana,5,2026-08-08,Bagus,Positif,Positif,98.2,98.2,1.7,Sesuai
4547,Yudha Huda,1,2026-08-08,ga bisa login,Negatif,Negatif,95.9,4,95.9,Sesuai
4548,Ilham efendi,1,2026-08-08,busuk busukk bnget otp kagak ke kirim kirim yang nomor telpon,Negatif,Negatif,92.6,6.5,92.6,Sesuai
4549,Angely Saisab,5,2026-08-08,sangat membantu😇,Positif,Positif,99.7,99.7,0.3,Sesuai
4550,Purwo Indra Irawan,5,2026-08-08,Sangat membantu dalam waktu & administrasi,Positif,Positif,97.9,97.9,2,Sesuai
4551,Abiyu Kelvin hibrizy,5,2026-08-08,sangat membantu,Positif,Positif,99.7,99.7,0.3,Sesuai
4552,RAsni Channel,5,2026-08-08,Lumayan cepat dan mudah,Positif,Positif,99.2,99.2,0.8,Sesuai
4553,akun pribadi bang iky,3,2026-08-08,pas mau daftar verivikasi wajah tidak bisa,Netral,Negatif,93.1,6.3,93.1,Sesuai
4554,Anto Bagus,4,2026-08-08,aplikasi bagus ngak susah gampang pemakaian,Positif,Positif,82.8,82.8,16.9,Sesuai
4555,Muhammad Syahrul,1,2026-08-08,aplikasi ga jelas daftar online kuota terpenuhi padahal daftar nya pagi,Negatif,Negatif,94.3,5.6,94.3,Sesuai
4556,Muhammad Aqil Kahar,1,2026-08-08,"kalo bikin aplikasi kasih tolong dikasih jalan alternatif, pikirin, jangan Nomor telepon yang dijadikan primary key karena gak semua nomor telepon bakal permanen aktif, alhasil orang yang mau berobat lewat aplikasi inipun kesusahaan untuk login karena sistemnya pake NIK juga bukan username atau email, dan tolong juga sebisa mungkin alihkan ke Google account sebagai kunci utama untuk login bukan Nomor telepon.",Negatif,Negatif,95.6,4.1,95.6,Sesuai
4557,inar rif,5,2026-08-08,sangat sangat membantu sekali,Positif,Positif,99.6,99.6,0.4,Sesuai
4558,Handi Ristanto,5,2026-08-08,mantap,Positif,Positif,99.2,99.2,0.7,Sesuai
4559,Ahmad Humam AHARK,1,2026-08-08,MAKSUDNYA APAAN YAAH? NGURAS UANG SAYA TERUS 5K SECARA BERTURUT TURUT.,Negatif,Negatif,69.4,28.2,69.4,Sesuai
4560,Mubarak Harmain,1,2026-08-08,sulit verivikasi SMS nya dan ga ada kode SMS nya padahal udah nunggu 1 jam,Negatif,Negatif,94,5.4,94,Sesuai
4561,Bintangfirdaus 01,1,2026-08-08,"susah banget mau dapetin kode OTP SMS, ga muncul muncul, padahal kuota dan SMS ada. jangan mempersulit rakyat kecil dong! susah bgt mau login doang.",Negatif,Negatif,98.1,1.7,98.1,Sesuai
4562,Dhiq Assiddiqhi,5,2026-08-07,Alhamdulillah pelayanan JKN sekarang lebih baik di banding tahun tahun sebelumnya.,Positif,Positif,84.1,84.1,15.5,Sesuai
4563,PAHE SPORT CHANNEL,5,2026-08-07,Terimakasih sangat terbantu semoga terus ditingkatkan,Positif,Positif,98.8,98.8,1.1,Sesuai
4564,dinarsyi putri,1,2026-08-07,gak bisa digunakan buat daftar onlen tungu beberapa saat dr mlem ssmpe pagi.ala sih yg berjalan lncarr aplisi buat masarakat itu,Negatif,Negatif,82.7,16.9,82.7,Sesuai
4565,Muhammad Wahyudi,2,2026-08-07,"bug nya tolong diatasin doong,ni setiap verivikasi bug muluu",Negatif,Negatif,87.9,9.9,87.9,Sesuai
4566,Fany Chriscella,2,2026-08-07,"captcha tidak muncul padahal lg perlu aplikasi jkn , jelek bgt padahal sinyal udah bagus , mau daftar faskes aja susah amat gara2 captcha ngeloading terus dr kemarin ! tolong ini solusinya gmna supaya captcha jkn muncul??",Negatif,Negatif,91.7,8,91.7,Sesuai
4567,Rais Gg,5,2026-08-07,mantap dan sangat membantu,Positif,Positif,99.8,99.8,0.1,Sesuai
4568,Asep Lesmana,5,2026-08-07,oke,Positif,Positif,97.4,97.4,2.4,Sesuai
4569,Irma Permatasari,5,2026-08-07,sangat membantu dan bermafaat,Positif,Positif,99.5,99.5,0.4,Sesuai
4570,Nazril Salaslaki,3,2026-08-07,verifikasi muka aja susah kali,Netral,Negatif,92.1,7,92.1,Sesuai
4571,Anjar Farell,5,2026-08-07,oke,Positif,Positif,97.4,97.4,2.4,Sesuai
4572,Gunawan Pkp,5,2026-08-07,mantap,Positif,Positif,99.2,99.2,0.7,Sesuai
4573,Fitranson,3,2026-08-07,"aplikasi JKN susah dibuka sekarang bug terus, dibenahi dong kita jadi terkendala, kemaren sudah ok sekarang kambuh lagi ya",Netral,Negatif,81.2,17.6,81.2,Sesuai
4574,Supri Yatna,5,2026-08-07,sangat memudahkan,Positif,Positif,98.4,98.4,1.5,Sesuai
4575,Herman,5,2026-08-07,sangat membantu pengurusan dokumen,Positif,Positif,97.6,97.6,2.3,Sesuai
4576,AQEELA PUTRI,5,2026-08-07,Allhamdulilah dengan adanya aplikasi JKN sangat membantu sekali,Positif,Positif,99,99,1,Sesuai
4577,Usep Saepul,1,2026-08-07,kenapa aplikasi JKN tidak kompatibel di hp Android realme c2 mohon penjelasan padahal versi android 9,Negatif,Negatif,90.8,8.5,90.8,Sesuai
4578,Sabda Alam,5,2026-08-07,sejauh ini sangat membantu,Positif,Positif,98.7,98.7,1.2,Sesuai
4579,Hesty Dinamara,5,2026-08-07,"sangat memuaskan sekali, Alhamdulillah saya telah berhasil dioperasi bonggol tulang pinggul",Positif,Positif,95.9,95.9,3.7,Sesuai
4580,Ety Hariati,5,2026-08-07,sangat berguna,Positif,Positif,92.9,92.9,6.7,Sesuai
4581,Nils Andrew,5,2026-08-07,sangat membantu ketika berobat,Positif,Positif,96.2,96.2,3.7,Sesuai
4582,Moh Hatta,5,2026-08-07,bismillah,Positif,Positif,51.5,51.5,45.6,Sesuai
4583,Dina Risnawati,5,2026-08-07,sangat bermanfaat,Positif,Positif,98.7,98.7,1.2,Sesuai
4584,Apud Sablon,4,2026-08-07,rt rw salah pdhal sya udh ganti,Positif,Negatif,64.9,32.6,64.9,🚨 Bintang 4-5 tapi Prediksi ML Negatif (Taktik Komplain)
4585,Sandi Ramadhan,1,2026-08-07,sekarang saya ngak bisa masuk aplikasi katanya perangkat ngak konsibel ngak jelas baget,Negatif,Negatif,79,19.6,79,Sesuai
4586,Tati Lukman,1,2026-08-07,ga bisa login2 gimana sih aplikasinya. sampah!,Negatif,Negatif,92.5,7,92.5,Sesuai
4587,BAGRIE _INST,1,2026-08-07,"sejadul itukah hp saya sampe system nya ga suport, sedih amat yg punya hp jadul kudu beli hp baru ,ga merakyat amat ni aplikasi",Negatif,Negatif,88.7,9.8,88.7,Sesuai
4588,Mutia Purwaning,5,2026-08-07,mantab pelayanan nyaa,Positif,Positif,95,95,4.4,Sesuai
4589,Asnanton Budiratno,5,2026-08-07,sangat membantu,Positif,Positif,99.7,99.7,0.3,Sesuai
4590,RIMAN TAHALA,1,2026-08-07,aplikasi sampah. gini amat aplikasi untuk pelayanan masyarakat. ga bisa login,Negatif,Negatif,91.5,8.3,91.5,Sesuai
4591,Minhatul Maula,5,2026-08-07,sangat membantu,Positif,Positif,99.7,99.7,0.3,Sesuai
4592,Wulandari,1,2026-08-07,"mau daftar gak bisa bisa anjir,ini apk pemerintah kok parah gini ya",Negatif,Negatif,97.9,2,97.9,Sesuai
4593,Juan Molo,1,2026-08-07,"gak guna ini apk, buatt streess ajh, masaa kode OTP nya gak kekirim"" udah nyoba 3 nomor sama ajah gak masukkk, tolong di perbaiki",Negatif,Negatif,98.6,1.3,98.6,Sesuai
4594,Akku 2802,1,2026-08-07,"APLIKASI SAMPAH. MASA NIK KATANYA TIDAK TERDAFTAR, MANA SUDAH RESET PASWORD LEWAT OTP TETAP GAK BISA LOGIN PADAHAL JELAS NIK KU SUDAH TERDAFTAR DAN SEMPAT DIGUNAKAN SEBELUMNYA, EH TIBA-TIBA LOG OUT SENDIRI. MEMANG APLIKASI TDK BERGUNA",Negatif,Negatif,99.5,0.5,99.5,Sesuai
4595,Kentang Uy Official,1,2026-08-07,"kalau bisa buatkan fitur countdown saat daftar online minimal 1 jam lah sebelum di konfirmasi di web ksatria, biar ga ada pasien daftar jam 8 pagi dan malah datang jam 11 siang, masih mending kalau pasiennya sepi nah kalo rame gimana tu, sempat dapet khasus gini, jadi aku serahin ke dokter untuk dipanggil setelah lewat 2-3 nomor, sayangnya antrean lama protes. sebaliknya jika saya urutkan sesuai kedatangn, yang online malah protes :v khusus yg umum, yg gigi ga perlu",Negatif,Negatif,90.8,8.9,90.8,Sesuai
4596,R D Prasetyo,1,2026-08-07,aplikasi menyulitkan pasien percuma bayar iuran fasilitas kaya gini,Negatif,Negatif,82.7,16.3,82.7,Sesuai
4597,Maria matrona Nalu,1,2026-08-07,pusingg suda beberapa kali gagal,Negatif,Negatif,77.8,20.5,77.8,Sesuai
4598,Ari Ri,5,2026-08-07,mohon info kenapa apk mobile jkn susah di akses yah,Positif,Positif,69.3,69.3,30,Sesuai
4599,Ahmad Maidy,5,2026-08-07,bagus..... terimakasih bpjs.....,Positif,Positif,98.5,98.5,1.4,Sesuai
4600,Oppai Daisuki,1,2026-08-07,tolol,Negatif,Negatif,88.9,10.5,88.9,Sesuai
4601,Bang Ajo,5,2026-08-07,"aplikasi ini sangat membantu dan mempermudah dan mempercepat dalam pengambilan antrean namun di setiap kita login masuk ke aplikasi selalu harus memasukan nik, password dan capcha, itu juga login membutuhkan waktu lama baru di konfirmasi",Positif,Positif,83.8,83.8,16,Sesuai
4602,Su_ benno,5,2026-08-07,jos jis jus aplikasi nya,Positif,Positif,89.4,89.4,10.3,Sesuai
4603,Darma Suita,5,2026-08-07,"Saya pengguna gagap teknologi,namun masih bisa mengikuti instruksi yang diberikan,semoga pelayanan kedepannya semakin memuaskan.",Positif,Positif,88.2,88.2,11,Sesuai
4604,oik mandala,1,2026-08-07,"Padahal iklan mlulu nyuruh orang daftar bpjs agar dimudahkan layanan kesehatannya. Udah daftar dan bayar tiap bulan BPJS. eh ketika kita sakit faskes (RS/Puskesmas) dapatnya kita cuma dianak tirikan layanannya. di judge yang pake bpjs miskin lah nggak punya otak lah, dinyinyirinlah dll. saya tanya BPJS itu fungsi nya apa, kita bayar tiap bulan ke BPJS masyrakat tu dapat manfaat apa. atau kita bayar BPJS tu wat pejabat aja????",Negatif,Negatif,64.1,34.9,64.1,Sesuai
4605,Ari Genjet,5,2026-08-07,membuat,Positif,Positif,51.5,51.5,45.6,Sesuai
4606,Andri Andrika,5,2026-08-07,ok,Positif,Positif,51.5,51.5,45.6,Sesuai
4607,iqbal mahmud,5,2026-08-07,ok,Positif,Positif,51.5,51.5,45.6,Sesuai
4608,Andik Pratama,1,2026-08-07,aplikasi jembut,Negatif,Positif,51.5,51.5,45.6,💡 Bintang 1-2 tapi Prediksi ML Positif (Pujian / Salah Klik)
4609,Ali Amran,1,2026-08-07,"aplikasi sampah, tiap mau dibuka selalu disuruh update, instal ulanglah... banyak bacot..tudak kompatibel dengan perangkat yang digunakanlah, kemaren kemaren bisa sekarang kok tidak kompatibel? jangan nyusahin klo bikin aplikasi napa? .",Negatif,Negatif,97.1,2.5,97.1,Sesuai
4610,YuwanCuan,1,2026-08-07,"saya harap di update lagi aplikasinya masa daftar masuk susah banget kendala di saat verifikasi no HP dengan tulisan yang membosankan, ( Permintaan Anda belum dapat di proses, silakan mencoba beberapa saat lagi ) nah yang jadi pertanyaan gangguan sampe tiap hari? tiap menit? tiap detik?",Negatif,Negatif,88.8,9.6,88.8,Sesuai
4611,imam azis1923,5,2026-08-07,sangat bagus,Positif,Positif,99,99,0.9,Sesuai
4612,aci aprianto,5,2026-08-07,mudah terpercaya,Positif,Positif,89.6,89.6,9.6,Sesuai
4613,Geaaa viki,1,2026-08-07,aplikasi belum berjalan maksimal saat pengirimann kode OTP nomor tlvn gagal terus dan sering offline padahal jaringan tidak bermasalah PERHATIKAN DAN SEGERA PERBAIKI APK BOSOKMU INI! BIKIN EMOSI AJA,Negatif,Negatif,89,10.3,89,Sesuai
4614,Riz4l Denk,5,2026-08-07,simpel dan proses cepat tampa ngantri dan bisa pindah pindah faskes,Positif,Positif,92.2,92.2,7.3,Sesuai
4615,Wayan simpen Simpen,5,2026-08-07,sangat senang dengan pelayanan jkn,Positif,Positif,94,94,5.1,Sesuai
4616,Gio Vanni,5,2026-08-07,Good Mobil JKn,Positif,Positif,97.3,97.3,2.3,Sesuai
4617,Jaga Pagi,5,2026-08-07,sangat membantu,Positif,Positif,99.7,99.7,0.3,Sesuai
4618,Santa Hedika,4,2026-08-07,respon sangat baik,Positif,Positif,95.7,95.7,4.1,Sesuai
4619,Miharti Eming,1,2026-08-07,mau verifikasi no tlp tidak bisa di klik padahal hp dalam kondisi normal. padahal mau ngambil no antrian buat berobat besok malah tidak bisa,Negatif,Negatif,95.9,3.9,95.9,Sesuai
4620,Oppo a17k,5,2026-08-07,saya sangat terbantu,Positif,Positif,98.4,98.4,1.5,Sesuai
4621,Salbianti,1,2026-08-07,susah bgt mau daftar nya,Negatif,Negatif,90.8,8.2,90.8,Sesuai
4622,Ohar Setiawan,1,2026-08-07,jkn sangat membatu,Negatif,Positif,99,99,0.9,💡 Bintang 1-2 tapi Prediksi ML Positif (Pujian / Salah Klik)
4623,VANTZY 0701,5,2026-08-07,bagus,Positif,Positif,98.2,98.2,1.7,Sesuai
4624,Skiddy Liy,1,2026-08-07,update terbaru hp sya tidak bisa,Negatif,Negatif,76.7,22.6,76.7,Sesuai
4625,Iwan Ciwong,2,2026-08-07,"ini gimana sih niat bikin aplikasi atau engga, niat mempermudah tapi malah bikin sulit. ada menu Rehab tapi gak bisa digunakan pembayaran, tolong diperbaiki kembali.",Negatif,Negatif,96.1,3.7,96.1,Sesuai
4626,Useng Saefullah,5,2026-08-07,bagus lebih memudahkan,Positif,Positif,99.1,99.1,0.9,Sesuai
4627,Ahmad Prayoga,1,2026-08-07,jelek,Negatif,Negatif,94.1,5.5,94.1,Sesuai
4628,MHD ABD RAFI,5,2026-08-07,bedebest,Positif,Positif,51.5,51.5,45.6,Sesuai
4629,Amira Saffa,1,2026-08-07,aku kira komentar jelek mereka cuma hoax. ternyata benar.,Negatif,Negatif,86.3,13.1,86.3,Sesuai
4630,Yayan Sinatra,5,2026-08-07,"Terimakasih buat Mobile JKN,mau berobat ke faskes jadi lebih mudah...mantap",Positif,Positif,98.7,98.7,1.2,Sesuai
4631,Bin Sanan,1,2026-08-07,sulit untuk masuk aplikasi lagi,Negatif,Negatif,84.6,13.3,84.6,Sesuai
4632,Xinamonroll,2,2026-08-07,"optimasi untuk aplikasi kurang, terkadang terjadi log out secara mendadak padahal posisi user sedang terburu-buru, tolong optimasi aplikasi dong. Jangan asal buat aplikasi tapi optimasinya kurang",Negatif,Negatif,85.9,12.4,85.9,Sesuai
4633,Ibnu Soleh,1,2026-08-07,"aplikasi sangat buruk, verifikasi nomor telepon ga bisa bisa, udah di coba sampe berkali kali tetep ga bisa... kenapa sih harus di buat ribet gini.... ya Allah",Negatif,Negatif,98.6,1.3,98.6,Sesuai
4634,abhai 66,1,2026-08-07,"demi keamanan aplikasi tidak bisa berjalan diperangkat yg di root, apa sih maksudnya. hp gw gak pernah di root bjirr. gak jelas bgt aplikasinya. bukannya mempermudah malah makin mempersulit",Negatif,Negatif,97.7,2.1,97.7,Sesuai
4635,Library Gaaa,5,2026-08-07,proses mudah dan cepat,Positif,Positif,98.9,98.9,1.1,Sesuai
4636,Venisha Indri,5,2026-08-07,memudahkan mengakses Data,Positif,Positif,92,92,7.7,Sesuai
4637,Bubun Bunyamin,5,2026-08-07,sangat membantu,Positif,Positif,99.7,99.7,0.3,Sesuai
4638,Santi Nah,4,2026-08-07,"puas dengan aplikasi ini awalnya susah buat gabung 1 kk di 1 aplikasi sekarNg udah bisa,Alhamdulillah cukup dengan 1 hp",Positif,Positif,85.3,85.3,14.1,Sesuai
4639,PUNGKAS PRAMBUDI SANTOSA,5,2026-08-07,sangat bermanfaat,Positif,Positif,98.7,98.7,1.2,Sesuai
4640,VICKY Semprul,1,2026-08-07,kenpa tidak bisa di buka,Negatif,Negatif,89,10.8,89,Sesuai
4641,Murni Kamariyah,5,2026-08-07,Alhamdulillah pelayanan memuaskan,Positif,Positif,97.6,97.6,2.1,Sesuai
4642,Siswanto Sherin,1,2026-08-07,apk gajelas padahal nih aplikasi penting coba la diperbaikin lagi ini mode veripikasi ga muncul muncul sampah,Negatif,Negatif,91.7,7.8,91.7,Sesuai
4643,tatik rahman,5,2026-08-07,suka keluar otomatis,Positif,Negatif,67.4,30.6,67.4,🚨 Bintang 4-5 tapi Prediksi ML Negatif (Taktik Komplain)
4644,mhoe firman,2,2026-08-07,"knapa setiap nunggu kode perivikasi, slalu tdk muncul",Negatif,Negatif,83.7,15.6,83.7,Sesuai
4645,Almira Rahma,1,2026-08-07,kenapa gabisa diinstal terus,Negatif,Negatif,79.8,19.4,79.8,Sesuai
4646,Arini Parfum,5,2026-08-07,ok,Positif,Positif,51.5,51.5,45.6,Sesuai
4647,Sandi Hasan Anugrah,5,2026-08-07,baguss,Positif,Positif,90.4,90.4,8.5,Sesuai
4648,Margareth Palupi,5,2026-08-07,sangat memudahkan dan membantu,Positif,Positif,99.7,99.7,0.3,Sesuai
4649,Dede Yusuf,5,2026-08-07,cepat mudah digunakan,Positif,Positif,98.6,98.6,1.3,Sesuai
4650,Aretha Dhira,1,2026-08-07,makin kesini makin bobrok.,Negatif,Negatif,69.3,29.4,69.3,Sesuai
4651,Rebecca Becha,1,2026-08-07,aplikasi eror terus gakjelas !,Negatif,Negatif,94.3,5.4,94.3,Sesuai
4652,Yayan Sutrisna,5,2026-08-07,Proses layanan pindah paskes..,Positif,Positif,91.7,91.7,7.4,Sesuai
4653,Abid Azka,5,2026-08-07,bagus,Positif,Positif,98.2,98.2,1.7,Sesuai
4654,Kiageng Alapalap,1,2026-08-07,tolonglahh mobile jkn.. gak semua peserta bpjs dari kalangan mampu. hp saya android 9 sudah gak suport. jadi uda tidak bisa pakai mobile jkn lagi. padahal ibu saya harus kontrol rutin ke rs.. tolong buat lebih ramah ke hp jadul.. TOOOLLLOOOONGGGG!!!!!!,Negatif,Negatif,60.1,38.6,60.1,Sesuai
4655,imaaa,1,2026-08-07,eror mulu,Negatif,Negatif,93.7,6,93.7,Sesuai
4656,Dwi Syafrizal,1,2026-08-07,habis bayar kok masih tertulis ada tagihan ? nyusahin.,Negatif,Negatif,88.1,11,88.1,Sesuai
4657,Siti Khatijah,1,2026-08-07,susah diakses.,Negatif,Negatif,55.2,43.1,55.2,Sesuai
4658,Alfa Faruq,1,2026-08-07,"mau ambil antrean faskes pertama susah bgt, ini engineer nya gmn? masa gagal trs, koneksi stabil masih aja gabisa",Negatif,Negatif,92.7,7,92.7,Sesuai
4659,Siti Komariah,5,2026-08-07,Saya kasih bintang 1 dulu karena saya masuk untuk penambahan peserta ga bisa2 kenapa ya?katanya bisa lewat aplikasi ini...bagaimna coba tanggapannya...saya ad perubahan data dikeluarga dan mau tmbh ank saya kenapa g bisa masuk,Positif,Negatif,54.4,45.2,54.4,🚨 Bintang 4-5 tapi Prediksi ML Negatif (Taktik Komplain)
4660,Mitra Sejati,5,2026-08-07,mantap,Positif,Positif,99.2,99.2,0.7,Sesuai
4661,ainun njwa,1,2026-08-07,"kenapa ya suka lag atau offline di dalam aplikasi padahal jatingan bagus dan kuota ada, serasa dipersulit.",Negatif,Positif,53.9,53.9,44.7,💡 Bintang 1-2 tapi Prediksi ML Positif (Pujian / Salah Klik)
4662,Nia Azda Oktavia,1,2026-08-07,"aplikasi sampah,buka aplikasinya saja muter2,jaringan lancar,kuota ada,pas bukak aplikasi sampah ini aja yg ribet,udah 2jam dibukak untuk ambil nomor antri GK bisa2",Negatif,Negatif,90.8,8.6,90.8,Sesuai
4663,Surya Ningsih,1,2026-08-07,kenapa keluar lagi baru gak bisa masuk lagi berpa kali saya ulang trus saya data tidak di temukan terus saya di suruh ke capil apa sih tolong di perbaiki lagi sya mau pergi berobat gak bisa daftar,Negatif,Negatif,93.9,5.8,93.9,Sesuai
4664,Freddy Tks,5,2026-08-07,good,Positif,Positif,98.5,98.5,1.3,Sesuai
4665,Sandra Ziva,5,2026-08-07,sangat membantu buat masyarakat umum dalam melakukan registrasi,Positif,Positif,88.8,88.8,10.7,Sesuai
4666,cho_ Samalinggai,1,2026-08-07,tidak bisa Login lagi setelah Update..!!,Negatif,Negatif,92.4,7.3,92.4,Sesuai
4667,Fahri Zal,1,2026-08-07,apk sering error gak jelas ini,Negatif,Negatif,99,0.9,99,Sesuai
4668,Agung Dwi Cahyo,5,2026-08-07,jos,Positif,Positif,93.8,93.8,5.8,Sesuai
4669,Fia Surabaya,1,2026-08-07,susah untuk login padahal mau di pakek buat ambil antrian mohon di perbaiki,Negatif,Negatif,82.3,16.7,82.3,Sesuai
4670,Edy Sari,5,2026-08-07,terimakasih,Positif,Positif,92.5,92.5,7,Sesuai
4671,Wayan Widiantara,5,2026-08-07,Mudah dan Nyaman,Positif,Positif,94.3,94.3,5.3,Sesuai
4672,arif sarimo,5,2026-08-07,akses mudah dan terpercaya,Positif,Positif,95.6,95.6,4.1,Sesuai
4673,War kita,1,2026-08-07,eror gak bisa masuk daftar ulang ke rs,Negatif,Negatif,94.1,5.5,94.1,Sesuai
4674,Ning tyas,5,2026-08-07,ok tks,Positif,Positif,51.5,51.5,45.6,Sesuai
4675,Muhammad Farhan,1,2026-08-07,"Aplikasi jelek, sering gangguan, tolong lah diperbaiki, diperbarui, masa sekelas aplikasi buatan negeri begini kualitas nya, sering gangguan, ambil antrian ga bisa, kadang nge bug🫩 nanti KLO improve baru naik bintangnya",Negatif,Negatif,96.3,3.4,96.3,Sesuai
4676,Deni Doang,1,2026-08-07,"malah d bikin ribet pas login gegara capsta,,kemarenan enak enak aj pake JKN. pas update malah d bikin dongo",Negatif,Negatif,88.9,10.2,88.9,Sesuai
4677,Asmita Harahap,1,2026-08-07,"cacat weeeee jkn niii,memperlambat org,yah kode nya salah lah,pin salah lah,nik salah,sampai2 apl ini tidak bisa di proses,org butuh cepat,",Negatif,Negatif,85,14.4,85,Sesuai
4678,Siti Dahlia,1,2026-08-07,Makin lemott dan makin ancur sistemnya,Negatif,Positif,55.8,55.8,43,💡 Bintang 1-2 tapi Prediksi ML Positif (Pujian / Salah Klik)
4679,Achmad Fauzi,5,2026-08-07,bagus mudah untuk berobat di mana pun,Positif,Positif,92.8,92.8,7,Sesuai
4680,Aben BM Situmorang,5,2026-08-07,keren,Positif,Positif,94.2,94.2,5.4,Sesuai
4681,Ingin Tahu,3,2026-08-07,"kenapa ya aplikasi JKN itu selalu dibuat logout ketika akun dipakai untuk berobat.. jadi seakan akun JKN di login ke sistem RS sedangkna akun di aplikasi dipaksa logout, kenapa di sistem RS tidak di anggap akun pengunjung atau kenapa harus logout in di RS, padahal kan data sudah tersmabhng langsung, gunanya RS logout in akun pasien apa??? saya selalu lupa passwordnya dan sangat tidak efisien tiap mau periksa harus login ulang ulang dan ulang terus",Netral,Negatif,93.9,5.9,93.9,Sesuai
4682,naif channel,1,2026-08-07,pas di butuhkan kan Malah eror.. terus.. parah sih. mempersulit masyarakat kecil,Negatif,Negatif,92.3,7.4,92.3,Sesuai
4683,Ronggolawe Storys,2,2026-08-07,"apk dri pemerintah tpi sering eror, ini hari jumat baru punya uang buat bayar, tpi lagi eror, besok hari sbtu minggu libur gk bisa bayar, besoknya hari senin dpt sanksi krna telat bayar, nyusahin msyarakat",Negatif,Negatif,96.2,3.2,96.2,Sesuai
4684,Aisyahtus Zahroh,1,2026-08-07,"kenapa lemot sekali, bintang 1 , aplikasi pemerintah kok kayak gini",Negatif,Negatif,91.8,7.9,91.8,Sesuai
4685,RA12,2,2026-08-07,"Akun sering keluar sendiri, jadi repot harus login lagi",Negatif,Negatif,97.8,1.9,97.8,Sesuai
4686,Teguh,5,2026-08-07,sosialisasikan ke pengguna jkn oleh BPJS....,Positif,Positif,73.8,73.8,23.9,Sesuai
4687,atep YS,1,2026-08-07,sering pas mau dipake sering down servernya gak bisa checkin,Negatif,Negatif,94.1,5.5,94.1,Sesuai
4688,Muhammad Hilmi,1,2026-08-07,"kenapa lemot sekali, mohon di update, jgn menyusahkan orang",Negatif,Negatif,85.7,13.7,85.7,Sesuai
4689,Melinda Swastika,1,2026-08-07,"aplikasi gak jelas harusnya pasien saat proses registrasi itu dipermudah, ini malah ruwet.",Negatif,Negatif,94.2,5.6,94.2,Sesuai
4690,Giw Selow,1,2026-08-07,aplikasi tolol mau login juga susah. hari-hari gangguan,Negatif,Negatif,93.1,6.3,93.1,Sesuai
4691,Tolib Ibin,1,2026-08-07,"Sy coba donlod, ternyata terlalu ribed, Sy mengakses rehab cicilan gak bs!",Negatif,Negatif,56.5,42.1,56.5,Sesuai
4692,shafia salsabila,1,2026-08-07,"login udh lama trs logout karna memori hp, tpi udh login ke hp lain nik pun sama ttp aja nggk bsa masuk ""nik atau password salah"" pdhl niknya sama kyk yg dulu, password pun ku tulis di note hp..kok bsa gtuuu???TT apa memng akunya yg salah atau gmna? udh coba lupa sandi trs ganti bru ttp aja nggk bsa log in, masa hrus ganti pke nik yg lain gtu? maaf yaahh jdi nulis bgni🙏🏼 - update udh pke nik yg lain tpi masih nggk bisa login? ini gmna siii?!?!? susah bener mau logon doang ah elah! berbenah pls",Negatif,Negatif,97.8,1.5,97.8,Sesuai
4693,Muhamad Lomri,5,2026-08-07,bagus,Positif,Positif,98.2,98.2,1.7,Sesuai
4694,al dafah,1,2026-08-07,mau daftar aja ngebug trua apknya,Negatif,Negatif,88.7,10.4,88.7,Sesuai
4695,Aku Kamu,1,2026-08-07,lemot,Negatif,Negatif,88.3,11.2,88.3,Sesuai
4696,Angga Rizky,5,2026-08-07,baik sekali,Positif,Positif,81,81,18.5,Sesuai
4697,Muhammad Restu,2,2026-08-07,"Tolong kalo maintenance di infokan, saya jadi gabisa berobat di faskes .. ini login gabisa kenapa ? capcha sudah sesuai malah diganti ..",Negatif,Negatif,86.1,13.4,86.1,Sesuai
4698,Kuswaya Hardy,1,2026-08-07,kalau misal semuanya harus pake aplikasi minimal kalau rame benerin biar gak ngeleg sedang offline Mulu yang bener lah orang mau pake,Negatif,Negatif,82.6,16.2,82.6,Sesuai
4699,Annur Manggala,1,2026-08-07,"aplikasi gajelas anjir registrasi aja susah banget, no hp gaada kode verifikasi terus aneh, harap coba lagi harap coba lagi, gajelas bgt",Negatif,Negatif,95.6,4,95.6,Sesuai
4700,Dhia Fauzi Azhar,1,2026-08-07,"aplikasi gk jelas, kode otp harus pake pulsa eh giliran udh diisi malah gk bisa login"" karna gangguan. aplikasi sampah..",Negatif,Negatif,99.5,0.4,99.5,Sesuai
4701,Asmaniar As,1,2026-08-07,makin kesini makin gak jelas aplikasinya,Negatif,Negatif,83,16.3,83,Sesuai
4702,Devi Aswita,5,2026-08-07,mantap,Positif,Positif,99.2,99.2,0.7,Sesuai
4703,yoyo s2,5,2026-08-07,"Mudah,gampang cepat dibantos ku pk REQI",Positif,Positif,93.4,93.4,6.5,Sesuai
4704,afifah yulis tia,1,2026-08-07,jelekkkkk bgttt aplikasi nya gua udh coba instal dari bulan2 kmrn ttp gabisa tolong segara di perbaikiiiiiiiiiiiiii,Negatif,Negatif,93.9,5.7,93.9,Sesuai
4705,Ohim Arrohima,5,2026-08-07,good,Positif,Positif,98.5,98.5,1.3,Sesuai
4706,Laraswho,1,2026-08-07,apk eror mulu padahal penting banget buat daftar online,Negatif,Negatif,93,6.9,93,Sesuai
4707,guntu 04,2,2026-08-07,"bisa lebih bermasyarakat tidak, ini aplikasi jujur menyusahkan sekali. tidak semua pasien memiliki hp yang support untuknpkaai aplikasi ini. lagilagi masyarakat kalangan bawah yang kena imbas.",Negatif,Negatif,75.2,24,75.2,Sesuai
4708,ell Saaa,1,2026-08-07,"ini apaan si aplikasi ga jelas, mo daftar antrian aja smpe Seminggu ga aktif, giliran pembayaran aktif terus 24 jam",Negatif,Negatif,94.7,4.9,94.7,Sesuai
4709,Cho Lish,5,2026-08-07,sehat selalu..,Positif,Positif,80.9,80.9,18.3,Sesuai
4710,Aa Faqih,5,2026-08-07,ok,Positif,Positif,51.5,51.5,45.6,Sesuai
4711,Darmin,5,2026-08-07,mudah digunankan,Positif,Positif,92.5,92.5,7.3,Sesuai
4712,Abdi Dadan,5,2026-08-07,bagus sekali aplikasi ringan dan di gunakan sangat lancar terimakasih jkn,Positif,Positif,98.4,98.4,1.4,Sesuai
4713,Rio Andika,1,2026-08-07,"mau daftar online susah bgt aplikasi ini ga masuk"" mepermudah dr mana lebih susah ad",Negatif,Negatif,96.5,3.4,96.5,Sesuai
4714,Asep Suryana,1,2026-08-07,"HALLO, INI SMS VERIFIKASI NYA KMNA ? Saya daftar sudah lebih dari 10x tidak ada sms sama sekali",Negatif,Negatif,86.3,12.5,86.3,Sesuai
4715,Albert Orlando,1,2026-08-07,"aplikasi banyak bugnya, daftar pake nomor baru tapi dibilang nomornya udah pernah dipake peserta lain, jadi yang make nomornya orang konter hape gitu?",Negatif,Negatif,91.7,7.7,91.7,Sesuai
4716,latifa tulaila,1,2026-08-06,"apk gaje, mau login di persulit bgt. apalagi pas mindai wajah, paan bgt ya ud mah mirror. ribet, updet lh. masa apk pemerintah kaya gini sih",Negatif,Negatif,97.7,2.1,97.7,Sesuai
4717,Nuraini Azhar,5,2026-08-06,good,Positif,Positif,98.5,98.5,1.3,Sesuai
4718,Risa Latih,1,2026-08-06,padahal udh daftar setiap masuk harus tulis nik ulang ribet sumpah ni apk gajelas,Negatif,Negatif,98.9,1,98.9,Sesuai
4719,Aline Arifin,5,2026-08-06,saya baru pertama akan menggunakan JKN ini untuk berobat ke POLI GIGI,Positif,Positif,59.7,59.7,38.8,Sesuai
4720,anton chaniago,1,2026-08-06,tidak bisa digunakan di android versi 8.1.0,Negatif,Negatif,84.3,15.3,84.3,Sesuai
4721,Bayu Mahesa,1,2026-08-06,TOLONG DIBAIKIN VERTIFIKASINYA GA ADA SMS TERKIIRIM,Negatif,Negatif,91.2,8.5,91.2,Sesuai
4722,Dwiyuyun Wulan,1,2026-08-06,verivikasi nomor nya sangat lama tidak dikirim kirim,Negatif,Negatif,88.1,10.9,88.1,Sesuai
4723,Qin qin,1,2026-08-06,"Tidak berguna, verifikasi wajah aja sangat sulit. Apalagi ke tahap berikutnya. Kalo bisa DIPERSULIT kenapa harus Dipermudah",Negatif,Negatif,91.9,7.6,91.9,Sesuai
4724,John Lie,2,2026-08-06,tidak bisa di gunakan,Negatif,Negatif,75.8,24.1,75.8,Sesuai
4725,Papahsah Papahsah,5,2026-08-06,semoga membantu,Positif,Positif,98.3,98.3,1.6,Sesuai
4726,Rohim,5,2026-08-06,terimakasih sudah sangat membantu,Positif,Positif,99.7,99.7,0.3,Sesuai
4727,Rizky Supri,5,2026-08-06,ok bos,Positif,Positif,70.8,70.8,25.1,Sesuai
4728,Aisyah_ Kayra,5,2026-08-06,Bagus membantu sekali untuk saya dan keluarga,Positif,Positif,98.6,98.6,1.2,Sesuai
4729,Eko Priyo Poerwanto,5,2026-08-06,Semoga sehat dan berkah,Positif,Positif,91.7,91.7,7.4,Sesuai
4730,Pamungkas Aji prasetya,1,2026-08-06,apl ga jelas ga guna kirim code aja susah mempersulit rakyat bodong malah lebih bagus apl judol,Positif,Negatif,90.4,9.3,90.4,Sesuai
4731,Winarto Rahman,5,2026-08-06,jos,Positif,Positif,93.8,93.8,5.8,Sesuai
4732,ian rk,5,2026-08-06,ok cukup memuaskan,Positif,Positif,93.8,93.8,5.8,Sesuai
4733,Ita Rahmawati,1,2026-08-06,aplikasi apaaa iniiii🙂🙂,Negatif,Negatif,91.2,8.4,91.2,Sesuai
4734,robbi wiriya,1,2026-08-06,gabisa kirim nomor otp. tolong perbaiki dong,Negatif,Negatif,92.7,6.8,92.7,Sesuai
4735,Rima Windi Nadillah,4,2026-08-06,seriing sekali gagal daftar. sering sekali juga error. ga jelas banget,Positif,Negatif,98.2,1.7,98.2,🚨 Bintang 4-5 tapi Prediksi ML Negatif (Taktik Komplain)
4736,Muslih Nursandy,4,2026-08-06,ok baik,Positif,Positif,81,81,18.5,Sesuai
4737,Ana Fitriyani,5,2026-08-06,ok memudahkan 👍👍,Positif,Positif,92.5,92.5,7.3,Sesuai
4738,idha gatjong,5,2026-08-06,layanan aplikasi cepat ketika dibutuhkan,Positif,Positif,77.3,77.3,22,Sesuai
4739,Yohana Wulandari,1,2026-08-06,"aplikasi error tidak bisa dibuka, cerita nya saya mau periksa karena sakit, dan petugas meminta saya untuk daftar melalui aplikasi mobile jkn, lah gimana mau daftar aplikasi dibuka sj gak bisa,sedangkan petugas nya nuntut untuk menggunakan aplikasi. mohon diperbaiki lagi",Negatif,Negatif,68.7,30.9,68.7,Sesuai
4740,Mey Lanagt,2,2026-08-06,"tolong, saya lupa kata sandi dan diarahkan untuk memasukkan NIK dan gapca serta mencantumkan nomor untuk notif kode dari pesan, namun tak kunjung keluar kode nya. mohon bantuannya, saya sudah usaha beberapa kali",Negatif,Negatif,84.4,14.6,84.4,Sesuai
4741,Joko Santoso,5,2026-08-06,OK,Positif,Positif,51.5,51.5,45.6,Sesuai
4742,Nasyia bunga,1,2026-08-06,"kode otp ga masuk masuk, tolong diperbaiki lagi aplikasinya",Negatif,Negatif,97.3,2.5,97.3,Sesuai
4743,Juariyah,1,2026-08-06,aplikasi ruwet kek negara kita,Negatif,Negatif,80,18.6,80,Sesuai
4744,Fajar Rahayu,2,2026-08-06,cara mengatasinya gimna ini gan update aplikasi tapi tidak kompatibel dengan ponsel,Negatif,Negatif,76.6,20.7,76.6,Sesuai
4745,Al Akbar,2,2026-08-06,"terlalu lama untuk kode verifikasi, dan tidak mendapatkan kode verifikasi",Negatif,Negatif,93.7,6,93.7,Sesuai
4746,Mochtar Supriyanto,5,2026-08-06,th 2026 aplikasi siap digunakan,Positif,Positif,55.2,55.2,43,Sesuai
4747,Burhanuddin Bur,5,2026-08-06,Aplikasi ini sangat membantu saat kita sakit,Positif,Positif,96.8,96.8,3.1,Sesuai
4748,Yusuf Maulana,5,2026-08-06,Aplikasi sudah bagus,Positif,Positif,93.6,93.6,5.9,Sesuai
4749,Ahmad Wahid Fastabiq,1,2026-08-06,"OTP SMS ngak MASUK-MASUK, bikin aplikasi ngak memudahkan palah membuat ribet",Negatif,Negatif,90.2,9.5,90.2,Sesuai
4750,Muhammad Ridwan,1,2026-08-06,sering banget gangguan,Negatif,Negatif,78.3,18.9,78.3,Sesuai
4751,von klinger,1,2026-08-06,"Bukankah ini perusahaan negara ? lalu kenapa membangun server yang jelek ,slow respon / bad conection.. regis nomor hp gagal terus, regis email telat notice terus ? jangan jangan tukang IT nya korupsi kah ? atau korupsi berjamaah ?",Negatif,Negatif,87.8,10.9,87.8,Sesuai
4752,Anggi Mehakati,5,2026-08-06,sangat membantu dalam pengambilan no antrian dan layanan kesehatan lainnya,Positif,Positif,98.5,98.5,1.4,Sesuai
4753,Idris Hidayat,4,2026-08-06,Mau log in kok captcha nya salah mulu sih padahal dah bnr masukin nya,Positif,Negatif,93.6,5.8,93.6,🚨 Bintang 4-5 tapi Prediksi ML Negatif (Taktik Komplain)
4754,Sudrajat Nur,5,2026-08-06,mantap dan mendukung,Positif,Positif,92.9,92.9,6.4,Sesuai
4755,Nasri,1,2026-08-06,tidak bisa di download di hp saya,Negatif,Negatif,86.6,13.2,86.6,Sesuai
4756,Abu Ammar adi,5,2026-08-06,pelayanannya menyenangkan,Positif,Positif,90.2,90.2,9.1,Sesuai
4757,E. S. R,5,2026-08-06,bikin makin mudah,Positif,Positif,68.1,68.1,31.5,Sesuai
4758,bram B,5,2026-08-06,lebih mudah daftar online,Positif,Positif,87.5,87.5,12.2,Sesuai
4759,Soga Lawe,1,2026-08-06,"aplikasi macam apa ini,susah sekali mau daptar masuk aja.tanggapi dong keluhan konsumen.mau masuk aja lho daftar susah banget .",Negatif,Negatif,91.8,7.3,91.8,Sesuai
4760,fikri monsxy,1,2026-08-06,"udah update malah gabisa masuk akun, kode captcha gamuncul terus anyingg",Negatif,Negatif,93.3,6,93.3,Sesuai
4761,Karisma Muharomah,1,2026-08-06,"ini gimana gada nomor rujukan padahal ada , jadi susah ambil antrian online",Negatif,Negatif,91.1,8.6,91.1,Sesuai
4762,Jainal Efendi,5,2026-08-06,"sedikit membantu, terimakasih",Positif,Positif,96.8,96.8,2.9,Sesuai
4763,bobi sugandi Gultom,5,2026-08-06,Terimakasih Proses nya sangat Cepat,Positif,Positif,97.1,97.1,2.7,Sesuai
4764,Hendra Zukash,5,2026-08-06,"keren,bagus dan sangat membantu",Positif,Positif,100,100,0,Sesuai
4765,Bejo channel,5,2026-08-06,jos jis,Positif,Positif,93.8,93.8,5.8,Sesuai
4766,San_SNP,3,2026-08-06,kenapa suka kendala gak ada jaringan alias offline sih? padahal jaringan aman udah pakai wifi atau data tetep kaya gitu,Netral,Negatif,71.6,27.9,71.6,Sesuai
4767,Citra N028,5,2026-08-06,sangat membantu,Positif,Positif,99.7,99.7,0.3,Sesuai
4768,Rhy,1,2026-08-06,"payah ada kendala lewat wa pandawa bbjs pun tidak secara jelas dan detail apa yg kita keluhkan, sering terjadi masalag login pdhl internet udah conect stabil",Negatif,Negatif,91,8.3,91,Sesuai
4769,Iwan Riduwan tanjung,1,2026-08-06,"kode otp gk masuk"" gila!!! stres aku gara"" aplikasi mobile jkn.",Negatif,Negatif,91,8.6,91,Sesuai
4770,novie tania,5,2026-08-06,sudah bagus sistemnya,Positif,Positif,89.3,89.3,10.1,Sesuai
4771,Nur asiyah Nur,5,2026-08-06,sangat membantu,Positif,Positif,99.7,99.7,0.3,Sesuai
4772,Name Azima,1,2026-08-06,aplikasi rusak seharuanya sekali login tidak perlu berkali² login. menyusahkan. giliran lupa pin/password harus verifikasi lagi kode otp gak mau masuk,Negatif,Negatif,98.5,1.3,98.5,Sesuai
4773,deni Tok,1,2026-08-06,"harus nya bisa menyeluruh Indonesia si jangan cuma ceda provinsi, kota ga bisa di pake",Negatif,Negatif,71.9,27.3,71.9,Sesuai
4774,Suparman Lihawa,1,2026-08-06,Penanganan keluhan peserta terhadap pelayanan faskes terkesan di sepelekan,Negatif,Positif,73.8,73.8,24.3,💡 Bintang 1-2 tapi Prediksi ML Positif (Pujian / Salah Klik)
4775,Muklasin,5,2026-08-06,Bagus dan cepat tanggap,Positif,Positif,99.3,99.3,0.6,Sesuai
4776,Adar Darussalam,5,2026-08-06,sangat membantu dan memudahkan,Positif,Positif,99.8,99.8,0.2,Sesuai
4777,baraya.sadaya,1,2026-08-06,ini sih agar rakyat harus pakai hp baru.. biar aplikasinya kompatibel😁,Negatif,Negatif,77.4,21.3,77.4,Sesuai
4778,Denia Siska Putri,5,2026-08-06,"Bagus berguna bgt buat ambil no antrian rs atau puskesmas. Tapiii tolong di perbaiki lagi kadang suka bugg akun nya, keluar sendiri jadi agak repot buat masukin ulang.",Negatif,Negatif,65.9,33.5,65.9,🚨 Bintang 4-5 tapi Prediksi ML Negatif (Taktik Komplain)
4779,Joko Pitono,1,2026-08-06,"login di device sama dianggap login di device yang lain, di logout secara paksa, orang mau berobat dibuat susah",Negatif,Negatif,93.3,6.4,93.3,Sesuai
4780,Dulin Dulin,5,2026-08-06,mantul,Positif,Positif,99.2,99.2,0.7,Sesuai
4781,Galih Muji Putra,1,2026-08-06,PERCUMA BAYAR TIAP BULAN KALO SEKALINYA BEROBAT DI KASIH OBAT MURAH!!!,Negatif,Negatif,63.8,34.8,63.8,Sesuai
4782,Junjung Drajat,2,2026-08-06,aplikasi gk berfungsi.. ketika mau daftar gak bisa dpt kode OTP dari sms. coba lewat email ada sih tapi telat.. giliran sudah dapat.. tetep aja hrus dapat OTP lagi dari sms... GK GUNA...,Negatif,Negatif,96.2,3.6,96.2,Sesuai
4783,Muhammad Shofiyullah,1,2026-08-06,perbaiki dulu layanan kesehatan di negeri ini baru boleh mengingatkan untuk bayar bpjs,Negatif,Positif,56.6,56.6,42,💡 Bintang 1-2 tapi Prediksi ML Positif (Pujian / Salah Klik)
4784,Dori Marlince,5,2026-08-06,semakin di permudah,Positif,Positif,80.5,80.5,19.3,Sesuai
4785,Aidan Mursyid,5,2026-08-06,sangat membantu dan memudahkan antrian tak perlu datang pagi2,Positif,Positif,97.8,97.8,2.1,Sesuai
4786,Chu dori,5,2026-08-06,mantap,Positif,Positif,99.2,99.2,0.7,Sesuai
4787,Jessica Nandarto,1,2026-08-06,"gabisa login karna lupa password. cuma bisa verifikasi lewat nomor hp karna email belum terdaftar. nik sesuai, nomor sesuai dan masih aktif, pulsa ada 100.000. verifikasi selalu gagal. 2 kali isi form pengaduan tapi ngga ada solusi.",Negatif,Negatif,98.1,1.7,98.1,Sesuai
4788,Siti Rohani,2,2026-08-06,app yang menyebalkan dan membagongkan.,Negatif,Positif,55.8,55.8,43.3,💡 Bintang 1-2 tapi Prediksi ML Positif (Pujian / Salah Klik)
4789,Ahus Wiryanto,5,2026-08-06,mantap number one,Positif,Positif,99.2,99.2,0.7,Sesuai
4790,Dani Cule,5,2026-08-06,sangan membantu banget,Positif,Positif,94.1,94.1,5,Sesuai
4791,Abdul Karim Saepulloh,5,2026-08-06,alhamdulillah semenjak ada aplikasi jkn keluarga terkafer bpjs,Positif,Positif,86.5,86.5,13,Sesuai
4792,Sutiatul Kamila,5,2026-08-06,memuaskan cukup mudah d pahami,Positif,Positif,96.9,96.9,2.9,Sesuai
4793,Dodi Saputra,5,2026-08-06,kereen,Positif,Positif,74.8,74.8,22.2,Sesuai
4794,Dema Dema lase,5,2026-08-06,MANTAP,Positif,Positif,99.2,99.2,0.7,Sesuai
4795,Ramli Timumun,1,2026-08-06,"aplikasi anjingg, ribet gak jelas",Negatif,Negatif,95.7,4,95.7,Sesuai
4796,Nurhayati Simanjuntak,4,2026-08-06,baik,Positif,Positif,81,81,18.5,Sesuai
4797,Talijaya mild,5,2026-08-06,sangat membantu,Positif,Positif,99.7,99.7,0.3,Sesuai
4798,Angga Widyanto,5,2026-08-06,aplikasi yang sangat berguna,Positif,Positif,92.8,92.8,7,Sesuai
4799,Muhamad Syarif Hidayat,2,2026-08-06,mau daftar gk bisa mulu macet di nomer verifikasi selalu gagal gk ada sms yang masuk juga padahal nomor bener dan juga masih aktif,Negatif,Negatif,95.5,4.1,95.5,Sesuai
4800,Didin Afipudin,5,2026-08-06,"selama menggunakan aplikasi ini, benar benar terbantu, karna bisa daftar lebih awal, dan tahu jadwal dokter nya lebih spesifik. pokoknya best",Positif,Positif,66.4,66.4,33.1,Sesuai
4801,astutifransiska Sihombing,1,2026-08-06,"Awalnya lancar saat mendaftar,tapi pas permintaan kode otp via sms malah gak ada masuk smsnya..buang buang waktu dan kuota aja,,padahal jaringan nya bagus🤪",Positif,Negatif,79.5,20,79.5,Sesuai
4802,Mpong Sari,3,2026-08-06,tolong diperbaiki lagi untuk verifikasi wajah nya gagal trus,Netral,Negatif,91.8,7.5,91.8,Sesuai
4803,Fitrianti Fitrianti,3,2026-08-06,knp diponsel saya tidak bisa ter Download ya pak..,Netral,Negatif,79.9,19.2,79.9,Sesuai
4804,Fiskarit Nayeldi,5,2026-08-06,"aplikasi bagus, sangat membantu. tidak perlu lagi datang ktp untuk perubahan data.",Positif,Positif,98.5,98.5,1.5,Sesuai
4805,Hadi Suwardi,5,2026-08-06,keren,Positif,Positif,94.2,94.2,5.4,Sesuai
4806,Agus SWT,1,2026-08-06,"ribet bgt bpjs untuk kontrol, semakin kesini semakin dipersulit kalo mau dipakai. seolah seolah biar ga dipake tu fasilitas bpjsnya",Negatif,Negatif,85.7,13.4,85.7,Sesuai
4807,Roby Kartobi,5,2026-08-06,jkn sangat mebantu,Positif,Positif,84.3,84.3,13.9,Sesuai
4808,Suharsiyo harsiyo,5,2026-08-06,"lancar, nya man, tidal pernah gagal tidak",Positif,Negatif,65.1,34,65.1,🚨 Bintang 4-5 tapi Prediksi ML Negatif (Taktik Komplain)
4809,DESI FEBRIATI,5,2026-08-06,"mempermudahhh, pelayanan cepatt",Positif,Positif,96.2,96.2,3.4,Sesuai
4810,Prof. Dr. Yasmirah Mandasari Saragih SH MH,5,2026-08-06,The best,Positif,Positif,97.2,97.2,2.3,Sesuai
4811,Meli Della dika,1,2026-08-06,aplikasi gak bisa di gunakan..delete ajah,Negatif,Negatif,85.7,14.1,85.7,Sesuai
4812,Yopi Sia,5,2026-08-06,pelayanan sangat baik,Positif,Positif,97.9,97.9,1.9,Sesuai
4813,Widodo Gege,5,2026-08-06,sangat membantu masyarakat,Positif,Positif,97.7,97.7,2.2,Sesuai
4814,D'Gubuk,1,2026-08-06,percuma instal aplikasi kalau ambil antrian masih pakai manual,Negatif,Negatif,81.5,17.7,81.5,Sesuai
4815,Nur Hayati,5,2026-08-06,keren bisa dari aplikasi,Positif,Positif,79.2,79.2,20.1,Sesuai
4816,nadhif al kautsar,1,2026-08-06,"aplikasi ga jelas, mau login akun dipaksa aktifin autodebet, giliran gua ikutin buat aktifin autodebet malah dapet notif gagal aktifin, padahal udah dapet sms berhasil dari bank, hebat ni aplikasi, beneran maksa aktifin autodebet, kalo ga aktifin gabisa ke beranda aplikasi harus nyelesain pendaftaran autodebet, yang berarti lo gabisa make ni aplikasi kalo ga aktifn autodebet, dikasus gua malah gabisa diaktifin autodebetnya ngebuat gua gabisa make ni aplikasi, mantap🫡 maju terus Indonesia 🇮🇩",Positif,Negatif,88.4,9.8,88.4,Sesuai
4817,aira Surya,5,2026-08-06,Cepat tanggap.. Terima kasih,Positif,Positif,98,98,1.9,Sesuai
4818,Ujang Ahmad,1,2026-08-06,aplikasi ccat njih,Negatif,Positif,51.5,51.5,45.6,💡 Bintang 1-2 tapi Prediksi ML Positif (Pujian / Salah Klik)
4819,Khian Menggana,5,2026-08-06,baik,Positif,Positif,81,81,18.5,Sesuai
4820,Siska Purwasih,5,2026-08-06,good,Positif,Positif,98.5,98.5,1.3,Sesuai
4821,Dion Azhari,5,2026-08-06,"Respon cepat, aktual",Positif,Positif,93.8,93.8,5.8,Sesuai
4822,Raffa sya,1,2026-08-06,APLIKASI GAGAL,Negatif,Negatif,62.8,34.7,62.8,Sesuai
4823,Otto Silaen,1,2026-08-06,Bobrok semua aplikasi pemerintah,Negatif,Negatif,81.3,17.7,81.3,Sesuai
4824,Agus Nurdin saepuloh,5,2026-08-06,baik,Positif,Positif,81,81,18.5,Sesuai
4825,ilham ahmad,5,2026-08-06,sangat membantu,Positif,Positif,99.7,99.7,0.3,Sesuai
4826,jumat efendi,1,2026-08-06,"Gini aja deh, balikin duit gua yg udah masuk bpjs selama 10 tahun. Ribet amat. Gua bayar rutin. Pake baru sekali doang. pengguna bpjs malah dihina. viral tuh di fb",Negatif,Negatif,92.4,6.9,92.4,Sesuai
4827,Adelyne Diza,3,2026-08-06,"kalo jarang pakai aplikasinya sering keluar sendiri dari akun jknnya, jadi agak repot bolak-balik harus login lagi, lalu untuk mendaftar ambil antrean sangat lemot sering tidak dapat diproses tolong dibenahi bagian ini ya!",Negatif,Negatif,96.8,3,96.8,Sesuai
4828,Sudirman Sudirman,5,2026-08-06,good,Positif,Positif,98.5,98.5,1.3,Sesuai
4829,Ilham Amir,1,2026-08-06,"jelek sekali aplikasinya, padahal jaringan sudah maksimal... melapor ke admin rumah sakit juga tidak bisa dibantu karena aplikasinya bermasalah, tolong di perhatikan pengembang aplikasinya",Negatif,Negatif,70.6,28.8,70.6,Sesuai
4830,Akhirulanam Anam,5,2026-08-06,membuat lebih mudah,Positif,Positif,96.4,96.4,3.4,Sesuai
4831,Dimas Farezi,3,2026-08-06,"buat data tolong di perbaiki lagi, ini punya saya sudah ada surat rujukan, mau ngambil antrian surat rujukannya tidak keditek (Faskes tingkat lanjut)",Netral,Negatif,75.3,22.2,75.3,Sesuai
4832,Acil gaming,1,2026-08-06,"makin kesini makin susah di akses mau ambil antrian aja payahnya minta ampun, selalu gagal, padahal jaringan aman aja, tolong la di perbaiki, ingat ini app untuk masyarakat umum",Negatif,Negatif,88.9,10.8,88.9,Sesuai
4833,Ardi Wijaya,5,2026-08-06,ok,Positif,Positif,51.5,51.5,45.6,Sesuai
4834,Ibu Aty,1,2026-08-06,"jkn sekarang kenapa ya, mau ambil antrian buat rujukan mingggu depan gak bisa terus udh 3x periksa gak bisa terus",Negatif,Negatif,82.2,17.5,82.2,Sesuai
4835,Chintya Mega Utari,5,2026-08-06,sangat membantu,Positif,Positif,99.7,99.7,0.3,Sesuai
4836,Mafika Ayu,1,2026-08-06,"aplikasi apasih ini gangguan terus,mau masuk aja loading nya lama banget,,mau daftar antrian pun gak bisa,tolong di perbaiki!!!",Negatif,Negatif,95.5,4.1,95.5,Sesuai
4837,Mela Julianti,5,2026-08-06,bagus dan sangat membantu,Positif,Positif,99.9,99.9,0.1,Sesuai
4838,roby Ayuby,4,2026-08-06,ko saya ga bisa download apk ini kenapa ya..,Positif,Negatif,77,22.2,77,🚨 Bintang 4-5 tapi Prediksi ML Negatif (Taktik Komplain)
4839,Hi Tam,5,2026-08-06,"sangat bagus, karena ada aplikasi ini saya menjadi sangat terbantu",Positif,Positif,95.8,95.8,4,Sesuai
4840,Rini Fidyas,4,2026-08-06,baik,Positif,Positif,81,81,18.5,Sesuai
4841,Zulkarnain Zul,5,2026-08-06,baik,Positif,Positif,81,81,18.5,Sesuai
4842,primaran dewi,5,2026-08-06,sangat membantu,Positif,Positif,99.7,99.7,0.3,Sesuai
4843,Bayu Hidayat,1,2026-08-06,merepotkan,Negatif,Negatif,62.3,34.5,62.3,Sesuai
4844,Rizki Muhamad,1,2026-08-06,"memang aplikasi pemerintah gada yang bener, mau daftar aja selalu eror aplikasinya, ANEH!!",Negatif,Negatif,97.7,2.1,97.7,Sesuai
4845,Nur Piyanti Agustina,2,2026-08-06,tidak bisa di download di seri vivo y81,Negatif,Negatif,86.6,13.2,86.6,Sesuai
4846,Nani Syahrul,5,2026-08-06,jkn mobile bagus sangat membantu di pelayanan pendaftaran kesehatan online. terimakasih 🙏 JKN,Positif,Positif,99.3,99.3,0.6,Sesuai
4847,Solleh Solleh,5,2026-08-06,sipppppp,Positif,Positif,84,84,14.1,Sesuai
4848,Agew aza,5,2026-08-06,sangat membantu,Positif,Positif,99.7,99.7,0.3,Sesuai
4849,Diandra Kusuma,5,2026-08-06,keren,Positif,Positif,94.2,94.2,5.4,Sesuai
4850,Muchammad hisa Gemilang,5,2026-08-06,bagus,Positif,Positif,98.2,98.2,1.7,Sesuai
4851,Dewa Ardika (Dika),1,2026-08-06,lokasi kalian diakses diam-diam loh... jadi setelah pakai matikan izin akses lokasinya,Negatif,Negatif,54.5,43.1,54.5,Sesuai
4852,Sopian Pian,1,2026-08-06,uplikasi nya lagi eror yah sudah 2 Minggu belum bisa kebuka,Negatif,Negatif,80.8,18.6,80.8,Sesuai
4853,Subehki Waeng,5,2026-08-06,mantap,Positif,Positif,99.2,99.2,0.7,Sesuai
4854,Dewi Ernawati,5,2026-08-06,cukup baik,Positif,Positif,93.2,93.2,6.4,Sesuai
4855,Rohman Chehey,5,2026-08-05,Menyenangkan dan mudah,Positif,Positif,96.7,96.7,3.1,Sesuai
4856,D Samsudin nur,1,2026-08-05,"masih saja ambil antrian,pendataptaran ke RS manual,"" jadwal dokter belum tersedia""....untuk daptar by aplikasi,hadehhh",Negatif,Negatif,75.7,23.4,75.7,Sesuai
4857,tuslam sp,4,2026-08-05,mudahan saja menjadi solusi mempermudah pendaftaran online. pada saat berobat atau yang lainnya.,Positif,Positif,66,66,33.7,Sesuai
4858,Asmanah,5,2026-08-05,lbh mudah dan praktis,Positif,Positif,98.3,98.3,1.6,Sesuai
4859,Erwin Gunawan,1,2026-08-05,"aplikasi jelek, lemot, sering gangguan 👎",Negatif,Negatif,95.3,4.3,95.3,Sesuai
4860,farid hidayat,5,2026-08-05,mantap,Positif,Positif,99.2,99.2,0.7,Sesuai
4861,Khoirul Febriansyah,1,2026-08-05,semenjak update hp kentang gk bisa install jkn sedang kan daftar antrian hrus pakai jkn sedang hp cuma punya hp kentang menyusahkan masyarakat,Negatif,Negatif,83.4,15.6,83.4,Sesuai
4862,Firhan WP,1,2026-08-05,"sitemnya gak jelas ,saya bayar auto debit selalu gak pernah nunggak ,tapi ketika mau berobat non aktif heran mau duitnya doang ini mah",Negatif,Negatif,91.7,7.6,91.7,Sesuai
4863,By-you Permana,2,2026-08-05,"Jadi sering error aplikasinya...udah terdaftar jauh"" hari kontrol rutin bulanan ke RS malah ilang...",Negatif,Negatif,86.1,12.5,86.1,Sesuai
4864,Jukim Tea,1,2026-08-05,maaf sy kasih bintang 1 karna sering eror saat akan daftar ke faskes tingkat lanjut,Negatif,Negatif,76.4,22.2,76.4,Sesuai
4865,Misriwan Riwan,3,2026-08-05,"Pdhal wifi sma seluler saya gk buruk eh seketika mau daftar nmor antrean malah d bilang buruk aneh dh, tolong di perbaiki ni aplikasi",Netral,Negatif,94.2,5.5,94.2,Sesuai
4866,Luthfi Haru,1,2026-08-05,Payah aplikasi yang hubungannya dengan pemerintah selalu lambat banyak dosanya,Negatif,Negatif,61.5,37.6,61.5,Sesuai
4867,Irfhant,2,2026-08-05,"tolong diperbaiki lagi bugnya, masak udah aktifin data seluler malah offline di aplikasinya",Negatif,Negatif,79.5,18.2,79.5,Sesuai
4868,Ang Sonic,1,2026-08-05,aneh gbsa d buka. dlu sh lancar,Positif,Negatif,62.7,35.7,62.7,Sesuai
4869,Kurniawan Dedy,1,2026-08-05,"kenapa sekarang sering eror, apa fungsi nya kalo aplikasi sering eror seperti ini !!! aplikasi 4n7ing !!!",Negatif,Negatif,95.5,3.9,95.5,Sesuai
4870,Andi Lestian,3,2026-08-05,error mulu tiap buka halaman Info Riwayat Pelayanan & riwayat pelayanan yg sedang berlangsung tolong di sediakan di halaman depan aja (floating) biar setiap ingin lihat pendaftaran atw pengambilan nomor itu bs di liat dengan mudah.,Netral,Positif,49.7,49.7,49.1,Sesuai
4871,Asti Mustika,1,2026-08-05,"seringkali tiap daftar online untuk faskes satu itu permintaan tidak dapat di proses, begitu refsresh, malah tidak dapat mengambil antrean karena sudah daftar. aneh banget",Negatif,Negatif,93.2,6.6,93.2,Sesuai
4872,isma,1,2026-08-05,"sumpah demi apapun apknya jelek, untuk apa apknya kalo daftar online udah bisa, pas hari h mau dipake apknya eror dong, parah,,, jadi gak mempermudah malah ngeribetin. gak mempersingkat waktu malah jd kerja 2 x, udah ambil no antrian malem,paginya di cek gak bisa terpaksa ambil pagi banget perbaiki lagi deh kalo ke gini terus mending di uninstall dr pd ga berfungsi",Negatif,Negatif,98.1,1.8,98.1,Sesuai
4873,Yeremia Septianingsih,2,2026-08-05,apk jelek sering gangguan,Negatif,Negatif,89.8,9.1,89.8,Sesuai
4874,Ika Lisnawati,1,2026-08-05,aplikasi lemot n sering tidak bisa buat dftr,Negatif,Negatif,95.3,4.5,95.3,Sesuai
4875,Rhyo Pernando,3,2026-08-05,"dari awal pake sistem tidak ada kendala,,,tapi makin kesini-sini sistem error terus.... jadi bintang saya kurangi 2",Netral,Negatif,92,7.4,92,Sesuai
4876,Pardi supardi Pardi,3,2026-08-05,"susah bngt selalu aja ada kendala ketika login atau ambil antrian, mohon di perbaiki aplikasinya, terimakasih",Positif,Negatif,56.5,42.6,56.5,Sesuai
4877,Andi Setiyawan,1,2026-08-05,error trus,Negatif,Negatif,93.7,6,93.7,Sesuai
4878,Asfa Muhammad Hatta,1,2026-08-05,"pliss banget ini mah perbaiki lagi servernya, ga jelas banget ga bisa masuk padahal lagi urgent",Negatif,Negatif,96.2,3.4,96.2,Sesuai
4879,Adha Nur,1,2026-08-05,Aplikasi sampah,Negatif,Negatif,92.3,7.3,92.3,Sesuai
4880,Sari Bowo,4,2026-08-05,"setiap update pasti log out sendiri, tolong diperbaiki",Positif,Negatif,91.9,7.5,91.9,🚨 Bintang 4-5 tapi Prediksi ML Negatif (Taktik Komplain)
4881,Riskiani Ani,5,2026-08-05,"tolong perbaiki lagi,,karne kami kesusahan untk ambl no antrian... kepaskes tingkt lanjut,, knape skrg beroobt dipersulit,,",Negatif,Negatif,85.7,13.6,85.7,🚨 Bintang 4-5 tapi Prediksi ML Negatif (Taktik Komplain)
4882,Nur Puji,1,2026-08-05,ini kenapa mau ambil antrian onlie sll gagal terus pdhl jaringan ful,Negatif,Negatif,80.6,18.5,80.6,Sesuai
4883,Adhy Adam,1,2026-08-05,"pengen daftar faskes tingkat lanjut selalu naek ""permintaan tidak dapat diproses"" ato klo ngga ""mohon dapat cek kembali koneksi internetanda"" pindah HP pun sama aja. mana ngga ada yang bisa kepencet.",Negatif,Negatif,89.2,10.2,89.2,Sesuai
4884,Hasrif Nova Syahputra,1,2026-08-05,aplikasi ini ribet dan sangat susah untuk melakukan pendaftaran padahal jaringan stabil tapi tetap tidak bisa mengakses data di aplikasi ini. bikin repot penggunaannya. sudah bayar BPJS tapi tetap dibikin repot dengan aplikasi ini👎,Negatif,Negatif,87.8,11.9,87.8,Sesuai
4885,Askari,1,2026-08-05,ribet,Negatif,Negatif,95.8,3.9,95.8,Sesuai
4886,Uto Denis,5,2026-08-05,good,Positif,Positif,98.5,98.5,1.3,Sesuai
4887,Dal Dil,5,2026-08-05,meskipun jelek aplikasinya tak apalah,Negatif,Negatif,77.7,20.9,77.7,🚨 Bintang 4-5 tapi Prediksi ML Negatif (Taktik Komplain)
4888,Aruna Yudhistira,1,2026-08-05,kenapa saya pake andoid 9 tidak bisa ?????,Negatif,Negatif,81.3,17.8,81.3,Sesuai
4889,Nazar Aditia Nugraha,1,2026-08-05,"UNTUK TIM IT MOHON DIPERBAIKI MASALAH KONEKSI KARENA TIAP MAU DAFTAR MALAH ""ANDA SEDANG OFFLINE"" ATAU KADANG ""COBA LAGI BEBERAPA SAAT LAGI"". KALIAN ITU DIGAJIH DARI PAJAK YANG KALIAN MINTAI. DASAR NEGARA BERKEMBANG",Negatif,Negatif,88.9,10.3,88.9,Sesuai
4890,Rb Sakiya,1,2026-08-05,gaje bngt ini apk mau kirim SMS aja hrus nunggu brpa abad???? eror apalah dikira sndri yng kaya gtu tau nya bnyak orang juga sma hadeuhh gmn sih ini yg bikin apk nya,Negatif,Negatif,94,5.4,94,Sesuai
4891,Andi Haerunnisa,1,2026-08-05,tolong aplikasinya di perbaiki lebih bagus giliran tagihan munculnya cpt giliran untuk mendaftar lalodnya minta ampun padahal semua jaringan bagus,Positif,Negatif,55.4,44.2,55.4,Sesuai
4892,Wisnu Alfin.n,1,2026-08-05,"aplikasi kacau banyak bug, bikin aplikasi mahal, ngabisin uang negara",Negatif,Negatif,92.3,6.3,92.3,Sesuai
4893,Indra Surya,1,2026-08-05,setiap mau daftar antrian selalu gagal,Negatif,Negatif,90.3,9.2,90.3,Sesuai
4894,Bachtiar Usman,5,2026-08-05,mantabb,Positif,Positif,51.5,51.5,45.6,Sesuai
4895,Eva Puspita,1,2026-08-05,"apk pemerintah emg kaga ada yg bener ya??? apk lu kaga bisa di buka dgn keterangan gk bisa di buka di perangkat yg sudah di root.. root apaan, hp gw kaga root.. PERBAIKI!!! aneh² aja..",Negatif,Negatif,95.1,4.4,95.1,Sesuai
4896,Bagas Ramadhan,5,2026-08-05,bagus banget,Positif,Positif,95.7,95.7,4,Sesuai
4897,Meyla Vika Kamila,1,2026-08-05,"otp udah sesuai tapi app nya tidak dapat diproses, udah motong pulsa tapi gagal",Negatif,Negatif,91.7,7.9,91.7,Sesuai
4898,Ikha Thello13,1,2026-08-05,susah bgt mau login,Negatif,Negatif,93.4,5.6,93.4,Sesuai
4899,mia wati,5,2026-08-05,bagus,Positif,Positif,98.2,98.2,1.7,Sesuai
4900,Yayuk Susanty,5,2026-08-05,puas bnget. dengan fitur²nya.bisa mengubah faskes dan alamat sesuai kondisi kita. dan harapannya smga programnya berjalan lancar dan tdk ada yg curang dalam pelayanan kesehatan di faskes,Positif,Positif,87.2,87.2,12.5,Sesuai
4901,Rin Thaa,5,2026-08-05,meskipun sedikit lemot dan sering keluar sendiri tapi masih bagus,Negatif,Negatif,77,22.1,77,🚨 Bintang 4-5 tapi Prediksi ML Negatif (Taktik Komplain)
4902,Sammy Samosir,1,2026-08-05,tidak bisa daftar ke faskes tingkat lanjut,Negatif,Negatif,68.3,30.4,68.3,Sesuai
4903,pranda paringga,1,2026-08-05,"kenapa aplikasi susah sekali menangkap sinyal? pdhal di pakai aplikasi lain lancar"" saja, tolong si perbaiki, khususnya di daerah yg agak susah sinyal di buhut kalteng, trimakasih",Positif,Positif,56.1,56.1,43.1,💡 Bintang 1-2 tapi Prediksi ML Positif (Pujian / Salah Klik)
4904,Watu kencana,5,2026-08-05,ok mantaap,Positif,Positif,81.8,81.8,16.1,Sesuai
4905,Adi “Jibrud” Abdilah,1,2026-08-05,"ampun dah susah jdi susah banget masuk aplikasi ini,parah",Negatif,Negatif,92.9,6.7,92.9,Sesuai
4906,Serma Tito,5,2026-08-05,mantap,Positif,Positif,99.2,99.2,0.7,Sesuai
4907,Pirr,1,2026-08-05,"Bayangin , lagi demam tinggi ni aplikasi korup gabisa diakses sama sekali. selain nyusahin orang , nyusahin Nakes juga.",Negatif,Negatif,89.4,9.8,89.4,Sesuai
4908,Muhamad Hadi Sefrudin,1,2026-08-05,sering eror aplikasinya.. masa aplikasi setara pemerintah kaya gini sistemnya..,Negatif,Negatif,96.4,3.3,96.4,Sesuai
4909,emen Juliarso,5,2026-08-05,Bagus..,Positif,Positif,98.2,98.2,1.7,Sesuai
4910,shinta hernawati,1,2026-08-05,"suka eror ga bisa ambil antrean faskes pertama, agak lemot",Negatif,Negatif,81.4,18.3,81.4,Sesuai
4911,Atang Kosasih,5,2026-08-05,mudah di mengerti,Positif,Positif,83.2,83.2,15.9,Sesuai
4912,Yusuf Syamia Putra,1,2026-08-05,aplikasi error,Negatif,Negatif,87.9,11.5,87.9,Sesuai
4913,Rika Astari,1,2026-08-05,ini kenapa kode otp nya gak masuk ? dari pagi lo di daftar gk masuk juga sampe skarang,Negatif,Negatif,96.1,3.6,96.1,Sesuai
4914,Maz Gomb,4,2026-08-05,lemott,Negatif,Positif,51.5,51.5,45.6,Sesuai
4915,Ihsan Athallah,1,2026-08-05,"nyusahin bgt ajggg, mau login error mulu padahal password udh bener",Negatif,Negatif,95.7,3.8,95.7,Sesuai
4916,Hadiana Ramdani,1,2026-08-05,"Ini kenapa sih susah banget buat login apk nya? Permintaan anda belum dapat di proses terus, ini solusinya gimana ya?",Negatif,Negatif,86.8,12.4,86.8,Sesuai
4917,dwi Wahyudinarno,1,2026-08-05,kok gak bisa dibuka faskes tingkat lanjut di aplikasi jkn mobile itu,Negatif,Positif,55.4,55.4,43.5,💡 Bintang 1-2 tapi Prediksi ML Positif (Pujian / Salah Klik)
4918,siskafinannto,1,2026-08-05,mau ambil antrian online erorr mulu sering bgt ada perbaikan tapi gadikasih tau usernya. sebel deh,Negatif,Negatif,89.5,10.1,89.5,Sesuai
4919,ersyana,1,2026-08-05,makin update makin busuk ah,Negatif,Negatif,69.4,29.6,69.4,Sesuai
4920,alifira one (Iwan),2,2026-08-05,mencoba ganti pasword malah gk bisa login. saya merasa akun saya dibobol. soalnya menu ambil antrian bisa ada sendiri sebelum saya mengaksesnya. parah ini !!!,Negatif,Negatif,96.6,3.3,96.6,Sesuai
4921,Irawan Komaria,1,2026-08-05,buat pengelola aplikasi jika memang tidak ada niatan untuk melakukan perbaikan sebaiknya hapus aja sistem JKN sangat2 merugikan karna terlalu banyak BUG di aplikasi ini sangat2 mengecewakan,Negatif,Negatif,86.1,13,86.1,Sesuai
4922,Dimas Ardhiansyah,1,2026-08-05,"aplikasi yang sama sekali tidak memudahkan masyarakat, banyak erornya, sedikit"" eror sedikit"" eror,gak profesional sama sekali 👎👎👎👎👎👎👎👎👎👎👎👎👎👎👎👎👎",Negatif,Negatif,66.8,32.4,66.8,Sesuai
4923,Mul Yono,1,2026-08-05,sering errorrrrr,Negatif,Negatif,96.9,2.9,96.9,Sesuai
4924,Apong Apong,1,2026-08-05,apk mentah,Negatif,Positif,51.5,51.5,45.6,💡 Bintang 1-2 tapi Prediksi ML Positif (Pujian / Salah Klik)
4925,Malamuli,2,2026-08-05,"jelek, sering eror padahal sinyal lancar",Negatif,Negatif,86,13.4,86,Sesuai
4926,Zacky Loekman,3,2026-08-05,"Sering tidak nyambung, terutama pergantian bulan",Netral,Negatif,70.9,27.8,70.9,Sesuai
4927,Didin Firmansyah,5,2026-08-05,alhamdulilah,Positif,Positif,51.5,51.5,45.6,Sesuai
4928,Andika Pratama,5,2026-08-05,good app,Positif,Positif,96.4,96.4,3.1,Sesuai
4929,Arly Arismunandar,5,2026-08-05,ok,Positif,Positif,51.5,51.5,45.6,Sesuai
4930,Ali Usman,5,2026-08-05,sangat membantu,Positif,Positif,99.7,99.7,0.3,Sesuai
4931,Andra Wijaya,5,2026-08-05,sangat membantu,Positif,Positif,99.7,99.7,0.3,Sesuai
4932,Muhammad Zidane,1,2026-08-05,ga bisa pantengin apa nih ko udh daftar malah harus daftar lagi kalau mau logon kan tolong It nya iq jongkok,Negatif,Negatif,96.2,3.6,96.2,Sesuai
4933,Kaka Supiyan,4,2026-08-05,"mudah, asalkan mengerti sistem",Positif,Positif,64.5,64.5,33.7,Sesuai
4934,Louis Calvin Sanjaya,1,2026-08-05,mau verifikasi otp dari nomor telepon tidak respon sama sekali,Negatif,Negatif,89.8,9.3,89.8,Sesuai
4935,Mar Diana,1,2026-08-05,terlalu banyak erornya bikin pusing 🫤,Negatif,Negatif,77,20.9,77,Sesuai
4936,haviv ardiansyah,1,2026-08-05,"apk sampah, verifikasi otp sms gagal terus",Negatif,Negatif,97.1,2.7,97.1,Sesuai
4937,Andre Anderson,1,2026-08-05,"otp nya lama, baru kali ini kesusahan daftar",Negatif,Negatif,86.1,13.2,86.1,Sesuai
4938,Kadri Anti,1,2026-08-05,"aplikasinya sering error, bahkan tampilan captcha hanya berputar putar padahal sinyal saya bagus",Negatif,Negatif,78.2,20.8,78.2,Sesuai
4939,Dini Nurhasanah,1,2026-08-05,"loding terus ,sering eror maungambil antrian aja susah. pdhl tiap bulan saya bayar BPJS bkn PBI",Negatif,Negatif,95.8,3.5,95.8,Sesuai
4940,SITI AFIFAH,1,2026-08-05,"GAJELAS BGT NI APK semua data udh bener tpi verif no hp malah gk muncul"" kodenya rewel bgt ribet bikin emosi",Negatif,Negatif,96.9,2.8,96.9,Sesuai
4941,Properti Jogja,5,2026-08-05,simple efisien,Positif,Positif,87.2,87.2,11.6,Sesuai
4942,Syahrul Priya,1,2026-08-05,verifikasi wajah sampah,Negatif,Negatif,96.2,3.4,96.2,Sesuai
4943,Raihan Naufal,1,2026-08-05,kode otp SMS gk masuk2,Negatif,Negatif,96.7,3.1,96.7,Sesuai
4944,Heri Munandar,5,2026-08-05,ok..sangat membantu sekali mempermudah jd ga usah ngantri saat daftar,Positif,Positif,90,90,9.8,Sesuai
4945,Ida Murdiah,1,2026-08-05,tolong diperbaiki saya mau ganti password kode otp nya tidak terkirim sudah ditunggu selama setengah jam mohon diperbaiki,Negatif,Negatif,97,2.7,97,Sesuai
4946,Afiyatul khusnasaputri,1,2026-08-05,"saya mau daftar kenapa susah kali mau verifikasi nomor hp, berkali' aku coba nunggu otp verifikasi masuk sumpah lama kali dikira gak buang' waktu apa nungguin otp doang, nomor saya baru ga mati juga nomornya kenapa lama kali heran saya niat bikin di sini biar cepet tapi sama aja nunggu lama sialan",Negatif,Negatif,97.4,2.4,97.4,Sesuai
4947,Otosaka Yuu,1,2026-08-05,verifikasi sampah,Negatif,Negatif,91.6,8,91.6,Sesuai
4948,Asmaul faridah,5,2026-08-05,semoga lancar dan tidak lemot lagi,Negatif,Positif,79.4,79.4,19.9,Sesuai
4949,agung wibowo,5,2026-08-05,memudahkan pendaftaran online....sehingga tidak perlu antrean panjang,Positif,Positif,67.8,67.8,31.5,Sesuai
4950,Petti Sandyaati,5,2026-08-05,sangat membantu,Positif,Positif,99.7,99.7,0.3,Sesuai
4951,Jito Setyawan,4,2026-08-05,Aplikasi bagus,Positif,Positif,97.6,97.6,2.3,Sesuai
4952,Khalisa Adilla Putri,5,2026-08-05,sangat membantu dan memudahkan,Positif,Positif,99.8,99.8,0.2,Sesuai
4953,Aleric Suteja,1,2026-08-05,susah buat login!,Negatif,Negatif,74.5,23.6,74.5,Sesuai
4954,Jadon Nathan,2,2026-08-05,kenapa sms ke no hp ga masuk masuk?,Negatif,Negatif,93.7,6.1,93.7,Sesuai
4955,Roma Sangkan,1,2026-08-05,"jelek ga bisa ubah data,,, HP ilang no email ga aktif susah bngt aktif nya",Negatif,Negatif,74.5,25,74.5,Sesuai
4956,Adzriel Syafiq,1,2026-08-05,tidak bisa menerima kode otp pendaftaran,Negatif,Negatif,87.1,12.5,87.1,Sesuai
4957,rizka rosdianaa123,5,2026-08-05,sangat bagus dan baik,Positif,Positif,99.1,99.1,0.8,Sesuai
4958,703chesya 45med,5,2026-08-05,sangat membantu sekali.. mempermudah untuk pendaftaran..,Positif,Positif,99.3,99.3,0.6,Sesuai
4959,ganda Saputra Music,5,2026-08-05,mempermudah pengecekan saldo tiap bulan nya,Positif,Positif,50.6,50.6,48.8,Sesuai
4960,Zainudin Amin,1,2026-08-05,"apk sialan, abis diupdate malah gk bisa buat login",Negatif,Negatif,88.1,10.8,88.1,Sesuai
4961,h u,5,2026-08-05,Alhamdulillah ngurus apapun dimudahkan,Positif,Positif,77.3,77.3,22.3,Sesuai
4962,Mamyalala,5,2026-08-05,untuk sejauh bagus dan nyaman aplikasinya,Positif,Positif,96.7,96.7,3,Sesuai
4963,Bang Zonk,1,2026-08-05,kenapa layanan JKN malah di persulit dengan secara onlin ? sangat mengecewakan payah dan parah total. nol tidak membatu,Negatif,Negatif,83.5,15.9,83.5,Sesuai
4964,Ali Munawar,2,2026-08-05,"jelek ,setiap mw dfpar slalu erorrr",Negatif,Negatif,86.8,12.1,86.8,Sesuai
4965,Tukang Upload Channel,3,2026-08-05,lumayan membantu,Netral,Positif,95.2,95.2,4.5,Sesuai
4966,Firts Blood,2,2026-08-05,"masalah saya, saya sudah selesai daftar akun lalu bisa, ketika saya mau daftar online lewat apk jkn ini, ternyata ada tulisan atau riwayat sdh di periksa hari ini, padahal saya belum periksa, baru juga mau daftar online trus solusinya gimana ini saya bingung, di pencet-pencet tidak bisa, rumit sekaliii",Negatif,Negatif,91.3,8.5,91.3,Sesuai
4967,Et Rohayati,3,2026-08-05,ga bisa update,Netral,Negatif,84.6,15,84.6,Sesuai
4968,Khoirul Muksinin,5,2026-08-05,ok,Positif,Positif,51.5,51.5,45.6,Sesuai
4969,Dawiah,1,2026-08-05,gabisa masuk kode otp nya,Negatif,Negatif,94.1,5.3,94.1,Sesuai
4970,RANGGA PRATAMA,5,2026-08-05,Mantap,Positif,Positif,99.2,99.2,0.7,Sesuai
4971,Fikar Haryono,5,2026-08-05,terimakasih sangat membantu mempermudah pelayanan,Positif,Positif,99.5,99.5,0.5,Sesuai
4972,Epi Triyani,5,2026-08-05,sangat membantu,Positif,Positif,99.7,99.7,0.3,Sesuai
4973,Riani Rini,1,2026-08-05,"apakah aplksi ini hnya bisa di buka pada HP dengan versi tinggi, masa iya baru 2 bulan tidak buka apk ini pas mau coba cek malah suruh update, pas mau update ktanya hp tidak trmasuk kategori untuk bisa menggunakan apk& harus hubungi developer.. tolong ini gimana solusinya?",Negatif,Negatif,94.2,5.5,94.2,Sesuai
4974,Alifa Cantik,5,2026-08-05,knph harus diupgread trs versinya,Positif,Negatif,77.9,20.4,77.9,🚨 Bintang 4-5 tapi Prediksi ML Negatif (Taktik Komplain)
4975,Kangriyan 85,5,2026-08-05,semoga aplikasi nya berjalan dg baik,Positif,Positif,85.3,85.3,14.1,Sesuai
4976,Zain Arsalan,1,2026-08-05,"udah seharian daftar aja ga bisa, otp sms aja ga bisa kirim, udah 2026 ni bos aplikasimu masih kaye zaman bila jelek bet",Negatif,Negatif,96.3,3.3,96.3,Sesuai
4977,Renaldo Van roo,5,2026-08-05,sangat membantu sekali,Positif,Positif,99.8,99.8,0.2,Sesuai
4978,Abellio hermanto,5,2026-08-05,sangat membantu rakyat kecill,Positif,Positif,94.4,94.4,5.4,Sesuai
4979,Wahyu Gigihnugroho,1,2026-08-05,sangat jelek&tidak bisa di gunakan..,Negatif,Negatif,89.4,10.3,89.4,Sesuai
4980,Chiko,5,2026-08-05,bagus n bermanfaat,Positif,Positif,99.2,99.2,0.7,Sesuai
4981,"Icang Cang,",5,2026-08-05,pelayanan oke👍🏻,Positif,Positif,98.1,98.1,1.8,Sesuai
4982,007 Pratama,1,2026-08-05,aplikasi sampah apa apa lag lah offline lah dongo,Negatif,Negatif,94.8,4.7,94.8,Sesuai
4983,Udin Din,5,2026-08-05,mantap betul dengan aplikasi nya,Positif,Positif,89.5,89.5,10,Sesuai
4984,Andrian Saputra,1,2026-08-05,"tidak bisa daftar, saat masukan no hp bermasalah",Negatif,Negatif,94.7,5.2,94.7,Sesuai
4985,Hae Roni,5,2026-08-05,mudah,Positif,Positif,92.5,92.5,7.3,Sesuai
4986,Rifai Rizki Ramadhan,5,2026-08-05,Mantapp,Positif,Positif,51.5,51.5,45.6,Sesuai
4987,Wahyu Hidayat,5,2026-08-05,Bagus.,Positif,Positif,98.2,98.2,1.7,Sesuai
4988,andre a,1,2026-08-05,"chaptcha loading terus,pdhl reinstall ulang",Negatif,Negatif,58.3,39.7,58.3,Sesuai
4989,Halo Putu,5,2026-08-05,cepat dan sangat membantu,Positif,Positif,99.9,99.9,0.1,Sesuai
4990,Spongebob Berkata,4,2026-08-05,"Gaiss!! Kalo kalian susah registrasi dan bermasalah dengan kode OTP, coba pulsanya diisi dulu ya. Kode OTP nya bakal dikirim kalo kita ada pulsa",Positif,Negatif,98.2,1.6,98.2,🚨 Bintang 4-5 tapi Prediksi ML Negatif (Taktik Komplain)
4991,Wawan Wawan,5,2026-08-05,baik,Positif,Positif,81,81,18.5,Sesuai
4992,Bayezid 23,5,2026-08-05,"Alhamdulillah pelayanan ruangan Bougenvil perawat e ramah, sigap dan bersih mksh utk aak/abg perawat semue ye",Positif,Positif,91.1,91.1,8.1,Sesuai
4993,Eko Widyo Susanto,5,2026-08-05,mantab gak ribet sangat membantu,Negatif,Positif,87.7,87.7,12.2,Sesuai
4994,Meylia dwilestari,1,2026-08-05,"kemarin saya bisa download aplikasi ini, sekarang mau dibuka aplikasinya susah alhasil saya hapus aplikasi dan download kembali malah aplikasi tidak kompatibel,, bikin susah aja aplikasi nya... ribet!! tolong bagaimana solusinya ini",Negatif,Negatif,96.6,3.1,96.6,Sesuai
4995,Rizal Prasetyo,1,2026-08-05,Aplikasinya terlalu sering becanda. Setiap input nomor telepon & kirim sms utk daftar di aplikasi selalu gagal.,Negatif,Negatif,90.5,8.6,90.5,Sesuai
4996,Dani Ahmad,5,2026-08-05,mantaaap...,Positif,Positif,99.2,99.2,0.7,Sesuai
4997,YADI SURYADI,5,2026-08-05,sangat bermanfaat aplikasi ini,Positif,Positif,97.8,97.8,2,Sesuai
4998,Dexi Supriadi,5,2026-08-05,sangat baik dan membantu,Positif,Positif,99.1,99.1,0.9,Sesuai
4999,Shi Xontol,1,2026-08-05,"Apa setiap situs atau aplikasi pemerintah emang ga ada yang beres ya?! Padahal anggarannya besar. Bayangkan aja kalau buat beli kaos kaki MBG aja milyaran apalagi ini untuk sewa hosting dan domain. Tapi hasilnya sungguh mengecewakan. Udah sebulan berusaha login atau daftar, kode OTP ga masuk-masuk. Mana nunggu reset OTP sampai 300 detik lagi. Dah lah, dah habis kesabaran, mending uninstall aja.",Negatif,Negatif,98,1.7,98,Sesuai
5000,Alit Tasliman,5,2026-08-05,Proses mudah dan cepat..,Positif,Positif,98.9,98.9,1.1,Sesuai
