No,User Name,Rating Bintang,Tanggal,Ulasan Asli,Ulasan Preprocessing,Skor Sentimen,Sentimen Teks,Status Kesesuaian,Keterangan Anomali
1,Ahmad Rido'i,5,2026-09-11,Aplikasi memudahkan,aplikasi memudahkan,3,Positif,MATCH,
2,Kiso Veo,1,2026-09-11,"Payah, sekelas aplikasi pemerintah kuliatasnya seperti ini untuk pelayanan kesehatan Bayar pajak cuma buat urusan perut pejabat bukan untuk kemaslahatan rakyat",payah sekelas aplikasi pemerintah kuliatasnya seperti ini untuk pelayanan kesehatan bayar pajak cuma buat urusan perut pejabat bukan untuk kemaslahatan rakyat,-3,Negatif,MATCH,
3,Egi Hilman,1,2026-09-11,aplikasi nya jelek banget... mau daftar sebgai anggota baru problem trs akhirnya ngulang lagi prosesnya dari awal,aplikasi nya buruk banget mau daftar sebgai anggota baru problem terus akhirnya ngulang lagi prosesnya dari awal,-3,Negatif,MATCH,
4,Putraa Hani,1,2026-09-11,"apk jelek bgt susah daftarnya, dulu gampang skrg malah ruett kaya pemerintah",aplikasi buruk banget sulit daftarnya dulu gampang sekarang malah ruett kaya pemerintah,-5.5,Negatif,MATCH,
5,Yunus Wahyu Setiawan,1,2026-09-11,"Dapet rujukan tapi di faskes lanjutan jadwal penuh berhari hari, mau ke IGD tp ada embel² belum tentu dicover BPJS. Ya gimana, kita yg ngerasain sakitnya tp keputusan dicover BPJS blm pasti. Masa harus nunggu berhari² baru bisa berobat?",dapet rujukan tapi di faskes lanjutan jadwal penuh berhari hari mau ke igd tapi ada embel belum tentu dicover bpjs ya gimana kita yang ngerasain sakitnya tapi keputusan dicover bpjs belum pasti masa harus nunggu berhari baru bisa berobat,0,Netral,MATCH,
6,Elzio Wine,1,2026-09-11,"saya sangat kecewa dengan aplksi mobile jkn,anak saya sakit mau berobat,sedangkn hp saya tidak bisa mendownload aplksi mobile jkn,sedangkn peraturan rumah sakit harus dftr lewat online,lalu bagaiman sya mau berobat ,tolong dong pihak bpjs untuk aplksi biar semua tipe hp atau mmensupprot untk di download,maslah ya ini taruhan nyawa,.sedangkn dri pihak klinik hrus daftar dlu ya ,gimna nie tolong,atau saya laporkan kepda pejabat tinggi ya,kalau menyusahkan org buat berobat",saya sangat kecewa dengan aplksi mobile jkn anak saya sakit mau berobat sedangkn hp saya tidak bisa mendownload aplksi mobile jkn sedangkn peraturan rumah sakit harus daftar lewat online lalu bagaiman sya mau berobat tolong dong pihak bpjs untuk aplksi biar semua tipe hp atau mmensupprot untk di download maslah ya ini taruhan nyawa sedangkn dari pihak klinik hrus daftar dlu ya gimna nie tolong atau saya laporkan kepda pejabat tinggi ya kalau menyusahkan org buat berobat,-3,Negatif,MATCH,
7,Riki Sipahelut,4,2026-09-11,Appnya oke sih,appnya oke sih,1.5,Positif,MATCH,
8,purnawan nawan,3,2026-09-11,susah buat daftar seperti tidak ada perbaikan,sulit buat daftar seperti tidak ada perbaikan,-2.5,Negatif,MATCH,
9,Bang Jun,1,2026-09-11,aplikasi sering maintenance. mohon untuk ditingkatkan lagi,aplikasi sering maintenance mohon untuk ditingkatkan lagi,0,Netral,MATCH,
10,Maryam Syarif,5,2026-09-11,kenapa ya kok punya ku tidak bisa ambil antrian tolong dong bantuan nya,kenapa ya kok punya ku tidak bisa ambil antrean tolong dong bantuan nya,0,Netral,MATCH,
11,Fitri Lailatul,5,2026-09-11,mantap,mantap,3,Positif,MATCH,
12,Seni Kaban,5,2026-09-11,terbaik,terbaik,3,Positif,MATCH,
13,alghifari Taufiq,5,2026-09-11,bagus,bagus,2,Positif,MATCH,
14,Zainal Amin,4,2026-09-11,baik,baik,2,Positif,MATCH,
15,Delvin Aldzikry,1,2026-09-11,bt apa daftar online terus dikasih no antri klo ujung ujung ttp aja siapa yg datang duluan no antrian no 1,bt apa daftar online terus dikasih no antri klo ujung ujung ttp aja siapa yang datang duluan no antrean no 1,0,Netral,MATCH,
16,arla putra,5,2026-09-11,bagus ini,bagus ini,2,Positif,MATCH,
17,Produksi Masal,5,2026-09-11,aplikasi nya sangat bagus,aplikasi nya sangat bagus,2,Positif,MATCH,
18,Kyb Kyb,5,2026-09-11,"lebih praktis, dan sangat membatu.",lebih praktis dan sangat membatu,2.5,Positif,MATCH,
19,IraAyu 7002,1,2026-09-11,kenapa harus pake ini kalo app nya eror!!!??? udah verifikasi wajah susah mirornya aneh. Setelah bisa malah disuruh coba lagi karna sistem tidak bisa diproses!!! tolong.,kenapa harus pake ini kalo aplikasi nya error udah verifikasi wajah sulit mirornya aneh setelah bisa malah disuruh coba lagi karena sistem tidak bisa diproses tolong,-5,Negatif,MATCH,
20,Aan Anwar,5,2026-09-11,oke,oke,1.5,Positif,MATCH,
21,Rizky M.Syahrul,1,2026-09-11,"APK SAMPAHHHHHHHHHHH, KODE OTP NYA LAMA SEKALI DI KIRIM UDAH HAMPIR 2 HARI NUNGGU GAK ADA DI KIRIM",aplikasi sampah kode otp nya lama sekali di kirim udah hampir 2 hari nunggu tidak ada di kirim,-6,Negatif,MATCH,
22,Rvnzaa Putra,1,2026-09-11,bodoh,bodoh,0,Netral,MATCH,
23,Noldy Kapia18,1,2026-09-11,🔪,,0,Netral,MATCH,
24,sarmi sarmi,4,2026-09-11,"aplikasi tdk bisa digunakan untuk ambil antrian,, sering log out",aplikasi tidak bisa digunakan untuk ambil antrean sering login out,0,Netral,MATCH,
25,Ricky Azwhan,1,2026-09-10,"aku pribadi lebih suka mekanis yang dulu sederhana dan terstruktur ketimbang sekarang banyak fitur iya tapi hal yang paling mendasar seperti Memperivikasi nomer telepon terutama saat mengirim kode dengan nomer itu lana sekali, tidak responsif juga untuk login memang ada password, tapi sekali lupa dan salah itu mau atur ulang sandi nya susah sekali kaya mau apa aja, dilihat dari pembaruan nya itu udah ada Ai yang melihat gejala, tapi tidak buat keamanannya di perbaiki, karena itu menjadi dasarnya",aku pribadi lebih suka mekanis yang dulu sederhana dan terstruktur ketimbang sekarang banyak fitur iya tapi hal yang paling mendasar seperti memperivikasi nomer telepon terutama saat mengirim kode dengan nomer itu lana sekali tidak responsif juga untuk login memang ada password tapi sekali lupa dan salah itu mau atur ulang sandi nya sulit sekali kaya mau apa aja dilihat dari pembaruan nya itu udah ada ai yang melihat gejala tapi tidak buat keamanannya di perbaiki karena itu menjadi dasarnya,-0.5,Netral,MATCH,
26,Doea Pilar Oetama,5,2026-09-10,mudah dan interaktif mantab,mudah dan interaktif mantap,5.5,Positif,MATCH,
27,STUT COMMUNITY,5,2026-09-10,sangat membantu👍,sangat membantu,3,Positif,MATCH,
28,Zhen Ibra,5,2026-09-10,"kenapa mobile jkn mau login nik ktp lain gak bisa lagi,aplikasi ini makin susah aja login",kenapa mobile jkn mau login nik kartu tanda penduduk lain tidak bisa lagi aplikasi ini makin sulit aja login,-2.5,Negatif,MISMATCH_HIGH_RATING,"Rating bintang tinggi (4-5), namun isi ulasan memuat kritik/keluhan tajam"
29,muhammad bahiij,1,2026-09-10,"kebanyakan update,fitur utama malah eror,buat daftar antrean online aja kode f1 terus,aplikasi GG",kebanyakan update fitur utama malah error buat daftar antrean online aja kode f1 terus aplikasi gg,-2.5,Negatif,MATCH,
30,Suyanto Diningrat,1,2026-09-10,"susah buat verifikasi wajah, kode OTP ga pernah muncul pdhl nomer HP aktif trs, aplikasi ga berguna",sulit buat verifikasi wajah kode otp tidak pernah muncul pdhl nomer hp aktif terus aplikasi tidak berguna,-2.5,Negatif,MATCH,
31,Adji Saroso,5,2026-09-10,ok banget,ok banget,1.5,Positif,MATCH,
32,Ahmad Failani,1,2026-09-10,keburu sekarat,keburu sekarat,0,Netral,MATCH,
33,wedusss212 weduss,1,2026-09-10,"aplikasi malah tambah nyusahin mau berobat jadi susah , log in sulit minta otp selalu g bisa,....",aplikasi malah tambah nyusahin mau berobat jadi sulit login in sulit minta otp selalu g bisa,-5,Negatif,MATCH,
34,dion alief,5,2026-09-10,"sekarang mau ngapa""in jadi ribet",sekarang mau ngapa in jadi rumit,-2,Negatif,MISMATCH_HIGH_RATING,"Rating bintang tinggi (4-5), namun isi ulasan memuat kritik/keluhan tajam"
35,cristina a,3,2026-09-10,"sering error, tolong di upgrade dong",sering error tolong di upgrade dong,-2.5,Negatif,MATCH,
36,Indra Bmth,3,2026-09-10,mau ngambil antrian online gagal Mulu udah dicoba segala ha gabisal mohon di perbaiki lagi,mau ngambil antrean online gagal terus udah dicoba segala ha gabisal mohon di perbaiki lagi,-2.5,Negatif,MATCH,
37,Sakti Octova,1,2026-09-10,optimalkan lagi dong aplikasinya masa untuk hp ram 6 gb force close terus,optimalkan lagi dong aplikasinya masa untuk hp ram 6 gb force close terus,-3,Negatif,MATCH,
38,M Riki Saputra,1,2026-09-10,"kadang memudahkan kadang menyusahkan karna gamau login dan terlog out sendiri, Optimali lagi ni aplikasi",kadang memudahkan kadang menyusahkan karena tidak mau login dan terlog out sendiri optimali lagi ni aplikasi,3,Positif,MISMATCH_LOW_RATING,Salah klik rating / Human error (Isi ulasan berupa pujian murni)
39,Muhammad Qosim,1,2026-09-10,kurang baik,kurang baik,-1.8,Negatif,MATCH,
40,Malik Fajar,1,2026-09-10,verifikasi otp lewat sms ga muncul2 alasan jaringan padahal jaringan bagus karena menggunakan wifi,verifikasi otp lewat sms tidak muncul2 alasan jaringan padahal jaringan bagus karena menggunakan wifi,2,Positif,MISMATCH_LOW_RATING,Salah klik rating / Human error (Isi ulasan berupa pujian murni)
41,Sihabuddin Addimiyyati,1,2026-09-10,jelek bet susah daftar,buruk bet sulit daftar,-5.5,Negatif,MATCH,
42,FI KAR,1,2026-09-10,"kode otp nya ga ada, apk apaan ini",kode otp nya tidak ada aplikasi apaan ini,0,Netral,MATCH,
43,Heri Mulyana,1,2026-09-10,knpa aplikasi ini susah sekali .. kompatibel terus apa masalah ny..dulu lancar2 aja,knpa aplikasi ini sulit sekali kompatibel terus apa masalah ny dulu lancar2 aja,-2.5,Negatif,MATCH,
44,Abdi Nawawi,5,2026-09-10,aplikasi Bagus,aplikasi bagus,2,Positif,MATCH,
45,Himalaya Sadewa,5,2026-09-10,mantap pelayanan,mantap pelayanan,3,Positif,MATCH,
46,Paijo87 Jhony87,5,2026-09-10,mudah cara pegunaan ya,mudah cara pegunaan ya,2.5,Positif,MATCH,
47,Pincok 26,1,2026-09-10,saya berharap petugas BPJS kalo input data tu mata melek jangan merem satu angka/huruf salah anda mepotkan kami!!!,saya berharap petugas bpjs kalo input data tu mata melek jangan merem satu angka huruf salah anda mepotkan kami,0,Netral,MATCH,
48,Saepul Islam,1,2026-09-10,SUMPAH INI APLIKASI JELEK BANGET. SERING KELUAR SENDIRI PADAHAL PASWORD SUDAH BENAR SAMPE GAGAL 3 KALI MASUK. PADAHAL URGENT MAU DIPAKE KECEWA,sumpah ini aplikasi buruk banget sering keluar sendiri padahal pasword sudah benar sampe gagal 3 kali masuk padahal urgent mau dipake kecewa,-11.5,Negatif,MATCH,
49,Anto Boyz,5,2026-09-10,sangat luar biasa,sangat luar biasa,0,Netral,MATCH,
50,Zainal Abidin,5,2026-09-10,mantaap,mantaap,0,Netral,MATCH,
51,Pujianto Agustus,5,2026-09-10,ok bangat yang penting okey mantrap,ok bangat yang penting okey mantrap,1.5,Positif,MATCH,
52,Melani Futria,3,2026-09-10,"dulu mah gampang mau masuk tinggal klik sandi ,skrg agak ribet deh berkali2 jaringan eror gabisa masuk aplikasi mencoba uninstal trs didownload ulang malahan gbs jg",dulu mah gampang mau masuk tinggal klik sandi sekarang agak rumit deh berkali2 jaringan error tidak bisa masuk aplikasi mencoba uninstal terus didownload ulang malahan tidak bisa jg,-4.5,Negatif,MATCH,
53,Malang Bagus,1,2026-09-10,"sekarang malah susah mau ambil no antrean biasa nya tinggal pilih peserta, apa harus bikin akun lagi untuk nik anak biar bisa ambil nomor antrean",sekarang malah sulit mau ambil no antrean biasa nya tinggal pilih peserta apa harus bikin akun lagi untuk nik anak biar bisa ambil nomor antrean,-2.5,Negatif,MATCH,
54,Muslikhin ali khusni,1,2026-09-10,aplikasi bodoh. tiap bulan mesti login.itu bodoh fb aja ga tiap bulan login.perpinter lagi,aplikasi bodoh tiap bulan mesti login itu bodoh fb aja tidak tiap bulan login perpinter lagi,0,Netral,MATCH,
55,Nadine Nazyre,4,2026-09-10,"Setelah di update APK kenapa malah logout sendiri dan tidak bisa login lagi?,.. Padahal sinyal kuat dan semua data yang di masukkan sudah betul,.. Ini gimana ya? Apakah APKnya sudah tidak bisa di gunakan?",setelah di update aplikasi kenapa malah logout sendiri dan tidak bisa login lagi padahal sinyal kuat dan semua data yang di masukkan sudah betul ini gimana ya apakah apknya sudah tidak bisa di gunakan,0,Netral,MATCH,
56,Rachmat Sudrajat,1,2026-09-10,"Gmn mau buka,kudu update wae.Klo Hp bagus dan memory cukup gak masalah,lah ini hp jadul memory kecil .... Malah jd masalah baru lg ini,gmn sy mau berobat",gmn mau buka kudu update wae klo hp bagus dan memory cukup tidak masalah lah ini hp jadul memory kecil malah jd masalah baru lg ini gmn saya mau berobat,2,Positif,MISMATCH_LOW_RATING,Salah klik rating / Human error (Isi ulasan berupa pujian murni)
57,Budi Prayitno,1,2026-09-10,Mengapa tidak ada dukungan mobile jkn ini untuk android 8/9? apa memang pengguna jkn hanya utntuk orang mampu? rakyat kecil tidak boleh menggunakan fasilitas jkn?,mengapa tidak ada dukungan mobile jkn ini untuk android 8 9 apa memang pengguna jkn hanya utntuk orang mampu rakyat kecil tidak boleh menggunakan fasilitas jkn,0,Netral,MATCH,
58,Oki Abdul karom,5,2026-09-10,aplikasi bermanfaat sangat membantu dan mempermudah masyarakat. petugas nya pun ramah tamah dan sangat membantu. terimakasih,aplikasi bermanfaat sangat membantu dan mempermudah masyarakat petugas nya pun ramah tamah dan sangat membantu terimakasih,11,Positif,MATCH,
59,Dennise Saputra,1,2026-09-10,saya daftar JKN mobile dari pagi sampe malem otp sms ga pernah masuk cuman otp Gmail aja yang masuk,saya daftar jkn mobile dari pagi sampe malem otp sms tidak pernah masuk cuman otp gmail aja yang masuk,0,Netral,MATCH,
60,Edo Pandeirot,5,2026-09-10,sangat membantu,sangat membantu,3,Positif,MATCH,
61,Helni Depag,5,2026-09-10,sangat membantu dalam pengecekan kesehatan,sangat membantu dalam pengecekan kesehatan,3,Positif,MATCH,
62,muklas khan,1,2026-09-10,aplikasi tidak bisa di buka,aplikasi tidak bisa di buka,0,Netral,MATCH,
63,Insan Kamil Budiman,1,2026-09-10,"kurang berguna, apk jebakan",kurang berguna aplikasi jebakan,0,Netral,MATCH,
64,Rukwati Yahya,1,2026-09-10,sms verifikasi tidak kunjung masuk,sms verifikasi tidak kunjung masuk,0,Netral,MATCH,
65,Hadi Sancoko,5,2026-09-10,ok,ok,1.5,Positif,MATCH,
66,Dzaki Airil,5,2026-09-10,sangat membantu kami,sangat membantu kami,3,Positif,MATCH,
67,Zikri Maulvi,5,2026-09-10,the best,the best,0,Netral,MATCH,
68,legal,1,2026-09-10,"Apasih bolak balik harus login, rempong bgt",apasih bolak balik harus login rempong banget,0,Netral,MATCH,
69,Wiwit Amelia,5,2026-09-10,mudah dan gampang g pake ribet,mudah dan gampang g pake rumit,0.5,Netral,MATCH,
70,Purwati Wati,4,2026-09-10,lumayan akurat. hanya kadang rumit bolak-balik verifikasi akun. password PIN. jatuhnya kepada org tua yg mulai renta mata krg awas. ingatan mulai lemah. jdi lupa lupa terus PIN atau password. jadi lama prosesnya utk berobat,lumayan akurat hanya kadang rumit bolak-balik verifikasi akun password pin jatuhnya kepada org tua yang mulai renta mata krg awas ingatan mulai lemah jdi lupa lupa terus pin atau password jadi lama prosesnya untuk berobat,-4,Negatif,MISMATCH_HIGH_RATING,"Rating bintang tinggi (4-5), namun isi ulasan memuat kritik/keluhan tajam"
71,Sondang Mayda,3,2026-09-10,srg kali mnt login & logout sesuka nya. muak awak.,srg kali mnt login logout sesuka nya muak awak,-3.5,Negatif,MATCH,
72,Wahyu Wulan,1,2026-09-10,pas masukin nomer nggak bisa terus udah 1 bulan di coba lagi masih nggak bisa padahal nomer masih aktif ada pulsanya juga,pas masukin nomer tidak bisa terus udah 1 bulan di coba lagi masih tidak bisa padahal nomer masih aktif ada pulsanya juga,0,Netral,MATCH,
73,Farhanghani,1,2026-09-10,aplikasi BUSUKKKK,aplikasi busuk,0,Netral,MATCH,
74,Imam bae,1,2026-09-10,apk sampah tiba² keluar sendri IT nya ga besus kerjanya,aplikasi sampah tiba keluar sendri it nya tidak besus kerjanya,-4,Negatif,MATCH,
75,Ashfi Amarilis Wafda,5,2026-09-10,sangat membantu,sangat membantu,3,Positif,MATCH,
76,Zein Arief,1,2026-09-10,apk gk bisa buat reset password kayak nya apk ini hny pajangan,aplikasi tidak bisa buat reset password kayak nya aplikasi ini hny pajangan,0,Netral,MATCH,
77,Darto Gum,5,2026-09-10,good,good,2,Positif,MATCH,
78,Ogi Suhendar,4,2026-09-10,kenapa hp saya tidak dapat meng update jkn dan tidak bisa di buka,kenapa hp saya tidak dapat meng update jkn dan tidak bisa di buka,0,Netral,MATCH,
79,Dede Sopandi,5,2026-09-10,good sangat membantu,good sangat membantu,5,Positif,MATCH,
80,Nurul Anwar,5,2026-09-10,"sangatttt membantu, terimakasih mobile JKN",sangat membantu terimakasih mobile jkn,3,Positif,MATCH,
81,saukat ali,5,2026-09-10,excellent,excellent,0,Netral,MATCH,
82,Fitri YD,5,2026-09-10,pelayanan ini sangat membantu kami warga indonesia,pelayanan ini sangat membantu kami warga indonesia,3,Positif,MATCH,
83,Arie Ramadanie,1,2026-09-10,aplikasi sampah buatnya mahal tapi slalu macet dari otp hingga registrasi tidak bisa diaktifkan,aplikasi sampah buatnya mahal tapi slalu macet dari otp hingga registrasi tidak bisa diaktifkan,-4,Negatif,MATCH,
84,kriswan setiadi,3,2026-09-10,aplikasi bagus setiap mau di pakai harus verifikasi padahal sudah di catat bagus bagus pasword tapi selalu salah beneran bikin capek,aplikasi bagus setiap mau di pakai harus verifikasi padahal sudah di catat bagus bagus pasword tapi selalu salah beneran bikin capek,6,Positif,MATCH,
85,Nopa Tejo mukti,5,2026-09-10,bagus,bagus,2,Positif,MATCH,
86,Rahmat hidayat,5,2026-09-10,membantu untuk pemeriksaan kesehatan,membantu untuk pemeriksaan kesehatan,3,Positif,MATCH,
87,Muhammad Fatir,5,2026-09-10,membantu....masarajat....,membantu masarajat,3,Positif,MATCH,
88,Amelia Ananda,4,2026-09-10,Lola aplikasinya,lola aplikasinya,0,Netral,MATCH,
89,Roni Bekasi,5,2026-09-10,sangat bermanfaat dan membantu mempermudah dalam percobaan,sangat bermanfaat dan membantu mempermudah dalam percobaan,6,Positif,MATCH,
90,Masyadi Aldo,5,2026-09-10,mantap jiwa,mantap jiwa,3,Positif,MATCH,
91,Mochamad Ryan Muzaki,1,2026-09-10,FC trus,fc terus,0,Netral,MATCH,
92,Muhamad Rafi Arifin,1,2026-09-10,sediakan fitur download pdf untuk surat rujukan baru saya kasih bintang 5,sediakan fitur download pdf untuk surat rujukan baru saya kasih bintang 5,0,Netral,MATCH,
93,H yx,1,2026-09-10,apasih tiba² buat daftar online nya hilang aneh banget,apasih tiba buat daftar online nya hilang aneh banget,0,Netral,MATCH,
94,Agus Nur alamsyah,5,2026-09-10,mantap,mantap,3,Positif,MATCH,
95,Zulfandia,5,2026-09-10,sangat membantu,sangat membantu,3,Positif,MATCH,
96,Antonius Adi,4,2026-09-10,"bagus dan sangat membantu,tidak perlu harus ke kantor pusat untuk mengubah data.tetap semangat.",bagus dan sangat membantu tidak perlu harus ke kantor pusat untuk mengubah data tetap semangat,5,Positif,MATCH,
97,Mach Haris,5,2026-09-10,keren perubahan datanya cepat,keren perubahan datanya cepat,5,Positif,MATCH,
98,Wahyudi Wahyudi,5,2026-09-10,mudah di akses,mudah di akses,2.5,Positif,MATCH,
99,candy,3,2026-09-10,"mau verifikasi wajah gagal terus, padahal udah ikutin instruksi. tempat juga udah terang. siapa si ini tim IT nya. tolong SEGERA diperbaiki. mau kontrol aja dipersulit.",mau verifikasi wajah gagal terus padahal udah ikutin instruksi tempat juga udah terang siapa si ini tim it nya tolong segera diperbaiki mau kontrol aja dipersulit,-6,Negatif,MATCH,
100,Gace Imut,1,2026-09-10,Apaan ini tau tau logout... sendiri.. Percuma jg pake aplikasi bgini ga bykk pengaruh jg.. Malah Ribet. logout sendiri.,apaan ini tau tau logout sendiri percuma jg pake aplikasi bgini tidak bykk pengaruh jg malah rumit logout sendiri,-2,Negatif,MATCH,
101,Dewi,5,2026-09-10,sangat membantu,sangat membantu,3,Positif,MATCH,
102,Achmad pupun istiawan,1,2026-09-10,rekam wajah terlalu lama,rekam wajah terlalu lama,-2,Negatif,MATCH,
103,Hamba' Allah,1,2026-09-10,"No nik sdh sesuai ktp di blng slh, apk sampah",no nik sudah sesuai kartu tanda penduduk di blng slh aplikasi sampah,-4,Negatif,MATCH,
104,Beni Saputra,5,2026-09-10,jos,jos,0,Netral,MATCH,
105,Sis Wanto,4,2026-09-10,knp aplikasi JKN tidak bisa di download ulang setelah di paus dan hilang dr aplikasi play store,knp aplikasi jkn tidak bisa di download ulang setelah di paus dan hilang dr aplikasi play store,0,Netral,MATCH,
106,Risky Aditiya,1,2026-09-10,lama bet verifikasi sms nya cok 300 detik,lama bet verifikasi sms nya cok 300 detik,-2,Negatif,MATCH,
107,Muhammad Fauzan,1,2026-09-10,"kak mau nanya kan saya ingin membayar tunggakan kis/BPJS ,saya ingin bayar dengan membayar pake BCA tapi kenapa gak ada kak tolong jawab kak🙏",kak mau nanya kan saya ingin membayar tunggakan kis bpjs saya ingin bayar dengan membayar pake bca tapi kenapa tidak ada kak tolong jawab kak,0,Netral,MATCH,
108,Aw we,5,2026-09-10,sangat baik,sangat baik,2,Positif,MATCH,
109,Santi Shyantie,5,2026-09-10,mantap,mantap,3,Positif,MATCH,
110,Mayana veronika Sembiring,5,2026-09-10,sangat membantu tanpa harus ke kantor nya 🥰,sangat membantu tanpa harus ke kantor nya,3,Positif,MATCH,
111,AbANg TamFan,1,2026-09-10,"Rata² apl buatan pemerintah terkesan asal asalan,. padahal dana pembuatannya sangat besar. sering error, logout sendiri.",rata apl buatan pemerintah terkesan asal asalan padahal dana pembuatannya sangat besar sering error logout sendiri,-2.5,Negatif,MATCH,
112,fahmy saleh,5,2026-09-10,mantab deh,mantap deh,3,Positif,MATCH,
113,Hendra Rock,1,2026-09-10,"aplikasi aneh dua Minggu daftar tinggal dipermudah kirim sms aja ko repot gagal terus,. kalo. gak niat buat aplikasi mnding offline aja lah",aplikasi aneh dua minggu daftar tinggal dipermudah kirim sms aja ko repot gagal terus kalo tidak niat buat aplikasi mnding offline aja lah,-2.5,Negatif,MATCH,
114,Samsu Syam,2,2026-09-10,"aplikasi ribet ,minta terus login,kadang keluar sendiri",aplikasi rumit minta terus login kadang keluar sendiri,-5,Negatif,MATCH,
115,Dedy Irawan,5,2026-09-10,sangat membatu,sangat membatu,0,Netral,MATCH,
116,makunimau family,5,2026-09-10,sangat membantu untuk meningkatkan pelayanan BPJS,sangat membantu untuk meningkatkan pelayanan bpjs,3,Positif,MATCH,
117,Aris Vauzi,5,2026-09-10,excellent,excellent,0,Netral,MATCH,
118,Lestari Asha,5,2026-09-10,Alhamdulillah app JKN Mobile skrg sdh semakin bagus. Membantu banget kalau mau periksa ke faskes/RS. Semoga ke depan makin bagus lagi,alhamdulillah aplikasi jkn mobile sekarang sudah semakin bagus membantu banget kalau mau periksa ke faskes rs semoga ke depan makin bagus lagi,7,Positif,MATCH,
119,Lukman Hakim,5,2026-09-10,mantap,mantap,3,Positif,MATCH,
120,WITTIN INDRASARI,1,2026-09-10,aplikasi nya sering lemot dan keluar sendiri,aplikasi nya sering lambat dan keluar sendiri,-5.5,Negatif,MATCH,
121,rani febritriani,1,2026-09-10,"bojs bobrok. udh didaftarin tindakan tgl 10 sep, de sebelum puasa krn doketer mau hj, malah eror, mundur jd tgl 15. dikira g punya kerjaan leha leha doang.",bojs bobrok sudah didaftarin tindakan tgl 10 sep de sebelum puasa karena doketer mau hj malah error mundur jd tgl 15 dikira g punya kerjaan leha leha doang,-2.5,Negatif,MATCH,
122,Blackdoff69 doff69,1,2026-09-10,sering error,sering error,-2.5,Negatif,MATCH,
123,Arie Muhlapin,5,2026-09-10,Memudahkan pelayanan masyarakat,memudahkan pelayanan masyarakat,3,Positif,MATCH,
124,Sri Muliati,5,2026-09-10,Sangat membantu,sangat membantu,3,Positif,MATCH,
125,Widya Safitri Zebua,1,2026-09-10,TOLONG YA DI PERBAIKI INI APLIKASI. BUKANNYA MEMUDAHKAN MALAH NYUSAHIN! BANYAK BUG! NGELAG PARAH! SERING TIBA-TIBA LOGOUT SENDIRI!,tolong ya di perbaiki ini aplikasi bukannya memudahkan malah nyusahin banyak bug ngelag buruk sering tiba-tiba logout sendiri,-2,Negatif,MATCH,
126,Bambang Wijonarko,1,2026-09-10,Perbaiki dan upgarde ai face recognition-nya,perbaiki dan upgarde ai face recognition-nya,0,Netral,MATCH,
127,Penyejuk Hati ChanneL,5,2026-09-10,That Simple,that simple,0,Netral,MATCH,
128,Rahmat Fauzi,5,2026-09-10,aplikasi yg bagus dan sangat membantu sekali,aplikasi yang bagus dan sangat membantu sekali,5,Positif,MATCH,
129,Agung Hendra,5,2026-09-10,good,good,2,Positif,MATCH,
130,Ghita,5,2026-09-10,kerja bagus,kerja bagus,2,Positif,MATCH,
131,Mohammad Wakid Arvian,5,2026-09-10,Sangat membantu,sangat membantu,3,Positif,MATCH,
132,areska fatrisa,1,2026-09-10,mau buka aplikasi lama dan lemot membuat susah orang berobat yg lagi sakit aplikasi ga guna,mau buka aplikasi lama dan lambat membuat sulit orang berobat yang lagi sakit aplikasi tidak guna,-7,Negatif,MATCH,
133,Purnoto,5,2026-09-10,ini gimana ya? ketimbang mau log in aja susah banget,ini gimana ya ketimbang mau login in aja sulit banget,-2.5,Negatif,MISMATCH_HIGH_RATING,"Rating bintang tinggi (4-5), namun isi ulasan memuat kritik/keluhan tajam"
134,Asril Sitompul,5,2026-09-10,sangat baik,sangat baik,2,Positif,MATCH,
135,sri sulasmi,5,2026-09-10,baik,baik,2,Positif,MATCH,
136,Toy Mahendra25,5,2026-09-10,sangat puas,sangat puas,3,Positif,MATCH,
137,rani aja,5,2026-09-10,melakukan perubahan data prosesnya hanya hitungan menit. terimakasih mobile jkn,melakukan perubahan data prosesnya hanya hitungan menit terimakasih mobile jkn,0,Netral,MATCH,
138,Seni Trimuliani,3,2026-09-10,udah bagus sih cuma ini kenapa ya suka gagal terhubung ke server rs gitu buat rujukan,udah bagus sih cuma ini kenapa ya suka gagal terhubung ke server rs gitu buat rujukan,1.5,Positif,MATCH,
139,vellaa vellaa99,1,2026-09-10,gajelas,gajelas,0,Netral,MATCH,
140,Herry GrdTM77,1,2026-09-10,apk lawak bug truss,aplikasi lawak bug truss,-2,Negatif,MATCH,
141,Fajar 22,5,2026-09-10,Sangat Mudah Jika Ingin Ganti Faskes,sangat mudah jika ingin ganti faskes,2.5,Positif,MATCH,
142,Rizal Fikriyan,1,2026-09-10,verifikasi wajahnya susah banget udh gitu kameranya aneh,verifikasi wajahnya sulit banget sudah gitu kameranya aneh,-2.5,Negatif,MATCH,
143,RIAN PRANATA,1,2026-09-10,"tau"" logout sendiri, ga bisa login, katanya ada gangguan apa gitu di suruh nunggu beberapa saat, tapi sampek berhari"" sama aja",tau logout sendiri tidak bisa login katanya ada gangguan apa gitu di suruh nunggu beberapa saat tapi sampek berhari sama aja,0,Netral,MATCH,
144,aditpriabaik,5,2026-09-10,"aplikasi kagak jelas monyet, kode Verifikasi aja lamanya kagak ngotak. pada niat bikin aplikasi gasi",aplikasi kagak jelas monyet kode verifikasi aja lamanya kagak ngotak pada niat bikin aplikasi gasi,1.5,Positif,MATCH,
145,Dedi Yusuf,5,2026-09-10,sangat berguna,sangat berguna,0,Netral,MATCH,
146,salh jvhjk,1,2026-09-10,TOLOL MENYUSAHKAN ORANG AJA DISISI PENDAFTARAN,tolol menyusahkan orang aja disisi pendaftaran,0,Netral,MATCH,
147,Jhon Smith,1,2026-09-10,"apk paling tholol yg pernah saya install, mending lu pada ga ush sama sakali install apk ini, apk haram",aplikasi paling tholol yang pernah saya install mending lu pada tidak ush sama sakali install aplikasi ini aplikasi haram,0,Netral,MATCH,
148,Shine Daniel,1,2026-09-10,"Masa sudah sampai seminggu tidak bisa login. Keterangan pemintaan belum dapat diproses. Sudah clear cache, cek update aplikasi, password benar.",masa sudah sampai seminggu tidak bisa login keterangan pemintaan belum dapat diproses sudah clear cache cek update aplikasi password benar,0,Netral,MATCH,
149,orang awam,1,2026-09-10,aplikasi pemerintah wuelek Kabeh piye Iki rek dana aplikasi y seh di korupsi masak nik bener loging tidak bisa apa lah pemerintah,aplikasi pemerintah buruk kabeh piye iki rek dana aplikasi y seh di korupsi masak nik benar loging tidak bisa apa lah pemerintah,-3,Negatif,MATCH,
150,JEPE,1,2026-09-10,"wah sering erornya, tolong perbaiki systemnya dong, kasian yang poli pakai aplikasi, kadang tidak bisa login, kadang susah cek in, kadang mental, jadi kalau berangkat awal tetep harus antri umum. hmmm",wah sering erornya tolong perbaiki systemnya dong kasian yang poli pakai aplikasi kadang tidak bisa login kadang sulit cek in kadang mental jadi kalau berangkat awal tetep harus antri umum hm,-5,Negatif,MATCH,
151,Fuddin Zuhri,5,2026-09-10,oke,oke,1.5,Positif,MATCH,
152,Beras Habis,1,2026-09-10,"tolong dong masa dikit"" logout .. mulai ulang masukin no ktp dll .RIBEEETT... apalagi buat emak emak .. apalagi klo lagi urgent buru buruu . setiap mau pakee masa harus login muluu ... udah bertahun tahun masih kaya gini . jngn bkin orng ribeeett dong !!!!",tolong dong masa dikit logout mulai ulang masukin no kartu tanda penduduk dll ribett apalagi buat emak emak apalagi klo lagi urgent buru buruu setiap mau pakee masa harus login muluu udah bertahun tahun masih kaya gini jngn bikin orng ribett dong,0,Netral,MATCH,
153,Supri Adi,5,2026-09-10,sangat membantu sekali,sangat membantu sekali,3,Positif,MATCH,
154,Suci Iprs,1,2026-09-10,"entah yang jelek apk nya atau faskes yang di tuju. Kenapa dokter yang aku tuju selalu full padahal aku wes yang war antrian di jam buka dan mendaftar untuk besok tapi tau - tau sudah full, kayak menit 01 lohh tapi 10 antrian sudah full tapi beberapa menit kemudian eh sudah antrian 21 dan full dan aku ga dpt. ini maksudnya apa yaa? apa bisa pakai ordal? ini kenapa update nya gak updatee sih?. mana pas ada kesempatan ambil antrian ada aja pemberitahuan yang ga penting jadinya antrianku ke salip.",entah yang buruk aplikasi nya atau faskes yang di tuju kenapa dokter yang aku tuju selalu full padahal aku wes yang war antrean di jam buka dan mendaftar untuk besok tapi tau - tau sudah full kayak menit 01 lohh tapi 10 antrean sudah full tapi beberapa menit kemudian eh sudah antrean 21 dan full dan aku tidak dpt ini maksudnya apa yaa apa bisa pakai ordal ini kenapa update nya tidak updatee sih mana pas ada kesempatan ambil antrean ada aja pemberitahuan yang tidak penting jadinya antrianku ke salip,-3,Negatif,MATCH,
155,Yuli Yulianty,1,2026-09-09,"tidak bisa masukan no hp , gagal terus",tidak bisa masukan no hp gagal terus,-2.5,Negatif,MATCH,
156,Yuu okazaki,2,2026-09-09,"kenapa tidak bisa di instal di hp saya, aplikasi bertuliskan (perankat ini tidak bisa u tuk hp anda)kenapa begitu? mohon di jawab cepat",kenapa tidak bisa di instal di hp saya aplikasi bertuliskan perankat ini tidak bisa u tuk hp anda kenapa begitu mohon di jawab cepat,2.5,Positif,MISMATCH_LOW_RATING,Salah klik rating / Human error (Isi ulasan berupa pujian murni)
157,Ardi Maulidin,1,2026-09-09,"apk pemerintah pasti tolol ga guna jelek bngt anj apk nya, vermuk msh jlk otp make pulsaa ga jls anj orang buru² brobat mati dluan d jalan ngurus gnian",aplikasi pemerintah pasti tolol tidak guna buruk bngt anj aplikasi nya vermuk msh jlk otp make pulsaa tidak jls anj orang buru brobat mati dluan d jalan ngurus gnian,1.5,Positif,MISMATCH_LOW_RATING,Salah klik rating / Human error (Isi ulasan berupa pujian murni)
158,Abah Tea,4,2026-09-09,awalnya susah sekali diakses..mudah2an dikemudian hari lebih mudah supaya lebih cepat proses layanannya,awalnya sulit sekali diakses mudah2an dikemudian hari lebih mudah supaya lebih cepat proses layanannya,2.5,Positif,MATCH,
159,Crayon Shinchan,1,2026-09-09,pas daftar dipersulit mulu,pas daftar dipersulit terus,-3.5,Negatif,MATCH,
160,Syahrul Palah,5,2026-09-09,baguss untuk fasilitas aplikasinya,baguss untuk fasilitas aplikasinya,0,Netral,MATCH,
161,Hendri irdneH,1,2026-09-09,Hp versi Android lama jadi gak kompatibel. Mohon agar dapat d gunakan pada versi Android yg lebih rendah,hp versi android lama jadi tidak kompatibel mohon agar dapat d gunakan pada versi android yang lebih rendah,-2,Negatif,MATCH,
162,Kayla Azahra,1,2026-09-09,"sakitnya sekarang suruh berobatnya besok,,daftar antrian sekarang buat berobat besok..",sakitnya sekarang suruh berobatnya besok daftar antrean sekarang buat berobat besok,0,Netral,MATCH,
163,Slamet Susanto,1,2026-09-09,"aplikasi nya susah bgt untuk di instal, pdhl penyimpanan tlpn cukup.",aplikasi nya sulit banget untuk di instal pdhl penyimpanan tlpn cukup,-2.5,Negatif,MATCH,
164,Nasi Uduk,1,2026-09-09,"tiba"" logout, baru buka close sendiri, nggak bisa pakai wifi maunya data padahal lancar jaya, pokoknya banyak kendalanya lah pokoknya",tiba logout baru buka close sendiri tidak bisa pakai wifi maunya data padahal lancar jaya pokoknya banyak kendalanya lah pokoknya,2.5,Positif,MISMATCH_LOW_RATING,Salah klik rating / Human error (Isi ulasan berupa pujian murni)
165,ANDI PUTRA ASMARI,1,2026-09-09,gk bisa daftar di rs,tidak bisa daftar di rs,0,Netral,MATCH,
166,putri varta,1,2026-09-09,"tidak bisa login, password salah terus, pdahal sudah benar..",tidak bisa login password salah terus pdahal sudah benar,0,Netral,MATCH,
167,MUHAMAD REZA GAUTAMA,5,2026-09-09,"ok,proses cepat perpindahan faskes dan perawatan di rs rujukan.",ok proses cepat perpindahan faskes dan perawatan di rs rujukan,4,Positif,MATCH,
168,Irwan Moiskep,5,2026-09-09,mantap,mantap,3,Positif,MATCH,
169,"Abdul, rojak Parapecinta sholawat",5,2026-09-09,mantap,mantap,3,Positif,MATCH,
170,Heryanihartono,4,2026-09-09,cukup membantu,cukup membantu,3,Positif,MATCH,
171,Irawan KenNantan77,5,2026-09-09,ngak bisa daftar,ngak bisa daftar,0,Netral,MATCH,
172,Dedy Sibarani,5,2026-09-09,mantap,mantap,3,Positif,MATCH,
173,Wongjowo Tulen (Sularto),5,2026-09-09,sangat membantu,sangat membantu,3,Positif,MATCH,
174,Najah Najah,1,2026-09-09,jkn lu yang bener tiba tida logout begitu aja giliran disuruh login malah gak bisa lu gimana sih apk seketika gak bermanfatt bangett ihh keselll jkn yang bener donggh gimansih ini yang efektig gak jelas amat,jkn lu yang benar tiba tida logout begitu aja giliran disuruh login malah tidak bisa lu gimana sih aplikasi seketika tidak bermanfatt bangett ihh kesel jkn yang benar donggh gimansih ini yang efektig tidak jelas amat,-1.35,Negatif,MATCH,
175,Nenok Bonek,5,2026-09-09,semuanya dipermudah adanya jkn mobile,semuanya dipermudah adanya jkn mobile,0,Netral,MATCH,
176,Amanda Fairuz,5,2026-09-09,"mantap, layanan mudah dan cepat",mantap layanan mudah dan cepat,8,Positif,MATCH,
177,Amirudin Lutfi,1,2026-09-09,LOGIN GAGAL,login gagal,-2.5,Negatif,MATCH,
178,Izzahra Reffisabilla,1,2026-09-09,"Minta kode verif aja ga masuk2, jelek banget.",minta kode verif aja tidak masuk2 buruk banget,1.5,Positif,MISMATCH_LOW_RATING,Salah klik rating / Human error (Isi ulasan berupa pujian murni)
179,Linda Risnawati,3,2026-09-09,Sekarang di versi terbaru di hp saya udah tidak kompetibel lg..,sekarang di versi terbaru di hp saya udah tidak kompetibel lg,0,Netral,MATCH,
180,ARIS SUSENO,5,2026-09-09,bagus dan cepat meski kadang ada beberapa bug yg muncul,bagus dan cepat meski kadang ada beberapa bug yang muncul,2.5,Positif,MATCH,
181,amaliaa,1,2026-09-09,pemerintah tolol bikin apk gjls gabisa verivikasi no telp padahal no nya masih aktif,pemerintah tolol bikin aplikasi gjls tidak bisa verivikasi no telp padahal no nya masih aktif,0,Netral,MATCH,
182,SITI Masanah,5,2026-09-09,lebih simple..,lebih simple,0,Netral,MATCH,
183,Fina Erliana,5,2026-09-09,"bagus bermanfaat banget, aku pindah faskes 1 aja gampang karena kemarin masih faskes bawaan sekarang udah di ganti yang sama kaya suami",bagus bermanfaat banget aku pindah faskes 1 aja gampang karena kemarin masih faskes bawaan sekarang udah di ganti yang sama kaya suami,5,Positif,MATCH,
184,Bank Iful,5,2026-09-09,sangat terbantu ga ribet antri,sangat terbantu tidak rumit antri,1,Positif,MATCH,
185,Slamet Mulyadi,5,2026-09-09,Ga bisa di download,tidak bisa di download,0,Netral,MATCH,
186,Jeni Sabilah,1,2026-09-09,"Aplikasinya sangat buruk. masa masukin kode otp susah bgt pdhl no nya aktif sampe ganti"" no juga tetep sama ngga masuk""👎👎👎👎",aplikasinya sangat buruk masa masukin kode otp sulit banget pdhl no nya aktif sampe ganti no juga tetep sama tidak masuk,-5.5,Negatif,MATCH,
187,Imam Fahrudin,1,2026-09-09,"mau daftar susah pas tiba proses verifikasi email saat buka aplikasi Gmail otomatis langsung kembali dari awal, padahal aplikasi tidak saya close, pindah dikit sudah kembali dari awal jadi harus pakek dua perangkat mau daftar. Tolong diperbaiki. selain itu banyak yang ngeluh juga di komen untuk aplikasi sering error. Ayolah segera diperbaiki, aplikasi kesehatan Lo ini banyak dibutuhkan masyarakat.",mau daftar sulit pas tiba proses verifikasi email saat buka aplikasi gmail otomatis langsung kembali dari awal padahal aplikasi tidak saya close pindah dikit sudah kembali dari awal jadi harus pakek dua perangkat mau daftar tolong diperbaiki selain itu banyak yang ngeluh juga di komen untuk aplikasi sering error ayolah segera diperbaiki aplikasi kesehatan lo ini banyak dibutuhkan masyarakat,-5,Negatif,MATCH,
188,Reza Alhafis,5,2026-09-09,bagus sangat bermanfaat,bagus sangat bermanfaat,5,Positif,MATCH,
189,antox totok,1,2026-09-09,tidak bisa di download,tidak bisa di download,0,Netral,MATCH,
190,Dedy Sutiadi,5,2026-09-09,baik,baik,2,Positif,MATCH,
191,Juwita Jihan,5,2026-09-09,puas,puas,3,Positif,MATCH,
192,Ria mariatun,4,2026-09-09,"bagus, dan lengkap",bagus dan lengkap,2,Positif,MATCH,
193,Eko Saputro,5,2026-09-09,respon sangat cepat,respon sangat cepat,2.5,Positif,MATCH,
194,Heri Kusnadi Kusnadi,5,2026-09-09,mantab dn bagus aplikasi nya,mantap dn bagus aplikasi nya,5,Positif,MATCH,
195,NA Jasaweb,1,2026-09-09,Banyak fitur untuk verifikasi yang nge bug,banyak fitur untuk verifikasi yang nge bug,-2,Negatif,MATCH,
196,Fata Morgana,1,2026-09-09,"sudah di faskes 1 meminta rujukan & berhasil mengambil antrian online di faskes rujukan tingkat lanjut, jarak 2 hari mau kontrol kanker mendadak antrian online di aplikasi JKN hilang, saya punya bukti screenshot no antrian onlinenya.. setelah konfirmasi & saya jelaskan permasalahan aplikasi JKN saya ke RS via wa katanya masih terdaftar kontrol jam 7 tgl 9 ini. setelah hari H nya nya datang ke RS tiba2 zonk katanya tidak terdaftar, sudah jauh2, obat istri pas habis, seperti dipermainkan aja.",sudah di faskes 1 meminta rujukan berhasil mengambil antrean online di faskes rujukan tingkat lanjut jarak 2 hari mau kontrol kanker mendadak antrean online di aplikasi jkn hilang saya punya bukti screenshot no antrean onlinenya setelah konfirmasi saya jelaskan permasalahan aplikasi jkn saya ke rs via wa katanya masih terdaftar kontrol jam 7 tgl 9 ini setelah hari h nya nya datang ke rs tiba2 zonk katanya tidak terdaftar sudah jauh2 obat istri pas habis seperti dipermainkan aja,2,Positif,MISMATCH_LOW_RATING,Salah klik rating / Human error (Isi ulasan berupa pujian murni)
197,Mardi Aja,5,2026-09-09,ok,ok,1.5,Positif,MATCH,
198,Inti Antanori,5,2026-09-09,awesome,awesome,0,Netral,MATCH,
199,Juan Deki,4,2026-09-09,sangat membantu tapi cukup lola😭,sangat membantu tapi cukup lola,3,Positif,MATCH,
200,arman KBM,4,2026-09-09,kenapa tdk bisa download,kenapa tidak bisa download,0,Netral,MATCH,
201,Destari Putri,1,2026-09-09,jelek banget gagal terus diverif muka,buruk banget gagal terus diverif muka,-5.5,Negatif,MATCH,
202,liana tanjung,5,2026-09-09,terbaik,terbaik,3,Positif,MATCH,
203,jaly prasetya,4,2026-09-09,semakin bagus dan semakin membantu masyarakat untuk bisa lebih mudah,semakin bagus dan semakin membantu masyarakat untuk bisa lebih mudah,7.5,Positif,MATCH,
204,Hirazenyusi,1,2026-09-09,"akun nya suka keluar keluar sendiri, trus pas mau masukin lagi malah gak bisa. aneh. jangan sok sokan an modernisasi dah kalo kek begini. ngeribetin... mendingan daftar gak usah pake aplkasi ! langsung aja daftar dirumah sakit nya.",akun nya suka keluar keluar sendiri terus pas mau masukin lagi malah tidak bisa aneh jangan sok sokan an modernisasi dah kalo kek begini ngeribetin mendingan daftar tidak usah pake aplkasi langsung aja daftar dirumah sakit nya,-1,Negatif,MATCH,
205,Verawati Bilondatu,5,2026-09-09,sangat baik,sangat baik,2,Positif,MATCH,
206,Sadar Simbolon,5,2026-09-09,bagus,bagus,2,Positif,MATCH,
207,Saifudin Zuhri,5,2026-09-09,siiip,sip,0,Netral,MATCH,
208,Abdul,5,2026-09-09,aplikasi bagus,aplikasi bagus,2,Positif,MATCH,
209,Yogi Yoga Swara,1,2026-09-09,"kirim otp aja susah,aplikasi buruk",kirim otp aja sulit aplikasi buruk,-5.5,Negatif,MATCH,
210,Rohamah Chantik,5,2026-09-09,semua jadi mudah 😘,semua jadi mudah,2.5,Positif,MATCH,
211,Maddani,5,2026-09-09,mantappp...bagus sekali,mantap bagus sekali,5,Positif,MATCH,
212,Abu Nizhaam Sakkajha,5,2026-09-09,"Maa syaa Allah, Aplikasi JKN sangat mudah di akses dan sangat membantu,,.! 😊🙏🙏",maa syaa allah aplikasi jkn sangat mudah di akses dan sangat membantu,5.5,Positif,MATCH,
213,Yasfi Assidqi,1,2026-09-09,"app apa ini yaa keterlaluan bgt, habiskan uang rakyat aja, verifikasi nomor hp aja gabisa bisa",aplikasi apa ini yaa keterlaluan banget habiskan uang rakyat aja verifikasi nomor hp aja tidak bisa bisa,0,Netral,MATCH,
214,bungsu umakbak,5,2026-09-09,baik,baik,2,Positif,MATCH,
215,Firman 135,1,2026-09-09,"ini kenapa hasil pembayaran iyuran BPJS tidak tertulis di aplikasi, apa mau di korupsi lagi kah hasil iyuran BPJS nya",ini kenapa hasil pembayaran iyuran bpjs tidak tertulis di aplikasi apa mau di korupsi lagi kah hasil iyuran bpjs nya,0,Netral,MATCH,
216,Anto Afrianto,5,2026-09-09,Nice App,nice aplikasi,2,Positif,MATCH,
217,Nasril 321,5,2026-09-09,sangat membantu,sangat membantu,3,Positif,MATCH,
218,eric boyz,1,2026-09-09,"mempersulit aja ,,udah tau orang sakit malah dipersulit",mempersulit aja udah tau orang sakit malah dipersulit,-3.5,Negatif,MATCH,
219,Mager Coding,1,2026-09-09,"orang lupa password bukanya dikasih hint malah diputer2, masak dari aplikasi gada otp malah disuruh chat wa, dari wa malah diarahin ke form gajelas. Cok tolol, dari aplikasi bisa tolol masak nyewa vibe coder buat form dalam aplikasi gabisa setingkat instansi pemerintah? nyewa buzzer bisa nyewa developer gabisa.. najis najis",orang lupa password bukanya dikasih hint malah diputer2 masak dari aplikasi tidak ada otp malah disuruh chat wa dari wa malah diarahin ke form gajelas cok tolol dari aplikasi bisa tolol masak nyewa vibe coder buat form dalam aplikasi tidak bisa setingkat instansi pemerintah nyewa buzzer bisa nyewa developer tidak bisa najis najis,0,Netral,MATCH,
220,Galvinza Ganendra,2,2026-09-09,mau masuk susah,mau masuk sulit,-2.5,Negatif,MATCH,
221,Asyifa Aji,5,2026-09-09,Sangat mudah diaplikasikan,sangat mudah diaplikasikan,2.5,Positif,MATCH,
222,Rockstar Game,5,2026-09-09,aplikasi bagus,aplikasi bagus,2,Positif,MATCH,
223,ikhsan surur,2,2026-09-09,susah untuk scen wajah gagal terus,sulit untuk scen wajah gagal terus,-5,Negatif,MATCH,
224,husni asn,5,2026-09-09,aplikasi bagus sangat membantu. mengubah faskes tidak harus kepuskesmas.,aplikasi bagus sangat membantu mengubah faskes tidak harus kepuskesmas,5,Positif,MATCH,
225,Samueltang,1,2026-09-09,apk tolol bikin rakyat susah mau ngadu yg jawab cuma bot yg kerja di sana pada makan gaji buta cuma tidur ga kerja tolollll cuma bot yg kerja,aplikasi tolol bikin rakyat sulit mau ngadu yang jawab cuma bot yang kerja di sana pada makan gaji buta cuma tidur tidak kerja tolol cuma bot yang kerja,-2.5,Negatif,MATCH,
226,Adrian,5,2026-09-09,"Semoga tidak ada perubahan lagi untuk ke depan, biar mudah proses program yang berguna untuk masyarakat yang ingin kemudahan",semoga tidak ada perubahan lagi untuk ke depan biar mudah proses program yang berguna untuk masyarakat yang ingin kemudahan,2.5,Positif,MATCH,
227,Arif Supriyanto,5,2026-09-09,fotonya di buat susah,fotonya di buat sulit,-2.5,Negatif,MISMATCH_HIGH_RATING,"Rating bintang tinggi (4-5), namun isi ulasan memuat kritik/keluhan tajam"
228,Anton lafau,3,2026-09-09,"perlu di tingkatkan, agar kode otp bisa dikirimkan melalui WA",perlu di tingkatkan agar kode otp bisa dikirimkan melalui wa,0,Netral,MATCH,
229,ahmad baehaqi,5,2026-09-09,keren apknya tanpa ribet dan mudah dipahami. god,keren apknya tanpa rumit dan mudah dipahami god,6,Positif,MATCH,
230,Faiz Kia,5,2026-09-09,oke,oke,1.5,Positif,MATCH,
231,Rufyani Anaitpes,5,2026-09-09,membantu,membantu,3,Positif,MATCH,
232,Arif Cahyo,1,2026-09-09,"aplikasi pemerintah ter busuk, susah LOGIN ! Verivikasi gagal trus ,",aplikasi pemerintah ter busuk sulit login verivikasi gagal terus,-5,Negatif,MATCH,
233,Budi INDO,5,2026-09-09,sekarang sudah bagus pelayananya tingkatkan lagi jgn di persulit,sekarang sudah bagus pelayananya tingkatkan lagi jgn di persulit,2,Positif,MATCH,
234,chayadie zho,1,2026-09-09,"susah mau login, nga bagus aplikasi nangung",sulit mau login nga bagus aplikasi nangung,-0.5,Netral,MATCH,
235,Bang Harry,1,2026-09-09,udah 3 hari mau ngambil nomer antrian ga bisa bisa,udah 3 hari mau ngambil nomer antrean tidak bisa bisa,0,Netral,MATCH,
236,Muhammad Rafi,5,2026-09-09,sangat cepat membantu,sangat cepat membantu,5.5,Positif,MATCH,
237,Dhea Randina,1,2026-09-09,"aplikasi apa si setiap mau masuk ribetnya minta ampun, masuk ulang lah, ditambah pas mau ambil antrean harus masukin verifikasi nomor lagi, dan harus isi pulsa, maksudnya kayak masa setiap mau ambil antrean selalu kayak gini?!MASA SETIAP HARI HARUS LOGIN GITU BIAR GA DISURUH DAFTAR DAN VERIFIKASI NOMOR?!! perbaiki deh aplikasi sumpah kayak ginii, bukan mempermudah tapi memperibet",aplikasi apa si setiap mau masuk ribetnya minta ampun masuk ulang lah ditambah pas mau ambil antrean harus masukin verifikasi nomor lagi dan harus isi pulsa maksudnya kayak masa setiap mau ambil antrean selalu kayak gini masa setiap hari harus login gitu biar tidak disuruh daftar dan verifikasi nomor perbaiki deh aplikasi sumpah kayak ginii bukan mempermudah tapi memperibet,0,Netral,MATCH,
238,Giri Alexa97,1,2026-09-09,tidak dapat kode OTP saat mendaftar,tidak dapat kode otp saat mendaftar,0,Netral,MATCH,
239,Rima Rahman,5,2026-09-09,puas,puas,3,Positif,MATCH,
240,Vita Vita,5,2026-09-09,pelayanan bagus,pelayanan bagus,2,Positif,MATCH,
241,Arzun Zunaidi,1,2026-09-09,aplikasi ga jelas .. ribet.. erorrr teruss!!!,aplikasi tidak jelas rumit error teruss,-5.85,Negatif,MATCH,
242,Kurniawannn AT,5,2026-09-09,best apk ever.,best aplikasi ever,0,Netral,MATCH,
243,maulana rahman,5,2026-09-09,jos,jos,0,Netral,MATCH,
244,Prmn Ardn,5,2026-09-09,sangat membantu,sangat membantu,3,Positif,MATCH,
245,Arya,1,2026-09-09,"siapa si yang bikin agak kurang gini aplikasi, tidak ada kendala ditulis kendala. dibenerin napa",siapa si yang bikin agak kurang gini aplikasi tidak ada kendala ditulis kendala dibenerin napa,0,Netral,MATCH,
246,Diah Sayuti,1,2026-09-09,Hadeh juli sampai September 2026 ini aplikasinya g bisa login udah berkali-kali nyoba. appsnya g siap apa gmn? maintain harus di tulis dengan batas waktu yg jelas. gini buat apa nyuruh bayar iuran tp pakai apps aja g bisa buat login berkali-kali. ampun ya allah,hadeh juli sampai september 2026 ini aplikasinya g bisa login udah berkali-kali nyoba appsnya g siap apa gmn maintain harus di tulis dengan batas waktu yang jelas gini buat apa nyuruh bayar iuran tapi pakai apps aja g bisa buat login berkali-kali ampun ya allah,1.5,Positif,MISMATCH_LOW_RATING,Salah klik rating / Human error (Isi ulasan berupa pujian murni)
247,Dernia Damanik,5,2026-09-09,"Tolong jangan terlalu banyak di update , versi sebellumya juga sudah bagus, kasian kita yang tidak memiliki kouta apabila ada kejadian urgent",tolong jangan terlalu banyak di update versi sebellumya juga sudah bagus kasian kita yang tidak memiliki kouta apabila ada kejadian urgent,2,Positif,MATCH,
248,Githa wsng,5,2026-09-09,ok,ok,1.5,Positif,MATCH,
249,Kila Kila,5,2026-09-09,oke,oke,1.5,Positif,MATCH,
250,Sat set Group,5,2026-09-09,mudah,mudah,2.5,Positif,MATCH,
251,pornomo ae,5,2026-09-09,sangat bagus,sangat bagus,2,Positif,MATCH,
252,siti Sadiah,1,2026-09-09,"kenapa selalu log out sendiri, giliran masuknya susah, kesel banget tau gak, aplikasi nya udah bagus padahal, tolong ini perbaiki aplikasinya, awal pake apk ini baik-baik aja, sekarang jadi kaya gini,",kenapa selalu login out sendiri giliran masuknya sulit kesel banget tau tidak aplikasi nya udah bagus padahal tolong ini perbaiki aplikasinya awal pake aplikasi ini baik-baik aja sekarang jadi kaya gini,-0.5,Netral,MATCH,
253,Habibi 1234,5,2026-09-09,ok,ok,1.5,Positif,MATCH,
254,bang Wariono,5,2026-09-09,respon cepat,respon cepat,2.5,Positif,MATCH,
255,Delima Agam,5,2026-09-09,sangat membantu,sangat membantu,3,Positif,MATCH,
256,Ayu Ridwan,5,2026-09-09,terbaik sllu jln mobile sangat membantu,terbaik sllu jalan mobile sangat membantu,6,Positif,MATCH,
257,Ruslan New,5,2026-09-09,cepat dalam perubahan data,cepat dalam perubahan data,2.5,Positif,MATCH,
258,Sefia Wijaya,1,2026-09-09,"app nya kenapa loh, dr awla bulan smpe skrg gbs d buka buka",aplikasi nya kenapa loh dr awla bulan smpe sekarang tidak bisa d buka buka,0,Netral,MATCH,
259,Tumiur lam Silalahi,4,2026-09-09,saya butuuh splikasionile jkn ingin dapter,saya butuuh splikasionile jkn ingin dapter,0,Netral,MATCH,
260,AFRIAN 24 MX,1,2026-09-09,"administrasi di buat sulit, BPJS tapi daftar harus online. di aplikasi, rujukan puskesmas sering hilang yg buat harus mondar mandir ke RS utk administrasi saja. tidak dapat penanganan dokter di hari yg sama saat daftar online di aplikasi. berputar-putardi lingkaran setan bagian administrasi saja ke buru mati duluan orang. aplikasi sering error sendiri. ngak perna maju Indonesia",administrasi di buat sulit bpjs tapi daftar harus online di aplikasi rujukan puskesmas sering hilang yang buat harus mondar mandir ke rs untuk administrasi saja tidak dapat penanganan dokter di hari yang sama saat daftar online di aplikasi berputar-putardi lingkaran setan bagian administrasi saja ke buru mati duluan orang aplikasi sering error sendiri ngak perna maju indonesia,-5,Negatif,MATCH,
261,Nopri Ipang,5,2026-09-09,aplikasinya sangat membantu,aplikasinya sangat membantu,3,Positif,MATCH,
262,yanto anto,2,2026-09-09,bobrok ribet,bobrok rumit,-2,Negatif,MATCH,
263,Aulia Maharani,5,2026-09-09,cukup membantu,cukup membantu,3,Positif,MATCH,
264,Nasrudin Hilmi,1,2026-09-09,"aplikasi lemot, di wajibkan ambil antrian lewat aplikasi, tapi setiap daftar antrian selalu gak bisa.",aplikasi lambat di wajibkan ambil antrean lewat aplikasi tapi setiap daftar antrean selalu tidak bisa,-2.5,Negatif,MATCH,
265,Surah Man,1,2026-09-09,aplikasi bikin emosi tiba tiba keluar sendiri mana lupa sandi lgh,aplikasi bikin emosi tiba tiba keluar sendiri mana lupa sandi lgh,-3.5,Negatif,MATCH,
266,Ernia Wati,5,2026-09-09,mntap dan cpat,mntap dan cpat,0,Netral,MATCH,
267,Marsa'ed 16,5,2026-09-09,pelayanan bagus,pelayanan bagus,2,Positif,MATCH,
268,Siti Aminah,5,2026-09-09,ok bagus,ok bagus,3.5,Positif,MATCH,
269,rasya alip,1,2026-09-09,apk gajelas mau daftar aja susah bgt,aplikasi gajelas mau daftar aja sulit banget,-2.5,Negatif,MATCH,
270,YOSERI,3,2026-09-09,susah banget mau masuk caphca nya salah terus,sulit banget mau masuk caphca nya salah terus,-2.5,Negatif,MATCH,
271,Wisnu Soeharto,5,2026-09-09,ok,ok,1.5,Positif,MATCH,
272,Ivan Ardiansyah,1,2026-09-09,APLIKASI SERING ERROR,aplikasi sering error,-2.5,Negatif,MATCH,
273,Budi riyadi,5,2026-09-09,ok,ok,1.5,Positif,MATCH,
274,Erma Widiyasari,5,2026-09-09,trmksh sllu membantu dlm hal pendftran ke RS,trmksh sllu membantu dlm hal pendftran ke rs,3,Positif,MATCH,
275,Muhammad Sunardi,1,2026-09-09,makin kesini daftar antrian susahnya minta ampun,makin kesini daftar antrean susahnya minta ampun,0,Netral,MATCH,
276,Malik AG,5,2026-09-09,keren dan sangat membantu,keren dan sangat membantu,5.5,Positif,MATCH,
277,Rugaya Jafar,5,2026-09-09,mntap,mntap,0,Netral,MATCH,
278,A.RASYID SYID,5,2026-09-09,selamat anda berobat,selamat anda berobat,0,Netral,MATCH,
279,Sukanagara Czr,1,2026-09-09,knapa jadi gak bisa ngambil antrian padahal sudah dapatar no salah terus,knapa jadi tidak bisa ngambil antrean padahal sudah dapatar no salah terus,0,Netral,MATCH,
280,Budi Marwanta,5,2026-09-09,sangat baik,sangat baik,2,Positif,MATCH,
281,Lucky Fernandez,5,2026-09-09,kualitas aplikasi sudah standar aplikasi pemerintah Indonesia tapi update datanya masih lambat.,kualitas aplikasi sudah standar aplikasi pemerintah indonesia tapi update datanya masih lambat,-2.5,Negatif,MISMATCH_HIGH_RATING,"Rating bintang tinggi (4-5), namun isi ulasan memuat kritik/keluhan tajam"
282,Mchamp,1,2026-09-09,aplikasi belum mapan. error trus,aplikasi belum mapan error terus,-2.5,Negatif,MATCH,
283,Rendi Rustiana,5,2026-09-09,Alhamdulillah sehat dan kuat,alhamdulillah sehat dan kuat,0,Netral,MATCH,
284,Muchamad Sulaiman,2,2026-09-09,sangat membantu sekali,sangat membantu sekali,3,Positif,MISMATCH_LOW_RATING,Salah klik rating / Human error (Isi ulasan berupa pujian murni)
285,Juanita Gisellawati,1,2026-09-09,"saya sih kasian aja ya sama yg udh sepuh², milenial & gen z aja frustrasi make apk ini",saya sih kasian aja ya sama yang sudah sepuh milenial gen z aja frustrasi make aplikasi ini,0,Netral,MATCH,
286,rismanto uye,5,2026-09-09,ok,ok,1.5,Positif,MATCH,
287,Ruslan79,1,2026-09-09,"saya sangat kecewa,setiap mau daptar online, selalu gagal,dan selalu jawaban sedang di proses,tolong dong sistem ya di perbaiki,supaya mempermudah dan ❌tidak mempersulit, sekian terimakasih",saya sangat kecewa setiap mau daptar online selalu gagal dan selalu jawaban sedang di proses tolong dong sistem ya di perbaiki supaya mempermudah dan tidak mempersulit sekian terimakasih,-5.5,Negatif,MATCH,
288,SIHANA SMAN 1 SKA,5,2026-09-09,useful,useful,0,Netral,MATCH,
289,Rina Umami,5,2026-09-09,mjkn sangat membantu,mjkn sangat membantu,3,Positif,MATCH,
290,Reni Gawe,1,2026-09-09,"mau ngisi rekam medis error terus udah 2 Minggu, Gimna orang mau daftar untuk berobat online aplikasi yang sangat tidak berguna hapus saja dari play store,",mau ngisi rekam medis error terus udah 2 minggu gimna orang mau daftar untuk berobat online aplikasi yang sangat tidak berguna hapus saja dari play store,-2.5,Negatif,MATCH,
291,aditiya reynaldi,1,2026-09-09,"aplikasi sampah, daftar ga bisa bisa, kode otp sms ga masuk2 ,, taiik lah hapus aja ni aplikasi sampah",aplikasi sampah daftar tidak bisa bisa kode otp sms tidak masuk2 taiik lah hapus aja ni aplikasi sampah,-8,Negatif,MATCH,
292,Asfia Jaohari,1,2026-09-09,"error mulu aku nungguin mau PSA berapa bulan mrn, eh pas deket mau berobat malah di suruh di batalin, pas mau di batalin error mulu server nya",error terus aku nungguin mau psa berapa bulan mrn eh pas deket mau berobat malah di suruh di batalin pas mau di batalin error terus server nya,-5,Negatif,MATCH,
293,Romi Ariawati,1,2026-09-09,"buruk, mau daftar aja gk bisa",buruk mau daftar aja tidak bisa,-3,Negatif,MATCH,
294,Nurlinda Faisal,2,2026-09-09,tidak bisa masuk ke menu untuk ambil antrian,tidak bisa masuk ke menu untuk ambil antrean,0,Netral,MATCH,
295,Dwi Yulinawati,5,2026-09-09,bagus,bagus,2,Positif,MATCH,
296,Sambel Setan,5,2026-09-09,ok,ok,1.5,Positif,MATCH,
297,Annisa Helmalia Fitri,2,2026-09-09,apk eror mau digunakan,aplikasi error mau digunakan,-2.5,Negatif,MATCH,
298,FajarSriwahyuni Wahyuni,5,2026-09-09,ok,ok,1.5,Positif,MATCH,
299,Ridwan Nurdin,1,2026-09-09,"banyak bug, antrian 0 masih ga bisa daftar padahal jadwal sudah di buka",banyak bug antrean 0 masih tidak bisa daftar padahal jadwal sudah di buka,-2,Negatif,MATCH,
300,Krisna Fahmi,1,2026-09-09,"gangguan mulu, dikit2 harus login bikin ribet, bikin aplikasi banyak kurangnya kayak gini masa abisin anggaran 30 triliun bahkan buzzer aja nyampe sini komennya...bikin bete aja",gangguan terus dikit2 harus login bikin rumit bikin aplikasi banyak kurangnya kayak gini masa abisin anggaran 30 triliun bahkan buzzer aja nyampe sini komennya bikin bete aja,-2,Negatif,MATCH,
301,RISDIANA UTAMI 79,5,2026-09-09,sangat membantu,sangat membantu,3,Positif,MATCH,
302,Imanuel Rizky,5,2026-09-09,sangat baik,sangat baik,2,Positif,MATCH,
303,Mario Trevel,5,2026-09-09,👍👍👍👍,,0,Netral,MATCH,
304,Hernita Widiyani,1,2026-09-09,"mau daftar tulisan nya bad request mulu, apa apa an ini apk tidak sama sekali membantu!!!! kata gw mah kaga ush bikin apk so so an akhirnya menyulitkan",mau daftar tulisan nya bad request terus apa apa an ini aplikasi tidak sama sekali membantu kata gw mah kaga ush bikin aplikasi so so an akhirnya menyulitkan,3,Positif,MISMATCH_LOW_RATING,Salah klik rating / Human error (Isi ulasan berupa pujian murni)
305,Agus Sunaryono,5,2026-09-09,mantap,mantap,3,Positif,MATCH,
306,Syaiful Rozaq,1,2026-09-09,bapuk Aplikasi Gratisan. Jijik Ko bisa yah kaya gini aplikasi.,bapuk aplikasi gratisan jijik ko bisa yah kaya gini aplikasi,0,Netral,MATCH,
307,PAKTUA MERAH,1,2026-09-08,"udah 2 hari minta kode otp gak datang datang, gimana mau daftar 🤦",udah 2 hari minta kode otp tidak datang datang gimana mau daftar,0,Netral,MATCH,
308,Noe Farhan,5,2026-09-08,keren,keren,2.5,Positif,MATCH,
309,Tri Sutrisno,4,2026-09-08,"Tolonglah diperbaiki lagi aplikasinya ,masak mau daftar gak bisa terus.gak bisa sementara tapi udah berkali kali gitu trus yang muncul",tolonglah diperbaiki lagi aplikasinya masak mau daftar tidak bisa terus tidak bisa sementara tapi udah berkali kali gitu terus yang muncul,0,Netral,MATCH,
310,Yeti Curup,5,2026-09-08,bagus,bagus,2,Positif,MATCH,
311,Eno Putra,3,2026-09-08,"kenapa saya tidak bisa Download jkn, tulisan perangkat tidak sesuai versi ini?",kenapa saya tidak bisa download jkn tulisan perangkat tidak sesuai versi ini,0,Netral,MATCH,
312,Imam Sutaji,5,2026-09-08,pendaftaran lebih cepat,pendaftaran lebih cepat,2.5,Positif,MATCH,
313,endy .H,5,2026-09-08,"bagus, semakin mudah di gunakan",bagus semakin mudah di gunakan,4.5,Positif,MATCH,
314,mochamad rasyad,5,2026-09-08,memudahkan,memudahkan,3,Positif,MATCH,
315,nita pabuntang,5,2026-09-08,Aplikasi ini memberikan kemudahan bagi peserta BPJS Kesehatan untuk mengakses layanan kesehatan secara digital tanpa harus datang langsung ke kantor atau mengantre lama di fasilitas kesehatan.,aplikasi ini memberikan kemudahan bagi peserta bpjs kesehatan untuk mengakses layanan kesehatan secara digital tanpa harus datang langsung ke kantor atau mengantre lama di fasilitas kesehatan,-2,Negatif,MISMATCH_HIGH_RATING,"Rating bintang tinggi (4-5), namun isi ulasan memuat kritik/keluhan tajam"
316,Wi Narsih,5,2026-09-08,sangat mudah,sangat mudah,2.5,Positif,MATCH,
317,Kartini Tini,2,2026-09-08,aplikasi ini terkadang tdk langsun login.,aplikasi ini terkadang tidak langsun login,0,Netral,MATCH,
318,Robby Dwi Firmansyah,5,2026-09-08,"aplikasi nya menurut saya sekarang bagus, ngga ngelag, dan gampang dibuka, trus ketika ada aduan dalam waktu tidak sampai 24 jam sudah ada tanggapan sesuai nomor antrian, dan juga sekarang fiturnya juga sudah bagus mengikuti kebutuhan masyarakat...",aplikasi nya menurut saya sekarang bagus tidak ngelag dan gampang dibuka terus ketika ada aduan dalam waktu tidak sampai 24 jam sudah ada tanggapan sesuai nomor antrean dan juga sekarang fiturnya juga sudah bagus mengikuti kebutuhan masyarakat,4,Positif,MATCH,
319,Kadek Nila Ayu Wilyanti,1,2026-09-08,"Aku mau login di hp baru ku tapi lupa sandi, udah ngikutin arahan dari aplikasi masukin nik dan nomor hp yg terdaftar trs disuruh masukin kode verifikasi tp ditunggu sampe 10 menit gada kode yang masuk ke sms. Tolong ini gmna sih? udh coba berkali kali masih aja gitu.",aku mau login di hp baru ku tapi lupa sandi udah ngikutin arahan dari aplikasi masukin nik dan nomor hp yang terdaftar terus disuruh masukin kode verifikasi tapi ditunggu sampe 10 menit tidak ada kode yang masuk ke sms tolong ini gmna sih sudah coba berkali kali masih aja gitu,0,Netral,MATCH,
320,Rudi Chandra Kaban,5,2026-09-08,bagus,bagus,2,Positif,MATCH,
321,Awan Hermawan,1,2026-09-08,"sudah 3 xdi jadwalkan ulang trs krna dokter y tidak ada, dan tidak memberikan solusi unuk ktmu dokter lain",sudah 3 xdi jadwalkan ulang terus krna dokter y tidak ada dan tidak memberikan solusi unuk ktmu dokter lain,0,Netral,MATCH,
322,Anty,5,2026-09-08,lebih memudahkan,lebih memudahkan,3,Positif,MATCH,
323,Roky Krisdianto,5,2026-09-08,good,good,2,Positif,MATCH,
324,Pujiatilestari,1,2026-09-08,aplikasi tidak bisa di gunakan!!,aplikasi tidak bisa di gunakan,0,Netral,MATCH,
325,Sukardi Kadi,5,2026-09-08,ok banget,ok banget,1.5,Positif,MATCH,
326,Malikal Pasha,4,2026-09-08,sangat senang,sangat senang,2,Positif,MATCH,
327,Agus Marhendrajaya,5,2026-09-08,bagus,bagus,2,Positif,MATCH,
328,Kamto Kb,5,2026-09-08,mantap,mantap,3,Positif,MATCH,
329,Reza Rizky Amelia,3,2026-09-08,"Ini gimana sih mau daftar antrian gak sesuai sama ketersediaan nomor, harusnya kalau memang sudah penuh itu di update.",ini gimana sih mau daftar antrean tidak sesuai sama ketersediaan nomor harusnya kalau memang sudah penuh itu di update,0,Netral,MATCH,
330,Turah Solikin,5,2026-09-08,"good,nice",good nice,4,Positif,MATCH,
331,Rusdi Jepara,5,2026-09-08,mantap,mantap,3,Positif,MATCH,
332,andre paserera,5,2026-09-08,Good,good,2,Positif,MATCH,
333,isti almeera,5,2026-09-08,memudahkan dalam berobat,memudahkan dalam berobat,3,Positif,MATCH,
334,Riyo never flash,1,2026-09-08,"verifikasi susah amat,. perbaiki kalo bisa. verifikasi ga dikirim2.",verifikasi sulit amat perbaiki kalo bisa verifikasi tidak dikirim2,-2.5,Negatif,MATCH,
335,Benny Syahputra,1,2026-09-08,"tiba2 keluar sendiri. tp mau masuk lagi dipersulit. yg kata nya vaptcha salah, Internet nya mati.. aplikasi gak bermutu.",tiba2 keluar sendiri tapi mau masuk lagi dipersulit yang kata nya vaptcha salah internet nya mati aplikasi tidak bermutu,-6.5,Negatif,MATCH,
336,VIDI Adriansyah,1,2026-09-08,aplikasi bapuk benerin dulu tuh verifikasi wajah nya duit nya di korup Mulu sih bikin aplikasi kaga bener hdehhh,aplikasi bapuk perbaiki dulu tuh verifikasi wajah nya duit nya di korup terus sih bikin aplikasi kaga benar hdeh,0,Netral,MATCH,
337,Nitaaa Djdbd,5,2026-09-08,bagus,bagus,2,Positif,MATCH,
338,Siti Choiriyah,5,2026-09-08,bagus,bagus,2,Positif,MATCH,
339,Sawal Noto Susilo,5,2026-09-08,lebih mudah,lebih mudah,2.5,Positif,MATCH,
340,Sururiyah Ibu,4,2026-09-08,lancar,lancar,2.5,Positif,MATCH,
341,Na-Mi-Vi-Ca,1,2026-09-08,"ini kenapa tidak bisa login si, tombol masuknya tidak bisa d klik",ini kenapa tidak bisa login si tombol masuknya tidak bisa d klik,0,Netral,MATCH,
342,Rika Wahyuni,5,2026-09-08,"Benar benar sangat membantu, memudahkan",benar benar sangat membantu memudahkan,6,Positif,MATCH,
343,Yudhistira WP,5,2026-09-08,okeh banget sah,okeh banget sah,0,Netral,MATCH,
344,Widya quy,5,2026-09-08,sangat puas dengan pelayanan,sangat puas dengan pelayanan,3,Positif,MATCH,
345,Nendhe Praviga,1,2026-09-08,"Terbaik lah, mau login minta kode verifikasi gangguan mulu, mana nunggu nya lama lagi. ini kalian emang pada berharap pasien mati dulu baru dikirim ya",terbaik lah mau login minta kode verifikasi gangguan terus mana nunggu nya lama lagi ini kalian emang pada berharap pasien mati dulu baru dikirim ya,1,Positif,MISMATCH_LOW_RATING,Salah klik rating / Human error (Isi ulasan berupa pujian murni)
346,Lady R,1,2026-09-08,"gak bagus samsek, berkali-kali daftar rehab tapi gk ada info jelas gimana cara bayarnya. ini sebenarnya mau dibayar apa gak sih. notif doang bikin sampah tapi mau bayar dipersulit",tidak bagus samsek berkali-kali daftar rehab tapi tidak ada info jelas gimana cara bayarnya ini sebenarnya mau dibayar apa tidak sih notif doang bikin sampah tapi mau bayar dipersulit,-7.8,Negatif,MATCH,
347,Lili Hardiana,5,2026-09-08,best,best,0,Netral,MATCH,
348,Riki Alazid,5,2026-09-08,proses nya cepat dan sangat mudah di pahami,proses nya cepat dan sangat mudah di pahami,5,Positif,MATCH,
349,Syamsidar Mappa,1,2026-09-08,Krn TDK bisa didownload kmbli,karena tidak bisa didownload kmbli,0,Netral,MATCH,
350,Bunda Charly,5,2026-09-08,sangat membantu,sangat membantu,3,Positif,MATCH,
351,Ody Farid prasetyo,5,2026-09-08,sangat membantu pada saat sakit,sangat membantu pada saat sakit,3,Positif,MATCH,
352,Qwitpra 04,5,2026-09-08,mantappp....,mantap,3,Positif,MATCH,
353,SYAYYIDAH Al MARDLIYYAH,1,2026-09-08,"verifikasi wajah ga bisa” sudah 1 jam saya verifikasi, tolong segera diperbaiki.",verifikasi wajah tidak bisa sudah 1 jam saya verifikasi tolong segera diperbaiki,0,Netral,MATCH,
354,Rafa Istiqomah,1,2026-09-08,aplikasi Tolol dimasukin no.hp gak bisa bisa,aplikasi tolol dimasukin no hp tidak bisa bisa,0,Netral,MATCH,
355,Viona Shelly,1,2026-09-08,login susah,login sulit,-2.5,Negatif,MATCH,
356,nur faizah05,3,2026-09-08,nunggu antrian. panja6 poli kosong. yg punya nomor blm hadir lama. sebaiknya nomor antrian bila datang k lokasi di reset ulang,nunggu antrean panja6 poli kosong yang punya nomor belum hadir lama sebaiknya nomor antrean bila datang k lokasi di reset ulang,1,Positif,MATCH,
357,46 X men,1,2026-09-08,sudah daftar sidik jari login ga bisa lupa password mengulang terus,sudah daftar sidik jari login tidak bisa lupa password mengulang terus,0,Netral,MATCH,
358,Teguh Santosa,1,2026-09-08,"aplikasi jadul, keamanan masih verifikasi sms, pake pulsa. sekali sms 5ribu. apk pemerintah g bs hidup klo g makan uang rakyat",aplikasi jadul keamanan masih verifikasi sms pake pulsa sekali sms 5ribu aplikasi pemerintah g bs hidup klo g makan uang rakyat,0,Netral,MATCH,
359,Nurhidayatullah Mustajib,4,2026-09-08,ok,ok,1.5,Positif,MATCH,
360,Arya Maysa,1,2026-09-08,tolol amat kirim otp aja pake pulsa. kenapa program pemerintah selalu dongo,tolol amat kirim otp aja pake pulsa kenapa program pemerintah selalu dongo,0,Netral,MATCH,
361,Jackson Graves,1,2026-09-08,"ga bisa daftar, karena kode verification no hp ga dikirim, hapus ajah menu daftar nya kalo ga di pake",tidak bisa daftar karena kode verification no hp tidak dikirim hapus ajah menu daftar nya kalo tidak di pake,0,Netral,MATCH,
362,SIAGIAN HENDRIK FANCO,5,2026-09-08,Sangat Membantu,sangat membantu,3,Positif,MATCH,
363,Raihan,1,2026-09-08,"hama, jaringan bagus di apk nya loading terus",hama jaringan bagus di aplikasi nya loading terus,2,Positif,MISMATCH_LOW_RATING,Salah klik rating / Human error (Isi ulasan berupa pujian murni)
364,Arif Rachman,5,2026-09-08,saya suka mjkn ini,saya suka mjkn ini,2,Positif,MATCH,
365,Riani Pebriani,5,2026-09-08,memudahkan ❤️,memudahkan,3,Positif,MATCH,
366,Mahrup,5,2026-09-08,bagus bgt aplikasi ini cepat dan mudah di pahami,bagus banget aplikasi ini cepat dan mudah di pahami,7,Positif,MATCH,
367,Supriyanto,5,2026-09-08,"bagus tapi captcha jangan terlalu rumit dan sulit,kasihan para orang tua",bagus tapi captcha jangan terlalu rumit dan sulit kasihan para orang tua,-2.5,Negatif,MISMATCH_HIGH_RATING,"Rating bintang tinggi (4-5), namun isi ulasan memuat kritik/keluhan tajam"
368,rendy adrysh,1,2026-09-08,"lag parah,server down padahal wifi/data udh oke.jadinya terhambat buat daftar antrian",lag buruk server down padahal wifi data sudah oke jadinya terhambat buat daftar antrean,-1.5,Negatif,MATCH,
369,Indra wahyudi,5,2026-09-08,mantul aplikasinya,mantul aplikasinya,0,Netral,MATCH,
370,Hatchie,1,2026-09-08,"verifikasi no hp tidak bisa,, perbaiki saja",verifikasi no hp tidak bisa perbaiki saja,0,Netral,MATCH,
371,Muhifa Kalsum,5,2026-09-08,"ini gimana si aplikasi nya,kemarin masih aman aku liat ,dapat nomor antrean buat tanggal 17 bisa,ko tadi aku cek tiba tiba ke log out sendiri? sandinya dimasukin salah salah Mulu tolong dong ini gmn besok saya berobatnya",ini gimana si aplikasi nya kemarin masih aman aku liat dapat nomor antrean buat tanggal 17 bisa ko tadi aku cek tiba tiba ke login out sendiri sandinya dimasukin salah salah terus tolong dong ini gmn besok saya berobatnya,2,Positif,MATCH,
372,mohammad farid,1,2026-09-08,"aplikasi lemot ngehank terus, mau bayar malah dipersulit",aplikasi lambat ngehank terus mau bayar malah dipersulit,-6,Negatif,MATCH,
373,Nurhayati Rohadi,5,2026-09-08,berobat bpjs menggunakan jkn mobile mudah utk meng akses data dan antrean,berobat bpjs menggunakan jkn mobile mudah untuk meng akses data dan antrean,2.5,Positif,MATCH,
374,Nova Skyva,4,2026-09-08,bisakah login pakai gmail tanpa ktp captcha dan bagaimana jika tidak bayar denda bpjs ...bagaimana jika merubah rujukan untuk daftar online,bisakah login pakai gmail tanpa kartu tanda penduduk captcha dan bagaimana jika tidak bayar denda bpjs bagaimana jika merubah rujukan untuk daftar online,0,Netral,MATCH,
375,shimi,1,2026-09-08,"verifikasi wajah selalu gagal, saat diminta kode otp, itu pesan otp nya tidak masuk2 padahal sudah bener nomor hp yang di masukan untuk menerima kodenya, atau emang bermasalah aplikasi nya?",verifikasi wajah selalu gagal saat diminta kode otp itu pesan otp nya tidak masuk2 padahal sudah benar nomor hp yang di masukan untuk menerima kodenya atau emang bermasalah aplikasi nya,-2.5,Negatif,MATCH,
376,Dista Alvianto,1,2026-09-08,"untuk call centernya memang selalu mengangkat telfon , tapi setiap 5 menit tiba tiba signal dr pihak call center merah sedangkan signal kita penuh , ya masak sekelas jkn kek gini",untuk call centernya memang selalu mengangkat telfon tapi setiap 5 menit tiba tiba signal dr pihak call center merah sedangkan signal kita penuh ya masak sekelas jkn kek gini,0,Netral,MATCH,
377,Siti Nurhayati,5,2026-09-08,mantap jiwa 😎😎😎,mantap jiwa,3,Positif,MATCH,
378,Nuka Nua,1,2026-09-08,"tolong aplikasi JKN, jangan mempersulit orang, mau ambil no antrian online saja, tidak bisa masuk, pada hal sudah pakai lama, masa bilang nomor KTP salah, kata sandi salah, pada hal semuanya susah benar. paling lucu lagi disuruh daftar ulang, ini bego sekali aplikasi mambtu ilang malahan mempersulitkan orang. aturan macam apa ini.",tolong aplikasi jkn jangan mempersulit orang mau ambil no antrean online saja tidak bisa masuk pada hal sudah pakai lama masa bilang nomor kartu tanda penduduk salah kata sandi salah pada hal semuanya sulit benar paling lucu lagi disuruh daftar ulang ini buruk sekali aplikasi mambtu ilang malahan mempersulitkan orang aturan macam apa ini,-7.5,Negatif,MATCH,
379,munawir hadi,1,2026-09-08,staff IT nya ini mungkin yg abal abal 😂 bisa bisanya daftar online gg pernah bisa ke buka 🤣🤣,staff it nya ini mungkin yang abal abal bisa bisanya daftar online gg pernah bisa ke buka,0,Netral,MATCH,
380,anang rusdi,5,2026-09-08,sangat membantu,sangat membantu,3,Positif,MATCH,
381,Novi Hendriyanto,5,2026-09-08,Aplikasi sangat membantu,aplikasi sangat membantu,3,Positif,MATCH,
382,urip pitriyah,5,2026-09-08,sangat membantu dlm mengambil nomor antrian,sangat membantu dlm mengambil nomor antrean,3,Positif,MATCH,
383,Roman Vecto,1,2026-09-08,lagi eror aplikasi nya ya kira-kira kapan ini di perbaiki nya,lagi error aplikasi nya ya kira-kira kapan ini di perbaiki nya,-2.5,Negatif,MATCH,
384,Dwiga Rahmat,1,2026-09-08,mau daftar masak pilihan dokternya gak bisa segera diperbaruilah,mau daftar masak pilihan dokternya tidak bisa segera diperbaruilah,0,Netral,MATCH,
385,Ari Putra,5,2026-09-08,bagus dan memuaskan,bagus dan memuaskan,2,Positif,MATCH,
386,Danu Susanto,5,2026-09-08,reaponsif,reaponsif,0,Netral,MATCH,
387,Khorina Aditia,1,2026-09-08,"Masa mau verifikasi lewat sms aja harus pakai pulsa dulu, aneh banget. Mending nggak usah pakai aplikasi dehh.",masa mau verifikasi lewat sms aja harus pakai pulsa dulu aneh banget mending tidak usah pakai aplikasi dehh,0,Netral,MATCH,
388,Ikhwan Awwalu,1,2026-09-08,lagi eror kah? saya nggak bisa daftar online,lagi error kah saya tidak bisa daftar online,-2.5,Negatif,MATCH,
389,Unknown Faqih,1,2026-09-08,login nya sulut banget ngulang² terus,login nya sulut banget ngulang terus,0,Netral,MATCH,
390,Rudi Miftah,5,2026-09-08,lumayan,lumayan,0,Netral,MATCH,
391,Asni Rusman,5,2026-09-08,pelayanan baik,pelayanan baik,2,Positif,MATCH,
392,Diana Pesek,5,2026-09-08,kemudahan layanan,kemudahan layanan,0,Netral,MATCH,
393,Hinda Yanti,1,2026-09-08,asli ribet rs islam sitihajar. pasien dihajar habis oleh verifikasi 🥲,asli rumit rs islam sitihajar pasien dihajar habis oleh verifikasi,-2,Negatif,MATCH,
394,AGUSTIAN.G Gunawan,5,2026-09-08,good bagus,good bagus,4,Positif,MATCH,
395,Jesen Kauwang,1,2026-09-08,"ampas bgt apk pemerintah 1 ini, mau daftar aja dipersulit, kamera identifikasi muka aja ga becus, ampasnya ngampas bgt!!",ampas banget aplikasi pemerintah 1 ini mau daftar aja dipersulit kamera identifikasi muka aja tidak becus ampasnya ngampas banget,-3.5,Negatif,MATCH,
396,siti rahmawati,3,2026-09-08,hp dulu bisa download app ini. kenapa sekarang tidak🥵🥵🥵,hp dulu bisa download aplikasi ini kenapa sekarang tidak,0,Netral,MATCH,
397,Rafif Zainul,1,2026-09-08,root matamu root,root matamu root,0,Netral,MATCH,
398,Weni Afrida,1,2026-09-08,"aplikasi nya jelek padahal aplikasi untuk layanan masyarakat, tiba tiba akun log out sendiri giliran mau login lagi tombol login nya gak bisa respon apa apa, jdi gak bisa masuk ke aplikasi. ini sangat perlu diperbaiki secepatnya kasihan orang yang mau ambil antrean kontrol gimana mau ambil antrean kalo gak bisa login, tolong buat segera direvisi aplikasi layanan ini krna sangat menggangu jika tidak bisa berjalan sesuai ketentuan nya.",aplikasi nya buruk padahal aplikasi untuk layanan masyarakat tiba tiba akun login out sendiri giliran mau login lagi tombol login nya tidak bisa respon apa apa jdi tidak bisa masuk ke aplikasi ini sangat perlu diperbaiki secepatnya kasihan orang yang mau ambil antrean kontrol gimana mau ambil antrean kalo tidak bisa login tolong buat segera direvisi aplikasi layanan ini krna sangat menggangu jika tidak bisa berjalan sesuai ketentuan nya,-3,Negatif,MATCH,
399,Kayla Nahdha,5,2026-09-08,pingin rubah klas untuk angota keluarga caranya gimana ya,pingin rubah klas untuk angota keluarga caranya gimana ya,0,Netral,MATCH,
400,Heni hendrayani,2,2026-09-08,suda no induk sudah berulsandi capca masuk tetap ga bisa login kecewa susah,suda no induk sudah berulsandi capca masuk tetap tidak bisa login kecewa sulit,-5.5,Negatif,MATCH,
401,Ricky Ablizar,4,2026-09-08,"Mohon aplikasi ini lebih disempurnakan lagi,terutama pengaduan masyarakat.Dan kalau bisa diadakan live chat agar semua masalah dapat diselesaikan dengan baik tanpa harus mengunjungi kantor dinsos yg terkadang pengurusannya rumit.Terima Kasih 🙏🙏🙏",mohon aplikasi ini lebih disempurnakan lagi terutama pengaduan masyarakat dan kalau bisa diadakan live chat agar semua masalah dapat diselesaikan dengan baik tanpa harus mengunjungi kantor dinsos yang terkadang pengurusannya rumit terima kasih,2,Positif,MATCH,
402,Rankar Romantika,5,2026-09-08,"ini sangat tidak menguntungkan bagi lansia yang ingin berobat, verivikasi wajah gagal terus, verivikasi SMS gagal terus, di ulang tetap gagal terus, tambah mempersulit kalau proses nya seperti ini",ini sangat tidak menguntungkan bagi lansia yang ingin berobat verivikasi wajah gagal terus verivikasi sms gagal terus di ulang tetap gagal terus tambah mempersulit kalau proses nya seperti ini,-7.5,Negatif,MISMATCH_HIGH_RATING,"Rating bintang tinggi (4-5), namun isi ulasan memuat kritik/keluhan tajam"
403,amel rose,5,2026-09-08,mantep 👍,mantep,0,Netral,MATCH,
404,Eman Ependi,5,2026-09-08,Bagus cepat tepat,bagus cepat tepat,4.5,Positif,MATCH,
405,Rizqi Kamalia,4,2026-09-08,servernya harus diperbaiki lagi. sering ngebug waktu mau ambil antrian online.,servernya harus diperbaiki lagi sering ngebug waktu mau ambil antrean online,0,Netral,MATCH,
406,Kerang Ijo,1,2026-09-08,tolong dong bisa buat semua hp klo ga kompektibel gimana bsa buat berobat,tolong dong bisa buat semua hp klo tidak kompektibel gimana bsa buat berobat,0,Netral,MATCH,
407,Sarifatimah Sari,5,2026-09-08,Sangat membantu,sangat membantu,3,Positif,MATCH,
408,Adhis Muhamad,5,2026-09-08,Membantu dan memudahkan secara praktis👍,membantu dan memudahkan secara praktis,8.5,Positif,MATCH,
409,Akbar Muhammad,1,2026-09-08,"Nomor sudah sesuai, tapi tidak terkirim dan untuk meminta ulang kode OTP, harus menunggu sangat lama",nomor sudah sesuai tapi tidak terkirim dan untuk meminta ulang kode otp harus menunggu sangat lama,-2,Negatif,MATCH,
410,asep cepot,5,2026-09-08,ok,ok,1.5,Positif,MATCH,
411,Siti Munawaroh,5,2026-09-08,kenapa tidak masuk daftar Mobile jkn nya,kenapa tidak masuk daftar mobile jkn nya,0,Netral,MATCH,
412,yaar,1,2026-09-08,"g bisa daftar, verifikasi sulit....",g bisa daftar verifikasi sulit,-2.5,Negatif,MATCH,
413,Faris,5,2026-09-08,cepat tanggap dalam melayani .. pokoknya 👍 👍👍,cepat tanggap dalam melayani pokoknya,2.5,Positif,MATCH,
414,Ibnu Hendrian,1,2026-09-08,jelek ga bisa mendaftar udah 2 hp di coba tetap bad request,buruk tidak bisa mendaftar udah 2 hp di coba tetap bad request,-3,Negatif,MATCH,
415,Sah Roni,2,2026-09-08,ko ga bisa kebuka lgi y,ko tidak bisa kebuka lgi y,0,Netral,MATCH,
416,Parker McCall,5,2026-09-08,sangat membantu,sangat membantu,3,Positif,MATCH,
417,Hasbi Ramadhan,5,2026-09-08,bagus,bagus,2,Positif,MATCH,
418,Heri Yanto,1,2026-09-08,"Buat penyedia aplikasi jkn,klo g niat membantu masyarakat kecil mending g usah sama sekali.. apk g guna begini.. daftar satu hari full hanya untuk menunggu otp yg g jelas",buat penyedia aplikasi jkn klo g niat membantu masyarakat kecil mending g usah sama sekali aplikasi g guna begini daftar satu hari full hanya untuk menunggu otp yang g jelas,4.5,Positif,MISMATCH_LOW_RATING,Salah klik rating / Human error (Isi ulasan berupa pujian murni)
419,Sarah chika Sarah chika,5,2026-09-08,luar biasa 💯👍,luar biasa,0,Netral,MATCH,
420,Slamet Herman Prayoga,5,2026-09-08,Alkhamdulillah perubahan data cepat direson,alkhamdulillah perubahan data cepat direson,2.5,Positif,MATCH,
421,Novan Fadil,1,2026-09-08,aplikasi jangan du downloaded ga menyarankan untuk daftar di sini soal ini gajelas apk bego nomor salah mulu padhal dh bener ga masuk sms,aplikasi jangan du downloaded tidak menyarankan untuk daftar di sini soal ini gajelas aplikasi buruk nomor salah terus padhal dh benar tidak masuk sms,-3,Negatif,MATCH,
422,Bang Veve,2,2026-09-08,aplikasi gk jelas log out sndiri,aplikasi tidak jelas login out sndiri,-1.35,Negatif,MATCH,
423,Cece,5,2026-09-08,aplikasi tidak bisa dibuka di hp saya.,aplikasi tidak bisa dibuka di hp saya,0,Netral,MATCH,
424,Dadan Nuramdani,1,2026-09-08,"terlalu banyak masalah di aplikasi, mempersulit pendaftaran dan ke pelayanan",terlalu banyak masalah di aplikasi mempersulit pendaftaran dan ke pelayanan,0,Netral,MATCH,
425,Rico Ramananda,5,2026-09-08,Terbaikkkkkk,terbaik,3,Positif,MATCH,
426,Juliusperkasa Putra,1,2026-09-08,"ini kode otp ga masuk"" apa mungkin masuknya pas kiamat",ini kode otp tidak masuk apa mungkin masuknya pas kiamat,0,Netral,MATCH,
427,teguh suprianto,1,2026-09-08,verifikasi wajah susah bnget,verifikasi wajah sulit bnget,-2.5,Negatif,MATCH,
428,Nur Fadilla,5,2026-09-08,sjk donlod aplikasi ini semua gampang,sjk donlod aplikasi ini semua gampang,0,Netral,MATCH,
429,Mama Tama,5,2026-09-08,cepat dan akurat,cepat dan akurat,2.5,Positif,MATCH,
430,andrie daud,5,2026-09-08,Sangat membanting,sangat membanting,0,Netral,MATCH,
431,amat yasir,5,2026-09-08,pelayanan oke,pelayanan oke,1.5,Positif,MATCH,
432,slamet fajar,5,2026-09-08,ok,ok,1.5,Positif,MATCH,
433,Faisal Abdul lontoh Ferri,5,2026-09-08,mudah dan membantu,mudah dan membantu,5.5,Positif,MATCH,
434,Riani Ani,5,2026-09-08,Bagus dan sangat membantu,bagus dan sangat membantu,5,Positif,MATCH,
435,Ariansyah,1,2026-09-08,lemot,lambat,-2.5,Negatif,MATCH,
436,DienN 2423j,1,2026-09-08,tidak mendapat kode otp,tidak mendapat kode otp,0,Netral,MATCH,
437,M. Naufal Ramadhan Dias,5,2026-09-08,sangat mudah untuk mengganti dokter faskes 1 dan berobat,sangat mudah untuk mengganti dokter faskes 1 dan berobat,2.5,Positif,MATCH,
438,Wawan Julian,5,2026-09-08,mudah digunakan dan memudahkan masyarakat,mudah digunakan dan memudahkan masyarakat,5.5,Positif,MATCH,
439,indi harin Mustofa,5,2026-09-08,aplikasi sangat bermanfaat bagi masyarakat,aplikasi sangat bermanfaat bagi masyarakat,3,Positif,MATCH,
440,Alfine Nanda,1,2026-09-08,"mohon maaf sebelumnya, apk nya ribet bangettt masih verifikasi kode otp lewat email, verifikasi kode otp pake no hp, pas udah kita ketik no hp selalu eror udah saya coba lebih dari 10X dari kemaren tapi masih tetep aja, katanya pulsa minimal 5K sedangkan pulsa saya ada 15K tapi tetep ga bisa, sedangkan dari tim kesehatan di RS atau puskesmas harus make apk jkn dan pas saya bilang ga bisa mereka juga bingung? adek saya juga sudah mencoba di hp nya sendiri tapi ga bisa juga? mohon maaf dan makasih",mohon maaf sebelumnya aplikasi nya rumit banget masih verifikasi kode otp lewat email verifikasi kode otp pake no hp pas udah kita ketik no hp selalu error udah saya coba lebih dari 10x dari kemaren tapi masih tetep aja katanya pulsa minimal 5k sedangkan pulsa saya ada 15k tapi tetep tidak bisa sedangkan dari tim kesehatan di rs atau puskesmas harus make aplikasi jkn dan pas saya bilang tidak bisa mereka juga bingung adek saya juga sudah mencoba di hp nya sendiri tapi tidak bisa juga mohon maaf dan makasih,-2.5,Negatif,MATCH,
441,Asha Hijra,4,2026-09-08,mantap semoga lancar jaya !,mantap semoga lancar jaya,5.5,Positif,MATCH,
442,Febri Ardiansyah,5,2026-09-08,ok,ok,1.5,Positif,MATCH,
443,Tutut Santoso,5,2026-09-08,"mau periksa harus daftar lewat aplikasi, tp kenapa aplikasinya error. no connection, pdhl paketan masih 26GB 🥲",mau periksa harus daftar lewat aplikasi tapi kenapa aplikasinya error no connection pdhl paketan masih 26gb,-2.5,Negatif,MISMATCH_HIGH_RATING,"Rating bintang tinggi (4-5), namun isi ulasan memuat kritik/keluhan tajam"
444,Aldidesu,1,2026-09-08,"aplikasi pemerintah ga ada yang bener. captcha ga jelas, verif nomer hape hatus pake pulsa. gojek aja bisa pake WhatsApp yang mana pake paket data. hari gini tuh udah ga banyak orang yang punya pulsa, punyanya paket data. rugi gue kudu beli pulsa 5000 cuma buat pindah puskesmas",aplikasi pemerintah tidak ada yang benar captcha tidak jelas verif nomer hape hatus pake pulsa gojek aja bisa pake whatsapp yang mana pake paket data hari gini tuh udah tidak banyak orang yang punya pulsa punyanya paket data rugi gue kudu beli pulsa 50 cuma buat pindah puskesmas,-4.35,Negatif,MATCH,
445,Peri Kecil,4,2026-09-08,"meski udah daftar antrian online.tetep aja dilokasi antri sesuai urutan yg dilokasi,meskipun antrian di JKN no. 2",meski udah daftar antrean online tetep aja dilokasi antri sesuai urutan yang dilokasi meskipun antrean di jkn no 2,0,Netral,MATCH,
446,abdullah said,1,2026-09-08,Yang bisa akses hanya HP tipe tinggi Kurang tepat sasaran Kasihan yang dikampung HP jadul ga bisa akses Apakah harus beli HP dulu. Padahal lagi sakit parah. Uang jg pas pasan... Astaghfirullah 😥,yang bisa akses hanya hp tipe tinggi kurang tepat sasaran kasihan yang dikampung hp jadul tidak bisa akses apakah harus beli hp dulu padahal lagi sakit buruk uang jg pas pasan astaghfirullah,-3,Negatif,MATCH,
447,santi dwi,5,2026-09-08,oke,oke,1.5,Positif,MATCH,
448,Imank Sudirman,5,2026-09-08,mantap,mantap,3,Positif,MATCH,
449,Satrio Sambodo,1,2026-09-08,"ferivikasi mental semua, lewat sms, WA bahkan wajah, bikin g nyaman... akses ksehatan malah terganggu... pengen cepet tmbah bkin ribet... perbaikin doooong...!!!",ferivikasi mental semua lewat sms wa bahkan wajah bikin g nyaman akses ksehatan malah terganggu pengen cepet tmbah bikin rumit perbaiki dong,-2,Negatif,MATCH,
450,Kii Alvakista,1,2026-09-08,"apk buatann Indonesia emang bikin darah tinggi anj, suka sering error!",aplikasi buatann indonesia emang bikin darah tinggi anj suka sering error,-0.5,Netral,MATCH,
451,Rizky Permatasari,5,2026-09-08,mantaap udah lebih bagus aplikasi nya sangat mempermudah,mantaap udah lebih bagus aplikasi nya sangat mempermudah,2,Positif,MATCH,
452,Fauzi Ilyas,1,2026-09-08,mau ambil antrean mala gak bisa disuruh hububgi call centre atau cs nya uda dihubungi mala gak ada solusi ribet banget jkn,mau ambil antrean mala tidak bisa disuruh hububgi call centre atau cs nya uda dihubungi mala tidak ada solusi rumit banget jkn,-2,Negatif,MATCH,
453,Cullenk Fellaini,1,2026-09-07,aplikasi tolol ngeblank terus gak bisa di buka goblokk,aplikasi tolol ngeblank terus tidak bisa di buka goblokk,0,Netral,MATCH,
454,Kardi Airin,5,2026-09-07,terima kasih,terima kasih,2,Positif,MATCH,
455,Ichika Nanakiy,2,2026-09-07,tolong kalau buat aplikasi yang mudah tagihan muncul tapi tidak ada cara membayar nya......,tolong kalau buat aplikasi yang mudah tagihan muncul tapi tidak ada cara membayar nya,2.5,Positif,MISMATCH_LOW_RATING,Salah klik rating / Human error (Isi ulasan berupa pujian murni)
456,Firman saragih,1,2026-09-07,"aplikasi apaan begini, daftar pun gk bisa, gk jelas banget",aplikasi apaan begini daftar pun tidak bisa tidak jelas banget,-1.35,Negatif,MATCH,
457,JEVERSTEINE,1,2026-09-07,menu yang penting malah tidak di tampilkan mau bayar iuran tidak tau dimana .....,menu yang penting malah tidak di tampilkan mau bayar iuran tidak tau dimana,0,Netral,MATCH,
458,Abe Ganteng,1,2026-09-07,apk lelet konfirmasi nomor TPI tidak kunjung dapat sms,aplikasi lambat konfirmasi nomor tpi tidak kunjung dapat sms,-2.5,Negatif,MATCH,
459,Rohim Oim,5,2026-09-07,terima kasih sudah terbantu,terima kasih sudah terbantu,2,Positif,MATCH,
460,Asep Saepudin,1,2026-09-07,aplikasi eror mulu,aplikasi error terus,-2.5,Negatif,MATCH,
461,Nyoman Supatra,5,2026-09-07,aplikasi bagus,aplikasi bagus,2,Positif,MATCH,
462,Suwari Aldi,1,2026-09-07,nges3lin....login masuk salah nik lah salah pasword lah aneh...bikin kesel...,nges3lin login masuk salah nik lah salah pasword lah aneh bikin kesel,0,Netral,MATCH,
463,indra mahendra,4,2026-09-07,"cukup bagus, hanya saja untuk verifikasi wajah agak lama. tolong diperbaiki. terimakasih.",cukup bagus hanya saja untuk verifikasi wajah agak lama tolong diperbaiki terimakasih,0,Netral,MATCH,
464,Safira EgaSatryo,1,2026-09-07,mau download g bisa mulu kenapa woiii,mau download g bisa terus kenapa woi,0,Netral,MATCH,
465,Pratama Hadi,1,2026-09-07,aplikasi merepotkan bagi yang ingin berobat. payah,aplikasi merepotkan bagi yang ingin berobat payah,-3,Negatif,MATCH,
466,Azrilrifqi Azrilrifqi,5,2026-09-07,keren sih aplikasi ini sangat membantu mudah masuk setiap 1x bulan,keren sih aplikasi ini sangat membantu mudah masuk setiap 1x bulan,8,Positif,MATCH,
467,Dian Wahyuni,5,2026-09-07,muda bget,muda bget,0,Netral,MATCH,
468,Aguk Supriyanto,1,2026-09-07,gak bisa di buka,tidak bisa di buka,0,Netral,MATCH,
469,Nadhira Valyn,1,2026-09-07,"aplikasi bujang , apa harus orang kaya baru di permudah , jangan download , rakyat kecil ini selalu di persulit verifikasi nomor lebih 1 jam ,dan hasilnya coba lagi",aplikasi bujang apa harus orang kaya baru di permudah jangan download rakyat kecil ini selalu di persulit verifikasi nomor lebih 1 jam dan hasilnya coba lagi,0,Netral,MATCH,
470,Farid Fatahilah,1,2026-09-07,masak kode nya ga ter kirim ke sms,masak kode nya tidak ter kirim ke sms,0,Netral,MATCH,
471,andi turnip,5,2026-09-07,ok,ok,1.5,Positif,MATCH,
472,Yahya Ardian Yuma Pracesa,1,2026-09-07,ngestuck di logo page,ngestuck di logo page,0,Netral,MATCH,
473,Evi tania,5,2026-09-07,ini gimana yaa saya mau download aplikasi ini ko ga da yaa di play store,ini gimana yaa saya mau download aplikasi ini ko tidak da yaa di play store,0,Netral,MATCH,
474,sindi aditiya,5,2026-09-07,terimakasih bnyak mobile jkn💑,terimakasih bnyak mobile jkn,0,Netral,MATCH,
475,Siti Marnah,4,2026-09-07,ribet mana aplikasinya mental terus,rumit mana aplikasinya mental terus,-4.5,Negatif,MISMATCH_HIGH_RATING,"Rating bintang tinggi (4-5), namun isi ulasan memuat kritik/keluhan tajam"
476,Eko Priyanto,5,2026-09-07,mudah,mudah,2.5,Positif,MATCH,
477,Radit Aminoto,1,2026-09-07,mau daftar susah amat minn,mau daftar sulit amat minn,-2.5,Negatif,MATCH,
478,Kemal Prayuga,5,2026-09-07,terimakasih banyak,terimakasih banyak,0,Netral,MATCH,
479,Iwan Gunardi,1,2026-09-07,"masuk aja gak bisa, padahal pasword benar. lewat no hp email juga benar gak bisa masuk. uninstall aja",masuk aja tidak bisa padahal pasword benar lewat no hp email juga benar tidak bisa masuk uninstall aja,0,Netral,MATCH,
480,nur yanto,5,2026-09-07,tidak bisa dibuka,tidak bisa dibuka,0,Netral,MATCH,
481,SURYADI,3,2026-09-07,menunggu verifikasi kode otpnya lama,menunggu verifikasi kode otpnya lama,-2,Negatif,MATCH,
482,Muhammad Syahid23,4,2026-09-07,mantaps luar biasa,mantaps luar biasa,0,Netral,MATCH,
483,Mohamad Fahri 25,1,2026-09-07,APLIKASI PENGUJI KESABARAN TOLONG INI APLIKASI KENTANG BGT GA LAYAK BGT DIBILANG APLIKASI,aplikasi penguji kesabaran tolong ini aplikasi kentang banget tidak layak banget dibilang aplikasi,0,Netral,MATCH,
484,endang susilawati,3,2026-09-07,"Aplikasi nya kenapa sering logout sendiri si, udh gitu mau log in lg susah nik/password salah terus pdahal nik udh bener di KK dn password juga udh bener sewaktu daftar .",aplikasi nya kenapa sering logout sendiri si sudah gitu mau login in lg sulit nik password salah terus pdahal nik sudah benar di kartu keluarga dn password juga sudah benar sewaktu daftar,-2.5,Negatif,MATCH,
485,016_ Khayla Syifa M.,5,2026-09-07,makan ok,makan ok,1.5,Positif,MATCH,
486,Nora Selvia,4,2026-09-07,"kalo untuk aplikasi sdh bagus,tapi suka logout sendiri,,,meski jaringan bagus,mohon tingkatkan lagi untuk kelayakan dan kenyamanan saat d gunakan",kalo untuk aplikasi sudah bagus tapi suka logout sendiri meski jaringan bagus mohon tingkatkan lagi untuk kelayakan dan kenyamanan saat d gunakan,6,Positif,MATCH,
487,Ahmad Youtube,5,2026-09-07,assoy,assoy,0,Netral,MATCH,
488,Sultan Nasik,1,2026-09-07,ribet mau daftar juga susah kameranya gajelas satu muka satu muka di kira muka ada banyak gajelas,rumit mau daftar juga sulit kameranya gajelas satu muka satu muka di kira muka ada banyak gajelas,-4.5,Negatif,MATCH,
489,Lia Herawati,5,2026-09-07,Alhamdulillah mudah ubah klinik.. terima kasih jkn,alhamdulillah mudah ubah klinik terima kasih jkn,4.5,Positif,MATCH,
490,Ariyanto Buddy,5,2026-09-07,best,best,0,Netral,MATCH,
491,Odhay 79,1,2026-09-07,"1 perangkat masa saya tidak bisa login 3 NIK, 3 nik itu sy dan 2 anak sy, kata call center 165 harus masing² py akun sendiri karena peserta terdaftar di segmen berbeda, giliran sy daftar 1 hp 3 nik ga bs login, perintah nya suruh hubungin 165,gmana sih....",1 perangkat masa saya tidak bisa login 3 nik 3 nik itu saya dan 2 anak saya kata call center 165 harus masing py akun sendiri karena peserta terdaftar di segmen berbeda giliran saya daftar 1 hp 3 nik tidak bs login perintah nya suruh hubungin 165 gmana sih,0,Netral,MATCH,
492,Sardini Afajari,2,2026-09-07,"ni akun nyebelin, mbok ya diperbaiki, keluar sendiri, suruh login terus",ni akun nyebelin mbok ya diperbaiki keluar sendiri suruh login terus,-3,Negatif,MATCH,
493,YUDHA FRATAMA,5,2026-09-07,oke mantap..,oke mantap,4.5,Positif,MATCH,
494,Agsthns Paide (PvchePibo),1,2026-09-07,"tolol, mau daftar aja ribetnya minta ampun",tolol mau daftar aja ribetnya minta ampun,0,Netral,MATCH,
495,Uden Rh,1,2026-09-07,selalu log out.. sekali nya mau login selalu nik salah.. padahal sudah betul,selalu login out sekali nya mau login selalu nik salah padahal sudah betul,0,Netral,MATCH,
496,Alfi Firdaus,5,2026-09-07,membantu tolong klo bisa jangan gagal mulu masuk ny,membantu tolong klo bisa jangan gagal terus masuk ny,4.25,Positif,MATCH,
497,Basuki Nur,5,2026-09-07,sangat membantu,sangat membantu,3,Positif,MATCH,
498,STARFIT Indonesia,5,2026-09-07,good,good,2,Positif,MATCH,
499,Ana Dwi rahayu,5,2026-09-07,mudah di.pahami,mudah di pahami,2.5,Positif,MATCH,
500,Rudi Septianto,1,2026-09-07,versi android nya ketinggian jadi sulit diakses untuk versi android 10 kebawah,versi android nya ketinggian jadi sulit diakses untuk versi android 10 kebawah,-2.5,Negatif,MATCH,
501,Mey Wanti,5,2026-09-07,bagus dan ramah,bagus dan ramah,4,Positif,MATCH,
502,Adi Sutiono,1,2026-09-07,"kalo bisa bintang nol tak kasih nol. dah lah lelet, susah login. orang mau berobat bukannya dipermudah malah dipersulit",kalo bisa bintang nol tak kasih nol dah lah lambat sulit login orang mau berobat bukannya dipermudah malah dipersulit,-8.5,Negatif,MATCH,
503,riska febrianti Riska,4,2026-09-07,alhamdulillah sudah bisa download,alhamdulillah sudah bisa download,0,Netral,MATCH,
504,Ade Suryadi,5,2026-09-07,membantu,membantu,3,Positif,MATCH,
505,IZ*ONE Minchu,1,2026-09-07,kenapa verifikasi lewat SMS ga dikirim kirim kodenya? pdhl nomor sudah benar,kenapa verifikasi lewat sms tidak dikirim kirim kodenya pdhl nomor sudah benar,0,Netral,MATCH,
506,Misbakhul Mu'in,1,2026-09-07,saat proses daftar pada tahap verifikasi wajah. sistem seperti tidak bekerja dimana saya sudah menyesuaikan wajah dalam kotak bingkai sesuai arahan tetapi tidak ada respon dari sistem. tolong diperbaiki atau bisa beri penjelasan kenapa hal ini terjadi. terimakasih update penilaian tergantung nanti,saat proses daftar pada tahap verifikasi wajah sistem seperti tidak bekerja dimana saya sudah menyesuaikan wajah dalam kotak bingkai sesuai arahan tetapi tidak ada respon dari sistem tolong diperbaiki atau bisa beri penjelasan kenapa hal ini terjadi terimakasih update penilaian tergantung nanti,0,Netral,MATCH,
507,Ainun Nazwa,1,2026-09-07,"udah muak bangt sama aplikasi ini pas daftar susah email nya gk akses2 no hp sama udah ganti no tetep gk bisa, kemarin masih baik2 saja pas mau ambil no pas buka aplikasi udah logout sendiri pas masuk lagi gk bisa nik salah mulu pasword capcat padahal saya udah teliti bangt buat ngisi nya tetep aja salah, coba lupa akun tetep gk muncul otp nya gimana ini petugaa bpjs, dri pihak rs suruh pake aplikasi ini tpi ko aplikasi sering eror kaya gini, TOLONG PERBAIKI SECEPATNYA KARNA YANG PAKE BANYAK",udah muak bangt sama aplikasi ini pas daftar sulit email nya tidak akses2 no hp sama udah ganti no tetep tidak bisa kemarin masih baik2 saja pas mau ambil no pas buka aplikasi udah logout sendiri pas masuk lagi tidak bisa nik salah terus pasword capcat padahal saya udah teliti bangt buat ngisi nya tetep aja salah coba lupa akun tetep tidak muncul otp nya gimana ini petugaa bpjs dari pihak rs suruh pake aplikasi ini tpi ko aplikasi sering error kaya gini tolong perbaiki secepatnya karena yang pake banyak,-8.5,Negatif,MATCH,
508,FATHURRAHMAN DZAKWAN HAZ,3,2026-09-07,bagus tapi sistem antrian nya sepertinya kurang maksimal masa nomor besar lebih di dahuli dari pada nomor kecil dan nyampe duluan di ruang tunggu tapi lupa konfirmasi ke ADM atau sejenisnya jadi gak di duluin nomor kecil kalo semiasal harus di konfirmasi sama aja gak pake apk kayak daftar tulis nama kayak dulu terus antrin di apk update nya gak sesuai di lapangan,bagus tapi sistem antrean nya sepertinya kurang maksimal masa nomor besar lebih di dahuli dari pada nomor kecil dan nyampe duluan di ruang tunggu tapi lupa konfirmasi ke adm atau sejenisnya jadi tidak di duluin nomor kecil kalo semiasal harus di konfirmasi sama aja tidak pake aplikasi kayak daftar tulis nama kayak dulu terus antrin di aplikasi update nya tidak sesuai di lapangan,2,Positif,MATCH,
509,ENCEP SUHENDAR,5,2026-09-07,sangat membantu dengan aplikasi jkn. gampang dan mudah.,sangat membantu dengan aplikasi jkn gampang dan mudah,5.5,Positif,MATCH,
510,Tsaaa,1,2026-09-07,aplikasi sampah kebanyakn bug,aplikasi sampah kebanyakn bug,-6,Negatif,MATCH,
511,Kadi,5,2026-09-07,untuk sementara ini masih bagus meskipun suka logout sendiri dan ribet harus login lagi,untuk sementara ini masih bagus meskipun suka logout sendiri dan rumit harus login lagi,2,Positif,MATCH,
512,Asep Rohman,5,2026-09-07,sangat membantu,sangat membantu,3,Positif,MATCH,
513,Marjono Jono,1,2026-09-07,"tidak bisa login, stuck di verivikasi akun, dan tidak bisa mendeteksi muka, nomor yang tertera untuk dihubungi tidak bisa di kontak sama sekali",tidak bisa login stuck di verivikasi akun dan tidak bisa mendeteksi muka nomor yang tertera untuk dihubungi tidak bisa di kontak sama sekali,-2,Negatif,MATCH,
514,Bang Muns,5,2026-09-07,transaksi lancar,transaksi lancar,2.5,Positif,MATCH,
515,Muriyamah,5,2026-09-07,bagus,bagus,2,Positif,MATCH,
516,Tukang Hotspott,5,2026-09-07,tidak bisa memasukan kode verifikasi untuk pendaftar! nomor udah aktif dicoba sms sama nomor lain masuk tapi kalau dibuat verifikasi tidak masuk pesan! .. Dev perbaiki lah itu kenapa soal kode verifikasi ke nomor tapi tidak masuk,tidak bisa memasukan kode verifikasi untuk pendaftar nomor udah aktif dicoba sms sama nomor lain masuk tapi kalau dibuat verifikasi tidak masuk pesan dev perbaiki lah itu kenapa soal kode verifikasi ke nomor tapi tidak masuk,0,Netral,MATCH,
517,yesoa robby,5,2026-09-07,bagus n bermanfaat,bagus n bermanfaat,5,Positif,MATCH,
518,Alfin Alfran,1,2026-09-07,aplikasi sangat buruk,aplikasi sangat buruk,-3,Negatif,MATCH,
519,Wahyudi ajja,5,2026-09-07,aplikasi bagus,aplikasi bagus,2,Positif,MATCH,
520,Nasiah 1909,1,2026-09-07,sbnrnya bagus cuma kalo mau rubah sandi agar ribet email gbsa no HP juga gbsa ini gmna si,sbnrnya bagus cuma kalo mau rubah sandi agar rumit email gbsa no hp juga gbsa ini gmna si,0,Netral,MATCH,
521,ahmad mutholiin,1,2026-09-07,"hadewwwww ini bener"" lemot aplikasinya bikin pusing,, tiba tiba keluar sendiri masuk lagi gak bisa padahal password nya benar",hadew ini benar lambat aplikasinya bikin pusing tiba tiba keluar sendiri masuk lagi tidak bisa padahal password nya benar,-7.5,Negatif,MATCH,
522,Koesjadi Saputra,5,2026-09-07,mudah digunakan dan simple,mudah digunakan dan simple,2.5,Positif,MATCH,
523,Langit Saga AM,1,2026-09-07,jelek amat aplikasinya setelah buka buat cek jkn malah ga bisa buat msuk..satu keluarga belum tentu punya hp semua..1 hp buat cek ga bisa,buruk amat aplikasinya setelah buka buat cek jkn malah tidak bisa buat msuk satu keluarga belum tentu punya hp semua 1 hp buat cek tidak bisa,-3,Negatif,MATCH,
524,nelson leo,5,2026-09-07,sangat membantu,sangat membantu,3,Positif,MATCH,
525,Riki Riyandi,5,2026-09-07,bagus bisa di andalkan,bagus bisa di andalkan,2,Positif,MATCH,
526,Jola Peni,1,2026-09-07,susah amat verifikasinya pake nomor yang dimasukin udh bener malah pas di apk yg muncul nomor yang berbeda...beberapa kali lo kenanya...capekkk bet dah nih apk☠️,sulit amat verifikasinya pake nomor yang dimasukin sudah benar malah pas di aplikasi yang muncul nomor yang berbeda beberapa kali lo kenanya capek bet dah nih aplikasi,-2.5,Negatif,MATCH,
527,Salsa billa11,4,2026-09-07,"mau daftar udah dari berapa hari yang lalu gabisa bisa, kode otp nya ga ke kirim"", udah ganti nomor lain juga sama aja, ribet",mau daftar udah dari berapa hari yang lalu tidak bisa bisa kode otp nya tidak ke kirim udah ganti nomor lain juga sama aja rumit,-2,Negatif,MISMATCH_HIGH_RATING,"Rating bintang tinggi (4-5), namun isi ulasan memuat kritik/keluhan tajam"
528,Miftah Ul,4,2026-09-07,"error gagal ambil nomor antrian jam 10 siang, pas dicek jam 3 sore baru muncul, tolong segera diperbaiki",error gagal ambil nomor antrean jam 10 siang pas dicek jam 3 sore baru muncul tolong segera diperbaiki,-5,Negatif,MISMATCH_HIGH_RATING,"Rating bintang tinggi (4-5), namun isi ulasan memuat kritik/keluhan tajam"
529,Muhammad Yuseno,5,2026-09-07,ok,ok,1.5,Positif,MATCH,
530,dien pramesti hapsari,4,2026-09-07,"sudah bagus tp hr ini tgl 7 sept 26 buka aplikasi utk liat update antrian beberapa kali error, kmudian blm ada pemeriksaan dokter tp terupdate sdh slesai pemeriksaan dokter. Perlu ditingkatkan & sosialisasi ke faskes2 perubahan status hy apabila telah benar2 selesai.",sudah bagus tapi hr ini tgl 7 sept 26 buka aplikasi untuk liat update antrean beberapa kali error kmudian belum ada pemeriksaan dokter tapi terupdate sudah slesai pemeriksaan dokter perlu ditingkatkan sosialisasi ke faskes2 perubahan status hy apabila telah benar2 selesai,-0.5,Netral,MATCH,
531,Ridho Pirmansah,5,2026-09-07,so far so good,so far so good,2,Positif,MATCH,
532,Mutiara Hati,3,2026-09-07,"Ya Allah susah banget mau daftar, kode OTP dicoba berkali² gak dikirim²",ya allah sulit banget mau daftar kode otp dicoba berkali tidak dikirim,-2.5,Negatif,MATCH,
533,inidoc larissa,5,2026-09-07,"memudahkan, thanku🫰",memudahkan thanku,3,Positif,MATCH,
534,Anas Murtadho,5,2026-09-07,aplikasi kesehatan sangat membantu.,aplikasi kesehatan sangat membantu,3,Positif,MATCH,
535,Dharmawan,5,2026-09-07,Aplikasinya Mantap,aplikasinya mantap,3,Positif,MATCH,
536,Eka Shanty Apriliani,5,2026-09-07,kemaren sempet komen kritik skrg pengen sampein makasih dan semoga aplikasi ini terus memudahkan akses saya,kemaren sempet komen kritik sekarang pengen sampein makasih dan semoga aplikasi ini terus memudahkan akses saya,5,Positif,MATCH,
537,Rizqi Mubarok,5,2026-09-07,tiba2 ke logout sendiri login pake sandi/sidik jari tetap gabisa login padahal nik juga udah bener gatau apa masalahnya,tiba2 ke logout sendiri login pake sandi sidik jari tetap tidak bisa login padahal nik juga udah benar gatau apa masalahnya,0,Netral,MATCH,
538,Mhd Apriansyah,1,2026-09-07,"apk tolol,mau daftar aja susah banget verifikasi ,klo gak niat bikin apk mending gak usah",aplikasi tolol mau daftar aja sulit banget verifikasi klo tidak niat bikin aplikasi mending tidak usah,-2.5,Negatif,MATCH,
539,Asri Maharani,1,2026-09-07,"Mau registrasi aja gagal mulu, Payah.",mau registrasi aja gagal terus payah,-5.5,Negatif,MATCH,
540,Mulyadi Yadi,5,2026-09-07,jos,jos,0,Netral,MATCH,
541,Muhammad Hajib,1,2026-09-07,ruwettt,sulit,-2.5,Negatif,MATCH,
542,Yun Yun,3,2026-09-07,"tolong untuk batas login diberi tambahan, karena tidak semua warga desa bisa login sehingga 1 hp digunakan untuk membantu login lebih dari 1 NIK",tolong untuk batas login diberi tambahan karena tidak semua warga desa bisa login sehingga 1 hp digunakan untuk membantu login lebih dari 1 nik,3,Positif,MATCH,
543,Sity Masitoch,1,2026-09-07,"Masa iyaa, aplikasi level kek gini aja udah gak support instalasi, apalagi ini keluaran dari BUMN loh yaa!!! Device saya Redmi 5, seharusnya masih mumpuni untuk aplikasi kecil begini. Dievaluasi yaa kompatibilitas buat HP keluaran lama!! Ini kan tujuannya kesehatan sosial agar dapat diakses semua warga.",masa iyaa aplikasi level kek gini aja udah tidak support instalasi apalagi ini keluaran dari bumn loh yaa device saya redmi 5 seharusnya masih mumpuni untuk aplikasi kecil begini dievaluasi yaa kompatibilitas buat hp keluaran lama ini kan tujuannya kesehatan sosial agar dapat diakses semua warga,-2,Negatif,MATCH,
544,Drh Mailizar,5,2026-09-07,sangat baik,sangat baik,2,Positif,MATCH,
545,Nita Com,1,2026-09-07,Aplikasi yg sangat baik saya beri binatang 1,aplikasi yang sangat baik saya beri binatang 1,2,Positif,MISMATCH_LOW_RATING,Salah klik rating / Human error (Isi ulasan berupa pujian murni)
546,Ayakk Ls,1,2026-09-07,"mau registrasi di persulit. pake nomor A pulsa ngga cukup, padahal barusan di isi pulsa. pake nomor B katanya permintaan belum dapat di proses. tll bgt aplikasinya. mana verifikasi wajah susah banget, kamera nya Masha Allah ngga bisa tegak normal kaya aplikasi lain",mau registrasi di persulit pake nomor a pulsa tidak cukup padahal barusan di isi pulsa pake nomor b katanya permintaan belum dapat di proses tll banget aplikasinya mana verifikasi wajah sulit banget kamera nya masha allah tidak bisa tegak normal kaya aplikasi lain,-2.5,Negatif,MATCH,
547,Daffa Aqilla,1,2026-09-07,"aplikasi lucu kirim otp cuma bisa lewat via SMS,minimal bisa lewat wa juga lah,otp nya eror ga pernah dapet SMS,pas mau ganti nomor biar dapet otp baru malah nunggu 300detik apa2n ngerjain orang",aplikasi lucu kirim otp cuma bisa lewat via sms minimal bisa lewat wa juga lah otp nya error tidak pernah dapet sms pas mau ganti nomor biar dapet otp baru malah nunggu 300detik apa2n ngerjain orang,-2.5,Negatif,MATCH,
548,Iwan Cute,5,2026-09-07,baik,baik,2,Positif,MATCH,
549,syaf junaidi,5,2026-09-07,mantap,mantap,3,Positif,MATCH,
550,riski maolana,5,2026-09-07,👍,,0,Netral,MATCH,
551,mf r,1,2026-09-07,"mau daftar aja sulitnya setengah mati, pada waktu verif no telp, signal bagus katanya gada koneksi. aplikasi remek...",mau daftar aja sulitnya setengah mati pada waktu verif no telp signal bagus katanya tidak ada koneksi aplikasi remek,2,Positif,MISMATCH_LOW_RATING,Salah klik rating / Human error (Isi ulasan berupa pujian murni)
552,Suroto Wildan,5,2026-09-07,sangat membantu sekali,sangat membantu sekali,3,Positif,MATCH,
553,Pengguna Google,5,2026-09-07,Mantapp,mantapp,0,Netral,MATCH,
554,Yoyon Rere,1,2026-09-07,mau daftar verivikasi muka slalu gagal padahal sudah mengikuti petunjuk ruangan sudah terang .lalu sering terjadi gangguan teknis.. Tolong di permudah donk.orang mau daftar kesehatan jangan di persulit,mau daftar verivikasi muka slalu gagal padahal sudah mengikuti petunjuk ruangan sudah terang lalu sering terjadi gangguan teknis tolong di permudah donk orang mau daftar kesehatan jangan di persulit,-2.5,Negatif,MATCH,
555,moch nurfuad,1,2026-09-07,Josss,jos,0,Netral,MATCH,
556,Ike Yuani,4,2026-09-07,mudah aplikasi nya,mudah aplikasi nya,2.5,Positif,MATCH,
557,Ainun Nurholipah,2,2026-09-07,"tolong perbaikilah saya mau ambil no ini jdi kaya gini, tiba lougt sendiri, pas daftar, no susah masuk nya lgi susah nik udah no paswod bener tpi ttep ggk bisa bikin emosi taau, tolong perbaiki lh, saya juga bayar ini , TOLONH PERBAGIKI YA PAK KARNA SEMUA RATA RATA PAKE APLIKASI INI",tolong perbaikilah saya mau ambil no ini jdi kaya gini tiba lougt sendiri pas daftar no sulit masuk nya lgi sulit nik udah no paswod benar tpi ttep ggk bisa bikin emosi taau tolong perbaiki lh saya juga bayar ini tolonh perbagiki ya pak karena semua rata rata pake aplikasi ini,-3.5,Negatif,MATCH,
558,Muhammad Ilham Syahputra,5,2026-09-07,👍🏻👍🏻👍🏻👍🏻👍🏻👍🏻,,0,Netral,MATCH,
559,saepul mikdar,3,2026-09-07,"masih cacat, sinyal susah padahal wifi/data sampe 80mb/s , login susah hadeuh",masih cacat sinyal sulit padahal wifi data sampe 80mb s login sulit hadeuh,-5,Negatif,MATCH,
560,ali affandi,1,2026-09-07,jelek,buruk,-3,Negatif,MATCH,
561,Myqurus Jeleq,5,2026-09-07,mantap dan cepat,mantap dan cepat,5.5,Positif,MATCH,
562,Supri Ani,1,2026-09-07,bpjs sering kali keluar device onlin apalah orang berobat payah,bpjs sering kali keluar device onlin apalah orang berobat payah,-3,Negatif,MATCH,
563,Bunga Syahwanabila,3,2026-09-07,verifikasi foto kamera nya jelek miring miring,verifikasi foto kamera nya buruk miring miring,-3,Negatif,MATCH,
564,Dicky Perdana,5,2026-09-07,Supeerr,supeerr,0,Netral,MATCH,
565,Boby Putra,5,2026-09-07,banyak membatu berobat jadi mudah,banyak membatu berobat jadi mudah,2.5,Positif,MATCH,
566,Diky Wijayanto,1,2026-09-07,baru download gk bisa di buka,baru download tidak bisa di buka,0,Netral,MATCH,
567,M. Ardiansyah,1,2026-09-07,aplikasi sampah. mau ngubah data bayi baru lahir katanya bisa. dicoba tidak bisa. kerja apa sih kalian,aplikasi sampah mau ngubah data bayi baru lahir katanya bisa dicoba tidak bisa kerja apa sih kalian,-4,Negatif,MATCH,
568,Heri Yanto,5,2026-09-07,sangan membantu untuk yang memerlukan,sangan membantu untuk yang memerlukan,3,Positif,MATCH,
569,DIMAS RAGIL PRIAMBODHO,1,2026-09-07,app sampah,aplikasi sampah,-4,Negatif,MATCH,
570,Dedi Indonesia,1,2026-09-07,apk jelek,aplikasi buruk,-3,Negatif,MATCH,
571,Ardian Syah29,1,2026-09-07,aplikasinya slalu eror susah masuk kedalam antrian,aplikasinya slalu error sulit masuk kedalam antrean,-5,Negatif,MATCH,
572,Teguh Tri Kusuma Putra,1,2026-09-07,"Disuruh daftar antrian pakai aplikasi ini, eh aplikasinya sering error.",disuruh daftar antrean pakai aplikasi ini eh aplikasinya sering error,-2.5,Negatif,MATCH,
573,Muhammad jhalu Phawitra,1,2026-09-07,aplikasi cacat,aplikasi cacat,0,Netral,MATCH,
574,Yos Suryana,4,2026-09-07,masih sering error,masih sering error,-2.5,Negatif,MISMATCH_HIGH_RATING,"Rating bintang tinggi (4-5), namun isi ulasan memuat kritik/keluhan tajam"
575,puji wahyu,1,2026-09-07,"aplikasi jelek, optimalisasi kurang, tiba² logout sendiri sudah gitu mau login selalu gagal beberapa kali",aplikasi buruk optimalisasi kurang tiba logout sendiri sudah gitu mau login selalu gagal beberapa kali,-5.5,Negatif,MATCH,
576,Erma Mahendra,1,2026-09-07,sering error,sering error,-2.5,Negatif,MATCH,
577,Nur Ma,1,2026-09-07,"aplikasi jelek, loading lama, bug terus",aplikasi buruk loading lama bug terus,-7,Negatif,MATCH,
578,4nt 88,2,2026-09-07,apk masih sering eror,aplikasi masih sering error,-2.5,Negatif,MATCH,
579,Suerah Farhan,5,2026-09-07,bagus,bagus,2,Positif,MATCH,
580,Rio Sudrajat,1,2026-09-07,tolong di perbaiki. gak bisa login,tolong di perbaiki tidak bisa login,0,Netral,MATCH,
581,Tri Jul,1,2026-09-07,nomer tidak bisa di masukan,nomer tidak bisa di masukan,0,Netral,MATCH,
582,Saliman Saliman,1,2026-09-07,apk jelek,aplikasi buruk,-3,Negatif,MATCH,
583,andy afrian,1,2026-09-07,mau daftar online susah kali sikit2 pembaharuan aneh kali kutengok,mau daftar online sulit kali sikit2 pembaharuan aneh kali kutengok,-2.5,Negatif,MATCH,
584,Ari Anto Good,1,2026-09-07,"apk busuk, malah mempersulit orang sakit selalu gagal mengambil pendaftaran sekali nya ke rs, di tolak langsung di suruh pulang ambil antrian online bagai mana klo yang tinggal jauh..",aplikasi busuk malah mempersulit orang sakit selalu gagal mengambil pendaftaran sekali nya ke rs di tolak langsung di suruh pulang ambil antrean online bagai mana klo yang tinggal jauh,-4.5,Negatif,MATCH,
585,Jun Aidi,2,2026-09-07,cek BPJS tunggakan pembayaran berapa bulan saya sekarang,cek bpjs tunggakan pembayaran berapa bulan saya sekarang,0,Netral,MATCH,
586,Darma Wati,5,2026-09-07,jkn mobil bagus,jkn mobil bagus,2,Positif,MATCH,
587,KOSIM GINANJAR KASIPEMERINTAHAN,4,2026-09-07,ok,ok,1.5,Positif,MATCH,
588,Antonius Harijanto,1,2026-09-07,"Emang pada *BUDEG* anggota team IT nya. Begitu banyak keluhan dan kesulitan dari calon pasien dan pekerja medis untuk mengakses layanan lewat aplikasi ini, tapi kalian tidak respon atau perbaiki sistem nya. Aplikasi tidak bisa dibuka sama sekali. dan selalu eror. Tidak valid , saya berkali kali buka , tapi layar cuma hitam aja. Mungkin butuh update ? Ternyata di up date pun tetap layar hitam. Kalian ( bpjs ) kerja semau udel mu, tapi kami harus disiplin bayar dan disiplin ikuti prosedur",emang pada budeg anggota team it nya begitu banyak keluhan dan kesulitan dari calon pasien dan pekerja medis untuk mengakses layanan lewat aplikasi ini tapi kalian tidak respon atau perbaiki sistem nya aplikasi tidak bisa dibuka sama sekali dan selalu error tidak valid saya berkali kali buka tapi layar cuma hitam aja mungkin butuh update ternyata di up date pun tetap layar hitam kalian bpjs kerja semau udel mu tapi kami harus disiplin bayar dan disiplin ikuti prosedur,-2.5,Negatif,MATCH,
589,Nasrudin,1,2026-09-07,"aplikasi lambatt, kalo emng udah harus apa apa pake aplikasi jkn upgrade lahh aplikasi nya, aplikasi berak",aplikasi lambatt kalo emng udah harus apa apa pake aplikasi jkn upgrade lahh aplikasi nya aplikasi berak,0,Netral,MATCH,
590,MohFahim Craft,1,2026-09-07,aplikasi anjg,aplikasi anjg,0,Netral,MATCH,
591,Rugi Dikit,3,2026-09-07,"Daftar sulitnya minta ampun, giliran sudah bisa ga bisa masuk, alasannya NIK salah, captcha salah terus berulang, pdhl yg dimasukkin sdh benar",daftar sulitnya minta ampun giliran sudah bisa tidak bisa masuk alasannya nik salah captcha salah terus berulang pdhl yang dimasukkin sudah benar,0,Netral,MATCH,
592,Rafha Ii,1,2026-09-07,aplikasi dari pemerintah tapi ga jelas mau daftar susah keluar2 melulu. . kapan indonesia mau maju masyarakat aja di persulit,aplikasi dari pemerintah tapi tidak jelas mau daftar sulit keluar2 melulu kapan indonesia mau maju masyarakat aja di persulit,-3.85,Negatif,MATCH,
593,Arinn,1,2026-09-07,aplikasi bosok,aplikasi bosok,0,Netral,MATCH,
594,Aqil Candra Mukti,1,2026-09-07,"CAPTCHA LU BENERIN EGE, GAJE AMAT SALAH MULU",captcha lu perbaiki ege gaje amat salah terus,0,Netral,MATCH,
595,Faula Lumajang,5,2026-09-07,keren,keren,2.5,Positif,MATCH,
596,Aris Zaenn,1,2026-09-07,sering keluar dari akun sendiri registrasi juga sulit,sering keluar dari akun sendiri registrasi juga sulit,-2.5,Negatif,MATCH,
597,Erry Budi Hartanto,3,2026-09-07,kenapa setiap ada pembaruan ulang hrs menggunakan log ulang...udh gtu susah lgi,kenapa setiap ada pembaruan ulang hrs menggunakan login ulang sudah gtu sulit lgi,-2.5,Negatif,MATCH,
598,Aldianka Tsaqif H.,1,2026-09-07,gabisa daftar,tidak bisa daftar,0,Netral,MATCH,
599,David Maulana,1,2026-09-07,dana besar tpi aplikasi sering eror captca nya gakbisa dibaca masukin sesuai masih slah kata sandi kombinasinya sulit aplikasi elit tpi datanya bisa bocor,dana besar tpi aplikasi sering error captca nya tidak bisa dibaca masukin sesuai masih slah kata sandi kombinasinya sulit aplikasi elit tpi datanya bisa bocor,-5,Negatif,MATCH,
600,Ahmad Hamdani,2,2026-09-07,"aplikasinya jelek, buat daftar aja susahnya minta ampun, ga responsif, lemot juga",aplikasinya buruk buat daftar aja susahnya minta ampun tidak responsif lambat juga,-1.75,Negatif,MATCH,
601,bayu prasetyo,1,2026-09-07,Aplikasi tiba-tiba logout dan ketika masuk capta salah terus padahal sudah sesuai,aplikasi tiba-tiba logout dan ketika masuk capta salah terus padahal sudah sesuai,0,Netral,MATCH,
602,Muhammad Fitra,5,2026-09-07,"TOLONG BUAT DEVELOPER NYA DIPERBAIKI BUAT MEKANISME LOGIN DAN LOG OUT NYA. KENAPA KALAU PEMELIHARAAN HARUS KELUAR? DI APLIKASI LAIN TIDAK BEGITU, REPOT SEKALI KALAU HARUS LOGIN UKANG TERUS MENERUS. SAYA SENGAJA BINTANG 5 AGAR ADA DI ATAS DAN TOLONG DI PERBAIKI LAGI JANGAN CUMA TERIMA BERES SAJA!!",tolong buat developer nya diperbaiki buat mekanisme login dan login out nya kenapa kalau pemeliharaan harus keluar di aplikasi lain tidak begitu repot sekali kalau harus login ukang terus menerus saya sengaja bintang 5 agar ada di atas dan tolong di perbaiki lagi jangan cuma terima beres saja,0,Netral,MATCH,
603,Sinta Masitoh,1,2026-09-07,"boshok, suka logout2 sendiri.. gak efektif untuk org tua yg mau ambil antrean pake login dulu kadang gabisa, terpaksa daftar dari awal lagi.. pdhl niatnya pake apk biar cepet ambil no antrean. sama aja boong",boshok suka logout2 sendiri tidak efektif untuk org tua yang mau ambil antrean pake login dulu kadang tidak bisa terpaksa daftar dari awal lagi pdhl niatnya pake aplikasi biar cepet ambil no antrean sama aja boong,2,Positif,MISMATCH_LOW_RATING,Salah klik rating / Human error (Isi ulasan berupa pujian murni)
604,Yuslam Bakhomisah,1,2026-09-07,"aplikasinya tambah jelek, loginnya susah",aplikasinya tambah buruk loginnya sulit,-5.5,Negatif,MATCH,
605,Bloom flow,1,2026-09-07,"sering tiba-tiba ke logout sendiri, jaringan lancar dan bagus tapi masih sulit untuk mengakses aplikasinya.",sering tiba-tiba ke logout sendiri jaringan lancar dan bagus tapi masih sulit untuk mengakses aplikasinya,2,Positif,MISMATCH_LOW_RATING,Salah klik rating / Human error (Isi ulasan berupa pujian murni)
606,endangkurniawati niaa,1,2026-09-07,"aplikasi sampah, error terus jadi kesusahan proses kontrol",aplikasi sampah error terus jadi kesusahan proses kontrol,-6.5,Negatif,MATCH,
607,A setiawan,1,2026-09-07,aplikasi gak jelass gak bisa login kontolllll,aplikasi tidak jelass tidak bisa login kontol,0,Netral,MATCH,
608,Sandria Alex,1,2026-09-07,aplikasi apaan ini yang ada hanya mempersulit masyarakat,aplikasi apaan ini yang ada hanya mempersulit masyarakat,0,Netral,MATCH,
609,Nurul Fazira,1,2026-09-07,"sering log out sendiri padahal jaringan baik² aja, lgi ngantri tiba² log out nguji kesabaran sekali, niat nya mempermudah tpi malah jadi sulit",sering login out sendiri padahal jaringan baik aja lgi ngantri tiba login out nguji kesabaran sekali niat nya mempermudah tpi malah jadi sulit,-0.5,Netral,MATCH,
610,alfandy lompande,1,2026-09-07,"tolong aplikasinya diperbaiki lagi bukan cuma tagihan yang di tagih - tagih, banyak sekali bug di aplikasinya.",tolong aplikasinya diperbaiki lagi bukan cuma tagihan yang di tagih - tagih banyak sekali bug di aplikasinya,-2,Negatif,MATCH,
611,Dio Reka,1,2026-09-07,Tiba2 logout sendiri trs gak bisa login.. aplikasi lu sampah,tiba2 logout sendiri terus tidak bisa login aplikasi lu sampah,-4,Negatif,MATCH,
612,Pharick Mojosari,2,2026-09-07,jadi sering error gini,jadi sering error gini,-2.5,Negatif,MATCH,
613,Rizky Ridwanudin,1,2026-09-07,"suka error tiba tiba keluar dan susah masuk, asu",suka error tiba tiba keluar dan sulit masuk asu,-3,Negatif,MATCH,
614,Ajay Kopaja,1,2026-09-07,"APLIKASI GA JELAS BANGET !!! MASA KELUAR APLIKASI,MAU MASUK GA BISA2 MASUK,,, MALAH SURUH DAFTAR ULANG KARNA GA TERDAFTAR,,, PAS DAFTAR,MALAH GA BISA2,,, SUMPAH APLIKASI ANEH,,, SARAN,HARUS ORANG PINTER YANG KOLOLA ORANG AITIE APLIKASI YA ... INDO2",aplikasi tidak jelas banget masa keluar aplikasi mau masuk tidak bisa2 masuk malah suruh daftar ulang karena tidak terdaftar pas daftar malah tidak bisa2 sumpah aplikasi aneh saran harus orang pinter yang kolola orang aitie aplikasi ya indo2,-1.35,Negatif,MATCH,
615,Meme Comik,1,2026-09-07,"ini gimana logout sendiri, terus loading kenapa sih ini aplikasi, ribet",ini gimana logout sendiri terus loading kenapa sih ini aplikasi rumit,-2,Negatif,MATCH,
616,Hanif 234,1,2026-09-07,"makin parah aja ini, selalu keluar sendiri dan loging ulang. aplikasi lemot susah untuk daftar berobat",makin buruk aja ini selalu keluar sendiri dan loging ulang aplikasi lambat sulit untuk daftar berobat,-11,Negatif,MATCH,
617,Teguh ce2p,1,2026-09-07,"apk Taik masa captcha salah mulu ajg,, perbaikilagi kalau nggk gausah kasih captcha lagi,, masukin bener masa salah mulu , bikinemosi aja mau login doang dipersulit",aplikasi taik masa captcha salah terus ajg perbaikilagi kalau nggk gausah kasih captcha lagi masukin benar masa salah terus bikinemosi aja mau login doang dipersulit,-3.5,Negatif,MATCH,
618,Siti Zulaikha,1,2026-09-07,lelet banget aplikasi nya,lambat banget aplikasi nya,-2.5,Negatif,MATCH,
619,Jarr ID,1,2026-09-07,"Tim IT JKN gimana ini tolong saya sudah sampak rumah sakit, Di suruh cek antrian malah error APK udh gtu mana gak bisa di ss",tim it jkn gimana ini tolong saya sudah sampak rumah sakit di suruh cek antrean malah error aplikasi sudah gtu mana tidak bisa di ss,-2.5,Negatif,MATCH,
620,Nina Slamet,1,2026-09-07,ga bisa login dasar apk ga guna nik sama pass nya udh bener ttp ajja mlh mohon maaf login lagi taik,tidak bisa login dasar aplikasi tidak guna nik sama pass nya sudah benar ttp ajja mlh mohon maaf login lagi taik,0,Netral,MATCH,
621,kentein constantain,1,2026-09-07,"SESI PENDEK GA JELAS HARUS LOGIN TERUS, LALU APLIKASINYA KEBANYAKAN NGELOAD TERUS",sesi pendek tidak jelas harus login terus lalu aplikasinya kebanyakan ngeload terus,-1.35,Negatif,MATCH,
622,Rey Guntur,1,2026-09-07,"tolong diperbaiki aplikasinya saya mau kontrol dan ambil nomor antrean, malah force close. dan ketika login kembali, entah sistem kalian yang error atau memang disengaja, captcha nya belasan kali salah. Mohon jangan mempersulit, kami mengkritik untuk membenahi sistem kalian dan kami berhak memakai apk tersebut.",tolong diperbaiki aplikasinya saya mau kontrol dan ambil nomor antrean malah force close dan ketika login kembali entah sistem kalian yang error atau memang disengaja captcha nya belasan kali salah mohon jangan mempersulit kami mengkritik untuk membenahi sistem kalian dan kami berhak memakai aplikasi tersebut,-5.5,Negatif,MATCH,
623,Noel Jr,1,2026-09-07,"lambat, setiap kali dibutuhkan selalu logout, server nya buruk, banyak bug, selalu captca salah",lambat setiap kali dibutuhkan selalu logout server nya buruk banyak bug selalu captca salah,-7.5,Negatif,MATCH,
624,Sukma,4,2026-09-07,"aplikasi bagus, tp sering minta daftar ulang, capchanya sering bermasalah angka sdh sesuai tp msh bilang salah",aplikasi bagus tapi sering minta daftar ulang capchanya sering bermasalah angka sudah sesuai tapi msh bilang salah,2,Positif,MATCH,
625,SAMSUL KRISDIARSAH,4,2026-09-07,agar lemot dan susah log in untuk kecepatan,agar lambat dan sulit login in untuk kecepatan,-5,Negatif,MISMATCH_HIGH_RATING,"Rating bintang tinggi (4-5), namun isi ulasan memuat kritik/keluhan tajam"
626,Mahmud Al Basir,1,2026-09-07,mengapa sekarang login susah sekali ya ada apa sebenarnya mobile jkn,mengapa sekarang login sulit sekali ya ada apa sebenarnya mobile jkn,-2.5,Negatif,MATCH,
627,Rifaldi Oc,1,2026-09-07,aneh banget awal daftat bpjs padahal pbi dan ga pernah d pake tiba tiba suruh bayar tunggakan 580k ga jelas banget,aneh banget awal daftat bpjs padahal pbi dan tidak pernah d pake tiba tiba suruh bayar tunggakan 580k tidak jelas banget,-1.35,Negatif,MATCH,
628,Neni Nurendah,1,2026-09-07,"Ya alloh kenapa sesuatu yang berhubungan dengan pemerintah harus bener"" menguji kesabaran,, aplikasi tolong lancar",ya alloh kenapa sesuatu yang berhubungan dengan pemerintah harus benar menguji kesabaran aplikasi tolong lancar,2.5,Positif,MISMATCH_LOW_RATING,Salah klik rating / Human error (Isi ulasan berupa pujian murni)
629,Ghafi,5,2026-09-07,sangat memuaskan,sangat memuaskan,0,Netral,MATCH,
630,Faisal Pratama,1,2026-09-07,sistem buruk,sistem buruk,-3,Negatif,MATCH,
631,Bagus Hermanto,1,2026-09-07,"lama2 aplikasi gk guna suka log out sndri,tolong perbaiki,,, apa karena aplikasi buat org gk mampu jd di persulit,,,, masa mau log in ajh susah.",lama2 aplikasi tidak guna suka login out sndri tolong perbaiki apa karena aplikasi buat org tidak mampu jd di persulit masa mau login in ajh sulit,-4.3,Negatif,MATCH,
632,Ayif Rifai,1,2026-09-07,gausah pake chapta chaptaan anjer bikin susah aja,gausah pake chapta chaptaan anjer bikin sulit aja,-2.5,Negatif,MATCH,
633,my_ uthu,1,2026-09-07,aplikasi gk jelas... susah login nya,aplikasi tidak jelas sulit login nya,-3.85,Negatif,MATCH,
634,mario erlangga,1,2026-09-07,giliran mau di pake susah kali kebnyakan update ni aplikasi,giliran mau di pake sulit kali kebnyakan update ni aplikasi,-2.5,Negatif,MATCH,
635,riyon lutfi,1,2026-09-07,"banyak bug, logout sendiri, nggak bisa login",banyak bug logout sendiri tidak bisa login,-2,Negatif,MATCH,
636,Mery Meliyana,1,2026-09-07,dengan adanya aplikasi sebenarnya dapat mempermudah masyarakat untuk mendaftar atau mengajukan surat rujukan online tanpa antri menggunakan bpjs. tetapi mohon maaf ini aplikasi lama puol bikin kesabaran terkuras tolong segera di perbarui agar tdk loading terlalu lama apakagi disaat urgent . terimakasih 🙏🏻,dengan adanya aplikasi sebenarnya dapat mempermudah masyarakat untuk mendaftar atau mengajukan surat rujukan online tanpa antri menggunakan bpjs tetapi mohon maaf ini aplikasi lama puol bikin kesabaran terkuras tolong segera di perbarui agar tidak loading terlalu lama apakagi disaat urgent terimakasih,-4,Negatif,MATCH,
637,Selviana Krisnanto,1,2026-09-07,"mudah eror, sering logout sendiri, mau login susah banget, tolong di perbaiki aplikasi nya, udah antri panjang tau2 eror aplikasi nya",mudah error sering logout sendiri mau login sulit banget tolong di perbaiki aplikasi nya udah antri panjang tau2 error aplikasi nya,-5,Negatif,MATCH,
638,Akbar Saeful,1,2026-09-07,bikin sulit aja login gagal terusan verifikasi gagal terus login ulang kg bisa,bikin sulit aja login gagal terusan verifikasi gagal terus login ulang kg bisa,-7.5,Negatif,MATCH,
639,yulianto,2,2026-09-07,sangat mengecewakan untuk masuk aplikasi saja sangat sulit dan harus berkali-kali.setelah bisa masuk mau ambil antrian saja sampai 3x baru muncul tulisan semuanya,sangat mengecewakan untuk masuk aplikasi saja sangat sulit dan harus berkali-kali setelah bisa masuk mau ambil antrean saja sampai 3x baru muncul tulisan semuanya,-2.5,Negatif,MATCH,
640,Jurist Titan Prayoga,1,2026-09-07,aplikasi sering eror login juga sering gabisa,aplikasi sering error login juga sering tidak bisa,-2.5,Negatif,MATCH,
641,Ononiha Tola,1,2026-09-07,"Aplikasi suka keluar, terus kita masukan udah benar capca ya katanya salah, Buruk betul ini aplikasi, kita pakai wfi masa ea aplikasi anda offline",aplikasi suka keluar terus kita masukan udah benar capca ya katanya salah buruk betul ini aplikasi kita pakai wfi masa ea aplikasi anda offline,-1,Negatif,MATCH,
642,Hendra Setiawan29,3,2026-09-07,"tolong kadang² eror mau daftar gak bisa masalah jaringan padahal hp normal, paketan banyak tiba² ada masalah jaringan tolong di perbaiki lagi device nya",tolong kadang error mau daftar tidak bisa masalah jaringan padahal hp normal paketan banyak tiba ada masalah jaringan tolong di perbaiki lagi device nya,-2.5,Negatif,MATCH,
643,Kang Yadi,1,2026-09-07,"ruwet...ruwet....sangat cocok buat orang gabut,gak ada kerjaan,pengangguran,klo orang sibuk mah,bikin gedek",sulit sulit sangat cocok buat orang gabut tidak ada kerjaan pengangguran klo orang sibuk mah bikin gedek,-5,Negatif,MATCH,
644,Bagas AL Kinantaka,1,2026-09-07,"pelayanan buruk saat mau masuk selalu gagal dengan alasan salah password begitu saja terus, padahal password yang di masukkan sudah benar dan kalau mau antri di klinik selalu di tanya keluhan apa pada saat di pendaftaran, padahal di jkn mobile sudah mengisi keluhannya apa seharusnya sudah tahu kenapa harus tanya lagi.",pelayanan buruk saat mau masuk selalu gagal dengan alasan salah password begitu saja terus padahal password yang di masukkan sudah benar dan kalau mau antri di klinik selalu di tanya keluhan apa pada saat di pendaftaran padahal di jkn mobile sudah mengisi keluhannya apa seharusnya sudah tahu kenapa harus tanya lagi,-5.5,Negatif,MATCH,
645,chrisna wardoyo,1,2026-09-07,aplikasi jaringannya Eror sangat menguji kesabaran semua sudah dimasukkan dengan benar masih aja salah.,aplikasi jaringannya error sangat menguji kesabaran semua sudah dimasukkan dengan benar masih aja salah,-2.5,Negatif,MATCH,
646,A01_ Talitha Aisy,1,2026-09-07,"tolong dong dibenerin app nya, masa tiba2 keluar sendiri terus. mana pas log ini nik, password, sm captcha nya salah mulu pdhl udh bener. mau nge cek nomor antrian jdi gk bisa huft",tolong dong dibenerin aplikasi nya masa tiba2 keluar sendiri terus mana pas login ini nik password sm captcha nya salah terus pdhl sudah benar mau nge cek nomor antrean jdi tidak bisa huft,-3,Negatif,MATCH,
647,Emmc Belum,1,2026-09-07,saya sudah slalu Makai aplikasi ini ...tp HR ini saya mau pakai kok hrs daftar lg ...masuk sdh semua komplit masih salah aja ...gmn ni,saya sudah slalu makai aplikasi ini tapi hr ini saya mau pakai kok hrs daftar lg masuk sudah semua komplit masih salah aja gmn ni,0,Netral,MATCH,
648,Muhammad Gunawan Triyan Efendi,1,2026-09-07,apk bodoh gak bisa di pakai lelet hapus aja,aplikasi bodoh tidak bisa di pakai lambat hapus aja,-2.5,Negatif,MATCH,
649,Muhammad Fauzan,1,2026-09-07,"jelek banget sumpah, tiba tiba log out sendiri, mana ga bisa masuk lagi",buruk banget sumpah tiba tiba login out sendiri mana tidak bisa masuk lagi,-3,Negatif,MATCH,
650,Novi Andriani,1,2026-09-07,apk apaan ini mau log in aja susah banget. mau berobat aja kok d persulit,aplikasi apaan ini mau login in aja sulit banget mau berobat aja kok d persulit,-2.5,Negatif,MATCH,
651,Dimas Randi,1,2026-09-07,"kata nya wajib daftar via online lewat apk ini.masa tiap buka harus login daftar,itu juga harus bayar biaya SMS udh mah BPJS juga bayar.semua bayar....giliran daftar ribet nya minta ampun,harus ini lah itulah,giliran potongan BPJS lsg potong aja tanpa permisi. pecat""n ajalah pegawai BPJS nya.masa apk dr negara kalah sama ML",kata nya wajib daftar via online lewat aplikasi ini masa tiap buka harus login daftar itu juga harus bayar biaya sms sudah mah bpjs juga bayar semua bayar giliran daftar rumit nya minta ampun harus ini lah itulah giliran potongan bpjs lsg potong aja tanpa permisi pecat n ajalah pegawai bpjs nya masa aplikasi dr negara kalah sama ml,-2,Negatif,MATCH,
652,Oqiquis,1,2026-09-07,"aplikasi tolol bodoh malah nyusahin setiap mau ambil antrian lag gak bisa di buka trus,tolol tolol diperbaiki bisa gk sih tolol",aplikasi tolol bodoh malah nyusahin setiap mau ambil antrean lag tidak bisa di buka terus tolol tolol diperbaiki bisa tidak sih tolol,0,Netral,MATCH,
653,Nadzar Kharisma,1,2026-09-07,bayar tagihan tiap bulan rutin mau coba periksa ambil antrean kok offline. koneksi internet lancar cepat padahal. cepat perbaiki aplikasinya,bayar tagihan tiap bulan rutin mau coba periksa ambil antrean kok offline koneksi internet lancar cepat padahal cepat perbaiki aplikasinya,7.5,Positif,MISMATCH_LOW_RATING,Salah klik rating / Human error (Isi ulasan berupa pujian murni)
654,CHERY CATSHOP DAN CAT CLINIC,1,2026-09-07,susah login koneksi terputus lah ini itu lah,sulit login koneksi terputus lah ini itu lah,-2.5,Negatif,MATCH,
655,Agus Rudy,1,2026-09-07,"daftar susah, login susah, koneksi error mulu, kode verif kaga ada mulu, mau berobat keburu meninggal kalo gini mulu. tolong perhatiin lagi, tolong perbaiki lagi, bukannya membantu malah menghambat proses berobat.",daftar sulit login sulit koneksi error terus kode verif kaga ada terus mau berobat keburu meninggal kalo gini terus tolong perhatiin lagi tolong perbaiki lagi bukannya membantu malah menghambat proses berobat,-4.5,Negatif,MATCH,
656,Intan Putri,1,2026-09-07,"sebenernya ga susah cuman sering keluar sendiri tiba tiba, trus pas mau masuk lagi susah, sering bngt gangguan",sebenernya tidak sulit cuman sering keluar sendiri tiba tiba terus pas mau masuk lagi sulit sering bngt gangguan,-4.25,Negatif,MATCH,
657,Danang Puji,1,2026-09-07,kalo buat aplikasi yg niat,kalo buat aplikasi yang niat,0,Netral,MATCH,
658,Wili Ramadhani,1,2026-09-07,"yaaa seperti biasa lah kualitas aplikasi buatan pemerintah sangat"" tidak layak, padahal fungsinya sangat efektif sekali tapi ya sekali lagi aplikasi buatan pemerintah kualitasnya sangat tidak bagus, korupsi anggaran Mulu sih",ya seperti biasa lah kualitas aplikasi buatan pemerintah sangat tidak layak padahal fungsinya sangat efektif sekali tapi ya sekali lagi aplikasi buatan pemerintah kualitasnya sangat tidak bagus korupsi anggaran terus sih,-1.8,Negatif,MATCH,
659,Irfan Ghifari Arfananda,1,2026-09-07,Aplikasi Busuk,aplikasi busuk,0,Netral,MATCH,
660,Akunmoba,1,2026-09-07,aplikasi sampah developer tolol,aplikasi sampah developer tolol,-4,Negatif,MATCH,
661,Afheed peepeace013,3,2026-09-07,"tolong gangguannya ditindak lanjuti,mau brobat daftar d aplikasi ga bisa masuk",tolong gangguannya ditindak lanjuti mau brobat daftar d aplikasi tidak bisa masuk,0,Netral,MATCH,
662,Pramudya Kamal Prasetyo,2,2026-09-07,"kenapa ini saya tidak bisa mengambil antrian ""permintaan belum dapat di proses"" setelah itu tiba tiba ada notifikasi login di device lain padahal ga ada yang buka selain saya saat ingin login ulang muncul ""permintaan belum dapat di proses"" gimana ya orang rumah sakit tapi apk ga bisa di pakai dengan benar",kenapa ini saya tidak bisa mengambil antrean permintaan belum dapat di proses setelah itu tiba tiba ada notifikasi login di device lain padahal tidak ada yang buka selain saya saat ingin login ulang muncul permintaan belum dapat di proses gimana ya orang rumah sakit tapi aplikasi tidak bisa di pakai dengan benar,0,Netral,MATCH,
663,Wahyu mc,1,2026-09-07,aplikasi busuk bukanya mempercepat malah bikin lama kadang gak bisa log in kadang gak bisa nagmbil antrean gak guna nih aplikasi,aplikasi busuk bukanya mempercepat malah bikin lama kadang tidak bisa login in kadang tidak bisa nagmbil antrean tidak guna nih aplikasi,-2,Negatif,MATCH,
664,Saripah Comel,1,2026-09-07,tolong di perbaiki lagi soal logout Mulu keluar pasau berobat nyah terus sama jaringan kurang setabil padahal jaringan full tolong donk di perbaiki lagi yah,tolong di perbaiki lagi soal logout terus keluar pasau berobat nyah terus sama jaringan kurang setabil padahal jaringan full tolong donk di perbaiki lagi yah,0,Netral,MATCH,
665,lemele,3,2026-09-07,signal bagus tapi aplikasi loading mulu,signal bagus tapi aplikasi loading terus,2,Positif,MATCH,
666,Mi You,1,2026-09-07,"halo tolong ini error mulu, hadeh...",halo tolong ini error terus hadeh,-2.5,Negatif,MATCH,
667,devian bagja,2,2026-09-07,susah log in trss,sulit login in trss,-2.5,Negatif,MATCH,
668,CU83X G 414 NK,1,2026-09-07,aplikasi nyusahin rakyat.. sering eror.. kayak yg bikin,aplikasi nyusahin rakyat sering error kayak yang bikin,-2.5,Negatif,MATCH,
669,Erna Ariyana,1,2026-09-07,apl tidak bgt membantu... mau masuk aja setengah abad,apl tidak banget membantu mau masuk aja setengah abad,3,Positif,MISMATCH_LOW_RATING,Salah klik rating / Human error (Isi ulasan berupa pujian murni)
670,Muhammad Galan,1,2026-09-07,parah habis update tulisan nya offline trs,buruk habis update tulisan nya offline terus,-3,Negatif,MATCH,
671,Xavier Harrison,1,2026-09-07,"Anak sakit, sudah ke dokter diminta buat antrean online, tapi buat login susah, gagal terus. apa manfaatnya ini aplikasi dan aturan ini ?. ini aplikasi dibutuhkan buat orang sakit, butuh penanganan cepat. plat merah emang seringnya gak berguna banget, bayarnya saja yang harus segera... harus segera. tapi layanan isinya hanya SILAHKAN COBA LAGI... BASSIIIIII",anak sakit sudah ke dokter diminta buat antrean online tapi buat login sulit gagal terus apa manfaatnya ini aplikasi dan aturan ini ini aplikasi dibutuhkan buat orang sakit butuh penanganan cepat plat merah emang seringnya tidak berguna banget bayarnya saja yang harus segera harus segera tapi layanan isinya hanya silahkan coba lagi bassi,-2.5,Negatif,MATCH,
672,Endah Fitriyastuti,1,2026-09-07,"sering error, dan server sering dow sehingga menyulitkan saat check in",sering error dan server sering dow sehingga menyulitkan saat check in,-2.5,Negatif,MATCH,
673,Tini Kartika,5,2026-09-07,setiap mau kontrol kerumah sakit yg di tuju pasti sistemnya eror,setiap mau kontrol kerumah sakit yang di tuju pasti sistemnya error,-2.5,Negatif,MISMATCH_HIGH_RATING,"Rating bintang tinggi (4-5), namun isi ulasan memuat kritik/keluhan tajam"
674,Hitam Hitam,1,2026-09-07,mau berobat dibuat susah,mau berobat dibuat sulit,-2.5,Negatif,MATCH,
675,Wiji Astutik,1,2026-09-07,trobuble cokkkk,trobuble cok,0,Netral,MATCH,
676,Rahadian Aga,1,2026-09-07,apk tolol,aplikasi tolol,0,Netral,MATCH,
677,Micharl Moses,1,2026-09-07,lemot bed apk pemerintah,lambat bed aplikasi pemerintah,-2.5,Negatif,MATCH,
678,Achmat Faisal,1,2026-09-07,ini saya mau ambil antrian susah bukan main selalu offline trs pas mau masuk......,ini saya mau ambil antrean sulit bukan main selalu offline terus pas mau masuk,-2.5,Negatif,MATCH,
679,Beni Kurniawan,1,2026-09-07,"aplikasi nya ngk bagus. sering eror, keluar sendiri, pas mau masuk ambil antrian ngk bisa2 masuk lagi. padahal urgent mau ambil antrian. tunggu brp jam lagi klw mau login lagi. padahal jaringan bagus, paket kuota bnyak, tapi di coba berulang kali ngk mau2. sejak dulu lagi masa ngk ada perbaikan sistem. ini aplikasi nasional loh utk penggunaan nasional. tapi sering eror. daftar manual di faskes ngk bisa lagi disuruh pakai aplikasi, tapi aplikasinya kek gini. tolong lah di update sistem nya.",aplikasi nya ngk bagus sering error keluar sendiri pas mau masuk ambil antrean ngk bisa2 masuk lagi padahal urgent mau ambil antrean tunggu brp jam lagi klw mau login lagi padahal jaringan bagus paket kuota bnyak tapi di coba berulang kali ngk mau2 sejak dulu lagi masa ngk ada perbaikan sistem ini aplikasi nasional loh untuk penggunaan nasional tapi sering error daftar manual di faskes ngk bisa lagi disuruh pakai aplikasi tapi aplikasinya kek gini tolong lah di update sistem nya,-4,Negatif,MATCH,
680,Muh Arya,1,2026-09-07,aplikasi gblokk,aplikasi gblokk,0,Netral,MATCH,
681,Enggar Gusmantoro,1,2026-09-07,"BPJS monyet,udah mau cek antrian udah sampe klinik malah gak bisa jalan,malah logut sendiri babi,giliran login masuk malah muter muter aja chatpa asu",bpjs monyet udah mau cek antrean udah sampe klinik malah tidak bisa jalan malah logut sendiri babi giliran login masuk malah muter muter aja chatpa asu,0,Netral,MATCH,
682,abi ajwad,2,2026-09-07,"capchanya selalu salah..bikin simole aja kenapa sih.. tiap bulan ke logout, oas kogin selalu capcha salah berulang dan g muncul2 capchanya",capchanya selalu salah bikin simole aja kenapa sih tiap bulan ke logout oas kogin selalu capcha salah berulang dan g muncul2 capchanya,0,Netral,MATCH,
683,Mas Rohimin,1,2026-09-07,aplikasi taiiii🤬🤬🤬,aplikasi tai,0,Netral,MATCH,
684,Deni Iskandar,1,2026-09-07,ga jelas memang aplikasi pemerintah,tidak jelas memang aplikasi pemerintah,-1.35,Negatif,MATCH,
685,Cecep Aquarius,2,2026-09-07,2 Minggu gngguan ? nggak bisa login,2 minggu gngguan tidak bisa login,0,Netral,MATCH,
686,Okky Sirojudin,1,2026-09-07,"aplikasinya bagus. tapi ko tiba tiba logout sendiri, dan susah loginnya kembali.. apa ada pengaruhnya kemaren pindah rujukan kebpjs?",aplikasinya bagus tapi ko tiba tiba logout sendiri dan sulit loginnya kembali apa ada pengaruhnya kemaren pindah rujukan kebpjs,-0.5,Netral,MATCH,
687,Farid Fadil taaa,1,2026-09-07,"ga jelas tiba2 akun aku di kluarin lgi mendadak bnget padahal tadi bisa,trs mau cek lagi malah di kluarin trs ga msuk2 lagi,trs pas login permintaan ada tidak di proses jadi gimana ini ke bangetan jkn ini",tidak jelas tiba2 akun aku di kluarin lgi mendadak bnget padahal tadi bisa terus mau cek lagi malah di kluarin terus tidak msuk2 lagi terus pas login permintaan ada tidak di proses jadi gimana ini ke bangetan jkn ini,-1.35,Negatif,MATCH,
688,Angga Cirebon,1,2026-09-07,"Setiap update pasti login ulang mending captca nya ga muter terus udha login harus ngisi captca lagi, padahal jaringan bagus , mana butuh lagi mau buat ngeprin kartunya anjir lah Berbaikin sekarang ayo lah kepepet pisan ,aplikasi sampah",setiap update pasti login ulang mending captca nya tidak muter terus udha login harus ngisi captca lagi padahal jaringan bagus mana butuh lagi mau buat ngeprin kartunya anjir lah berbaikin sekarang ayo lah kepepet pisan aplikasi sampah,-2,Negatif,MATCH,
689,Yadi Haryadi,1,2026-09-07,Bagian di butuhin malah error bikin susah aj silahkan cek Ke RS PMI Bogor kalau di kira gw hoax,bagian di butuhin malah error bikin sulit aj silahkan cek ke rs pmi bogor kalau di kira gw hoax,-5,Negatif,MATCH,
690,Silvia Maulana,1,2026-09-07,ga bisa login. offline terus,tidak bisa login offline terus,0,Netral,MATCH,
691,Agung Purwanto,1,2026-09-07,aplikasi tolol korup ngelag bgt,aplikasi tolol korup ngelag banget,0,Netral,MATCH,
692,Raffa Alif,1,2026-09-07,giliran dibutuhin urgent banget aplikasi gak bisa di buka loading Mulu bikin kesel,giliran dibutuhin urgent banget aplikasi tidak bisa di buka loading terus bikin kesel,0,Netral,MATCH,
693,Ilham Irhamni,1,2026-09-07,"aplikasinya sudah bagus, tetapi terkadang pada saat banyak pengguna di hari sama tiba-tiba logout sendiri dan sangat lemot meskipun jaringan wifi atau data seluler bagus, mohon di tingkatkan lagi servernya agar tidak terjadi masalah serupa, juga untuk pengurusan penggantian data seperti nomor HP juga sulit, sangat berbelit-belit, aplikasi seperti M-banking saja lebih bagus, mohon agar aplikasi ini bisa meniru sistem di M-banking",aplikasinya sudah bagus tetapi terkadang pada saat banyak pengguna di hari sama tiba-tiba logout sendiri dan sangat lambat meskipun jaringan wifi atau data seluler bagus mohon di tingkatkan lagi servernya agar tidak terjadi masalah serupa juga untuk pengurusan penggantian data seperti nomor hp juga sulit sangat berbelit-belit aplikasi seperti m-banking saja lebih bagus mohon agar aplikasi ini bisa meniru sistem di m-banking,1,Positif,MISMATCH_LOW_RATING,Salah klik rating / Human error (Isi ulasan berupa pujian murni)
694,Andreani Malasari,3,2026-09-07,"Sering banget error offline, jadi mau dftr berobt suka susah, tolong perbaiki lagi sistem'y jangan sering offline",sering banget error offline jadi mau daftar berobt suka sulit tolong perbaiki lagi sistem y jangan sering offline,-3,Negatif,MATCH,
695,hendra Setiawan,1,2026-09-07,bufring trus . gua mau brobat nih susah bener cuman mau masuk aplikasi jg jir dah wifi . dah jaringan sendiri .. aplikasi butut,bufring terus gua mau brobat nih sulit benar cuman mau masuk aplikasi jg jir dah wifi dah jaringan sendiri aplikasi butut,-2.5,Negatif,MATCH,
696,Yaumil Akbar,3,2026-09-07,sering bermasalah,sering bermasalah,0,Netral,MATCH,
697,Nafisatul Maola,1,2026-09-07,"aplikasi aneh, org kuota masi full dibilang jaringannya gada, tolong dibenahi",aplikasi aneh org kuota masi full dibilang jaringannya tidak ada tolong dibenahi,0,Netral,MATCH,
698,Jamal Passmi,1,2026-09-07,"sering lag,akses masuk timeout terus",sering lag akses masuk timeout terus,0,Netral,MATCH,
699,adam syamba,1,2026-09-07,"Kenapa ya setiap apk or pkoknya yg berhubungan sama pemerintah pasti pd kacau semua, ini apk blo0n bener mau ganti no hp aja ribet, udh ikutin notifnya/perintahnya harus lewat bot di WA..Eh bot nya juga blo0n.. Ini Bpjs gk GRATIS ya tapii Cacatt. Mngkannya wajar bnyak yg kesel sama PNS/BUMN, ngarep gaji doang kerja kaga becuss. Ganti vendor aja ini yg develop, apk bugs mulu. ini apk buatan sendiri atau by vendor sih ? kacauu kacauuu",kenapa ya setiap aplikasi or pkoknya yang berhubungan sama pemerintah pasti pd kacau semua ini aplikasi blo0n benar mau ganti no hp aja rumit sudah ikutin notifnya perintahnya harus lewat bot di wa eh bot nya juga blo0n ini bpjs tidak gratis ya tapii cacatt mngkannya wajar bnyak yang kesel sama pns bumn ngarep gaji doang kerja kaga becuss ganti vendor aja ini yang develop aplikasi bugs terus ini aplikasi buatan sendiri atau by vendor sih kacauu kacau,-2,Negatif,MATCH,
700,Guntara Putra,1,2026-09-07,"aplikasi nyusahin, pas mau ambil antrian selalu offline padahal wifi sama data udah bagus tapi tetep aja gabisa, semoga cepat di perbaiki, tapi gamungkin di perbaiki pejabat Indonesia gada yang peduli rakyat",aplikasi nyusahin pas mau ambil antrean selalu offline padahal wifi sama data udah bagus tapi tetep aja tidak bisa semoga cepat di perbaiki tapi gamungkin di perbaiki pejabat indonesia tidak ada yang peduli rakyat,4.5,Positif,MISMATCH_LOW_RATING,Salah klik rating / Human error (Isi ulasan berupa pujian murni)
701,uci alfahmi,1,2026-09-07,"mohon maaf ya saya kritik, aplikasi ini kebanyakan bug, terkadang logout sendiri, kadang g bisa di akses, ada note maintenance segala, ini aplikasi terhitung sudah lama dimasyarakat, g kayak sekelas aplikasi lain, padahal rakyat bayar tiap bulan",mohon maaf ya saya kritik aplikasi ini kebanyakan bug terkadang logout sendiri kadang g bisa di akses ada note maintenance segala ini aplikasi terhitung sudah lama dimasyarakat g kayak sekelas aplikasi lain padahal rakyat bayar tiap bulan,-4,Negatif,MATCH,
702,Iwan Sujana,2,2026-09-07,aplikasi penguji kesabaran,aplikasi penguji kesabaran,0,Netral,MATCH,
703,Asep Saepudin,1,2026-09-07,TAU KAN KENAPA DIKASIH BINTANG 1 ? LEBIH GAMPANG BIKIN 1000 CANDI KETIMBANG MASUK AKUN APLIKASI INI DIH,tau kan kenapa dikasih bintang 1 lebih gampang bikin 10 candi ketimbang masuk akun aplikasi ini dih,0,Netral,MATCH,
704,Omm Shaufy,1,2026-09-07,"error ni apk , padahal sudah daftar , pas masuk ruangan malah error",error ni aplikasi padahal sudah daftar pas masuk ruangan malah error,-5,Negatif,MATCH,
705,Dewi,1,2026-09-07,aplikasi error terus pas mau hadir kontrol,aplikasi error terus pas mau hadir kontrol,-2.5,Negatif,MATCH,
706,Agus Tian,1,2026-09-07,Aplikasi BOBROK...cuma muter2 dibilang nggak ada akses internet,aplikasi bobrok cuma muter2 dibilang tidak ada akses internet,0,Netral,MATCH,
707,Ilham Zakaria,1,2026-09-07,jelek banget aplikasinya masa kadang kadang eror dengan alasan offline pdhal sinyal saya buat buka semua aplikasi bahkan M-Banking BCA lancar aja,buruk banget aplikasinya masa kadang kadang error dengan alasan offline pdhal sinyal saya buat buka semua aplikasi bahkan m-banking bca lancar aja,-3,Negatif,MATCH,
708,M. Dzaki Ibrahim,1,2026-09-07,Aplikasi busuk... bikin ribet Pengguna kalau lagi urgent malah muter2 mulu login padahal semua udah bener.,aplikasi busuk bikin rumit pengguna kalau lagi urgent malah muter2 terus login padahal semua udah benar,-2,Negatif,MATCH,
709,Anggun Vaysa,1,2026-09-07,ini sampe kapan error terus ? gabisa login padahal mau daftar online,ini sampe kapan error terus tidak bisa login padahal mau daftar online,-2.5,Negatif,MATCH,
710,Adam Z2,1,2026-09-07,kenapa setiap 1 bulan sekali selalu log out sendiri padahal terus susah masuk lagi masalah jaringan wifi sama data..tolong di perbaiki,kenapa setiap 1 bulan sekali selalu login out sendiri padahal terus sulit masuk lagi masalah jaringan wifi sama data tolong di perbaiki,-2.5,Negatif,MATCH,
711,Ardi Bayupurnomo,3,2026-09-07,Sangat sulit untuk login,sangat sulit untuk login,-2.5,Negatif,MATCH,
712,Siti Rukayah,3,2026-09-07,sering tidak bisa dibuka dan buat no antrian,sering tidak bisa dibuka dan buat no antrean,0,Netral,MATCH,
713,Rivaldi Prayudi,1,2026-09-07,woy aplikasi lemot amat. muter terus sistem kalian.,woy aplikasi lambat amat muter terus sistem kalian,-2.5,Negatif,MATCH,
714,Dimas Pratama,1,2026-09-07,"aplikasi pemerintah kok gini amat, loading nya lama gk karuan, selalu minta daftar ulang biar apa coba kayak gitu",aplikasi pemerintah kok gini amat loading nya lama tidak karuan selalu minta daftar ulang biar apa coba kayak gitu,-2,Negatif,MATCH,
715,andriani risky,2,2026-09-07,"aplikasi apa ini, kadang tiba tiba ga bisa di akses. dibilangnya offline padahal kuota full wifi lancar. mohon di perbaiki sistemnya",aplikasi apa ini kadang tiba tiba tidak bisa di akses dibilangnya offline padahal kuota full wifi lancar mohon di perbaiki sistemnya,2.5,Positif,MISMATCH_LOW_RATING,Salah klik rating / Human error (Isi ulasan berupa pujian murni)
716,Grefano Abiyunan,2,2026-09-07,"coba lagi, gagal, coba lagi, gagal udah gitu aja terus",coba lagi gagal coba lagi gagal udah gitu aja terus,-5,Negatif,MATCH,
717,MUHAMMAD FACHRIZAL ZULFI,1,2026-09-07,aplikasi tolol sering gabisa di akses,aplikasi tolol sering tidak bisa di akses,0,Netral,MATCH,
718,ganyong gaming,1,2026-09-07,"untuk kelas apk milik negara sih memalukan banget yaa ini,sering banget yang namanya server down miris sih.",untuk kelas aplikasi milik negara sih memalukan banget yaa ini sering banget yang namanya server down miris sih,0,Netral,MATCH,
719,Muhammad rifai Oke,1,2026-09-07,"eror Mulu aplikasi padahal lagi penting,tolong perbaiki lagi kualitasnya !!!",error terus aplikasi padahal lagi penting tolong perbaiki lagi kualitasnya,-2.5,Negatif,MATCH,
720,Daffa Faaris akbar,1,2026-09-07,sudah coba berulang kali tidak dapat login padahal semuanya sudah benar,sudah coba berulang kali tidak dapat login padahal semuanya sudah benar,0,Netral,MATCH,
721,Solahudin Kamil,1,2026-09-07,"jelek, mau daftar aja susah, captcha nya lemot ga muncul muncul, masa jam 8 pagi belum bisa daftar atau login, aplikasi murahan sulit sulit, ribetlahhh",buruk mau daftar aja sulit captcha nya lambat tidak muncul muncul masa jam 8 pagi belum bisa daftar atau login aplikasi murahan sulit sulit ribetlah,-13,Negatif,MATCH,
722,Muhammad Ismail,1,2026-09-07,"Aplikasi lemot, orang sakit juga ga mau malah di lama lamain bagaimana si server makin berkembang zaman bukan makin canggih makin lemot",aplikasi lambat orang sakit juga tidak mau malah di lama lamain bagaimana si server makin berkembang zaman bukan makin canggih makin lambat,-7,Negatif,MATCH,
723,Fazila Azzahra,1,2026-09-07,"sumpah yaa ini app bikin kesel lama gak pake buat berobat ke faskes 1, sekalinya mau ambil antrian lebih dari setengah jam gak bisa kuota full.. pake wifi kenceng, tiba aja log out sendiri, pdahal lama gak pake ni app",sumpah yaa ini aplikasi bikin kesel lama tidak pake buat berobat ke faskes 1 sekalinya mau ambil antrean lebih dari setengah jam tidak bisa kuota full pake wifi kenceng tiba aja login out sendiri pdahal lama tidak pake ni aplikasi,-4,Negatif,MATCH,
724,Cepi Septian Kusumah,1,2026-09-07,"ketika keluar susah sekali masuk dengan alasan ""sedang offline"",gak bisa gitu langsung masuk. bermanfaat tapi setelah keluar susah banget masuk.",ketika keluar sulit sekali masuk dengan alasan sedang offline tidak bisa gitu langsung masuk bermanfaat tapi setelah keluar sulit banget masuk,-2,Negatif,MATCH,
725,Tankerbajabesi,1,2026-09-07,"aplikasi aneh buat masuk akun susah amat ,di persulit semua ,buat apk yg bener dulu",aplikasi aneh buat masuk akun sulit amat di persulit semua buat aplikasi yang benar dulu,-2.5,Negatif,MATCH,
726,John Produce Empat,2,2026-09-07,"setiap kali mau antri, server kalian selalu down. aplikasi selalu ter-log out sendiri. captcha susah terbaca..",setiap kali mau antri server kalian selalu down aplikasi selalu ter-log out sendiri captcha sulit terbaca,-2.5,Negatif,MATCH,
727,Remonda Sinulaki,1,2026-09-07,parah aplikasinya,buruk aplikasinya,-3,Negatif,MATCH,
728,Dhanz official,1,2026-09-07,"sinyal bagus,tapi di aplikasi offline,mohon di perbaiki lgi,Saya akan bintang 5 ,Terima kasih",sinyal bagus tapi di aplikasi offline mohon di perbaiki lgi saya akan bintang 5 terima kasih,4,Positif,MISMATCH_LOW_RATING,Salah klik rating / Human error (Isi ulasan berupa pujian murni)
729,Alfa Centaury,3,2026-09-07,"kok aneh tiba tiba autodebet udah daftar terus terputus sendiri tolong kebijakannya, malah saya yang kena sanksi karena telat bayar jelas jelas udah autodebet",kok aneh tiba tiba autodebet udah daftar terus terputus sendiri tolong kebijakannya malah saya yang kena sanksi karena telat bayar jelas jelas udah autodebet,3,Positif,MATCH,
730,Eko Purnomo,2,2026-09-07,aplikasinya kok lemot ya...buka captca sja lama bener pdhal jatingan stabil,aplikasinya kok lambat ya buka captca sja lama benar pdhal jatingan stabil,-4.5,Negatif,MATCH,
731,Elvian Rubianto,1,2026-09-07,"aplikasi bejat, logan login terus saya kira sinyal ternyata servernya oon koclok",aplikasi bejat logan login terus saya kira sinyal ternyata servernya oon koclok,0,Netral,MATCH,
732,San Ridho,1,2026-09-07,aplikas ga jelas padahal udh benar semua,aplikas tidak jelas padahal sudah benar semua,-1.35,Negatif,MATCH,
733,ahmad khairul,1,2026-09-07,ga bisa di login,tidak bisa di login,0,Netral,MATCH,
734,Mul Yati,1,2026-09-07,"apalah woii aplikasi ini, mau masuk aja susah kalii.. keburu m4ti anak ku anjjjggg !!!! gangguan selaluiii kimax !!!!!! 3hari mau masok akun ga bisa2 !! kalo ga becus punya aplikasi bubat aj lah bgst ?",apalah woii aplikasi ini mau masuk aja sulit kalii keburu m4ti anak ku anjg gangguan selalui kimax 3hari mau masok akun tidak bisa2 kalo tidak becus punya aplikasi bubat aj lah bgst,-2.5,Negatif,MATCH,
735,Adif Abdillah,1,2026-09-07,"ini tim IT atau sejenisnya pada kerja ga sih?! aplikasi sering error ga dipantau, padahal jaringan memadai, gimana mau daftar online kalau error terus.",ini tim it atau sejenisnya pada kerja tidak sih aplikasi sering error tidak dipantau padahal jaringan memadai gimana mau daftar online kalau error terus,-5,Negatif,MATCH,
736,putut wijanarko,1,2026-09-07,"aplikasi sering error,",aplikasi sering error,-2.5,Negatif,MATCH,
737,Muhamad Yusuf,1,2026-09-07,mau login saja tidak bisa. buruk sekali aplikasinya. loading terlalu lama. system infonya offline di aplikasi nya.,mau login saja tidak bisa buruk sekali aplikasinya loading terlalu lama system infonya offline di aplikasi nya,-5,Negatif,MATCH,
738,Delwin Yoanes,3,2026-09-07,"chapca muter2, jadi gak bisa login & gak bisa daftar berobat ke puskesmas.",chapca muter2 jadi tidak bisa login tidak bisa daftar berobat ke puskesmas,0,Netral,MATCH,
739,Yusup Maullana,5,2026-09-07,"ini gimana sih udah mau sebulan login GK bisa, pake cara lupa password juga GK bisa...",ini gimana sih udah mau sebulan login tidak bisa pake cara lupa password juga tidak bisa,0,Netral,MATCH,
740,Wildana Hidayat,2,2026-09-07,aplikasi prematur. banyak banget error. suka logout sendir. pas mau login ga bisa loading terus padahal jaringan lancar. lelet. sekelas aplikasi pemerintah tapi kwalitasnya prematur,aplikasi prematur banyak banget error suka logout sendir pas mau login tidak bisa loading terus padahal jaringan lancar lambat sekelas aplikasi pemerintah tapi kwalitasnya prematur,-0.5,Netral,MATCH,
741,Awal Datsmen,1,2026-09-07,"bisa di perbaiki ngak apk nya, saya pernah gagal buat surat sakit karna tdk bisa daftar online di apk ini di karenakan akun saya tiba-tiba keluar dan saya coba masukkan lagi tiba-tiba sudah tidak bisa infonya jarigan tdk ada padahal jelas-jelas jarigan saya bagus, sudah tdk habis pikir degan apk ini, bukanya membantu tapi ini malah membuat masalah",bisa di perbaiki ngak aplikasi nya saya pernah gagal buat surat sakit karena tidak bisa daftar online di aplikasi ini di karenakan akun saya tiba-tiba keluar dan saya coba masukkan lagi tiba-tiba sudah tidak bisa infonya jarigan tidak ada padahal jelas-jelas jarigan saya bagus sudah tidak habis pikir degan aplikasi ini bukanya membantu tapi ini malah membuat masalah,2.5,Positif,MISMATCH_LOW_RATING,Salah klik rating / Human error (Isi ulasan berupa pujian murni)
742,Danang E.S,1,2026-09-07,aplikasi kemot gini susah kalo mau dipake buru buru.,aplikasi kemot gini sulit kalo mau dipake buru buru,-2.5,Negatif,MATCH,
743,Wahyu Putri N,1,2026-09-07,"selalu terlogout sendiri , sampe rs mau check in tidak bisa",selalu terlogout sendiri sampe rs mau check in tidak bisa,0,Netral,MATCH,
744,alvin bagas septiyan,1,2026-09-07,"server nya tolong diperbaiki yang memakai wargga indonesia, masa iya cuma muter muter padahal koneksi bagus.",server nya tolong diperbaiki yang memakai wargga indonesia masa iya cuma muter muter padahal koneksi bagus,2,Positif,MISMATCH_LOW_RATING,Salah klik rating / Human error (Isi ulasan berupa pujian murni)
745,Wahyu Abi,1,2026-09-07,"aplikasi busuk, sinyal buruk !",aplikasi busuk sinyal buruk,-3,Negatif,MATCH,
746,Ahmad Raihan,1,2026-09-07,"aplikasi jelekkkk, tiap hari mutar muluu server nya down terus murahan amat servernya",aplikasi buruk tiap hari mutar muluu server nya down terus murahan amat servernya,-3,Negatif,MATCH,
747,Herman hermawan,1,2026-09-07,"verifikasi Nye susah bgd, ad masalah apaan sh. dibutuhin qo malah dibikin susah sama aplikasi. minta tlong dulu donk sama yg punya aplikasi. dri td verifikasi gga bisa-bisa",verifikasi nye sulit bgd ad masalah apaan sh dibutuhin qo malah dibikin sulit sama aplikasi minta tlong dulu donk sama yang punya aplikasi dari td verifikasi gga bisa-bisa,-5,Negatif,MATCH,
748,DIDIK KURNIAWAN,1,2026-09-07,"padala data banyak, tapi kenapa ga bisa login ulang . dengan keterangan offline.",padala data banyak tapi kenapa tidak bisa login ulang dengan keterangan offline,0,Netral,MATCH,
749,Abdul Muis,1,2026-09-07,"giliran di buka di faskes log out sendiri, log in nya susah banget",giliran di buka di faskes login out sendiri login in nya sulit banget,-2.5,Negatif,MATCH,
750,ILHAM GG.87,1,2026-09-07,tiba2 log out sendiri dan susah login nya,tiba2 login out sendiri dan sulit login nya,-2.5,Negatif,MATCH,
751,Apan Ska,1,2026-09-07,"aplikasi suka error, aplikasi gak guna",aplikasi suka error aplikasi tidak guna,-0.5,Netral,MATCH,
752,Teddy kinomoto,3,2026-09-07,"tiba tiba log out sendiri, lalu bermasalah dengan jaringan, padahal wifi dan jaringan ok semua... dan suka eror, mau daftar antrian jadi susah",tiba tiba login out sendiri lalu bermasalah dengan jaringan padahal wifi dan jaringan ok semua dan suka error mau daftar antrean jadi sulit,-1.5,Negatif,MATCH,
753,Afifah Azhar Arub,1,2026-09-07,"Belum juga kontrol, masa rujukan dari RS habis rawat inap di hilangkan jkn.. sampai² saya harus ke RS untuk konfirmasi, alhamdulillah pelayanan RS gercep. rada² ini sistem jkn, di tambah aplikasi lemot banget, setiap masuk coba lagi terus padahal kuota+sinyal kenceng..",belum juga kontrol masa rujukan dari rs habis rawat inap di hilangkan jkn sampai saya harus ke rs untuk konfirmasi alhamdulillah pelayanan rs gercep rada ini sistem jkn di tambah aplikasi lambat banget setiap masuk coba lagi terus padahal kuota sinyal kenceng,-2.5,Negatif,MATCH,
754,pebri pratama,1,2026-09-07,aplikasinya Menguji Kesabaran.. loading lama.. uda lama gagal.. alasan koneksi gk tersambung.. padahal koneksi internet aman,aplikasinya menguji kesabaran loading lama uda lama gagal alasan koneksi tidak tersambung padahal koneksi internet aman,-4.5,Negatif,MATCH,
755,Celuy,1,2026-09-07,"aplikasi burukkkkk bangettt, tiba"" log out sendiri, padahal udh hari h, di update makin burukk, mempersulit ini namaaa nya kocakkkkk, benarin lagi deh, suka eror muluuuuu",aplikasi buruk banget tiba login out sendiri padahal sudah hari h di update makin burukk mempersulit ini nama nya kocak benarin lagi deh suka error terus,-3.5,Negatif,MATCH,
756,Ayu Ardan,3,2026-09-07,"sangat membantu ,tapi kenapa kalau pas butuh mau daftar selalu lemot dan keluar² sendiri padahal sudah loging ,tolong dong di tingkatkan lagiii",sangat membantu tapi kenapa kalau pas butuh mau daftar selalu lambat dan keluar sendiri padahal sudah loging tolong dong di tingkatkan lagi,-2.5,Negatif,MATCH,
757,0070_gilang Maulana,1,2026-09-07,aplikasii apasihhh dikit2 trouble NYUSAHINN BANGET,aplikasii apasih dikit2 trouble nyusahinn banget,0,Netral,MATCH,
758,Diko Septiansah,1,2026-09-07,sering error hadeuh padahal ini penting buat daftar online klo keadaan darurat tapi malah sering error kacaw,sering error hadeuh padahal ini penting buat daftar online klo keadaan darurat tapi malah sering error kacaw,-5,Negatif,MATCH,
759,Buang Akay,3,2026-09-07,"tolong perbaiki aplikasi ini , sistem chapta dihapus saja",tolong perbaiki aplikasi ini sistem chapta dihapus saja,0,Netral,MATCH,
760,triyastuti tri,1,2026-09-07,"coba lagi coba lagi terus, internet lancar tetep aja, ini lagi butuh malah engga bisa",coba lagi coba lagi terus internet lancar tetep aja ini lagi butuh malah engga bisa,2.5,Positif,MISMATCH_LOW_RATING,Salah klik rating / Human error (Isi ulasan berupa pujian murni)
761,Biyan Cikal,5,2026-09-07,pelayanan nya sanget ramah,pelayanan nya sanget ramah,2,Positif,MATCH,
762,Indriee 90wd,1,2026-09-07,Sering logout sendiri. Giliran login lagi ada masalah terus gak bisa login. Menyusahkan sekali kalau lagi butuh.,sering logout sendiri giliran login lagi ada masalah terus tidak bisa login menyusahkan sekali kalau lagi butuh,0,Netral,MATCH,
763,Marwan,2,2026-09-07,tolong di tingkatkan kualitas apk nya.. sering eror saat mau daftar,tolong di tingkatkan kualitas aplikasi nya sering error saat mau daftar,-2.5,Negatif,MATCH,
764,novia sandi,1,2026-09-07,"selalu gagal masuk, masalah jaringan offline. padahal jaringan full manteng, kuota banyak. aneh",selalu gagal masuk masalah jaringan offline padahal jaringan full manteng kuota banyak aneh,-2.5,Negatif,MATCH,
765,Tri wahyuda,1,2026-09-07,"jaringan jelek, lemot pas saat di tempat poly",jaringan buruk lambat pas saat di tempat poly,-5.5,Negatif,MATCH,
766,Cahya Aji,1,2026-09-07,aplikasi busuk mau berobat malah offline,aplikasi busuk mau berobat malah offline,0,Netral,MATCH,
767,Wahyu Romadoni,3,2026-09-07,"bagus, tapi kadang pas dibuka malah macet, ga bisa dibuka pas dibutuhkan",bagus tapi kadang pas dibuka malah macet tidak bisa dibuka pas dibutuhkan,2,Positif,MATCH,
768,Hans August Natanael Simanungkalit,1,2026-09-07,aplikasi nya offline terus padahal jaringan bagus lag sekali,aplikasi nya offline terus padahal jaringan bagus lag sekali,2,Positif,MISMATCH_LOW_RATING,Salah klik rating / Human error (Isi ulasan berupa pujian murni)
769,Jawad Rabbani,1,2026-09-07,"jelek, banyak ngelag, aplikasi buat mempermudah ko malah merepotkan, captcha nya lemot dan nggak jelas aneh aplikasi ini",buruk banyak ngelag aplikasi buat mempermudah ko malah merepotkan captcha nya lambat dan tidak jelas aneh aplikasi ini,-6.85,Negatif,MATCH,
770,Samsung Galaxy2017,2,2026-09-07,Aku tidak tahu apa yang sedang dialami makhluk ini. tiba tiba ada pemberitahuan sesi telah berakhir. Log out sendiri. mau log in lagi tidak bisa. Susah. Sepertinya perlu di-rukiyah.,aku tidak tahu apa yang sedang dialami makhluk ini tiba tiba ada pemberitahuan sesi telah berakhir login out sendiri mau login in lagi tidak bisa sulit sepertinya perlu di-rukiyah,-2.5,Negatif,MATCH,
771,Fajrin Pakaya,1,2026-09-07,"aplikasi pemerintah sering lemot, rekonek padajal saya pakai server wifi dengan mbps yang lancar. gimana mau ambil antrian untuk pengobatan jika makan waktu terus dikarenakan loading",aplikasi pemerintah sering lambat rekonek padajal saya pakai server wifi dengan mbps yang lancar gimana mau ambil antrean untuk pengobatan jika makan waktu terus dikarenakan loading,0,Netral,MATCH,
772,Maulida Tulmarha,2,2026-09-07,"aplikasi nya banyak eror, sekarang saya gk bisa log in lagi",aplikasi nya banyak error sekarang saya tidak bisa login in lagi,-2.5,Negatif,MATCH,
773,Zainur Roziqin,1,2026-09-07,jelek bgt susah log in,buruk banget sulit login in,-5.5,Negatif,MATCH,
774,Yullyawan Bhreka seno,5,2026-09-07,"saya kasih bintang 5 biar pada lihat, aplikasi sering error,sering keluar sendiri,sering login ulang kadang sehari bisa 4x, giliran login sering error,susah masuknya juga sering keluar sendiri, aplikasi udh gak jelas,kecewa",saya kasih bintang 5 biar pada lihat aplikasi sering error sering keluar sendiri sering login ulang kadang sehari bisa 4x giliran login sering error sulit masuknya juga sering keluar sendiri aplikasi sudah tidak jelas kecewa,-4,Negatif,MISMATCH_HIGH_RATING,Taktik Bintang 5 agar ulasan dibaca/naik ke atas
775,Vindo Z,3,2026-09-07,Saat diperlukan malah sering susah diakses.,saat diperlukan malah sering sulit diakses,-2.5,Negatif,MATCH,
776,Anggun Salon,1,2026-09-07,Ga ad satupun apk pemerintah yg bgs. Anggaran gedhe tp team developer nya bobrok semua. IT kelas main²,tidak ad satupun aplikasi pemerintah yang bagus anggaran gedhe tapi team developer nya bobrok semua it kelas main,2,Positif,MISMATCH_LOW_RATING,Salah klik rating / Human error (Isi ulasan berupa pujian murni)
777,Eko Ardianto,1,2026-09-07,aplikasi lemot nunggu capca aja hampir 15 menit,aplikasi lambat nunggu capca aja hampir 15 menit,-2.5,Negatif,MATCH,
778,Fauzi Khoironingyah,1,2026-09-07,aplikasi kesabaran. mau ambil antrian isinya error terus,aplikasi kesabaran mau ambil antrean isinya error terus,-2.5,Negatif,MATCH,
779,Bawadehewek,1,2026-09-07,aplikasi busuk,aplikasi busuk,0,Netral,MATCH,
780,Agus Nugroho,1,2026-09-07,"susah buat masuk dan daftar, wifi lancar tp tetap loading terus",sulit buat masuk dan daftar wifi lancar tapi tetap loading terus,0,Netral,MATCH,
781,Egadevka Julianda,1,2026-09-07,susah d operasikan kalau mau daftar,sulit d operasikan kalau mau daftar,-2.5,Negatif,MATCH,
782,ddi prmn,2,2026-09-07,sering error,sering error,-2.5,Negatif,MATCH,
783,Nila Minpa,1,2026-09-07,aplikasi ga jelas mempersulit verivikasi data Krn lupa password,aplikasi tidak jelas mempersulit verivikasi data karena lupa password,-1.35,Negatif,MATCH,
784,Dida Sadudin T,1,2026-09-07,gak bisa d buka payah,tidak bisa d buka payah,-3,Negatif,MATCH,
785,uzumaki shikamaru,1,2026-09-07,aplikasi anggaran ratusan juta tapi ga jelas blass. perusahaan2 swasta bikin aplikasi pake anggaran lebih kecil aja ga separah ini,aplikasi anggaran ratusan juta tapi tidak jelas blass perusahaan2 swasta bikin aplikasi pake anggaran lebih kecil aja tidak separah ini,-1.35,Negatif,MATCH,
786,Mira Lisdawati,5,2026-09-07,top,top,2.5,Positif,MATCH,
787,ROZAQ TRD,5,2026-09-07,jos jis,jos jis,0,Netral,MATCH,
788,Muhammad Fahri,1,2026-09-07,"tiba"" logout sendiri pemberitahuan akun anda login di device berbeda? padahal akun saya cuma pake 1 device,, mau login ulang gk bisa"" blm dpt di proses gmn ini????",tiba logout sendiri pemberitahuan akun anda login di device berbeda padahal akun saya cuma pake 1 device mau login ulang tidak bisa belum dpt di proses gmn ini,0,Netral,MATCH,
789,Sumarlin Sumpeno,5,2026-09-07,aplikasi nyalahi membingungkan,aplikasi nyalahi membingungkan,0,Netral,MATCH,
790,Andre Akl,1,2026-09-07,aplikasi sangat buruk sudah punya akun malah log out sendiri daftar ulang kagi,aplikasi sangat buruk sudah punya akun malah login out sendiri daftar ulang kagi,-3,Negatif,MATCH,
791,sandi Purna,5,2026-09-07,terbaik,terbaik,3,Positif,MATCH,
792,Lina,1,2026-09-07,aplikasi busuk daftar apa apa gabisa diproses,aplikasi busuk daftar apa apa tidak bisa diproses,0,Netral,MATCH,
793,Franz Van Houten,1,2026-09-07,"verifikasi no hp tidak pernah ada kiriman nomor otp, updte jangan melalui sms tapi ada pilihan melalui WA",verifikasi no hp tidak pernah ada kiriman nomor otp updte jangan melalui sms tapi ada pilihan melalui wa,0,Netral,MATCH,
794,Juwandasuksesdoa Ibuuu,5,2026-09-06,suksesselaluuu,suksesselalu,0,Netral,MATCH,
795,Indra Kurnia,5,2026-09-06,"sangat membantu , mantap",sangat membantu mantap,6,Positif,MATCH,
796,Ilmu islam official,1,2026-09-06,parah ini apk jkn ini pas kita mau masuk aja bisa dan captcha nya gak bisa keluar saya kasih bintang satu aja,buruk ini aplikasi jkn ini pas kita mau masuk aja bisa dan captcha nya tidak bisa keluar saya kasih bintang satu aja,-3,Negatif,MATCH,
797,les mono,5,2026-09-06,Terima kasih,terima kasih,2,Positif,MATCH,
798,Mutiara Mumu,5,2026-09-06,sangat mudah,sangat mudah,2.5,Positif,MATCH,
799,Gloria Eka chrisrin,1,2026-09-06,"ini aplikasi suka eror ya, saya mau daftar saja susah sekali. Masa mau pencet ok aja udah ada nomor ya gak bisa-bisa dari Minggu lalu aneh sekali ya",ini aplikasi suka error ya saya mau daftar saja sulit sekali masa mau pencet ok aja udah ada nomor ya tidak bisa-bisa dari minggu lalu aneh sekali ya,-1.5,Negatif,MATCH,
800,Rafid Makarim,1,2026-09-06,"ini aplikasi kadang nguji kesabaran penggunanya minta verifikasi no hp gabisa2, lagian kenapa mau berobat harus daftar ini dulu ribetin orang yg gapunya hp atau orangtua yg ga paham ini tau ga. aneh kadang aplikasi buatan pemerintah mau berobat dipersulit mulu",ini aplikasi kadang nguji kesabaran penggunanya minta verifikasi no hp gabisa2 lagian kenapa mau berobat harus daftar ini dulu ribetin orang yang gapunya hp atau orangtua yang tidak paham ini tau tidak aneh kadang aplikasi buatan pemerintah mau berobat dipersulit terus,-3.5,Negatif,MATCH,
801,aris rismana,5,2026-09-06,mantap,mantap,3,Positif,MATCH,
802,Najmatul Usroh,5,2026-09-06,bagus,bagus,2,Positif,MATCH,
803,Senpai,1,2026-09-06,"update lah, ga dapat kode verifikasinya yaampun, aneh banget aplikasi, bukannya mempermudah ini malah mempersulit",update lah tidak dapat kode verifikasinya yaampun aneh banget aplikasi bukannya mempermudah ini malah mempersulit,0,Netral,MATCH,
804,Iwan Sukses,5,2026-09-06,sudah bagus Kenapa Sekarang Ngak Bisa Buka,sudah bagus kenapa sekarang ngak bisa buka,2,Positif,MATCH,
805,Bonbon Cadetha,5,2026-09-06,good,good,2,Positif,MATCH,
806,Mikchat,2,2026-09-06,"apk tidak stabil, terkadang suka bug",aplikasi tidak stabil terkadang suka bug,0,Netral,MATCH,
807,Vp Pro Ajie Adja,5,2026-09-06,sudah Bagus tolong di pertahankan dan lebih di permudah buat masyarakat kecil.,sudah bagus tolong di pertahankan dan lebih di permudah buat masyarakat kecil,2,Positif,MATCH,
808,Lulu Saadah,5,2026-09-06,selama ini bagus aplikasi mobil jkn kis,selama ini bagus aplikasi mobil jkn kis,2,Positif,MATCH,
809,Candu Lucky,5,2026-09-06,sangat di butuhkan,sangat di butuhkan,0,Netral,MATCH,
810,Rizky Adimas,1,2026-09-06,aplikasi ini menurut saya pelayanannya buruk,aplikasi ini menurut saya pelayanannya buruk,-3,Negatif,MATCH,
811,abdul syukur,5,2026-09-06,sangat bagus,sangat bagus,2,Positif,MATCH,
812,Fazry Albukhori,1,2026-09-06,"gajelas, benerin sistem nya nomor belum terdaftar malah kaga bisa buat regist, pake nomor lain sms nya kaga masuk, benerin lagi sistem lu",gajelas perbaiki sistem nya nomor belum terdaftar malah kaga bisa buat regist pake nomor lain sms nya kaga masuk perbaiki lagi sistem lu,0,Netral,MATCH,
813,Muhamad Ayub,5,2026-09-06,pictur sangat membantu sekali,pictur sangat membantu sekali,3,Positif,MATCH,
814,Nurhayati Hayanti Zebua,5,2026-09-06,sangat membantu,sangat membantu,3,Positif,MATCH,
815,Hanya Human,1,2026-09-06,nggak bisa login alasannya coba beberapa saat lagi,tidak bisa login alasannya coba beberapa saat lagi,0,Netral,MATCH,
816,Reny Anggraini,4,2026-09-06,ok,ok,1.5,Positif,MATCH,
817,Mulya Dzikri,5,2026-09-06,bagus memudahkan urusan kesehatan jadi gak ribet pokoknya terbaik,bagus memudahkan urusan kesehatan jadi tidak rumit pokoknya terbaik,9,Positif,MATCH,
818,Sindi Sulistiawati,5,2026-09-06,sangat membantu,sangat membantu,3,Positif,MATCH,
819,Naura Najwa,1,2026-09-06,ga like.,tidak like,0,Netral,MATCH,
820,mikhayla munandar,5,2026-09-06,sangat responsif,sangat responsif,0,Netral,MATCH,
821,Abdul Muhyi,5,2026-09-06,mantap,mantap,3,Positif,MATCH,
822,Dorest Hunter,4,2026-09-06,minta tolong yang verifikasi wajah senyum di buang..ibuk saya lagi sakit mau daftar harus senyum gx bisa senyum..jadi gx terferivikasi,minta tolong yang verifikasi wajah senyum di buang ibuk saya lagi sakit mau daftar harus senyum gx bisa senyum jadi gx terferivikasi,0,Netral,MATCH,
823,Salmarena Bimbi,1,2026-09-06,tidak bisa membuka aplikasinya,tidak bisa membuka aplikasinya,0,Netral,MATCH,
824,haerul amri,5,2026-09-06,saat mau menambahkan ibu saya di menu (penambahan peseta) tetapi tidak bisa karna saya belum menikah. untuk penambahan peserta baru tolong ubah agar kita bisa menambahkan anggota keluarga walaupun kita belum menikah,saat mau menambahkan ibu saya di menu penambahan peseta tetapi tidak bisa karena saya belum menikah untuk penambahan peserta baru tolong ubah agar kita bisa menambahkan anggota keluarga walaupun kita belum menikah,0,Netral,MATCH,
825,Bro 89,5,2026-09-06,"untuk yg tidak dapat SMS, pastikan ada sisa pulsa bukan kuota",untuk yang tidak dapat sms pastikan ada sisa pulsa bukan kuota,0,Netral,MATCH,
826,Surya Lighting,5,2026-09-06,membantu,membantu,3,Positif,MATCH,
827,Siti Karlia Lia,5,2026-09-06,sangat mudah untuk berobat,sangat mudah untuk berobat,2.5,Positif,MATCH,
828,Safir Mariawae,5,2026-09-06,bagus,bagus,2,Positif,MATCH,
829,Herry Amro,5,2026-09-06,baik,baik,2,Positif,MATCH,
830,Olivia War,5,2026-09-06,sangat membantu,sangat membantu,3,Positif,MATCH,
831,Berkah Oppo,5,2026-09-06,sangat puas respon cepat 🙏,sangat puas respon cepat,5.5,Positif,MATCH,
832,2019 albar rahman hakim C7,5,2026-09-06,top,top,2.5,Positif,MATCH,
833,Falisha Almahyra,1,2026-09-06,MEMPERSULIT LANSIA BEROBAT,mempersulit lansia berobat,0,Netral,MATCH,
834,Retnologi,5,2026-09-06,"bagus, mempermudah",bagus mempermudah,2,Positif,MATCH,
835,Arya nz,1,2026-09-06,"apk gajelas, verifikasi nomor aja ada aja kendalanya menyusahkan",aplikasi gajelas verifikasi nomor aja ada aja kendalanya menyusahkan,0,Netral,MATCH,
836,Rahmita Ariani,5,2026-09-06,aman2 aja penggunaan nya bagus kok,aman2 aja penggunaan nya bagus kok,2,Positif,MATCH,
837,Amanda Vidiya,1,2026-09-06,"tlong urus ini apk dgn lebih baik lg,yg bner aja masa mau daftar kaga bsa trs adain fitur ganti akun dgn mudah kek medsos²lain lah tlong",tlong urus ini aplikasi dengan lebih baik lg yang bner aja masa mau daftar kaga bsa terus adain fitur ganti akun dengan mudah kek medsos lain lah tlong,4.5,Positif,MISMATCH_LOW_RATING,Salah klik rating / Human error (Isi ulasan berupa pujian murni)
838,Erlin Damayanti,1,2026-09-06,apk gak jelas.,aplikasi tidak jelas,-1.35,Negatif,MATCH,
839,Rita Suhami,5,2026-09-06,Aplikasi yang the best,aplikasi yang the best,0,Netral,MATCH,
840,Agung Winarno,5,2026-09-06,bagus aplikasi,bagus aplikasi,2,Positif,MATCH,
841,Lolo Lolo,1,2026-09-06,"apk sampah yg ngurus pemerintah kgk bener,eror terus giliran mau di pake,diperbaiki lgi dh ini apk",aplikasi sampah yang ngurus pemerintah kgk benar error terus giliran mau di pake diperbaiki lgi dh ini aplikasi,-6.5,Negatif,MATCH,
842,Vida Suci wulandari,5,2026-09-06,pelayanan bagus,pelayanan bagus,2,Positif,MATCH,
843,Januar Rezza,5,2026-09-06,cepat dan mudah dengan aplikasi mobile jkn mantap,cepat dan mudah dengan aplikasi mobile jkn mantap,8,Positif,MATCH,
844,safsahh Goib,1,2026-09-06,"waduh ini proses login/daftar nya ribet banget,saran aja kalo mau pake no hp/email,pilih salah satu aja jangan dua dua nya astaga",waduh ini proses login daftar nya rumit banget saran aja kalo mau pake no hp email pilih salah satu aja jangan dua dua nya astaga,-2,Negatif,MATCH,
845,ayu Alus,1,2026-09-06,"semenjak di update Apk mobile JKN terbaru, sekarang tidak ke pake krn tidak bisa KeBuKa, dan tidak di dukung dengan hp android saya., malah bikin susah aja, pas mau periksa ke puskesmas, atau atau ada rujujan ke rumah sakit HARUS daftar dari apk ini, kyk nya gak ada kepikiran klo GAK semua orang punya hp android yang hrus daftar lewat apk mobile jkn, dan giliran ada, apk mobile jkn tidak kontribel alias tidk cocok di hp saya.",semenjak di update aplikasi mobile jkn terbaru sekarang tidak ke pake karena tidak bisa kebuka dan tidak di dukung dengan hp android saya malah bikin sulit aja pas mau periksa ke puskesmas atau atau ada rujujan ke rumah sakit harus daftar dari aplikasi ini kyk nya tidak ada kepikiran klo tidak semua orang punya hp android yang hrus daftar lewat aplikasi mobile jkn dan giliran ada aplikasi mobile jkn tidak kontribel alias tidk cocok di hp saya,-2.5,Negatif,MATCH,
846,Efta Triyani,4,2026-09-06,apk nya bagus tapi sayang hp saya hp kentang jadi agak susah 😭 karna gampang ngeleg,aplikasi nya bagus tapi sayang hp saya hp kentang jadi agak sulit karena gampang ngeleg,-0.5,Netral,MATCH,
847,Muamar Ammar,4,2026-09-06,membantu saya dan keluarga,membantu saya dan keluarga,3,Positif,MATCH,
848,Bayu Setiawan,1,2026-09-06,"cobalah pemerintah buat aplikasi itu yang sedikit bagus, seperti swasta.. ini apliaksi bukannya mempermudah malah bikin kesel. untuk menandai wajah aja susah betul, sampe berkali2 di coba selalu gagal",cobalah pemerintah buat aplikasi itu yang sedikit bagus seperti swasta ini apliaksi bukannya mempermudah malah bikin kesel untuk menandai wajah aja sulit betul sampe berkali2 di coba selalu gagal,-3,Negatif,MATCH,
849,Nur Laili,4,2026-09-06,membantu sekali agak tidak wira wiri ke rs,membantu sekali agak tidak wira wiri ke rs,3,Positif,MATCH,
850,Rusman Rinaz,5,2026-09-06,bagus aplikasi nya yang sangat membantu kebutuhan kesehatan,bagus aplikasi nya yang sangat membantu kebutuhan kesehatan,5,Positif,MATCH,
851,Ayyash Rajendra,1,2026-09-06,"ini yg bikin aplikasi niat bantu orang atau nambah nyusahin orang? udah sering error saat kita kepepet di RS, , apk keluar sendiri. habis pake wifi trus pake data di sruh login ulang, lemot lagi (pd hal koneksi internet lancar n cepat)",ini yang bikin aplikasi niat bantu orang atau nambah nyusahin orang udah sering error saat kita kepepet di rs aplikasi keluar sendiri habis pake wifi terus pake data di sruh login ulang lambat lagi pd hal koneksi internet lancar n cepat,-3,Negatif,MATCH,
852,haris investing,1,2026-09-06,aplikasi ga gunaa ga masuk2 kode otp pdhal nomer hp sudah benar,aplikasi tidak gunaa tidak masuk2 kode otp pdhal nomer hp sudah benar,0,Netral,MATCH,
853,Aditya Wijaya,5,2026-09-06,mantap terimakasih,mantap terimakasih,3,Positif,MATCH,
854,Fian Aqila Santoso,1,2026-09-06,"aplikasi bosok, sekelas aplikasi pemerintah nggak ada fitur cloud save pas bagian pendaftaran buat mangkas waktu pengisian data. Verifikasi menggunakan foto memerlukan waktu sangat lama. Dan pada akhirnya aplikasi keluar sendiri dari device saya, begitu saja terus.",aplikasi bosok sekelas aplikasi pemerintah tidak ada fitur cloud save pas bagian pendaftaran buat mangkas waktu pengisian data verifikasi menggunakan foto memerlukan waktu sangat lama dan pada akhirnya aplikasi keluar sendiri dari device saya begitu saja terus,-5,Negatif,MATCH,
855,Muhadi Adi,1,2026-09-06,kenapa sih aplikasi buatan pemerintah ga ada yang benar ga ada yang beres,kenapa sih aplikasi buatan pemerintah tidak ada yang benar tidak ada yang beres,0,Netral,MATCH,
856,skullz 66,1,2026-09-06,"verifikasinya nya ribett susah, masa nomer telfon nya bisa beda terus, mempersulit aja",verifikasinya nya ribett sulit masa nomer telfon nya bisa beda terus mempersulit aja,-2.5,Negatif,MATCH,
857,asma nidarrauf,4,2026-09-06,"aplikasinya lambat sekali, nunggu buka aja sampai berjam-jam..",aplikasinya lambat sekali nunggu buka aja sampai berjam-jam,-2.5,Negatif,MISMATCH_HIGH_RATING,"Rating bintang tinggi (4-5), namun isi ulasan memuat kritik/keluhan tajam"
858,Sepri,5,2026-09-06,praktis dan mudah,praktis dan mudah,5,Positif,MATCH,
859,Nur Azylin Hayoto,5,2026-09-06,mantap,mantap,3,Positif,MATCH,
860,Wahyuni,5,2026-09-06,👍👍👍👍,,0,Netral,MATCH,
861,Dika Diki,3,2026-09-06,Kesulitan registrasi karena kode OTP tak pernah dikirimkan . Sudah diulang-ulang tetap saja tak ada kode OTP 😡,kesulitan registrasi karena kode otp tak pernah dikirimkan sudah diulang-ulang tetap saja tak ada kode otp,0,Netral,MATCH,
862,mash thok22,1,2026-09-06,"ga bisa masuk, dan tidak menerima otp, rekam wajahpun banyak ngebug nya, apa bisa diperbaiki?",tidak bisa masuk dan tidak menerima otp rekam wajahpun banyak ngebug nya apa bisa diperbaiki,0,Netral,MATCH,
863,Melda Wardani,1,2026-09-06,"saya ngaa bisa verifikasi sms lewat nomor hp ,",saya ngaa bisa verifikasi sms lewat nomor hp,0,Netral,MATCH,
864,Axel Ross,5,2026-09-06,bagus banget,bagus banget,2,Positif,MATCH,
865,Bambang Setiawan,5,2026-09-06,Semoga Kita Semua di Berikan Kesehatan,semoga kita semua di berikan kesehatan,0,Netral,MATCH,
866,fathur wae,5,2026-09-06,cukup memuaskan,cukup memuaskan,0,Netral,MATCH,
867,Ria Sept (Ria Sept),4,2026-09-06,"Layanan menonaktifkan autodebet belum bisa atau emang engga difikirkan, harusnya pelayanan ini kalau bisa mengaktifkan berarti harus bisa menonaktifkannya lagi jangan berbahasa tidak bisa dinonaktifkan kalau sudah aktif autodebet nya, sangat kecewa Toh selama ini engga pernah telat bayar, terimakasih loh layanannya",layanan menonaktifkan autodebet belum bisa atau emang engga difikirkan harusnya pelayanan ini kalau bisa mengaktifkan berarti harus bisa menonaktifkannya lagi jangan berbahasa tidak bisa dinonaktifkan kalau sudah aktif autodebet nya sangat kecewa toh selama ini engga pernah telat bayar terimakasih loh layanannya,-3,Negatif,MISMATCH_HIGH_RATING,"Rating bintang tinggi (4-5), namun isi ulasan memuat kritik/keluhan tajam"
868,suryono hadi,5,2026-09-06,bagus dan sangat informatif,bagus dan sangat informatif,2,Positif,MATCH,
869,Mawan Situmorank,5,2026-09-06,bagus layanan ya,bagus layanan ya,2,Positif,MATCH,
870,Fatimatus Sahroh,1,2026-09-06,"aplikasi aneh, padahal udah hapus smpe 3 aplikasi ttep aja katanya penyimpanan penuh gak bisa d download harusnya bikin aplikasi yg ga trlalu besar penyimpanannya kalau ini d jadiin syarat mutlak bikin skck PIKIRIN HAL KECIL DSRI RAKYATNYAAAA",aplikasi aneh padahal udah hapus smpe 3 aplikasi ttep aja katanya penyimpanan penuh tidak bisa d download harusnya bikin aplikasi yang tidak trlalu besar penyimpanannya kalau ini d jadiin syarat mutlak bikin skck pikirin hal kecil dsri rakyatnya,0,Netral,MATCH,
871,Cablack Aja,5,2026-09-06,mudahdan cepat,mudahdan cepat,2.5,Positif,MATCH,
872,Isak curug,5,2026-09-06,bagus,bagus,2,Positif,MATCH,
873,Bani Supriatna new,5,2026-09-06,bagus,bagus,2,Positif,MATCH,
874,Nia Mughtia,2,2026-09-06,suka nglagggg pdahal d butuhinnnn,suka nglag pdahal d butuhin,2,Positif,MISMATCH_LOW_RATING,Salah klik rating / Human error (Isi ulasan berupa pujian murni)
875,penjebol sejati,1,2026-09-06,buat aplikasi ini anggaran pemerintah brp ya?,buat aplikasi ini anggaran pemerintah brp ya,0,Netral,MATCH,
876,Dwi astiningsih,1,2026-09-06,"aplikasi gak jelas udah lama instal setiap mau verifikasi no telfon gagal terus gak bisa2 apa gunanya ada aplikasi ini klo GK bisa di akses , gak jelas memang",aplikasi tidak jelas udah lama instal setiap mau verifikasi no telfon gagal terus tidak bisa2 apa gunanya ada aplikasi ini klo tidak bisa di akses tidak jelas memang,-7.2,Negatif,MATCH,
877,Toladi Detol,5,2026-09-06,baru akan menggunakan belum ada pengalaman,baru akan menggunakan belum ada pengalaman,0,Netral,MATCH,
878,Auriel Danggang,5,2026-09-06,sangat membatu,sangat membatu,0,Netral,MATCH,
879,Muhrofik Rofik,5,2026-09-06,bagus sih selma AQ pakai,bagus sih selma aq pakai,2,Positif,MATCH,
880,Adisty Sakti,5,2026-09-06,Luarbinasaa 🔥🔥,luarbinasaa,0,Netral,MATCH,
881,handrix chrisharyanto,1,2026-09-06,dari awal download sampai sebulan ditunggu kok errornya masih sama urusan verifikasi OTP ga terkirim juga.,dari awal download sampai sebulan ditunggu kok errornya masih sama urusan verifikasi otp tidak terkirim juga,0,Netral,MATCH,
882,Dani,1,2026-09-06,aplikasi gk jelas,aplikasi tidak jelas,-1.35,Negatif,MATCH,
883,Kharis Rofii,1,2026-09-06,tidak bisa ambil antrian online. terus terusan suruh coba lagi nanti,tidak bisa ambil antrean online terus terusan suruh coba lagi nanti,0,Netral,MATCH,
884,Poniman Ae,1,2026-09-06,makin gk jelas.hp masi original kok gk katae apk gk bs di buka krna hp di root,makin tidak jelas hp masi original kok tidak katae aplikasi tidak bs di buka krna hp di root,-1.35,Negatif,MATCH,
885,siroj mutakin,4,2026-09-06,"BPJS mengecewakan, pelayanan di faskes pertama hampir tiap hari error, aplikasinya jg sama kadang pas mau daftar susah error data tidak ditemukan... hampir tiap hari error tapi sepertinya tidak ada perbaikan atau perubahan yang dilakukan.",bpjs mengecewakan pelayanan di faskes pertama hampir tiap hari error aplikasinya jg sama kadang pas mau daftar sulit error data tidak ditemukan hampir tiap hari error tapi sepertinya tidak ada perbaikan atau perubahan yang dilakukan,-10,Negatif,MISMATCH_HIGH_RATING,"Rating bintang tinggi (4-5), namun isi ulasan memuat kritik/keluhan tajam"
886,Indra Septian,5,2026-09-06,pengalaman yg sangat aik memakai BPJS kesehatan,pengalaman yang sangat aik memakai bpjs kesehatan,0,Netral,MATCH,
887,"H. Agus Hariyanto, SH.",5,2026-09-06,Sangat membantu dan Praktis dalam penggunaan,sangat membantu dan praktis dalam penggunaan,5.5,Positif,MATCH,
888,Sapto Nugroho,5,2026-09-06,mudah dan cepat,mudah dan cepat,5,Positif,MATCH,
889,Rudino firdaus,5,2026-09-06,baguus,baguus,0,Netral,MATCH,
890,Dante IMANG,5,2026-09-06,sangat mudah di gunakan dan sangat membantu,sangat mudah di gunakan dan sangat membantu,5.5,Positif,MATCH,
891,ARIE HASTUTI,2,2026-09-06,"Saya pengguna baru... dpt rujukan dr puskesmas ke RS tuk daftar JKN dulu (disarankan utk mempermudah pendaftaran) kalo ga bisa suruh dtg ke RS antri dari jam 6 pagi... download aplikasi JKN utk pendaftaran sdh tepat seminggu hari ini dan masih tetap sama ""permintaan anda belum dapat diproses, silahkan mencoba beberapa saat lagi (nyatanya dah seminggu msh belum bisa juga) ini sih definisi kalo bisa dipersulit kenapa harus dipermudah yak... astaghfirullah",saya pengguna baru dpt rujukan dr puskesmas ke rs tuk daftar jkn dulu disarankan untuk mempermudah pendaftaran kalo tidak bisa suruh dtg ke rs antri dari jam 6 pagi download aplikasi jkn untuk pendaftaran sudah tepat seminggu hari ini dan masih tetap sama permintaan anda belum dapat diproses silahkan mencoba beberapa saat lagi nyatanya dah seminggu msh belum bisa juga ini sih definisi kalo bisa dipersulit kenapa harus dipermudah yak astaghfirullah,-3.5,Negatif,MATCH,
892,Elbarack Husain_3,5,2026-09-05,good,good,2,Positif,MATCH,
893,Rifqi Naufal,3,2026-09-05,tolong dong ini pihak aplikasi..kenapa gak bisa masuk terus padahal sandi sudah benar sama masuk dgn sidik jari gak msuk² selalu ada yang salah pas minta ganti sandi ya ampun lama Nerima verifikasi SMS gak keterima terus..,tolong dong ini pihak aplikasi kenapa tidak bisa masuk terus padahal sandi sudah benar sama masuk dengan sidik jari tidak msuk selalu ada yang salah pas minta ganti sandi ya ampun lama nerima verifikasi sms tidak keterima terus,-2,Negatif,MATCH,
894,Koko SpTm3,5,2026-09-05,"izin Moderator/admin , tolong dong apknya ada bnyak bug , stuck , forclose , dan stiap kluar apk dn masuk kembali sllu mengulang dri awal padahal hanya ingin mengambil kode otp . pendaftarannya kenapa harus 14 hari keburu mati lah klo yg bru dftarnya lagi skit parah , permasalahan jaringan juga padahal udah pake wifi dan data seluler dan berganti ke hp lain hasilnya sama mohon di update agar proses lebih cepat dan tidak ada kendala dlam penggunaan apk",izin moderator admin tolong dong apknya ada bnyak bug stuck forclose dan stiap kluar aplikasi dn masuk kembali sllu mengulang dari awal padahal hanya ingin mengambil kode otp pendaftarannya kenapa harus 14 hari keburu mati lah klo yang bru dftarnya lagi skit buruk permasalahan jaringan juga padahal udah pake wifi dan data seluler dan berganti ke hp lain hasilnya sama mohon di update agar proses lebih cepat dan tidak ada kendala dlam penggunaan aplikasi,-4.5,Negatif,MISMATCH_HIGH_RATING,"Rating bintang tinggi (4-5), namun isi ulasan memuat kritik/keluhan tajam"
895,Dedy Nurfiansyah 1982,5,2026-09-05,bagus,bagus,2,Positif,MATCH,
896,feri habibie,1,2026-09-05,"kode verifikasi nomor tidak pernah masuk, emang gak ada pelihara apk kalian sampe banyak yg komplain",kode verifikasi nomor tidak pernah masuk emang tidak ada pelihara aplikasi kalian sampe banyak yang komplain,0,Netral,MATCH,
897,endra kurniawan,5,2026-09-05,perubahan faskes lebih mudah dg apk JKN.terimakasih apk jkn,perubahan faskes lebih mudah dg aplikasi jkn terimakasih aplikasi jkn,2.5,Positif,MATCH,
898,Wahyu Hidayat,5,2026-09-05,sangat baik,sangat baik,2,Positif,MATCH,
899,Aas Nurasmanah,4,2026-09-05,gak bisa login lupa kata sandi😭😭,tidak bisa login lupa kata sandi,0,Netral,MATCH,
900,kevin c,1,2026-09-05,"Masa tidak bisa batal kan rujukan,",masa tidak bisa batal kan rujukan,0,Netral,MATCH,
901,halwina winda,5,2026-09-05,bagus . saya suka aplikasi ini. membantu sekali,bagus saya suka aplikasi ini membantu sekali,7,Positif,MATCH,
902,Toni Farel,1,2026-09-05,sekelas bbjs mau registrasi biasa jha ribet bnget ya,sekelas bbjs mau registrasi biasa jha rumit bnget ya,-2,Negatif,MATCH,
903,maria trisnaningsih,5,2026-09-05,sangat membantu,sangat membantu,3,Positif,MATCH,
904,Yusi 12,1,2026-09-05,gk jelas ngisi no HP masa ngulang2 terus aneh bnget sih,tidak jelas ngisi no hp masa ngulang2 terus aneh bnget sih,-1.35,Negatif,MATCH,
905,Eka Fatyati,5,2026-09-05,membantu,membantu,3,Positif,MATCH,
906,Nurul Annisa,5,2026-09-05,👍👍👍,,0,Netral,MATCH,
907,MT MAJUTAMA,5,2026-09-05,ok,ok,1.5,Positif,MATCH,
908,Sujiana Setiawan,2,2026-09-05,"Aplikasi jadi sering eror, muncul terus tagihan, padahal sudah bayar dan sudah bisa dipakai berobat ( kontrol )... Aneh",aplikasi jadi sering error muncul terus tagihan padahal sudah bayar dan sudah bisa dipakai berobat kontrol aneh,-2.5,Negatif,MATCH,
909,X Z,1,2026-09-05,mau daftar susahnya minta ampun tiap minta kode verifikasi nomer telepon pasti selalu dapet notif gangguin Mulu niat gasih ngurusin ni aplikasi,mau daftar susahnya minta ampun tiap minta kode verifikasi nomer telepon pasti selalu dapet notif gangguin terus niat gasih ngurusin ni aplikasi,0,Netral,MATCH,
910,wahyu setiawan,5,2026-09-05,keren,keren,2.5,Positif,MATCH,
911,jonlig jgira,5,2026-09-05,verifikasi agak lama,verifikasi agak lama,-2,Negatif,MISMATCH_HIGH_RATING,"Rating bintang tinggi (4-5), namun isi ulasan memuat kritik/keluhan tajam"
912,Yoga,1,2026-09-05,"Aplikasi sering error padahal buat berobat ke rumah sakit. Lebih baik datang tanpa ini aplikasi. Bikin ribet dan repot!! Juga sering Log Out sendiri namun setelah Log Out, susah Log In padahal capcha benar, nomor nik benar dan kode sandinya.",aplikasi sering error padahal buat berobat ke rumah sakit lebih baik datang tanpa ini aplikasi bikin rumit dan repot juga sering login out sendiri namun setelah login out sulit login in padahal capcha benar nomor nik benar dan kode sandinya,-5,Negatif,MATCH,
913,rommy zubair,5,2026-09-05,lebih mudah dengan menggunakan aplikasi mobile jkn,lebih mudah dengan menggunakan aplikasi mobile jkn,2.5,Positif,MATCH,
914,Maya Azarya Messah,5,2026-09-05,sangat membantu,sangat membantu,3,Positif,MATCH,
915,Bekti Az-Zahra,5,2026-09-05,ok,ok,1.5,Positif,MATCH,
916,Kahfi Maulana hafidz,1,2026-09-05,"nih aplikasi pemerintah kenapa pada ribet ribet dah. pembuatan akun sudah mengisi sesuai nomor telepon milik kita lalu setelah jadi malah butuh verifikasi. dan saat verifikasi pakai nomor telepon malah bukan nomor telepon yg di daftar sebelum nya. kan aneh! tolong lah perbaiki sistem nya,sama satu hal lagi. saat mau mengganti nomor telepon juga ribet. harus Selfi pakai KTP tapi tetep gagal aja. kenapa dah.",nih aplikasi pemerintah kenapa pada rumit rumit dah pembuatan akun sudah mengisi sesuai nomor telepon milik kita lalu setelah jadi malah butuh verifikasi dan saat verifikasi pakai nomor telepon malah bukan nomor telepon yang di daftar sebelum nya kan aneh tolong lah perbaiki sistem nya sama satu hal lagi saat mau mengganti nomor telepon juga rumit harus selfi pakai kartu tanda penduduk tapi tetep gagal aja kenapa dah,-8.5,Negatif,MATCH,
917,Ahmad Dispat,5,2026-09-05,terbaik,terbaik,3,Positif,MATCH,
918,hevin suwarno,1,2026-09-05,aplikasi sampah,aplikasi sampah,-4,Negatif,MATCH,
919,RUDY WIBOWO,5,2026-09-05,Mudah banget,mudah banget,2.5,Positif,MATCH,
920,Nobertus Muda,5,2026-09-05,sangat membantu,sangat membantu,3,Positif,MATCH,
921,Ri'as Mursyid,5,2026-09-05,segala urusan jadi lebih mudah,segala urusan jadi lebih mudah,2.5,Positif,MATCH,
922,Yazid Ilman,5,2026-09-05,sip aplikasinya,sip aplikasinya,0,Netral,MATCH,
923,Azwar Aswat,5,2026-09-05,Good luck pokoknya,good luck pokoknya,2,Positif,MATCH,
924,Neng Rahma,5,2026-09-05,gak bisa di donwlad,tidak bisa di donwlad,0,Netral,MATCH,
925,raju din,5,2026-09-05,Sudah bagus dan sangat mudah bagi saya.,sudah bagus dan sangat mudah bagi saya,4.5,Positif,MATCH,
926,Dede Rohanah,5,2026-09-05,Bagus,bagus,2,Positif,MATCH,
927,R Bejo,5,2026-09-05,cuki ai,cuki ai,0,Netral,MATCH,
928,RhierieMelody Official,5,2026-09-05,sangat terbantu,sangat terbantu,0,Netral,MATCH,
929,Dwi Nurhayati,1,2026-09-05,aplikasi eror tidak bisa mendaftar,aplikasi error tidak bisa mendaftar,-2.5,Negatif,MATCH,
930,RH music,5,2026-09-05,okriklah,okriklah,0,Netral,MATCH,
931,kiyaialam syah,5,2026-09-05,oke bagus terimakasih,oke bagus terimakasih,3.5,Positif,MATCH,
932,RH engineer,5,2026-09-05,5x complain akhirnya waras juga he5...,5x complain akhirnya waras juga he5,0,Netral,MATCH,
933,Diva Azkia Issaura,2,2026-09-05,"Mau daftar udah ribet, gagal berulang kali pula, padahal internet lancar. Aplikasi seharusnya didesain lebih inklusif.",mau daftar udah rumit gagal berulang kali pula padahal internet lancar aplikasi seharusnya didesain lebih inklusif,-2,Negatif,MATCH,
934,Golan Lumbanraja,2,2026-09-05,Tidak bisa didaftar,tidak bisa didaftar,0,Netral,MATCH,
935,Andri Aisyah,5,2026-09-05,Menggunakan jkn mobile memang mudah tidak sulit thank ya jkn mobile smoga sukses slalu k depaninnya🤲amin ya robal alamin🤲,menggunakan jkn mobile memang mudah tidak sulit thank ya jkn mobile smoga sukses slalu k depaninnya amin ya robal alamin,5.75,Positif,MATCH,
936,Dian Priatna,1,2026-09-05,lelet,lambat,-2.5,Negatif,MATCH,
937,Iim Maria,5,2026-09-05,sangat membantu,sangat membantu,3,Positif,MATCH,
938,Edi,1,2026-09-05,"mau daftar online,mesti verifikasi no HP, tpi tidak bisa",mau daftar online mesti verifikasi no hp tpi tidak bisa,0,Netral,MATCH,
939,birong simarmata,3,2026-09-05,update buat repot,update buat repot,0,Netral,MATCH,
940,Lia Rohmat,1,2026-09-05,sering kluar aplikasi sndri,sering kluar aplikasi sndri,0,Netral,MATCH,
941,Tatik Griselda,5,2026-09-05,lebih enak jadi gak repot ke kantor kalo mau ubah data,lebih enak jadi tidak repot ke kantor kalo mau ubah data,0,Netral,MATCH,
942,Rizka Nur Afifa,1,2026-09-05,"tolong diperbaiki dong sistemnya. saya kerja di security RS, keseringan pasien kami itu belum membuat akun JKN karna kondisi hpnya yg tipe lama jadi tidak bisa download aplikasi MJKN. Sering kali mereka minta tolong ke kami untuk dibuatkan akun dan numpang login akun untuk daftar rujukan ke RS. sementara aplikasinya kalo sudah login sampai 3 NIK tidak bisa login akun lagi. sampe"" saya harus ngalah akun MJKN saya sendiri sudah tidak bisa login di hp sendiri.",tolong diperbaiki dong sistemnya saya kerja di security rs keseringan pasien kami itu belum membuat akun jkn karena kondisi hpnya yang tipe lama jadi tidak bisa download aplikasi mjkn sering kali mereka minta tolong ke kami untuk dibuatkan akun dan numpang login akun untuk daftar rujukan ke rs sementara aplikasinya kalo sudah login sampai 3 nik tidak bisa login akun lagi sampe saya harus ngalah akun mjkn saya sendiri sudah tidak bisa login di hp sendiri,-2,Negatif,MATCH,
943,Bohar MHA,5,2026-09-05,"ok, memudahkan",ok memudahkan,4.5,Positif,MATCH,
944,Angga Putra,1,2026-09-05,"busuk banget ni aplikasi , kode otp gak masuk masuk",busuk banget ni aplikasi kode otp tidak masuk masuk,0,Netral,MATCH,
945,Eli Nurlaeli,5,2026-09-05,mudah dan cepat,mudah dan cepat,5,Positif,MATCH,
946,Herman Sandi,1,2026-09-05,aplikasi punya negara tapi busuk.. verivikasi nomer hp error terus,aplikasi punya negara tapi busuk verivikasi nomer hp error terus,-2.5,Negatif,MATCH,
947,Omstiff404-•WRX,1,2026-09-05,"kurang stabil nih apk, kenapa otpnya harus ada biaya, kan bisa via WhatsApp biar free gak perlu biaya",kurang stabil nih aplikasi kenapa otpnya harus ada biaya kan bisa via whatsapp biar free tidak perlu biaya,0,Netral,MATCH,
948,Herwandi wandi,1,2026-09-05,"makin kesini makin parah ni aplikasi,masak mau masuk ngk bisa,salah no nik lah,salah capca lah,maksud nya gimana ini,orang butuh mau daftar untuk berobat malah di persulit,udah ngk usah gunaiin aplikasi kalau ngk bisa login,mempersulit rakyat aja yg butuh pengobatan,tolong dong di perbaiki sistem nya,kalau ngk bisa di perbaiki,mending hapus saja aplikasi jkn nya.trims",makin kesini makin buruk ni aplikasi masak mau masuk ngk bisa salah no nik lah salah capca lah maksud nya gimana ini orang butuh mau daftar untuk berobat malah di persulit udah ngk usah gunaiin aplikasi kalau ngk bisa login mempersulit rakyat aja yang butuh pengobatan tolong dong di perbaiki sistem nya kalau ngk bisa di perbaiki mending hapus saja aplikasi jkn nya trims,-3,Negatif,MATCH,
949,romi A,5,2026-09-05,sangat membantu untuk saya yg pertama kali sebagai anggota non pekerja.pengaduan teknis cepat di respon.semangat,sangat membantu untuk saya yang pertama kali sebagai anggota non pekerja pengaduan teknis cepat di respon semangat,5.5,Positif,MATCH,
950,Febrianto Gregorius Seba,5,2026-09-05,mantap..,mantap,3,Positif,MATCH,
951,Ifan Fansuri,5,2026-09-05,always improve,always improve,0,Netral,MATCH,
952,Rifai Ariyanto,5,2026-09-05,praktis dan mudah,praktis dan mudah,5,Positif,MATCH,
953,Nasaktion,5,2026-09-05,baik,baik,2,Positif,MATCH,
954,Marsono,5,2026-09-05,jos jiss,jos jiss,0,Netral,MATCH,
955,Rona Rodiana,5,2026-09-05,pelayanan memuaskan,pelayanan memuaskan,0,Netral,MATCH,
956,Fauziah Tanjung,5,2026-09-05,sangat membantu dalam proses kesehatan,sangat membantu dalam proses kesehatan,3,Positif,MATCH,
957,Andika Liliana Rahmasahrii,1,2026-09-05,susah verifikasi wajah. udah 3 hari nyoba gak jadi²,sulit verifikasi wajah udah 3 hari nyoba tidak jadi,-2.5,Negatif,MATCH,
958,Abdul D. Wahab,4,2026-09-05,aplikasi ini sangat membantu kepengurusan BPJS tanpa harus ke kantor akan tetapi masih ada beberapa fitur yang harus di perbaiki terutama dibagian verifikasi data dan kode OTP yang masih lama,aplikasi ini sangat membantu kepengurusan bpjs tanpa harus ke kantor akan tetapi masih ada beberapa fitur yang harus di perbaiki terutama dibagian verifikasi data dan kode otp yang masih lama,1,Positif,MATCH,
959,J S,1,2026-09-05,makin JELEK dan Ga Beraturan harusnya paling Telat tgl 10 sekarang baru tgl 5 sudah didoble dan di nonaktifkan kalian ga tau susahnya cari uang sekarang hah???,makin buruk dan tidak beraturan harusnya paling telat tgl 10 sekarang baru tgl 5 sudah didoble dan di nonaktifkan kalian tidak tau susahnya cari uang sekarang hah,-3,Negatif,MATCH,
960,Sambas Hendrata,4,2026-09-05,sudah cukup bagus,sudah cukup bagus,2,Positif,MATCH,
961,Sriyuliani 699,5,2026-09-05,"adanya aplikasi Mobile JKN ini sangat sangat membantu ,terimakasih",adanya aplikasi mobile jkn ini sangat sangat membantu terimakasih,3,Positif,MATCH,
962,Babi Kecap,5,2026-09-05,sangat membantu,sangat membantu,3,Positif,MATCH,
963,Muhammad Fauzi,5,2026-09-05,bagus,bagus,2,Positif,MATCH,
964,Gilang Toxy Aprella Priadana,1,2026-09-05,kok aplikasinya gak bisa di buka sih penting woy,kok aplikasinya tidak bisa di buka sih penting woy,0,Netral,MATCH,
965,Brim Tea,3,2026-09-05,kalau bisa di bikin susah kenapa harus di gampangin. login saja susah konoha konoha,kalau bisa di bikin sulit kenapa harus di gampangin login saja sulit konoha konoha,-5,Negatif,MATCH,
966,Yoan Tyus,2,2026-09-05,"kami ini yang bayar anda buat apk agar permudah pengguna bpjs kesehatan.. kok kami di persulit untuk login dan ingin mengetahui fungsi dan kegunaan dari apk jkn ini.. tolonglah,tingkatkan kinerja anda sebagai pembuat apk bpjs.. jangan makan gaji gede aja..!!",kami ini yang bayar anda buat aplikasi agar permudah pengguna bpjs kesehatan kok kami di persulit untuk login dan ingin mengetahui fungsi dan kegunaan dari aplikasi jkn ini tolonglah tingkatkan kinerja anda sebagai pembuat aplikasi bpjs jangan makan gaji gede aja,0,Netral,MATCH,
967,s_yanto Azuma,5,2026-09-05,Pelayanan Sanggat Memuaskan,pelayanan sanggat memuaskan,0,Netral,MATCH,
968,Belmancitra 1990,5,2026-09-05,mantap,mantap,3,Positif,MATCH,
969,Melky Mandagi,5,2026-09-05,ok,ok,1.5,Positif,MATCH,
970,pondokan garis lurus,1,2026-09-05,"anggaran besar, tapi yg di hair pegawai aiti tingkat SMP, bikin aplikasi kok kek gini, kalah sama Indomaret, saya dari awal download sampai sekarang masih gak bisa login, sudah di bantu sama pegawai BPJS nya tetap aja ga bisa login, ujung2nya ga guna nih apk😔",anggaran besar tapi yang di hair pegawai aiti tingkat smp bikin aplikasi kok kek gini kalah sama indomaret saya dari awal download sampai sekarang masih tidak bisa login sudah di bantu sama pegawai bpjs nya tetap aja tidak bisa login ujung2nya tidak guna nih aplikasi,0,Netral,MATCH,
971,chintya devi,1,2026-09-05,"Aplikasi bodoh. Mungkin hampir tidak berguna. Berkali-kali selalu eror. Mau daftar saja tidak bisa. Scan wajah ulang-ulang terus. Captcha juga sangat mempersulit, tidak jelas. Tolong diperbaiki agar memudahkan.",aplikasi bodoh mungkin hampir tidak berguna berkali-kali selalu error mau daftar saja tidak bisa scan wajah ulang-ulang terus captcha juga sangat mempersulit tidak jelas tolong diperbaiki agar memudahkan,-0.85,Negatif,MATCH,
972,Rizki azlina Putri,5,2026-09-05,bagus,bagus,2,Positif,MATCH,
973,Nabella Puspitasari,5,2026-09-05,Sanggat membatu,sanggat membatu,0,Netral,MATCH,
974,usuy myf,4,2026-09-05,"mohon di perbaiki lgi dan di permudah buat cara verifikasi nya , jgn sering² logout soalnya gak selama nya org hafal kata sandi terimakasih",mohon di perbaiki lgi dan di permudah buat cara verifikasi nya jgn sering logout soalnya tidak selama nya org hafal kata sandi terimakasih,0,Netral,MATCH,
975,JF ARKANA,1,2026-09-05,lemot sekali app ini... sekarang,lambat sekali aplikasi ini sekarang,-2.5,Negatif,MATCH,
976,Saya Ultraman,5,2026-09-05,"dipermudah woi login nya masa ngulang otp doang 300s, lu kira semua orang punya waktu luang kek lu",dipermudah woi login nya masa ngulang otp doang 300s lu kira semua orang punya waktu luang kek lu,0,Netral,MATCH,
977,zhurty teja,5,2026-09-05,Mantap,mantap,3,Positif,MATCH,
978,Muhammad Roni,5,2026-09-05,mantap,mantap,3,Positif,MATCH,
979,Andy Malerang,5,2026-09-05,sangat membantu,sangat membantu,3,Positif,MATCH,
980,Diki Darma wijaya,4,2026-09-05,baguss pindah faskes tidak sulit,baguss pindah faskes tidak sulit,1.25,Positif,MATCH,
981,Basman Bas,1,2026-09-05,"aplikasi tolol sering eror,sudah antrian no 2 sampai RS malah dapet antrian no 10,tolol gak tu.dan juga sering log out sendiri,tolong di benahi",aplikasi tolol sering error sudah antrean no 2 sampai rs malah dapet antrean no 10 tolol tidak tu dan juga sering login out sendiri tolong di benahi,-2.5,Negatif,MATCH,
982,Adhytio sasmita chan,5,2026-09-05,mantap 👍👍👍,mantap,3,Positif,MATCH,
983,Dian Sopyan,5,2026-09-05,mantap,mantap,3,Positif,MATCH,
984,vvhy478,5,2026-09-04,cara mudah & cepat mengakses layanan kesehatan tanpa perlu antri.,cara mudah cepat mengakses layanan kesehatan tanpa perlu antri,5,Positif,MATCH,
985,Enni Rasel,5,2026-09-04,ok,ok,1.5,Positif,MATCH,
986,Dharma Dwitunggal,5,2026-09-04,Terima kasih atas layanan kesehatan yang memudahkan untuk rakyat,terima kasih atas layanan kesehatan yang memudahkan untuk rakyat,5,Positif,MATCH,
987,Agus Sudi Kusuma,5,2026-09-04,mantap,mantap,3,Positif,MATCH,
988,SOPAN SOPYAN,5,2026-09-04,aplikasi membantu,aplikasi membantu,3,Positif,MATCH,
989,andhika firmansyah,1,2026-09-04,gimana caranya kalo yg handphonenya masih tipe lama jadi gak bisa support apk hari ini saya mau daftarkan istri saya sakit gak bisa login2,gimana caranya kalo yang handphonenya masih tipe lama jadi tidak bisa support aplikasi hari ini saya mau daftarkan istri saya sakit tidak bisa login2,-2,Negatif,MATCH,
990,Serli Labadjo,5,2026-09-04,"Sudah bagus, sangat memudahkan",sudah bagus sangat memudahkan,5,Positif,MATCH,
991,Aprilia Katiandagho,1,2026-09-04,aplikasi tidak berguna,aplikasi tidak berguna,0,Netral,MATCH,
992,Yatty Yatty,1,2026-09-04,aplikasi eror,aplikasi error,-2.5,Negatif,MATCH,
993,tami Rizki,5,2026-09-04,sesukses,sesukses,0,Netral,MATCH,
994,Prida 75,5,2026-09-04,kok gak bisa di buka,kok tidak bisa di buka,0,Netral,MATCH,
995,Yang terdholimi Oleh koruptor,1,2026-09-04,captcha muter muter terus,captcha muter muter terus,0,Netral,MATCH,
996,agista queen,2,2026-09-04,sudah 3hari belum dapat antrian keslahan terus,sudah 3hari belum dapat antrean keslahan terus,0,Netral,MATCH,
997,Ratih Rati,1,2026-09-04,sering ganguan waktu di butuhkan aneh.,sering ganguan waktu di butuhkan aneh,0,Netral,MATCH,
998,Arga Febriyanto,2,2026-09-04,hemmm kurang memuaskan,hem kurang memuaskan,0,Netral,MATCH,
999,TBR Racing,1,2026-09-04,aplikasi ssmpah waktu di butuhkan buat ke rumah sakit malah gak bisa masuk capcha nya loading terus tolong di perbaiki,aplikasi ssmpah waktu di butuhkan buat ke rumah sakit malah tidak bisa masuk capcha nya loading terus tolong di perbaiki,0,Netral,MATCH,
1000,Rahmat Kurnianto,5,2026-09-04,ok,ok,1.5,Positif,MATCH,
1001,arief ruwanda Jaya dinata,2,2026-09-04,mau login aja susah amat,mau login aja sulit amat,-2.5,Negatif,MATCH,
1002,Rifki Agus,1,2026-09-04,"apk jembod , SMS gak dikirim kirim kemudian captcha gak bisa keluar keluar loading teross",aplikasi jembod sms tidak dikirim kirim kemudian captcha tidak bisa keluar keluar loading teross,0,Netral,MATCH,
1003,NIKMATUS SHOLIHAH,1,2026-09-04,"aplikasinya tolong diperbaiki selalu kendala daftar dan login suka buah, tolong diperbaiki karena menguji kesabaran banget kode otp tidak masuk, verifikasi wajah lama, capcha tidak muncul buat daftar aja sudah banget sampai 3 jam tidak selesai akhirnya menyerah karena capcha tidak muncul2 tapi butuh buat antrian, tolong dievaluasi lagi dan diperbaiki",aplikasinya tolong diperbaiki selalu kendala daftar dan login suka buah tolong diperbaiki karena menguji kesabaran banget kode otp tidak masuk verifikasi wajah lama capcha tidak muncul buat daftar aja sudah banget sampai 3 jam tidak selesai akhirnya menyerah karena capcha tidak muncul2 tapi butuh buat antrean tolong dievaluasi lagi dan diperbaiki,0,Netral,MATCH,
1004,Nyai 0893,1,2026-09-04,"aplikasi buruk... tiap d butuhkan ga bisa d gunakan, mau daftar antrian berobat susah ny minta ampun alhasil ga kebagian trus antrian😭 gimana si ga ada perubahan sma sekali dri dulu",aplikasi buruk tiap d butuhkan tidak bisa d gunakan mau daftar antrean berobat sulit ny minta ampun alhasil tidak kebagian terus antrean gimana si tidak ada perubahan sma sekali dari dulu,-5.5,Negatif,MATCH,
1005,Yudhistira,1,2026-09-04,"sering banget gangguan tengah malam, klo darurat kudu nunggu aplikasi bner dulu gitu?",sering banget gangguan tengah malam klo darurat kudu nunggu aplikasi bner dulu gitu,0,Netral,MATCH,
1006,Aptria Vidiarta Putri,1,2026-09-04,"sering trouble, dahal ini aplikasi penting lho, kirain wifi atau kuota saya yg bermasalah ternyata aplikasi ini yg memang lagi sering terkendala. tolong ini bukan aplikasi penghibur seperti game tp ini aplikasi berurusan sama kesehatan!!!!",sering trouble dahal ini aplikasi penting lho kirain wifi atau kuota saya yang bermasalah ternyata aplikasi ini yang memang lagi sering terkendala tolong ini bukan aplikasi penghibur seperti game tapi ini aplikasi berurusan sama kesehatan,0,Netral,MATCH,
1007,oki andhika,1,2026-09-04,"Apadah aplikasi sering ngelag gajelas gini, Aplikasi kesehatan yang jadi prioritas masyarakat masa kalah sih kualitasnya ama aplikasi game bocil bocil yang lebih jarang ngelag. PERBAIKI lagi lah kualitas apknya huuuuu!!!",apadah aplikasi sering ngelag gajelas gini aplikasi kesehatan yang jadi prioritas masyarakat masa kalah sih kualitasnya ama aplikasi game bocil bocil yang lebih jarang ngelag perbaiki lagi lah kualitas apknya hu,0,Netral,MATCH,
1008,Jack forsoc,1,2026-09-04,kecewa berat,kecewa berat,-3,Negatif,MATCH,
1009,johanes sirken,5,2026-09-04,sangat membantu,sangat membantu,3,Positif,MATCH,
1010,Fahlevi Andiska,3,2026-09-04,"Setiap login ulang, captcha nya lama munculnya, sering loss connection juga padahal koneksinya aman-aman aja kok...jujur itu yg bikin kesel, MAU BEROBAT MALAH DIPERSULIT... TOLONG DIPERBAIKI 🙏",setiap login ulang captcha nya lama munculnya sering loss connection juga padahal koneksinya aman-aman aja kok jujur itu yang bikin kesel mau berobat malah dipersulit tolong diperbaiki,-5.5,Negatif,MATCH,
1011,Ikhsan Suheri,3,2026-09-04,"Tolong diperbaiki lagi saya mau daftar online kenapa suka error mulu padahal jaringan bagus gak ada kendala, ini gimana sih suka menyusahkan rakyat saja saya ini orang yang kurang mampu malah di uji kesabaran nih sama aplikasi padahal saya punya saudara yang harus kontrol rutin",tolong diperbaiki lagi saya mau daftar online kenapa suka error terus padahal jaringan bagus tidak ada kendala ini gimana sih suka menyusahkan rakyat saja saya ini orang yang kurang mampu malah di uji kesabaran nih sama aplikasi padahal saya punya saudara yang harus kontrol rutin,3.5,Positif,MATCH,
1012,Moh Radit,3,2026-09-04,"aplikasinya udah bagus tapi pendaftarannya lama banget ada masalah ini lah itu lah,lemot banget,dan nguji kesabaran",aplikasinya udah bagus tapi pendaftarannya lama banget ada masalah ini lah itu lah lambat banget dan nguji kesabaran,-2.5,Negatif,MATCH,
1013,Dhani Febrianda,5,2026-09-04,good,good,2,Positif,MATCH,
1014,Alma Wanti,1,2026-09-04,amit amit BPJS skrg ternyata 1 akun jkn cuma buat 1 orang jd klo mau liat gambar kartu digital harus bikin per nama gila gasih negara Konoha makin dipersulit gila aja klo anggota keluarga ada 5 org ya bikin 5 akun gilaaaa,amit amit bpjs sekarang ternyata 1 akun jkn cuma buat 1 orang jd klo mau liat gambar kartu digital harus bikin per nama gila gasih negara konoha makin dipersulit gila aja klo anggota keluarga ada 5 org ya bikin 5 akun gila,-3.5,Negatif,MATCH,
1015,Halwan yusup,1,2026-09-04,"aplikasi asu, verifikasi nomor susah verifikasi email juga susah amat. kalah Ama verifikasi judol",aplikasi asu verifikasi nomor sulit verifikasi email juga sulit amat kalah ama verifikasi judol,-5,Negatif,MATCH,
1016,Yeni Nuraeni,5,2026-09-04,sangat bagus layanan nya,sangat bagus layanan nya,2,Positif,MATCH,
1017,Retno Purwaningsih,5,2026-09-04,"Alhamdulillah, sangat membantu",alhamdulillah sangat membantu,3,Positif,MATCH,
1018,Zaen Cakep,5,2026-09-04,bagus,bagus,2,Positif,MATCH,
1019,Muhammad Akil,1,2026-09-04,"saya baru mau cek BPJS dan baru daftar tapi pas masukan nomor HP kode OTP tidak di kirim"" ke SMS sampek saya mintak kirim ulang kode OTP masih gak juga",saya baru mau cek bpjs dan baru daftar tapi pas masukan nomor hp kode otp tidak di kirim ke sms sampek saya mintak kirim ulang kode otp masih tidak juga,0,Netral,MATCH,
1020,Zainal Arifin,5,2026-09-04,mantap,mantap,3,Positif,MATCH,
1021,margo utomo,5,2026-09-04,pelayan sangat baik,pelayan sangat baik,2,Positif,MATCH,
1022,Tutialawiyahh TutiAlawiyah,1,2026-09-04,tolol,tolol,0,Netral,MATCH,
1023,Yohannes Iswanto,5,2026-09-04,tanggap dan bagus,tanggap dan bagus,2,Positif,MATCH,
1024,Techno Memez,5,2026-09-04,sangat bagus,sangat bagus,2,Positif,MATCH,
1025,Way Tif,1,2026-09-04,kode otp nya ga muncul muncul hapus aja apl kaya gini ga guna,kode otp nya tidak muncul muncul hapus aja apl kaya gini tidak guna,0,Netral,MATCH,
1026,David Purnomo,1,2026-09-04,aplikasi terjelek sbntr di pengaruhi sbntr di perbarui akhirnya logout masuk lage bikin pusing,aplikasi terjelek sbntr di pengaruhi sbntr di perbarui akhirnya logout masuk lage bikin pusing,-2,Negatif,MATCH,
1027,Arta Yuliana,5,2026-09-04,mudah dipahami,mudah dipahami,2.5,Positif,MATCH,
1028,Febby Ola Cicilia,5,2026-09-04,sangat menawan dan bagus dan indah,sangat menawan dan bagus dan indah,2,Positif,MATCH,
1029,Laga Kumara,5,2026-09-04,"aplikasi gajelas saya mau verifikasi di muka gagal gagal mulu padahal sudah saya ulangin berkali kali tetap gabisa, sudah di tempat terang ga pake aksesoris tetep gabisa, ini sengaja tak kasih bintang 5 biar di baca!!",aplikasi gajelas saya mau verifikasi di muka gagal gagal terus padahal sudah saya ulangin berkali kali tetap tidak bisa sudah di tempat terang tidak pake aksesoris tetep tidak bisa ini sengaja tak kasih bintang 5 biar di baca,-4,Negatif,MISMATCH_HIGH_RATING,Taktik Bintang 5 agar ulasan dibaca/naik ke atas
1030,RENDY SAPUTRA,2,2026-09-04,"Aplikasi nya semakin update, semakin buruk tiba2 keluar sendiri dan CHAPTA ngga jelas tulisannya chapta gampang dibikin susah",aplikasi nya semakin update semakin buruk tiba2 keluar sendiri dan chapta tidak jelas tulisannya chapta gampang dibikin sulit,-9.85,Negatif,MATCH,
1031,Barokah Farm,1,2026-09-04,"aplikasi cacat, logout sendiri mau login sudah 3 hari gak bisa masuk , otp gak dikirim2 , sudah tau kalau rujukan rumah sakit harus online. bosok. tolong ditanggapi.",aplikasi cacat logout sendiri mau login sudah 3 hari tidak bisa masuk otp tidak dikirim2 sudah tau kalau rujukan rumah sakit harus online bosok tolong ditanggapi,0,Netral,MATCH,
1032,Teguh Widodo,1,2026-09-04,aplikasinya sangat susah untuk orang tua. untuk menerima SMS harus punya pulsa,aplikasinya sangat sulit untuk orang tua untuk menerima sms harus punya pulsa,-2.5,Negatif,MATCH,
1033,Randipurba1990,5,2026-09-04,baiksekaliboskuh,baiksekaliboskuh,0,Netral,MATCH,
1034,Dewisri widowati,1,2026-09-04,"apa apa di persulit heran, mau verifikasi aja susah banget setan",apa apa di persulit heran mau verifikasi aja sulit banget setan,-2.5,Negatif,MATCH,
1035,Arif Hidayat,5,2026-09-04,"Saya ucapkan Terimakasih banyak, dengan adanya program BPJS ini sangat membantu sekali.",saya ucapkan terimakasih banyak dengan adanya program bpjs ini sangat membantu sekali,3,Positif,MATCH,
1036,Putra F Hia,5,2026-09-04,bagus,bagus,2,Positif,MATCH,
1037,Asih 10,3,2026-09-04,apknya susah banget pas baru daftar katanya buat mempermudah tapi malah di persulit,apknya sulit banget pas baru daftar katanya buat mempermudah tapi malah di persulit,-2.5,Negatif,MATCH,
1038,DIDIK KN,5,2026-09-04,memudahkan transaksi,memudahkan transaksi,3,Positif,MATCH,
1039,Dwi Zahra Valerina,3,2026-09-04,"salah banget pilih metode verifikasinya pakai SMS, harus pakai pulsa",salah banget pilih metode verifikasinya pakai sms harus pakai pulsa,0,Netral,MATCH,
1040,Trio Yadiwinata,5,2026-09-04,josssss,jos,0,Netral,MATCH,
1041,Ma Nik,5,2026-09-04,TOP dan memudahkan,top dan memudahkan,5.5,Positif,MATCH,
1042,Mochammed Zakaria Yahya,1,2026-09-04,kenapa ya pas mau daftar dipersulit sama captcha nya yang gak mau keluar meskipun pakai jaringan apapun?,kenapa ya pas mau daftar dipersulit sama captcha nya yang tidak mau keluar meskipun pakai jaringan apapun,-3.5,Negatif,MATCH,
1043,Nisa Arta,5,2026-09-04,memuaskan sangat sangat,memuaskan sangat sangat,0,Netral,MATCH,
1044,Josua Turnip,1,2026-09-04,"pendaftarannya susah, harus verifikasi setiap kolom, dah gitu verifikasi susah kali",pendaftarannya sulit harus verifikasi setiap kolom dah gitu verifikasi sulit kali,-5,Negatif,MATCH,
1045,Azka Saputra,5,2026-09-04,bagus dan membantu juga,bagus dan membantu juga,5,Positif,MATCH,
1046,Sela Arianja,5,2026-09-04,Mantap,mantap,3,Positif,MATCH,
1047,Sudahnan Bintang,5,2026-09-04,bagus,bagus,2,Positif,MATCH,
1048,Sriaja Nyoman,5,2026-09-04,mantap,mantap,3,Positif,MATCH,
1049,Monica Novena Sinaga,5,2026-09-04,sudah lebih baik,sudah lebih baik,2,Positif,MATCH,
1050,Yulida,1,2026-09-04,tolol,tolol,0,Netral,MATCH,
1051,JB5 BANYUWANGI,5,2026-09-04,bagus membantu sekali,bagus membantu sekali,5,Positif,MATCH,
1052,Tatang Sutisna,5,2026-09-04,respon cepat dan mudah,respon cepat dan mudah,5,Positif,MATCH,
1053,Khanza Askyana,5,2026-09-04,sangat puas sekali memudahkan pelanggan,sangat puas sekali memudahkan pelanggan,6,Positif,MATCH,
1054,Ebenezer Maharadja Official,5,2026-09-04,lebih nyaman juga pake aplikasi mobile jkn,lebih nyaman juga pake aplikasi mobile jkn,2.5,Positif,MATCH,
1055,Dani Irpan,1,2026-09-04,otp gak dapet dapet,otp tidak dapet dapet,0,Netral,MATCH,
1056,Wahyu Hendry,1,2026-09-04,"kalau harus update dan perangkat tidak kompatibel, hal ini sangat merugikan peserta JKN karna tidak semua orang mampu membeli/memiliki perangkat yg kompatibel",kalau harus update dan perangkat tidak kompatibel hal ini sangat merugikan peserta jkn karena tidak semua orang mampu membeli memiliki perangkat yang kompatibel,0,Netral,MATCH,
1057,Josua Manggaratua,5,2026-09-04,ok,ok,1.5,Positif,MATCH,
1058,Chorinda Triwidyastara,1,2026-09-04,APLIKASI BOBROKK DEVELOPER TOLOL KALO BELUM SIAP BIKIN APL GAUSA BIKIN TOLOL. GINI AMAT APL DARI PEMERINTAH,aplikasi bobrokk developer tolol kalo belum siap bikin apl gausa bikin tolol gini amat apl dari pemerintah,0,Netral,MATCH,
1059,Wa Ode Harnisa,5,2026-09-04,saya sangat suka pelayanan disini,saya sangat suka pelayanan disini,2,Positif,MATCH,
1060,Din Din,1,2026-09-04,"kacaw kacaw, tiga hari nunggu otp berkali kali kirim ulang dengan nomor yang berbeda beda, sama sekali gak muncul sms/wa/telpon, dikit dikit eror padahal jaringan lancar banget, emang semua aplikasi plat merah kaya gini?, dana kan banyak coba di evaluasi buat tim developer yang berkompeten,",kacaw kacaw tiga hari nunggu otp berkali kali kirim ulang dengan nomor yang berbeda beda sama sekali tidak muncul sms wa telpon dikit dikit error padahal jaringan lancar banget emang semua aplikasi plat merah kaya gini dana kan banyak coba di evaluasi buat tim developer yang berkompeten,0,Netral,MATCH,
1061,Roni Kurniawan,1,2026-09-04,woy betulin tuh apk jangan logout Mulu bangsat !!!,woy betulin tuh aplikasi jangan logout terus bangsat,0,Netral,MATCH,
1062,Mami Idaman,2,2026-09-04,kena ga bisa di downlod Ama Vivo y19,kena tidak bisa di downlod ama vivo y19,0,Netral,MATCH,
1063,Agung Danwood,5,2026-09-04,oke siap aplikasi nya,oke siap aplikasi nya,1.5,Positif,MATCH,
1064,ksatria kampoeng,5,2026-09-04,simple dan praktis,simple dan praktis,2.5,Positif,MATCH,
1065,Tama Arga,1,2026-09-04,verifikasi otp baik nomer hp ataupun email susahnya minta ampun,verifikasi otp baik nomer hp ataupun email susahnya minta ampun,2,Positif,MISMATCH_LOW_RATING,Salah klik rating / Human error (Isi ulasan berupa pujian murni)
1066,julyan,1,2026-09-04,verifikasi nomor handphone gak bisa teros!,verifikasi nomor handphone tidak bisa teros,0,Netral,MATCH,
1067,faisal rifani,1,2026-09-04,"kalau bisa verifikasi no hp hilangkan aja,saya gak ada no hp,mau beli kartu lagi tapi disini gak ada sinyal,saya pakai wifi,jadi mau daftar di app ini gak bisa jadi app ini gak bisa dipakai alias gak berguna",kalau bisa verifikasi no hp hilangkan aja saya tidak ada no hp mau beli kartu lagi tapi disini tidak ada sinyal saya pakai wifi jadi mau daftar di aplikasi ini tidak bisa jadi aplikasi ini tidak bisa dipakai alias tidak berguna,0,Netral,MATCH,
1068,Bagus Saputro,1,2026-09-04,daftar jkn ggal trs pulsanya ada nomer sudah bner semua data aakurat tp tetap ditolak,daftar jkn ggal terus pulsanya ada nomer sudah bner semua data aakurat tapi tetap ditolak,-2.5,Negatif,MATCH,
1069,Salfiati,1,2026-09-04,"mau daftar verivikasi no hp susah bgt,sudah dicoba beberapa kali ngga jadi"" padahal mau buat daftar online buat kontrol",mau daftar verivikasi no hp sulit banget sudah dicoba beberapa kali tidak jadi padahal mau buat daftar online buat kontrol,-2.5,Negatif,MATCH,
1070,Rahmat Efendi,4,2026-09-04,👍,,0,Netral,MATCH,
1071,wiki marta kusuma,5,2026-09-04,mantap,mantap,3,Positif,MATCH,
1072,Abay Thea,1,2026-09-04,aplikasi p A,aplikasi p a,0,Netral,MATCH,
1073,Ayah Yahya LUBIS,5,2026-09-04,Bagus sangat membantu,bagus sangat membantu,5,Positif,MATCH,
1074,suranto sastrosudarmo,5,2026-09-04,"aplikasi sangat membantu, dan memudahkan peserta BPJS",aplikasi sangat membantu dan memudahkan peserta bpjs,6,Positif,MATCH,
1075,Uunge Kewode,5,2026-09-04,Sangat membantu sekali,sangat membantu sekali,3,Positif,MATCH,
1076,Hiburan & Petualangan,5,2026-09-04,ternyata mobile jkn menggunakan os wajibnya versi 10. mohon dibantu untuk masyarakat pengguna mobile jkn yang masih menggunakan os wajib dibawah versi 10. agar dapat berobat dan mendaftar via mobile jkn. terima kasih admin. 🙏 Recommended 👍,ternyata mobile jkn menggunakan os wajibnya versi 10 mohon dibantu untuk masyarakat pengguna mobile jkn yang masih menggunakan os wajib dibawah versi 10 agar dapat berobat dan mendaftar via mobile jkn terima kasih admin recommended,5,Positif,MATCH,
1077,dicky ono,1,2026-09-04,kalau bisa sulit kenapa harus dipermudah,kalau bisa sulit kenapa harus dipermudah,-2.5,Negatif,MATCH,
1078,Aditya P P,3,2026-09-04,"gangerti lagi deh pas butuh mesti suka logout, terus chaptanya error, pas pilih faskes lalu poli dan milih tanggal malah datanya gabener, bilang pilih jam kerja lain padahal pilihannya udah muncul, aneh deh servernya benerin dong, aplikasi bagus terkendala mulu dah",gangerti lagi deh pas butuh mesti suka logout terus chaptanya error pas pilih faskes lalu poli dan milih tanggal malah datanya gabener bilang pilih jam kerja lain padahal pilihannya udah muncul aneh deh servernya perbaiki dong aplikasi bagus terkendala terus dah,1.5,Positif,MATCH,
1079,Chandra Budiyanto,1,2026-09-04,"sangat buruk, login gagal terus nik salah",sangat buruk login gagal terus nik salah,-5.5,Negatif,MATCH,
1080,Fauzan Muhamad,5,2026-09-04,apk mudah digunakan dan sangat membantu,aplikasi mudah digunakan dan sangat membantu,5.5,Positif,MATCH,
1081,Aditya Armando,1,2026-09-04,"apk tolol orang mau berobat pun harus online online! apa guna suster"" sama perawat di tempat? udah apk lelet maksa suruh orang online gblk. mikir orang sakit di suruh daftar online",aplikasi tolol orang mau berobat pun harus online online apa guna suster sama perawat di tempat udah aplikasi lambat maksa suruh orang online gblk mikir orang sakit di suruh daftar online,-2.5,Negatif,MATCH,
1082,Wahyu Hidayat,1,2026-09-04,"tolong apknya di perbaiki bugnya dan di tingkatin lagi dah, masa mau verifikasipun di persulit. mau verifikasi pakai sms keteranganya nomor kosong padahal saat saya daftar apknya pakai nomor yang sama tidak ada masalah sama sekali, lalu mau pakai verifikasi mukapun selalu gagal loh mana yang mau di vermuk itu kakek saya yang sudah lansia.",tolong apknya di perbaiki bugnya dan di tingkatin lagi dah masa mau verifikasipun di persulit mau verifikasi pakai sms keteranganya nomor kosong padahal saat saya daftar apknya pakai nomor yang sama tidak ada masalah sama sekali lalu mau pakai verifikasi mukapun selalu gagal loh mana yang mau di vermuk itu kakek saya yang sudah lansia,-2.5,Negatif,MATCH,
1083,Reva Permana,5,2026-09-04,sangat membantu,sangat membantu,3,Positif,MATCH,
1084,Yoghi Rahaditya,2,2026-09-04,captcha antara angka 1 dan 7 mirip jadi gak jelas,captcha antara angka 1 dan 7 mirip jadi tidak jelas,-1.35,Negatif,MATCH,
1085,Zahra Adinda,2,2026-09-04,di upgrade bukannya tambah bagus. malah tambah parahhh,di upgrade bukannya tambah bagus malah tambah buruk,-1,Negatif,MATCH,
1086,Rio Septian,1,2026-09-04,"Server dibenerin dong, masa dibilang offline padahal lagi online pas mau dftr antrean",server dibenerin dong masa dibilang offline padahal lagi online pas mau daftar antrean,0,Netral,MATCH,
1087,Manda Yulya,2,2026-09-04,lagi buru buru mau mindahin faskes BPJS malah susah banget buat dapet otp ke sms,lagi buru buru mau mindahin faskes bpjs malah sulit banget buat dapet otp ke sms,-2.5,Negatif,MATCH,
1088,Nia Aj,4,2026-09-04,sangat sangat membantu,sangat sangat membantu,3,Positif,MATCH,
1089,Azkiya Khanza Mikayla,5,2026-09-04,membantu sekali,membantu sekali,3,Positif,MATCH,
1090,Sri Wijayanti,5,2026-09-04,bagus,bagus,2,Positif,MATCH,
1091,allan aldy,5,2026-09-04,sangat membantu,sangat membantu,3,Positif,MATCH,
1092,Hodaizin WH,1,2026-09-04,kenapa hp saya tidak bisa mendowlod aplikasi ini,kenapa hp saya tidak bisa mendowlod aplikasi ini,0,Netral,MATCH,
1093,Agus Hermawan,5,2026-09-04,sangat membantu,sangat membantu,3,Positif,MATCH,
1094,Ika Susanto,5,2026-09-04,okeee,oke,1.5,Positif,MATCH,
1095,Muhammad Iqbal,1,2026-09-04,aplikasi eror,aplikasi error,-2.5,Negatif,MATCH,
1096,diah ira,5,2026-09-04,Fast Respon 👍🏻,fast respon,0,Netral,MATCH,
1097,Teddy Mizward,5,2026-09-04,ini sengaja bngt EMG kalian ya apa2 yg menyangkut masyarakat selalu di bikin susah.saya yg tidak gaptek aja kesusahan mau logging.kbnyakan dramanya.gmn org2 tua yg kurang mengerti.fikir dong jgn bisa nya mempersulit aja kalian ini.mkin kesini bukanya mkin bagus mlh mkin busuk!!,ini sengaja bngt emg kalian ya apa2 yang menyangkut masyarakat selalu di bikin sulit saya yang tidak gaptek aja kesusahan mau logging kbnyakan dramanya gmn org2 tua yang kurang mengerti fikir dong jgn bisa nya mempersulit aja kalian ini mkin kesini bukanya mkin bagus mlh mkin busuk,-0.5,Netral,MATCH,
1098,Riefit Herifitri,3,2026-09-03,susah banget mau daftar ferivikasinya,sulit banget mau daftar ferivikasinya,-2.5,Negatif,MATCH,
1099,Arik Sajah,5,2026-09-03,Sangat membantu,sangat membantu,3,Positif,MATCH,
1100,Kathrin Yessie,1,2026-09-03,"versinya telah diperpaharui, tapi membuat saya pusing, krn tidak busa mendownload versi yg terbaru ini. katanya ""Perangkat anda tidak kompatibel dengan versi ini"". padahal dulu tidak begini 😣 masak harus beli Hp baru yg RAM yg lebih bagus lagi, hanya utk bisa mendownload jkn, parah sih ini.",versinya telah diperpaharui tapi membuat saya pusing karena tidak busa mendownload versi yang terbaru ini katanya perangkat anda tidak kompatibel dengan versi ini padahal dulu tidak begini masak harus beli hp baru yang ram yang lebih bagus lagi hanya untuk bisa mendownload jkn buruk sih ini,-3,Negatif,MATCH,
1101,PASCKAL VICKY TAMBINGON,1,2026-09-03,Info Riwayat Pelayanan Tidak Bisa di Aksess,info riwayat pelayanan tidak bisa di aksess,0,Netral,MATCH,
1102,fikram daialang,5,2026-09-03,bermanfaat bagi semua warga indonesi.,bermanfaat bagi semua warga indonesi,3,Positif,MATCH,
1103,Kevin krisan,2,2026-09-03,tolong di perbaiki juga apk nya sering error pas mau pendaftaran dan juga kalau dokter nya cuti di apk pas di Samper ada dong itu juga di perbaiki,tolong di perbaiki juga aplikasi nya sering error pas mau pendaftaran dan juga kalau dokter nya cuti di aplikasi pas di samper ada dong itu juga di perbaiki,-2.5,Negatif,MATCH,
1104,Errief Wibowo,5,2026-09-03,"SYSTEM MINTA DI UPDATE, TAPI KETIKA DILAKUKAN UPDATE DI HP SELALU GAGAL",system minta di update tapi ketika dilakukan update di hp selalu gagal,-2.5,Negatif,MISMATCH_HIGH_RATING,"Rating bintang tinggi (4-5), namun isi ulasan memuat kritik/keluhan tajam"
1105,Mamat Sujana,5,2026-09-03,memunculkan di layar hp?,memunculkan di layar hp,0,Netral,MATCH,
1106,Didik 022021,5,2026-09-03,oke,oke,1.5,Positif,MATCH,
1107,abangk Boncell,1,2026-09-03,aplikasi tolol disuruh buat akun giliran verifikasi nomer hp ga dapet smsnya tolol tolol,aplikasi tolol disuruh buat akun giliran verifikasi nomer hp tidak dapet smsnya tolol tolol,0,Netral,MATCH,
1108,Hengky Kemal,4,2026-09-03,Sangat membantu masyarakat,sangat membantu masyarakat,3,Positif,MATCH,
1109,dede usman,5,2026-09-03,sangat membantu dan bisa cek di aplikasi detail rekam medis,sangat membantu dan bisa cek di aplikasi detail rekam medis,3,Positif,MATCH,
1110,Pridan Nur_,1,2026-09-03,sumpah ini apk ga jelas banget verifikasi no Hp aja susah banget,sumpah ini aplikasi tidak jelas banget verifikasi no hp aja sulit banget,-3.85,Negatif,MATCH,
1111,Alvino keynan Askara,3,2026-09-03,kurang memuaskan . susah bgt mau daftar online ke faskes 1 gagal terus,kurang memuaskan sulit banget mau daftar online ke faskes 1 gagal terus,-1.25,Negatif,MATCH,
1112,abdul nurdin,5,2026-09-03,mantap...,mantap,3,Positif,MATCH,
1113,Nesya asyfa,4,2026-09-03,"aslinya bagus mempermudah juga tapi klo mau daftar antrian itu kadang agak susah kadang bisa kadang engga aku mau daftar aja tiba"" gabisa karna nomor kesehatan nya gaada pdhl jelas"" udah terdaftar dan udah tertera tapi pas di klik malah ga muncul hari ini lagi di butuhin banget malah ga bisa ini gimana sih, TOLONG DI PERBAIKI",aslinya bagus mempermudah juga tapi klo mau daftar antrean itu kadang agak sulit kadang bisa kadang engga aku mau daftar aja tiba tidak bisa karena nomor kesehatan nya gaada pdhl jelas udah terdaftar dan udah tertera tapi pas di klik malah tidak muncul hari ini lagi di butuhin banget malah tidak bisa ini gimana sih tolong di perbaiki,1,Positif,MATCH,
1114,Lian Suroi,4,2026-09-03,"mudah untuk digunakan, update datanya lebih cepat tidak menunggu sampai besok hari data bisa dirubah",mudah untuk digunakan update datanya lebih cepat tidak menunggu sampai besok hari data bisa dirubah,5,Positif,MATCH,
1115,Selfi Rinzani,3,2026-09-03,"aplikasi nyh bagus membantu memudhkan kita untuk mengambil antrian atau pun mengetahui terkait jadwal² kita kontrol, namun perlu di perhatikan aplikasi ini sangatt sangatt menguras kesabaran kami!! akun kami sering logout sendiri harus login kembali padahal sudah beberapa kali di loginkan hingga banyak kendala akun kami tidak bisa masuk di karenakan nomber telpon tidak sama dengan no bpjs lah, sandi salah lah dan lain sebagainyh pdahal baru saja minggu kemarin kami betulkan akun nyh!!!!!!!!!!!!!",aplikasi nyh bagus membantu memudhkan kita untuk mengambil antrean atau pun mengetahui terkait jadwal kita kontrol namun perlu di perhatikan aplikasi ini sangatt sangatt menguras kesabaran kami akun kami sering logout sendiri harus login kembali padahal sudah beberapa kali di loginkan hingga banyak kendala akun kami tidak bisa masuk di karenakan nomber telpon tidak sama dengan no bpjs lah sandi salah lah dan lain sebagainyh pdahal baru saja minggu kemarin kami betulkan akun nyh,5,Positif,MATCH,
1116,Novita Ajja,1,2026-09-03,tidak bisa di download,tidak bisa di download,0,Netral,MATCH,
1117,saturnus,1,2026-09-03,ini login gabisa kenapa emangnya ya? kesalahan mulu padahal sinyal lancar udah daftar juga..,ini login tidak bisa kenapa emangnya ya kesalahan terus padahal sinyal lancar udah daftar juga,2.5,Positif,MISMATCH_LOW_RATING,Salah klik rating / Human error (Isi ulasan berupa pujian murni)
1118,Awalin Ayudya,4,2026-09-03,cukup memudahkan,cukup memudahkan,3,Positif,MATCH,
1119,Yoko Chaerudin,1,2026-09-03,apk busuk. verifikasi aja susah banget ga bisa2. malah jadi menyusahkan masyarakat,aplikasi busuk verifikasi aja sulit banget tidak bisa2 malah jadi menyusahkan masyarakat,-2.5,Negatif,MATCH,
1120,Hamdi Chemistry,1,2026-09-03,"MW daftar aja repot , bolak balik gagal Mulu",mw daftar aja repot bolak balik gagal terus,-2.5,Negatif,MATCH,
1121,Lailatur Rohmah,1,2026-09-03,katanya kalau mau pengaduan bisa wa di pandawa sudah wa dan di kasih link pas mau isi di segmen peserta nya ternyata tidak bisa diisi keterangan nya (tidak ada pilihan) pas tak isi tulisan manual juga tidak bisa bagaimana ini admin kok ribet sekali tolong dong 🙏 saya sudah berkali kali tapi hasilnya selalu muter2 katanya suruh di link a trus pindah di link b ujung2nya tidak ada titik terang nya saya ingin masuk tapi nomor saya sudah di pakai orang lain tp siapa saya tidak tau bgmn sy mau msk,katanya kalau mau pengaduan bisa wa di pandawa sudah wa dan di kasih link pas mau isi di segmen peserta nya ternyata tidak bisa diisi keterangan nya tidak ada pilihan pas tak isi tulisan manual juga tidak bisa bagaimana ini admin kok rumit sekali tolong dong saya sudah berkali kali tapi hasilnya selalu muter2 katanya suruh di link a terus pindah di link b ujung2nya tidak ada titik terang nya saya ingin masuk tapi nomor saya sudah di pakai orang lain tapi siapa saya tidak tau bgmn saya mau msk,-2,Negatif,MATCH,
1122,Jutta Agung,1,2026-09-03,susah masuk,sulit masuk,-2.5,Negatif,MATCH,
1123,Abdul Mujib,1,2026-09-03,"selalu logout, menyusahkan.",selalu logout menyusahkan,0,Netral,MATCH,
1124,chendik_ 87 chanel,1,2026-09-03,"aplikasi apa ini..dulu bagus,, sekarang entah lah..verifikasi SMS suruh mencoba lagi..",aplikasi apa ini dulu bagus sekarang entah lah verifikasi sms suruh mencoba lagi,2,Positif,MISMATCH_LOW_RATING,Salah klik rating / Human error (Isi ulasan berupa pujian murni)
1125,Satria Puji,5,2026-09-03,sangat membantu,sangat membantu,3,Positif,MATCH,
1126,Ayah Fajar,5,2026-09-03,good,good,2,Positif,MATCH,
1127,Riky Putra minang,5,2026-09-03,sangat membantu,sangat membantu,3,Positif,MATCH,
1128,Kartika Tika,5,2026-09-03,lebih mudah,lebih mudah,2.5,Positif,MATCH,
1129,Muhammad Johan,5,2026-09-03,bagus,bagus,2,Positif,MATCH,
1130,Titha didi,5,2026-09-03,aplikasi yang memudahkan orng seperti saya,aplikasi yang memudahkan orng seperti saya,3,Positif,MATCH,
1131,Fayat Zabihullah,1,2026-09-03,ini saya nunggu kode OTP butuh berapa jam biar dikirim? apk jelek,ini saya nunggu kode otp butuh berapa jam biar dikirim aplikasi buruk,-3,Negatif,MATCH,
1132,Ahmad fahmi,5,2026-09-03,ok,ok,1.5,Positif,MATCH,
1133,Seknas 2019,5,2026-09-03,josjis,josjis,0,Netral,MATCH,
1134,Yeremias Yeri,5,2026-09-03,sangat memuaskan,sangat memuaskan,0,Netral,MATCH,
1135,Ir.james James Erland,5,2026-09-03,Semoga bertambah baik pelayanan di setiap Rumah Sakit dan Puskemas atau setiap faskes untuk kami pengguna BPJS,semoga bertambah baik pelayanan di setiap rumah sakit dan puskemas atau setiap faskes untuk kami pengguna bpjs,2,Positif,MATCH,
1136,Honda Supra fit,5,2026-09-03,hanya bintang yg berbicara,hanya bintang yang berbicara,0,Netral,MATCH,
1137,Selvi Ariga,5,2026-09-03,sangat memudahkan dalam pelayanan kesehatan,sangat memudahkan dalam pelayanan kesehatan,3,Positif,MATCH,
1138,Dede Sukmayadi,5,2026-09-03,mantap,mantap,3,Positif,MATCH,
1139,Suardi,1,2026-09-03,"di 2026 ini aplikasi nya cukup kuno ,ribet bgt tiap kali mau masuk aja ,tolong",di 2026 ini aplikasi nya cukup kuno rumit banget tiap kali mau masuk aja tolong,-2,Negatif,MATCH,
1140,Badai Satria,2,2026-09-03,dulu aman2 sja dan normal. sekarang mau login saja susah. padahal ngisi kata sandi dan no nik sudah benar. captcha juga sudah benar. l..,dulu aman2 sja dan normal sekarang mau login saja sulit padahal ngisi kata sandi dan no nik sudah benar captcha juga sudah benar l,-2.5,Negatif,MATCH,
1141,Surya Surya,1,2026-09-03,"halo tim IT JKN Mobile kenapa saya tidak daftar ya pas masukin nomor telepon ""permintaan belum dapat di proses"" apa coba",halo tim it jkn mobile kenapa saya tidak daftar ya pas masukin nomor telepon permintaan belum dapat di proses apa coba,0,Netral,MATCH,
1142,Dea Ananda,5,2026-09-03,baik,baik,2,Positif,MATCH,
1143,Supp,1,2026-09-03,"Aplikasi burukk, Tidak bisa login saat verifikasi kode oto lewat sms. sudh mencoba ganti nomor berkali-kali-kali-kali. tetap tidak bisa! aplikasi sangat buruk dan tidak membantu! 🤢🤢🤢🤮",aplikasi burukk tidak bisa login saat verifikasi kode oto lewat sms sudh mencoba ganti nomor berkali-kali-kali-kali tetap tidak bisa aplikasi sangat buruk dan tidak membantu,-5.7,Negatif,MATCH,
1144,Nova Herdiana Herdiana,1,2026-09-03,setiap mau daftar keklinik error terus tolong di perbaiki lagi aplikasinya,setiap mau daftar keklinik error terus tolong di perbaiki lagi aplikasinya,-2.5,Negatif,MATCH,
1145,Sion Yon,5,2026-09-03,bagus,bagus,2,Positif,MATCH,
1146,Balak Tiga,5,2026-09-03,mantap👍,mantap,3,Positif,MATCH,
1147,celcius mugara,1,2026-09-03,"apk sampah udah daftar berhasil buat login pun susah , nih apk buatnya ngasal ngasal kali padahal udah bener password sama masukin captchanya masih aja gagal masuk. tolonglah buat developernya perbaiki tuh bug aplikasinya masa banyak bug, udah daftar berhasil saya buat masuk login engga bisa sama sekali.",aplikasi sampah udah daftar berhasil buat login pun sulit nih aplikasi buatnya ngasal ngasal kali padahal udah benar password sama masukin captchanya masih aja gagal masuk tolonglah buat developernya perbaiki tuh bug aplikasinya masa banyak bug udah daftar berhasil saya buat masuk login engga bisa sama sekali,-9,Negatif,MATCH,
1148,Pepen Supendi,5,2026-09-03,Cukup Puas,cukup puas,3,Positif,MATCH,
1149,Elsa Ayu,1,2026-09-03,"aplikasi gebleg, mau masuk ke akun susahnya pol, apalagi kalau lupa password, gak bisa masuk² sampe berhari-hari.. bener² aplikasi kek anjir..",aplikasi gebleg mau masuk ke akun susahnya pol apalagi kalau lupa password tidak bisa masuk sampe berhari-hari benar aplikasi kek anjir,0,Netral,MATCH,
1150,Nasidin Sidin,5,2026-09-03,bagus,bagus,2,Positif,MATCH,
1151,Tela Pisang,1,2026-09-03,aplikasi belum optimal padahal aplikasi warga registrasi pun di persulit dan susah selalu gagal payah ni,aplikasi belum optimal padahal aplikasi warga registrasi pun di persulit dan sulit selalu gagal payah ni,-8,Negatif,MATCH,
1152,Makmur Jaya abadi,5,2026-09-03,mudah menggunakannya membantu sekali,mudah menggunakannya membantu sekali,5.5,Positif,MATCH,
1153,Ria Pus,1,2026-09-03,"aplikasi cacat sumpah , saya ambil anterian di dokter A , dokter A slesai bertugas ny smpe 14:30 , sya ambil di jam 13:30 dan sya dpt no antrian ke dokter A tsb , eh pas ksana no antrian tiba2 hilang , dan dokter A dstu ket sudah ttp , gw cpe2 ksna dsruh prawat nya ambil lagi aja , kan bobrok ya , ya gmn mau ambil dokter yg bru ny ada di jam 14:30 , sdg kan sya udh sbr nunggu di jam 13:30 , it brrt gw musti nnggu 1 jam lgi , tlong lh siapa yg ngelola in apk jgn dzolim , kta byr tiap bln bkn grts",aplikasi cacat sumpah saya ambil anterian di dokter a dokter a slesai bertugas ny smpe 14 30 sya ambil di jam 13 30 dan sya dpt no antrean ke dokter a tsb eh pas ksana no antrean tiba2 hilang dan dokter a dstu ket sudah ttp gw cpe2 ksna dsruh prawat nya ambil lagi aja kan bobrok ya ya gmn mau ambil dokter yang bru ny ada di jam 14 30 sdg kan sya sudah sbr nunggu di jam 13 30 it brrt gw musti nnggu 1 jam lgi tlong lh siapa yang ngelola in aplikasi jgn dzolim kta byr tiap bln bkn grts,0,Netral,MATCH,
1154,Ainun Heri,5,2026-09-03,mantap pelayannya,mantap pelayannya,3,Positif,MATCH,
1155,MUCHTIAR TIAR,5,2026-09-03,Sangat bagus & berguna sekali buat masyarakat dlm berobat 👍,sangat bagus berguna sekali buat masyarakat dlm berobat,2,Positif,MATCH,
1156,Wilhelmus Fransiskus23,5,2026-09-03,sangat membantu,sangat membantu,3,Positif,MATCH,
1157,Niti Safitri,3,2026-09-03,pelayanan sudah baik,pelayanan sudah baik,2,Positif,MATCH,
1158,Anonim -,1,2026-09-03,"APLIKASI PEMERINTAH TIDAK PERNAH BAGUS, SELALU BANYA ERRORNY, SEDANGKAN PERSYARATAN LEWAT APLIKASI, PEMERINTAH BOBROK",aplikasi pemerintah tidak pernah bagus selalu banya errorny sedangkan persyaratan lewat aplikasi pemerintah bobrok,-1.8,Negatif,MATCH,
1159,Haikal Putra,5,2026-09-03,🥰,,0,Netral,MATCH,
1160,khoirun nisa,5,2026-09-03,baik baik terima kasih,baik baik terima kasih,6,Positif,MATCH,
1161,Ekadui Trisna,5,2026-09-03,sangat membantu,sangat membantu,3,Positif,MATCH,
1162,andy pongok,5,2026-09-03,aplikasi yang sangat membantu,aplikasi yang sangat membantu,3,Positif,MATCH,
1163,Susanti,5,2026-09-03,"saya sangat puas selama di rawat du rumah sakit m zein ini, karena fasilitas nya lengkap dan ruangan nya bersih",saya sangat puas selama di rawat du rumah sakit m zein ini karena fasilitas nya lengkap dan ruangan nya bersih,3,Positif,MATCH,
1164,My Bhy,5,2026-09-03,bagus,bagus,2,Positif,MATCH,
1165,Isti Baru,5,2026-09-03,memudahkan,memudahkan,3,Positif,MATCH,
1166,Rizky,1,2026-09-03,apk nya sampah ngga bisa membantu....stiap kirim kode via no hp kode ngga pernah di kirim2 sudah saya coba sampai 3 no hp berbeda tapi tetap aja sama aja bilang apk nya dari pemerintah tapi merpersulit orng untuk akses pdahal saya butuh banget buat control ke rumah sakit,aplikasi nya sampah tidak bisa membantu stiap kirim kode via no hp kode tidak pernah di kirim2 sudah saya coba sampai 3 no hp berbeda tapi tetap aja sama aja bilang aplikasi nya dari pemerintah tapi merpersulit orng untuk akses pdahal saya butuh banget buat control ke rumah sakit,-1,Negatif,MATCH,
1167,Afriyanto Subakti,1,2026-09-03,kenapa saya tidak bisa mendownload apk ini????,kenapa saya tidak bisa mendownload aplikasi ini,0,Netral,MATCH,
1168,Husaini Muhammad,5,2026-09-03,cepat dan responsif,cepat dan responsif,2.5,Positif,MATCH,
1169,Sulham Musa,4,2026-09-03,mohon di permudah,mohon di permudah,0,Netral,MATCH,
1170,galih suyoga,5,2026-09-03,oke,oke,1.5,Positif,MATCH,
1171,Mulyadi Sukses,5,2026-09-03,sangat terbantu,sangat terbantu,0,Netral,MATCH,
1172,rukhana habibah,5,2026-09-03,"Aplikasi jauh lebih baik, mudah penggunaanya",aplikasi jauh lebih baik mudah penggunaanya,4.5,Positif,MATCH,
1173,Alshaka Dlpp,5,2026-09-03,"sudah bagus,dan banyak membantu",sudah bagus dan banyak membantu,5,Positif,MATCH,
1174,Cinthia IndraswAri,5,2026-09-03,ok,ok,1.5,Positif,MATCH,
1175,El Syaukani,5,2026-09-03,keren,keren,2.5,Positif,MATCH,
1176,Rahmat Wijaya Ariya,5,2026-09-03,ok si,ok si,1.5,Positif,MATCH,
1177,Mohammad Danny Arwonda,5,2026-09-03,mudah dan cepat,mudah dan cepat,5,Positif,MATCH,
1178,Dw Ray,5,2026-09-03,Bagus,bagus,2,Positif,MATCH,
1179,Zaka Ria,5,2026-09-03,mantap,mantap,3,Positif,MATCH,
1180,Wes,1,2026-09-03,"kenapa ya ini apk ga di buka buka suka log out sendiri,kasian kalo ortu kita mau booking harus log in lagiiii apa lagi ortu kita yg ingatannya kuranggggggg jelek bgt aplikasi yaaaaaaaa👎👎👎👎👎👎👎👎👎👎👎👎👎",kenapa ya ini aplikasi tidak di buka buka suka login out sendiri kasian kalo ortu kita mau booking harus login in lagi apa lagi ortu kita yang ingatannya kurang buruk banget aplikasi ya,3.5,Positif,MISMATCH_LOW_RATING,Salah klik rating / Human error (Isi ulasan berupa pujian murni)
1181,Mamay Suhe,1,2026-09-03,menyusahkan engga semua punya hp bagus,menyusahkan engga semua punya hp bagus,2,Positif,MISMATCH_LOW_RATING,Salah klik rating / Human error (Isi ulasan berupa pujian murni)
1182,nazwa aulia,1,2026-09-03,kode otw ga keluar,kode otw tidak keluar,0,Netral,MATCH,
1183,April Yana,5,2026-09-03,sangat membantu,sangat membantu,3,Positif,MATCH,
1184,Hanan Indria,5,2026-09-03,ok,ok,1.5,Positif,MATCH,
1185,Bafa Foti,5,2026-09-03,sangat mudah sistem informasi dan layanannya👌🏻,sangat mudah sistem informasi dan layanannya,2.5,Positif,MATCH,
1186,Galih,1,2026-09-03,apk nya rusak ini. mau masuk akun dari bulan kemaren ga bisa bisa kagak jls 👎👎👎👎👎👎👎👎👎👎,aplikasi nya rusak ini mau masuk akun dari bulan kemaren tidak bisa bisa kagak jls,-3,Negatif,MATCH,
1187,Kasiran Drs,5,2026-09-03,Download melalui Play Store memang lebih cepat dari yang lain...,download melalui play store memang lebih cepat dari yang lain,2.5,Positif,MATCH,
1188,Ha mid,5,2026-09-03,👍🙏,,0,Netral,MATCH,
1189,nuansa teknik,5,2026-09-03,fine,fine,0,Netral,MATCH,
1190,Zul Hapni,5,2026-09-03,sangat bagus dan membantu.,sangat bagus dan membantu,5,Positif,MATCH,
1191,Novita Nurul,1,2026-09-03,"di suruh rubah data, trs verifikasi no hp, tpi ga ada pilihan yg muncul, terlalu ribet",di suruh rubah data terus verifikasi no hp tpi tidak ada pilihan yang muncul terlalu rumit,-2,Negatif,MATCH,
1192,Rizka Apriyani,2,2026-09-03,"udah 3hari daftar pas minta otp gak sampe² sms nya, mau sampe kapan begini",udah 3hari daftar pas minta otp tidak sampe sms nya mau sampe kapan begini,0,Netral,MATCH,
1193,Alezha Veyling,2,2026-09-03,"apps nya di perbaiki dong, load data lama banget pas mau daftar antrian.. lama bgt daftar nya load kebuka nya juga berat.. padahal kenceng internet nya",apps nya di perbaiki dong load data lama banget pas mau daftar antrean lama banget daftar nya load kebuka nya juga berat padahal kenceng internet nya,-4,Negatif,MATCH,
1194,Aden Bt,5,2026-09-03,bagus,bagus,2,Positif,MATCH,
1195,Ai Aiminah,1,2026-09-03,"aplikasi gjls jelek bgt suka log out sendiri pas mau daftar, setiap ci loading bgt, proses lambat sekali meski pake kuota sendiri juga jelek, pelayanan informasi kurang",aplikasi gjls buruk banget suka login out sendiri pas mau daftar setiap ci loading banget proses lambat sekali meski pake kuota sendiri juga buruk pelayanan informasi kurang,-6.5,Negatif,MATCH,
1196,Wali Maulana,1,2026-09-03,cape cape antri malah error dasar apk gak jelas,cape cape antri malah error dasar aplikasi tidak jelas,-3.85,Negatif,MATCH,
1197,Agus Syaefullah,5,2026-09-03,knp d hp sy tak bisa download,knp d hp saya tak bisa download,0,Netral,MATCH,
1198,Mugniati Muhamad,5,2026-09-03,bagus,bagus,2,Positif,MATCH,
1199,Sutini Sutini,4,2026-09-03,"maaf ni ya, kenapa verifikasi nya lama banget, dan gagal2 terus. saya mau daftarin orang tua log in pendaftaran aja tidak bisa.",maaf ni ya kenapa verifikasi nya lama banget dan gagal2 terus saya mau daftarin orang tua login in pendaftaran aja tidak bisa,-2,Negatif,MISMATCH_HIGH_RATING,"Rating bintang tinggi (4-5), namun isi ulasan memuat kritik/keluhan tajam"
1200,Lutfi Hasan,5,2026-09-03,bagus sekali program ini,bagus sekali program ini,2,Positif,MATCH,
1201,won gi kim,5,2026-09-03,keren,keren,2.5,Positif,MATCH,
1202,Fitri Ana Zubaidah,5,2026-09-03,mudah digunakan,mudah digunakan,2.5,Positif,MATCH,
1203,Fikriyatul Hikmah,1,2026-09-03,"hah!! bingung mau ngasih saran, lemotnyaaaa masya Alloh beberapa waktu ini, mau daftar poli kagak bisa bisa, malah masalah jaringan mulu 😤",hah bingung mau ngasih saran lemotnya masya alloh beberapa waktu ini mau daftar poli kagak bisa bisa malah masalah jaringan terus,0,Netral,MATCH,
1204,Lustiana Maharani,3,2026-09-03,"aplikasi nya ga stabil, sering gangguan KLO mau di pake ada jaringan pun masih tetep di anggap offline giliran bisa,transaksi nya ga bisa di proses begitu terus padahal kita mau brobat",aplikasi nya tidak stabil sering gangguan klo mau di pake ada jaringan pun masih tetep di anggap offline giliran bisa transaksi nya tidak bisa di proses begitu terus padahal kita mau brobat,0,Netral,MATCH,
1205,Ry Ry,2,2026-09-03,"kenapa sih aplikasi keluar keluar Mulu???? udah masuk nya selalu salah Capcha, padahal sudah bener. padahal mau di pake berobat. aplikasi gak jelas",kenapa sih aplikasi keluar keluar terus udah masuk nya selalu salah capcha padahal sudah benar padahal mau di pake berobat aplikasi tidak jelas,-1.35,Negatif,MATCH,
1206,Ismi Dian,5,2026-09-03,bagus,bagus,2,Positif,MATCH,
1207,Candra p,1,2026-09-03,"aplikasi monyet. kaga bisa bikin aplikasi mah jangan anjig, repotin orang doang. monyet",aplikasi monyet kaga bisa bikin aplikasi mah jangan anjig repotin orang doang monyet,0,Netral,MATCH,
1208,Gadiza Bunga,1,2026-09-03,aplikasi jelek. Untuk login aja susah. perbaiki lagi lah ajg,aplikasi buruk untuk login aja sulit perbaiki lagi lah ajg,-5.5,Negatif,MATCH,
1209,Lela Zigqim,5,2026-09-03,puas sekali,puas sekali,3,Positif,MATCH,
1210,Muhammad Ubaidillah,1,2026-09-03,RIBET,rumit,-2,Negatif,MATCH,
1211,Deyanti Krismayanti,5,2026-09-03,sangat membantu,sangat membantu,3,Positif,MATCH,
1212,Mat Patas,5,2026-09-03,membantu,membantu,3,Positif,MATCH,
1213,Obie Radhe,5,2026-09-03,sangat mudah untuk di gunakan dan simple,sangat mudah untuk di gunakan dan simple,2.5,Positif,MATCH,
1214,Febri Yandi,5,2026-09-03,sangat membantu sekali,sangat membantu sekali,3,Positif,MATCH,
1215,Amik Yakin,5,2026-09-03,sangat membantu sekali agar lebih memudahkan,sangat membantu sekali agar lebih memudahkan,6,Positif,MATCH,
1216,Dewi Julianiputri,5,2026-09-03,aman kalau ada aplikasi tinggal sat set,aman kalau ada aplikasi tinggal sat set,2,Positif,MATCH,
1217,Mariana Bahari,5,2026-09-03,bpjs sangat membantu saya setiap saya butuhkan untuk berobat.,bpjs sangat membantu saya setiap saya butuhkan untuk berobat,3,Positif,MATCH,
1218,rozaq punya,1,2026-09-03,pilih tahun lahir SULIT,pilih tahun lahir sulit,-2.5,Negatif,MATCH,
1219,Giri Rasmuna,1,2026-09-03,menyusahkan masuk tidak simple,menyusahkan masuk tidak simple,0,Netral,MATCH,
1220,Niki Oppo,3,2026-09-03,"Setelah maintenance kemarin tgl 31 agustus-1 september 2026, sama sekali tidak bisa dibuka selalu logout, bgmn ini setelah ada perawatan malah error tdk bisa dibuka",setelah maintenance kemarin tgl 31 agustus-1 september 2026 sama sekali tidak bisa dibuka selalu logout bgmn ini setelah ada perawatan malah error tidak bisa dibuka,-2.5,Negatif,MATCH,
1221,Yusuf Nurmawan,5,2026-09-03,Kemenkes&jkn mantebs,kemenkes jkn mantebs,0,Netral,MATCH,
1222,Syahrul Rama Pratama,5,2026-09-03,mudah digunakan dan informatif,mudah digunakan dan informatif,2.5,Positif,MATCH,
1223,ridwan maulana,5,2026-09-03,Berguna banget untuk daftar kesehatan,berguna banget untuk daftar kesehatan,0,Netral,MATCH,
1224,Muhammad abu bakar Azdril,5,2026-09-03,sangat baik,sangat baik,2,Positif,MATCH,
1225,derywie 85,5,2026-09-03,ok,ok,1.5,Positif,MATCH,
1226,Khar Nis,5,2026-09-03,mantap,mantap,3,Positif,MATCH,
1227,Sugianto Mas Togog,5,2026-09-03,"bagus, bermanfaat",bagus bermanfaat,5,Positif,MATCH,
1228,Setio Budi,5,2026-09-03,bagus,bagus,2,Positif,MATCH,
1229,Imam Syafe'i AlTanjabi,5,2026-09-03,oke,oke,1.5,Positif,MATCH,
1230,Sumarni Sumarni,5,2026-09-03,mantap,mantap,3,Positif,MATCH,
1231,Hana Sulistiya,1,2026-09-02,susah banget buat verifikasinya tolong benahin dong ini urgent mau kontrol ga depat dapet verifikasi,sulit banget buat verifikasinya tolong benahin dong ini urgent mau kontrol tidak depat dapet verifikasi,-2.5,Negatif,MATCH,
1232,Santo Sileo,5,2026-09-02,"mobile jkn mantap,semakin memudahkan pelayanan konsumen",mobile jkn mantap semakin memudahkan pelayanan konsumen,6,Positif,MATCH,
1233,Ratu Bogor,1,2026-09-02,"Kenapa akun kita sering tiba-tiba keluar, diklaim digunakan di device lain. padahal tidak ada yg pakai, password nya pun ga ada yg tahu. dan semua anggota keluarga, saya yg mendaftarkan. BPJS mau mempermudah konsumen atauau mempersulit sih?",kenapa akun kita sering tiba-tiba keluar diklaim digunakan di device lain padahal tidak ada yang pakai password nya pun tidak ada yang tahu dan semua anggota keluarga saya yang mendaftarkan bpjs mau mempermudah konsumen atauau mempersulit sih,0,Netral,MATCH,
1234,Wasis Nuriyanto,2,2026-09-02,"BPJS sungguh ribet,,apalagi kalau orang sudah tua masuk capca salah salah trus kan kasian,,kalau sudah terdaftar no KTP dan nik,,tolong di permudah",bpjs sungguh rumit apalagi kalau orang sudah tua masuk capca salah salah terus kan kasian kalau sudah terdaftar no kartu tanda penduduk dan nik tolong di permudah,-2,Negatif,MATCH,
1235,Galih Ardhani,1,2026-09-02,Saya semalem sakit... Karna punya riwayat batu ginjal.. sakit nya bukan main... Brobat d IGD... Ternyata BPJS saya gak bisa d gunakan padahal aktif... Katanya BPJS itu d gunakan kalau pasien udah kronis....percuma dong bayar tiap bulan... Tp BPJS d gunakan ketika mau mati doang kasaranya... Aneh bener bener aneh... Punya fasilitas kesehatan tp gak bisa d gunakan... Alhasil harus bayar 293 ribu... Jujur iklas gak iklas sih... Byar BPJS tiap bulan giliran sakit musti ngluarin duit jga....,saya semalem sakit karena punya riwayat batu ginjal sakit nya bukan main brobat d igd ternyata bpjs saya tidak bisa d gunakan padahal aktif katanya bpjs itu d gunakan kalau pasien udah kronis percuma dong bayar tiap bulan tapi bpjs d gunakan ketika mau mati doang kasaranya aneh benar benar aneh punya fasilitas kesehatan tapi tidak bisa d gunakan alhasil harus bayar 293 ribu jujur iklas tidak iklas sih byar bpjs tiap bulan giliran sakit musti ngluarin duit jga,0,Netral,MATCH,
1236,ariel everthink,1,2026-09-02,"""Data jadwal tidak di temukan"" Apa maksudnya, rujukan sudah terdaftar, tujuan poli, doktor tanggal hari sesuai rujukan, rumah sakit sudah terdaftar, mengapa tidak bisa mengambil no antrian online, apa fungsinya jika harus mengambil manual lagi di rumah sakit!!!!!!",data jadwal tidak di temukan apa maksudnya rujukan sudah terdaftar tujuan poli doktor tanggal hari sesuai rujukan rumah sakit sudah terdaftar mengapa tidak bisa mengambil no antrean online apa fungsinya jika harus mengambil manual lagi di rumah sakit,0,Netral,MATCH,
1237,Getrudis Nona,5,2026-09-02,susahhhhh banget buat login ampun dahhh,sulit banget buat login ampun dah,-2.5,Negatif,MISMATCH_HIGH_RATING,"Rating bintang tinggi (4-5), namun isi ulasan memuat kritik/keluhan tajam"
1238,Man Kaji (Summma),5,2026-09-02,"aplikasi sangat membantu,",aplikasi sangat membantu,3,Positif,MATCH,
1239,Muhammad Ilham Fatawa,1,2026-09-02,"entah apk apa, kualitasnya ga jelas.",entah aplikasi apa kualitasnya tidak jelas,-1.35,Negatif,MATCH,
1240,Abdul Mun'im,5,2026-09-02,bagus banget semoga bermanfaat,bagus banget semoga bermanfaat,5,Positif,MATCH,
1241,Nuriyanti Anty,5,2026-09-02,sangat membantu,sangat membantu,3,Positif,MATCH,
1242,Sumardi Wiryo,5,2026-09-02,sangat berguna dengan kemudahan dalam penggunaan aplikasi dalam satu sistem .untuk pelayanan data kesehatan.. terimakasih,sangat berguna dengan kemudahan dalam penggunaan aplikasi dalam satu sistem untuk pelayanan data kesehatan terimakasih,0,Netral,MATCH,
1243,Senja Permana,1,2026-09-02,"Maintenance nya kurang, ga efektif. Aplikasi online kan dibuat bertujuan untuk sat set. Tapi ini aplikasi sering eror lah, lemot lah.",maintenance nya kurang tidak efektif aplikasi online kan dibuat bertujuan untuk sat set tapi ini aplikasi sering error lah lambat lah,-5,Negatif,MATCH,
1244,Kun Fayakun,5,2026-09-02,Sangat membantu untuk berobat ketika lupa bawa kartu BPJS kesehatan.,sangat membantu untuk berobat ketika lupa bawa kartu bpjs kesehatan,3,Positif,MATCH,
1245,Satini Tini,2,2026-09-02,gak bisa untuk dua atau lebih perangkat padahal peserta tidak harus dalam satu tempat di keluarga mohon di perbaiki supaya memudahkan user,tidak bisa untuk dua atau lebih perangkat padahal peserta tidak harus dalam satu tempat di keluarga mohon di perbaiki supaya memudahkan user,3,Positif,MISMATCH_LOW_RATING,Salah klik rating / Human error (Isi ulasan berupa pujian murni)
1246,Firda Yeni,5,2026-09-02,sudah bagus dan sangat mendukung,sudah bagus dan sangat mendukung,2,Positif,MATCH,
1247,Agung Bayu,1,2026-09-02,"Sekarang, bayar BPJS kena biaya ADMIN",sekarang bayar bpjs kena biaya admin,0,Netral,MATCH,
1248,Zulfikar,5,2026-09-02,sangat berguna sekali,sangat berguna sekali,0,Netral,MATCH,
1249,Rio Primanda,5,2026-09-02,sangat bagus,sangat bagus,2,Positif,MATCH,
1250,Iqbal Balee,5,2026-09-02,lebih mudah menggunakan apk ini terbaikkk,lebih mudah menggunakan aplikasi ini terbaik,5.5,Positif,MATCH,
1251,Yanwar ha.,1,2026-09-02,"fitur verifikasi nya benerin, mana susah terus lama lagi ga jelas lah",fitur verifikasi nya perbaiki mana sulit terus lama lagi tidak jelas lah,-5.85,Negatif,MATCH,
1252,Yana Adhi Riyadi,5,2026-09-02,masih cukup baik,masih cukup baik,2,Positif,MATCH,
1253,Adem Ayem,5,2026-09-02,"tidak berbelit belit disaat up date data pribadi dan saat pandangan pertama berobat petugas faskes 1 baik2 dan ramah2, tks",tidak berbelit belit disaat up date data pribadi dan saat pandangan pertama berobat petugas faskes 1 baik2 dan ramah2 tks,0,Netral,MATCH,
1254,Bhirawa 188,1,2026-09-02,"aplikasi ngentod gaguna, devoloper nya goblok yatim, kalo gak bisa buat aplikasi gausah buat. kode otp gak masuk² sering eror terus pas masuk buat akun malah gagal gagal melulu YAHTEMMM",aplikasi ngentod gaguna devoloper nya goblok yatim kalo tidak bisa buat aplikasi gausah buat kode otp tidak masuk sering error terus pas masuk buat akun malah gagal gagal melulu yahtem,-7.5,Negatif,MATCH,
1255,Muji Ita,5,2026-09-02,👍👍👍👍👍,,0,Netral,MATCH,
1256,Joko Riyanto,5,2026-09-02,memudahkan untuk antri,memudahkan untuk antri,3,Positif,MATCH,
1257,Sabrul Jamil Transporter,5,2026-09-02,semoga lebih bagus layanannya kedepan,semoga lebih bagus layanannya kedepan,2,Positif,MATCH,
1258,Winda Fitriana,4,2026-09-02,kadang cepet kadang lambat,kadang cepet kadang lambat,-2.5,Negatif,MISMATCH_HIGH_RATING,"Rating bintang tinggi (4-5), namun isi ulasan memuat kritik/keluhan tajam"
1259,Ali Akbar,5,2026-09-02,digitalisasi dilayanan kesehatan,digitalisasi dilayanan kesehatan,0,Netral,MATCH,
1260,Justin Padafing,4,2026-09-02,sangat Berguna Bagi Masyarakat pengguna,sangat berguna bagi masyarakat pengguna,0,Netral,MATCH,
1261,nuryanta hadiwiyono,5,2026-09-02,terima kasih,terima kasih,2,Positif,MATCH,
1262,Diversa Ghofar,5,2026-09-02,pelayanan ramah ..baik..cepat,pelayanan ramah baik cepat,6.5,Positif,MATCH,
1263,Janaria Lubis,4,2026-09-02,mantap,mantap,3,Positif,MATCH,
1264,Maratus Sholehah,4,2026-09-02,"sementara kasih bintang 4 dulu soalnya loginnya susah sekali, padahal PIN password nik sudah benar tapi selalu bilang salah bilang salah terus",sementara kasih bintang 4 dulu soalnya loginnya sulit sekali padahal pin password nik sudah benar tapi selalu bilang salah bilang salah terus,-2.5,Negatif,MISMATCH_HIGH_RATING,"Rating bintang tinggi (4-5), namun isi ulasan memuat kritik/keluhan tajam"
1265,Anggi Anggara,5,2026-09-02,sangat mudah di akses,sangat mudah di akses,2.5,Positif,MATCH,
1266,arif mustaqiem,5,2026-09-02,sangat mudah diakses,sangat mudah diakses,2.5,Positif,MATCH,
1267,Matinu Sumartini,5,2026-09-02,mantap,mantap,3,Positif,MATCH,
1268,FAB,1,2026-09-02,"suka logout sendiri, udah gitu waktu mau login di persulit dengan sandi dan nik yang katanya salah mulu, bahkan nomor telepon saya tidak valid.",suka logout sendiri udah gitu waktu mau login di persulit dengan sandi dan nik yang katanya salah terus bahkan nomor telepon saya tidak valid,2,Positif,MISMATCH_LOW_RATING,Salah klik rating / Human error (Isi ulasan berupa pujian murni)
1269,Amelda prima,5,2026-09-02,Sangat bermanfaat dan membantu para peserta BPJS kesehatan,sangat bermanfaat dan membantu para peserta bpjs kesehatan,6,Positif,MATCH,
1270,Raysa Hayu,4,2026-09-02,"app jkn sangat membantu saya pindah faskes dengan mudah, tapi masih gak sinkron padahal saya sudah kk baru dg suami masa kk saya msih terfmdftar kluarga orag tua saya..jadi saya tidak masuk ke bpjs brsama suami saya tolong di perbaik",aplikasi jkn sangat membantu saya pindah faskes dengan mudah tapi masih tidak sinkron padahal saya sudah kartu keluarga baru dg suami masa kartu keluarga saya msih terfmdftar kluarga orag tua saya jadi saya tidak masuk ke bpjs brsama suami saya tolong di perbaik,5.5,Positif,MATCH,
1271,Mestika Florida Situmorang,3,2026-09-02,mau nya kasihan lah sama masyarakat yang gak pandai pakai hp android. gak mungkin krn gak ada hp gak bisa dilayani. mau nya ditunjukan kartu kan harusnya bisa. masyarakat dipaksa buat harus punya hp. sedangkan semua belum tentu punya hp dan bisa menggunakannya seperti orang tua.,mau nya kasihan lah sama masyarakat yang tidak pandai pakai hp android tidak mungkin karena tidak ada hp tidak bisa dilayani mau nya ditunjukan kartu kan harusnya bisa masyarakat dipaksa buat harus punya hp sedangkan semua belum tentu punya hp dan bisa menggunakannya seperti orang tua,0,Netral,MATCH,
1272,Rio Dwirahmadi,1,2026-09-02,APK pemerintah rata rata bobrok.. mau daftar ajh gak bisa bisa.. haduuh,aplikasi pemerintah rata rata bobrok mau daftar ajh tidak bisa bisa haduuh,0,Netral,MATCH,
1273,Tobias Taur,5,2026-09-02,sangat membantu,sangat membantu,3,Positif,MATCH,
1274,HUSAINI Husaini,5,2026-09-02,oke,oke,1.5,Positif,MATCH,
1275,Faisal Cahaya,5,2026-09-02,digunakan dgn sangat mudah dan membantu,digunakan dengan sangat mudah dan membantu,5.5,Positif,MATCH,
1276,Windi Eka Wijayanti,2,2026-09-02,"kenapa aplikasinya sering susah buat login sih, tolong perbaiki lagi",kenapa aplikasinya sering sulit buat login sih tolong perbaiki lagi,-2.5,Negatif,MATCH,
1277,pinnahati Silalahi,5,2026-09-02,mantap,mantap,3,Positif,MATCH,
1278,Yuliana,5,2026-09-02,bagus,bagus,2,Positif,MATCH,
1279,Nikomang Sutriningsih,2,2026-09-02,"Tolong dong sy mau cek no. antrian tapi susah skali masuk NIK lah salah, Captcha salah,dari siang sampe malam nggak bisa2 padahal besok sdh mau kontrol gimana bisa cek in kontrol klo kek gini terus... kita diarahkan untuk daftar online tp aplikasinya eror terus",tolong dong saya mau cek no antrean tapi sulit skali masuk nik lah salah captcha salah dari siang sampe malam tidak bisa2 padahal besok sudah mau kontrol gimana bisa cek in kontrol klo kek gini terus kita diarahkan untuk daftar online tapi aplikasinya error terus,-5,Negatif,MATCH,
1280,izzabella maulina,1,2026-09-02,"kenapa pas mau login susah banget di verifikasi nomor handphone, padahal jaringan bagus dan nomor sudah benarr hadehhhh",kenapa pas mau login sulit banget di verifikasi nomor handphone padahal jaringan bagus dan nomor sudah benarr hadeh,-0.5,Netral,MATCH,
1281,Yandi Supri,5,2026-09-02,sangat memuaskan,sangat memuaskan,0,Netral,MATCH,
1282,Mnane Mnane,5,2026-09-02,good,good,2,Positif,MATCH,
1283,Fatih Rm,5,2026-09-02,ok,ok,1.5,Positif,MATCH,
1284,Angga Resnawan,1,2026-09-02,"jelek banget, disuruh verifikasi kode lewat SMS tapi pesannya gak masuk masuk",buruk banget disuruh verifikasi kode lewat sms tapi pesannya tidak masuk masuk,-3,Negatif,MATCH,
1285,Dikdik Maulana,1,2026-09-02,susah verifikasi muka ..ulangi terus,sulit verifikasi muka ulangi terus,-2.5,Negatif,MATCH,
1286,Bromo Satria,5,2026-09-02,sangat membantu,sangat membantu,3,Positif,MATCH,
1287,Eka Karya April Yanto,5,2026-09-02,Sangat membatu,sangat membatu,0,Netral,MATCH,
1288,Wisnu Wardana,5,2026-09-02,mantap,mantap,3,Positif,MATCH,
1289,suibasanta simorangkir,5,2026-09-02,deskripsi melakuka Perubahan anggota Keluarga sangan Mudah,deskripsi melakuka perubahan anggota keluarga sangan mudah,2.5,Positif,MATCH,
1290,Sakdila Dewi,1,2026-09-02,"wajib aplikasi bebenah,intropeksi ,permudah fitur nya,karna pengguna bukan hanya remaja,gadis .melaikan ibu2,anak2,nenek2 .paham kam",wajib aplikasi bebenah intropeksi permudah fitur nya karena pengguna bukan hanya remaja gadis melaikan ibu2 anak2 nenek2 paham kam,0,Netral,MATCH,
1291,Kiang Santang,5,2026-09-02,sangat membantu,sangat membantu,3,Positif,MATCH,
1292,wikan asmara,4,2026-09-02,sering sulit jika mendaftar untuk hari ini.. servernya. semoga ada perbaikan.. eror terus kalau daftar hari ini..,sering sulit jika mendaftar untuk hari ini servernya semoga ada perbaikan error terus kalau daftar hari ini,-5,Negatif,MISMATCH_HIGH_RATING,"Rating bintang tinggi (4-5), namun isi ulasan memuat kritik/keluhan tajam"
1293,gar fit,5,2026-09-02,mudah digunakan,mudah digunakan,2.5,Positif,MATCH,
1294,Kurnia Wahyu13,2,2026-09-02,"Aplikasinya ga jelas, ga bisa diupdate malah ada tulisannya (Aplikasi ini tidak kompatibel dengan perangkat anda)",aplikasinya tidak jelas tidak bisa diupdate malah ada tulisannya aplikasi ini tidak kompatibel dengan perangkat anda,-1.35,Negatif,MATCH,
1295,alvin nugraha,1,2026-09-02,aplikasi keluar2 sendiri,aplikasi keluar2 sendiri,0,Netral,MATCH,
1296,Nisa Azzahra,5,2026-09-02,apk ini sangat membantu untuk perubahan data jadi cepat ga perlu kemana mana,aplikasi ini sangat membantu untuk perubahan data jadi cepat tidak perlu kemana mana,5.5,Positif,MATCH,
1297,Semi neni,5,2026-09-02,terima kasih,terima kasih,2,Positif,MATCH,
1298,Surya Adiputra,1,2026-09-02,"HADEHHHHH INI SAYA MAU BEROBAT MAU CEK BPJS MAU DAFTAR ONLINE RIBET NYAA, Disuruh nungguin verifikasi sampe 5 menit gada nyangkut ke sms telpon wa maunya apa si? ini karyawannya pada kemana apa emang ten go semua? dirumah lagi gada siapa siapa cuma bisa andelin apk ini gimana coba HAHHH?!!!!",hadeh ini saya mau berobat mau cek bpjs mau daftar online rumit nyaa disuruh nungguin verifikasi sampe 5 menit tidak ada nyangkut ke sms telpon wa maunya apa si ini karyawannya pada kemana apa emang ten go semua dirumah lagi tidak ada siapa siapa cuma bisa andelin aplikasi ini gimana coba hah,-2,Negatif,MATCH,
1299,Wahyuni Wally,1,2026-09-02,aplikasi ribet,aplikasi rumit,-2,Negatif,MATCH,
1300,Yuyun Wahyuningsih,5,2026-09-02,"kesulitan mengetik angka di captca sewaktu daftar, mohon dipermudah, khususnya pada Lansia, hampir putus asa, terimakasih",kesulitan mengetik angka di captca sewaktu daftar mohon dipermudah khususnya pada lansia hampir putus asa terimakasih,0,Netral,MATCH,
1301,Boedy Rumba,4,2026-09-02,sangat membantu,sangat membantu,3,Positif,MATCH,
1302,Zahra Zahra,1,2026-09-02,server sibuk mulu tolol banget,server sibuk terus tolol banget,0,Netral,MATCH,
1303,amrih juliarti,5,2026-09-02,mudah digunakan dan sangat membantu,mudah digunakan dan sangat membantu,5.5,Positif,MATCH,
1304,Jibril Paku Ril Risdiyanto,5,2026-09-02,smtara ok,smtara ok,1.5,Positif,MATCH,
1305,ALISHA KHAIRA WILDA,5,2026-09-02,good,good,2,Positif,MATCH,
1306,Jhiko Andrianto,1,2026-09-02,kenapa no Tlfn saya tidak ada keluar no verifikasi saat mau daftar peserta baru di Apk JKN,kenapa no tlfn saya tidak ada keluar no verifikasi saat mau daftar peserta baru di aplikasi jkn,0,Netral,MATCH,
1307,Muhammad Rifgi rahman,1,2026-09-02,"mau daftar di persulit, dari dulu daftar ga bisa² ngestuck di kode otp tlp, padahal no tlp nya aktif dan lagi di pake, tapi kode otp ga pernah ada di SMS.",mau daftar di persulit dari dulu daftar tidak bisa ngestuck di kode otp tlp padahal no tlp nya aktif dan lagi di pake tapi kode otp tidak pernah ada di sms,0,Netral,MATCH,
1308,Juwaeriyah,5,2026-09-02,terimakasih JKN memudahkan prosedur pengobatan saya dan sangat membantu bagi saya yang pengguna BPJS,terimakasih jkn memudahkan prosedur pengobatan saya dan sangat membantu bagi saya yang pengguna bpjs,6,Positif,MATCH,
1309,Toni Eri,5,2026-09-02,sangat membantu,sangat membantu,3,Positif,MATCH,
1310,Mursalin Mdr,1,2026-09-02,"ini kenapa dah sedang offline mulu, jaringan buat buka aplikasi lain yg jauh lebih berat bisa² aja, g jelas ni aplikasi",ini kenapa dah sedang offline terus jaringan buat buka aplikasi lain yang jauh lebih berat bisa aja g jelas ni aplikasi,1.5,Positif,MISMATCH_LOW_RATING,Salah klik rating / Human error (Isi ulasan berupa pujian murni)
1311,Mc. ARVADY CHHYKSMH,1,2026-09-02,"1. Rujukan Tgl 11 & Kontrol 12 September itu Sabtu✅ 2. Saya ingin BerKunjung RumahSakit Hari Selasa TGL 15. 3. Ketika Saya MengGeser Hari Nya Si Aplikasi Bodoh Malah Bilang “ Tidak Sesuai Tanggal Kontrol❗” 4. Jangankan 15, Tgl 14 Pun Kaga Bisa*. Tolong Benerin Hal Sepele Kaya Gini Yakk~ Makasih.",1 rujukan tgl 11 kontrol 12 september itu sabtu 2 saya ingin berkunjung rumahsakit hari selasa tgl 15 3 ketika saya menggeser hari nya si aplikasi bodoh malah bilang tidak sesuai tanggal kontrol 4 jangankan 15 tgl 14 pun kaga bisa tolong perbaiki hal sepele kaya gini yakk makasih,2,Positif,MISMATCH_LOW_RATING,Salah klik rating / Human error (Isi ulasan berupa pujian murni)
1312,Agung Prakoso,5,2026-09-02,sangat bermanfaat,sangat bermanfaat,3,Positif,MATCH,
1313,lismarni 15,2,2026-09-02,hari ini jkn error tidak bisa ambil antrian online,hari ini jkn error tidak bisa ambil antrean online,-2.5,Negatif,MATCH,
1314,Mirna Otto,4,2026-09-02,"pelayanannya bagus, dokternya ramah",pelayanannya bagus dokternya ramah,4,Positif,MATCH,
1315,Fhafa Ahurayazda,2,2026-09-02,Setiap buka kok harus log in lagi,setiap buka kok harus login in lagi,0,Netral,MATCH,
1316,Agus Gunawan,5,2026-09-02,pelayanan mantap dan bagus,pelayanan mantap dan bagus,5,Positif,MATCH,
1317,Yunia Chelsea aqila,1,2026-09-02,"aplikasi ini suka tiba tiba log out sendiri udah di download ulang tapi masih tetep ga bisa masuk ke aplikasi nya, tolong dong di perbaiki lagi, lagi urgent mau berobat aplikasi nya ga bisa masuk nih,,, mana klinik saya ga bisa daftar manual mesti pake aplikasi jkn untuk daftar ...",aplikasi ini suka tiba tiba login out sendiri udah di download ulang tapi masih tetep tidak bisa masuk ke aplikasi nya tolong dong di perbaiki lagi lagi urgent mau berobat aplikasi nya tidak bisa masuk nih mana klinik saya tidak bisa daftar manual mesti pake aplikasi jkn untuk daftar,2,Positif,MISMATCH_LOW_RATING,Salah klik rating / Human error (Isi ulasan berupa pujian murni)
1318,Sugeng Pujiono,5,2026-09-02,perawatan yg kami terima cukup baik dgn respon yg cepat,perawatan yang kami terima cukup baik dengan respon yang cepat,4.5,Positif,MATCH,
1319,Dana Abdul Rohman,5,2026-09-02,mudah dan praktis cepat dan akurat,mudah dan praktis cepat dan akurat,7.5,Positif,MATCH,
1320,Deta yoewono,1,2026-09-02,Otp gamasuk masuk,otp gamasuk masuk,0,Netral,MATCH,
1321,jack khozack,5,2026-09-02,semoga membantu,semoga membantu,3,Positif,MATCH,
1322,AFM - Putra Albendry,5,2026-09-02,mudah jelas dan cepat,mudah jelas dan cepat,6.5,Positif,MATCH,
1323,Setiawan Susantoso Situmorang,5,2026-09-02,mantaplah,mantaplah,0,Netral,MATCH,
1324,Hedwina 0103,5,2026-09-02,mantap,mantap,3,Positif,MATCH,
1325,setiawan doni,1,2026-09-02,"verifikasi ribet gagal gagal terus , buat aplikasi gak bisa di gunain",verifikasi rumit gagal gagal terus buat aplikasi tidak bisa di gunain,-7,Negatif,MATCH,
1326,Muhammad Arya Fadilah,1,2026-09-02,"aplikasi sampah,ga berguna di update lagi software nya ga bergerak sama sekali ini ga berguna sama sekali",aplikasi sampah tidak berguna di update lagi software nya tidak bergerak sama sekali ini tidak berguna sama sekali,-4,Negatif,MATCH,
1327,Farhan Fatih,5,2026-09-02,MANTABSSSS,mantabs,0,Netral,MATCH,
1328,Yoke Damayanti,1,2026-09-02,masa susah buat daftar nya,masa sulit buat daftar nya,-2.5,Negatif,MATCH,
1329,Kadek Okta,5,2026-09-02,sangat bagus,sangat bagus,2,Positif,MATCH,
1330,Faya Titan,5,2026-09-02,terimakasih,terimakasih,0,Netral,MATCH,
1331,Lalang Noviyanto,1,2026-09-02,sedih...pengen daftar aja ngga tau brp hari masalah sepele di otp..servernya kalah sama server judol🤦🤦🤦...ko bisa ya...Brasa Kya orang ngemis² jadinya,sedih pengen daftar aja tidak tau brp hari masalah sepele di otp servernya kalah sama server judol ko bisa ya brasa kya orang ngemis jadinya,0,Netral,MATCH,
1332,Agus Subekan,5,2026-09-02,mudah di akses dan perubahan data langsung update bulan depan,mudah di akses dan perubahan data langsung update bulan depan,2.5,Positif,MATCH,
1333,fajar syahyudin,1,2026-09-02,"tolol aplikasi tolol,,mintak kode otp dari nmor telpon nggak bisa2 udah lebih seminggu di ulang2 daftar nya ngk bisa2.",tolol aplikasi tolol mintak kode otp dari nmor telpon tidak bisa2 udah lebih seminggu di ulang2 daftar nya ngk bisa2,0,Netral,MATCH,
1334,Firdaus,1,2026-09-02,daftar aja susah banget udah 3 hari GK bisa² aneh GK jelassss,daftar aja sulit banget udah 3 hari tidak bisa aneh tidak jelas,-3.85,Negatif,MATCH,
1335,Yogi Memey,1,2026-09-02,aplikasi Sampah.tiap mau ambil antrian selalu keterangan transaksi belum dapat diproses. aplikasi tolol. gimana kalau gawat darurat,aplikasi sampah tiap mau ambil antrean selalu keterangan transaksi belum dapat diproses aplikasi tolol gimana kalau gawat darurat,-4,Negatif,MATCH,
1336,Keling Gregetno,5,2026-09-02,mantab,mantap,3,Positif,MATCH,
1337,Zaqi Noreng,5,2026-09-02,sangat membantu,sangat membantu,3,Positif,MATCH,
1338,Putri Khana,5,2026-09-02,baik,baik,2,Positif,MATCH,
1339,Abdullah Baba,2,2026-09-02,mau masukan nope malah lama gak nyampe² otp nya,mau masukan nope malah lama tidak nyampe otp nya,-2,Negatif,MATCH,
1340,Selly Nurilhamy,1,2026-09-02,bpjs sudah di bayar bulan agustus dam september tunggakan masih tidak di update dan bpjs jadi non aktif mau lapor pandawa gabisa menunya stuck di log. saya bayar yaa bukan gratisan bpjs jarang saya pake tapi saya rutin bayar ini tiba2 ga ke auto debit pas udh di bayaar malah ga aktif bpjs saya. edan,bpjs sudah di bayar bulan agustus dam september tunggakan masih tidak di update dan bpjs jadi non aktif mau lapor pandawa tidak bisa menunya stuck di login saya bayar yaa bukan gratisan bpjs jarang saya pake tapi saya rutin bayar ini tiba2 tidak ke auto debit pas sudah di bayaar malah tidak aktif bpjs saya edan,-2,Negatif,MATCH,
1341,Moh Nafies,5,2026-09-02,good,good,2,Positif,MATCH,
1342,Marwan Yakob,1,2026-09-02,"Repot BPJS, saat anda beda faskes gak mau terima, Contoh FASKES JAKARTA yg dimiliki, Namun saat posisi sedang di daerah tidak berguna/Tidak bisa...!!!",repot bpjs saat anda beda faskes tidak mau terima contoh faskes jakarta yang dimiliki namun saat posisi sedang di daerah tidak berguna tidak bisa,0,Netral,MATCH,
1343,Adi Putra,2,2026-09-02,kenapa yg untuk versi android 9 gak bisa ya,kenapa yang untuk versi android 9 tidak bisa ya,0,Netral,MATCH,
1344,Darurai Urat,5,2026-09-02,error bug dan loading keterusan tolong dibenahi setiap mau berobat jkn silakan coba lagi .jadi daftar manual,error bug dan loading keterusan tolong dibenahi setiap mau berobat jkn silakan coba lagi jadi daftar manual,-4.5,Negatif,MISMATCH_HIGH_RATING,"Rating bintang tinggi (4-5), namun isi ulasan memuat kritik/keluhan tajam"
1345,Yohana Mardiana,5,2026-09-02,"bagus banget,dan sangat membantu,jadi pindah faskes lebih mudah dengan aplikasi mobile JKN ni",bagus banget dan sangat membantu jadi pindah faskes lebih mudah dengan aplikasi mobile jkn ni,7.5,Positif,MATCH,
1346,sylvia megha,5,2026-09-02,kereen sih sekarang memudahkan banget buat apa apa. bisa lewat online tanpa antre panjang.,kereen sih sekarang memudahkan banget buat apa apa bisa lewat online tanpa antri panjang,3,Positif,MATCH,
1347,Alby Mbi,5,2026-09-02,bagus,bagus,2,Positif,MATCH,
1348,Nunung Budi,5,2026-09-02,mantap pokokonya. .,mantap pokokonya,3,Positif,MATCH,
1349,bakul KING chanel,1,2026-09-02,aplikasi yang belum siap di gunakan tapi di paksa di gunakan,aplikasi yang belum siap di gunakan tapi di paksa di gunakan,0,Netral,MATCH,
1350,Khadee,5,2026-09-02,Alhamdulillah memudahkan berobat di faskes yg dilayani oleh bpjs kesehatan. sangat terbantu.,alhamdulillah memudahkan berobat di faskes yang dilayani oleh bpjs kesehatan sangat terbantu,3,Positif,MATCH,
1351,Richard Tuwaidan,5,2026-09-02,keren aplikasinya,keren aplikasinya,2.5,Positif,MATCH,
1352,Mohammad Muhsin,3,2026-09-02,mau daftar berobat disuruh verifikasi no hp tidak bisa,mau daftar berobat disuruh verifikasi no hp tidak bisa,0,Netral,MATCH,
1353,Nur Rahmat,3,2026-09-02,"seharusnya apk ini sudah sangat membantu , tetapi kalau bisa kode OTP yg di kirimkan ke peserta lebih baik lewat WhatsApp saja , kalau lewat SMS kadang lambat , atau ada user yg kartunya sudah mati 🙏🙏",seharusnya aplikasi ini sudah sangat membantu tetapi kalau bisa kode otp yang di kirimkan ke peserta lebih baik lewat whatsapp saja kalau lewat sms kadang lambat atau ada user yang kartunya sudah mati,2.5,Positif,MATCH,
1354,tumijan bae,5,2026-09-02,"Baru memindahkan faskes dari bagasari Karawang ke puskesmas mengwi III,pelayanan sangat mudah dan memuaskan, terima kasih untuk semuanya",baru memindahkan faskes dari bagasari karawang ke puskesmas mengwi i pelayanan sangat mudah dan memuaskan terima kasih untuk semuanya,4.5,Positif,MATCH,
1355,Yulius Akiranto,5,2026-09-02,bagus,bagus,2,Positif,MATCH,
1356,Hikmah Hikmah,5,2026-09-02,sangat membantu,sangat membantu,3,Positif,MATCH,
1357,wahyuki.14 kii,1,2026-09-02,"MASUKIN NOMOR TELFON AKTIF,GILIRAN UDAH DI MASUKIN NOMOR TELFON EROR,GA BISA NERIMA KODE OTP,BIKIN RIBET!",masukin nomor telfon aktif giliran udah di masukin nomor telfon error tidak bisa nerima kode otp bikin rumit,-4.5,Negatif,MATCH,
1358,Khodijah Khodijah,1,2026-09-02,"tiba tiba ke logout sendiri. mau masuk lagi susah, keterangan nomer hape dan email tidak terdaftar",tiba tiba ke logout sendiri mau masuk lagi sulit keterangan nomer hape dan email tidak terdaftar,-2.5,Negatif,MATCH,
1359,Muhamad Sidik,5,2026-09-02,sangat cepat dan membantu,sangat cepat dan membantu,5.5,Positif,MATCH,
1360,Luthfi King,5,2026-09-02,"Aplikasi nya bagus, dan mudah di fahami.. dan juga tdk ada kendala sama sekali",aplikasi nya bagus dan mudah di fahami dan juga tidak ada kendala sama sekali,4.5,Positif,MATCH,
1361,imran opj,3,2026-09-02,"tidak bisa mengirim otp,padahal mau pake rehab buat bayar tunggakan",tidak bisa mengirim otp padahal mau pake rehab buat bayar tunggakan,0,Netral,MATCH,
1362,Iwan Saad,5,2026-09-02,aplikasi yang bagus,aplikasi yang bagus,2,Positif,MATCH,
1363,Mariska Dewi Sandra,5,2026-09-02,Saya daftar bikin akun mobile jkn knp keterangannya tanggal lahir tidak sesuai bpjs? Padahal udh sesuai🤔 mohon pencerahannya,saya daftar bikin akun mobile jkn knp keterangannya tanggal lahir tidak sesuai bpjs padahal sudah sesuai mohon pencerahannya,0,Netral,MATCH,
1364,setyawan dwijo susilo,5,2026-09-02,mudah dalam mengakses,mudah dalam mengakses,2.5,Positif,MATCH,
1365,Bayu Sulistyotomo,5,2026-09-02,ok,ok,1.5,Positif,MATCH,
1366,jayadi arifin,5,2026-09-02,para petugasnya ramah dlm melakukan pelayanan...terima kasih BPJS Kab. Mamasa🙏,para petugasnya ramah dlm melakukan pelayanan terima kasih bpjs kab mamasa,4,Positif,MATCH,
1367,Kabks Havha,5,2026-09-02,aplikasi bagus dan layanan dari pukesmas nya bagus dan baik,aplikasi bagus dan layanan dari pukesmas nya bagus dan baik,6,Positif,MATCH,
1368,Muhamad Ali La Haru,5,2026-09-02,terbaik,terbaik,3,Positif,MATCH,
1369,Rifki ramadani,5,2026-09-02,sangat mempermudah dalam berobat,sangat mempermudah dalam berobat,0,Netral,MATCH,
1370,Agus Susilo,5,2026-09-02,ok banget,ok banget,1.5,Positif,MATCH,
1371,Mochamad agus sanusi,5,2026-09-02,bagus,bagus,2,Positif,MATCH,
1372,Puji Yati,3,2026-09-02,bagus,bagus,2,Positif,MATCH,
1373,Hibatul Wafi,1,2026-09-02,ngk berguna masa saat registrasi no hp banyak kendalanya jaringan eror lh itu lh padhal sinyal bagus dan no hp dh betul tapi ada aja ganguan nya,ngk berguna masa saat registrasi no hp banyak kendalanya jaringan error lh itu lh padhal sinyal bagus dan no hp dh betul tapi ada aja ganguan nya,-0.5,Netral,MATCH,
1374,Emel Usa,1,2026-09-02,Ga guna,tidak guna,0,Netral,MATCH,
1375,Ade Suryani,4,2026-09-02,baru gabung,baru gabung,0,Netral,MATCH,
1376,Windi Cahaya,1,2026-09-02,gak. bisa di download,tidak bisa di download,0,Netral,MATCH,
1377,Ver Dian,1,2026-09-02,"mau daftar aja susah., kode otp gak masuk""., pake nmr smartfren gak bisa"" udh ganti 2 kali nmrnya. . perbaiki dong essss!!",mau daftar aja sulit kode otp tidak masuk pake nmr smartfren tidak bisa sudah ganti 2 kali nmrnya perbaiki dong es,-2.5,Negatif,MATCH,
1378,Setiadi,5,2026-09-02,mantap,mantap,3,Positif,MATCH,
1379,Zira Nisa,5,2026-09-02,bagus,bagus,2,Positif,MATCH,
1380,Rizky Cerdas,5,2026-09-02,simpel,simpel,0,Netral,MATCH,
1381,bais bahar,5,2026-09-02,Terima kasih layananx. cepat satpamx ramah,terima kasih layananx cepat satpamx ramah,6.5,Positif,MATCH,
1382,Faisal Akbar,5,2026-09-02,"aplikasi memang sangat membantu,tapi tolong permudah lah cara login dan daftar,bagai mana anda membantu kalau aplikasinya susah login.",aplikasi memang sangat membantu tapi tolong permudah lah cara login dan daftar bagai mana anda membantu kalau aplikasinya sulit login,3.5,Positif,MATCH,
1383,Salsabil Alhilaliyah,1,2026-09-02,capca udh bner no hp bner nik bner ttp aja gk bisa login apk buruk bgt,capca sudah bner no hp bner nik bner ttp aja tidak bisa login aplikasi buruk banget,-3,Negatif,MATCH,
1384,Shania Indra rismaya,1,2026-09-02,maaf kenapa bpjs sekarang ada debt collwctornya sampai bikang temannya oadahal gak punya teman,maaf kenapa bpjs sekarang ada debt collwctornya sampai bikang temannya oadahal tidak punya teman,0,Netral,MATCH,
1385,mamo kusnadi,5,2026-09-02,semoga bermanfaat,semoga bermanfaat,3,Positif,MATCH,
1386,Windy Arum Sari,4,2026-09-02,bagus,bagus,2,Positif,MATCH,
1387,Cornelius D,1,2026-09-02,SUKA LOGOUT SENDIRI SUSAH LOGIN PERBAIKI BUNG!!! THANKS,suka logout sendiri sulit login perbaiki bung thanks,-0.5,Netral,MATCH,
1388,sujarwo,5,2026-09-02,ok,ok,1.5,Positif,MATCH,
1389,Arlina Maswar,1,2026-09-02,"setiap mau login gagal terus, ribet aplikasi ini, tidak membantu",setiap mau login gagal terus rumit aplikasi ini tidak membantu,-7.2,Negatif,MATCH,
1390,Nod Dhoni,1,2026-09-02,tiap bulan ke logout sendiri,tiap bulan ke logout sendiri,0,Netral,MATCH,
1391,Yusup Supriadi,5,2026-09-02,membantu,membantu,3,Positif,MATCH,
1392,Junaidi Manaf (Junaidi SE),1,2026-09-02,susah banget verifikasi data,sulit banget verifikasi data,-2.5,Negatif,MATCH,
1393,"aldi pong,s",1,2026-09-02,aplikasi banyak masalah gajelas kalo dibuka lola,aplikasi banyak masalah gajelas kalo dibuka lola,0,Netral,MATCH,
1394,Jejen Pratama,1,2026-09-02,ga niat verivikasi otp ga bisa,tidak niat verivikasi otp tidak bisa,0,Netral,MATCH,
1395,Fitriani Ayunda Fitriani Ayunda,5,2026-09-02,RS terbaik di layani dg baik,rs terbaik di layani dg baik,5,Positif,MATCH,
1396,Febri Aditya Ramadhan luas,1,2026-09-02,pelayanan rumah sakit jadi semakin lama dengan aplikasi ini,pelayanan rumah sakit jadi semakin lama dengan aplikasi ini,-2,Negatif,MATCH,
1397,Intania Ramadhanti,1,2026-09-02,eror terus,error terus,-2.5,Negatif,MATCH,
1398,Azure,1,2026-09-02,"terlalu banyak yg perlu diperbaiki, bukannya mempercepat, malam memperlambat, tolong dikembangkan lebih baik, maintenance mulu ga ada perkembangan",terlalu banyak yang perlu diperbaiki bukannya mempercepat malam memperlambat tolong dikembangkan lebih baik maintenance terus tidak ada perkembangan,2,Positif,MISMATCH_LOW_RATING,Salah klik rating / Human error (Isi ulasan berupa pujian murni)
1399,Sandi Na,5,2026-09-02,membantu,membantu,3,Positif,MATCH,
1400,Rio Adi,1,2026-09-02,sering error,sering error,-2.5,Negatif,MATCH,
1401,Beyes,1,2026-09-02,"Error mulu heran, udah bener pakai Jaksehat, malah dipaksa pindah ke sini.",error terus heran udah benar pakai jaksehat malah dipaksa pindah ke sini,-2.5,Negatif,MATCH,
1402,SAHRIUDIN UDIN,5,2026-09-02,baik,baik,2,Positif,MATCH,
1403,Voor You,1,2026-09-02,error terus. Perbaikilah. Kan setiap orang berobat pakai ini. Tolonglah jgn sering error.,error terus perbaikilah kan setiap orang berobat pakai ini tolonglah jgn sering error,-5,Negatif,MATCH,
1404,Umar Hidayatulloh,1,2026-09-01,lagi darurat karena alasan hp di restart kok g bisa masuk.. parah kalian,lagi darurat karena alasan hp di restart kok g bisa masuk buruk kalian,-3,Negatif,MATCH,
1405,Alya Syahidah,1,2026-09-01,"Tanpa rating. Aplikasi yang justru mempersulit, padahal harusnya memberi akses cepat kepada masyarakat. Sistem verifikasi yang error, lambat, susah sekali. Dari banyaknya ulasan, sudah sejak dulu, kenapa tidak kunjung diperbaiki.",tanpa rating aplikasi yang justru mempersulit padahal harusnya memberi akses cepat kepada masyarakat sistem verifikasi yang error lambat sulit sekali dari banyaknya ulasan sudah sejak dulu kenapa tidak kunjung diperbaiki,-5,Negatif,MATCH,
1406,saiful bahtiyar,5,2026-09-01,ok,ok,1.5,Positif,MATCH,
1407,wahyudi wahyu,1,2026-09-01,kode otp tidak di kirim kirim,kode otp tidak di kirim kirim,0,Netral,MATCH,
1408,Muhammad Arya pratama,5,2026-09-01,baikk,baikk,0,Netral,MATCH,
1409,Yonomul Mul,5,2026-09-01,ok,ok,1.5,Positif,MATCH,
1410,Yura Gacha official,1,2026-09-01,"Banyak banget yang harus dibenahi jujur nih aplikasi. Sering banget error, jaringan tidak tersedia. Terus ini kan mau ambil antrian tapi karena ternyata nggak bisa di hari itu, jadi mau kuundur. Tapi ternyata gak bisa penjadwalan ulang. Ga jelas banget aplikasi pemerintah. Padahal jelas-jelas suruh online, tapi banyak banget bug di aplikasinya. Mau daftar manual gak bisa, harus pake online. Sebell, mempersulit pasien aja",banyak banget yang harus dibenahi jujur nih aplikasi sering banget error jaringan tidak tersedia terus ini kan mau ambil antrean tapi karena ternyata tidak bisa di hari itu jadi mau kuundur tapi ternyata tidak bisa penjadwalan ulang tidak jelas banget aplikasi pemerintah padahal jelas-jelas suruh online tapi banyak banget bug di aplikasinya mau daftar manual tidak bisa harus pake online sebell mempersulit pasien aja,-5.85,Negatif,MATCH,
1411,Widoso Lani1986,5,2026-09-01,mantap,mantap,3,Positif,MATCH,
1412,dila,2,2026-09-01,"error trs, ga bisa ngambil antrian sama sekali.",error terus tidak bisa ngambil antrean sama sekali,-2.5,Negatif,MATCH,
1413,Izzul W,5,2026-09-01,josssssss,jos,0,Netral,MATCH,
1414,tukang galon,1,2026-09-01,makin gak jelas aplikasi ini. mau perubahan faskes pake identifikasi wajah . tapi gak bisa.,makin tidak jelas aplikasi ini mau perubahan faskes pake identifikasi wajah tapi tidak bisa,-1.35,Negatif,MATCH,
1415,sanesmajid,2,2026-09-01,hp saya android 9 tertulis sudah tidak kompatibel,hp saya android 9 tertulis sudah tidak kompatibel,0,Netral,MATCH,
1416,Delan Tan,3,2026-09-01,"di aplikasi dana saya bayar BPJS kesehatan terkirim pula rutin bayar selalu muncul,,tapi di aplikasi mobile JKN kenapa malah muncul tertulis belum dibayar??tolong jangan seperti ini,tidak biasanya,bulan lalu masih aman aman aja dan tidak seperti ini...sangat mengecewakan, perbaikilah ..kejadian di tgl 1 September 2026",di aplikasi dana saya bayar bpjs kesehatan terkirim pula rutin bayar selalu muncul tapi di aplikasi mobile jkn kenapa malah muncul tertulis belum dibayar tolong jangan seperti ini tidak biasanya bulan lalu masih aman aman aja dan tidak seperti ini sangat mengecewakan perbaikilah kejadian di tgl 1 september 2026,4,Positif,MATCH,
1417,Fun Cricle,5,2026-09-01,mantap,mantap,3,Positif,MATCH,
1418,Supar Cebol,5,2026-09-01,mantap,mantap,3,Positif,MATCH,
1419,Maulida Hayatunnupus,5,2026-09-01,untuk aplikasi jdi memudahkan kita untuk brobat,untuk aplikasi jdi memudahkan kita untuk brobat,3,Positif,MATCH,
1420,Ina indriya mustikasari19,1,2026-09-01,aplikasi nya eror Mulu gabisa fair .mau ngambil antrean jam 24.00 udah di klik eror belum 10 menit antrian udah abis,aplikasi nya error terus tidak bisa fair mau ngambil antrean jam 24 00 udah di klik error belum 10 menit antrean udah abis,-5,Negatif,MATCH,
1421,Nur akhmad Putra winata,1,2026-09-01,"Kode otp ga masuk masuk, layanan aplikasi ga ada, wah keren sih ini mantap bintang 1",kode otp tidak masuk masuk layanan aplikasi tidak ada wah keren sih ini mantap bintang 1,-3.5,Negatif,MATCH,
1422,Elismayani Harahap,1,2026-09-01,aplikasi buruk kluar masuk tanpa sebab,aplikasi buruk kluar masuk tanpa sebab,-3,Negatif,MATCH,
1423,Fitrianto Jojo,5,2026-09-01,bagus semoga makin bagus pelayananya,bagus semoga makin bagus pelayananya,4,Positif,MATCH,
1424,Rinto wibowo,5,2026-09-01,mantabbb,mantap,3,Positif,MATCH,
1425,Rori Andrian,5,2026-09-01,sangat membantu,sangat membantu,3,Positif,MATCH,
1426,Moch Mustakim,5,2026-09-01,goog goog,goog goog,0,Netral,MATCH,
1427,Kari Lah,5,2026-09-01,sangat bagus,sangat bagus,2,Positif,MATCH,
1428,M.Nuh Natakusuma,5,2026-09-01,BPJS Joss,bpjs joss,0,Netral,MATCH,
1429,Yusuf Ardians,5,2026-09-01,"Puas Dengan Pelayanan Ini Yang Simpel, Cepat & Tidak Berbelit-belit",puas dengan pelayanan ini yang simpel cepat tidak berbelit-belit,5.5,Positif,MATCH,
1430,22 rivai yuhu,2,2026-09-01,"aplikasi bobrok, dari minggu lalu maintenance sms ga selesai selesai aneh",aplikasi bobrok dari minggu lalu maintenance sms tidak selesai selesai aneh,0,Netral,MATCH,
1431,imam nurdin,5,2026-09-01,oke banget,oke banget,1.5,Positif,MATCH,
1432,Esti Purwaningsih,1,2026-09-01,aplikasi lemot suka log out,aplikasi lambat suka login out,-0.5,Netral,MATCH,
1433,sekar,1,2026-09-01,ga suka,tidak suka,-1.8,Negatif,MATCH,
1434,Fortis Catalog,1,2026-09-01,"Sangat menyusahkan masyarakat karena aplikasi tidak kompatibel di banyak device bahkan sistem android 9.0, ini sangat menyusahkan masyarakat miskin yang untuk membeli hp saja belum tentu mampu. padahal aplikasi lain masih bisa-bisa saja di device dengan spek rendah, lahh ini yang harusnya aplikasi layanan untuk mempermudah masyarakat kok ribet banget.",sangat menyusahkan masyarakat karena aplikasi tidak kompatibel di banyak device bahkan sistem android 9 0 ini sangat menyusahkan masyarakat miskin yang untuk membeli hp saja belum tentu mampu padahal aplikasi lain masih bisa-bisa saja di device dengan spek rendah lahh ini yang harusnya aplikasi layanan untuk mempermudah masyarakat kok rumit banget,-2,Negatif,MATCH,
1435,Iin Purba,1,2026-09-01,"banyak bug,ribet",banyak bug rumit,-4,Negatif,MATCH,
1436,Ariesandy Malewa,5,2026-09-01,makasih,makasih,2,Positif,MATCH,
1437,Amin Tomzu,4,2026-09-01,kenapa yah di aplikasi ngga bisa Menambahkan anggota.padahal Baru 3 peserta.dan keterangan nya BPJS yg di tambahkan masih aktif padahal udh ngga aktif..apakah harus ada jangka waktu untuk penambahan anggota nya,kenapa yah di aplikasi tidak bisa menambahkan anggota padahal baru 3 peserta dan keterangan nya bpjs yang di tambahkan masih aktif padahal sudah tidak aktif apakah harus ada jangka waktu untuk penambahan anggota nya,0,Netral,MATCH,
1438,Fadhilah Sukoco,5,2026-09-01,baik,baik,2,Positif,MATCH,
1439,Sumiati Sahli,1,2026-09-01,"sering keluar sendiri, tidak efektif.",sering keluar sendiri tidak efektif,-3,Negatif,MATCH,
1440,Agus Ferdiansyah,3,2026-09-01,"Pelayanan masih kurang kadang error ,,",pelayanan masih kurang kadang error,1.25,Positif,MATCH,
1441,Mlbb 123,2,2026-09-01,"kocak, udah dibayar lewat M-banking tapi di aplikasi malah tertulis belom dibayar",kocak udah dibayar lewat m-banking tapi di aplikasi malah tertulis belom dibayar,0,Netral,MATCH,
1442,Ajas Sina,5,2026-09-01,mantap,mantap,3,Positif,MATCH,
1443,Tri Fernanda,5,2026-09-01,prosesnya cepat dan bagus,prosesnya cepat dan bagus,4.5,Positif,MATCH,
1444,Ilyas Ilyas,1,2026-09-01,setiap kali mau daftar apk nya logout sendiri dan harus daftar ulang kecewa banget asli sumpah👎👎👎👎👎👎,setiap kali mau daftar aplikasi nya logout sendiri dan harus daftar ulang kecewa banget asli sumpah,-3,Negatif,MATCH,
1445,keall kyee,3,2026-09-01,cra daftarnya ribet. verifikasi ribet gx bsa nol pulsa. hrus dan pulsa jg ribet dftarnya,cra daftarnya rumit verifikasi rumit gx bsa nol pulsa hrus dan pulsa jg rumit dftarnya,-6,Negatif,MATCH,
1446,aidilsywldn,1,2026-09-01,orang mau daftar aja di persulit aneh dasar,orang mau daftar aja di persulit aneh dasar,0,Netral,MATCH,
1447,Oppo Oppo,5,2026-09-01,oke,oke,1.5,Positif,MATCH,
1448,Raihan Andri,1,2026-09-01,apk sampah kebanyakan gangguan,aplikasi sampah kebanyakan gangguan,-4,Negatif,MATCH,
1449,Kaka Uye,1,2026-09-01,kode verifikasi nomor telepon tidak muncul di sms,kode verifikasi nomor telepon tidak muncul di sms,0,Netral,MATCH,
1450,Yasin Nuur Ilham,5,2026-09-01,udah aku coba tapi sulit,udah aku coba tapi sulit,-2.5,Negatif,MISMATCH_HIGH_RATING,"Rating bintang tinggi (4-5), namun isi ulasan memuat kritik/keluhan tajam"
1451,Nurulita Ayuning Tyas,1,2026-09-01,kacauuuu banget tiba² log out sendiri aja,kacau banget tiba login out sendiri aja,0,Netral,MATCH,
1452,Moch Jibril,5,2026-09-01,terbaik jkn pokoknya👍👍👍,terbaik jkn pokoknya,3,Positif,MATCH,
1453,Ani Susilowati,4,2026-09-01,sangat membantu sekali,sangat membantu sekali,3,Positif,MATCH,
1454,djon o96,5,2026-09-01,aplikasi mudah dan jelas,aplikasi mudah dan jelas,4,Positif,MATCH,
1455,RUDY CALM,1,2026-09-01,kode otp gk bisa bisa mau daftar aja susahnya minta ampun..,kode otp tidak bisa bisa mau daftar aja susahnya minta ampun,0,Netral,MATCH,
1456,Firman Syahrul,1,2026-09-01,"makin kesini makin buruk banget sitem nya gak bisa log in trus gangguan terus, teu baleg tolong atuh dibikin gak ribet buat rakyat kecil jangan di persulit",makin kesini makin buruk banget sitem nya tidak bisa login in terus gangguan terus teu baleg tolong atuh dibikin tidak rumit buat rakyat kecil jangan di persulit,-2,Negatif,MATCH,
1457,andi anis,5,2026-09-01,sangat baik,sangat baik,2,Positif,MATCH,
1458,Arif Firman,5,2026-09-01,mntab,mntab,0,Netral,MATCH,
1459,cv.shalom niaga,5,2026-09-01,luar biasa,luar biasa,0,Netral,MATCH,
1460,Iput Iput,5,2026-09-01,aplikasi nya sangat membantu sekali,aplikasi nya sangat membantu sekali,3,Positif,MATCH,
1461,ANGGA EIGHTY SIXX,5,2026-09-01,nice,nice,2,Positif,MATCH,
1462,Yudi Supriadi,3,2026-09-01,"tolong update nama bank nasionalnya di menu layanan auto debet, terkesan terbatas",tolong update nama bank nasionalnya di menu layanan auto debet terkesan terbatas,0,Netral,MATCH,
1463,Self_ i'mOkay,1,2026-09-01,astaga Aplikasi opo ikiiii bikin marah,astaga aplikasi opo iki bikin marah,0,Netral,MATCH,
1464,Tagawa Kitchen,5,2026-09-01,Ini sangat Membantu,ini sangat membantu,3,Positif,MATCH,
1465,Fitri Finza,5,2026-09-01,super keren pelayanan kesehatan yg sangat membantu,super keren pelayanan kesehatan yang sangat membantu,5.5,Positif,MATCH,
1466,Rainbow Collection,5,2026-09-01,Terima kasih sangat membantu,terima kasih sangat membantu,5,Positif,MATCH,
1467,mr “sugi” sugi,5,2026-09-01,"cukup membantu, dan bagus",cukup membantu dan bagus,5,Positif,MATCH,
1468,Feni Yati,5,2026-09-01,lebih ditingkatkan lagi piturnya,lebih ditingkatkan lagi piturnya,0,Netral,MATCH,
1469,Ary Santiago,5,2026-09-01,bagus,bagus,2,Positif,MATCH,
1470,Olip Pinki,5,2026-09-01,sangat berterimakasih dengan adanya BPJS ini.ibu saya pasien kangker PD Alhamdulillah ditangani cepat dan gratis,sangat berterimakasih dengan adanya bpjs ini ibu saya pasien kangker pd alhamdulillah ditangani cepat dan gratis,2.5,Positif,MATCH,
1471,Giwang Yasa,5,2026-09-01,sangat penting,sangat penting,0,Netral,MATCH,
1472,Febrian Fauzi,1,2026-09-01,"Mau daftar online saja sudah, dipersulit, kode OTP tidak pernah masuk, ganti nomor HP, tetap OTP tidak masuk, gimana mau daftar, baru mau daftar saja sudah ribet, aplikasi diperbaiki lah, jangan anggaran dikorupsi terus",mau daftar online saja sudah dipersulit kode otp tidak pernah masuk ganti nomor hp tetap otp tidak masuk gimana mau daftar baru mau daftar saja sudah rumit aplikasi diperbaiki lah jangan anggaran dikorupsi terus,-5.5,Negatif,MATCH,
1473,Asep Sulaeman,5,2026-09-01,saya tida bisa mnenduhyaa,saya tida bisa mnenduhyaa,0,Netral,MATCH,
1474,Yupri Hariwanto,1,2026-09-01,aplikasi tolol mau buka aja susahnya minta ampun heran,aplikasi tolol mau buka aja susahnya minta ampun heran,0,Netral,MATCH,
1475,Anita Fidhi,3,2026-09-01,baik,baik,2,Positif,MATCH,
1476,Neng arsih Amnda,5,2026-09-01,sangat suka,sangat suka,2,Positif,MATCH,
1477,may lopp,1,2026-09-01,aplikasi gak jelas ga membantu sama sekali giliran kaya gini di persulit padahal udah verifikasi wajahnya berkali kali ttp gagal sampe sempet ganti hp sama aja gagal ga membantu,aplikasi tidak jelas tidak membantu sama sekali giliran kaya gini di persulit padahal udah verifikasi wajahnya berkali kali ttp gagal sampe sempet ganti hp sama aja gagal tidak membantu,-11.75,Negatif,MATCH,
1478,rani septiani,4,2026-09-01,kenapa gk bisa kebuka,kenapa tidak bisa kebuka,0,Netral,MATCH,
1479,Rendy Djadoel,5,2026-09-01,sangat berguna sekali,sangat berguna sekali,0,Netral,MATCH,
1480,Holid Ridwan,5,2026-09-01,pelayanan online cepat,pelayanan online cepat,2.5,Positif,MATCH,
1481,Arinda Indriana,5,2026-09-01,sangat di permudah,sangat di permudah,0,Netral,MATCH,
1482,Novri Ansyah,5,2026-09-01,baik,baik,2,Positif,MATCH,
1483,Adriadi Indra (Indra adriyadi),1,2026-09-01,"aplikasi untuk rehab tidak bisa di akses, domain error, penerimaan otw error",aplikasi untuk rehab tidak bisa di akses domain error penerimaan otw error,-5,Negatif,MATCH,
1484,Bimtra Indro,5,2026-09-01,baik,baik,2,Positif,MATCH,
1485,Deds DDQ,5,2026-09-01,jika masuk kenapa harus pakai kode Chapya?. ini merepotkan bagi Orang Tua!.,jika masuk kenapa harus pakai kode chapya ini merepotkan bagi orang tua,0,Netral,MATCH,
1486,Imam Daffa,1,2026-09-01,aplikasi nya ga jelas saya mau daftar bpjs program rehab gagal terus jadi untuk apa program itu ada sedangkan mau daftar gagal trus mau masuk otp nya,aplikasi nya tidak jelas saya mau daftar bpjs program rehab gagal terus jadi untuk apa program itu ada sedangkan mau daftar gagal terus mau masuk otp nya,-6.35,Negatif,MATCH,
1487,Piyok Dotdot,5,2026-09-01,sangat mudah,sangat mudah,2.5,Positif,MATCH,
1488,Endro Joe,5,2026-09-01,"Saya mau daftar kok gak bisa ya? Ada keterangan : ""pendaftaran pengguna jkn tidak dapat dilanjutkan karena no hp tidak sesuai"" gitu terus, itu kenapa ya?",saya mau daftar kok tidak bisa ya ada keterangan pendaftaran pengguna jkn tidak dapat dilanjutkan karena no hp tidak sesuai gitu terus itu kenapa ya,0,Netral,MATCH,
1489,Hasanah Nur pratama,5,2026-09-01,"sangat membantu, bagus 👍👍👍",sangat membantu bagus,5,Positif,MATCH,
1490,Elin Nurhasanah,1,2026-09-01,aplikasi nya bagus cuma entah kenapa ga bisa Mulu buat ambil nomornya untuk hari ini,aplikasi nya bagus cuma entah kenapa tidak bisa terus buat ambil nomornya untuk hari ini,2,Positif,MISMATCH_LOW_RATING,Salah klik rating / Human error (Isi ulasan berupa pujian murni)
1491,Rosita Hasanah,1,2026-09-01,"aplikasi jelek, lagi pilih dokter tiba2 keluar aplikasi disuruh login lagi",aplikasi buruk lagi pilih dokter tiba2 keluar aplikasi disuruh login lagi,-3,Negatif,MATCH,
1492,Rudi hamda,5,2026-09-01,mobil JKN sangat membantu,mobil jkn sangat membantu,3,Positif,MATCH,
1493,Tony Brotony,5,2026-09-01,keren mudah digunakan,keren mudah digunakan,5,Positif,MATCH,
1494,U_noes ARTM87,4,2026-09-01,salah nik. sandi atau capta. padahal semua itu saya scrensoot. baru kali ini salah dan gagal masuk ampe 3x tetep salah. padahal dah cek bener². bug apa gmn ini,salah nik sandi atau capta padahal semua itu saya scrensoot baru kali ini salah dan gagal masuk ampe 3x tetep salah padahal dah cek benar bug apa gmn ini,-4.5,Negatif,MISMATCH_HIGH_RATING,"Rating bintang tinggi (4-5), namun isi ulasan memuat kritik/keluhan tajam"
1495,sami ramadhan,5,2026-09-01,👍,,0,Netral,MATCH,
1496,tri astuti,2,2026-09-01,jgan buat aplikasi kalo gak bisa daftar bikin susah saja,jgan buat aplikasi kalo tidak bisa daftar bikin sulit saja,-2.5,Negatif,MATCH,
1497,Anang Gunawan,5,2026-09-01,"sangat membantu,semoga kedepannya semakin baik lagi",sangat membantu semoga kedepannya semakin baik lagi,5,Positif,MATCH,
1498,EKA,3,2026-09-01,Mau login tapi nggak bisa udah masukin Captcha dengan benar berkali kali tapi selalu dibilang salah padahal udah bener,mau login tapi tidak bisa udah masukin captcha dengan benar berkali kali tapi selalu dibilang salah padahal udah benar,0,Netral,MATCH,
1499,Adinda dedek,5,2026-09-01,mantap,mantap,3,Positif,MATCH,
1500,Vicky Aditia,3,2026-09-01,"sistem tolong di perbaiki,mau daftar susah trima notifikasi SMS terlalu lama.. warga ingin di buat mudah,bukanalahan tambah ribet",sistem tolong di perbaiki mau daftar sulit trima notifikasi sms terlalu lama warga ingin di buat mudah bukanalahan tambah rumit,-4,Negatif,MATCH,
1501,Bang Noer,1,2026-09-01,"Aplikasi ini mencatatkan kunjungan layanan yang tidak saya lakukan 4 bulan berturut-turut. Bukan kunjungan real yang tercatat. Berarti ini bisa diatur dari dalam. Rawan korupsi. Setelah komplain dua kali, tidak ada jawaban yang jelas atas apa yang terjadi, dll.",aplikasi ini mencatatkan kunjungan layanan yang tidak saya lakukan 4 bulan berturut-turut bukan kunjungan real yang tercatat berarti ini bisa diatur dari dalam rawan korupsi setelah komplain dua kali tidak ada jawaban yang jelas atas apa yang terjadi dll,1.5,Positif,MISMATCH_LOW_RATING,Salah klik rating / Human error (Isi ulasan berupa pujian murni)
1502,Nurul Hidayati,5,2026-09-01,petugas cabang Sidoarjo ramah² 👍🏻,petugas cabang sidoarjo ramah,2,Positif,MATCH,
1503,J A,5,2026-09-01,sangat terbantu dgn aplikasi ini,sangat terbantu dengan aplikasi ini,0,Netral,MATCH,
1504,Firman Syah,5,2026-09-01,good job,good job,2,Positif,MATCH,
1505,Fatimah Timah,5,2026-09-01,sangat membantu,sangat membantu,3,Positif,MATCH,
1506,xmyysh,1,2026-09-01,"Kecewa. Mau daftar online, tapi Mobile JKN tidak bisa diunduh karena tidak mendukung HP saya. Padahal HP masih normal dan bisa menjalankan aplikasi lain. Tolong perbaiki, jangan sampai pengguna kesulitan hanya karena masalah kompatibilitas aplikasi.",kecewa mau daftar online tapi mobile jkn tidak bisa diunduh karena tidak mendukung hp saya padahal hp masih normal dan bisa menjalankan aplikasi lain tolong perbaiki jangan sampai pengguna kesulitan hanya karena masalah kompatibilitas aplikasi,-3,Negatif,MATCH,
1507,Ashraf Abdillah,1,2026-09-01,aduh ga bisa login ini gimana nih,aduh tidak bisa login ini gimana nih,0,Netral,MATCH,
1508,Sri antok,5,2026-09-01,sangat membantu,sangat membantu,3,Positif,MATCH,
1509,raudatul irfan,5,2026-09-01,"katanya rakyat disuruh daftar online biar cepet,,tapi aplikasinya malah kurang bagus,susah buat daftar online yg rujukan ke RS.",katanya rakyat disuruh daftar online biar cepet tapi aplikasinya malah kurang bagus sulit buat daftar online yang rujukan ke rs,-4.3,Negatif,MISMATCH_HIGH_RATING,"Rating bintang tinggi (4-5), namun isi ulasan memuat kritik/keluhan tajam"
1510,Topeng Hutam,5,2026-09-01,sangat membantu,sangat membantu,3,Positif,MATCH,
1511,Kausar Kausar,5,2026-09-01,semoga di permudah,semoga di permudah,0,Netral,MATCH,
1512,Nurwahidah Bima,5,2026-09-01,"Oke, Krn membantu",oke karena membantu,4.5,Positif,MATCH,
1513,Pemi P,5,2026-09-01,sangat membantu,sangat membantu,3,Positif,MATCH,
1514,adera nirvana,1,2026-09-01,pelayan ny lambat ny..sering eror aplikasi,pelayan ny lambat ny sering error aplikasi,-5,Negatif,MATCH,
1515,Teger Lelo,5,2026-09-01,cepat,cepat,2.5,Positif,MATCH,
1516,Sudana Kadekputra,1,2026-09-01,aplikasinya aneh udah aktifkan login pale sidik jari lama nggk buka harus login ulang trus pake sidik jadi katanya kita blum aktifkan fitur sidik jari.,aplikasinya aneh udah aktifkan login pale sidik jari lama nggk buka harus login ulang terus pake sidik jadi katanya kita blum aktifkan fitur sidik jari,-2,Negatif,MATCH,
1517,Kraton Raihanyes,5,2026-09-01,sangat suka,sangat suka,2,Positif,MATCH,
1518,Dev Sky,5,2026-09-01,sangat baik,sangat baik,2,Positif,MATCH,
1519,Betuah Raye,5,2026-09-01,tolong perbarui auto debit nya masukin bank BNI . dan non bank nya akun Dana.,tolong perbarui auto debit nya masukin bank bni dan non bank nya akun dana,0,Netral,MATCH,
1520,Rahmat Taufik,1,2026-09-01,"saya tidak bisa login ke aplikasi jkn , padahal sebelumnya baik² saja . tolong di bantu dong",saya tidak bisa login ke aplikasi jkn padahal sebelumnya baik saja tolong di bantu dong,2,Positif,MISMATCH_LOW_RATING,Salah klik rating / Human error (Isi ulasan berupa pujian murni)
1521,THE KINGZ,1,2026-09-01,"ini kenapa logout terus sendiri aduhhhh tolong lahh diperbaiki, mana susah lagi loginnya,",ini kenapa logout terus sendiri aduh tolong lahh diperbaiki mana sulit lagi loginnya,-2.5,Negatif,MATCH,
1522,Udhek Udi,5,2026-09-01,berguna dan bagus,berguna dan bagus,2,Positif,MATCH,
1523,danang minggu,1,2026-09-01,"tolong perbaiki aplikasi,susah dibuka",tolong perbaiki aplikasi sulit dibuka,-2.5,Negatif,MATCH,
1524,Siti Maesaroh - Jabar,1,2026-09-01,"Tolong dong diperbaiki, ga bisa daftar layanan online dan layanan² lain ga bisa diakses, udah 2 minggu gtu terus karena keterangan offline, padahal jaringan selalu stabil pake beberapa wifi, paket data",tolong dong diperbaiki tidak bisa daftar layanan online dan layanan lain tidak bisa diakses udah 2 minggu gtu terus karena keterangan offline padahal jaringan selalu stabil pake beberapa wifi paket data,0,Netral,MATCH,
1525,Astuti Wiji,5,2026-09-01,cukup baik,cukup baik,2,Positif,MATCH,
1526,Dendy Wira,1,2026-09-01,aplikasi rumit dan banyak menghabiskan waktu.,aplikasi rumit dan banyak menghabiskan waktu,-2,Negatif,MATCH,
1527,Suji Anto,5,2026-09-01,kok nggak bisa dibuka ya,kok tidak bisa dibuka ya,0,Netral,MATCH,
1528,Heri Azhari HR,5,2026-09-01,sangat membantu,sangat membantu,3,Positif,MATCH,
1529,Bayu Ristanto,1,2026-09-01,"aplikasi internasional aja gak memandang OS android handphone ,ini sekelas jaminan kesehatan ""nasional"" malah salahsatu SKBnya OS android.. anehh !",aplikasi internasional aja tidak memandang os android handphone ini sekelas jaminan kesehatan nasional malah salahsatu skbnya os android anehh,0,Netral,MATCH,
1530,Rahmat Gambreng,1,2026-09-01,mempersulit,mempersulit,0,Netral,MATCH,
1531,Rinto Hutauruk,1,2026-09-01,"captcha tidak jelas, susah masuk, kayaknya admin sengaja biar susah masuk",captcha tidak jelas sulit masuk kayaknya admin sengaja biar sulit masuk,-6.35,Negatif,MATCH,
1532,Muhammad Azam Alfarizi,5,2026-09-01,mudah akses,mudah akses,2.5,Positif,MATCH,
1533,Afrizal Fajri,1,2026-09-01,mobil JKN gk ada guna nyaa. masak iya jarang di bukak keluar sendiri setiap mau berobat masuk kata sandi udh di masukin salah teruss . menyusahkan org mau berobat aja. lagi keadaan darurat harus pakai JKN padahal kartu BPJS ada!,mobil jkn tidak ada guna nyaa masak iya jarang di bukak keluar sendiri setiap mau berobat masuk kata sandi sudah di masukin salah teruss menyusahkan org mau berobat aja lagi keadaan darurat harus pakai jkn padahal kartu bpjs ada,-3,Negatif,MATCH,
1534,Edo20 Xesrex,1,2026-09-01,"aplikasi mempermudah sih, cuma butuh diperbaiki lagi prihal koneksi nya yang kadang-kadang eror, ini saya lagi butuh sekarang eh malah verifikasi wajah susah, kirim kode lewat SMS gagal terus, capek, tolong di perbaiki, biar masalah kaya gini engga keulang",aplikasi mempermudah sih cuma butuh diperbaiki lagi prihal koneksi nya yang kadang-kadang error ini saya lagi butuh sekarang eh malah verifikasi wajah sulit kirim kode lewat sms gagal terus capek tolong di perbaiki biar masalah kaya gini engga keulang,-7.5,Negatif,MATCH,
1535,Qorri abeng,5,2026-09-01,sangat berguna.. .,sangat berguna,0,Netral,MATCH,
1536,Andri Ariansyaj,1,2026-09-01,gk bisa login verifikasi gk keluar2 kode nya,tidak bisa login verifikasi tidak keluar2 kode nya,0,Netral,MATCH,
1537,Bagusan Aku,1,2026-09-01,"bagus kalo mau semua serba digital. tp masih banyak bug. data 1 pemerintah n ga sinkron, data dikemenkes sama di dispendukcapil juga belum tersinkron, masih mengikuti data lama, yg padahal sudah terbarui data di dukcapil namun di kemenkes belum terbarui. tolong benerin bug² itu. kalau tidak ya bikin aja 1 aplikasi untuk semua program pemerintah. jangan banyak aplikasi namun banyak bug yng muncul. thx u",bagus kalo mau semua serba digital tapi masih banyak bug data 1 pemerintah n tidak sinkron data dikemenkes sama di dispendukcapil juga belum tersinkron masih mengikuti data lama yang padahal sudah terbarui data di dukcapil namun di kemenkes belum terbarui tolong perbaiki bug itu kalau tidak ya bikin aja 1 aplikasi untuk semua program pemerintah jangan banyak aplikasi namun banyak bug yng muncul thx u,-6,Negatif,MATCH,
1538,Heri Yanto,5,2026-09-01,bagus,bagus,2,Positif,MATCH,
1539,Yerry Wungkana,3,2026-09-01,"Pengalaman bulan Agustus 2026 pemeriksaan dokter rujukan konsultasi gula darah utk pemeriksaan Hba1c sampai ke pemeriksaan lanjut pengambilan sampel darah di Lab. terlalu jauh jaraknya yaitu 1 minggu sesudah konsultasi atau kunjungan rujukan dokter ,belum juga nunggu hasil Labnya entah kapan ❓️banyak waktu yg terbuang percuma,tolong di perbaiki jaraknya kalau boleh langsung ambil darah dan periksa ke Lab waktunya di persingkat.... kalau masalah yg lain²nya sdh agak bagusan ☺️👍",pengalaman bulan agustus 2026 pemeriksaan dokter rujukan konsultasi gula darah untuk pemeriksaan hba1c sampai ke pemeriksaan lanjut pengambilan sampel darah di lab terlalu jauh jaraknya yaitu 1 minggu sesudah konsultasi atau kunjungan rujukan dokter belum juga nunggu hasil labnya entah kapan banyak waktu yang terbuang percuma tolong di perbaiki jaraknya kalau boleh langsung ambil darah dan periksa ke lab waktunya di persingkat kalau masalah yang lain nya sudah agak bagusan,0,Netral,MATCH,
1540,None,1,2026-09-01,"gak jelas bener ni aplikasi, udah ambil antrean pas hari h malah gak ada jejaknya",tidak jelas benar ni aplikasi udah ambil antrean pas hari h malah tidak ada jejaknya,-1.35,Negatif,MATCH,
1541,Sakura Any,1,2026-09-01,mau daftar susah bgt eror mulu .,mau daftar sulit banget error terus,-5,Negatif,MATCH,
1542,maria puspitasari,5,2026-09-01,"Sangat membantu sekali, terima kasih Mobile JKN 😊",sangat membantu sekali terima kasih mobile jkn,5,Positif,MATCH,
1543,Nidya Erna,5,2026-09-01,penting,penting,0,Netral,MATCH,
1544,yeni ermalisa,5,2026-09-01,Good,good,2,Positif,MATCH,
1545,Aminatuz Zahra,1,2026-09-01,"Udah bagus ada opsi kirim otp ke nomor whatsapp biar ga harus isi pulsa, Eh malah diilangin fiturnya, hadeeeh",udah bagus ada opsi kirim otp ke nomor whatsapp biar tidak harus isi pulsa eh malah diilangin fiturnya hadeh,2,Positif,MISMATCH_LOW_RATING,Salah klik rating / Human error (Isi ulasan berupa pujian murni)
1546,SYM Motovlog,1,2026-09-01,"developernya kemana ini,kok aplikasinya ga diurus,udah ganti vendor kah,cuma verivikasi kode otp aja masa ga ke kirim kirim",developernya kemana ini kok aplikasinya tidak diurus udah ganti vendor kah cuma verivikasi kode otp aja masa tidak ke kirim kirim,0,Netral,MATCH,
1547,koesnadi adyeja Adi,1,2026-09-01,"halo INI KENAPA SAYA DAFTRA KLINIK DI YA RAHMA, PAS AUPDET JADI DI KLINIK WIJAYA ...??????????ADA APA DENGN APLIKASI INI HALO TOKOLNGI JAWAB ....??? Waktu MENGISI Pemindahan klinik MATA SAYA MASIH NORMAL PAHAM",halo ini kenapa saya daftra klinik di ya rahma pas aupdet jadi di klinik wijaya ada apa dengn aplikasi ini halo tokolngi jawab waktu mengisi pemindahan klinik mata saya masih normal paham,0,Netral,MATCH,
1548,Litter X5,4,2026-09-01,"sering error tiba-tiba, keluar device yang berbeda katanya. Pas udah ambil antrean eh besoknya dibatalin, gimana ini? Tolong sekali, tolong yaaaa. Iya tahu pake bpjs, tapi kami juga kan niatnya mau berobat mas mbak, tolong diperbaiki lagi yaaa aplikasinya, terimakasih 🙇🏻‍♀️",sering error tiba-tiba keluar device yang berbeda katanya pas udah ambil antrean eh besoknya dibatalin gimana ini tolong sekali tolong ya iya tahu pake bpjs tapi kami juga kan niatnya mau berobat mas mbak tolong diperbaiki lagi ya aplikasinya terimakasih,-2.5,Negatif,MISMATCH_HIGH_RATING,"Rating bintang tinggi (4-5), namun isi ulasan memuat kritik/keluhan tajam"
1549,Eddy Rumbayan,5,2026-09-01,saya baru mau mendaftar di aplikasi mobile Jkn,saya baru mau mendaftar di aplikasi mobile jkn,0,Netral,MATCH,
1550,sri Sulastri,1,2026-09-01,bagus sekali,bagus sekali,2,Positif,MISMATCH_LOW_RATING,Salah klik rating / Human error (Isi ulasan berupa pujian murni)
1551,Nurhayati bee,5,2026-09-01,sangat membantu,sangat membantu,3,Positif,MATCH,
1552,Junaidi Abdullah,5,2026-09-01,sangat membenatu,sangat membenatu,0,Netral,MATCH,
1553,Fajar Fahji,1,2026-09-01,Sering bermasalah dan susah akses,sering bermasalah dan sulit akses,-2.5,Negatif,MATCH,
1554,Reza Utami,5,2026-09-01,💗,,0,Netral,MATCH,
1555,Aep Mikrotik,1,2026-09-01,eror mulu,error terus,-2.5,Negatif,MATCH,
1556,Devi Handayani,5,2026-09-01,bagus sangat ngebantu banget,bagus sangat ngebantu banget,2,Positif,MATCH,
1557,NR walet,3,2026-08-31,"aplikasi bagus tapi untuk kirim kode OTP nya yang susah lewat SMS, coba di permudah kirim OTP nya lewat WhatsApp saja. dulu mudah untuk verifikasi kirim OTP lewat SMS, sekarang sulit.",aplikasi bagus tapi untuk kirim kode otp nya yang sulit lewat sms coba di permudah kirim otp nya lewat whatsapp saja dulu mudah untuk verifikasi kirim otp lewat sms sekarang sulit,-0.5,Netral,MATCH,
1558,Fiqri cakep,5,2026-08-31,membantu sekali,membantu sekali,3,Positif,MATCH,
1559,Azwin Awin,5,2026-08-31,enak difahami,enak difahami,0,Netral,MATCH,
1560,Marlo Gantika,1,2026-08-31,"perubahan faskes bisa setelah 3 bulan, di coba setelah 3 bulan berlakunya bulan depannya. Itu namanya bisa berubah faskes setelah 4 bulan",perubahan faskes bisa setelah 3 bulan di coba setelah 3 bulan berlakunya bulan depannya itu namanya bisa berubah faskes setelah 4 bulan,0,Netral,MATCH,
1561,Deds Bagia,5,2026-08-31,keren banget amanah,keren banget amanah,2.5,Positif,MATCH,
1562,ILFA ALIFA MUKMINA 18,2,2026-08-31,"sedikit"" harus verifikasi nomor dan nomor Smartfren tidak bisa sama sekali alasannya ada kendala terus, bukan malah memudahhkan tpi malalh mempersulit. terkadang juga tidak terhubung sama server rs, harus segera diperbaiki sii biar g bikin pusing",sedikit harus verifikasi nomor dan nomor smartfren tidak bisa sama sekali alasannya ada kendala terus bukan malah memudahhkan tpi malalh mempersulit terkadang juga tidak terhubung sama server rs harus segera diperbaiki sii biar g bikin pusing,-2,Negatif,MATCH,
1563,Listiani Agestina,5,2026-08-31,Offer all mempermudah,offer all mempermudah,0,Netral,MATCH,
1564,rozani qurrotulaini,5,2026-08-31,pelayanan mobil JKN semakin inovatif,pelayanan mobil jkn semakin inovatif,0,Netral,MATCH,
1565,Pembela,2,2026-08-31,"kenapa walaupun buka tapi pas diklik malah sudah ditutup? padahal masih sisa banyak, saya sering ga kebagian apalagi poli gigi, emang disengaja atau gimana? kalau bug kenapa ga dibenerin dari lama",kenapa walaupun buka tapi pas diklik malah sudah ditutup padahal masih sisa banyak saya sering tidak kebagian apalagi poli gigi emang disengaja atau gimana kalau bug kenapa tidak dibenerin dari lama,-4,Negatif,MATCH,
1566,Fena melinda Septiani,1,2026-08-31,"Login hanya untuk 3 nik, tolong update untuk bisa masuk ke banyak akun jangan hanya max 3 nik",login hanya untuk 3 nik tolong update untuk bisa masuk ke banyak akun jangan hanya max 3 nik,0,Netral,MATCH,
1567,anugrah tv,1,2026-08-31,aplikasi pemerintah ga bisa vermuk apa ga jelas knapa bikin aplikasi kalau bermasalah,aplikasi pemerintah tidak bisa vermuk apa tidak jelas knapa bikin aplikasi kalau bermasalah,-1.35,Negatif,MATCH,
1568,Retno Aji,5,2026-08-31,good,good,2,Positif,MATCH,
1569,da ho,1,2026-08-31,"Kenapa dengan aplikasi ini,tidak bisa ngambil nomor antrean,padahal saya butuh sekali untuk daftar hari ini,tolong di perbaiki",kenapa dengan aplikasi ini tidak bisa ngambil nomor antrean padahal saya butuh sekali untuk daftar hari ini tolong di perbaiki,0,Netral,MATCH,
1570,Agam Damara,5,2026-08-31,sangat membantu sekali,sangat membantu sekali,3,Positif,MATCH,
1571,Raja Wali,5,2026-08-31,oke banget mudah,oke banget mudah,4,Positif,MATCH,
1572,Dwanda firdaus,1,2026-08-31,"hari ini mau ambil nomor antrian aku bela2in alarm dini hari. eh ternyata gabisa padahal udah bener semua😓 jaringan jg aman, sampe ku install uninstall aplikasi loh gmn ini",hari ini mau ambil nomor antrean aku bela2in alarm dini hari eh ternyata tidak bisa padahal udah benar semua jaringan jg aman sampe ku install uninstall aplikasi loh gmn ini,2,Positif,MISMATCH_LOW_RATING,Salah klik rating / Human error (Isi ulasan berupa pujian murni)
1573,Imroatush Sholihah,1,2026-08-31,"mau login susah banget ampunnn, diperbaiki dong aplikasinya. Udah coba berulang kali gagal Mulu gimana sih",mau login sulit banget ampun diperbaiki dong aplikasinya udah coba berulang kali gagal terus gimana sih,-5,Negatif,MATCH,
1574,Jemi Mardiana,4,2026-08-31,"sangat dibutuhkan masyarakat,tetapi sering gangguan,kenapa sich !",sangat dibutuhkan masyarakat tetapi sering gangguan kenapa sich,0,Netral,MATCH,
1575,Harmini Rini,1,2026-08-31,tolong segera lakukan pemeliharaan karena aplikasinya tidak bisa berjalan normal saya mau login tpi tidak bisa sma skali dikarenakan aplikadinya yg lemot harusnya ini menjadi perhatian pemerintah untuk diperbaiki,tolong segera lakukan pemeliharaan karena aplikasinya tidak bisa berjalan normal saya mau login tpi tidak bisa sma skali dikarenakan aplikadinya yang lambat harusnya ini menjadi perhatian pemerintah untuk diperbaiki,-2.5,Negatif,MATCH,
1576,Desi,1,2026-08-31,sdah seharian buat daftar gak bisa .. gimana mau berobat sedangkan kalo mau brobat harus daftar lewat aplikasi ini 😏😏..,sdah seharian buat daftar tidak bisa gimana mau berobat sedangkan kalo mau brobat harus daftar lewat aplikasi ini,0,Netral,MATCH,
1577,Siska 14s,1,2026-08-31,"duh tolong ya diperbaiki lagi aplikasinya, masa mau login, mau daftar ataupun mau ambil antria gak bisa muter2 terus dan berakhir ngehang. orang lagi butuh bt priksa tapi aplikasi nya eror lama bgt.. trs gmn ni mau pake BPJS nya jadi terhalang to, percuma suruh bayar tepat waktu tapi pas mau dipakai aplikasi nya eror gaje gini, giliran bayar telat dinotif suruh cepet2 bayar",duh tolong ya diperbaiki lagi aplikasinya masa mau login mau daftar ataupun mau ambil antria tidak bisa muter2 terus dan berakhir ngehang orang lagi butuh bt priksa tapi aplikasi nya error lama banget terus gmn ni mau pake bpjs nya jadi terhalang to percuma suruh bayar tepat waktu tapi pas mau dipakai aplikasi nya error gaje gini giliran bayar telat dinotif suruh cepet2 bayar,-7,Negatif,MATCH,
1578,Noval Trianto,1,2026-08-31,"error mulu offline terus sering lag , gunta ganti jarijgan sama aja. servernya selalu down",error terus offline terus sering lag gunta ganti jarijgan sama aja servernya selalu down,-2.5,Negatif,MATCH,
1579,Miller Kastanya,1,2026-08-31,"aplikasi rusak!! tolong dibenerin ini kaga bisa login padahal sinyal normal tapi gak bisa login. padahal sebelumnya ga pernah logout kok tiba"" disuruh login lagi. mana ga bisa lagi error mulu",aplikasi rusak tolong dibenerin ini kaga bisa login padahal sinyal normal tapi tidak bisa login padahal sebelumnya tidak pernah logout kok tiba disuruh login lagi mana tidak bisa lagi error terus,-5.5,Negatif,MATCH,
1580,Diana Lavezhie,1,2026-08-31,"Apk gak berguna, dikit-dikit eror, dikit-dikit eror terus.... tolong di perbaiki",aplikasi tidak berguna dikit-dikit error dikit-dikit error terus tolong di perbaiki,-5,Negatif,MATCH,
1581,Aldila Ramdhani,3,2026-08-31,"permasalahannya itu itu aja, selalu bug loading lama, permintaan belum dapat diproses, offline, padahal sinyal internet kenceng. cukup meresahkan terutama saat keadaan urgent.",permasalahannya itu itu aja selalu bug loading lama permintaan belum dapat diproses offline padahal sinyal internet kenceng cukup meresahkan terutama saat keadaan urgent,-4,Negatif,MATCH,
1582,Agus Itenk,1,2026-08-31,"giliran mau di perlukan,,gagal terus. coba lagi terusss 😡",giliran mau di perlukan gagal terus coba lagi terus,-2.5,Negatif,MATCH,
1583,Ziaulhaq Mahfud,1,2026-08-31,"aplikasi gak bener hape gak diroot terdeteksinya root sering eror sendiri tulisan offline padahal sinyal ada KALO ADA DANA BUAT APLIKASI YA 100% ALL IN kan APLIKASI, ALOKASI DANA YANG BENER BIAR APLIKASINYA FUNGSI.",aplikasi tidak benar hape tidak diroot terdeteksinya root sering error sendiri tulisan offline padahal sinyal ada kalo ada dana buat aplikasi ya 100 all in kan aplikasi alokasi dana yang benar biar aplikasinya fungsi,-2.5,Negatif,MATCH,
1584,Uncle R'D,1,2026-08-31,Kebanyakan maintenance.. Biasa keluar sendiri akun JKNnya tanpa di kasih keluar,kebanyakan maintenance biasa keluar sendiri akun jknnya tanpa di kasih keluar,-3,Negatif,MATCH,
1585,Tika rahayu,2,2026-08-31,kadang lemot eror gk bisa di pakai,kadang lambat error tidak bisa di pakai,-5,Negatif,MATCH,
1586,Dimas Tri utami,1,2026-08-31,Disuruh dafar lewat sini tapi giliran dafatr buat masuk login aja susah banget,disuruh dafar lewat sini tapi giliran dafatr buat masuk login aja sulit banget,-2.5,Negatif,MATCH,
1587,Fincent Gunawan,1,2026-08-31,parah setiap akhir bulan tidak bisa di access dengan alasan perbaikan sistem...perbaikan atau sengaja dimatikan servernya,buruk setiap akhir bulan tidak bisa di access dengan alasan perbaikan sistem perbaikan atau sengaja dimatikan servernya,-3,Negatif,MATCH,
1588,Megawati Manalu,5,2026-08-31,"bagus,",bagus,2,Positif,MATCH,
1589,Fahri Saputra,1,2026-08-31,buruk sekali saya bayar tiap bulan giliran di butuh kan ga bisa masuk akun Ter logout,buruk sekali saya bayar tiap bulan giliran di butuh kan tidak bisa masuk akun ter logout,-3,Negatif,MATCH,
1590,Fitria _95,1,2026-08-31,"tolong ini aplikasi tidak bisa di update, di cari di google play malah tulisan nya ""aplikasi tidak kompatibel dengan perangkat anda"" dan sering banget terjadi eror, mau ambil antrean selalu eror, ampun dah ini aplikasi negeri indonesia tercinta semua di persulit untuk rakyat nya",tolong ini aplikasi tidak bisa di update di cari di google play malah tulisan nya aplikasi tidak kompatibel dengan perangkat anda dan sering banget terjadi error mau ambil antrean selalu error ampun dah ini aplikasi negeri indonesia tercinta semua di persulit untuk rakyat nya,-5,Negatif,MATCH,
1591,Lala Nabilla,1,2026-08-31,eror mulu setiap ambil antrian,error terus setiap ambil antrean,-2.5,Negatif,MATCH,
1592,Suwasno Wasno,4,2026-08-31,luar biasa,luar biasa,0,Netral,MATCH,
1593,Jimmy Tola,1,2026-08-31,"aplikasi yang mengancam keselamata, mau berobat karna sakit malah error kesalahan sambungan mana pilihan dokternya kadang hilang harus refresh lama giliran muncul malah sudah penuh padahal pendaftar masih kosong, mana syaratnya harus ambil antrian lagi hapus aja aplikasinya, buat server yang bagus biar kecepatan aksesnya lebih bagus",aplikasi yang mengancam keselamata mau berobat karena sakit malah error kesalahan sambungan mana pilihan dokternya kadang hilang harus refresh lama giliran muncul malah sudah penuh padahal pendaftar masih kosong mana syaratnya harus ambil antrean lagi hapus aja aplikasinya buat server yang bagus biar kecepatan aksesnya lebih bagus,-0.5,Netral,MATCH,
1594,Muhammad Iqbal,3,2026-08-31,Apakah aplikasi ini memang dibuat tidak beroperasi 24 jam? dengan signal 5G aplikasi eror ketika dibuka tengah malam. Belum lagi sistem rujukan yang justru menyulitkan karena hanya berlaku tiga bulan terbatas. Mohon ditingkatkan lagi untuk pengalaman pengguna yang lebih baik,apakah aplikasi ini memang dibuat tidak beroperasi 24 jam dengan signal 5g aplikasi error ketika dibuka tengah malam belum lagi sistem rujukan yang justru menyulitkan karena hanya berlaku tiga bulan terbatas mohon ditingkatkan lagi untuk pengalaman pengguna yang lebih baik,-0.5,Netral,MATCH,
1595,Riezky Aditya,1,2026-08-31,jelek sekarang apkny di bikin susah setiap mau daftar harus vertifikasi terus kalau lama ga di buka keluar sendiri kecewa banget,buruk sekarang apkny di bikin sulit setiap mau daftar harus vertifikasi terus kalau lama tidak di buka keluar sendiri kecewa banget,-13.5,Negatif,MATCH,
1596,Aliqucey,5,2026-08-31,"fitur fitunya udh bagus banget, kadang suka eror jaringan mulu",fitur fitunya sudah bagus banget kadang suka error jaringan terus,1.5,Positif,MATCH,
1597,Maulana Lana,1,2026-08-31,eror mulu setiap mau masuk payah,error terus setiap mau masuk payah,-5.5,Negatif,MATCH,
1598,siti hatijah,1,2026-08-31,kenapa sering eror sih buat daftar aja susah harus nunggu dulu padahal sebelumnya juga masih aman kenapa sekarang jadi susah,kenapa sering error sih buat daftar aja sulit harus nunggu dulu padahal sebelumnya juga masih aman kenapa sekarang jadi sulit,-5.5,Negatif,MATCH,
1599,Tofa Tika,1,2026-08-31,begini klo daftarnya wajib akses pake aplikasi sekarang mau daftar eror mulu,begini klo daftarnya wajib akses pake aplikasi sekarang mau daftar error terus,-2.5,Negatif,MATCH,
1600,Feni Azriani,1,2026-08-31,"Tolong aplikasinya diperbaiki, setiap mau ambil antrian online loading nya lama dan tulisannya selalu offline padahal jaringan wifi bagus. mau daftar aja susah sampe ngga jadi ke rumah sakit karna ngga ambil antrian online. rekrut lah tim IT yang bener biar aplikasinya lebih ringan",tolong aplikasinya diperbaiki setiap mau ambil antrean online loading nya lama dan tulisannya selalu offline padahal jaringan wifi bagus mau daftar aja sulit sampe tidak jadi ke rumah sakit karena tidak ambil antrean online rekrut lah tim it yang benar biar aplikasinya lebih ringan,-2.5,Negatif,MATCH,
1601,Marda liya. H,3,2026-08-31,"buruk banget, setiap mau masuk aja susah masa harus pake paket data baru bisa. makin ke sini aplikasinya gak bagus banget bukan memudahkan malah bikin ribet tolong dong di perbaikin",buruk banget setiap mau masuk aja sulit masa harus pake paket data baru bisa makin ke sini aplikasinya tidak bagus banget bukan memudahkan malah bikin rumit tolong dong di perbaiki,-12,Negatif,MATCH,
1602,Wasis 22,1,2026-08-31,sangat buruk sekali . tidak ada perubahan,sangat buruk sekali tidak ada perubahan,-3,Negatif,MATCH,
1603,Star Sindrom,2,2026-08-31,"kenapa keluar sendiri dan skr kagak bisa masuk lagi pdhl password bnr, error Mulu dh, mana bsk mu di pake berobat poli",kenapa keluar sendiri dan skr kagak bisa masuk lagi pdhl password benar error terus dh mana bsk mu di pake berobat poli,-5.5,Negatif,MATCH,
1604,Aswin khosinda Rifqi Malestra,1,2026-08-31,ribet banget asli aplikasi bagus tetapi ribet saat login Tolong di benarkan lagi aplikasi aneh mau login aja dipersulit mau padahal mau ambil anterin,rumit banget asli aplikasi bagus tetapi rumit saat login tolong di benarkan lagi aplikasi aneh mau login aja dipersulit mau padahal mau ambil anterin,-5.5,Negatif,MATCH,
1605,dani deny,5,2026-08-31,aplikasi nya susah di gunakan,aplikasi nya sulit di gunakan,-2.5,Negatif,MISMATCH_HIGH_RATING,"Rating bintang tinggi (4-5), namun isi ulasan memuat kritik/keluhan tajam"
1606,Ikmal Hakim Ikmal,2,2026-08-31,susah masuk karna ada kode captcha,sulit masuk karena ada kode captcha,-2.5,Negatif,MATCH,
1607,Dewi Larasati,1,2026-08-31,"buruk bgt ini ga bisa masuk aku aplikasi nya dari tadi. tolong lah diperbaiki. captcha salah terus padahal aku dah masukin sesuai lo. Kenapa ketika masuk Mobile JKN tidak bisa. Sudah memasukkan NIK dan sandi yang betul tapi tidak bisa. Masalah ada di captcha. Ketika saya coba lupa kata sandi juga sama, masalah di captcha. Terus ada pemberitahuan Offline, padahal sinyal ada pake wifi dan data tetap tidak bisa. Tolong lah, jangan dipersulit.",buruk banget ini tidak bisa masuk aku aplikasi nya dari tadi tolong lah diperbaiki captcha salah terus padahal aku dah masukin sesuai lo kenapa ketika masuk mobile jkn tidak bisa sudah memasukkan nik dan sandi yang betul tapi tidak bisa masalah ada di captcha ketika saya coba lupa kata sandi juga sama masalah di captcha terus ada pemberitahuan offline padahal sinyal ada pake wifi dan data tetap tidak bisa tolong lah jangan dipersulit,-1.25,Negatif,MATCH,
1608,Radi yanto,1,2026-08-31,tidak bisa buka aplikasi JKN..makin sulit aja,tidak bisa buka aplikasi jkn makin sulit aja,-2.5,Negatif,MATCH,
1609,Indihome Tulul,1,2026-08-31,"SERING ERRORR!!! GK NIAT BIKIN APLIKASI KESEHATAN, MENDING GK USH!!!",sering errorr tidak niat bikin aplikasi kesehatan mending tidak ush,0,Netral,MATCH,
1610,Dani Nopian,5,2026-08-31,Sya sudah terdaftar di regertasi...pas mau brosing n mau masukan id bpjs sama email saya...selalu gagal dgan tulisan mobile jkn terhenti...kasi solusinya dongk,sya sudah terdaftar di regertasi pas mau brosing n mau masukan id bpjs sama email saya selalu gagal dgan tulisan mobile jkn terhenti kasi solusinya dongk,-2.5,Negatif,MISMATCH_HIGH_RATING,"Rating bintang tinggi (4-5), namun isi ulasan memuat kritik/keluhan tajam"
1611,Lala Sapira,1,2026-08-31,aplikasi payah selalu eror padahal jaringan full bukan nya membantu malah mempersulit pas mau login maupun daftar selalu eror asli bikin darah naik,aplikasi payah selalu error padahal jaringan full bukan nya membantu malah mempersulit pas mau login maupun daftar selalu error asli bikin darah naik,-5,Negatif,MATCH,
1612,I Wayan Widya Pratama,1,2026-08-31,"sedang diperlukan mendesak, bisa-bisanya aplikasi ini malah error. 😭",sedang diperlukan mendesak bisa-bisanya aplikasi ini malah error,-2.5,Negatif,MATCH,
1613,Yama Pradhana Sumbodo,1,2026-08-31,Eror teruuuuussss... Ga bisa daftar ke faskes 1,error terus tidak bisa daftar ke faskes 1,-2.5,Negatif,MATCH,
1614,Ahmad Baehaqi,2,2026-08-31,padahal jaringan uda lancar masi aja ngeleg,padahal jaringan uda lancar masi aja ngeleg,2.5,Positif,MISMATCH_LOW_RATING,Salah klik rating / Human error (Isi ulasan berupa pujian murni)
1615,imam,1,2026-08-31,"captcha nya mengganggu dan tidak bisa , padahal udah bener angkanya",captcha nya mengganggu dan tidak bisa padahal udah benar angkanya,0,Netral,MATCH,
1616,putri handayani,1,2026-08-31,"klen kalo gak bagus buat aplikasi, gosah sok2an suruh semua orang daftar pake jkn mobile, aplikasinya bodoh, lelet, skrg org pake aplikasi buat mempermudah, malah dipersulit harua daftar2 manual lagi, perbaiki dlu kualitas aplikasi jkn ni, baru promo2",klen kalo tidak bagus buat aplikasi gosah sok2an suruh semua orang daftar pake jkn mobile aplikasinya bodoh lambat sekarang org pake aplikasi buat mempermudah malah dipersulit harua daftar2 manual lagi perbaiki dlu kualitas aplikasi jkn ni baru promo2,-7.8,Negatif,MATCH,
1617,Herda Rusmawan,1,2026-08-31,aplikasi mau dibuka login ga bisa. aplikasi sampah...,aplikasi mau dibuka login tidak bisa aplikasi sampah,-4,Negatif,MATCH,
1618,Fery Ali nurdin,2,2026-08-31,waktunya urgent mau liat data ko gak bisa di buka aplikasinya ??,waktunya urgent mau liat data ko tidak bisa di buka aplikasinya,0,Netral,MATCH,
1619,Dinda Nasution,1,2026-08-31,Selalu keluar sendiri. Terus susah buat masuknya. padahal signal bagus dan sandi juga benar.,selalu keluar sendiri terus sulit buat masuknya padahal signal bagus dan sandi juga benar,-3.5,Negatif,MATCH,
1620,Walidatudz Dzakiya T.,1,2026-08-31,"masa gabisa daftar, bug mulu, pas coba uninstall malah gabisa kirim kode otp KOCAK!!",masa tidak bisa daftar bug terus pas coba uninstall malah tidak bisa kirim kode otp kocak,-2,Negatif,MATCH,
1621,Aulia Agustina,3,2026-08-31,tolong ini kenapa mau masuk aplikasinya dsuru isi data diri ulang pas udh di isi malah gabisa masuk masuk di ulang beberapa kali tetep aja begituu malah muncul kode' gajelas yg ngarahin buat kembali😓,tolong ini kenapa mau masuk aplikasinya dsuru isi data diri ulang pas sudah di isi malah tidak bisa masuk masuk di ulang beberapa kali tetep aja begituu malah muncul kode gajelas yang ngarahin buat kembali,0,Netral,MATCH,
1622,Razuliah Milatalata,1,2026-08-31,aplikasi menyulitkan!!!,aplikasi menyulitkan,0,Netral,MATCH,
1623,Mia Nuramelia Septiana,1,2026-08-31,"Aplikasi yang tidak berguna, login pun susah sekali. Fitur lupa password tidak berfungsi sama sekali. Katanya selalu harus daftar online, ini bagaimana caranya kalau seperti ini terus? Yang perlu berobat urgent malah dipersulit. Tolonglah tim, buat aplikasi yang mudah dan praktis. Ini kan aplikasi dipakai oleh hampir seluruh rakyat Indonesia, tidak bermanfaat kalau seperti ini.",aplikasi yang tidak berguna login pun sulit sekali fitur lupa password tidak berfungsi sama sekali katanya selalu harus daftar online ini bagaimana caranya kalau seperti ini terus yang perlu berobat urgent malah dipersulit tolonglah tim buat aplikasi yang mudah dan praktis ini kan aplikasi dipakai oleh hampir seluruh rakyat indonesia tidak bermanfaat kalau seperti ini,-3.7,Negatif,MATCH,
1624,Vendhe Bremen,1,2026-08-31,sumpah ribet banget nih apk,sumpah rumit banget nih aplikasi,-2,Negatif,MATCH,
1625,Queena Aurora,2,2026-08-31,bisa di perbaiki gak aplikasinya .. mau daftar ke faskes 1 dari sore smpai mlm gak bisa² .. capta salah berulangkali .. offline lah .. tiba² logout sendiri bukin emosi saja,bisa di perbaiki tidak aplikasinya mau daftar ke faskes 1 dari sore smpai mlm tidak bisa capta salah berulangkali offline lah tiba logout sendiri bukin emosi saja,-2.5,Negatif,MATCH,
1626,Picaa,2,2026-08-31,"ini kenapa si error terus, ga bisa buat cek apa apa jkn dan pandawa nya. tolong dong diperbaiki sistem nya ini, sering banget error masa, gimana mau bayarnya kalau error gini gile dah dipersulit amat",ini kenapa si error terus tidak bisa buat cek apa apa jkn dan pandawa nya tolong dong diperbaiki sistem nya ini sering banget error masa gimana mau bayarnya kalau error gini gile dah dipersulit amat,-11,Negatif,MATCH,
1627,nur hudha,1,2026-08-31,hari ini lagi error kah JKN mobile??,hari ini lagi error kah jkn mobile,-2.5,Negatif,MATCH,
1628,bocah ilankk,1,2026-08-31,"setelah di update kualitas jaringannya malah semakin buruk, saya tdk bisa mengakses apk ini.",setelah di update kualitas jaringannya malah semakin buruk saya tidak bisa mengakses aplikasi ini,-3,Negatif,MATCH,
1629,Beng Beng Oreo,1,2026-08-31,makin kesini makin kesana.. ga bisa masuk2 gegara capcha .. tolong perbaiki system,makin kesini makin kesana tidak bisa masuk2 gegara capcha tolong perbaiki system,0,Netral,MATCH,
1630,Rohman Ade,1,2026-08-31,log out sendiri susah masuk lagi,login out sendiri sulit masuk lagi,-2.5,Negatif,MATCH,
1631,Diens Storye,1,2026-08-31,"gampang log out. harus selalu log in kalo mau dipake. ngeribetin. gimna klo kondisinya lagi darurat, dan tiba2 lupa pasword. mana bikin pemulihannya susah banget lagi",gampang login out harus selalu login in kalo mau dipake ngeribetin gimna klo kondisinya lagi darurat dan tiba2 lupa pasword mana bikin pemulihannya sulit banget lagi,-2.5,Negatif,MATCH,
1632,resqi teguh,1,2026-08-31,setiap mau ambil antrian selalu aja ada kendala servernya payah,setiap mau ambil antrean selalu aja ada kendala servernya payah,-3,Negatif,MATCH,
1633,Yulia Kurniawan,1,2026-08-31,susah banget buat daptar,sulit banget buat daptar,-2.5,Negatif,MATCH,
1634,Tovan Panca wibowo,1,2026-08-31,makin susah ya,makin sulit ya,-2.5,Negatif,MATCH,
1635,ina,1,2026-08-31,aplikasi ga jelas sering eror kalo memang masi belum bisa buat aplikasi ngapain dibuat,aplikasi tidak jelas sering error kalo memang masi belum bisa buat aplikasi ngapain dibuat,-3.85,Negatif,MATCH,
1636,syafirasalva amara,1,2026-08-31,"susah buka aplikasi, kadang ke logout lemot banget. selalu bermasalah loading gak selesai selesai",sulit buka aplikasi kadang ke logout lambat banget selalu bermasalah loading tidak selesai selesai,-5,Negatif,MATCH,
1637,Dedi Lesmana,1,2026-08-31,"login susah gabisa klik, lupa kata sandi captcha nya gelooo salah terussss, keren keren apk satu ini",login sulit tidak bisa klik lupa kata sandi captcha nya gelo salah terus keren keren aplikasi satu ini,2.5,Positif,MISMATCH_LOW_RATING,Salah klik rating / Human error (Isi ulasan berupa pujian murni)
1638,ilzzz 07,1,2026-08-31,"aplikasi nya bermasalah trus,orang mau berobat udah meninggal duluan kalo gini",aplikasi nya bermasalah terus orang mau berobat udah meninggal duluan kalo gini,0,Netral,MATCH,
1639,Ilham Jumardhan,1,2026-08-31,"bobrok sih, makin lama makin menurun standart penggunaan nya yang efektif, malah jadi mempersulit orang, tolong optimal kan lh , karna ini menyangkut kesehatan dan keselamatan seseorang , malu sangat kalau jatuh nya bobrok",bobrok sih makin lama makin menurun standart penggunaan nya yang efektif malah jadi mempersulit orang tolong optimal kan lh karena ini menyangkut kesehatan dan keselamatan seseorang malu sangat kalau jatuh nya bobrok,-2,Negatif,MATCH,
1640,Azfar Rasad,1,2026-08-31,banyak banget bug mau daftar susah kode otp gak muncul2. servernya ampas. tolong lah orang mau berobat jadi susah gini. aku tau ini apk tuh biar gampang juga. tapi tolonglah optimalkan. masa aplikasi pemerintah kaya gini,banyak banget bug mau daftar sulit kode otp tidak muncul2 servernya ampas tolong lah orang mau berobat jadi sulit gini aku tau ini aplikasi tuh biar gampang juga tapi tolonglah optimalkan masa aplikasi pemerintah kaya gini,-7,Negatif,MATCH,
1641,Arnine Nobell,2,2026-08-31,"banyak bug. baik secara network, atau kegagalan eksekusi. kinerja aplikasi juga sangat lambat",banyak bug baik secara network atau kegagalan eksekusi kinerja aplikasi juga sangat lambat,-2.5,Negatif,MATCH,
1642,WAYANG Channel,1,2026-08-31,"aplikasi buruk, udah log in tiba2 keluar sendiri, mau login harus pakai pulsa lagi.",aplikasi buruk udah login in tiba2 keluar sendiri mau login harus pakai pulsa lagi,-6,Negatif,MATCH,
1643,Igna Gilang Faith,1,2026-08-31,Aplikasi tolol Login unauthorized terus 👎🏻👎🏻👎🏻👎🏻,aplikasi tolol login unauthorized terus,0,Netral,MATCH,
1644,Dian Nurhofifah,1,2026-08-31,"jelek bgt apk nya , sekelas sistem yg dibuat pemerintah buat mempermudah rakyak menakses faskes apknya jelek bgttt loading nya lama tiba2 ke log out sendiri pas mau masuk error bener2 menguji kesabaran",buruk banget aplikasi nya sekelas sistem yang dibuat pemerintah buat mempermudah rakyak menakses faskes apknya buruk banget loading nya lama tiba2 ke login out sendiri pas mau masuk error bener2 menguji kesabaran,-10.5,Negatif,MATCH,
1645,Najwan Alpia yani,4,2026-08-31,ko sering TDK bisa di buka,ko sering tidak bisa di buka,0,Netral,MATCH,
1646,Pat Yas,1,2026-08-31,"kenapa mau login ""unauthorized"" terus? pdhl nik benar, password benar captcha juga benar sampai berulang kali. login pakai sidik jari juga ""unauthorized"" aneh",kenapa mau login unauthorized terus pdhl nik benar password benar captcha juga benar sampai berulang kali login pakai sidik jari juga unauthorized aneh,0,Netral,MATCH,
1647,Andhika Sapto,1,2026-08-31,"aplikasi pemerintah tp kok kaya aplikasi murahan, sering error berat kadang ga bisa di buka",aplikasi pemerintah tapi kok kaya aplikasi murahan sering error berat kadang tidak bisa di buka,-2.5,Negatif,MATCH,
1648,dede kusnadi,1,2026-08-31,"permintaan anda belum dapat kami proses, trus aja gini tiap mau daftar, ayoooo laaahhh",permintaan anda belum dapat kami proses terus aja gini tiap mau daftar ayo lah,0,Netral,MATCH,
1649,Keyla Zakiyah,1,2026-08-31,"mau berobat aja hrs di persulit dlu, login gbs² padahal NIK, kata sandi & captcha nya bener.",mau berobat aja hrs di persulit dlu login tidak bisa padahal nik kata sandi captcha nya benar,0,Netral,MATCH,
1650,Arrie Al Isra,1,2026-08-31,mau login aja susah. apl buatan pemerintah emang bapuk. anggaran bikinya aja yang besar.,mau login aja sulit apl buatan pemerintah emang bapuk anggaran bikinya aja yang besar,-2.5,Negatif,MATCH,
1651,Surani Rani,1,2026-08-31,"aplikasiny buruk sekali, masuk gak bisa bisa, error terus padahal sandi dan captha bener",aplikasiny buruk sekali masuk tidak bisa bisa error terus padahal sandi dan captha benar,-5.5,Negatif,MATCH,
1652,Afif Kholisun Nashoih,1,2026-08-31,"Alhamdulillah selalu dipersulit ketika menggunakan aplikasi ini. saat mau memeriksakan anak ke faskes lanjutan, saya tidak bisa daftar menggunakan aplikasi ini. alhasil harus mengeluarkan uang pribadi untuk periksa di dokter spesialis, padahal tiap bulan keluar uang buat bayar BPJS kelas 2 untuk 4 orang. terima kasih kpd bpjs dan jkn yg mengajarkan kami untuk selalu bersabar.",alhamdulillah selalu dipersulit ketika menggunakan aplikasi ini saat mau memeriksakan anak ke faskes lanjutan saya tidak bisa daftar menggunakan aplikasi ini alhasil harus mengeluarkan uang pribadi untuk periksa di dokter spesialis padahal tiap bulan keluar uang buat bayar bpjs kelas 2 untuk 4 orang terima kasih kpd bpjs dan jkn yang mengajarkan kami untuk selalu bersabar,-1.5,Negatif,MATCH,
1653,Yona Rahma Putri,3,2026-08-31,kenapa mau login malah UNAUTHORIZED padahal sandi benar dan sulit:) malah bikin bingung,kenapa mau login malah unauthorized padahal sandi benar dan sulit malah bikin bingung,-2.5,Negatif,MATCH,
1654,zulfan assidiq,1,2026-08-31,"maaf aplikasi sering banget offline, tidak bisa buka semua fitur yg ada",maaf aplikasi sering banget offline tidak bisa buka semua fitur yang ada,0,Netral,MATCH,
1655,Eman Belitang,1,2026-08-31,aplikasi jkn gak jelas eror melulu😡,aplikasi jkn tidak jelas error melulu,-3.85,Negatif,MATCH,
1656,Hii,1,2026-08-31,gk bisa di buka,tidak bisa di buka,0,Netral,MATCH,
1657,Harirun Najib,1,2026-08-31,"aplikasi penting, tapi server angin2an",aplikasi penting tapi server angin2an,0,Netral,MATCH,
1658,Nike,1,2026-08-31,TOLONG PERBAIKI APLIKASI NYA! GIMANA SI KODE OTP UDH SEMINGGU GA DI KIRIM² JUGA SAYA BUTUH UNTUK DAFTAR KE RS TOLONG UNTUK KE DEPAN NYA JANGAN TIBA² LOG'OUT SENDIRI PAS MAU MASUK KAN JADI LUPA PASWORD MANA SAMPE SEKARANG KODE OTP NYA GA DI KIRIM² GEDEG BANGET SAMA APLIKASI INI TOLONG YAA SEGERA DIPERBAIKI! JANGAN EROR MULU INI ITU PENTING BAGI ORANG YANG SAKIT,tolong perbaiki aplikasi nya gimana si kode otp sudah seminggu tidak di kirim juga saya butuh untuk daftar ke rs tolong untuk ke depan nya jangan tiba login out sendiri pas mau masuk kan jadi lupa pasword mana sampe sekarang kode otp nya tidak di kirim gedeg banget sama aplikasi ini tolong yaa segera diperbaiki jangan error terus ini itu penting bagi orang yang sakit,1.25,Positif,MISMATCH_LOW_RATING,Salah klik rating / Human error (Isi ulasan berupa pujian murni)
1659,dani adira,1,2026-08-31,"Aplikasi Busuk, apa semua yang berbau plat merah seperti ini? kalo lagi dibutuhkan selalu error, kita bayar iuran tiap bulan hampir tidak pernah kepake, sekalinya mau pake malah error. Password tiba-tiba salah, reset password berkali-kali. team IT kalian itu lulusan apa sii sampe aplikasi sebusuk ini dibiarkan berlarut-larut!!!",aplikasi busuk apa semua yang berbau plat merah seperti ini kalo lagi dibutuhkan selalu error kita bayar iuran tiap bulan hampir tidak pernah kepake sekalinya mau pake malah error password tiba-tiba salah reset password berkali-kali team it kalian itu lulusan apa sii sampe aplikasi sebusuk ini dibiarkan berlarut-larut,-5,Negatif,MATCH,
1660,Iin Rahmadanti,2,2026-08-31,"aplikasinya dikit2 pemeliharaan, jadi susah mau bikin jadwal kontrol, sering eror pula gimana sih",aplikasinya dikit2 pemeliharaan jadi sulit mau bikin jadwal kontrol sering error pula gimana sih,-5,Negatif,MATCH,
1661,Eddy Fu,2,2026-08-31,"banyak hambatan dalam isi aplikasi jkn, pas mau ambil antrian ke faskes pertama nggak bisa, bagaimana ini BPJS, udah dibayar tapi nggak bisa dipakai",banyak hambatan dalam isi aplikasi jkn pas mau ambil antrean ke faskes pertama tidak bisa bagaimana ini bpjs udah dibayar tapi tidak bisa dipakai,0,Netral,MATCH,
1662,Lisa Nahdalia Pradani,2,2026-08-31,sering bgt erornya dan sering log out sendiri pula. Dah diinput password dan kode yg bener masih aja dibilang salah input,sering banget erornya dan sering login out sendiri pula dah diinput password dan kode yang benar masih aja dibilang salah input,0,Netral,MATCH,
1663,Doli Saputra,1,2026-08-31,"aplikasi nya error parah, orang lagi sakit mau pemeriksaan malah dikit dikit ""UNAUTHORIZED"". BAYANGIN ORANG LAGI SAKIT, NGISI CHAPCA NYA BENER MALAH UNAUTHORIZED UNAUTHORIZED MULU GILA. aplikasi pemerintah gapernah ada yang bener, lu kasih ke swasta dengan budget yang sama, dia udah bisa bikinin lu game GTA 6",aplikasi nya error buruk orang lagi sakit mau pemeriksaan malah dikit dikit unauthorized bayangin orang lagi sakit ngisi chapca nya benar malah unauthorized unauthorized terus gila aplikasi pemerintah gapernah ada yang benar lu kasih ke swasta dengan budget yang sama dia udah bisa bikinin lu game gta 6,-5.5,Negatif,MATCH,
1664,Matshuya Yuia,2,2026-08-31,"kenapa gak bisa dibuka bulan kemaren bisa sekarang gak bisa,kebuka pun ada bacaan tidak ada internet",kenapa tidak bisa dibuka bulan kemaren bisa sekarang tidak bisa kebuka pun ada bacaan tidak ada internet,0,Netral,MATCH,
1665,Ati Sunarti,5,2026-08-31,baik,baik,2,Positif,MATCH,
1666,Rijal Sulthoni,2,2026-08-31,katanya satu akun di aplikasi mobile jkn bisa digunakan semua peserta yang masih mencakup 1 KK(kartu keluarga) tapi kok saya coba gak bisa gimana ini tolong diperbaiki,katanya satu akun di aplikasi mobile jkn bisa digunakan semua peserta yang masih mencakup 1 kartu keluarga kartu keluarga tapi kok saya coba tidak bisa gimana ini tolong diperbaiki,0,Netral,MATCH,
1667,Kirmanto gedongkuning,5,2026-08-31,josss,jos,0,Netral,MATCH,
1668,Dito Angga Saputra,1,2026-08-31,aplikasi gajelas,aplikasi gajelas,0,Netral,MATCH,
1669,Zaskiya Wardani,1,2026-08-31,aplikasi jelekkkkkk,aplikasi buruk,-3,Negatif,MATCH,
1670,rifdah firjatullah,1,2026-08-31,"review jujur, andai ada aplikasi lain semacam mobile jkn, pasti sy pake itu, asli sih repotnya minta ampun, slalu terjadi gangguan, masukan aja, semoga kedepannya bisa di update yahh aplikasi, kasihan kt yg pemakainya slalu terjadi gangguan error kek apa kek",review jujur andai ada aplikasi lain semacam mobile jkn pasti saya pake itu asli sih repotnya minta ampun slalu terjadi gangguan masukan aja semoga kedepannya bisa di update yahh aplikasi kasihan kt yang pemakainya slalu terjadi gangguan error kek apa kek,-2.5,Negatif,MATCH,
1671,Veronica Else dwiandini,4,2026-08-31,"duluu gampang aja login, skrng mau login susahnya minta ampun pdhl NIK udah diketik pw sudah benar capca juga udh bener tp masih aja susah login.. ini mau ambil antrian ke dokter jd makin lama makin penuh slot antrian ke dokter.. tolonglah diperbaiki satu lagi verifikasi wajah jg busetttt dahh susah PAKE BANGET NGGA BISA NGMNG LAGI😭🥴",duluu gampang aja login skrng mau login susahnya minta ampun pdhl nik udah diketik pw sudah benar capca juga sudah benar tapi masih aja sulit login ini mau ambil antrean ke dokter jd makin lama makin penuh slot antrean ke dokter tolonglah diperbaiki satu lagi verifikasi wajah jg buset dahh sulit pake banget tidak bisa ngmng lagi,-7,Negatif,MISMATCH_HIGH_RATING,"Rating bintang tinggi (4-5), namun isi ulasan memuat kritik/keluhan tajam"
1672,Mizuka ?,1,2026-08-31,"aplikasi gajelasss!!! mau daftar udh valid semua identitas, cuman gara gara verifikasi captcha itu harus ngulang ngulang truss??!!! kode sejelas itu masih aja unauthorized sampe harus nunggu balikan lagi dari awal.",aplikasi gajelas mau daftar sudah valid semua identitas cuman gara gara verifikasi captcha itu harus ngulang ngulang truss kode sejelas itu masih aja unauthorized sampe harus nunggu balikan lagi dari awal,0,Netral,MATCH,
1673,Wilfan Damar Bagasta,1,2026-08-31,Kenapa sih aplikasi plat merah gaada yg bener,kenapa sih aplikasi plat merah gaada yang benar,0,Netral,MATCH,
1674,Danu Pratama,1,2026-08-31,dulu bagus sekarang sulit diakses👎,dulu bagus sekarang sulit diakses,-0.5,Netral,MATCH,
1675,Hery Yadiguest,1,2026-08-31,yang masukkan captcha betul betul mempersulit .. ga semua yang daftar mobile jkn penglihatannya normal.,yang masukkan captcha betul betul mempersulit tidak semua yang daftar mobile jkn penglihatannya normal,0,Netral,MATCH,
1676,Nitha Jittaleela,4,2026-08-31,"aplikasi nya eror, tolong dong diperbaiki. aplikasi bnyk di hp sy, tp JKN doang yg GK eror",aplikasi nya error tolong dong diperbaiki aplikasi bnyk di hp saya tapi jkn doang yang tidak error,-1.25,Negatif,MISMATCH_HIGH_RATING,"Rating bintang tinggi (4-5), namun isi ulasan memuat kritik/keluhan tajam"
1677,Tauhid Hidayat,1,2026-08-31,mau login ajah ribet nya minta ampun ..,mau login ajah rumit nya minta ampun,-2,Negatif,MATCH,
1678,acep muhdiana,1,2026-08-31,it nya kurang!!!,it nya kurang,0,Netral,MATCH,
1679,Bima Brantasena,1,2026-08-31,ampas bgt aplikasi susah bgt mau verifikasi aja gagal terus,ampas banget aplikasi sulit banget mau verifikasi aja gagal terus,-5,Negatif,MATCH,
1680,Tessalonika yim,1,2026-08-31,"aplikasi nya kenapa ""butut"" banget ya? loaddd terus, keterangan kadang ""offline"" padahal udah ganti2 ke wifi ke data sama aja.. benahi deh? butut banget soalnya, serius. orang mau ke rs ajaa harus nunggu apps lu bener..",aplikasi nya kenapa butut banget ya load terus keterangan kadang offline padahal udah ganti2 ke wifi ke data sama aja benahi deh butut banget soalnya serius orang mau ke rs ajaa harus nunggu apps lu benar,0,Netral,MATCH,
1681,Ekasafitri Pane,1,2026-08-31,tolong lah di perbaiki bug nya..kita mu cepat daftar antrian malah sering gangguan terus,tolong lah di perbaiki bug nya kita mu cepat daftar antrean malah sering gangguan terus,0.5,Netral,MATCH,
1682,Suparti Suparti,5,2026-08-31,bagus,bagus,2,Positif,MATCH,
1683,Joko Miracle,1,2026-08-31,Pengelola APLIKASINYA bukan dipegang oleh yang Profesional. Aplikasi sering terjadi Erorr saat akan menggunakannya. cari tau sendiri pasti anda akan tau bahwa benar aplikasi ini sering bermasalah,pengelola aplikasinya bukan dipegang oleh yang profesional aplikasi sering terjadi error saat akan menggunakannya cari tau sendiri pasti anda akan tau bahwa benar aplikasi ini sering bermasalah,-2.5,Negatif,MATCH,
1684,wheredid yougo,1,2026-08-31,"CS nya jelek, pakai outsourcing apa sih? Ganti saja masak CS nya motong motong omongan saya, malah memberikan saya sop dan menghina hina. Emang dia yang gaji saya apa sampek ngasih saya sop segala. Tiap bulan di bayar mau ngurus apa apa dipersulit. Dah bubarin aja.",cs nya buruk pakai outsourcing apa sih ganti saja masak cs nya motong motong omongan saya malah memberikan saya sop dan menghina hina emang dia yang gaji saya apa sampek ngasih saya sop segala tiap bulan di bayar mau ngurus apa apa dipersulit dah bubarin aja,-6.5,Negatif,MATCH,
1685,Selvy Hanmina,5,2026-08-31,membntu dalam mengecek bpjs,membntu dalam mengecek bpjs,0,Netral,MATCH,
1686,edi khenedys,3,2026-08-31,Tingkatkan lagi untuk pengguna wifi yang tidak bisa mengakses aplikasi ini...,tingkatkan lagi untuk pengguna wifi yang tidak bisa mengakses aplikasi ini,0,Netral,MATCH,
1687,Muhammad Farhan,1,2026-08-31,"aplikasi gak jelas , nunggu kode verifikasi aj gak masuk² ornh Pdahal butuh untuk berobat.",aplikasi tidak jelas nunggu kode verifikasi aj tidak masuk ornh pdahal butuh untuk berobat,-1.35,Negatif,MATCH,
1688,Rijal Satrio,1,2026-08-31,mohon diperbaiki lagi dan dipermudah untuk proses verifikasi wajah dan nomer handphone,mohon diperbaiki lagi dan dipermudah untuk proses verifikasi wajah dan nomer handphone,0,Netral,MATCH,
1689,huddha muezza,1,2026-08-31,bobrok,bobrok,0,Netral,MATCH,
1690,yunan suherman,1,2026-08-31,"saat mau daftar online ke dokter gigi aplikasinya error Mulu,sampai sampai gak kebagian no antrian",saat mau daftar online ke dokter gigi aplikasinya error terus sampai sampai tidak kebagian no antrean,-2.5,Negatif,MATCH,
1691,andrik krisnawan,1,2026-08-31,"WOY apklu benerin lah bug lu dimana"" nunggu kode otp kek nunggu jawaban dari dia",woy apklu perbaiki lah bug lu dimana nunggu kode otp kek nunggu jawaban dari dia,-2,Negatif,MATCH,
1692,Achmad 88,5,2026-08-31,D update malah ndak bisa login sih...?,d update malah ndak bisa login sih,0,Netral,MATCH,
1693,"Lelly.A S, SE.",5,2026-08-31,ok,ok,1.5,Positif,MATCH,
1694,nanda fachrizal,5,2026-08-31,semoga kedepan semakin bagus dan mudah,semoga kedepan semakin bagus dan mudah,4.5,Positif,MATCH,
1695,Reza RFTA,1,2026-08-31,"captcha ga jelas, udah jelas bener tetep aje salah, kocak",captcha tidak jelas udah jelas benar tetep aje salah kocak,0.15,Netral,MATCH,
1696,Egi Febriansyah,1,2026-08-31,jkn busuk mau login aja susah bener,jkn busuk mau login aja sulit benar,-2.5,Negatif,MATCH,
1697,ji so,1,2026-08-31,ambil antrean cukup pke nik slesai . klo niat wat mempermudah jgn tanggung . bkin apk kok setengah setengah . .,ambil antrean cukup pke nik slesai klo niat wat mempermudah jgn tanggung bikin aplikasi kok setengah setengah,0,Netral,MATCH,
1698,Fachry Afta Gibran,1,2026-08-31,APLIKASI SAMPAH GW MAU NGECEK KE DOKTER INI LAGI BURU BURU MALAH SISTEM BERMASALAH CAPTCHA UDAH BENER GABISA TERUS APA SI APK INI,aplikasi sampah gw mau ngecek ke dokter ini lagi buru buru malah sistem bermasalah captcha udah benar tidak bisa terus apa si aplikasi ini,-4,Negatif,MATCH,
1699,Nisa NSB,1,2026-08-31,aplikasi sampah mau daftar aja ribet,aplikasi sampah mau daftar aja rumit,-6,Negatif,MATCH,
1700,Ade Jaya,1,2026-08-31,Setiap update suruh login lagi. Lalu captcha selalu salah. Coba sih bikin captcha yg bisa dibaca.,setiap update suruh login lagi lalu captcha selalu salah coba sih bikin captcha yang bisa dibaca,0,Netral,MATCH,
1701,WILDAN HABIBI,1,2026-08-31,"bolak balik keluar sendiri, giliran mau login lagi susahnya kebangetan. Jadi bingung kalau butuh untuk berobat sewaktu-waktu.",bolak balik keluar sendiri giliran mau login lagi susahnya kebangetan jadi bingung kalau butuh untuk berobat sewaktu-waktu,-3,Negatif,MATCH,
1702,Ahmad Fajar Riyanto,3,2026-08-31,"mau buka / ambil antrean loading gak kelar kelar, jadiny gak bisa ambil nomor antrean 🧐",mau buka ambil antrean loading tidak kelar kelar jadiny tidak bisa ambil nomor antrean,0,Netral,MATCH,
1703,Handy Tjan,1,2026-08-31,"apps goo blox, masuk aja susah mutermulu.. ga di buka bbrp hr hrus login lagi, apps TEK !",apps goo blox masuk aja sulit mutermulu tidak di buka beberapa hr hrus login lagi apps tek,-2.5,Negatif,MATCH,
1704,Bandi saja,1,2026-08-31,Parah ini Aplikasi malah offline melulu orang sakit diwajibkan daftar pakai mobile Jkn malah tak bisa-bisa,buruk ini aplikasi malah offline melulu orang sakit diwajibkan daftar pakai mobile jkn malah tak bisa-bisa,-3,Negatif,MATCH,
1705,rahadi wicaksono,1,2026-08-31,tidak bisa login captca tidak muncul ini gimana sih,tidak bisa login captca tidak muncul ini gimana sih,0,Netral,MATCH,
1706,Yoga Akasuki,1,2026-08-31,Ribet,rumit,-2,Negatif,MATCH,
1707,Dik Adi,2,2026-08-31,"Diperbarui malah kyak t41,. Aplikasi sangat luemot, & sering error,. Padahal depan Wi-Fi,.. 👎",diperbarui malah kyak t41 aplikasi sangat luemot sering error padahal depan wi-fi,-2.5,Negatif,MATCH,
1708,Dorie Bedog,1,2026-08-31,"sering eror,mau daftar padahal kuota pendaftaran masih banyak tapi di jkn penuh",sering error mau daftar padahal kuota pendaftaran masih banyak tapi di jkn penuh,-2.5,Negatif,MATCH,
1709,MOHAMMAD DJAZIL RIFKI,1,2026-08-31,muter ae pas mau masukin nomer telpon,muter ae pas mau masukin nomer telpon,0,Netral,MATCH,
1710,Siti Masitoh,5,2026-08-31,Terima Kasih 🙏🙏🙏😇🦁🦅,terima kasih,2,Positif,MATCH,
1711,Silvi yanaa,5,2026-08-31,knapa ga bsa instalas,knapa tidak bsa instalas,0,Netral,MATCH,
1712,Ayu Lestari,1,2026-08-31,error teruss....,error teruss,-2.5,Negatif,MATCH,
1713,tachul Ida,1,2026-08-31,"Verifikasinya susah, sering gagal. Seakan JKN sekarang tidak boleh digunakan. Wajib pakai mobile JKN, tp aplikasinya sulit digunakan.",verifikasinya sulit sering gagal seakan jkn sekarang tidak boleh digunakan wajib pakai mobile jkn tapi aplikasinya sulit digunakan,-7.5,Negatif,MATCH,
1714,Edi S,1,2026-08-31,"BIKIN AFLIKASI YANG SIMPEL,,MASUKNYA BANYAK INI ONO ,,,RIBET",bikin aflikasi yang simpel masuknya banyak ini ono rumit,-2,Negatif,MATCH,
1715,Nuraeni Eni,5,2026-08-31,apk nya bagus,aplikasi nya bagus,2,Positif,MATCH,
1716,Muhammad Agung,1,2026-08-31,kode otp gak masuk masuk padahal pulsanya masih ada saya cobak sampek pulsa habis tapi tetep gak muncul kode Oto binatang,kode otp tidak masuk masuk padahal pulsanya masih ada saya cobak sampek pulsa habis tapi tetep tidak muncul kode oto binatang,0,Netral,MATCH,
1717,Shiro Neko,1,2026-08-31,"Mau daftar aja ribetnya, scan wajah gagal terus padahal udah sesuai, cahaya bagus, gak pakai aksesoris, terus sms notifikasi juga gak muncul edit semuanya sudah dilakukan, tapi masih sama, stuck di kirim sms",mau daftar aja ribetnya scan wajah gagal terus padahal udah sesuai cahaya bagus tidak pakai aksesoris terus sms notifikasi juga tidak muncul edit semuanya sudah dilakukan tapi masih sama stuck di kirim sms,-2.5,Negatif,MATCH,
1718,Ahnaf Nabil,1,2026-08-31,"aplikasi sampahhh mau daftar ribet,verifikasi gagal mulu bukannya mempermudah malah sebaliknya",aplikasi sampah mau daftar rumit verifikasi gagal terus bukannya mempermudah malah sebaliknya,-8.5,Negatif,MATCH,
1719,Sopian Hadi,5,2026-08-31,ok,ok,1.5,Positif,MATCH,
1720,Sigit,5,2026-08-31,bagus,bagus,2,Positif,MATCH,
1721,Raka Uga,1,2026-08-31,apk apaan banyak gagal,aplikasi apaan banyak gagal,-2.5,Negatif,MATCH,
1722,Ade Citra Pratiwi,4,2026-08-31,"bagus,, tidak antri lagi d puskesmas",bagus tidak antri lagi d puskesmas,2,Positif,MATCH,
1723,gusbilar 123,1,2026-08-31,susah untuk di akses,sulit untuk di akses,-2.5,Negatif,MATCH,
1724,Agus Ahmad,1,2026-08-31,"rudet,,, tiap mo dipake hese",rudet tiap mo dipake hese,0,Netral,MATCH,
1725,jian po,2,2026-08-31,aplikasi masyarakat tp gk bs di download di semua hp... dia pikir semua orang hp ny versi terbaru.. tolol,aplikasi masyarakat tapi tidak bs di download di semua hp dia pikir semua orang hp ny versi terbaru tolol,0,Netral,MATCH,
1726,Erni Sumartini,2,2026-08-31,"Setiap Update Daftar lagi, Daftar lagi, Wajah aja susah. Mending kalo Inget Password'a kalo lupa gimana?",setiap update daftar lagi daftar lagi wajah aja sulit mending kalo inget password a kalo lupa gimana,-2.5,Negatif,MATCH,
1727,Prayogi anggara,1,2026-08-31,"mau login ulang susah, udh masukin password bener sama capca nya malah mental keluar terus",mau login ulang sulit sudah masukin password benar sama capca nya malah mental keluar terus,-5,Negatif,MATCH,
1728,Damar Danar,5,2026-08-31,bagus,bagus,2,Positif,MATCH,
1729,MokheeJojo,5,2026-08-31,"Bagus, Compatible, Mudah untuk di gunakan",bagus compatible mudah untuk di gunakan,4.5,Positif,MATCH,
1730,M. Fadli S. Latif,1,2026-08-31,"aplikasi ngga jelas kode capcha selalu salah padahal sudah benar, tolong sistemnya di perbaiki lagi masih kurang baik",aplikasi tidak jelas kode capcha selalu salah padahal sudah benar tolong sistemnya di perbaiki lagi masih kurang baik,-3.15,Negatif,MATCH,
1731,Ayu Andini,1,2026-08-31,Kalo ada rating minus saya pasti akan pilih itu.,kalo ada rating minus saya pasti akan pilih itu,0,Netral,MATCH,
1732,Poedji Setijowati,5,2026-08-31,semoga bisa bermanfaat,semoga bisa bermanfaat,3,Positif,MATCH,
1733,34_ Anak Agung Ayu Jayantari,1,2026-08-31,"aplikasinya susah saya login, kode vertifikasi tidak dikirim² ke sms padahal udah pakek 2 nomber, sama saja. udah masuk malah terus gangguang terus oflain dia mau akses ini, itu pada gk bisa pdhl urgent bngt butuh. padahal wifi sama kuota kenceng. mengecewakan, toling segera perbaiki. giluran daftar oflain di paskes malah dimarah2 perawat disuruh daftara di jkn, gimana daftar onlain orang jkn nya gk bisaaaa",aplikasinya sulit saya login kode vertifikasi tidak dikirim ke sms padahal udah pakek 2 nomber sama saja udah masuk malah terus gangguang terus oflain dia mau akses ini itu pada tidak bisa pdhl urgent bngt butuh padahal wifi sama kuota kenceng mengecewakan toling segera perbaiki giluran daftar oflain di paskes malah dimarah2 perawat disuruh daftara di jkn gimana daftar onlain orang jkn nya tidak bisa,-2.5,Negatif,MATCH,
1734,Achmad Jayadi,1,2026-08-31,"ini yang buat aplikasi sama yang beli aplikasi tau gak sih kalau aplikasinya kurang bagus.login susah,pendaftaran ribet.kementrian kesehatan masa gak bisa tinjau bawahanya yang mengurus aplikasi?",ini yang buat aplikasi sama yang beli aplikasi tau tidak sih kalau aplikasinya kurang bagus login sulit pendaftaran rumit kementrian kesehatan masa tidak bisa tinjau bawahanya yang mengurus aplikasi,-6.3,Negatif,MATCH,
1735,raka chenel,1,2026-08-31,aplikasinya sangat tolol masa iya untuk daftarnya susah banget pas isi capca nya sudah benar juga selalu ada jawaban capca yang Anda masukan salah sudah berkali kali jawabanya seperti itu,aplikasinya sangat tolol masa iya untuk daftarnya sulit banget pas isi capca nya sudah benar juga selalu ada jawaban capca yang anda masukan salah sudah berkali kali jawabanya seperti itu,-2.5,Negatif,MATCH,
1736,Naysila Kurnia,1,2026-08-31,menyulitkan suruh daftar terus mana kalo daftar selalu ada aja yg salah padahal udah b3ner semua,menyulitkan suruh daftar terus mana kalo daftar selalu ada aja yang salah padahal udah b3ner semua,0,Netral,MATCH,
1737,Ismail Mail,1,2026-08-31,"error mulu, udh login, tiba2 logout, trus mau masuk, padahal captcha udh bener, masa disalahin.. gimana ini?? tolong diperbaiki lagi..",error terus sudah login tiba2 logout terus mau masuk padahal captcha sudah benar masa disalahin gimana ini tolong diperbaiki lagi,-2.5,Negatif,MATCH,
1738,Ferdy Awan,1,2026-08-31,"CAPCHANYA SALAH MULU EMANG SAYA BUTA KAH, SUDAH HAMPIR 50 KALI DIMASUKKAN SALAH TERUS MAKSUDNYA APA YA? MAU MEMPERSUSAH YG MEMAKAI APKNYA YA? DIPERBAIKI DONG BUKAN DIEM, UPDATE LOHH UPDATEEE BISA GAK DIPERBAIKI MASALAHNYA, APK EMANG KADANG ERROR TAPI TINDAKAN LEBIH LANJUTNYA MANA?",capchanya salah terus emang saya buta kah sudah hampir 50 kali dimasukkan salah terus maksudnya apa ya mau mempersusah yang memakai apknya ya diperbaiki dong bukan diem update lohh update bisa tidak diperbaiki masalahnya aplikasi emang kadang error tapi tindakan lebih lanjutnya mana,-2.5,Negatif,MATCH,
1739,Sekar Repmu,1,2026-08-31,"aplikasi ribet, apa2 salah,masukin captcha salah terus,masukin nomor salah terus, minimal dibenerin",aplikasi rumit apa2 salah masukin captcha salah terus masukin nomor salah terus minimal dibenerin,-2,Negatif,MATCH,
1740,Aldi Ramadhan,1,2026-08-31,login dgn nik dan kata sandi uda bener masukin kode captcha juga uda sesuai malah gabisa login trs,login dengan nik dan kata sandi uda benar masukin kode captcha juga uda sesuai malah tidak bisa login terus,0,Netral,MATCH,
1741,Candra putra Purba,5,2026-08-31,ok,ok,1.5,Positif,MATCH,
1742,Putri Permatasari,1,2026-08-31,aplikasi ga berguna jelek banget ga ngerti aplikasi apaan sangat amat jelek mendirng perbaiki deh aplikasi nya udah login tiba2 logout sendiri harus login lagi susah banget,aplikasi tidak berguna buruk banget tidak ngerti aplikasi apaan sangat amat buruk mendirng perbaiki deh aplikasi nya udah login tiba2 logout sendiri harus login lagi sulit banget,-8.5,Negatif,MATCH,
1743,Dwiyan Purbo Prastio,1,2026-08-31,ga bisa login,tidak bisa login,0,Netral,MATCH,
1744,Billy Boy,5,2026-08-31,terlalu hebat ini App sebelumnya mudah sekali namun sekarang sulit verifikasinya terutama di Captcha...tolong perbaiki verifikasinya...,terlalu hebat ini aplikasi sebelumnya mudah sekali namun sekarang sulit verifikasinya terutama di captcha tolong perbaiki verifikasinya,2.5,Positif,MATCH,
1745,Harisallahnurdin Haris,1,2026-08-31,"gabisa login , capca sala terus , ccd",tidak bisa login capca sala terus ccd,0,Netral,MATCH,
1746,Coco Robeck_,2,2026-08-31,"sumpah ribet banget. kadang eror lah , kadang susah kode otp lah. hadeuhh",sumpah rumit banget kadang error lah kadang sulit kode otp lah hadeuhh,-7,Negatif,MATCH,
1747,Rinaldo Togatorop,1,2026-08-31,"captcha selalu salah...mau login aja susah,mau berobat keburu sekarat apa gimana",captcha selalu salah mau login aja sulit mau berobat keburu sekarat apa gimana,-2.5,Negatif,MATCH,
1748,riska aulia,1,2026-08-31,"aplikasi cacat, nyusahin, mau daftar akun malah gagal terus masikin kode captcha, padhal udah sesuai tapi masih muncul keterangan gagal",aplikasi cacat nyusahin mau daftar akun malah gagal terus masikin kode captcha padhal udah sesuai tapi masih muncul keterangan gagal,-5,Negatif,MATCH,
1749,Mahesa Nia,3,2026-08-31,"kacau,, masa udah punya kk baru masih harus pake no kk lama,, trus faskes dokter gigi dan dokter umum kan misah,, knapa ga ada pilihan ganti dokter nya aga lain emang terpalu cerdas hingga otak orang awam jadi lemot🤣🤣",kacau masa udah punya kartu keluarga baru masih harus pake no kartu keluarga lama terus faskes dokter gigi dan dokter umum kan misah knapa tidak ada pilihan ganti dokter nya aga lain emang terpalu cerdas hingga otak orang awam jadi lambat,-4.5,Negatif,MATCH,
1750,Muh Mauliam Ansyari,1,2026-08-31,Nomor Capcatnya Salah terus padahal sudah benar gimanasih,nomor capcatnya salah terus padahal sudah benar gimanasih,0,Netral,MATCH,
1751,Yuli Ani,1,2026-08-31,minta tolong segera di perbaiki ya masa log in lagi2 capcha yg anda masukin salah trs berkali kali ... terimakasih,minta tolong segera di perbaiki ya masa login in lagi2 capcha yang anda masukin salah terus berkali kali terimakasih,0,Netral,MATCH,
1752,Heru Bae,1,2026-08-31,sering kali gangguan heran sama apk ini,sering kali gangguan heran sama aplikasi ini,0,Netral,MATCH,
1753,Veronica Lie,1,2026-08-31,"akunnya keluar terus, masukin akunnya ribet banget. captcha nya salah terus padahal bener sesuai, abis itu bilangnya sinyal nya jelek padahal bagus.",akunnya keluar terus masukin akunnya rumit banget captcha nya salah terus padahal benar sesuai abis itu bilangnya sinyal nya buruk padahal bagus,-3,Negatif,MATCH,
1754,Fariz apriyansah,1,2026-08-31,"aplikasi jelek banget nungguin kode otp lamanya bukan maen malah terjadi error mulu udah ganti nomor sampe 3 kali masih aja gabisa udah coba daftar pake 3 hp juga masih aja error dan lama nunggu kode otp nya, saya sangat kecewa tolong untuk developer untuk memperbaiki sistem tersebut biar mempermudah kami.",aplikasi buruk banget nungguin kode otp lamanya bukan maen malah terjadi error terus udah ganti nomor sampe 3 kali masih aja tidak bisa udah coba daftar pake 3 hp juga masih aja error dan lama nunggu kode otp nya saya sangat kecewa tolong untuk developer untuk memperbaiki sistem tersebut biar mempermudah kami,-13,Negatif,MATCH,
1755,Thinus Sidalle,5,2026-08-31,puas menggunakan layanan BPJS ..,puas menggunakan layanan bpjs,3,Positif,MATCH,
1756,Laila Roza,1,2026-08-31,waktu diperluin aja keluar sendiri. lagi genting gentingnya ga bisa log in. dan ini berkali-kali.,waktu diperluin aja keluar sendiri lagi genting gentingnya tidak bisa login in dan ini berkali-kali,-3,Negatif,MATCH,
1757,Iis Kn,3,2026-08-31,"sering logout sendiri,kadang ngebug server saat log in",sering logout sendiri kadang ngebug server saat login in,0,Netral,MATCH,
1758,Dzulfikar Kaffi,3,2026-08-31,captcha rusak.udah bener isinya malah gagal terus,captcha rusak udah benar isinya malah gagal terus,-5.5,Negatif,MATCH,
1759,Aga Naibaho,5,2026-08-31,very goood,very god,0,Netral,MATCH,
1760,Cucu Nurhayati Airina Dwi Anatashya,5,2026-08-31,"Bagus Jadi Bisa Proses Semua Data Secara Mandiri 👍👍👍 Nunggu Pembaruan Data Dari BPJS Keliling Berbulan-Bulan Yang Lalu Tidak Kunjung Ada Hasilnya. Setelah Ada Aplikasi Ini Proses Sat Set, Gak Sampai 5 Menit Sudah Bisa Merubah Semua Data Diri Termasuk Pindah Faskes 😁😁",bagus jadi bisa proses semua data secara mandiri nunggu pembaruan data dari bpjs keliling berbulan-bulan yang lalu tidak kunjung ada hasilnya setelah ada aplikasi ini proses sat set tidak sampai 5 menit sudah bisa merubah semua data diri termasuk pindah faskes,2,Positif,MATCH,
1761,ai mimin,5,2026-08-31,alhamdulillah semua nya lebih mudah utk mendapatkan layanan kesehatan ...,alhamdulillah semua nya lebih mudah untuk mendapatkan layanan kesehatan,2.5,Positif,MATCH,
1762,Syaipul Mustopa Ulum,1,2026-08-31,"saya mau login ulang, tapi dibagian masukin kode captcha kenapa kode selalu salah? saya bahkan sudah lebih dari 10x mencoba dan mengisi kode captcha sesuai dengan yang tertera di kode lalu mengapa informasi yang saya dapatkan adalah ""kode captcha anda tidak valid?"" tolong beribu-ribu tolong ini mah ya, saya bener-bener capek sudah 2 hari tetap saja dibagian captcha nya selalu ada informasi ""kode captcha anda tidak valid""",saya mau login ulang tapi dibagian masukin kode captcha kenapa kode selalu salah saya bahkan sudah lebih dari 10x mencoba dan mengisi kode captcha sesuai dengan yang tertera di kode lalu mengapa informasi yang saya dapatkan adalah kode captcha anda tidak valid tolong beribu-ribu tolong ini mah ya saya bener-bener capek sudah 2 hari tetap saja dibagian captcha nya selalu ada informasi kode captcha anda tidak valid,0,Netral,MATCH,
1763,Sastra Ibanez,2,2026-08-31,"tiba2 log out, mau log in password di bilang salah, voba lupa password no hp bisa berbeda(berubah)",tiba2 login out mau login in password di bilang salah voba lupa password no hp bisa berbeda berubah,0,Netral,MATCH,
1764,Doni Aryasa,1,2026-08-31,captcha eror sudah benar padahal,captcha error sudah benar padahal,-2.5,Negatif,MATCH,
1765,Sailent Batsure,1,2026-08-31,"Sebenarnya boleh daftar di app ini apa ngga sh masa daftar dr tadi gagal terus capta yg di masukan salah terus,kalo ga boleh daftar setidaknya jangan mempersulit",sebenarnya boleh daftar di aplikasi ini apa tidak sh masa daftar dr tadi gagal terus capta yang di masukan salah terus kalo tidak boleh daftar setidaknya jangan mempersulit,-2.5,Negatif,MATCH,
1766,Hendra Firmansyah,1,2026-08-31,kode captcha salah terus ribett...m,kode captcha salah terus ribett m,0,Netral,MATCH,
1767,Warung Alvan,1,2026-08-31,bagaimana ini chapta selalu salah padahal yang di masukkan sudah benar.. masih aja tetap salah... kalau sperti ini kapan masuknya ke aplikasi,bagaimana ini chapta selalu salah padahal yang di masukkan sudah benar masih aja tetap salah kalau sperti ini kapan masuknya ke aplikasi,0,Netral,MATCH,
1768,raden sholeh,5,2026-08-31,bagus sekali saya suka,bagus sekali saya suka,4,Positif,MATCH,
1769,Abd Wahid,1,2026-08-31,log in susah betul. capcha udh bener tetap g bs log in,login in sulit betul capcha sudah benar tetap g bs login in,-2.5,Negatif,MATCH,
1770,mas ipin,1,2026-08-31,"aplikasi ne busuk,mau digunakan dari kemaren"" ga bisa"" mulu",aplikasi ne busuk mau digunakan dari kemaren tidak bisa terus,0,Netral,MATCH,
1771,Ridwan Hamid,5,2026-08-31,"cepat pelayanannya, siip..",cepat pelayanannya siip,2.5,Positif,MATCH,
1772,Raisa Senja,4,2026-08-31,tolong lebih baik lgi jangan mempersulit dengan dftar 🙏🙏,tolong lebih baik lgi jangan mempersulit dengan dftar,2,Positif,MATCH,
1773,supriyadi bewok,1,2026-08-31,makin ke seni makin engga jelas baru juga 4 hari masa harus login ulang mending cahcanya engga bikin pusuing mah,makin ke seni makin engga jelas baru juga 4 hari masa harus login ulang mending cahcanya engga bikin pusuing mah,1.5,Positif,MISMATCH_LOW_RATING,Salah klik rating / Human error (Isi ulasan berupa pujian murni)
1774,Zayyan Ahmad,1,2026-08-31,"aplikasi pemerintah, sudah pasti jelek, tapi mau gimana lagi.",aplikasi pemerintah sudah pasti buruk tapi mau gimana lagi,-3,Negatif,MATCH,
1775,Marlina Hasibuan,5,2026-08-31,sangat bermanfaat sekali.. terimakasih BPJS..,sangat bermanfaat sekali terimakasih bpjs,3,Positif,MATCH,
1776,turmudzi turmudzi,1,2026-08-31,log out terus dengan sendirinya gak jelas,login out terus dengan sendirinya tidak jelas,-1.35,Negatif,MATCH,
1777,Wahyu Swasono,1,2026-08-31,Ada Update aplikasi.. giliran mau di update.. keluar tulisan Apilikasi ini tidak Kompatibel lagi dengan perangkat anda.. Plissss dehhhh..masak yaw harus pakai HP yang Mahal n Bagus ... aplikasinya kok.sekarang gini yaw.. emang apakah ada gangguan / sedang perbaikan maintence aplikasi yaaa..,ada update aplikasi giliran mau di update keluar tulisan apilikasi ini tidak kompatibel lagi dengan perangkat anda tolong deh masak yaw harus pakai hp yang mahal n bagus aplikasinya kok sekarang gini yaw emang apakah ada gangguan sedang perbaikan maintence aplikasi ya,2,Positif,MISMATCH_LOW_RATING,Salah klik rating / Human error (Isi ulasan berupa pujian murni)
1778,Argha Kristianto,1,2026-08-31,"aplikasi kok down terus,, niat buat gag sih?? kalau niat itu disesuaikan servernya sama pengguna,,captcha eror terus,, mau komplain langsung wajib login,, gag jelas bgt",aplikasi kok down terus niat buat gag sih kalau niat itu disesuaikan servernya sama pengguna captcha error terus mau komplain langsung wajib login gag jelas banget,-1,Negatif,MATCH,
1779,Nestle Ali,2,2026-08-31,mau login aja susah bener perbaiki dong,mau login aja sulit benar perbaiki dong,-2.5,Negatif,MATCH,
1780,Siti Sukriah,3,2026-08-31,jkn gangguan ga bisa masuk,jkn gangguan tidak bisa masuk,0,Netral,MATCH,
1781,Anna Fathonah,1,2026-08-31,aplikasinya jelek masa tiba² keluar sendri mau login susah bgt ga masuk² padahal kode benar aneh tolong lebih d perhatikan lg,aplikasinya buruk masa tiba keluar sendri mau login sulit banget tidak masuk padahal kode benar aneh tolong lebih d perhatikan lg,-5.5,Negatif,MATCH,
1782,Anton Pebriansyah,1,2026-08-31,"mending offline aja lah gausah gaya²an segala pake online kalo apk nya jelek, suka logout susah masuk.",mending offline aja lah gausah gaya an segala pake online kalo aplikasi nya buruk suka logout sulit masuk,-3.5,Negatif,MATCH,
1783,Alwi Hsn,3,2026-08-31,tolong pihak developer tingkatkan/upgrade lagi untuk sistem IT dan server nya karena masih banyak kendala dibagian itu,tolong pihak developer tingkatkan upgrade lagi untuk sistem it dan server nya karena masih banyak kendala dibagian itu,0,Netral,MATCH,
1784,Pahri,1,2026-08-31,apalah susah bener permintaan anda belum dapat kami proses-proses Wi-Fi lancar data lancar tetep aja permintaan anda belum dapat kami proses-proses di tambah giliran mau verifikasi kode nya ga di kirim-kirim dan yap seperti biasa permintaan anda belum dapat kami proses-proses bobrok amat hapus aja lahh bukannya mempermudah malah mempersulit gblk,apalah sulit benar permintaan anda belum dapat kami proses-proses wi-fi lancar data lancar tetep aja permintaan anda belum dapat kami proses-proses di tambah giliran mau verifikasi kode nya tidak di kirim-kirim dan yap seperti biasa permintaan anda belum dapat kami proses-proses bobrok amat hapus aja lahh bukannya mempermudah malah mempersulit gblk,2.5,Positif,MISMATCH_LOW_RATING,Salah klik rating / Human error (Isi ulasan berupa pujian murni)
1785,Reres Kirana,5,2026-08-31,kode captcha tidak keluar padahal internet bagus wifi bagus,kode captcha tidak keluar padahal internet bagus wifi bagus,4,Positif,MATCH,
1786,Eko Saja,1,2026-08-31,kadang aplikasi ini membingungkan rakyat kecil sering log out sendiri dan harus ngisi' lagi capek tau,kadang aplikasi ini membingungkan rakyat kecil sering login out sendiri dan harus ngisi lagi capek tau,0,Netral,MATCH,
1787,lourenson panjaitan,1,2026-08-31,apk gk jelas.. susah banget masuk doang. pdhl dah di isi benar captha nya. !!!!,aplikasi tidak jelas sulit banget masuk doang pdhl dah di isi benar captha nya,-3.85,Negatif,MATCH,
1788,muhamad ilyas,1,2026-08-31,"aplikasi layanan pemerinta emng ga pernah ada yang bagus..vrifikasi ga masuk2 pulsa ada juga,tiap waktu nyoba tetep vrifikasi ga masuk masuk bangke emng",aplikasi layanan pemerinta emng tidak pernah ada yang bagus vrifikasi tidak masuk2 pulsa ada juga tiap waktu nyoba tetep vrifikasi tidak masuk masuk bangke emng,2,Positif,MISMATCH_LOW_RATING,Salah klik rating / Human error (Isi ulasan berupa pujian murni)
1789,Rizal,5,2026-08-31,"kenapa sih setiap di update susah banget masuknya, klo mau diperbarui jangan bikin susah dong... coba dipermudah yg bikin orng kesel",kenapa sih setiap di update sulit banget masuknya klo mau diperbarui jangan bikin sulit dong coba dipermudah yang bikin orng kesel,-5,Negatif,MISMATCH_HIGH_RATING,"Rating bintang tinggi (4-5), namun isi ulasan memuat kritik/keluhan tajam"
1790,DpS official,1,2026-08-31,servernya gede in,servernya gede in,0,Netral,MATCH,
1791,Ayamgoreng Pakkasan,1,2026-08-31,"APLIKASI BUSUGGG, ANEH, ENGGA JELAS",aplikasi busug aneh engga jelas,1.5,Positif,MISMATCH_LOW_RATING,Salah klik rating / Human error (Isi ulasan berupa pujian murni)
1792,Ferry Irawan,1,2026-08-31,Ngk bisa login.. captcha nya cuma muter2,ngk bisa login captcha nya cuma muter2,0,Netral,MATCH,
1793,Ika,1,2026-08-31,susah daftarnya....g bisa2,sulit daftarnya g bisa2,-2.5,Negatif,MATCH,
1794,Han Iyrniam,1,2026-08-31,kode otp tidak masuk masuk ngeselin banget💢,kode otp tidak masuk masuk ngeselin banget,0,Netral,MATCH,
1795,Sokrates 3,1,2026-08-31,sering ngeleh padahal jaringan bagus,sering ngeleh padahal jaringan bagus,2,Positif,MISMATCH_LOW_RATING,Salah klik rating / Human error (Isi ulasan berupa pujian murni)
1796,Leo King,4,2026-08-31,"Tolong dong, aku dah pake 2 kali ini apk syukur masih manjur. Tapi kenapa pas saya pake lagi, mau daftar nomor antrian malah tidak bisa, katanya ""permintaan belum bisa di proses"". Mau di bilang habis masa rujukan, eh tapi belom habis masa nya dan baru hari ke 2 kontrol ke rumah sakit (karena katanya batas kontrol RS itu hanya 3 hari).",tolong dong aku dah pake 2 kali ini aplikasi syukur masih manjur tapi kenapa pas saya pake lagi mau daftar nomor antrean malah tidak bisa katanya permintaan belum bisa di proses mau di bilang habis masa rujukan eh tapi belom habis masa nya dan baru hari ke 2 kontrol ke rumah sakit karena katanya batas kontrol rs itu hanya 3 hari,0,Netral,MATCH,
1797,Suhartini Tedjo,5,2026-08-31,Mudah digunakan dan semakin lengkap. Sesuai kebutuhan. 👍,mudah digunakan dan semakin lengkap sesuai kebutuhan,2.5,Positif,MATCH,
1798,Rachman Nurdin,5,2026-08-31,bagus,bagus,2,Positif,MATCH,
1799,Pipit Hartini,5,2026-08-31,mantap tambah mudah ngurus nya,mantap tambah mudah ngurus nya,5.5,Positif,MATCH,
1800,Rimh Ryaku,1,2026-08-31,"aplikasi ga jelas, masukin nomer hape, malah kebacanya udh terdaftar, kalo masih suka error ga usah di publish, nyusahin aja",aplikasi tidak jelas masukin nomer hape malah kebacanya sudah terdaftar kalo masih suka error tidak usah di publish nyusahin aja,-1.85,Negatif,MATCH,
1801,Aldy Panca Maulana,1,2026-08-31,"udah di berubah kali nomor wa, masih tetep gabisa",udah di berubah kali nomor wa masih tetep tidak bisa,0,Netral,MATCH,
1802,kevin nata,1,2026-08-31,"aplikasi nya tolong di perbaiki!!!! kode OTP gak muncul "" masuk lewat gmail malah tidak dapat di proses ini gimana mau urusnya ke rumah sakit tolong!!!",aplikasi nya tolong di perbaiki kode otp tidak muncul masuk lewat gmail malah tidak dapat di proses ini gimana mau urusnya ke rumah sakit tolong,0,Netral,MATCH,
1803,Andri Kurniawan,5,2026-08-31,mantap,mantap,3,Positif,MATCH,
1804,Wulan sari,2,2026-08-31,kenapa sekarang gak bisa ambil antriannya,kenapa sekarang tidak bisa ambil antriannya,0,Netral,MATCH,
1805,Nia Kusniah,5,2026-08-31,alhamdulillah selalu dipermudahkan dan dilancarkan,alhamdulillah selalu dipermudahkan dan dilancarkan,0,Netral,MATCH,
1806,eriza eka,5,2026-08-31,mudah digunakan,mudah digunakan,2.5,Positif,MATCH,
1807,gabriela devyna,5,2026-08-31,bagus.,bagus,2,Positif,MATCH,
1808,BUNYAMIN NURFIAWAN,5,2026-08-31,mudah dan sangat membantu,mudah dan sangat membantu,5.5,Positif,MATCH,
1809,Nurmilawati,5,2026-08-31,sangat membantu melalui online,sangat membantu melalui online,3,Positif,MATCH,
1810,Bambang Wiryono,5,2026-08-31,semoga bisa di cetak kembali,semoga bisa di cetak kembali,0,Netral,MATCH,
1811,KHAILLA TITA NINGRUM,1,2026-08-31,aplikasi kagajelas banget suka ke logout sendiri giliran di masukin lagi akunnya gak valid muluk keburu mati yg ada nunggu valid mah kalo bisa di perbaikin lagi dah ni aplikasi nyusahin orang kalo mau berobat lama nunggu di apk nya doang bukan lama nunggu di rmh sakit 😡,aplikasi kagajelas banget suka ke logout sendiri giliran di masukin lagi akunnya tidak valid muluk keburu mati yang ada nunggu valid mah kalo bisa di perbaiki lagi dah ni aplikasi nyusahin orang kalo mau berobat lama nunggu di aplikasi nya doang bukan lama nunggu di rmh sakit,1,Positif,MISMATCH_LOW_RATING,Salah klik rating / Human error (Isi ulasan berupa pujian murni)
1812,agus fahroni (chaplien#087),5,2026-08-31,lumayan cukup jelas informasi nya,lumayan cukup jelas informasi nya,1.5,Positif,MATCH,
1813,Pandu Htb,5,2026-08-31,ok,ok,1.5,Positif,MATCH,
1814,laura rahma,1,2026-08-31,"bpjs kesehatan banyak kurang nya, uang nya di korup tapi bayar ga boleh telat, mau login selalu dapat notif permintaan tidak diterima",bpjs kesehatan banyak kurang nya uang nya di korup tapi bayar tidak boleh telat mau login selalu dapat notif permintaan tidak diterima,0,Netral,MATCH,
1815,Ervie Octovian,5,2026-08-31,Membantu dan meringankan masyarakat kalangan bawah,membantu dan meringankan masyarakat kalangan bawah,3,Positif,MATCH,
1816,Fa Nia,5,2026-08-31,sangat memuaskan,sangat memuaskan,0,Netral,MATCH,
1817,Abijar jelek,1,2026-08-31,"sampah, apk INI just nyaring orang miskin yang ga pun ya HP, OTP ga pernah kekirim, homer lama tiba"" sudah digunakan. APLIKASI SAMPAH, Buang"" anggaran Aja Terus.",sampah aplikasi ini just nyaring orang miskin yang tidak pun ya hp otp tidak pernah kekirim homer lama tiba sudah digunakan aplikasi sampah buang anggaran aja terus,-10,Negatif,MATCH,
1818,cahyo gmbl2,1,2026-08-31,"tidak bisa daftar verifikasi otp sms gagal terus, gimana solusinya?",tidak bisa daftar verifikasi otp sms gagal terus gimana solusinya,-2.5,Negatif,MATCH,
1819,Erlyn Nulava,5,2026-08-31,ok,ok,1.5,Positif,MATCH,
1820,James Kaluntas,5,2026-08-31,👍,,0,Netral,MATCH,
1821,Lathea Lie,5,2026-08-31,sangat mudah dan membantu,sangat mudah dan membantu,5.5,Positif,MATCH,
1822,Muryanto,3,2026-08-31,"siang bapak/ibu developer, saya diharuskan update apk tapi saat update terkendala akan perangkat yang tidak kompatibel. setelah saya cek dari pembaruan perangkat lunak, perangkat saya sudah mutakhir. padahal biasanya bisa kl untuk update apk jkn. bisa dibantu berikan solusi ya, karena butuh, terima kasih",siang bapak ibu developer saya diharuskan update aplikasi tapi saat update terkendala akan perangkat yang tidak kompatibel setelah saya cek dari pembaruan perangkat lunak perangkat saya sudah mutakhir padahal biasanya bisa kl untuk update aplikasi jkn bisa dibantu berikan solusi ya karena butuh terima kasih,2,Positif,MATCH,
1823,Ning kring,5,2026-08-31,"BPJS Kesehatan amat sangat membantu masalah pengobatan saya dan keluarga. Semua fasilitas kesehatan bisa digunakan secara gratis dan tidak dipersulit. sudah banyak pengalaman saya menggunakan fasilitas yang diberikan oleh BPJS, baik pengalaman pribadi, keluarga maupun pada saat membantu teman ketika dalam keadaan darurat pertolongan. terima kasih BPJS Kesehatan, sudah membantu masyatakat indonesia ❤️",bpjs kesehatan amat sangat membantu masalah pengobatan saya dan keluarga semua fasilitas kesehatan bisa digunakan secara gratis dan tidak dipersulit sudah banyak pengalaman saya menggunakan fasilitas yang diberikan oleh bpjs baik pengalaman pribadi keluarga maupun pada saat membantu teman ketika dalam keadaan darurat pertolongan terima kasih bpjs kesehatan sudah membantu masyatakat indonesia,14.75,Positif,MATCH,
1824,Gilang Pratama,5,2026-08-31,ok,ok,1.5,Positif,MATCH,
1825,Neneng Omaniah,5,2026-08-31,saya sangat terbantu dengan apk JKN ini saya puas dengan menu layanannya jdi praktis dan lebih cepat dapat jawaban dari setiap permasalahan dan kebutuhan yg berhubungan dengan kesehatan terimakasih JKN,saya sangat terbantu dengan aplikasi jkn ini saya puas dengan menu layanannya jdi praktis dan lebih cepat dapat jawaban dari setiap permasalahan dan kebutuhan yang berhubungan dengan kesehatan terimakasih jkn,8,Positif,MATCH,
1826,Indri Slstri,1,2026-08-31,"sering eror, pas ubah faskes udh disetujui tapi pas mau pesan antrian malah tetep di faskes pertama",sering error pas ubah faskes sudah disetujui tapi pas mau pesan antrean malah tetep di faskes pertama,-2.5,Negatif,MATCH,
1827,Engkos Sarkosi,5,2026-08-31,sangat membatu bagi yg jauh dari perkotaan,sangat membatu bagi yang jauh dari perkotaan,0,Netral,MATCH,
1828,Isma Ria,5,2026-08-31,lebih mudah untuk mengurus perubahan data dll,lebih mudah untuk mengurus perubahan data dll,2.5,Positif,MATCH,
1829,Dezan Fawaz,5,2026-08-31,bagus,bagus,2,Positif,MATCH,
1830,Ayanakieu Channel,5,2026-08-31,mantul dan cepat sekali aplikasi nya,mantul dan cepat sekali aplikasi nya,2.5,Positif,MATCH,
1831,Arif Rachmansyah,1,2026-08-31,kenapa harus keluar masuk. masuk nya susah veritifikasi susah. kurang memuaskan,kenapa harus keluar masuk masuk nya sulit veritifikasi sulit kurang memuaskan,-5,Negatif,MATCH,
1832,sfo poy,5,2026-08-31,sangat memudahkan dalam mengurus segala yang berhubungan dengan jaminan kesehatan.,sangat memudahkan dalam mengurus segala yang berhubungan dengan jaminan kesehatan,3,Positif,MATCH,
1833,Muhammad Iqbal,5,2026-08-31,majulah bpjsku,majulah bpjsku,0,Netral,MATCH,
1834,kang Gandi,5,2026-08-31,kami sangat puas dengan layanannya,kami sangat puas dengan layanannya,3,Positif,MATCH,
1835,Adib Latif,1,2026-08-31,aplikasinya parah sekali ini dari awal daftar nggak bisa log in sama sekali setiap log in muncul tulisan belum dapat diproses,aplikasinya buruk sekali ini dari awal daftar tidak bisa login in sama sekali setiap login in muncul tulisan belum dapat diproses,-3,Negatif,MATCH,
1836,madiyah,1,2026-08-31,no nik sudah benar tetap d salahkan gimana ga bisa ke buka aplikasinya sebel banget,no nik sudah benar tetap d salahkan gimana tidak bisa ke buka aplikasinya sebel banget,0,Netral,MATCH,
1837,Firdaus,5,2026-08-31,layanan yg cepat dalam perubahan data,layanan yang cepat dalam perubahan data,2.5,Positif,MATCH,
1838,M Kurdi,5,2026-08-31,👍👍👍👍,,0,Netral,MATCH,
1839,irgi fahrezy,1,2026-08-31,lemot,lambat,-2.5,Negatif,MATCH,
1840,Aginda Rahayu,5,2026-08-31,pelayanan terbaik,pelayanan terbaik,3,Positif,MATCH,
1841,Wardoyo Wardoyo,4,2026-08-31,bagus.sangat membantu,bagus sangat membantu,5,Positif,MATCH,
1842,Fatih Abizar,3,2026-08-31,ngulang daftar jika tidak dibuka dalam seminggu...,ngulang daftar jika tidak dibuka dalam seminggu,0,Netral,MATCH,
1843,Zayn Yunus,4,2026-08-31,sangat memudahkan cuman untuk pelayanan di rumahsakitnya dong di perbaiki trus biar makin baik,sangat memudahkan cuman untuk pelayanan di rumahsakitnya dong di perbaiki terus biar makin baik,5,Positif,MATCH,
1844,Rafli Azril Putra Firdaus,1,2026-08-31,lemot verifikasi SMS gak jalan² fitur pemotretan wajah saat mendaftar susahnya minta ampun,lambat verifikasi sms tidak jalan fitur pemotretan wajah saat mendaftar susahnya minta ampun,-2.5,Negatif,MATCH,
1845,Imam Sofyanto,5,2026-08-31,"aplikasi sangat membantu, mudah digunakan",aplikasi sangat membantu mudah digunakan,5.5,Positif,MATCH,
1846,Pur Taaha,5,2026-08-31,memuaskan,memuaskan,0,Netral,MATCH,
1847,Petrox Gaul2018,1,2026-08-31,Aplikasi tidak jelas fungsinya,aplikasi tidak jelas fungsinya,-1.35,Negatif,MATCH,
1848,The Jongjons,5,2026-08-31,simple,simple,0,Netral,MATCH,
1849,Rizki Dwi Saputri,5,2026-08-31,sangat bermanfaat,sangat bermanfaat,3,Positif,MATCH,
1850,Muhammad Nabhan,1,2026-08-31,Ga bisa masuk terus aplikasi payah. mau daftar berobat aja susah orang keburu mati sebelum berobat,tidak bisa masuk terus aplikasi payah mau daftar berobat aja sulit orang keburu mati sebelum berobat,-5.5,Negatif,MATCH,
1851,Hanif Han07,4,2026-08-31,Tolong dipermudah untuk pendaftarn awal dong susah bngt udah ganti nomer hp juga susah tetep saja. kode otp tidak muncul2 aneh kelamaan di verifikasinya. kadang chpanya bener tpi salah gimana si tolong diperbaiki dan dipermudah untuk daftarnya terutama untuk verifikasi Sms itu,tolong dipermudah untuk pendaftarn awal dong sulit bngt udah ganti nomer hp juga sulit tetep saja kode otp tidak muncul2 aneh kelamaan di verifikasinya kadang chpanya benar tpi salah gimana si tolong diperbaiki dan dipermudah untuk daftarnya terutama untuk verifikasi sms itu,-5,Negatif,MISMATCH_HIGH_RATING,"Rating bintang tinggi (4-5), namun isi ulasan memuat kritik/keluhan tajam"
1852,Hiswandi alhuzaini,1,2026-08-31,"sekelas BPJS kok punya Aplikasi abal-abal kayak gini,mintak kode verifikasi aja stengah mati,nggk masuk2, dulu enak banget aplikasi ini,sekarang kenapa ya kayak aplikasi abal-abal nggak mutu",sekelas bpjs kok punya aplikasi abal-abal kayak gini mintak kode verifikasi aja stengah mati nggk masuk2 dulu enak banget aplikasi ini sekarang kenapa ya kayak aplikasi abal-abal tidak mutu,0,Netral,MATCH,
1853,Sugeng Ratmanto,5,2026-08-31,memudahkan peserta dalam segala hal kesehatan,memudahkan peserta dalam segala hal kesehatan,3,Positif,MATCH,
1854,Ragil Hilmy,1,2026-08-31,daritadi saya mau masuk tidak bisa padahal data sudah benar semua,daritadi saya mau masuk tidak bisa padahal data sudah benar semua,0,Netral,MATCH,
1855,Sela Maharani,5,2026-08-31,sangat baguss,sangat baguss,0,Netral,MATCH,
1856,Nur Hayati,1,2026-08-31,error terus,error terus,-2.5,Negatif,MATCH,
1857,Sins Editz,1,2026-08-31,"aplikasi kaga jelas eror mulu, niat ga sih bikin apk dongo bgt gw daftar udah otp ga masuk tiap masuk eror eror mulu aneh, captcha nya juga bego masa gw ngisi sesuai yang ada pas gw verif di ganti terus katanya salah, gajelas",aplikasi kaga jelas error terus niat tidak sih bikin aplikasi dongo banget gw daftar udah otp tidak masuk tiap masuk error error terus aneh captcha nya juga buruk masa gw ngisi sesuai yang ada pas gw verif di ganti terus katanya salah gajelas,-9,Negatif,MATCH,
1858,Anton Hendrawan,5,2026-08-31,"Oke, bpjs",oke bpjs,1.5,Positif,MATCH,
1859,Anindya Felisha,5,2026-08-31,kenapa hai ini susah daftar online,kenapa hai ini sulit daftar online,-2.5,Negatif,MISMATCH_HIGH_RATING,"Rating bintang tinggi (4-5), namun isi ulasan memuat kritik/keluhan tajam"
1860,Iqbal Ali,1,2026-08-31,"lupa password, ganti password selalu gagal, dipersulit.",lupa password ganti password selalu gagal dipersulit,-6,Negatif,MATCH,
1861,cinta Nayca,5,2026-08-31,sangat puas dan mudah,sangat puas dan mudah,5.5,Positif,MATCH,
1862,i made astrawan,1,2026-08-31,"pas mau daftar ke rs tujuan malah gak bisa,gangguan terus",pas mau daftar ke rs tujuan malah tidak bisa gangguan terus,0,Netral,MATCH,
1863,Yudith Widyanto,1,2026-08-31,"aplikasi sering eror,,,belum siap kalian sebenernya punya aplikasi mobile mengikuti perkembangan zaman !!!",aplikasi sering error belum siap kalian sebenernya punya aplikasi mobile mengikuti perkembangan zaman,-2.5,Negatif,MATCH,
1864,Jhonly Lambenaung,3,2026-08-31,"Penggantian password karena lupa pass error, padahal verikasi by email, tolong perbaiki lagi aplikasi kalian",penggantian password karena lupa pass error padahal verikasi by email tolong perbaiki lagi aplikasi kalian,-2.5,Negatif,MATCH,
1865,Relationship Social,5,2026-08-31,Keren,keren,2.5,Positif,MATCH,
1866,Winaska Ismyname,1,2026-08-31,"saya tidak tau apakah ini adalah bug atau ada unsur kesengajaan karena ketika saya melakukan pendaftaran, kode Captcha yang saya masukan selalu saja ditanggapi dengan kesalahan pemasukan kode captcha, padahal kode captcha yang saya masukan itu benar dan data pribadi saya sudah benar. jika ini memang benar adalah bug ataupun kesalahan sistem mohon segera diatasi masalah ini dan saya berharap kalo ini bukan karena unsur kesengajaan untuk menghambat masyarakat mendapatkan pelayanan kesehatan",saya tidak tau apakah ini adalah bug atau ada unsur kesengajaan karena ketika saya melakukan pendaftaran kode captcha yang saya masukan selalu saja ditanggapi dengan kesalahan pemasukan kode captcha padahal kode captcha yang saya masukan itu benar dan data pribadi saya sudah benar jika ini memang benar adalah bug ataupun kesalahan sistem mohon segera diatasi masalah ini dan saya berharap kalo ini bukan karena unsur kesengajaan untuk menghambat masyarakat mendapatkan pelayanan kesehatan,-4,Negatif,MATCH,
1867,Chaterina Chen,5,2026-08-31,perubahan faskes 1 anggota keluarga,perubahan faskes 1 anggota keluarga,0,Netral,MATCH,
1868,ResyilLpa indiani,3,2026-08-31,semua sudah benar apk ttep gak bisa k buka dngan alasan nik dan sandi salah.gak ngerti lagi,semua sudah benar aplikasi ttep tidak bisa k buka dngan alasan nik dan sandi salah tidak ngerti lagi,0,Netral,MATCH,
1869,Ari Sumarna,5,2026-08-31,kenapa GK bisa d donlwod,kenapa tidak bisa d donlwod,0,Netral,MATCH,
1870,Zam Rony,1,2026-08-31,kasih app harusnya di mudahkan ini susah banget masuk padahal udah bener semua,kasih aplikasi harusnya di mudahkan ini sulit banget masuk padahal udah benar semua,-2.5,Negatif,MATCH,
1871,Rindye Chinu,3,2026-08-31,aplikasi ini udah keseringan error. dulu bagus...sekarang kurang bagus.,aplikasi ini udah keseringan error dulu bagus sekarang kurang bagus,-2.3,Negatif,MATCH,
1872,Wahyu Humaida,3,2026-08-31,DI PERBAIKI LAGI APLIKASINYA BANYAK BUG,di perbaiki lagi aplikasinya banyak bug,-2,Negatif,MATCH,
1873,Deal Laiboys99,5,2026-08-31,bagus,bagus,2,Positif,MATCH,
1874,Ull Faul,2,2026-08-31,"mau Login aja susah, kode cafta sudah sesuai tapi tetep aja kode cafta yg saya masukan salah.",mau login aja sulit kode cafta sudah sesuai tapi tetep aja kode cafta yang saya masukan salah,-2.5,Negatif,MATCH,
1875,Mbalkaprot,1,2026-08-31,"akses sulit, capca sering salah padahal udah bener, sering terdapat di device lain padahal cuma 1",akses sulit capca sering salah padahal udah benar sering terdapat di device lain padahal cuma 1,-2.5,Negatif,MATCH,
1876,Rini Safrila,3,2026-08-31,apk ini ribet sekali sangat sering logout sendiri fitur jadi sering terkunci,aplikasi ini rumit sekali sangat sering logout sendiri fitur jadi sering terkunci,-2,Negatif,MATCH,
1877,Maman Surahman,1,2026-08-31,apk kalo berbau pemerintah emang sampah...mau daftar berobat aja ngubeng terus padahal sinyal bagus,aplikasi kalo berbau pemerintah emang sampah mau daftar berobat aja ngubeng terus padahal sinyal bagus,-2,Negatif,MATCH,
1878,Suwarti Handayani,1,2026-08-31,"aplikasi ini sudah susah banyak bug nya juga, gimana sih kalian ini,aplikasi pemerintah tapi busuk. sumpah bukan mempermudah malah mempersulit",aplikasi ini sudah sulit banyak bug nya juga gimana sih kalian ini aplikasi pemerintah tapi busuk sumpah bukan mempermudah malah mempersulit,-4.5,Negatif,MATCH,
1879,safa mart,1,2026-08-31,"apk , tidak berguna, masak iya ketika di butuhkan lelet sekali sangat tolol apk ini , developer tidur zn",aplikasi tidak berguna masak iya ketika di butuhkan lambat sekali sangat tolol aplikasi ini developer tidur zn,-2.5,Negatif,MATCH,
1880,Abah Enjum,1,2026-08-31,"Tujuqnnya bagus tapi aplikasinya sering error. Log out sendiri, ambil antrian susah. Apa malah bukan makin bikin susah ini aplikasi",tujuqnnya bagus tapi aplikasinya sering error login out sendiri ambil antrean sulit apa malah bukan makin bikin sulit ini aplikasi,-5.5,Negatif,MATCH,
1881,Ruben Adam,1,2026-08-31,"aplikasi tidak layak, error terus dari servernya. ini orang it nya pada ngapain?ngopi??",aplikasi tidak layak error terus dari servernya ini orang it nya pada ngapain ngopi,-2.5,Negatif,MATCH,
1882,Suparwi,5,2026-08-31,kemudahan pelayanan peserta bpjs,kemudahan pelayanan peserta bpjs,0,Netral,MATCH,
1883,Eva F. Handa,1,2026-08-31,"""Permintaan anda belum dapat di proses"" kenapa gitu terus, padahal jaringan saya bagus",permintaan anda belum dapat di proses kenapa gitu terus padahal jaringan saya bagus,2,Positif,MISMATCH_LOW_RATING,Salah klik rating / Human error (Isi ulasan berupa pujian murni)
1884,Emma sri widyastuti,5,2026-08-31,good,good,2,Positif,MATCH,
1885,Aburafa Rafa,5,2026-08-31,cepat dan mudah,cepat dan mudah,5,Positif,MATCH,
1886,saifan s winata,5,2026-08-31,mantap,mantap,3,Positif,MATCH,
1887,Sadone Store,1,2026-08-31,aplikasinya benar-benar lemot udah urgent kayak gini udah bayar BPJS tiap bulan tapi setiap mau booking malah diulur-ulur tolong dong diperbaiki kita kan tiap bulannya bayar!!!! ada kendala Mulu aplikasi ga mulus,aplikasinya benar-benar lambat udah urgent kayak gini udah bayar bpjs tiap bulan tapi setiap mau booking malah diulur-ulur tolong dong diperbaiki kita kan tiap bulannya bayar ada kendala terus aplikasi tidak mulus,-2.5,Negatif,MATCH,
1888,wahyu indrawan,1,2026-08-31,tiap bulan suruh login percuma buat akun gak guna,tiap bulan suruh login percuma buat akun tidak guna,0,Netral,MATCH,
1889,Dandi Ocu,5,2026-08-31,sangat berguna,sangat berguna,0,Netral,MATCH,
1890,Ridho Achmad,1,2026-08-31,apk gjls gabisa daftar,aplikasi gjls tidak bisa daftar,0,Netral,MATCH,
1891,Kuripan Lauq,2,2026-08-31,"susah daftar,, nggak bisa trima kode otp...lelet",sulit daftar tidak bisa trima kode otp lambat,-5,Negatif,MATCH,
1892,dede rohimat,1,2026-08-31,susah daptar,sulit daptar,-2.5,Negatif,MATCH,
1893,Ainul Yaqin,1,2026-08-31,malem udah daftar antrian priksa.pas pagi nya nomor antrian ga mau keluar.alhasil ngantriiii lagiiiiiii,malem udah daftar antrean priksa pas pagi nya nomor antrean tidak mau keluar alhasil ngantri lagi,0,Netral,MATCH,
1894,Apayy Slebeww,5,2026-08-31,pakai mobile JKN urusan lebih mudah,pakai mobile jkn urusan lebih mudah,2.5,Positif,MATCH,
1895,robertus santiko,1,2026-08-31,aplikasi ini di wajibkan penggunaan nya tetapi sering eror,aplikasi ini di wajibkan penggunaan nya tetapi sering error,-2.5,Negatif,MATCH,
1896,Emil Fachri,1,2026-08-31,"Saya menghabiskan waktu 2 jam untuk mendapatkan kode OTP dan tidak dikirim sama sekali, saya coba opsi mendapatkan kode OTP melalui email bisa namun kode OTP masih diminta melalui nomor. tolong di perbaiki lagi",saya menghabiskan waktu 2 jam untuk mendapatkan kode otp dan tidak dikirim sama sekali saya coba opsi mendapatkan kode otp melalui email bisa namun kode otp masih diminta melalui nomor tolong di perbaiki lagi,0,Netral,MATCH,
1897,Beni Baijuri,5,2026-08-31,sangat memuaskan.,sangat memuaskan,0,Netral,MATCH,
1898,Pandu Julika Rinaldi,1,2026-08-31,"hp saya kadang terindikasi di root, gak bisa di akses. sering disuruh ganti password mungkin per-3 hari. ada notif akun digunakan di perangkat lain walau sudah ganti password. sering auto log out. Padahal beberapa M-banking dan apps keuangan lainnya normal saja. [hp Samsung galaxy note 9]",hp saya kadang terindikasi di root tidak bisa di akses sering disuruh ganti password mungkin per-3 hari ada notif akun digunakan di perangkat lain walau sudah ganti password sering auto login out padahal beberapa m-banking dan apps keuangan lainnya normal saja hp samsung galaxy note 9,0,Netral,MATCH,
1899,Nisa Ulana,2,2026-08-31,sangat sulit untuk menfrekuasikan no antrian butuh hampir 30 x,sangat sulit untuk menfrekuasikan no antrean butuh hampir 30 x,-2.5,Negatif,MATCH,
1900,Prayoga Teza,4,2026-08-31,lumayan lah sekelas aplikasi pemerintah mah,lumayan lah sekelas aplikasi pemerintah mah,0,Netral,MATCH,
1901,Feri Dwi,1,2026-08-31,"sebentar bentar update, terlalu buruk kualitas pelayanan",sebentar bentar update terlalu buruk kualitas pelayanan,-3,Negatif,MATCH,
1902,Abdillah Hidayat,5,2026-08-31,sangat membantu,sangat membantu,3,Positif,MATCH,
1903,Achmad Saroji,5,2026-08-31,Mudah dan sangat membantu,mudah dan sangat membantu,5.5,Positif,MATCH,
1904,Grimm Mr,3,2026-08-31,mau login aja susah nyaa apalaah berobat jadi sulit malah mati kemudian,mau login aja sulit nyaa apalaah berobat jadi sulit malah mati kemudian,-5,Negatif,MATCH,
1905,El Pra,2,2026-08-30,udh ganti sandi pas mw masuk ketidaknyamanan mulu gc lah klo udh bisa mah,sudah ganti sandi pas mw masuk ketidaknyamanan terus gc lah klo sudah bisa mah,0,Netral,MATCH,
1906,fiahv4 koleksi,4,2026-08-30,kurang sat set,kurang sat set,0,Netral,MATCH,
1907,aufa rayya,1,2026-08-30,"susah banget buat daftarnya, niat mau berobat lebih gampang pake bpjs malah dibuat susah sama apk ini, tolong dong jgn dibuat susah kasian yang sakit ga bisa berobat pake bpjs",sulit banget buat daftarnya niat mau berobat lebih gampang pake bpjs malah dibuat sulit sama aplikasi ini tolong dong jgn dibuat sulit kasian yang sakit tidak bisa berobat pake bpjs,-7.5,Negatif,MATCH,
1908,kopi hitam,1,2026-08-30,gimana sih nih aplikasi mau daftar aja susah banget harusnya di permudah dong bukan di persulit 😡,gimana sih nih aplikasi mau daftar aja sulit banget harusnya di permudah dong bukan di persulit,-2.5,Negatif,MATCH,
1909,Fandi Sz,1,2026-08-30,lemot,lambat,-2.5,Negatif,MATCH,
1910,Asdf Jkl,1,2026-08-30,verifikasi wajahnya susah bangett cokk,verifikasi wajahnya sulit bangett cokk,-2.5,Negatif,MATCH,
1911,Muhammad Sidik,4,2026-08-30,Bagus,bagus,2,Positif,MATCH,
1912,Hendri Hermawan,5,2026-08-30,sangat membantu,sangat membantu,3,Positif,MATCH,
1913,Taton Supraton,1,2026-08-30,"Aplikasi paling ribet dan sulit, akun pernah terdaftar, pas mau cek ulang mlh tdk terdaftar,",aplikasi paling rumit dan sulit akun pernah terdaftar pas mau cek ulang mlh tidak terdaftar,-4.5,Negatif,MATCH,
1914,Sun중년,1,2026-08-30,kenapa ya code otp gak pernah masuk mulu kan jadi bingung saya mau daftar nya ini🗿,kenapa ya code otp tidak pernah masuk terus kan jadi bingung saya mau daftar nya ini,0,Netral,MATCH,
1915,bintang timur,1,2026-08-30,mau login katanya harus daftar dulu..giliran udh daftar no hp sudah pernah dipake..GK jelas,mau login katanya harus daftar dulu giliran sudah daftar no hp sudah pernah dipake tidak jelas,-1.35,Negatif,MATCH,
1916,Azizi Blang,5,2026-08-30,mudah,mudah,2.5,Positif,MATCH,
1917,aqilla for real,3,2026-08-30,"gatau,kata orang bagus",gatau kata orang bagus,2,Positif,MATCH,
1918,Ratna Esih,5,2026-08-30,mantap,mantap,3,Positif,MATCH,
1919,Nila Vuqohan,5,2026-08-30,bagus,bagus,2,Positif,MATCH,
1920,Lukman Hakim,1,2026-08-30,otp sms tidak masuk nomer berbeda beda tetep,otp sms tidak masuk nomer berbeda beda tetep,0,Netral,MATCH,
1921,Marsid45 Mar,5,2026-08-30,sangat memudahkan,sangat memudahkan,3,Positif,MATCH,
1922,Munnanda eka,1,2026-08-30,"akun logout sndiri giliran mau login susah bnr,sandi bnr gabisa,klik lupa kata sandii pas bagian otp malah gbisa jga, padahal nomer aktif,pulsa ada, udah uninstall trus download ulang jg sama aja, coba beberapa kali jg masih tetep aja gbisa,maunya apa?!?! ngurus ke kantor gtu?,mana pas luangnya weekend,kantor jg liburr,gada wktu ngurus yg ribet""!. udah sabar"" ya ini,dri setengah tahun yang lalu gini teruss,udah coba bikin aduan ke Pandawa jg sama aja gada balesan+ gada tindakan.",akun logout sndiri giliran mau login sulit benar sandi benar tidak bisa klik lupa kata sandii pas bagian otp malah gbisa jga padahal nomer aktif pulsa ada udah uninstall terus download ulang jg sama aja coba beberapa kali jg masih tetep aja gbisa maunya apa ngurus ke kantor gtu mana pas luangnya weekend kantor jg liburr tidak ada wktu ngurus yang rumit udah sabar ya ini dari setengah tahun yang lalu gini teruss udah coba bikin aduan ke pandawa jg sama aja tidak ada balesan tidak ada tindakan,-4.5,Negatif,MATCH,
1923,Ahmad Syihab,1,2026-08-30,aplikasi ribetttttt,aplikasi rumit,-2,Negatif,MATCH,
1924,Barry Jo,5,2026-08-30,Baru daftar dan mudah digunakan aplikasinya,baru daftar dan mudah digunakan aplikasinya,2.5,Positif,MATCH,
1925,Kilat gaming,5,2026-08-30,bagus,bagus,2,Positif,MATCH,
1926,Dj Koclak,1,2026-08-30,"gimana sih, masukin no hp susah banget, Konoha konoha, disusahin mulu",gimana sih masukin no hp sulit banget konoha konoha disusahin terus,-2.5,Negatif,MATCH,
1927,Huda Huda,5,2026-08-30,terima kasih Mobile JKN ubah nomor hp sama email nya Sangat cepat respon dan ganti pin nya juga cepat aman.,terima kasih mobile jkn ubah nomor hp sama email nya sangat cepat respon dan ganti pin nya juga cepat aman,9,Positif,MATCH,
1928,Afiat Taufik,5,2026-08-30,Semua menjadi mudah,semua menjadi mudah,2.5,Positif,MATCH,
1929,TAMI LESTARI,5,2026-08-30,"membantu memudahkan, semoga tidak ada eror eror",membantu memudahkan semoga tidak ada error error,1,Positif,MATCH,
1930,Yeman Mon,1,2026-08-30,ini aplikasi jeleknya minta ampun dah.,ini aplikasi jeleknya minta ampun dah,0,Netral,MATCH,
1931,Virman Alamsyah,1,2026-08-30,"Saya sudah Login tapi akun saya selalu keluar sendiri, di tulisan tercatat akun sedang di pakai. Saya aja gak pernah Share ini itu data BPJS saya, gimana orang bisa pake. Kalau orang bisa pake login pun buat apa? emamg mereka bisa berobat pake akun saya? 🤣",saya sudah login tapi akun saya selalu keluar sendiri di tulisan tercatat akun sedang di pakai saya aja tidak pernah share ini itu data bpjs saya gimana orang bisa pake kalau orang bisa pake login pun buat apa emamg mereka bisa berobat pake akun saya,-3,Negatif,MATCH,
1932,JENDRAL MANISAN,1,2026-08-30,hilangkan kebijakan yang memaksimalkan login di 1 hp hanya 3-4 NIK,hilangkan kebijakan yang memaksimalkan login di 1 hp hanya 3-4 nik,0,Netral,MATCH,
1933,Punika Jaya,5,2026-08-30,"aplikasi bagus, semoga semakin sukses",aplikasi bagus semoga semakin sukses,4,Positif,MATCH,
1934,Linda 01,1,2026-08-30,"ga bisa masuk aplikasi, error terus ga bisa 👎",tidak bisa masuk aplikasi error terus tidak bisa,-2.5,Negatif,MATCH,
1935,022_I Komang Vayu Ramiswara,5,2026-08-30,sangat mempermudah urusanku,sangat mempermudah urusanku,0,Netral,MATCH,
1936,Sesilia Desiyani K,1,2026-08-30,"tolong di perbaiki lagi, mau daftar saja susahnya minta ampun. verifikasi wajah pun susah. aplikasi apa ini.",tolong di perbaiki lagi mau daftar saja susahnya minta ampun verifikasi wajah pun sulit aplikasi apa ini,-2.5,Negatif,MATCH,
1937,Hadi Supriyanto,1,2026-08-30,susah daftarnya terutama pas swap foto,sulit daftarnya terutama pas swap foto,-2.5,Negatif,MATCH,
1938,Roy Ani,5,2026-08-30,sangat membantu,sangat membantu,3,Positif,MATCH,
1939,Yandi Yandi,5,2026-08-30,ok,ok,1.5,Positif,MATCH,
1940,GoodBoy,1,2026-08-30,"aplikasi ny tambah ngrepotin banget, susah banget mau daftar akun udah dicoba ber x x giliran udah bisa daftarin akun mau daftar antrean bwat kontrol g bisa² lagi Aplikasi yg katanya mempermudah nyatanya malah mempersulit",aplikasi ny tambah ngrepotin banget sulit banget mau daftar akun udah dicoba ber x x giliran udah bisa daftarin akun mau daftar antrean bwat kontrol g bisa lagi aplikasi yang katanya mempermudah nyatanya malah mempersulit,-2.5,Negatif,MATCH,
1941,Zulham Ken,5,2026-08-30,bagus,bagus,2,Positif,MATCH,
1942,Muiz Salman Abdurrahman,5,2026-08-30,bagus,bagus,2,Positif,MATCH,
1943,Hendra Baradatu,5,2026-08-30,ok,ok,1.5,Positif,MATCH,
1944,RAHMAT HIDAYAT,2,2026-08-30,maksa banget buat di perbaharui... udah masuk di lockout,maksa banget buat di perbaharui udah masuk di lockout,0,Netral,MATCH,
1945,Abah Haji,5,2026-08-30,semoga sesuai harappan,semoga sesuai harappan,0,Netral,MATCH,
1946,Yumna Sianika,4,2026-08-30,bagus,bagus,2,Positif,MATCH,
1947,NURELLA ELLA,3,2026-08-30,susah masuk ribet amat wajib pake JKN kalo mau priksa tapi ribet ini masuk daftar nya,sulit masuk rumit amat wajib pake jkn kalo mau priksa tapi rumit ini masuk daftar nya,-6.5,Negatif,MATCH,
1948,Sun fatayati,5,2026-08-30,josjis sangat membantu,josjis sangat membantu,3,Positif,MATCH,
1949,Ismylove 115,5,2026-08-30,baik,baik,2,Positif,MATCH,
1950,Dolin Tria Bio Sinaga,1,2026-08-30,"aplikasi busuk, daftar aja ga bisa. uda 3 hari apknya error",aplikasi busuk daftar aja tidak bisa uda 3 hari apknya error,-2.5,Negatif,MATCH,
1951,Eka Putri,2,2026-08-30,"JKN lu punya masalah apa si rating bintang dipenuhi masih aja suka ga jelas, ini gimana akun gue selalu logout, 2 hari ga buka JKN udah logout, gue mau ambil antrean jadi ribet, kan error jadi nya selalu mau ambil antrean rujukan nya ga ada padahal ada suratnya, baru ambil surat rujukan baru, ini mau ambil no antrean ga muncul gimana si ga becus amat. EH TOLONG DONG DI PERBAIKI LAGI JKN. RESPON DEH GUE EMOSI BENER INI.",jkn lu punya masalah apa si rating bintang dipenuhi masih aja suka tidak jelas ini gimana akun gue selalu logout 2 hari tidak buka jkn udah logout gue mau ambil antrean jadi rumit kan error jadi nya selalu mau ambil antrean rujukan nya tidak ada padahal ada suratnya baru ambil surat rujukan baru ini mau ambil no antrean tidak muncul gimana si tidak becus amat eh tolong dong di perbaiki lagi jkn respon deh gue emosi benar ini,-6.35,Negatif,MATCH,
1952,SULISTINO,5,2026-08-30,mantap,mantap,3,Positif,MATCH,
1953,ToMars,1,2026-08-30,"apk sampah, gabisa login",aplikasi sampah tidak bisa login,-4,Negatif,MATCH,
1954,Buah Melon,1,2026-08-30,"sering logout sendiri, begitu mau login ulang susah banget masuknya",sering logout sendiri begitu mau login ulang sulit banget masuknya,-2.5,Negatif,MATCH,
1955,Gede Redasta,4,2026-08-30,"Tolong dibuat agar bisa juga untuk mengecek status keaktifan BPJS orang lain diluar KK kita. Soalnya saudara sering minta tolong dicekin tp saya bingung ngecek lewat mana selain datang langsung ke puskesmas atau ke kantor BPJS. Sudah coba ngecek lewat call center 165 atau whatsapp Pandawa tapi meragukan sistemnya, kayak gak update datanya, karena keterangannya ""data tidak ditemukan atau tgl lahir salah"".",tolong dibuat agar bisa juga untuk mengecek status keaktifan bpjs orang lain diluar kartu keluarga kita soalnya saudara sering minta tolong dicekin tapi saya bingung ngecek lewat mana selain datang langsung ke puskesmas atau ke kantor bpjs sudah coba ngecek lewat call center 165 atau whatsapp pandawa tapi meragukan sistemnya kayak tidak update datanya karena keterangannya data tidak ditemukan atau tgl lahir salah,0,Netral,MATCH,
1956,Irham Ady Noor Wachid,5,2026-08-30,Terima kasih,terima kasih,2,Positif,MATCH,
1957,Fahmi Nur,5,2026-08-30,"Alhamdulillah,. sangat membantu dan memudahkan segala masalah kesehatan",alhamdulillah sangat membantu dan memudahkan segala masalah kesehatan,6,Positif,MATCH,
1958,LAST POINT,1,2026-08-30,"pendaftaran ""perserta mandiri""nya mana wok?",pendaftaran perserta mandiri nya mana wok,0,Netral,MATCH,
1959,Simphony Aprilia,5,2026-08-30,bagus berobat lebih gampang,bagus berobat lebih gampang,2,Positif,MATCH,
1960,Muhamad rauf,1,2026-08-30,verivikasi wajahnya susah,verivikasi wajahnya sulit,-2.5,Negatif,MATCH,
1961,Asna Lelah,1,2026-08-30,"terlalu ribet dan rumit login slah terus padahal sudah benar semua, koxe verifikasi gak dikirim-kirim",terlalu rumit dan rumit login slah terus padahal sudah benar semua koxe verifikasi tidak dikirim-kirim,-4,Negatif,MATCH,
1962,Winarsih,2,2026-08-30,"kenapa saat genting malah keluar akun, yg mengharuskan saya harus login lagi, haduhh",kenapa saat genting malah keluar akun yang mengharuskan saya harus login lagi haduhh,0,Netral,MATCH,
1963,Robbysarma79 robby,5,2026-08-30,siip bag us,siip bag us,0,Netral,MATCH,
1964,Jack,5,2026-08-30,sangat membantu,sangat membantu,3,Positif,MATCH,
1965,Abelmartin Purba,5,2026-08-30,good,good,2,Positif,MATCH,
1966,Andres Payung langi,5,2026-08-30,sangat membantu,sangat membantu,3,Positif,MATCH,
1967,Nikola Arinanda,5,2026-08-30,sangat membantu.,sangat membantu,3,Positif,MATCH,
1968,Rudfiel Muskitta,5,2026-08-30,good job,good job,2,Positif,MATCH,
1969,Putri Dwi Ayuningtyas,1,2026-08-30,"udh log in, tp pas mau dipake lg tiba2 udh log out sendiri jadi harus log in lg, proses log in jg ribet banget, selalu ada masalah dan harus nunggu dulu. semoga bisa lebih baik kedepannya kalau memang harus pakai apk spt ini.",sudah login in tapi pas mau dipake lg tiba2 sudah login out sendiri jadi harus login in lg proses login in jg rumit banget selalu ada masalah dan harus nunggu dulu semoga bisa lebih baik kedepannya kalau memang harus pakai aplikasi spt ini,0,Netral,MATCH,
1970,Saiful Ulum,1,2026-08-30,aplikasi Gk bermutu.,aplikasi tidak bermutu,0,Netral,MATCH,
1971,Yandi ambiya rahman,5,2026-08-30,good job,good job,2,Positif,MATCH,
1972,Muhammad Fadli,5,2026-08-30,mantap,mantap,3,Positif,MATCH,
1973,Zaleha Leha,5,2026-08-30,baik,baik,2,Positif,MATCH,
1974,Duy Nurdiansyah,5,2026-08-30,mantap,mantap,3,Positif,MATCH,
1975,Kinanti Nura Zihan,1,2026-08-30,android versi lama tidak bisa download kasian yg hp nya jadul,android versi lama tidak bisa download kasian yang hp nya jadul,-2,Negatif,MATCH,
1976,Hengki Wijaya,5,2026-08-30,tolong di percepat perpindahan faskesnya apa lagi hari minggu takut petugasnya libur,tolong di percepat perpindahan faskesnya apa lagi hari minggu takut petugasnya libur,0,Netral,MATCH,
1977,Firdaus Zakaria,5,2026-08-30,sangat bagus dan puas,sangat bagus dan puas,5,Positif,MATCH,
1978,Rusdi Anto,1,2026-08-30,"mau daftar ke aplikasi ini aja sulit, sdh 3 hari sy coba utk verifikasi no hp tetap aja gak bisa, pulsa sdh sy isi,nomor hp sy ganti lagi yg baru tetap juga keterangannya Billing Eror, ini aplikasi mempermudah apa mempersulit, soalnya sy mau ambil no antrian kontrol utk org tua sy, kalau memang aplikasi ini bikin memperlambat proses utk ke masyarakat lebih baik tidak usah di pakai aplikasi ini",mau daftar ke aplikasi ini aja sulit sudah 3 hari saya coba untuk verifikasi no hp tetap aja tidak bisa pulsa sudah saya isi nomor hp saya ganti lagi yang baru tetap juga keterangannya billing error ini aplikasi mempermudah apa mempersulit soalnya saya mau ambil no antrean kontrol untuk org tua saya kalau memang aplikasi ini bikin memperlambat proses untuk ke masyarakat lebih baik tidak usah di pakai aplikasi ini,-3,Negatif,MATCH,
1979,mtech affandi,1,2026-08-30,"Update ga jelas, login banyak gagal, hp lama ga bisa install, mempersulit sekali, orang orang dengan hp lawas ga bisa jalan. Padahal ya fitur fitur yang utama tidak harus menggunakan android terbaru, ngapain juga pakai AI, kalau malah mempersulit user. Minimal versi android turunin lah. Masak 10 hp hp lawas ndak bisa nginstall lah. benahi alur yang sudah ada matangkan, jangan malah nambah nambah fitur baru yang malah mempersulit user. Ini aja di android 13 gagal login, ga bisa uninstall pun sm",update tidak jelas login banyak gagal hp lama tidak bisa install mempersulit sekali orang orang dengan hp lawas tidak bisa jalan padahal ya fitur fitur yang utama tidak harus menggunakan android terbaru ngapain juga pakai ai kalau malah mempersulit user minimal versi android turunin lah masak 10 hp hp lawas ndak bisa nginstall lah benahi alur yang sudah ada matangkan jangan malah nambah nambah fitur baru yang malah mempersulit user ini aja di android 13 gagal login tidak bisa uninstall pun sm,-8.35,Negatif,MATCH,
1980,yunus alif,5,2026-08-30,is the best,is the best,0,Netral,MATCH,
1981,Suliana,5,2026-08-30,good,good,2,Positif,MATCH,
1982,Asiyah Asiyah,5,2026-08-30,bagus,bagus,2,Positif,MATCH,
1983,Mahfudinn Muhamad,1,2026-08-30,kenapa apknya ga ada di playstore... ganti apk apa gimana?.... harus versi terbaru apa harus ganti hp? masa iya ganti hp sih aneh.,kenapa apknya tidak ada di playstore ganti aplikasi apa gimana harus versi terbaru apa harus ganti hp masa iya ganti hp sih aneh,0,Netral,MATCH,
1984,Firdaus Firdaus,5,2026-08-30,"sedikit saran, jika pengguna diharuskan merubah data, alahkah baiknya semua bisa di lakukan melalui apk jkn mobile itu sendiri tanpa harus via whatsapp.",sedikit saran jika pengguna diharuskan merubah data alahkah baiknya semua bisa di lakukan melalui aplikasi jkn mobile itu sendiri tanpa harus via whatsapp,0,Netral,MATCH,
1985,Muhammad Marjan Saleh,5,2026-08-30,terimakasih mantap,terimakasih mantap,3,Positif,MATCH,
1986,Xpander Ultimate,1,2026-08-30,aplikasi tolol,aplikasi tolol,0,Netral,MATCH,
1987,Mus Maulana,5,2026-08-30,sangat sangat bagus membatu terimaksih poko nya josss,sangat sangat bagus membatu terimaksih poko nya jos,2,Positif,MATCH,
1988,Rizal Amiruddin,1,2026-08-30,tidak bisa verifikasi wajah,tidak bisa verifikasi wajah,0,Netral,MATCH,
1989,Muhammad Abdul Muntholib,1,2026-08-30,"aplikasi burik,mau daftar malah dipersulit",aplikasi burik mau daftar malah dipersulit,-3.5,Negatif,MATCH,
1990,Ngopi Lah,1,2026-08-30,mau daftar aja susah banget,mau daftar aja sulit banget,-2.5,Negatif,MATCH,
1991,MUH IRFAN N,5,2026-08-30,mantap,mantap,3,Positif,MATCH,
1992,Dewi Lumazah,1,2026-08-30,"Tolong lah dibenerin itu errornya, udh berkali2 minta kode otp tapi ga masuk2!!",tolong lah dibenerin itu errornya sudah berkali2 minta kode otp tapi tidak masuk2,0,Netral,MATCH,
1993,Nor Maulida,5,2026-08-30,"Mudah , dan cepat tanggap",mudah dan cepat tanggap,5,Positif,MATCH,
1994,Suswati,1,2026-08-30,"jelek banget, muter2 ga jelas buat ubah data",buruk banget muter2 tidak jelas buat ubah data,-4.35,Negatif,MATCH,
1995,Sadi Irawan,5,2026-08-30,kerenn,kerenn,0,Netral,MATCH,
1996,Kurnia Tumanan,1,2026-08-30,"ihhhh, jelek banget, mau ubah faskes kok provinsinya ngga bisa diubah, mau ubah nomor pun ngga bisa2, capekk",ih buruk banget mau ubah faskes kok provinsinya tidak bisa diubah mau ubah nomor pun tidak bisa2 capekk,-3,Negatif,MATCH,
1997,Rodiat,1,2026-08-30,aplikasi pemerintah ko kyagini.. ga bsa daftar.. ribet otp ga masuk verifikasi wajah gagal trus..,aplikasi pemerintah ko kyagini tidak bsa daftar rumit otp tidak masuk verifikasi wajah gagal terus,-4.5,Negatif,MATCH,
1998,Endang Jajuli,1,2026-08-30,aplikasi yg nyusahin,aplikasi yang nyusahin,0,Netral,MATCH,
1999,Siti Juleha,5,2026-08-30,terimakasih udah membantu,terimakasih udah membantu,3,Positif,MATCH,
2000,Muhimin Imin,5,2026-08-30,Alhamdulillah sangat membantu,alhamdulillah sangat membantu,3,Positif,MATCH,
2001,Risqie hilman,4,2026-08-30,ok,ok,1.5,Positif,MATCH,
2002,Suherman Wijaya,5,2026-08-30,bagus,bagus,2,Positif,MATCH,
2003,Nurmayanti,5,2026-08-30,biar bintang yang berbicara,biar bintang yang berbicara,0,Netral,MATCH,
2004,05. AISYA SALMA SYIRA,1,2026-08-30,login di persulittt salah harus nunggu 180 detik padahal mau ngewar daftar jam 8 hadehhh,login di persulit salah harus nunggu 180 detik padahal mau ngewar daftar jam 8 hadeh,0,Netral,MATCH,
2005,Fadlan Ibnu,5,2026-08-30,"mantap, mudah di operasikan, ini salah satu layanan terbaik dari pemerintah Indonesia",mantap mudah di operasikan ini salah satu layanan terbaik dari pemerintah indonesia,8.5,Positif,MATCH,
2006,Siska Putri,1,2026-08-29,apk gajelas gabisa daftar ataupun login,aplikasi gajelas tidak bisa daftar ataupun login,0,Netral,MATCH,
2007,Chesya,1,2026-08-29,kenapa kode OTPnya ga bisa terkirim padahal jaringan bagus menggunakan paket data menggunakan wifi tapi selalu ofline padahal kita mau ngambil antrian ke RS jg dri Apk ini benar² mempersulit,kenapa kode otpnya tidak bisa terkirim padahal jaringan bagus menggunakan paket data menggunakan wifi tapi selalu ofline padahal kita mau ngambil antrean ke rs jg dari aplikasi ini benar mempersulit,2,Positif,MISMATCH_LOW_RATING,Salah klik rating / Human error (Isi ulasan berupa pujian murni)
2008,E L,5,2026-08-29,ok,ok,1.5,Positif,MATCH,
2009,Risa Aristiyanti,5,2026-08-29,mantap,mantap,3,Positif,MATCH,
2010,Muhamad Ali,5,2026-08-29,lumayan bagus..,lumayan bagus,2,Positif,MATCH,
2011,kus wantoro,5,2026-08-29,apk sangat membantu &memudahkan peserta,aplikasi sangat membantu memudahkan peserta,6,Positif,MATCH,
2012,Dannix Aprildat,5,2026-08-29,sejauh ini aplikasi bagua milik pemerintah,sejauh ini aplikasi bagua milik pemerintah,0,Netral,MATCH,
2013,Light Dark,1,2026-08-29,"development nya ini ngelem, nyawit atau apa sih bikin apl ga jelas mau daftar aja susah kode OTP nya ga terkirim pasti yg bikin nya boomer yg baru pegang hp",development nya ini ngelem nyawit atau apa sih bikin apl tidak jelas mau daftar aja sulit kode otp nya tidak terkirim pasti yang bikin nya boomer yang baru pegang hp,-3.85,Negatif,MATCH,
2014,Andi Eka Prasetyo,1,2026-08-29,"samaa pake nomer tri udah isi pulsa ttep kedetek pulsa tidak cukup, pake nomer XL bisa tapi otp gamasuk",samaa pake nomer tri udah isi pulsa ttep kedetek pulsa tidak cukup pake nomer xl bisa tapi otp gamasuk,0,Netral,MATCH,
2015,Dehan Muharani,4,2026-08-29,membantu,membantu,3,Positif,MATCH,
2016,Haji Ainu AbduL Rokhman,5,2026-08-29,"Mantap.., tetep sehat yah",mantap tetep sehat yah,3,Positif,MATCH,
2017,Alan Farlan,5,2026-08-29,sangat cepat proses nya,sangat cepat proses nya,2.5,Positif,MATCH,
2018,Andi Haryadi,5,2026-08-29,sangat membantu,sangat membantu,3,Positif,MATCH,
2019,Lala Juna,5,2026-08-29,good,good,2,Positif,MATCH,
2020,Anda Saja,1,2026-08-29,ga bisa di pakai lgi kenapa ya pada udah ikutin prosedesur,tidak bisa di pakai lgi kenapa ya pada udah ikutin prosedesur,0,Netral,MATCH,
2021,Sug Pra,5,2026-08-29,Oke makasih,oke makasih,3.5,Positif,MATCH,
2022,Tasya Aldella,1,2026-08-29,"aplikasi sampah, bikin yg sakit makin sakit. mau daftar akun aja susahnya setengah mati.",aplikasi sampah bikin yang sakit makin sakit mau daftar akun aja susahnya setengah mati,-4,Negatif,MATCH,
2023,Jepri Yoi,1,2026-08-29,apknya ERORRRR parah gak niat buat apknya blokir aja ni apk kalau gak bisa di pake,apknya error buruk tidak niat buat apknya blokir aja ni aplikasi kalau tidak bisa di pake,-5.5,Negatif,MATCH,
2024,Sumiyati Cantik,2,2026-08-29,"tolong di perbaiki mau daftar ke RS pake aplikasi ini susah bgt, login nya jiga susah pdhal wifi bagus paket data ada tapi sering tiba"" keluar dan harus login ulang",tolong di perbaiki mau daftar ke rs pake aplikasi ini sulit banget login nya jiga sulit pdhal wifi bagus paket data ada tapi sering tiba keluar dan harus login ulang,-3,Negatif,MATCH,
2025,Ssamsyul Anaksholeh,4,2026-08-29,masih proses menunggu 14 hari utk aktivitasi,masih proses menunggu 14 hari untuk aktivitasi,0,Netral,MATCH,
2026,Zainal Arifin,5,2026-08-29,Sangat membantu memudahkan dalam perubahan data dll,sangat membantu memudahkan dalam perubahan data dll,6,Positif,MATCH,
2027,Astri Nur Aisyah,1,2026-08-29,"jujur ini aplikasi aneh ya, seumur ratusan kali pake aplikasi yang butuh kode OTP ga pernah ada yang butuh pulsa dlu baru dapet OTPnya. cuma aplikasi ini yang WAJIB BANGET punya pulsa biar dapet kode OTP. terus, sering bgt lag padahal jaringan wifi dirumah bagus, tapi suka lemot. belum lagi ditambah suka log out sendiri harus login ulang. benerin dlu deh sistemnya.",jujur ini aplikasi aneh ya seumur ratusan kali pake aplikasi yang butuh kode otp tidak pernah ada yang butuh pulsa dlu baru dapet otpnya cuma aplikasi ini yang wajib banget punya pulsa biar dapet kode otp terus sering banget lag padahal jaringan wifi dirumah bagus tapi suka lambat belum lagi ditambah suka login out sendiri harus login ulang perbaiki dlu deh sistemnya,3.5,Positif,MISMATCH_LOW_RATING,Salah klik rating / Human error (Isi ulasan berupa pujian murni)
2028,Zarkasyi Myusuf,5,2026-08-29,mantap sekali,mantap sekali,3,Positif,MATCH,
2029,Heri Prasetio,5,2026-08-29,bagus,bagus,2,Positif,MATCH,
2030,Herdawati Dg tino,1,2026-08-29,"mau msk ke apk sj susah sekali , mau ganti nmr HP jg sangat susah malah di arahkan ke PANDAWA BPJS yg sangat tidak berguna semua informasi yg di berikan",mau msk ke aplikasi sj sulit sekali mau ganti nmr hp jg sangat sulit malah di arahkan ke pandawa bpjs yang sangat tidak berguna semua informasi yang di berikan,-5,Negatif,MATCH,
2031,Bapaktua,5,2026-08-29,aplikasi top bgt,aplikasi top banget,2.5,Positif,MATCH,
2032,Hartini Tini,5,2026-08-29,membantu,membantu,3,Positif,MATCH,
2033,Yulia Rahmawati,5,2026-08-29,mantab apl,mantap apl,3,Positif,MATCH,
2034,Rahmania Putri,1,2026-08-29,Kok di update mulu ya? | saya revisi. APLIKASI ini bener bener menyusahkan. Sebab saat meminta kode OTP melalui nomor HP selalu gagal padahal nomornya aktif. lemot sekali servernya,kok di update terus ya saya revisi aplikasi ini benar benar menyusahkan sebab saat meminta kode otp melalui nomor hp selalu gagal padahal nomornya aktif lambat sekali servernya,-5,Negatif,MATCH,
2035,Muhammad Sandi Rahman,1,2026-08-29,"apa ini, kode Verifikasi tidak terkirim, niat dikit buat aplikasi",apa ini kode verifikasi tidak terkirim niat dikit buat aplikasi,0,Netral,MATCH,
2036,Azil Riafamly,1,2026-08-29,apk nga berguna nunggu Verifikasi susah kali.hpus aja kalau nga apk nya,aplikasi nga berguna nunggu verifikasi sulit kali hpus aja kalau nga aplikasi nya,-2.5,Negatif,MATCH,
2037,Riki Setiawan,3,2026-08-29,"mau bikin akun tapi di verifikasi otp no ho nya gk mau muncul, udh dicoba berkali gk jadi². tolong diperbaiki.",mau bikin akun tapi di verifikasi otp no ho nya tidak mau muncul sudah dicoba berkali tidak jadi tolong diperbaiki,0,Netral,MATCH,
2038,ariel patria,1,2026-08-29,sumpah ni aplikasi gangguan Mulu dari dulu,sumpah ni aplikasi gangguan terus dari dulu,0,Netral,MATCH,
2039,Mukti Ali,2,2026-08-29,LAMA BANGET NGIRIM KODE OTP NYA KOCAK,lama banget ngirim kode otp nya kocak,-2,Negatif,MATCH,
2040,Amalia Putri sagita 2,1,2026-08-29,"yg buat ni aplikasi tolong belajar lagi dahh, susah bgt mau login hadehh",yang buat ni aplikasi tolong belajar lagi dahh sulit banget mau login hadehh,-2.5,Negatif,MATCH,
2041,Anna Moersyianna,1,2026-08-29,"admin dongo benerin lagi sistemnya blok, udah berkali"" masuk no telepon malah ga masuk"" kodenya",admin dongo perbaiki lagi sistemnya blok udah berkali masuk no telepon malah tidak masuk kodenya,0,Netral,MATCH,
2042,M Mone,2,2026-08-29,kenapa kalau rubah faskes kok tidak bisa?,kenapa kalau rubah faskes kok tidak bisa,0,Netral,MATCH,
2043,Heratri Arminingtyas,4,2026-08-29,daftar berobat mnjd lebih mudah,daftar berobat mnjd lebih mudah,2.5,Positif,MATCH,
2044,arfa novua,5,2026-08-29,mantap,mantap,3,Positif,MATCH,
2045,Hendra Chino,5,2026-08-29,Keren,keren,2.5,Positif,MATCH,
2046,Maghfiroh Hidayat,1,2026-08-29,kenapa ya aplikasi saya gak bisa di buka padahal nik nya sm,kenapa ya aplikasi saya tidak bisa di buka padahal nik nya sm,0,Netral,MATCH,
2047,Fajarul Ulum,2,2026-08-29,"gk bisa verifikasi nomer telp, saran dong",tidak bisa verifikasi nomer telp saran dong,0,Netral,MATCH,
2048,Widodo TMG,4,2026-08-29,Selama ini saya dapat manfaat gratis periksa dan tambal gigi. Kenapa nomor telepon bisa berubah? dan itu bukan nomor saya dan atau keluarga saya.,selama ini saya dapat manfaat gratis periksa dan tambal gigi kenapa nomor telepon bisa berubah dan itu bukan nomor saya dan atau keluarga saya,0,Netral,MATCH,
2049,jupri okt,5,2026-08-29,memudahkan peserta bpjs,memudahkan peserta bpjs,3,Positif,MATCH,
2050,Bapak “Kang dedi” Aing,5,2026-08-29,cepat pelayanan tanpa datang ke kantornya,cepat pelayanan tanpa datang ke kantornya,2.5,Positif,MATCH,
2051,Rie Heni,5,2026-08-29,sangat membantu saya ketika daftar online,sangat membantu saya ketika daftar online,3,Positif,MATCH,
2052,Bima Fahmi,1,2026-08-29,"aplikasi busuk, gampang eror",aplikasi busuk gampang error,-2.5,Negatif,MATCH,
2053,Sudarman 28112010,5,2026-08-29,awesome,awesome,0,Netral,MATCH,
2054,Dedew Almahyra,5,2026-08-29,cukup bgus,cukup bagus,2,Positif,MATCH,
2055,Dewi Ambarwati,5,2026-08-29,oke,oke,1.5,Positif,MATCH,
2056,Herlan Seberna,5,2026-08-29,ok,ok,1.5,Positif,MATCH,
2057,Deo Prakoso mRendyTriawan,5,2026-08-29,aplikasi sangat berguna,aplikasi sangat berguna,0,Netral,MATCH,
2058,agus smile channel,5,2026-08-29,mantap,mantap,3,Positif,MATCH,
2059,Nana Diana,1,2026-08-29,"tak bisa daftar lagi Krn hp dibilang apa gitu,mau berobat jadi sulit,mestinya kalo bikin aplikasi itu mempermudah bukannya tambah ribet...yg mau berobat itu orang sakit loooo..",tak bisa daftar lagi karena hp dibilang apa gitu mau berobat jadi sulit mestinya kalo bikin aplikasi itu mempermudah bukannya tambah rumit yang mau berobat itu orang sakit lo,-4.5,Negatif,MATCH,
2060,Ratih Chandra,1,2026-08-29,"Semakin hari semakin merugikan BPJS dg banyaknya aturan medis yg tdk tersosialisasikan ke pihak penerima. pdhl udh bayar bulanan tp akses & penanganan jelek. (1) penebusan obat harus melalui dr.utama, tdk boleh melalui dr konsul internal (2) rujukan di rumah sakit hny bs dipakai sebulan sekali. tdk boleh maju tapi boleh mundur. merugikan sekali ini karena di suruh ke IGD / UGD jika urgent. itu pun blm tentu bs pakai BPJS (JIKA) diperkirakan tdk urgent",semakin hari semakin merugikan bpjs dg banyaknya aturan medis yang tidak tersosialisasikan ke pihak penerima pdhl sudah bayar bulanan tapi akses penanganan buruk 1 penebusan obat harus melalui dr utama tidak boleh melalui dr konsul internal 2 rujukan di rumah sakit hny bs dipakai sebulan sekali tidak boleh maju tapi boleh mundur merugikan sekali ini karena di suruh ke igd ugd jika urgent itu pun belum tentu bs pakai bpjs jika diperkirakan tidak urgent,-3,Negatif,MATCH,
2061,Kinoy Indonesia,1,2026-08-29,"aplikasi nya jelek ,login aja pake di perbatas cuma 3 kali nik . apalagi untuk ibu² bapa² yg mau daftar kesusahan,karna fitur² di persulit . kalo kalian bisa membuat aplikasi,artinya anda harus bisa mempermudah fitur² nya ,jgn samakan otakmu sama otak masyarakat, saya yakin kalo ga terpaksa 0% orang mau download ini aplikasi",aplikasi nya buruk login aja pake di perbatas cuma 3 kali nik apalagi untuk ibu bapa yang mau daftar kesusahan karena fitur di persulit kalo kalian bisa membuat aplikasi artinya anda harus bisa mempermudah fitur nya jgn samakan otakmu sama otak masyarakat saya yakin kalo tidak terpaksa 0 orang mau download ini aplikasi,-3,Negatif,MATCH,
2062,Christian Hidayat,5,2026-08-29,"sangat membantu... di riwayat sudah di lampurkan surat rujukan, apangkah baiknya ada fitur download lampiran surat rujukan agar memudahkan pasien di saat surat rujukan fisiknya rusak atau basah serta robek untuk mencetak ulang dan tanpa harus repot ke faskes awal",sangat membantu di riwayat sudah di lampurkan surat rujukan apangkah baiknya ada fitur download lampiran surat rujukan agar memudahkan pasien di saat surat rujukan fisiknya rusak atau basah serta robek untuk mencetak ulang dan tanpa harus repot ke faskes awal,3,Positif,MATCH,
2063,Aries “Mayris Pranantya” Pranantya,5,2026-08-29,Sangat Membatu untuk mengakses segala kebutuhan kesehatan diri. terimakasih untuk pemerintah dan khususnya dari kementrian kesehatan indonesia.👍👍🙏🙏,sangat membatu untuk mengakses segala kebutuhan kesehatan diri terimakasih untuk pemerintah dan khususnya dari kementrian kesehatan indonesia,0,Netral,MATCH,
2064,Shyannie Shan,5,2026-08-29,membantu dan terbaik,membantu dan terbaik,6,Positif,MATCH,
2065,Randi Aja Bae,5,2026-08-29,makasih 😊,makasih,2,Positif,MATCH,
2066,Abi Adia,1,2026-08-29,kualitas aplikasi dari pemerintah gini yak? daftar kirim kode otp nya gada samsek,kualitas aplikasi dari pemerintah gini yak daftar kirim kode otp nya tidak ada samsek,0,Netral,MATCH,
2067,Aji Irawan,5,2026-08-29,bagus penting sekli apk ini,bagus penting sekli aplikasi ini,2,Positif,MATCH,
2068,Aguswan Tabi,5,2026-08-29,baik,baik,2,Positif,MATCH,
2069,Ega Mayosi,1,2026-08-29,"bintang berbicara..mau berobat aja,aplikasi harus ribet gini..selalu kendala disaat minta kode otp",bintang berbicara mau berobat aja aplikasi harus rumit gini selalu kendala disaat minta kode otp,-2,Negatif,MATCH,
2070,MAS BAWOR,2,2026-08-29,aplikasinya error akun nya sering log out sendiri,aplikasinya error akun nya sering login out sendiri,-2.5,Negatif,MATCH,
2071,Juli Juli,5,2026-08-29,good...,good,2,Positif,MATCH,
2072,Suman Simarmata,3,2026-08-29,percuma tiap bulan bayar iuran... tp giliran urgen harus ke klinik dulu minta surat rujukan keburu mati duluan pasien..trus klu status urgen harus ke klinik dulu apa fungsinya Ig UGD...di rz...,percuma tiap bulan bayar iuran tapi giliran urgen harus ke klinik dulu minta surat rujukan keburu mati duluan pasien terus klu status urgen harus ke klinik dulu apa fungsinya ig ugd di rz,0,Netral,MATCH,
2073,Ansori Week,5,2026-08-29,sangat bagdi,sangat bagdi,0,Netral,MATCH,
2074,dapit kemiling,1,2026-08-29,"saya kira aplikasi bagus,ternyata sampah, nunggu kode otp saja lama nya mirip nunggu antrian bbm,,",saya kira aplikasi bagus ternyata sampah nunggu kode otp saja lama nya mirip nunggu antrean bbm,-4,Negatif,MATCH,
2075,Dedy S Tamba,1,2026-08-29,lambat,lambat,-2.5,Negatif,MATCH,
2076,Email Bebas,5,2026-08-29,apa ini kode otp aja susah banget ga di kirim kirim kalah Ama aplikasi lain yg otpnya gampang masuk,apa ini kode otp aja sulit banget tidak di kirim kirim kalah ama aplikasi lain yang otpnya gampang masuk,-2.5,Negatif,MISMATCH_HIGH_RATING,"Rating bintang tinggi (4-5), namun isi ulasan memuat kritik/keluhan tajam"
2077,KOKOM KEMPOT,4,2026-08-29,Appl ruwet,appl sulit,-2.5,Negatif,MISMATCH_HIGH_RATING,"Rating bintang tinggi (4-5), namun isi ulasan memuat kritik/keluhan tajam"
2078,Sasri Doni,5,2026-08-29,sangat membantu dalam perubahan data dan pengambilan nomor antrian,sangat membantu dalam perubahan data dan pengambilan nomor antrean,3,Positif,MATCH,
2079,RENITA NUR,1,2026-08-29,"mau mendaftar offline disuru online,saya sudah download aplikasi ini tetapi tidak bisa mendaftar dengan gangguan dari sistem nya,tolong di perbaiki aplikasinya, bagaimana cara kita mau berobat kalau mau mendaftar offline disuruh nya online tetapi aplikasinya saja begini?!",mau mendaftar offline disuru online saya sudah download aplikasi ini tetapi tidak bisa mendaftar dengan gangguan dari sistem nya tolong di perbaiki aplikasinya bagaimana cara kita mau berobat kalau mau mendaftar offline disuruh nya online tetapi aplikasinya saja begini,0,Netral,MATCH,
2080,Ziva Hasna,5,2026-08-29,pelayan mudah dan ramah,pelayan mudah dan ramah,4.5,Positif,MATCH,
2081,Dede Irwana,2,2026-08-29,susah banget,sulit banget,-2.5,Negatif,MATCH,
2082,Puspita Maharani,1,2026-08-29,"Aplikasi jelek sekali, Menyulitkan, error terus!",aplikasi buruk sekali menyulitkan error terus,-5.5,Negatif,MATCH,
2083,Aroy Lansyah,5,2026-08-29,keren sangat membantu,keren sangat membantu,5.5,Positif,MATCH,
2084,Ninit Yulisti,5,2026-08-29,bagus,bagus,2,Positif,MATCH,
2085,またWAK GAMING,1,2026-08-29,"Sungguh aplikasi yang menyulitkan berkali-kali verifikasi gagal terus. Verifikasi menggunakan SMS malah ""Nomor kosong"", menggunakan email tidak bisa , verifikasi wajah gagal terus sungguh aplikasi yang sulit didaftarkan",sungguh aplikasi yang menyulitkan berkali-kali verifikasi gagal terus verifikasi menggunakan sms malah nomor kosong menggunakan email tidak bisa verifikasi wajah gagal terus sungguh aplikasi yang sulit didaftarkan,-7.5,Negatif,MATCH,
2086,Ainun Rahma,1,2026-08-29,sangat buruk berobat di sarankan online tp respon lambat gagal terus,sangat buruk berobat di sarankan online tapi respon lambat gagal terus,-8,Negatif,MATCH,
2087,Kasianus Gulo,5,2026-08-29,sangat memuaskan,sangat memuaskan,0,Netral,MATCH,
2088,Mega Simons,5,2026-08-29,mudah di gunakan,mudah di gunakan,2.5,Positif,MATCH,
2089,Wie Lisha,5,2026-08-29,bagus cepat,bagus cepat,4.5,Positif,MATCH,
2090,Eunola D tquile,1,2026-08-29,"verifikasi wajah gapernah jadi,error mulu, verifikasi nomor,smsnya gapernah masuk",verifikasi wajah gapernah jadi error terus verifikasi nomor smsnya gapernah masuk,-2.5,Negatif,MATCH,
2091,Maulana Al jurjani,5,2026-08-29,membbtu sangat bagus,membbtu sangat bagus,2,Positif,MATCH,
2092,sri rezki ramadhani,5,2026-08-29,sangat mempermudah pendaftaran,sangat mempermudah pendaftaran,0,Netral,MATCH,
2093,LIMA TELOR,5,2026-08-29,bagus dan mudah,bagus dan mudah,4.5,Positif,MATCH,
2094,Devita Putri Hanggraini,1,2026-08-29,"GANGGUAN TERUSSS LANCAR SAMA GANGGUAN LEBIH SERING GANGGUANNYA tiba² logout sendiri, nomor antrian gak muncul padahal jaringan lancarr",gangguan terus lancar sama gangguan lebih sering gangguannya tiba logout sendiri nomor antrean tidak muncul padahal jaringan lancarr,2.5,Positif,MISMATCH_LOW_RATING,Salah klik rating / Human error (Isi ulasan berupa pujian murni)
2095,MAKHALUL AKBAR,1,2026-08-29,aplikasi apa ini masa minta verifikasi no hp aja susah tolong perbaiki dong,aplikasi apa ini masa minta verifikasi no hp aja sulit tolong perbaiki dong,-2.5,Negatif,MATCH,
2096,marsaida Sitorus,1,2026-08-29,"mau verifikasi susah, semua nya susah",mau verifikasi sulit semua nya sulit,-5,Negatif,MATCH,
2097,imron fayzi,5,2026-08-29,pelayanan perubahan sangat cepat dan sukses,pelayanan perubahan sangat cepat dan sukses,4.5,Positif,MATCH,
2098,ahmad Riyanto,5,2026-08-29,bagus dan cepat.,bagus dan cepat,4.5,Positif,MATCH,
2099,Tayini,1,2026-08-29,gangguan mulu hadueh,gangguan terus hadueh,0,Netral,MATCH,
2100,Bro Bin Muhammad,1,2026-08-29,"aplikasi kocak, harusnya sistemnya diperbaiki. masuk dah pakai NIK ngk bisa login2. mana no. hp malah keganti sendiri. LOL",aplikasi kocak harusnya sistemnya diperbaiki masuk dah pakai nik ngk bisa login2 mana no hp malah keganti sendiri lol,0,Netral,MATCH,
2101,Nurul Husni,5,2026-08-29,baik,baik,2,Positif,MATCH,
2102,"Irvan Khoiri, M.Pd.I",4,2026-08-29,"mohon bantuannya, tidak bisa login ada tulisan perangkat sudah digunakan untuk login lebih dari 3 NIK, ada 1 NIK yang tidak saya kenali, mohon dibantu",mohon bantuannya tidak bisa login ada tulisan perangkat sudah digunakan untuk login lebih dari 3 nik ada 1 nik yang tidak saya kenali mohon dibantu,0,Netral,MATCH,
2103,Dhimas 3handoko,5,2026-08-29,best apk,best aplikasi,0,Netral,MATCH,
2104,ahmad Puji,1,2026-08-29,daftar rawat jalan di suruh online ketika mau daftar malah eror kocak juga nih aplikasi.,daftar rawat jalan di suruh online ketika mau daftar malah error kocak juga nih aplikasi,-2.5,Negatif,MATCH,
2105,Tamara Sefia Latasti,1,2026-08-29,"sumpah ya mau daftar aja susah, dari verifikasi muka gamau, abistu verifikasi nomor susah",sumpah ya mau daftar aja sulit dari verifikasi muka tidak mau abistu verifikasi nomor sulit,-5,Negatif,MATCH,
2106,Adi rianto,1,2026-08-29,apk aneh,aplikasi aneh,0,Netral,MATCH,
2107,Shafira Dewi,1,2026-08-29,"tiga hari daftar gak bisa bisa, sampai pakai nomer yang ke 3, udah bela belain beli nomor baru tetap gak bisa, mending hapus aja ini aplikasi",tiga hari daftar tidak bisa bisa sampai pakai nomer yang ke 3 udah bela belain beli nomor baru tetap tidak bisa mending hapus aja ini aplikasi,0,Netral,MATCH,
2108,RAHMATULLAH BIN SYAMSUL MARHADI,1,2026-08-29,"harus daftar autodebit, padahal sudah daftar waktu itu, pas mau masuk kembali harus daftar autodebit, dimasukkan bank autodebit, malahan sudah daftar keterangannya, dan mmg sudah daftar, kenapa harus suruh daftar lagi. tidak dapat masuk aplikasi jika belum daftra auto debit, sedangkan sudah daftarkan bank tersebut, mau daftarkan rekening lain tdk ada dalam daftar.",harus daftar autodebit padahal sudah daftar waktu itu pas mau masuk kembali harus daftar autodebit dimasukkan bank autodebit malahan sudah daftar keterangannya dan mmg sudah daftar kenapa harus suruh daftar lagi tidak dapat masuk aplikasi jika belum daftra auto debit sedangkan sudah daftarkan bank tersebut mau daftarkan rekening lain tidak ada dalam daftar,0,Netral,MATCH,
2109,Maulana Az,1,2026-08-29,"kalo bayar iuran proses cepat, tapi saat menggunakan aplikasi kadang suka logout sendiri akunnya, coba aplikasi bisa di permudah sebagai mana kita membayar iuran?",kalo bayar iuran proses cepat tapi saat menggunakan aplikasi kadang suka logout sendiri akunnya coba aplikasi bisa di permudah sebagai mana kita membayar iuran,4.5,Positif,MISMATCH_LOW_RATING,Salah klik rating / Human error (Isi ulasan berupa pujian murni)
2110,Ongky Saputra,1,2026-08-29,"ini apk jadwalnya dokternya ada tapi gak bisa di pilih, broken banget pokoknya padahal ini sangat membantu tapi sistemnya harus diperbaiki lagi",ini aplikasi jadwalnya dokternya ada tapi tidak bisa di pilih broken banget pokoknya padahal ini sangat membantu tapi sistemnya harus diperbaiki lagi,3,Positif,MISMATCH_LOW_RATING,Salah klik rating / Human error (Isi ulasan berupa pujian murni)
2111,Uzaiiron Ilyas,5,2026-08-29,mantap,mantap,3,Positif,MATCH,
2112,Love Nikki,1,2026-08-29,aplikasi nya tidak membantu sama sekali,aplikasi nya tidak membantu sama sekali,-2.7,Negatif,MATCH,
2113,Ghatfan .ayra85,5,2026-08-29,puas dengan JKN semuanya dipermudah dan sangat membantu... terimakasih,puas dengan jkn semuanya dipermudah dan sangat membantu terimakasih,6,Positif,MATCH,
2114,Al Saka,1,2026-08-29,ehhhhhhh mobile jkn pulsa ku habisss ya gara gara kau pas aku masukin nomor hp malah eror eror pas ketiba apa kodenya otp muncul tapi gk bisa masukin kide otp nyaa gk jelas ni aplikasi gk guna yusahin aja,eh mobile jkn pulsa ku habis ya gara gara kau pas aku masukin nomor hp malah error error pas ketiba apa kodenya otp muncul tapi tidak bisa masukin kide otp nyaa tidak jelas ni aplikasi tidak guna yusahin aja,-6.35,Negatif,MATCH,
2115,Naba abadiansyah,1,2026-08-28,apk terlalu pintar jadi lemot,aplikasi terlalu pintar jadi lambat,-2.5,Negatif,MATCH,
2116,Untung,1,2026-08-28,tolong perbaiki aplikasinya masak setiap ambil antrian online dgn data yg benar selalu gagal alias Can't,tolong perbaiki aplikasinya masak setiap ambil antrean online dengan data yang benar selalu gagal alias can t,-2.5,Negatif,MATCH,
2117,Jumirin Trismiati,1,2026-08-28,"mau daftar akun susah verivikasi kode otp no hp gagal trus gak masuk"" kode otp nya verifikasi wajah eror trus",mau daftar akun sulit verivikasi kode otp no hp gagal terus tidak masuk kode otp nya verifikasi wajah error terus,-7.5,Negatif,MATCH,
2118,Hasanah,1,2026-08-28,"aku kasih bintang 1, soalnya kalau sdh mau daftar pasti eror apk apa ini, bukan nya mempermudah malah bikin kesal. tolong di tinjau lebih lanjut.",aku kasih bintang 1 soalnya kalau sudah mau daftar pasti error aplikasi apa ini bukan nya mempermudah malah bikin kesal tolong di tinjau lebih lanjut,-5,Negatif,MATCH,
2119,Heri Channel,2,2026-08-28,makin banyak eror. biasa ambil antriannya. online mudah sekarang malah. banyak gak bisa.,makin banyak error biasa ambil antriannya online mudah sekarang malah banyak tidak bisa,0,Netral,MATCH,
2120,Zulkarnain,5,2026-08-28,"belum ada gangguan, masih sangat mudah",belum ada gangguan masih sangat mudah,2.5,Positif,MATCH,
2121,Rianita Adella,3,2026-08-28,tolong dioptimalkan lg sistemnya,tolong dioptimalkan lg sistemnya,0,Netral,MATCH,
2122,Ayu Ashary,1,2026-08-28,tolong perbaik doang soal mau kontrol,tolong perbaik doang soal mau kontrol,0,Netral,MATCH,
2123,daniel sigalemba,1,2026-08-28,"antrian susah, gagal server melulu, saya sarankan kl ega bs profesional mending manual aja.",antrean sulit gagal server melulu saya sarankan kl ega bs profesional mending manual aja,-5,Negatif,MATCH,
2124,Selvin TriMarta Halawa,5,2026-08-28,baguss,baguss,0,Netral,MATCH,
2125,Fery kumbangkelana Fery kumbangkelana,5,2026-08-28,jos,jos,0,Netral,MATCH,
2126,Darlan Barasa,5,2026-08-28,mohon bantuannya admin BPJS yg saya hormati pulihkan kembali akun JKN saya karena saya tidak melakukan tindakan yang melanggar hukum,mohon bantuannya admin bpjs yang saya hormati pulihkan kembali akun jkn saya karena saya tidak melakukan tindakan yang melanggar hukum,0,Netral,MATCH,
2127,Madewi Cakery,5,2026-08-28,mantab jkn,mantap jkn,3,Positif,MATCH,
2128,Abis hambak Cee,5,2026-08-28,mantap,mantap,3,Positif,MATCH,
2129,Rio bagus sasongko,1,2026-08-28,ga niat,tidak niat,0,Netral,MATCH,
2130,Suhitta Wita,2,2026-08-28,aplikasi udh mulai GK bener mau di instal ulang malah gak bisa di instal padahal sebelumnya telah udah di instal,aplikasi sudah mulai tidak benar mau di instal ulang malah tidak bisa di instal padahal sebelumnya telah udah di instal,0,Netral,MATCH,
2131,Thiyan Alfarizi,5,2026-08-28,ok pokok nya,ok pokok nya,1.5,Positif,MATCH,
2132,Misdariati Dinarsih,1,2026-08-28,No coment! Untung ada org BPJS dirsud yg dituju yg bantu bikin akunnya! Ribet!!!,no coment untung ada org bpjs dirsud yang dituju yang bantu bikin akunnya rumit,-2,Negatif,MATCH,
2133,Catur Bintang Mala Dewa,3,2026-08-28,"kok jadi aneh banget ini, semua tempat regulasi kalo pake bpjs harus lewat aplikasi dulu, tapi ini karena gw lama ga buka akunnya keluar sendiri, coba reset pw kode verifikasi ga dikasih, dulu pernah ke kantor bpjs kalo harus ada pulsa minimal 10k, ini gw baru isi tapi tetep ga bisa, ga dapet kode, sumpah aneh bet, mau ke kantor lagi tapi udah malem ama kondisi gw udah ga enak banget, tolonglah",kok jadi aneh banget ini semua tempat regulasi kalo pake bpjs harus lewat aplikasi dulu tapi ini karena gw lama tidak buka akunnya keluar sendiri coba reset pw kode verifikasi tidak dikasih dulu pernah ke kantor bpjs kalo harus ada pulsa minimal 10k ini gw baru isi tapi tetep tidak bisa tidak dapet kode sumpah aneh bet mau ke kantor lagi tapi udah malem ama kondisi gw udah tidak enak banget tolonglah,-5,Negatif,MATCH,
2134,aldi septiana,5,2026-08-28,is good,is good,2,Positif,MATCH,
2135,Gia Gio,5,2026-08-28,"matur nuwun BPJS, semoga pemerintah selalu adil untuk memberikan pelayanan yg maksimal",matur nuwun bpjs semoga pemerintah selalu adil untuk memberikan pelayanan yang maksimal,0,Netral,MATCH,
2136,Yoga Agustin,1,2026-08-28,"verifikasi sms susah bgt,mana harus ada pulsa lagi",verifikasi sms sulit banget mana harus ada pulsa lagi,-2.5,Negatif,MATCH,
2137,Rani Nuryanti,1,2026-08-28,gimana sih mau daftar ko ga bisa masuk sih udah beberapa kali coba tetep ajah ga bisa masuk udah GUNTA ganti no hp tetep ajah ga bisa malah emosi,gimana sih mau daftar ko tidak bisa masuk sih udah beberapa kali coba tetep ajah tidak bisa masuk udah gunta ganti no hp tetep ajah tidak bisa malah emosi,-2.5,Negatif,MATCH,
2138,Ezra ezra,5,2026-08-28,terbaik,terbaik,3,Positif,MATCH,
2139,Diah Firdayani,1,2026-08-28,"kenapa selalu login trus...pdhal email dan sandi benar karna sudah saya catat....TPI susah sekali masuknya lagi...aplikasi ini seharusnya membantu dan mempermudah semua orang...bukan mempersulit semua orang..! tolong dong perbaiki jangan dkit"" log-in trus ..!!!!",kenapa selalu login terus pdhal email dan sandi benar karena sudah saya catat tpi sulit sekali masuknya lagi aplikasi ini seharusnya membantu dan mempermudah semua orang bukan mempersulit semua orang tolong dong perbaiki jangan dkit log-in terus,0.5,Netral,MATCH,
2140,Evander Buluati,5,2026-08-28,goodddd,good,2,Positif,MATCH,
2141,Much Putra Baihaqi Shodiq,1,2026-08-28,daftar sulit banget kayak mau daftar pinjol aja,daftar sulit banget kayak mau daftar pinjol aja,-2.5,Negatif,MATCH,
2142,Asriady Ainuddin,5,2026-08-28,mantap,mantap,3,Positif,MATCH,
2143,Sardiirama Irama,5,2026-08-28,aplikasi oke,aplikasi oke,1.5,Positif,MATCH,
2144,May Linda Kristianty Br Pardosi,5,2026-08-28,sangat memudahkan saya untuk melihat berbagai keuntungan yang ada pada mobile JKN inii,sangat memudahkan saya untuk melihat berbagai keuntungan yang ada pada mobile jkn inii,3,Positif,MATCH,
2145,Anfield Ynwa543,1,2026-08-28,susah ribet..,sulit rumit,-4.5,Negatif,MATCH,
2146,Sofi Supriati,1,2026-08-28,aplikasi yang membagongkan,aplikasi yang membagongkan,0,Netral,MATCH,
2147,Rilby Dwi Putri,1,2026-08-28,"kenapa tidak bisa mengirimkan kode OTP? mau perawatan aja dipersulit segala perlu daftar di sini. kalau emang wajib daftar di sini, jangan jelek gini dong sistemnya. saya jadi tidak bisa daftar untuk perawatan, bagaimana jika sakit ini terus parah? sedangkan daftar aja sulit, dan pihak klinik mewajibkan daftar di sini! tolong lah, untuk apa kami terus membayar bpjs dan pajak, kalau sistemnya saja susah untuk dipake! saya tunggu perbaikannya sebelum orang orang di sini parah karena penyakitnya!",kenapa tidak bisa mengirimkan kode otp mau perawatan aja dipersulit segala perlu daftar di sini kalau emang wajib daftar di sini jangan buruk gini dong sistemnya saya jadi tidak bisa daftar untuk perawatan bagaimana jika sakit ini terus buruk sedangkan daftar aja sulit dan pihak klinik mewajibkan daftar di sini tolong lah untuk apa kami terus membayar bpjs dan pajak kalau sistemnya saja sulit untuk dipake saya tunggu perbaikannya sebelum orang orang di sini buruk karena penyakitnya,-13,Negatif,MATCH,
2148,Zan Jess,1,2026-08-28,"keren lo buat begini, mempersulit banyak kegagalan tidak dapat di proses cih",keren lo buat begini mempersulit banyak kegagalan tidak dapat di proses cih,2.5,Positif,MISMATCH_LOW_RATING,Salah klik rating / Human error (Isi ulasan berupa pujian murni)
2149,Pikpik muspikudin Pikpik,5,2026-08-28,lebih baik dan mudah,lebih baik dan mudah,4.5,Positif,MATCH,
2150,Nadia Salsabila,1,2026-08-28,"ga jelas sistem nya, banyak kali di krpsi",tidak jelas sistem nya banyak kali di krpsi,-1.35,Negatif,MATCH,
2151,Yaumil Isnaini,1,2026-08-28,"parah , aplikasi rusak2 , sekelas pemerintah aplikasinya malah abal2 , terus mewajibkan rakyat pulak",buruk aplikasi rusak2 sekelas pemerintah aplikasinya malah abal2 terus mewajibkan rakyat pulak,-3,Negatif,MATCH,
2152,I8I52IOO86 Abdullah ramadhan hasibuan,2,2026-08-28,lama kali pemeliharaan sistem nya. aku mau berobat jadi Susah daftar .,lama kali pemeliharaan sistem nya aku mau berobat jadi sulit daftar,-4.5,Negatif,MATCH,
2153,Ria Nar,1,2026-08-28,"APLIKASI GAJELAS MAU DAFTAR BUAT KONSUL MALAH GA BISA"" ANEHHHHHH!!!!!!",aplikasi gajelas mau daftar buat konsul malah tidak bisa aneh,0,Netral,MATCH,
2154,Toha Saputra,1,2026-08-28,"GK bisa login akun tolong diperbaiki lagi apk nya, lama"" gak ada gunanya apk JKN saya sangat kecewa dan menyesal mendownload apk buruk",tidak bisa login akun tolong diperbaiki lagi aplikasi nya lama tidak ada gunanya aplikasi jkn saya sangat kecewa dan menyesal mendownload aplikasi buruk,-11,Negatif,MATCH,
2155,Lukman Hakim,5,2026-08-28,oke,oke,1.5,Positif,MATCH,
2156,Haryono Haryono,5,2026-08-28,jos memudahkan untuk berobat,jos memudahkan untuk berobat,3,Positif,MATCH,
2157,Ikhwan Destyo,1,2026-08-28,aplikasi terbusuk yang pernah gw pake,aplikasi terbusuk yang pernah gw pake,0,Netral,MATCH,
2158,Tri Juliyanto,1,2026-08-28,heran gua sama aplikasi pemerintah eror mulu padahal bea maintenance muahal beddd anggarannya,heran gua sama aplikasi pemerintah error terus padahal bea maintenance muahal bed anggarannya,-2.5,Negatif,MATCH,
2159,Yoka Adipio,1,2026-08-28,aplikasi ini menyusahkan masyarakat yang mau berobat vertipikasi sudahnya eror bukannya membantu malah menyusahkan masyarakat. bukannya membantu malah nambah penyakit,aplikasi ini menyusahkan masyarakat yang mau berobat vertipikasi sudahnya error bukannya membantu malah menyusahkan masyarakat bukannya membantu malah nambah penyakit,3.5,Positif,MISMATCH_LOW_RATING,Salah klik rating / Human error (Isi ulasan berupa pujian murni)
2160,Mulyadi Cap,1,2026-08-28,aplikasi nyusahin orang. mau berobat saja bikin ribet,aplikasi nyusahin orang mau berobat saja bikin rumit,-2,Negatif,MATCH,
2161,Arif Gunawan,5,2026-08-28,terima kasih telah hadir BPJS.,terima kasih telah hadir bpjs,2,Positif,MATCH,
2162,Faraskuuu,5,2026-08-28,sangat membantu,sangat membantu,3,Positif,MATCH,
2163,erykhasaja,1,2026-08-28,tidak bisa digunakan pendaftaran dipersulit,tidak bisa digunakan pendaftaran dipersulit,-3.5,Negatif,MATCH,
2164,Yohanes Nurung,4,2026-08-28,Sekarang semakin baik.,sekarang semakin baik,2,Positif,MATCH,
2165,Heppy Rizanto,5,2026-08-28,good,good,2,Positif,MATCH,
2166,Thresia Nhia,5,2026-08-28,mantap,mantap,3,Positif,MATCH,
2167,grace glr,5,2026-08-28,Bagus.. Sangat rekomendasi sekali,bagus sangat rekomendasi sekali,2,Positif,MATCH,
2168,Kelik Parwanto,5,2026-08-28,sangat membantu dan gak ribet pemakaiannya,sangat membantu dan tidak rumit pemakaiannya,4,Positif,MATCH,
2169,Didi Murhadilll,5,2026-08-28,lebih mudah segalanya,lebih mudah segalanya,2.5,Positif,MATCH,
2170,Zefanya Adinda,4,2026-08-28,"bagus sangat membantu, tetapi kadang suka logout sendiri jd harus sering login berkali kali",bagus sangat membantu tetapi kadang suka logout sendiri jd harus sering login berkali kali,7,Positif,MATCH,
2171,Siti,2,2026-08-28,"knp ya pas kode otp no nya gk bsa""tolong dong eror mulu",knp ya pas kode otp no nya tidak bsa tolong dong error terus,-2.5,Negatif,MATCH,
2172,REMY FRAME,1,2026-08-28,"urgent buat anak saya mau operasi.. udah 2x tiap saya ambil antrean, tiba tiba H-1 Antrean anda dibatalkan . padahal udah ada nomer antrean. parah,, karna pasien BPJS jadi terpinggirkan kayanya.",urgent buat anak saya mau operasi udah 2x tiap saya ambil antrean tiba tiba h-1 antrean anda dibatalkan padahal udah ada nomer antrean buruk karena pasien bpjs jadi terpinggirkan kayanya,-3,Negatif,MATCH,
2173,RereAndriany,5,2026-08-28,sangat mendominasi,sangat mendominasi,0,Netral,MATCH,
2174,Abdul Jumali,5,2026-08-28,"susah masuk, masih jauh lebih bagus aplikasi yg dulu",sulit masuk masih jauh lebih bagus aplikasi yang dulu,-0.5,Netral,MATCH,
2175,Moza Saefa,5,2026-08-28,Alhamdulillah dg aplikasi JKN terbantu sekali kalau mau periksa tinggal daftar lewat online dan tidak perlu antri,alhamdulillah dg aplikasi jkn terbantu sekali kalau mau periksa tinggal daftar lewat online dan tidak perlu antri,0,Netral,MATCH,
2176,Depa Aksay,1,2026-08-28,"udah bosen coba puluhan kali gak berhasil, hanya mempersulit untuk berobat sajaa",udah bosen coba puluhan kali tidak berhasil hanya mempersulit untuk berobat sajaa,-1.8,Negatif,MATCH,
2177,amelia surahman,1,2026-08-28,apk nya tolong greget banget setiap mau daftar ada aja kendalanya bikin kesel!!! bukannya mempermudah malah mempersulit payah!.,aplikasi nya tolong greget banget setiap mau daftar ada aja kendalanya bikin kesel bukannya mempermudah malah mempersulit payah,-3,Negatif,MATCH,
2178,Sitimaryam Mery,1,2026-08-28,alikasi bikin susah org mau berobat malah susah aplikasi sampah..mending gk usah pake aplikasi klo gk mampu nyusahin org aja,alikasi bikin sulit org mau berobat malah sulit aplikasi sampah mending tidak usah pake aplikasi klo tidak mampu nyusahin org aja,-9,Negatif,MATCH,
2179,kusuwasono kukuh,5,2026-08-28,mantap bos,mantap bos,3,Positif,MATCH,
2180,Julak Laraw,4,2026-08-28,"Akhir akhir ini kok susah sekali login. itu captcha jangan dibuat susah, apalagi bagi yang tua susah mengenali karakter huruf/angkanya",akhir akhir ini kok sulit sekali login itu captcha jangan dibuat sulit apalagi bagi yang tua sulit mengenali karakter huruf angkanya,-7.5,Negatif,MISMATCH_HIGH_RATING,"Rating bintang tinggi (4-5), namun isi ulasan memuat kritik/keluhan tajam"
2181,Afi Afiyani,1,2026-08-28,mau login susahnya minta ampun udh 3 hari masih ga bisa bisa hadehhhh,mau login susahnya minta ampun sudah 3 hari masih tidak bisa bisa hadeh,0,Netral,MATCH,
2182,A Edi S,4,2026-08-28,sangat berguna,sangat berguna,0,Netral,MATCH,
2183,Mr Nanda fishing,1,2026-08-28,"aplikasi ini dibuat hanya untuk mempersulit. kalo ada yg ribet ngapain cari yg mudah. bahkan angggaran yg besar akan sia² dipakai buat bikin aplikasi beginian. gk guna, gk bisa login atau daftar.. di klik no hp malah muncul tulsan harap masukan nomer tlp. Malaysia lebih maju dibidang pelayanan karna pejabat yg jujur. kapan Indonesia bisa melani warga dengan baik yah.. pusiiiing.... pusingg...!!!",aplikasi ini dibuat hanya untuk mempersulit kalo ada yang rumit ngapain cari yang mudah bahkan angaran yang besar akan sia dipakai buat bikin aplikasi beginian tidak guna tidak bisa login atau daftar di klik no hp malah muncul tulsan harap masukan nomer tlp malaysia lebih maju dibidang pelayanan karena pejabat yang jujur kapan indonesia bisa melani warga dengan baik yah pusing pusingg,0.5,Netral,MATCH,
2184,Uyuy Opop,5,2026-08-28,mudah dan responsif,mudah dan responsif,2.5,Positif,MATCH,
2185,ARJUNA ABRAHAM PAAT,5,2026-08-28,good,good,2,Positif,MATCH,
2186,kafi bna,1,2026-08-28,Verifikasi susah....!,verifikasi sulit,-2.5,Negatif,MATCH,
2187,Ben Subandrio,5,2026-08-28,terimakasih,terimakasih,0,Netral,MATCH,
2188,Muzalena,5,2026-08-28,pokoknya the best,pokoknya the best,0,Netral,MATCH,
2189,Mutiatin,1,2026-08-28,"aduh gmn sih eror trs tiba' log out sendiri, mau login lagi malah eror trs",aduh gmn sih error terus tiba login out sendiri mau login lagi malah error terus,-5,Negatif,MATCH,
2190,Brilian Jayakusuma,1,2026-08-28,BERHARI2 TIDAK BISA MENDAFTAR,berhari2 tidak bisa mendaftar,0,Netral,MATCH,
2191,Nur Azizah,1,2026-08-28,sering eror mulu ih,sering error terus ih,-2.5,Negatif,MATCH,
2192,Atha Fariz,5,2026-08-28,pokonya mantap untuk responnya,pokonya mantap untuk responnya,3,Positif,MATCH,
2193,Fauziyah Lisfana,1,2026-08-28,Saya buka dan login keterangan ya sayang jkn telah berhenti.mohon dong di perbaiki,saya buka dan login keterangan ya sayang jkn telah berhenti mohon dong di perbaiki,0,Netral,MATCH,
2194,muhril efendi,5,2026-08-28,Bagus,bagus,2,Positif,MATCH,
2195,Vidiya Azadd,4,2026-08-28,tidak masuk jaringan eror.. padhal sudah pakai wifi,tidak masuk jaringan error padhal sudah pakai wifi,-2.5,Negatif,MISMATCH_HIGH_RATING,"Rating bintang tinggi (4-5), namun isi ulasan memuat kritik/keluhan tajam"
2196,Abdul Ghofur,1,2026-08-28,perangkat tidak kompatibel . harus pake iPhone mungkin.nyusahin,perangkat tidak kompatibel harus pake iphone mungkin nyusahin,0,Netral,MATCH,
2197,Irfan Gunawan,1,2026-08-28,bisa keluar sendiri in jkn trus ganti password no nya salah .malah nunjuk no lain . kek mana nya ini aplikasi kesehatan buat susah ..,bisa keluar sendiri in jkn terus ganti password no nya salah malah nunjuk no lain kek mana nya ini aplikasi kesehatan buat sulit,-5.5,Negatif,MATCH,
2198,B Wijanarko,5,2026-08-28,Pelayanan memuaskan,pelayanan memuaskan,0,Netral,MATCH,
2199,Yogi chuakerz,1,2026-08-28,makin sini makin rusakk ini aplikasi. gak bisa daftar.scan wajah gagal . masukin nomor gak bisaa,makin sini makin rusakk ini aplikasi tidak bisa daftar scan wajah gagal masukin nomor tidak bisaa,-2.5,Negatif,MATCH,
2200,Tia Roesjayanti,1,2026-08-28,tidak bisa Terima otp,tidak bisa terima otp,0,Netral,MATCH,
2201,IEL J. MP T. mesin,5,2026-08-28,ribettttttttt,rumit,-2,Negatif,MISMATCH_HIGH_RATING,"Rating bintang tinggi (4-5), namun isi ulasan memuat kritik/keluhan tajam"
2202,Eka Pebriati,1,2026-08-28,ga bisa kirim otp,tidak bisa kirim otp,0,Netral,MATCH,
2203,Glen Bilande,1,2026-08-28,ga jelas no hp susah masuk,tidak jelas no hp sulit masuk,-3.85,Negatif,MATCH,
2204,sky chanel,1,2026-08-28,kirim otp aja lamanya minta ampun. apalagi bantuin rakyat yang susah.,kirim otp aja lamanya minta ampun apalagi bantuin rakyat yang sulit,-2.5,Negatif,MATCH,
2205,Seruni Ananda,5,2026-08-28,pelayanannya sangat membantu dengan sabar memberikan penjelasan yang mudah dipahami,pelayanannya sangat membantu dengan sabar memberikan penjelasan yang mudah dipahami,5.5,Positif,MATCH,
2206,FRANSISKUS RIANGTOBY,1,2026-08-28,"Niat gak sih buat apknya, masa gak bisa daftar buat masuk terus sih, kalau gak bisa kenapa apknya dibuat yaudah gak usah dibuat aja sekalian, orang gak bisa masuk juga.",niat tidak sih buat apknya masa tidak bisa daftar buat masuk terus sih kalau tidak bisa kenapa apknya dibuat yaudah tidak usah dibuat aja sekalian orang tidak bisa masuk juga,0,Netral,MATCH,
2207,Maryamzeeba,5,2026-08-28,terimakasih... semoga berkah bermanfaat,terimakasih semoga berkah bermanfaat,3,Positif,MATCH,
2208,Mimi Fraga,5,2026-08-28,bagusss bngt layanan juga oke,bagus bngt layanan juga oke,3.5,Positif,MATCH,
2209,Arif Purnama,5,2026-08-28,sangat membantu pelayanan kesehatan,sangat membantu pelayanan kesehatan,3,Positif,MATCH,
2210,SadaR Rudin,1,2026-08-28,"apk ini dibikin untuk memudahkan atau bgmn, soalnya baru maw buat sja akun pertama stgah mati skali bgmna apk ini ? 1, pas pengambilan foto 2, pada saat kirim kode ke nomor telfon 3, verifikasinya stengah mati skali",aplikasi ini dibikin untuk memudahkan atau bgmn soalnya baru maw buat sja akun pertama stgah mati skali bgmna aplikasi ini 1 pas pengambilan foto 2 pada saat kirim kode ke nomor telfon 3 verifikasinya stengah mati skali,3,Positif,MISMATCH_LOW_RATING,Salah klik rating / Human error (Isi ulasan berupa pujian murni)
2211,Joker Liar,1,2026-08-28,"HAPUS SAJA APLIKASI INI TIDAK BISA MENDAFTAR. SUDAH SCAN WAJAH, SUDAH MASUKAN NIK, SEMUANYA SUDAH DI IKUTI MASIH SAJA TIDAK BISA.",hapus saja aplikasi ini tidak bisa mendaftar sudah scan wajah sudah masukan nik semuanya sudah di ikuti masih saja tidak bisa,0,Netral,MATCH,
2212,geraldi suryaputra,1,2026-08-28,"tolong untuk registrasinya di perbaiki, terutama pada saat konfirmasi nomor telp. padahal banyak kok cara untuk konfirmasi selain nomor telp, bisa melalui Email atau lewat WA. kenapa harus lewat SMS sih. sdh 1 minggu saya coba regis tetap tdk mau",tolong untuk registrasinya di perbaiki terutama pada saat konfirmasi nomor telp padahal banyak kok cara untuk konfirmasi selain nomor telp bisa melalui email atau lewat wa kenapa harus lewat sms sih sudah 1 minggu saya coba regis tetap tidak mau,0,Netral,MATCH,
2213,Ziva Falisha,1,2026-08-28,"Yang paling ribet sama aplikasi ini daftar.... Udah isi pulsa kagak masuk juga. Pake ngide pula bikin verifikasi wajah 😭💔 Ehh bodat permudah daftar aplikasi lu apa anjink... Seenggaknya bisa pakai daftar pakai email atau telepon. sumpah SMS verifikasi susah bet masuknya!!! Mana udah coba beberapa kali kagak masuk... Yang bikin tambah ribet ya sistem lu gini kalau ada anak yang daftarin akun orangtuanya. Heran bangeg aplikasi pemerintah rata-rata UI b aja, daftar ribet, WAJIB pula. CACAD!!!!",yang paling rumit sama aplikasi ini daftar udah isi pulsa kagak masuk juga pake ngide pula bikin verifikasi wajah ehh bodat permudah daftar aplikasi lu apa anjink seenggaknya bisa pakai daftar pakai email atau telepon sumpah sms verifikasi sulit bet masuknya mana udah coba beberapa kali kagak masuk yang bikin tambah rumit ya sistem lu gini kalau ada anak yang daftarin akun orangtuanya heran bangeg aplikasi pemerintah rata-rata ui b aja daftar rumit wajib pula cacad,-8.5,Negatif,MATCH,
2214,Muhammad Said,5,2026-08-28,sangat memudahkan,sangat memudahkan,3,Positif,MATCH,
2215,siapa dia,1,2026-08-28,registrasi gagal terus setelah memasukan no hp.,registrasi gagal terus setelah memasukan no hp,-2.5,Negatif,MATCH,
2216,Ikhya,1,2026-08-28,aplikasi pemerintah wajib kok android 9 kok ga didukung gimana mau melayani rakyat,aplikasi pemerintah wajib kok android 9 kok tidak didukung gimana mau melayani rakyat,0,Netral,MATCH,
2217,Sifa Khoirun Nisa,1,2026-08-28,mau daftar tapi tidak bisa krn kode otp nomor hp jg aktif dan nik ktp jg udh bener mohon diperbaiki lagi,mau daftar tapi tidak bisa karena kode otp nomor hp jg aktif dan nik kartu tanda penduduk jg sudah benar mohon diperbaiki lagi,0,Netral,MATCH,
2218,Wandhie Syam,1,2026-08-28,maaf untuk pengembang aplikasinya tolong kenapa bisa saya tidak dapat download link ini lagi,maaf untuk pengembang aplikasinya tolong kenapa bisa saya tidak dapat download link ini lagi,0,Netral,MATCH,
2219,Ayw Naken oky,1,2026-08-28,tolong ya diperbaiki waktu saya nambah anggota keluarga dibilang udah ada akun dimasukan akun tidak ada didaftarkan tidak bisa masa mau berobat saja dipersulit,tolong ya diperbaiki waktu saya nambah anggota keluarga dibilang udah ada akun dimasukan akun tidak ada didaftarkan tidak bisa masa mau berobat saja dipersulit,-3.5,Negatif,MATCH,
2220,Sinta Bukit,5,2026-08-28,saya suka,saya suka,2,Positif,MATCH,
2221,Wati Ni,1,2026-08-28,kenapa tidak semua hp bisa download aplikasinya tapi ngambil antrian RS harus daftar online dijkn ...,kenapa tidak semua hp bisa download aplikasinya tapi ngambil antrean rs harus daftar online dijkn,0,Netral,MATCH,
2222,Yusron,1,2026-08-28,ribet susah daftar nya,rumit sulit daftar nya,-4.5,Negatif,MATCH,
2223,Hayati Ahmad,1,2026-08-28,Bad aplication. Gabisa buat bio wajah. kamera nya menceng²,bad aplication tidak bisa buat bio wajah kamera nya menceng,0,Netral,MATCH,
2224,Alya Anggi,5,2026-08-28,sering eror,sering error,-2.5,Negatif,MISMATCH_HIGH_RATING,"Rating bintang tinggi (4-5), namun isi ulasan memuat kritik/keluhan tajam"
2225,Wiiliam Henri,1,2026-08-28,aplikasi payah mau verifikasi no telpon aja ngak jadi2 parah,aplikasi payah mau verifikasi no telpon aja ngak jadi2 buruk,-6,Negatif,MATCH,
2226,Ei Erblack,5,2026-08-28,semua jadi lebih mudah,semua jadi lebih mudah,2.5,Positif,MATCH,
2227,Gede Sudarma,5,2026-08-28,sangat membantu dan pelayanan nya cepat,sangat membantu dan pelayanan nya cepat,5.5,Positif,MATCH,
2228,fatih maulana,5,2026-08-28,ok,ok,1.5,Positif,MATCH,
2229,Putri Kirana,1,2026-08-28,perbaiki lagi deh masa verifikasi wajah error mulu,perbaiki lagi deh masa verifikasi wajah error terus,-2.5,Negatif,MATCH,
2230,Rey Jampang,5,2026-08-28,bagusss,bagus,2,Positif,MATCH,
2231,camvretch malmsteen,1,2026-08-28,verifikasi no.hp kenapa ga bisa?,verifikasi no hp kenapa tidak bisa,0,Netral,MATCH,
2232,Sapuan Hukum,5,2026-08-28,bagus,bagus,2,Positif,MATCH,
2233,ZIZ,1,2026-08-28,aplikasi gak jelas mau daftar aja susah banget tolong diperbaiki lagi sistemnya!!!,aplikasi tidak jelas mau daftar aja sulit banget tolong diperbaiki lagi sistemnya,-3.85,Negatif,MATCH,
2234,Deri Ahmad,1,2026-08-28,mau daftar susah bener apa lagi pas mau masukin nomor hp sama alamat Gmail. susah pas mau nge daftarin orang tua,mau daftar sulit benar apa lagi pas mau masukin nomor hp sama alamat gmail sulit pas mau nge daftarin orang tua,-5,Negatif,MATCH,
2235,apri kesbleng,3,2026-08-28,nggk jelas bener enggak bisa login ke aplikasi nyaaa lagi urgent di buat pening sama aplikasi,nggk jelas benar enggak bisa login ke aplikasi nya lagi urgent di buat pening sama aplikasi,1.5,Positif,MATCH,
2236,Ahmad riza Hidayat,5,2026-08-28,semoga amanah,semoga amanah,0,Netral,MATCH,
2237,maiya rumaaf,4,2026-08-28,Kenapa Aplikasi Mobile JKN tidak dapat menampilkan riwayat kesehatan anggota keluarga (anak) adalam satu akun? tolong di buatkan agar bisa memantau riwayat kesehatan anak.. Trimakasih,kenapa aplikasi mobile jkn tidak dapat menampilkan riwayat kesehatan anggota keluarga anak adalam satu akun tolong di buatkan agar bisa memantau riwayat kesehatan anak trimakasih,0,Netral,MATCH,
2238,Arjun Cell,1,2026-08-28,halo kak untuk aplikasi mobile JKN saya kenapa nggak bisa dipasang lagi padahal handphone saya itu pakai handphone HP Oppo a31 RAM 8 kemarin bisa sekarang nggak bisa gimana nanti kalau saya berobat ini gimana caranya kalau misalkan pengen bisa lagi tanpa ganti handphone karena saya handphonenya cuma punya satu,halo kak untuk aplikasi mobile jkn saya kenapa tidak bisa dipasang lagi padahal handphone saya itu pakai handphone hp oppo a31 ram 8 kemarin bisa sekarang tidak bisa gimana nanti kalau saya berobat ini gimana caranya kalau misalkan pengen bisa lagi tanpa ganti handphone karena saya handphonenya cuma punya satu,0,Netral,MATCH,
2239,Humaira Hilwa,5,2026-08-28,mudah,mudah,2.5,Positif,MATCH,
2240,Ahmad Rahmanuddin,5,2026-08-28,"Sudah bagus, dengan tingkat keamanan yang cukup bagus. mungkin mekanisme login bisa di sesuaikan lagi, aplikasi bisa mengingat sesi login di device yang di percaya bukan relogin ketika beda IP Segment saat akses aplikasi ya untung nya masih bisa di permudah dengan menggunakan metode login menggunakan finger. untuk Surat Rujukan bisa di bantu agar user dapat mengunduh sendiri via aplikasi.",sudah bagus dengan tingkat keamanan yang cukup bagus mungkin mekanisme login bisa di sesuaikan lagi aplikasi bisa mengingat sesi login di device yang di percaya bukan relogin ketika beda ip segment saat akses aplikasi ya untung nya masih bisa di permudah dengan menggunakan metode login menggunakan finger untuk surat rujukan bisa di bantu agar user dapat mengunduh sendiri via aplikasi,4,Positif,MATCH,
2241,sadiman 11 juli,1,2026-08-28,"APLIKASI LOLAAAAA BGTTTT, WIFI LANCAR, KUOTA MASIH BANYAKK, BUKA APK MUNCUL TRS POP UP OFFLINE², GABISA BISAAAAAAAAA APLIKASI BOSOKKKKKKKKKK",aplikasi lola banget wifi lancar kuota masih banyakk buka aplikasi muncul terus pop up offline tidak bisa bisa aplikasi bosok,2.5,Positif,MISMATCH_LOW_RATING,Salah klik rating / Human error (Isi ulasan berupa pujian murni)
2242,Pads Pads,5,2026-08-28,bagus,bagus,2,Positif,MATCH,
2243,Rizki Muhamad,5,2026-08-28,oke,oke,1.5,Positif,MATCH,
2244,Toni Jaya Sampurna,5,2026-08-28,sangat membantu,sangat membantu,3,Positif,MATCH,
2245,Annas Lutfiansyah,1,2026-08-28,"Tidak solutif, mempersulit registrasi, belum optimal, otp tidak terkirim, jaringan server bermasalah.",tidak solutif mempersulit registrasi belum optimal otp tidak terkirim jaringan server bermasalah,0,Netral,MATCH,
2246,aming sulaeman,5,2026-08-28,untuk keseluruhan pokoknya keren,untuk keseluruhan pokoknya keren,2.5,Positif,MATCH,
2247,Bambang Winarno,3,2026-08-28,sering terjadi kendala saat loging,sering terjadi kendala saat loging,0,Netral,MATCH,
2248,Maidar Galingging,1,2026-08-28,"Aplikasi itu dibuat utk memudahkan dan membantu, bukan untuk menyulitkan dan menghambat pasien peserta bpjs utk mendapatkan pelayanan. aplikasi bermasalah harusnya ada solusi dan di kasih cara alternatif lain untuk berobat",aplikasi itu dibuat untuk memudahkan dan membantu bukan untuk menyulitkan dan menghambat pasien peserta bpjs untuk mendapatkan pelayanan aplikasi bermasalah harusnya ada solusi dan di kasih cara alternatif lain untuk berobat,6,Positif,MISMATCH_LOW_RATING,Salah klik rating / Human error (Isi ulasan berupa pujian murni)
2249,Aquila Puruhita,5,2026-08-28,bagus,bagus,2,Positif,MATCH,
2250,Aan Setyawan,5,2026-08-28,josjiss,josjiss,0,Netral,MATCH,
2251,Yohana Clarissa,1,2026-08-28,halo bagaimana ini aplikasi tiba2 log out. kita mau masuk aplikasi lp password. nah ada menu lp password kita masukkan no hp tp tidak bisa. ini gimana ceritanya Krn mau daftar berobat pun harus melalui online,halo bagaimana ini aplikasi tiba2 login out kita mau masuk aplikasi lp password nah ada menu lp password kita masukkan no hp tapi tidak bisa ini gimana ceritanya karena mau daftar berobat pun harus melalui online,0,Netral,MATCH,
2252,Ummank Parare,2,2026-08-28,buat akun saja sulitnya minta ampun bukanya d permudah malah d persulit,buat akun saja sulitnya minta ampun bukanya d permudah malah d persulit,0,Netral,MATCH,
2253,Kisno Saputra,5,2026-08-28,ok,ok,1.5,Positif,MATCH,
2254,Rikalistiana Sari98,1,2026-08-28,"mau berobat diwajibkan daftar online dulu . giliran aplikasi digunakan dikit "" trouble mulu",mau berobat diwajibkan daftar online dulu giliran aplikasi digunakan dikit trouble terus,0,Netral,MATCH,
2255,Wildan Fahmi,1,2026-08-28,aplikasi busuk,aplikasi busuk,0,Netral,MATCH,
2256,Selvi Jae,1,2026-08-28,"APLIKASI SANGAT BERMANFAAT TAPI....... kenapa gak bisa pilih opsi faskes tingkat lanjut ada keterangan pada aplikasi ""tidak terhubung ke server rs"" katanya ini aplikasi untuk mempermudah tapi kok kayak gini ya jdinya mempersulit orang jika mau daftar online HADUHHH TOLONG DITINDAK LANJUTI YAAAA MAU DAFTAR ONLINE KOK SUSAH GEGARA INI TOLONG PERBAIKI APLIKASI YG ADA KETERANGAN SEPERTI ITU.... muak banget jujur UDAH BERAPA HARI APLIKASI KYK GINI TRSS KAPAN DAFTARNYA INI TOLOL",aplikasi sangat bermanfaat tapi kenapa tidak bisa pilih opsi faskes tingkat lanjut ada keterangan pada aplikasi tidak terhubung ke server rs katanya ini aplikasi untuk mempermudah tapi kok kayak gini ya jdinya mempersulit orang jika mau daftar online haduh tolong ditindak lanjuti ya mau daftar online kok sulit gegara ini tolong perbaiki aplikasi yang ada keterangan seperti itu muak banget jujur udah berapa hari aplikasi kyk gini trss kapan daftarnya ini tolol,-3,Negatif,MATCH,
2257,Indra Nurhidayah,1,2026-08-28,aplikasi yang sangat ruwet. harus 1 akun 1 nomer hp dan jika nomer sudah digunakan tidak bisa di gunakan di akun beda. terus bagaimana jika yng butuh akun adalah orang lansia masa iya harus beli hp dan nomer baru dulu. harusnya 1 akun bisa di akses untuk 1 keluarga.,aplikasi yang sangat sulit harus 1 akun 1 nomer hp dan jika nomer sudah digunakan tidak bisa di gunakan di akun beda terus bagaimana jika yng butuh akun adalah orang lansia masa iya harus beli hp dan nomer baru dulu harusnya 1 akun bisa di akses untuk 1 keluarga,-2.5,Negatif,MATCH,
2258,Dewi Kusuma,1,2026-08-28,"gedeg banget tiap mau daftar pas masukin nomor hp selalu keterangan nya belum bisa di proses terusssss, sudah nyoba uninstall dan install lagipun trep gabisa, udah gitu kalo mau masukin nmr yg beda keterangannya nmr sudah di gunakan, yaelah jadi aja engga 😡😡😡😡 ini bukan dlm waktu sehari atau seminggu ya tapi dr bulan2 sebelumnya sudah nyoba ttep begituuu , nyoba lagi juga tetep begitu. ga mutu bgt !",gedeg banget tiap mau daftar pas masukin nomor hp selalu keterangan nya belum bisa di proses terus sudah nyoba uninstall dan install lagipun trep tidak bisa udah gitu kalo mau masukin nmr yang beda keterangannya nmr sudah di gunakan yaelah jadi aja engga ini bukan dlm waktu sehari atau seminggu ya tapi dr bulan2 sebelumnya sudah nyoba ttep begitu nyoba lagi juga tetep begitu tidak mutu banget,0,Netral,MATCH,
2259,fendie saja,4,2026-08-28,terkadang masih lemot nggih,terkadang masih lambat nggih,-2.5,Negatif,MISMATCH_HIGH_RATING,"Rating bintang tinggi (4-5), namun isi ulasan memuat kritik/keluhan tajam"
2260,Unknown Number,1,2026-08-28,otp SMS g bisa,otp sms g bisa,0,Netral,MATCH,
2261,irianto sesa,1,2026-08-28,aplikasi payah,aplikasi payah,-3,Negatif,MATCH,
2262,eko setyo haryadu,1,2026-08-28,Lemott dan hrs berulang2 kalau mau log in,lemott dan hrs berulang2 kalau mau login in,0,Netral,MATCH,
2263,Bli Rafiq,5,2026-08-28,mudah dan memudahkan,mudah dan memudahkan,5.5,Positif,MATCH,
2264,Winta Lita,5,2026-08-28,sangat membantu,sangat membantu,3,Positif,MATCH,
2265,Nora Destiyanda,1,2026-08-28,OTP susah masuk selalu gangguan padahal pulsa dan wifi ada !!!,otp sulit masuk selalu gangguan padahal pulsa dan wifi ada,-2.5,Negatif,MATCH,
2266,Hans HW,5,2026-08-28,mantap,mantap,3,Positif,MATCH,
2267,Ainur Ifa,1,2026-08-28,ruwet,sulit,-2.5,Negatif,MATCH,
2268,Kriswantobilal Bilal,1,2026-08-28,untuk mendaftar aja susah apl jangan bikin susah,untuk mendaftar aja sulit apl jangan bikin sulit,-5,Negatif,MATCH,
2269,Nang Pabuaran,5,2026-08-28,minta di update tapi jadi tidak kompatsblr,minta di update tapi jadi tidak kompatsblr,0,Netral,MATCH,
2270,Warti Susanti,1,2026-08-28,"selamat pagi,,,saya terkendala pas masuk ke mobile JKN dari kemaren gak bisa aj buat daftar di faskes 1, hari ini saya coba daftar lansung ke faskes 1 pake nomor antrian sementara dan itu juga belum tentu bisa di periksa dokter nya. minta solusi terbaik, agar aplikasi bisa digunakan kembali, makasih",selamat pagi saya terkendala pas masuk ke mobile jkn dari kemaren tidak bisa aj buat daftar di faskes 1 hari ini saya coba daftar lansung ke faskes 1 pake nomor antrean sementara dan itu juga belum tentu bisa di periksa dokter nya minta solusi terbaik agar aplikasi bisa digunakan kembali makasih,5,Positif,MISMATCH_LOW_RATING,Salah klik rating / Human error (Isi ulasan berupa pujian murni)
2271,Jesica Rara,1,2026-08-28,lola bgt,lola banget,0,Netral,MATCH,
2272,Guntur Official,4,2026-08-28,min saran min tambahkan check laboratorium nya min,min saran min tambahkan check laboratorium nya min,0,Netral,MATCH,
2273,Nadhifa Almahyra,1,2026-08-28,tidak dapat menginstal.,tidak dapat menginstal,0,Netral,MATCH,
2274,Ardiana Dwinur Nugraha,1,2026-08-28,Aplikasi rusak mau daftar baru gabisa bisa masukin no telp,aplikasi rusak mau daftar baru tidak bisa bisa masukin no telp,-3,Negatif,MATCH,
2275,sutrisno edi,5,2026-08-28,mudah digunakan,mudah digunakan,2.5,Positif,MATCH,
2276,Weni Arsi wibowo,1,2026-08-28,"kayak mana sih aplikasi ini bikin kesel, mau masuk muter terus gimana mau daftar berobat lewat jkn kalo gak bisa masuk, internet udah stabil tapi masih muter muter captcha nya haduhh, perbaiki dong aplikasi nya jangan buat kesel gini, bad banget!",kayak mana sih aplikasi ini bikin kesel mau masuk muter terus gimana mau daftar berobat lewat jkn kalo tidak bisa masuk internet udah stabil tapi masih muter muter captcha nya haduhh perbaiki dong aplikasi nya jangan buat kesel gini bad banget,0,Netral,MATCH,
2277,oryza nofasyah,5,2026-08-28,ok,ok,1.5,Positif,MATCH,
2278,nur atika,1,2026-08-28,"tolong di perbaiki, ini g jelas betul datanya, grus masuknya GANGGUAN TERUS G TERIMA KODE OTP, TOLONG DONG",tolong di perbaiki ini g jelas betul datanya grus masuknya gangguan terus g terima kode otp tolong dong,1.5,Positif,MISMATCH_LOW_RATING,Salah klik rating / Human error (Isi ulasan berupa pujian murni)
2279,Sukma Hidayat,1,2026-08-28,"ini gimana mau login gak bisa ,kirim ke nomor untuk perivikasi malah tidk dapat di proses mulu ? udh ganti beberapa nomor ttp aja sama ,ini untuk mempermudah masyarakat apa buat nyusahin masyrakan yg mau daftar jkn ?",ini gimana mau login tidak bisa kirim ke nomor untuk perivikasi malah tidk dapat di proses terus sudah ganti beberapa nomor ttp aja sama ini untuk mempermudah masyarakat apa buat nyusahin masyrakan yang mau daftar jkn,0,Netral,MATCH,
2280,Vero Alvianus,1,2026-08-28,aplikasi tidak bisa verivikasi SMS malah gagal terus .. aplikasi macam apa ini tidak membantu yang sedang membutuhkan,aplikasi tidak bisa verivikasi sms malah gagal terus aplikasi macam apa ini tidak membantu yang sedang membutuhkan,-5.2,Negatif,MATCH,
2281,Saep Pudin,5,2026-08-28,mantap👍,mantap,3,Positif,MATCH,
2282,Sems Tindi,1,2026-08-28,aplikasi tololl daftar gabisa²,aplikasi tololl daftar tidak bisa,0,Netral,MATCH,
2283,Indra Wijaya,1,2026-08-28,tidak bagus karna pelayanan kurang respon trus buat mau ambil antrian juga sangat ribet kadang gak terdaftar di mobile jkn padahal suda ada surat kontrol mohon di perbaiki kalo gak bisa mending di hps aja tidak ush pake apk klo masih blm bisa di perbaiki,tidak bagus karena pelayanan kurang respon terus buat mau ambil antrean juga sangat rumit kadang tidak terdaftar di mobile jkn padahal suda ada surat kontrol mohon di perbaiki kalo tidak bisa mending di hps aja tidak ush pake aplikasi klo masih belum bisa di perbaiki,-3.8,Negatif,MATCH,
2284,Yadie Merem,1,2026-08-28,malah tidak bisa di hp saya,malah tidak bisa di hp saya,0,Netral,MATCH,
2285,Achmad wahyudi,1,2026-08-28,buat daftar saja susah .. log in ganti password apa lagi.. semua apk pemerintah gak ada yang bisa dipakek..,buat daftar saja sulit login in ganti password apa lagi semua aplikasi pemerintah tidak ada yang bisa dipakek,-2.5,Negatif,MATCH,
2286,Rena Mbem21,1,2026-08-28,"kan mau daftar, masukin No Hp kenapa harus masukin kode dulu, udah gitu notifikasi nya lama lagi malah ga ada sama sekali tolong lah masa mau daftar aja harus ada kode verifikasi dulu pas masukin nomor handphone, padahal sinyal nya bagus.",kan mau daftar masukin no hp kenapa harus masukin kode dulu udah gitu notifikasi nya lama lagi malah tidak ada sama sekali tolong lah masa mau daftar aja harus ada kode verifikasi dulu pas masukin nomor handphone padahal sinyal nya bagus,0,Netral,MATCH,
2287,Eliya,1,2026-08-28,memudahkan apa menyusahkan iya pake apk segala enak jg fitus gampang dn tnp kendala ini apa apa eror trs tbtb keluar sndiri gajelas,memudahkan apa menyusahkan iya pake aplikasi segala enak jg fitus gampang dn tnp kendala ini apa apa error terus tbtb keluar sndiri gajelas,0.5,Netral,MATCH,
2288,umaryadi umaryadi,5,2026-08-28,oke,oke,1.5,Positif,MATCH,
2289,Ross Burke,1,2026-08-28,nggak sempurna,tidak sempurna,-2.7,Negatif,MATCH,
2290,pandhu fillardy,1,2026-08-28,"eror terus pas daftar aneh, disuru isi nomor telefon pas verifikasi malah eror, diperbaiki lah",error terus pas daftar aneh disuru isi nomor telefon pas verifikasi malah error diperbaiki lah,-5,Negatif,MATCH,
2291,Mardiah,1,2026-08-27,"tidak bisa minta kode otp, APLIKASI BURUK",tidak bisa minta kode otp aplikasi buruk,-3,Negatif,MATCH,
2292,No Valdo,1,2026-08-27,aplikasi pemerintah GK guna udah 2 jam verifikasi nomor karena lupa password ditulis mohon maaf server sedang tidak bisa merespon,aplikasi pemerintah tidak guna udah 2 jam verifikasi nomor karena lupa password ditulis mohon maaf server sedang tidak bisa merespon,0,Netral,MATCH,
2293,Habibah app,5,2026-08-27,sangat membantu,sangat membantu,3,Positif,MATCH,
2294,sabrina situmeang,2,2026-08-27,"Lupa pass,pas dftr no hp & alamat email susahnya minta ampun,pdhl email & no hp tdk pernah ganti,tolong perbaiki layanannya",lupa pass pas daftar no hp alamat email susahnya minta ampun pdhl email no hp tidak pernah ganti tolong perbaiki layanannya,0,Netral,MATCH,
2295,As Ngari,5,2026-08-27,bagus,bagus,2,Positif,MATCH,
2296,Tyo Shireen,5,2026-08-27,ok,ok,1.5,Positif,MATCH,
2297,fredy youwe,5,2026-08-27,sangat membantu,sangat membantu,3,Positif,MATCH,
2298,Fitri Nurul Hikmah,1,2026-08-27,Nyawa kami ga seberharga itu ya Pak/Buk?,nyawa kami tidak seberharga itu ya pak buk,0,Netral,MATCH,
2299,FIKRI NURHAFIZ,1,2026-08-27,"aplikasi tersampah, minta kode otp aja belum dapat di proses terus, padahal pulsa banyakkk!!!",aplikasi tersampah minta kode otp aja belum dapat di proses terus padahal pulsa banyak,0,Netral,MATCH,
2300,qurrata ayunin,5,2026-08-27,sangat memudahkan administrasi,sangat memudahkan administrasi,3,Positif,MATCH,
2301,Alivia Ningtyas,5,2026-08-27,aplikasi nya bagus,aplikasi nya bagus,2,Positif,MATCH,
2302,Ogi Sing,1,2026-08-27,"kode kompirmasiya g datang"" , masak iya angaranya di korupsi jugak?",kode kompirmasiya g datang masak iya angaranya di korupsi jugak,0,Netral,MATCH,
2303,Alifa Callia,1,2026-08-27,"aplikasi berbayar, tapi daftar aja susah kaya mau ngambil gratisan",aplikasi berbayar tapi daftar aja sulit kaya mau ngambil gratisan,-2.5,Negatif,MATCH,
2304,Nurisnan _OS,1,2026-08-27,"Anda mewajibkan online, tapi aplikasinya tidak siap, untuk verifikasi eror. Sudah dengan nomor hp, pulsa, paket data aktif tetap tidak bisa. Justru mempersulit bukan mempermudah.",anda mewajibkan online tapi aplikasinya tidak siap untuk verifikasi error sudah dengan nomor hp pulsa paket data aktif tetap tidak bisa justru mempersulit bukan mempermudah,-2.5,Negatif,MATCH,
2305,dodi s,5,2026-08-27,bagus lengkap,bagus lengkap,2,Positif,MATCH,
2306,Umar Taufiq,5,2026-08-27,captcha nya gak muncul muncul kenapa ?,captcha nya tidak muncul muncul kenapa,0,Netral,MATCH,
2307,Syafiqah Hanada,4,2026-08-27,Terus Tingkatkan keamanan aplikasi ini juga dapat membantu bagi penggunanya terimakasih,terus tingkatkan keamanan aplikasi ini juga dapat membantu bagi penggunanya terimakasih,3,Positif,MATCH,
2308,Irwan Fauzi,1,2026-08-27,"Apl untuk orang kalangan seperti saya mana bisa menggunakan apl ini,untuk instal/download aja GK bisa karena Hp saya tidak support untuk apl mobile JKN ini, jadi bukan mempermudah Rakyat malah mempersulit Rakyat Kecil, terus bagaimana kalau yg tidak memiliki Hp Apalah Dayaaaaaaaaa......!!!!!!!",apl untuk orang kalangan seperti saya mana bisa menggunakan apl ini untuk instal download aja tidak bisa karena hp saya tidak support untuk apl mobile jkn ini jadi bukan mempermudah rakyat malah mempersulit rakyat kecil terus bagaimana kalau yang tidak memiliki hp apalah daya,0,Netral,MATCH,
2309,Sefty Nur,5,2026-08-27,sangat baik,sangat baik,2,Positif,MATCH,
2310,Rasta Lica,1,2026-08-27,makin ribet aja. gimana kalau ngg punya hp mau ngurus susah yg susah makin susah aja,makin rumit aja gimana kalau ngg punya hp mau ngurus sulit yang sulit makin sulit aja,-9.5,Negatif,MATCH,
2311,Enes Paembonan,5,2026-08-27,"bagiku aplikasi ini sangat bermutu segala yang tak dapat dijangkau bisa membantu lewat aplikasi ini ,dan semoga lebih baik lagi kedepannya dan dapat berkembang untuk kita yang membutuhkan🙏😇",bagiku aplikasi ini sangat bermutu segala yang tak dapat dijangkau bisa membantu lewat aplikasi ini dan semoga lebih baik lagi kedepannya dan dapat berkembang untuk kita yang membutuhkan,5,Positif,MATCH,
2312,directoralfa,1,2026-08-27,"Ribet banget tiap daftar no. RM tidak boleh kosong, udah lapor cs RS nya suruh daftar lagi, tiap jam 00.00 selalu kehabisan, masalahnya tetep sama no. RM tidak boleh kosong. Itu staff RS nya kerja apa gak sih. Ini aplikasi juga sampah, masa sebelumnya gara-gara dibatalkan (dokter cuti) langsung keblokir dari sistem, nyusahin orang aja.",rumit banget tiap daftar no rm tidak boleh kosong udah lapor cs rs nya suruh daftar lagi tiap jam 00 00 selalu kehabisan masalahnya tetep sama no rm tidak boleh kosong itu staff rs nya kerja apa tidak sih ini aplikasi juga sampah masa sebelumnya gara-gara dibatalkan dokter cuti langsung keblokir dari sistem nyusahin orang aja,-6,Negatif,MATCH,
2313,foreigners,1,2026-08-27,busuk bgt aplikasinya klo jam 11 pdhl mo rehab krna dr siang ga sempet pegang nr bs jam 11,busuk banget aplikasinya klo jam 11 pdhl mo rehab krna dr siang tidak sempet pegang nr bs jam 11,0,Netral,MATCH,
2314,Neneng Khaerunnisa,5,2026-08-27,bagusss,bagus,2,Positif,MATCH,
2315,Andi Wandi,5,2026-08-27,sangat memuaskan,sangat memuaskan,0,Netral,MATCH,
2316,Bastian Rio,1,2026-08-27,"aplikasi busuk, ya kali udah daftar dapaet antrian trs dibatalin , dicoba ambil antrian baru data ngga ke save dr sistem, ditunggu 1x24 jam masih gagal trs. Blm lagi klo pas hari H mo checkin pasti eror, cape bener sama ini aplikasi. benerin deh tu sistem!!!",aplikasi busuk ya kali udah daftar dapaet antrean terus dibatalin dicoba ambil antrean baru data tidak ke save dr sistem ditunggu 1x24 jam masih gagal terus belum lagi klo pas hari h mo checkin pasti error cape benar sama ini aplikasi perbaiki deh tu sistem,-5,Negatif,MATCH,
2317,Falah Rakhmatiana,5,2026-08-27,Bermanfaat sekali mudah digunakan,bermanfaat sekali mudah digunakan,5.5,Positif,MATCH,
2318,Anggy AI,2,2026-08-27,dikit dikit error dikit dikit relogin,dikit dikit error dikit dikit relogin,-2.5,Negatif,MATCH,
2319,Mimi icha,4,2026-08-27,"kadang suka eror aplikasinya pas mau daftar online , tolong di perbaiki",kadang suka error aplikasinya pas mau daftar online tolong di perbaiki,-0.5,Netral,MATCH,
2320,Pray Akbar,5,2026-08-27,3 anak ku lahir pake bpjs dan semua pelayanannya bagus alhamdulillah.. dokter elvira spog juga bagus rs hermina juga bagus.. top lah alhamdulillah sehat selalu kita semua yg hidup di bumi indonesia 😇🫡,3 anak ku lahir pake bpjs dan semua pelayanannya bagus alhamdulillah dokter elvira spog juga bagus rs hermina juga bagus top lah alhamdulillah sehat selalu kita semua yang hidup di bumi indonesia,8.5,Positif,MATCH,
2321,Seli Indriani,5,2026-08-27,sekarang mudah digunakan meski juga ada loading atau error👍🏼,sekarang mudah digunakan meski juga ada loading atau error,0,Netral,MATCH,
2322,Ammar Damanik,5,2026-08-27,ok,ok,1.5,Positif,MATCH,
2323,Harry Ramadhan,1,2026-08-27,minus bintang,minus bintang,0,Netral,MATCH,
2324,MFszn Succes,1,2026-08-27,"mengapa register saja sulit sekali? terutama pada bagian verifikasi nomor hp selalu muncul ""permintaan anda belum dapat diproses, silahkan coba beberapa saat lagi"". sudah dicoba berkali kali selalu keterangannya sama",mengapa register saja sulit sekali terutama pada bagian verifikasi nomor hp selalu muncul permintaan anda belum dapat diproses silahkan coba beberapa saat lagi sudah dicoba berkali kali selalu keterangannya sama,-2.5,Negatif,MATCH,
2325,Rusmi Zaa,1,2026-08-27,"aplikasi nya jelek, untuk loging susah, mau verifikasi pun susah",aplikasi nya buruk untuk loging sulit mau verifikasi pun sulit,-8,Negatif,MATCH,
2326,Fitrianto Dwi Purnomo,1,2026-08-27,"mau daftar aja sulit kali masukin nomor Otp ga masuk""",mau daftar aja sulit kali masukin nomor otp tidak masuk,-2.5,Negatif,MATCH,
2327,martia yha,1,2026-08-27,gk guna setiap pencet logo setuju pasti kmbali lagi sendiri,tidak guna setiap pencet logo setuju pasti kmbali lagi sendiri,0,Netral,MATCH,
2328,Etik Qomariyah16,5,2026-08-27,sangan membantu,sangan membantu,3,Positif,MATCH,
2329,Syarif Hidayatulloh,1,2026-08-27,Gx tau kenapa kode captha ga bisa muncul selalu muter2 gx jelas,gx tau kenapa kode captha tidak bisa muncul selalu muter2 gx jelas,1.5,Positif,MISMATCH_LOW_RATING,Salah klik rating / Human error (Isi ulasan berupa pujian murni)
2330,dian indra,1,2026-08-27,setiap mau dipakai selalu harus daftar ulang. sudah daftar masih harus menunggu utk daftar kembali. terlalu bnyk buang waktu. coba diperbaiki dulu ini apk utk pelayanan masyarakat.,setiap mau dipakai selalu harus daftar ulang sudah daftar masih harus menunggu untuk daftar kembali terlalu bnyk buang waktu coba diperbaiki dulu ini aplikasi untuk pelayanan masyarakat,0,Netral,MATCH,
2331,Yunus putra,5,2026-08-27,Proses agak lama,proses agak lama,-2,Negatif,MISMATCH_HIGH_RATING,"Rating bintang tinggi (4-5), namun isi ulasan memuat kritik/keluhan tajam"
2332,Pebri Sendiyansyah,5,2026-08-27,sangat puas,sangat puas,3,Positif,MATCH,
2333,Mirna Sari,1,2026-08-27,aplikasi tolol verifikasi no tlp tk bisa,aplikasi tolol verifikasi no tlp tk bisa,0,Netral,MATCH,
2334,Umi Rakhma,3,2026-08-27,mau daftar selalu gagal saat masukin nomor ini gimana,mau daftar selalu gagal saat masukin nomor ini gimana,-2.5,Negatif,MATCH,
2335,Pc Satui,1,2026-08-27,aplikasi gila,aplikasi gila,0,Netral,MATCH,
2336,angky lesmana,5,2026-08-27,Ok,ok,1.5,Positif,MATCH,
2337,Infinix Hot 11,1,2026-08-27,menyesnhsenggsengsarakan login susah,menyesnhsenggsengsarakan login sulit,-2.5,Negatif,MATCH,
2338,Dani Abdurahman,1,2026-08-27,eror Mulu mau benerin data juga,error terus mau perbaiki data juga,-2.5,Negatif,MATCH,
2339,Arda shabriawinata,1,2026-08-27,"verifikasinya susah, dulu gampang.",verifikasinya sulit dulu gampang,-2.5,Negatif,MATCH,
2340,BORA ERLISNAWATY SIRAIT,5,2026-08-27,memudahkan pelayanan kesehatan,memudahkan pelayanan kesehatan,3,Positif,MATCH,
2341,yunifiar qushai,1,2026-08-27,saya daftar tanggal 22/08 baru dikonfirmasi nomer antrian 27/08 padahal mau periksa tanggal 22/08,saya daftar tanggal 22 08 baru dikonfirmasi nomer antrean 27 08 padahal mau periksa tanggal 22 08,0,Netral,MATCH,
2342,Neng Arsinah (Arsy),1,2026-08-27,"makin hari makin error, mau booking antrian gak bisa-bisa",makin hari makin error mau booking antrean tidak bisa-bisa,-2.5,Negatif,MATCH,
2343,Faradillah Akbar2011,1,2026-08-27,Ya Allah capek bangett ini verifikasinyaa💔 permudahkanlah hamba Ya Allah,ya allah capek bangett ini verifikasinyaa permudahkanlah hamba ya allah,0,Netral,MATCH,
2344,anton Prabowo,5,2026-08-27,sangat membantu sekali jika sakit langsung bisa Ambil antrian secara online,sangat membantu sekali jika sakit langsung bisa ambil antrean secara online,3,Positif,MATCH,
2345,Anggah Irawan,5,2026-08-27,sangat membantu,sangat membantu,3,Positif,MATCH,
2346,Resti_Ifa 1204,5,2026-08-27,"cepat&mudah, cukup dgn hp",cepat mudah cukup dengan hp,5,Positif,MATCH,
2347,Choirun Nisa Alfiani Anwar,1,2026-08-27,kenapa susah sekali daftarnya,kenapa sulit sekali daftarnya,-2.5,Negatif,MATCH,
2348,Sasmita -,5,2026-08-27,sangat puas,sangat puas,3,Positif,MATCH,
2349,Nova fadliana Rahmawati,1,2026-08-27,INI GIMANA YAAA APLIKASNYA GABISA DIGUNAKAN EROR TERUS PADAHAL BPJS NYA MAU DIGUNAKAN TERUSS GUNANYA APA YA BAYAR TIAP BULAN TAPI GABISA DIGUNAKAN KAYA GINI. TOLONG DONG DIPERBAIKI,ini gimana ya aplikasnya tidak bisa digunakan error terus padahal bpjs nya mau digunakan teruss gunanya apa ya bayar tiap bulan tapi tidak bisa digunakan kaya gini tolong dong diperbaiki,-2.5,Negatif,MATCH,
2350,Abdul Muid,5,2026-08-27,puas,puas,3,Positif,MATCH,
2351,Dwi yuda Pratama,5,2026-08-27,sangat membantu sekali dalam pelayanan kesehatan,sangat membantu sekali dalam pelayanan kesehatan,3,Positif,MATCH,
2352,Mar Phe la,5,2026-08-27,"terimakasih jkn, sampai saat ini saya tidak mengalami kendala dalam penggunaan. semakin dimudahkan kalo berobat rajal maupun ranap.",terimakasih jkn sampai saat ini saya tidak mengalami kendala dalam penggunaan semakin dimudahkan kalo berobat rajal maupun ranap,0,Netral,MATCH,
2353,Arrofian Adi,1,2026-08-27,tiba2 tdk bsa dbuka tidak kompatibel aplkasi buruk,tiba2 tidak bsa dbuka tidak kompatibel aplkasi buruk,-3,Negatif,MATCH,
2354,Kodok Terbang,1,2026-08-27,buat vertivikasi ..amat sangat susah...dari no hp sama wajah nya...buat orang emosi,buat vertivikasi amat sangat sulit dari no hp sama wajah nya buat orang emosi,-5,Negatif,MATCH,
2355,Hadi Widjaja,1,2026-08-27,sebulan sekali sering loqout sendiri !! tidak rekomendasi !!!,sebulan sekali sering loqout sendiri tidak rekomendasi,0,Netral,MATCH,
2356,Melvia Annisa,4,2026-08-27,"tolong dong ya, kalau udah login cukup 1x aja, kenapa gagal tersambung terus kalau ga login beberapa hari doang yg jadinya harus masukin sandi dan NIK lagi🤦🏻‍♀️🤦🏻‍♀️",tolong dong ya kalau udah login cukup 1x aja kenapa gagal tersambung terus kalau tidak login beberapa hari doang yang jadinya harus masukin sandi dan nik lagi,-2.5,Negatif,MISMATCH_HIGH_RATING,"Rating bintang tinggi (4-5), namun isi ulasan memuat kritik/keluhan tajam"
2357,SAMSUL USRIYANTO,5,2026-08-27,ok. joss,ok joss,1.5,Positif,MATCH,
2358,Indra Setiawan,5,2026-08-27,mantap,mantap,3,Positif,MATCH,
2359,Syamsiarni Arni,5,2026-08-27,sangat bermanfaat,sangat bermanfaat,3,Positif,MATCH,
2360,Taufik Arifin,5,2026-08-27,gratis,gratis,0,Netral,MATCH,
2361,Xenom Freaks,1,2026-08-27,gabisa login,tidak bisa login,0,Netral,MATCH,
2362,Dadan Setiawan,5,2026-08-27,good Kren,good kren,2,Positif,MATCH,
2363,Donny Herry 009,4,2026-08-27,ok,ok,1.5,Positif,MATCH,
2364,Cucun Nurhasanah,5,2026-08-27,bagus,bagus,2,Positif,MATCH,
2365,rachmad haryadi,5,2026-08-27,mantap,mantap,3,Positif,MATCH,
2366,Jhon Pakaya,5,2026-08-27,bagus,bagus,2,Positif,MATCH,
2367,Takperlutau,5,2026-08-27,semoga tidak di persulit,semoga tidak di persulit,0,Netral,MATCH,
2368,Ade Nurul,5,2026-08-27,bagus,bagus,2,Positif,MATCH,
2369,Ninos Hariyadi,1,2026-08-27,"OTP dari nomor HP error terus jadi ga bisa daftar, ujung ujung nya pasti disuruh kontak CS. Mau kontrol after dirawat harus pake JKN sedangkan mau bikin akun JKN aja sulit nya bukan main, bobrok banget emang aplikasi pemerintahan",otp dari nomor hp error terus jadi tidak bisa daftar ujung ujung nya pasti disuruh kontak cs mau kontrol after dirawat harus pake jkn sedangkan mau bikin akun jkn aja sulit nya bukan main bobrok banget emang aplikasi pemerintahan,-5,Negatif,MATCH,
2370,Tika Tik,5,2026-08-27,terbaik,terbaik,3,Positif,MATCH,
2371,R Caniago24,5,2026-08-27,"cepat, makin rapih aplikasinya dan top",cepat makin rapih aplikasinya dan top,5,Positif,MATCH,
2372,lukman hakim,5,2026-08-27,mantap,mantap,3,Positif,MATCH,
2373,Herlina Ikhwan,5,2026-08-27,pelayanan BPJS di RS sekarang bagus merasa terbantu walaupun pakai BPJS kelas 3 tapi pelayanan bagus,pelayanan bpjs di rs sekarang bagus merasa terbantu walaupun pakai bpjs kelas 3 tapi pelayanan bagus,4,Positif,MATCH,
2374,aura,1,2026-08-27,"verifnya demi Allah menyusahkan orang yang minusnya lumayan tinggi, udah ga pake kacamata trus instruksi berubah-ubah ya mana keliatan tulisannya 😭 kalo ga ada orang yang bantu bakal susah banget. abis susah payah verif wajah ternyata sms verifnya ga masuk :)",verifnya demi allah menyusahkan orang yang minusnya lumayan tinggi udah tidak pake kacamata terus instruksi berubah-ubah ya mana keliatan tulisannya kalo tidak ada orang yang bantu bakal sulit banget abis sulit payah verif wajah ternyata sms verifnya tidak masuk,-8,Negatif,MATCH,
2375,Rizall,5,2026-08-27,ok,ok,1.5,Positif,MATCH,
2376,Cahaya Sinta,1,2026-08-27,aplikasi gak berguna hapus aja dari muka bumi,aplikasi tidak berguna hapus aja dari muka bumi,0,Netral,MATCH,
2377,Oppo A5s,1,2026-08-27,di android 8 tidak bisa download lagu,di android 8 tidak bisa download lagu,0,Netral,MATCH,
2378,Fita Fibriani,3,2026-08-27,"Lansia 83 tahun gak punya HP harus punya Mobile JKN untuk daftar kontrol rutin ke RS, nyusahin aja sih, gak bisa pakai punya anaknya karena beda KK beda BPJSnya, ya kali gua mesti beli HP dulu supaya bisa daftar ke RS. pakai nomor baru udah buang duit 50ribu gak bisa juga verifikasi wajah, anjir daaah dikutuk jutaan manusia kagak berkah entar hidup lu",lansia 83 tahun tidak punya hp harus punya mobile jkn untuk daftar kontrol rutin ke rs nyusahin aja sih tidak bisa pakai punya anaknya karena beda kartu keluarga beda bpjsnya ya kali gua mesti beli hp dulu supaya bisa daftar ke rs pakai nomor baru udah buang duit 50ribu tidak bisa juga verifikasi wajah anjir dah dikutuk jutaan manusia kagak berkah entar hidup lu,0,Netral,MATCH,
2379,Rhandy Arfansyah Arafat,5,2026-08-27,"mantap,,,,,,, jos gandozzzzzz",mantap jos gandoz,3,Positif,MATCH,
2380,Sabrian Sofyan,1,2026-08-27,app dongo nyusahin,aplikasi dongo nyusahin,0,Netral,MATCH,
2381,Anam Anam,5,2026-08-27,ok,ok,1.5,Positif,MATCH,
2382,Ibu Rumini,1,2026-08-27,kirim kode lemottt,kirim kode lambat,-2.5,Negatif,MATCH,
2383,Sriyuarsih Velik,1,2026-08-27,ribet aplikasinya harus menghadapkan kamera ke kiri kanan tp tidak ter verif,rumit aplikasinya harus menghadapkan kamera ke kiri kanan tapi tidak ter verif,-2,Negatif,MATCH,
2384,Nur Jannah,1,2026-08-27,informasi care center dan cabang bertolak belakang.,informasi care center dan cabang bertolak belakang,0,Netral,MATCH,
2385,Afr Boy,5,2026-08-27,"PUAS,SANGAT MEMBANTU.",puas sangat membantu,6,Positif,MATCH,
2386,Stefanus Susanto,5,2026-08-27,"aplikasi terbaik, Terima Kasih Mobile JKN karena mempermudah pengurusan BPJS Kesehatan sy",aplikasi terbaik terima kasih mobile jkn karena mempermudah pengurusan bpjs kesehatan saya,5,Positif,MATCH,
2387,Rahma tari Rahma,5,2026-08-27,sangat membantu,sangat membantu,3,Positif,MATCH,
2388,Rendy Novianto,1,2026-08-27,kok kode otp nya ga kekirim ke SMS?,kok kode otp nya tidak kekirim ke sms,0,Netral,MATCH,
2389,Mas Alimin,5,2026-08-27,sangat membantu,sangat membantu,3,Positif,MATCH,
2390,warda,5,2026-08-27,Aksesnya mudah,aksesnya mudah,2.5,Positif,MATCH,
2391,alraffari abudzar,5,2026-08-27,bagus dan up to date,bagus dan up to date,2,Positif,MATCH,
2392,Bagas Agung,5,2026-08-27,membantu sekali,membantu sekali,3,Positif,MATCH,
2393,Yenni Octora,5,2026-08-27,sangat membantu,sangat membantu,3,Positif,MATCH,
2394,Maria Endah,5,2026-08-27,panduan mudah dimengerti hanya saat penggunaan aplikasi sangat lambat/lemot ☺️,panduan mudah dimengerti hanya saat penggunaan aplikasi sangat lambat lambat,-2.5,Negatif,MISMATCH_HIGH_RATING,"Rating bintang tinggi (4-5), namun isi ulasan memuat kritik/keluhan tajam"
2395,Marselina Lina,5,2026-08-27,Smoga tidak bermasalah lagi,smoga tidak bermasalah lagi,0,Netral,MATCH,
2396,Muhammad Prayoga,1,2026-08-27,"Minta Kode otp nomor telpon buat daftar masuk, masak iya harus nungguin 2jam",minta kode otp nomor telpon buat daftar masuk masak iya harus nungguin 2jam,0,Netral,MATCH,
2397,Rizal Encang,5,2026-08-27,cepat d bagus gak ribet sangat menuaskan,cepat d bagus tidak rumit sangat menuaskan,5.5,Positif,MATCH,
2398,WAR`AS ENJOY,5,2026-08-27,ok,ok,1.5,Positif,MATCH,
2399,virgo sianturi,5,2026-08-27,bagus,bagus,2,Positif,MATCH,
2400,Komangariana Ariana,5,2026-08-27,sangat membantu,sangat membantu,3,Positif,MATCH,
2401,achmad rokim,5,2026-08-27,sangat membantu sekali... mudah cepat dan efisien.. . cepat memproses aduan dari peserta BPJS kesehatan.,sangat membantu sekali mudah cepat dan efisien cepat memproses aduan dari peserta bpjs kesehatan,13,Positif,MATCH,
2402,Bintang H,5,2026-08-27,ok,ok,1.5,Positif,MATCH,
2403,RIZAL RIYADI,5,2026-08-27,cakep,cakep,0,Netral,MATCH,
2404,Adek Saputra,5,2026-08-27,Terima kasih .. sangat memudahkan,terima kasih sangat memudahkan,5,Positif,MATCH,
2405,Imraata,5,2026-08-27,ruar biasa,ruar biasa,0,Netral,MATCH,
2406,Imron Rosadi,5,2026-08-27,ok...bagus aplikasinya,ok bagus aplikasinya,3.5,Positif,MATCH,
2407,Muhammad Hasan,1,2026-08-27,aplikasi aneh masa ambil antrean ga bisa bisa,aplikasi aneh masa ambil antrean tidak bisa bisa,0,Netral,MATCH,
2408,Darta,5,2026-08-27,bagus💯👍😁,bagus,2,Positif,MATCH,
2409,Nani Wulandari,2,2026-08-27,"sebenarnya mudah digunakan, tp skrg sudah tdk lg bisa digunakan di hp yg biasa saya pakai krn tdk kompatibel, pdhal OS HP jg tidak terlalu jadul, App lain msh bs jalan . lha kok malah mobil jkn ga bisa, inilah yg bikin jd sulit.",sebenarnya mudah digunakan tapi sekarang sudah tidak lg bisa digunakan di hp yang biasa saya pakai karena tidak kompatibel pdhal os hp jg tidak terlalu jadul aplikasi lain msh bs jalan lha kok malah mobil jkn tidak bisa inilah yang bikin jd sulit,0,Netral,MATCH,
2410,Agus Purwanto,5,2026-08-27,"mantap,sangat membatu sekali",mantap sangat membatu sekali,3,Positif,MATCH,
2411,Aku Ini siapa,1,2026-08-27,sulit verifikasi muka,sulit verifikasi muka,-2.5,Negatif,MATCH,
2412,Pomi Ardiansyah,1,2026-08-27,bobrok,bobrok,0,Netral,MATCH,
2413,brina selvicki,5,2026-08-27,sangat membantu dalam pelayanan,sangat membantu dalam pelayanan,3,Positif,MATCH,
2414,Kholi Fah,5,2026-08-27,pelayanan nya sangat baik,pelayanan nya sangat baik,2,Positif,MATCH,
2415,Ronny Stevanus,5,2026-08-27,sangat membantu,sangat membantu,3,Positif,MATCH,
2416,Wawan Ajah,5,2026-08-27,ok,ok,1.5,Positif,MATCH,
2417,Juli Anto,5,2026-08-27,good aplikasi,good aplikasi,2,Positif,MATCH,
2418,Ajay Saputra,5,2026-08-27,"baik , bagus membantu sekali program ini",baik bagus membantu sekali program ini,7,Positif,MATCH,
2419,Surya Juventini,5,2026-08-27,Sangat membantu mempermudah jika ingin periksa ke klinik atau rumah sakit 👍,sangat membantu mempermudah jika ingin periksa ke klinik atau rumah sakit,3,Positif,MATCH,
2420,Rangga Setyo Adi,1,2026-08-27,"aplikasi kalau server sedang lemot/eror suka logout sendiri, notifikasi nya ""anda sedang login di device yang lain"".. woyy aplikasi lu yang eror, malah nyalahin pengguna,??",aplikasi kalau server sedang lambat error suka logout sendiri notifikasi nya anda sedang login di device yang lain woyy aplikasi lu yang error malah nyalahin pengguna,-5.5,Negatif,MATCH,
2421,Rully Trisapta,5,2026-08-27,mudah di gunakan,mudah di gunakan,2.5,Positif,MATCH,
2422,Dino oktoberous,5,2026-08-27,bagus,bagus,2,Positif,MATCH,
2423,JeoparDNA,1,2026-08-27,"Aplikasinya sih bagus ya, tapi kadang emang suka banget nguji kesabaran pengguna. Tiba-tiba logout sendiri, masalah koneksi jaringan padahal baik wifi maupun data seluler lancar dan bagus2 aja. Pas mau ambil nomor antrean juga ga bisa diproses, dan pas coba logout pun ditolak, akhirnya aku force close. Begitu mau login lagi, captchanya belasan kali salah, padahal udah masukin angkanya dengan benar. Duh, tolong banget ini dibenahi lagi. Aku butuh ambil nomor antrean hari ini, tapi ga bisa2 terus.",aplikasinya sih bagus ya tapi kadang emang suka banget nguji kesabaran pengguna tiba-tiba logout sendiri masalah koneksi jaringan padahal baik wifi maupun data seluler lancar dan bagus2 aja pas mau ambil nomor antrean juga tidak bisa diproses dan pas coba logout pun ditolak akhirnya aku force close begitu mau login lagi captchanya belasan kali salah padahal udah masukin angkanya dengan benar duh tolong banget ini dibenahi lagi aku butuh ambil nomor antrean hari ini tapi tidak bisa2 terus,3,Positif,MISMATCH_LOW_RATING,Salah klik rating / Human error (Isi ulasan berupa pujian murni)
2424,Dendi Rasjava,1,2026-08-27,aplikasi burik mau daftar aja kode otp gk bisa masuk2.,aplikasi burik mau daftar aja kode otp tidak bisa masuk2,0,Netral,MATCH,
2425,Rennn,1,2026-08-27,"WOYYY DARITADI MAU DAFTAR ANTRIAM ONLINE GAGAL MULU! LOADINGNYA LAMA BANGET, PADAHAL SINYAL WIFI BAGUS! TOLONG DI PERBAIKI!",woy daritadi mau daftar antriam online gagal terus loadingnya lama banget padahal sinyal wifi bagus tolong di perbaiki,-2.5,Negatif,MATCH,
2426,yahya ghozali,1,2026-08-27,"aplikasi sampah katanya membuat kemudahan dalam segala hal, eee tau nya ampas",aplikasi sampah katanya membuat kemudahan dalam segala hal e tau nya ampas,-4,Negatif,MATCH,
2427,Aocchi_,1,2026-08-27,"aplikasi kalau belum siap luncur ya jangan di luncurkan, adek saya sudah 3 kali daftar offline untuk poli gigi dan selalu habis, akhirnya dicoba daftar secara online tapi ko malah gini. Padahal tadi daftar jam 7.10 tapi karena aplikasi terus lemot dan gagal terus akhirnya jam 8.40 baru bisa tapi antrian sudah habis. Adik saya sudah 1 bulan sakit gigi hingga bengkak parah dan berdarah tapi akhirnya tidak bisa ditangani karena aplikasi ini. Tolong di perbaiki!",aplikasi kalau belum siap luncur ya jangan di luncurkan adek saya sudah 3 kali daftar offline untuk poli gigi dan selalu habis akhirnya dicoba daftar secara online tapi ko malah gini padahal tadi daftar jam 7 10 tapi karena aplikasi terus lambat dan gagal terus akhirnya jam 8 40 baru bisa tapi antrean sudah habis adik saya sudah 1 bulan sakit gigi hingga bengkak buruk dan berdarah tapi akhirnya tidak bisa ditangani karena aplikasi ini tolong di perbaiki,-8,Negatif,MATCH,
2428,Septian Reza,1,2026-08-27,Di aplikasi utk daftar online tidak muncul nama dokter ...masihhhh aja bgini,di aplikasi untuk daftar online tidak muncul nama dokter masih aja bgini,0,Netral,MATCH,
2429,IKHSANUDIN NURULLOH,2,2026-08-27,"mohon di perbaiki lagi kak punya sayaa sudah login tapi error mulu seperti tidak ada koneksi internet padahal jaringan sangat bagus dan paket internet pun masih banyak ,oh iyaa buat kalian yang ga muncul terus otp nya itu nomor hp nya harus di isi pulsa dulu . gimana ni punya sayaaa error mulu dah ribet banget apk nya ,mohon di perbaiki secepatnya!!!",mohon di perbaiki lagi kak punya sayaa sudah login tapi error terus seperti tidak ada koneksi internet padahal jaringan sangat bagus dan paket internet pun masih banyak oh iyaa buat kalian yang tidak muncul terus otp nya itu nomor hp nya harus di isi pulsa dulu gimana ni punya saya error terus dah rumit banget aplikasi nya mohon di perbaiki secepatnya,-5,Negatif,MATCH,
2430,Nanang Supriyo,1,2026-08-27,"Kamis 27 Agustus pagi ini kenapa JKN tidak bisa login, sedang kami sedang pengurusan pasien pulang, pihak admin RS hanya mengandalkan aplikasi pasien",kamis 27 agustus pagi ini kenapa jkn tidak bisa login sedang kami sedang pengurusan pasien pulang pihak admin rs hanya mengandalkan aplikasi pasien,0,Netral,MATCH,
2431,Banjar Eka Putra,1,2026-08-27,"Sulit buat diakses daftar ataupun perubahan data, setelah diUpdate malah gabisa dipakek",sulit buat diakses daftar ataupun perubahan data setelah diupdate malah tidak bisa dipakek,-2.5,Negatif,MATCH,
2432,Intan Jannah,3,2026-08-27,bug di benerin jangan dongo,bug di perbaiki jangan dongo,-2,Negatif,MATCH,
2433,Indra Gunawan,1,2026-08-27,"Ya ampun ini aplikasi, setiap mau digunakan offline terus,(padahal quota ada)akhirnya berobat mandiri, mohon diperbaiki lah, dan dipermudah",ya ampun ini aplikasi setiap mau digunakan offline terus padahal quota ada akhirnya berobat mandiri mohon diperbaiki lah dan dipermudah,0,Netral,MATCH,
2434,ryan n,1,2026-08-27,"bukan nya mempermudah malah mempersulit dengan aplikasi yang selalu eror dan gangguan, dengan aplikasi yang belum siap seperti ini , kebayang daftar sama masuk aja susah gimana pasien darurat keburu mati dulua",bukan nya mempermudah malah mempersulit dengan aplikasi yang selalu error dan gangguan dengan aplikasi yang belum siap seperti ini kebayang daftar sama masuk aja sulit gimana pasien darurat keburu mati dulua,-5,Negatif,MATCH,
2435,Drakerr,1,2026-08-27,"aplikasi sampah , nyusahin org, dikit"" gangguan sampah emg",aplikasi sampah nyusahin org dikit gangguan sampah emg,-8,Negatif,MATCH,
2436,Naellyn Yumikaze,1,2026-08-27,"apasih ini aplikasi, gua daftar malah loading terus, tulisan error terus padahal sinyal bagus perbaiki lagi lahh, apalagi sekarang kalau mau periksa kemana mana harus daftar lewat aplikasi ini lagi!",apasih ini aplikasi gua daftar malah loading terus tulisan error terus padahal sinyal bagus perbaiki lagi lahh apalagi sekarang kalau mau periksa kemana mana harus daftar lewat aplikasi ini lagi,-0.5,Netral,MATCH,
2437,yana maulana,5,2026-08-27,Alhamdulillah sangat membantu,alhamdulillah sangat membantu,3,Positif,MATCH,
2438,Kukuh Iman Prabowo,2,2026-08-27,"selalu gangguan terus, lama lagi gangguan nya",selalu gangguan terus lama lagi gangguan nya,-2,Negatif,MATCH,
2439,Muhammad Aryodillah,1,2026-08-27,aplikasi banyak bug ....ampasss,aplikasi banyak bug ampas,-2,Negatif,MATCH,
2440,Naufal Dzaki Ibrahim,1,2026-08-27,"aplikasinya ngelag terus dan berat, loading lama saya heran kenapa rating aplikasi ini tinggi",aplikasinya ngelag terus dan berat loading lama saya heran kenapa rating aplikasi ini tinggi,-2,Negatif,MATCH,
2441,Teguh Varel,1,2026-08-27,tolong perbaiki lagi layanan nya,tolong perbaiki lagi layanan nya,0,Netral,MATCH,
2442,Don Tzy,1,2026-08-27,aplikasi gajelas,aplikasi gajelas,0,Netral,MATCH,
2443,Slamet Winarto,1,2026-08-27,apk tololll apa apa di persulitt!,aplikasi tolol apa apa di persulitt,0,Netral,MATCH,
2444,Cecep Permana,1,2026-08-27,"cukup loading, dan alasanya sinyal,",cukup loading dan alasanya sinyal,0,Netral,MATCH,
2445,Retno Hyuga123,1,2026-08-27,kenapa tidak bisa didownload di semua handphone,kenapa tidak bisa didownload di semua handphone,0,Netral,MATCH,
2446,Hendi cuy,1,2026-08-27,aplikasi tolol sinyal wifi bagus. saat mau ambil antrian berobat eror Mulu ga guna,aplikasi tolol sinyal wifi bagus saat mau ambil antrean berobat error terus tidak guna,-0.5,Netral,MATCH,
2447,Suka Nasi,1,2026-08-27,"woy aplikasimu lemot parah gk bisa login, error mulu di HP biasa maupun di HP gaming sama aja. ini orang mau perawatan aja gk bisa bodo cepat perbaiki",woy aplikasimu lambat buruk tidak bisa login error terus di hp biasa maupun di hp gaming sama aja ini orang mau perawatan aja tidak bisa bodo cepat perbaiki,-5.5,Negatif,MATCH,
2448,danz suryadi,3,2026-08-27,"ini ada apa dengan aplikasi JKN, ko mau ambil antrian aja susah, selalu ada keterangan offline. apakah ada masalah di servernya ?",ini ada apa dengan aplikasi jkn ko mau ambil antrean aja sulit selalu ada keterangan offline apakah ada masalah di servernya,-2.5,Negatif,MATCH,
2449,Imel Kristi Monita,1,2026-08-27,"Aplikasi ga jelas. Mau daftar online aja susah banget. Koneksi ga ada lah, tidak dapat di proses lah, jadwal tidak tersedia lah, ngaco pokoknya",aplikasi tidak jelas mau daftar online aja sulit banget koneksi tidak ada lah tidak dapat di proses lah jadwal tidak tersedia lah ngaco pokoknya,-3.85,Negatif,MATCH,
2450,Bayu Ary Sandi,1,2026-08-27,Bagusin aplikasi kau.. Susah orang mau buat Cek In Kontrol,bagusin aplikasi kau sulit orang mau buat cek in kontrol,-2.5,Negatif,MATCH,
2451,qalmada Fam,2,2026-08-27,sering log out sendiri..menyulitkan di saat di buyuh kan dan otp di kirim ke no yg ada pulsa nya ..knp gak ke wa saja ..sekarang jarang yg isi pulsa,sering login out sendiri menyulitkan di saat di buyuh kan dan otp di kirim ke no yang ada pulsa nya knp tidak ke wa saja sekarang jarang yang isi pulsa,0,Netral,MATCH,
2452,ikhtarudin Mukhtar,1,2026-08-27,"bahaya ni apk, giliran urgent mu di pake, malah gak bisa di akses",bahaya ni aplikasi giliran urgent mu di pake malah tidak bisa di akses,0,Netral,MATCH,
2453,Abon Kasef,1,2026-08-27,aplikasi ladang cuan korupsi,aplikasi ladang cuan korupsi,0,Netral,MATCH,
2454,Mohammad Faisal,3,2026-08-27,selalu eror.. mau ambil antrian aja lemot banget. smpe ada notif internet offline lemot,selalu error mau ambil antrean aja lambat banget smpe ada notif internet offline lambat,-7.5,Negatif,MATCH,
2455,Plud Plom,1,2026-08-27,"kenapa layanan pemerintah kualitasnya selalu buruk, selalu kalah kalau dibanginin sm swasta. Aplikasi 1 aja ribet bngt, masa tiap masuk aplikasi harus login lg, mana loginnya susah mental terus",kenapa layanan pemerintah kualitasnya selalu buruk selalu kalah kalau dibanginin sm swasta aplikasi 1 aja rumit bngt masa tiap masuk aplikasi harus login lg mana loginnya sulit mental terus,-10,Negatif,MATCH,
2456,abdul rockman,1,2026-08-27,Aplikasi nya Berat Banget,aplikasi nya berat banget,0,Netral,MATCH,
2457,Sherly Caren,3,2026-08-27,lemot,lambat,-2.5,Negatif,MATCH,
2458,Ansavel Ansavel21,1,2026-08-27,aplikasi kentut.. muter2 gak jelas.. disaat lg berebut nomor antrian..,aplikasi kentut muter2 tidak jelas disaat lg berebut nomor antrean,-1.35,Negatif,MATCH,
2459,Tetsu-Kun Channel,1,2026-08-27,"sering logout sendiri, ga bisa login. kedetek login di device lain padahal device 1. datanya lu jual belikan???",sering logout sendiri tidak bisa login kedetek login di device lain padahal device 1 datanya lu jual belikan,0,Netral,MATCH,
2460,iwan setiawan,1,2026-08-27,"aplikasi sampah, buat daftar saja capcha ndak kelar2 loading nya",aplikasi sampah buat daftar saja capcha ndak kelar2 loading nya,-4,Negatif,MATCH,
2461,regdyx oppo,1,2026-08-27,aplikasi sampah. bisa bisanya 1 portal lewat aplikasi sampah ini..,aplikasi sampah bisa bisanya 1 portal lewat aplikasi sampah ini,-8,Negatif,MATCH,
2462,Heni Triana,1,2026-08-27,tiba tiba keluar sendiri dan mau masuk nya eror terus,tiba tiba keluar sendiri dan mau masuk nya error terus,-5.5,Negatif,MATCH,
2463,Shintya Octaviany,1,2026-08-27,"Tolong di perbaiki lagi dong aplikasinya, saya mau ambil antrean tapi selalu aja gagal, bilangnya tanggal kontrolnya kadaluarsa. padahal di kartu cetak kontrol saya udah sesuai. Mau log-in lagi juga susah padahal jaringan bagus aja kuota juga masih ada.",tolong di perbaiki lagi dong aplikasinya saya mau ambil antrean tapi selalu aja gagal bilangnya tanggal kontrolnya kadaluarsa padahal di kartu cetak kontrol saya udah sesuai mau log-in lagi juga sulit padahal jaringan bagus aja kuota juga masih ada,-3,Negatif,MATCH,
2464,habibi hisyam,1,2026-08-27,"dulu lumayan bagus sistem ,skrg w jelek bgt lg error ya bintang 1 aja dulu",dulu lumayan bagus sistem sekarang w buruk banget lg error ya bintang 1 aja dulu,-3.5,Negatif,MATCH,
2465,Rahmat Hidayat,1,2026-08-27,harus selalu login ulang,harus selalu login ulang,0,Netral,MATCH,
2466,Rohayati,4,2026-08-27,"hari ini jkn lagi nggak bisa digunakan, mau daftar online nggak bisa, terpaksa antri manual lg. tolong diperbaiki, agar kami mudah",hari ini jkn lagi tidak bisa digunakan mau daftar online tidak bisa terpaksa antri manual lg tolong diperbaiki agar kami mudah,2.5,Positif,MATCH,
2467,Ayah Delino,1,2026-08-27,"aplikasinya lelet gk bsa login , pelayanan jg buruk krna pernah di kasih infus kadaluarsa",aplikasinya lambat tidak bsa login pelayanan jg buruk krna pernah di kasih infus kadaluarsa,-5.5,Negatif,MATCH,
2468,Warningsih ningsih,1,2026-08-27,kenapa saat di butuhkan malah gangguan dan itu lama membuat pasien menumpuk dan menunggu,kenapa saat di butuhkan malah gangguan dan itu lama membuat pasien menumpuk dan menunggu,-2,Negatif,MATCH,
2469,IMRON NURHUDA,1,2026-08-27,gimana sih pembaruannya malah sering gagal daftar antrian,gimana sih pembaruannya malah sering gagal daftar antrean,-2.5,Negatif,MATCH,
2470,Bani Ot,1,2026-08-27,"lelet, bikin aplikasi yang bener lah woi",lambat bikin aplikasi yang benar lah woi,-2.5,Negatif,MATCH,
2471,Risma Febrianti,1,2026-08-27,rujukan tidak bisa di buka,rujukan tidak bisa di buka,0,Netral,MATCH,
2472,arif kecil,1,2026-08-27,aplikasi ampas. kegagalan jaringan mulu,aplikasi ampas kegagalan jaringan terus,0,Netral,MATCH,
2473,Syahrina Shofi Azzukhruf,3,2026-08-27,"dulu Mudah banget.... suka pakek jkn,tp setelah di update jadi sering loading lamaaa dan sering muncul tulisan ""permintaan tidak dapat di proses"" padahal posisi lagi genting dan pihak RS sudah menyuruh untuk segera dan itu bisa terjadi 2 hari lebih, akhirnya harus batal pengobatan gara2 permintaan tidak dapat di proses, plis ya tolong di perbaiki lagi 🙏",dulu mudah banget suka pakek jkn tapi setelah di update jadi sering loading lama dan sering muncul tulisan permintaan tidak dapat di proses padahal posisi lagi genting dan pihak rs sudah menyuruh untuk segera dan itu bisa terjadi 2 hari lebih akhirnya harus batal pengobatan gara2 permintaan tidak dapat di proses tolong ya tolong di perbaiki lagi,2.5,Positif,MATCH,
2474,Nur Hasanah,1,2026-08-27,Muter muter aja mau daftar online hadeh udah 2hari ini,muter muter aja mau daftar online hadeh udah 2hari ini,0,Netral,MATCH,
2475,Singa Pura,1,2026-08-27,"sering gak bisa login ""silahkan coba lagi"" serumit inikah BPJS. #BPJSjugaBayarBukanGratis",sering tidak bisa login silahkan coba lagi serumit inikah bpjs bpjsjugabayarbukangratis,0,Netral,MATCH,
2476,Maria Regina,1,2026-08-27,kenapa sering error ini mau periksa gagal mulu aplikasinya padahal sinyal bagus perbaikin tolong!!!,kenapa sering error ini mau periksa gagal terus aplikasinya padahal sinyal bagus perbaiki tolong,-3,Negatif,MATCH,
2477,Joshi Situmorang,1,2026-08-27,Aplikasi sering down. Ngga guna.,aplikasi sering down tidak guna,0,Netral,MATCH,
2478,Muhammad Rizki ridha,1,2026-08-27,"sering offline, kenapa gak bisa masuk antrian?? ini BPJS gak beli server yg bagus apa gimana?",sering offline kenapa tidak bisa masuk antrean ini bpjs tidak beli server yang bagus apa gimana,2,Positif,MISMATCH_LOW_RATING,Salah klik rating / Human error (Isi ulasan berupa pujian murni)
2479,silfy hafidz,1,2026-08-27,sering eror. seharusnya kalau pemeliharaan sistem itu tengah malam. bukan jam sibuk pas dibutuhkan,sering error seharusnya kalau pemeliharaan sistem itu tengah malam bukan jam sibuk pas dibutuhkan,-2.5,Negatif,MATCH,
2480,Rangga Prawidya,1,2026-08-27,"mau berobat susah padahal sudah login user email pasword dengan benar malah gak bisa berobat, jaringan bagus aneh jkn",mau berobat sulit padahal sudah login user email pasword dengan benar malah tidak bisa berobat jaringan bagus aneh jkn,-0.5,Netral,MATCH,
2481,Novita Waty,1,2026-08-27,"Hari ini tanggal 27 Agustus 2026, sdh datang pagi untuk antri registrasi. Pas udh. di buka antrian nya, aplikasi nya malah error (muter terus).Tolong aplikasi nya di betulin, spy ga kejadian kaya gini lagi. Karena banyak org sakit sdh antri dari subuh, tp malah terhambat gara² aplikasi nya error.",hari ini tanggal 27 agustus 2026 sudah datang pagi untuk antri registrasi pas sudah di buka antrean nya aplikasi nya malah error muter terus tolong aplikasi nya di betulin spy tidak kejadian kaya gini lagi karena banyak org sakit sudah antri dari subuh tapi malah terhambat gara aplikasi nya error,-5,Negatif,MATCH,
2482,Chris Tian,2,2026-08-27,"gak jelas, ambil antrian susah sekali, muter² gak jelas..",tidak jelas ambil antrean sulit sekali muter tidak jelas,-5.2,Negatif,MATCH,
2483,purwanto situr,5,2026-08-27,"Terimakasih, , Sangat mudah di pantau, dimengerti dan di oprasikan mandiri dari rumah, , tp sangat disayangkan , aplikasinya belum maksimal di karenakan aplikasi sering susah di gunakan, susah mengambil antrian, terbaca baru OFFLINE, mohon dibperbaiki dari sisi aplikasinya, untuk pelayanan ok ok aja, TERIMAKASIH",terimakasih sangat mudah di pantau dimengerti dan di oprasikan mandiri dari rumah tapi sangat disayangkan aplikasinya belum maksimal di karenakan aplikasi sering sulit di gunakan sulit mengambil antrean terbaca baru offline mohon dibperbaiki dari sisi aplikasinya untuk pelayanan ok ok aja terimakasih,0.5,Netral,MATCH,
2484,Fachry Arrahman,1,2026-08-27,"udh di loginkan jaringan pun bagus tetap aja gabisa di buka ini jkn, gimana orng mau brobat kalau kaya gini",sudah di loginkan jaringan pun bagus tetap aja tidak bisa di buka ini jkn gimana orng mau brobat kalau kaya gini,2,Positif,MISMATCH_LOW_RATING,Salah klik rating / Human error (Isi ulasan berupa pujian murni)
2485,Sinarhanjar Aminar,1,2026-08-27,eror ketika ingin melakukan registrasi di RS,error ketika ingin melakukan registrasi di rs,-2.5,Negatif,MATCH,
2486,Mahesa Ramdani,1,2026-08-27,"jkn tolol guna nya apa klau ujung"" susah buat di buka ujung"" nya bayar pribadi payah",jkn tolol guna nya apa klau ujung sulit buat di buka ujung nya bayar pribadi payah,-5.5,Negatif,MATCH,
2487,mnur ridho,1,2026-08-27,"aplikasi sering eror,,mau daftar selalu eror,,sering offline aplikasinya,,buat susah orang kalo mau daftar ke faskes",aplikasi sering error mau daftar selalu error sering offline aplikasinya buat sulit orang kalo mau daftar ke faskes,-7.5,Negatif,MATCH,
2488,Ervina Maulana,1,2026-08-27,"aplikask blom jadi kok udh di publikasi, nyusahin org mau berobat aja, apaan offline offline aneh kau bujang",aplikask belum jadi kok sudah di publikasi nyusahin org mau berobat aja apaan offline offline aneh kau bujang,0,Netral,MATCH,
2489,viko aji,4,2026-08-27,sebebernya aplikasinya bagus tapi kalo lagi dibutuhin suka susah sinyal padahal ada sinyal,sebebernya aplikasinya bagus tapi kalo lagi dibutuhin suka sulit sinyal padahal ada sinyal,1.5,Positif,MATCH,
2490,Achmad Faiz Ulul Huda,1,2026-08-27,banyak bug bner napa,banyak bug bner napa,-2,Negatif,MATCH,
2491,Daus Saputra,2,2026-08-27,erorr lagi... lemah amat servernya,error lagi lemah amat servernya,-2.5,Negatif,MATCH,
2492,amsal bahtiar,4,2026-08-27,aplikasinya loading terus ni kak admin,aplikasinya loading terus ni kak admin,0,Netral,MATCH,
2493,nuzurul aini,1,2026-08-27,min aplikasi erorr,min aplikasi error,-2.5,Negatif,MATCH,
2494,Indri Salon,2,2026-08-27,aplikasi kontil emang kok. masa mau login gak bisa . menyusahkan masyarakat bener ini,aplikasi kontil emang kok masa mau login tidak bisa menyusahkan masyarakat benar ini,0,Netral,MATCH,
2495,Mama Riko,1,2026-08-27,aplikasi apa ini cok gangguan mulu begini gimana sih,aplikasi apa ini cok gangguan terus begini gimana sih,0,Netral,MATCH,
2496,Desvira anggraini,1,2026-08-27,aplikasi tolol error terus klo lagi dibutuhin,aplikasi tolol error terus klo lagi dibutuhin,-2.5,Negatif,MATCH,
2497,ruhiirfani jindi,2,2026-08-27,BANYAK ERROR,banyak error,-2.5,Negatif,MATCH,
2498,waluya jati123,1,2026-08-27,"ini kenapa aplikasinya sekarang ga bisa dipake dengan alasan tidak kompetibel dengan perangkat, bikin makin susah mau daftar, aplikasi aneh",ini kenapa aplikasinya sekarang tidak bisa dipake dengan alasan tidak kompetibel dengan perangkat bikin makin sulit mau daftar aplikasi aneh,-2.5,Negatif,MATCH,
2499,Adi gortch,1,2026-08-27,sering error,sering error,-2.5,Negatif,MATCH,
2500,Almahyra salsabila,2,2026-08-27,"sering logout sendiri aplikasi nya, di saat mau login ga bisa, giliran sudah login malah logout sendiri",sering logout sendiri aplikasi nya di saat mau login tidak bisa giliran sudah login malah logout sendiri,0,Netral,MATCH,
2501,ami,3,2026-08-27,lag,lag,0,Netral,MATCH,
2502,ACUT21 OFFICIAL,2,2026-08-27,Saya mau ambil antrean tapi Offline terus,saya mau ambil antrean tapi offline terus,0,Netral,MATCH,
2503,Alya Kujou,1,2026-08-27,"kesalahan digit nik padahal udah benar , udah lama gak buka aplikasi tiba tiba ke log out sendiri ,buruk sekali padahal hp juga spek diatas rata rata , cape saya sudah berulang login kesalahan nik terus damn",kesalahan digit nik padahal udah benar udah lama tidak buka aplikasi tiba tiba ke login out sendiri buruk sekali padahal hp juga spek diatas rata rata cape saya sudah berulang login kesalahan nik terus damn,-5,Negatif,MATCH,
2504,Aldi Ade Budiman,1,2026-08-27,jaringan lancar ga ada kendala tapi mau ambil antrian secara mobile malah loading terus,jaringan lancar tidak ada kendala tapi mau ambil antrean secara mobile malah loading terus,2.5,Positif,MISMATCH_LOW_RATING,Salah klik rating / Human error (Isi ulasan berupa pujian murni)
2505,Aldi Rahmad,5,2026-08-27,mantap,mantap,3,Positif,MATCH,
2506,Zul Zulkipli,1,2026-08-27,eror muluu,error muluu,-2.5,Negatif,MATCH,
2507,aulia maharani,1,2026-08-27,"aplikasi sampah,, Mau log in ga bs terus, belum dapat di proses terus,,, Mau berobat gimana coba, Saran jkn hire IT handal deh anak anak gen millennial gen Z sekarang Pinter Pinter loh,,, perbaiki deh",aplikasi sampah mau login in tidak bs terus belum dapat di proses terus mau berobat gimana coba saran jkn hire it handal deh anak anak gen millennial gen z sekarang pinter pinter loh perbaiki deh,-4,Negatif,MATCH,
2508,Yanera Rizki Putri,4,2026-08-27,buat buru2 tapi ga bisa masuk2 terus,buat buru2 tapi tidak bisa masuk2 terus,0,Netral,MATCH,
2509,ahmad yuska,2,2026-08-27,aikasi sering error saat butuh buat daftar status offline terus,aikasi sering error saat butuh buat daftar status offline terus,-2.5,Negatif,MATCH,
2510,Emi khairiyah,4,2026-08-27,developer kenapa ya apnya tidak bisa di buka? padahal jaringan saya baik baik saja,developer kenapa ya apnya tidak bisa di buka padahal jaringan saya baik baik saja,4,Positif,MATCH,
2511,Sri Waryana,5,2026-08-27,menyenangkan membantu aktifitas sehari hari,menyenangkan membantu aktifitas sehari hari,3,Positif,MATCH,
2512,Ahmad Firdaus,1,2026-08-27,"Busuk banget mau ambil antrian keterangan dokter tidak ada jadwal Mulu, di sini ada dokter 5 masa semuanya kaga ada jadwal mulu",busuk banget mau ambil antrean keterangan dokter tidak ada jadwal terus di sini ada dokter 5 masa semuanya kaga ada jadwal terus,0,Netral,MATCH,
2513,Reyhan Maulana,5,2026-08-27,good aplikasi,good aplikasi,2,Positif,MATCH,
2514,Ayo ngaji,1,2026-08-27,"NIK SAYA TELAH DISALAH GUNAKAN OLEH ORANG LAIN UNTUK MENDAFTAR DI JKN MOBILE TANPA SEPENGETAHUAN SAYA. SAYA TIDAK BISA MENGGUNAKAN NIK SAYA SENDIRI UNTUK MENDAFTAR, INI PELANGGARAN.",nik saya telah disalah gunakan oleh orang lain untuk mendaftar di jkn mobile tanpa sepengetahuan saya saya tidak bisa menggunakan nik saya sendiri untuk mendaftar ini pelanggaran,0,Netral,MATCH,
2515,Putri nida Nurulaini,4,2026-08-26,bagus dapat mempermudah,bagus dapat mempermudah,2,Positif,MATCH,
2516,NgErOnGrONg,1,2026-08-26,kenapa saya daftar onlen jam 6:00 pagi berobat d puskesmas adyasa desa cikuya.kec solear kab tanggerang banten gak bisa padahal hari kamis tdk tgl merah,kenapa saya daftar onlen jam 6 00 pagi berobat d puskesmas adyasa desa cikuya kec solear kab tanggerang banten tidak bisa padahal hari kamis tidak tgl merah,0,Netral,MATCH,
2517,Dian Panca,2,2026-08-26,kenapa sulit bukanya?,kenapa sulit bukanya,-2.5,Negatif,MATCH,
2518,anime indo,1,2026-08-26,"g bisa berkata"" aku. login aja susahnya amit""",g bisa berkata aku login aja susahnya amit,0,Netral,MATCH,
2519,Pancratio Balun,5,2026-08-26,sekarang aplikasi mobil JKN sudah semakin mudah digunakan👌🏻,sekarang aplikasi mobil jkn sudah semakin mudah digunakan,2.5,Positif,MATCH,
2520,yani barus,1,2026-08-26,aplikasi payah,aplikasi payah,-3,Negatif,MATCH,
2521,Vita Nurhasanah,1,2026-08-26,capta cuma muter muter doang udah bbrp hari.,capta cuma muter muter doang udah beberapa hari,0,Netral,MATCH,
2522,Olo Leho,5,2026-08-26,sangat membantu untuk pendaftaran lebih cepat,sangat membantu untuk pendaftaran lebih cepat,5.5,Positif,MATCH,
2523,Aksa Diswa,1,2026-08-26,vermuk tidak jelas tolol kamera miring,vermuk tidak jelas tolol kamera miring,-1.35,Negatif,MATCH,
2524,junyta anggini,1,2026-08-26,"tolong diperbaiki setiap mau dipake sehari sblm kontrol suka tiba tiba keluar dari apk nya, harus login ulang, giliran login pw sm nik salah, nyusahin jujur, mana kepepet waktu kontrol, hrs ngurus ini it, pw sm nik salah padahal udah bener sampe di screenshot ttep aja salah pas di loginin ulang",tolong diperbaiki setiap mau dipake sehari sblm kontrol suka tiba tiba keluar dari aplikasi nya harus login ulang giliran login pw sm nik salah nyusahin jujur mana kepepet waktu kontrol hrs ngurus ini it pw sm nik salah padahal udah benar sampe di screenshot ttep aja salah pas di loginin ulang,2,Positif,MISMATCH_LOW_RATING,Salah klik rating / Human error (Isi ulasan berupa pujian murni)
2525,Fariz Ghaizan,1,2026-08-26,apk eror gak bisa login,aplikasi error tidak bisa login,-2.5,Negatif,MATCH,
2526,Muhammad Kristanto,1,2026-08-26,Verivikasi wajah susahnya ke,verivikasi wajah susahnya ke,0,Netral,MATCH,
2527,Hamdani Herdiana,5,2026-08-26,mobile JKN memudahkan mendaftar ke faskes,mobile jkn memudahkan mendaftar ke faskes,3,Positif,MATCH,
2528,Luthfiana Widiya,1,2026-08-26,sumpahh ngak jelas bgt tiba2 ngak bisa di akses dan masukkk..,sumpahh ngak jelas banget tiba2 ngak bisa di akses dan masuk,1.5,Positif,MISMATCH_LOW_RATING,Salah klik rating / Human error (Isi ulasan berupa pujian murni)
2529,Umar Baroar Nasution,2,2026-08-26,"Selalu tidak sesuai realita antara waktu tunggu di JKN dengan di Faskes 1. Gap waktu terlalu lama untk dipanggil. periksa jam 21.00, baru dipanggil jam 22 dan ambil obat sampai 23.00.",selalu tidak sesuai realita antara waktu tunggu di jkn dengan di faskes 1 gap waktu terlalu lama untk dipanggil periksa jam 21 00 baru dipanggil jam 22 dan ambil obat sampai 23 00,-2,Negatif,MATCH,
2530,Noviana Sandra,5,2026-08-26,Bagus,bagus,2,Positif,MATCH,
2531,Mbah Kakung,1,2026-08-26,"minimal andorid harus berapa? andoid 8 , 9 gak di dukung. kasian kalau orang tua2 yang hpnya masih andorid versi di bawah 10. download di luar playstore bisa , tapi ya ribet sedangkan daftar via web tidak bisa daftar lewat aplikasi OTP gak masuk2. sampai ganti nomer ya sama ganti anggota keluarga di KK sama saja. tidak ada pilihan lain misal OTP lewat WA jam daftar nya jam berapa biar mudah ? sudah beberapa hari berulang gagal terus datang ke kantor, suruh ganti hp wkwkw.",minimal andorid harus berapa andoid 8 9 tidak di dukung kasian kalau orang tua2 yang hpnya masih andorid versi di bawah 10 download di luar playstore bisa tapi ya rumit sedangkan daftar via web tidak bisa daftar lewat aplikasi otp tidak masuk2 sampai ganti nomer ya sama ganti anggota keluarga di kartu keluarga sama saja tidak ada pilihan lain misal otp lewat wa jam daftar nya jam berapa biar mudah sudah beberapa hari berulang gagal terus datang ke kantor suruh ganti hp wkwkw,-2,Negatif,MATCH,
2532,somplak123 pepeng,4,2026-08-26,bagus,bagus,2,Positif,MATCH,
2533,Windi Sastia,1,2026-08-26,jelek,buruk,-3,Negatif,MATCH,
2534,Atikahoki House,5,2026-08-26,mudah di gunakan,mudah di gunakan,2.5,Positif,MATCH,
2535,Hardie One,1,2026-08-26,Android 7.1.1 tidak dapat update.,android 7 1 1 tidak dapat update,0,Netral,MATCH,
2536,dicki april,5,2026-08-26,sangat membantu,sangat membantu,3,Positif,MATCH,
2537,winddy,1,2026-08-26,"apk apaan ini bukannya mempermudah malah dipersulit mau daftar juga,udah gausah download ni apk kesel gw",aplikasi apaan ini bukannya mempermudah malah dipersulit mau daftar juga udah gausah download ni aplikasi kesel gw,-3.5,Negatif,MATCH,
2538,M. Afriza Sheva Maulana,1,2026-08-26,"aplikasi tolol kirim kode lewat sms ga masuk"", vermuk juga gagal terus tolol, sinyal bagus kamera hp bagus ttp aja apk idiot, klo belum siap rilis gausah rilis lah nyusahin org periksa aja",aplikasi tolol kirim kode lewat sms tidak masuk vermuk juga gagal terus tolol sinyal bagus kamera hp bagus ttp aja aplikasi idiot klo belum siap rilis gausah rilis lah nyusahin org periksa aja,1.5,Positif,MISMATCH_LOW_RATING,Salah klik rating / Human error (Isi ulasan berupa pujian murni)
2539,Beti Doro,5,2026-08-26,sangat membantu dan mempermudah,sangat membantu dan mempermudah,3,Positif,MATCH,
2540,Arie Hermanto,5,2026-08-26,sangat membantu,sangat membantu,3,Positif,MATCH,
2541,Hermawan Lapri,2,2026-08-26,"niat hati mau update appnya, tp muncul aplikasi tidak kompatibel dengan perangkat anda.😏",niat hati mau update appnya tapi muncul aplikasi tidak kompatibel dengan perangkat anda,0,Netral,MATCH,
2542,ROSYID PRO,5,2026-08-26,bagus,bagus,2,Positif,MATCH,
2543,Irfan Zulkarnain,5,2026-08-26,rekomendasi,rekomendasi,0,Netral,MATCH,
2544,Mul Yati,1,2026-08-26,bagaimana cara update mobile jkn diplustore sedangkan diperangkat hp tidak bisa gimana solusinya tolong bantuannya aplikasi ngk bisa digunakan,bagaimana cara update mobile jkn diplustore sedangkan diperangkat hp tidak bisa gimana solusinya tolong bantuannya aplikasi ngk bisa digunakan,0,Netral,MATCH,
2545,ocid ocied,5,2026-08-26,sangat membantu,sangat membantu,3,Positif,MATCH,
2546,DAIN ANJAYATI,4,2026-08-26,aplikasi saya bermasalah,aplikasi saya bermasalah,0,Netral,MATCH,
2547,bahrul suarez,1,2026-08-26,"apk gak mutu dan gak berguna blas... selalu error, udah login masukan nik, password dan chapca sudah benar eh.... muncul tulisan nik/ passwordnya salah ealah... yo wes lah... seng penting kau senang lah.",aplikasi tidak mutu dan tidak berguna blas selalu error udah login masukan nik password dan chapca sudah benar eh muncul tulisan nik passwordnya salah ealah yo wes lah seng penting kau senang lah,-0.5,Netral,MATCH,
2548,Siswanto MHum,5,2026-08-26,baik,baik,2,Positif,MATCH,
2549,Rahmad Very Hadi Kusuma,5,2026-08-26,"Aplikasi udah bagus, tapi saat proses pindah faskes ada proses selfie, aplikasinya malah miror, aku noleh kanan di HP noleh kiri (arah sebaliknya), agak sepeleh ini tp jdi jelek aja aplikasinya kamera kok malah miror",aplikasi udah bagus tapi saat proses pindah faskes ada proses selfie aplikasinya malah miror aku noleh kanan di hp noleh kiri arah sebaliknya agak sepeleh ini tapi jdi buruk aja aplikasinya kamera kok malah miror,-1,Negatif,MISMATCH_HIGH_RATING,"Rating bintang tinggi (4-5), namun isi ulasan memuat kritik/keluhan tajam"
2550,your crush,1,2026-08-26,apaan sih ribet banget cuma buat daftar doang,apaan sih rumit banget cuma buat daftar doang,-2,Negatif,MATCH,
2551,My Tv,5,2026-08-26,sangat rekomended dan membantu sekali,sangat rekomended dan membantu sekali,3,Positif,MATCH,
2552,neo rizqy,1,2026-08-26,"SAYA CUMA MAU DAFTARKAN KAKEK SAYA, SUMPAH RIBET BGT VERIF WAJAHNYA MANA MIRROR, SUMPAH MEMPERSULIT.",saya cuma mau daftarkan kakek saya sumpah rumit banget verif wajahnya mana mirror sumpah mempersulit,-2,Negatif,MATCH,
2553,Yuki Yunaedy,5,2026-08-26,sejauh ini masih lancar.,sejauh ini masih lancar,2.5,Positif,MATCH,
2554,Char Men,4,2026-08-26,mantap,mantap,3,Positif,MATCH,
2555,Burhan Sani,5,2026-08-26,semoa sehat2 ya,semoa sehat2 ya,0,Netral,MATCH,
2556,Suryaaa,1,2026-08-26,"buat daftar aja susah banget verifikasi wajah aja aku coba berkali-kali ga bisa-bisa, udah bisa verifikasi wajah ngirim kode ga bisa-bisa mana kalau kembali ulang lagi trus aja gitu berkali-kali",buat daftar aja sulit banget verifikasi wajah aja aku coba berkali-kali tidak bisa-bisa udah bisa verifikasi wajah ngirim kode tidak bisa-bisa mana kalau kembali ulang lagi terus aja gitu berkali-kali,-2.5,Negatif,MATCH,
2557,Linea Syahputri,4,2026-08-26,ga bisa di donlod di hv saya,tidak bisa di donlod di hv saya,0,Netral,MATCH,
2558,MOCH ILYAS,5,2026-08-26,bagus,bagus,2,Positif,MATCH,
2559,Muhammad Rofiq,5,2026-08-26,Luar biasa,luar biasa,0,Netral,MATCH,
2560,Trio Efendi,5,2026-08-26,jos,jos,0,Netral,MATCH,
2561,Dwita Febriani,5,2026-08-26,sangat membantu,sangat membantu,3,Positif,MATCH,
2562,Firman Supriyatna,5,2026-08-26,ok,ok,1.5,Positif,MATCH,
2563,Ayep Sutrisna,5,2026-08-26,bravo aplikasi jkn,bravo aplikasi jkn,0,Netral,MATCH,
2564,Ma'ruf,4,2026-08-26,baik dan bagus,baik dan bagus,4,Positif,MATCH,
2565,Yoga Saputra,4,2026-08-26,alhamdulillah aman,alhamdulillah aman,2,Positif,MATCH,
2566,tukang bongkar,1,2026-08-26,aplikasi aneh harus pilih pilih hp kan ini apk untuk kesehatan knpa harus butuh standar compatibel hp yg lebih tinggi sedangkan rakyat menengah ke bawah tidak punya hp yg bagus hp nya yg biasa biasa aja tolong perbaiki apk nya agar bisa d instal d semua jenis perangakat tidak pilih pilih perangkat dan tidak menyusahkan.,aplikasi aneh harus pilih pilih hp kan ini aplikasi untuk kesehatan knpa harus butuh standar compatibel hp yang lebih tinggi sedangkan rakyat menengah ke bawah tidak punya hp yang bagus hp nya yang biasa biasa aja tolong perbaiki aplikasi nya agar bisa d instal d semua jenis perangakat tidak pilih pilih perangkat dan tidak menyusahkan,2,Positif,MISMATCH_LOW_RATING,Salah klik rating / Human error (Isi ulasan berupa pujian murni)
2567,Ario PPerdana,5,2026-08-26,Memudahkan dalam proses pendaftarn difaskes.,memudahkan dalam proses pendaftarn difaskes,3,Positif,MATCH,
2568,Anindia Pelana,5,2026-08-26,good,good,2,Positif,MATCH,
2569,Pikri Yana,5,2026-08-26,sangat membantu dan sangat baik,sangat membantu dan sangat baik,5,Positif,MATCH,
2570,Shohib Khuzza,3,2026-08-26,kok sering error sekarang,kok sering error sekarang,-2.5,Negatif,MATCH,
2571,Admin Csm002,5,2026-08-26,baguss,baguss,0,Netral,MATCH,
2572,Afda Rukawa,5,2026-08-26,cepat mudah bagus terpercaya,cepat mudah bagus terpercaya,7,Positif,MATCH,
2573,bayu arum raharja,5,2026-08-26,mantab,mantap,3,Positif,MATCH,
2574,Raden Didik,5,2026-08-26,sangat membantu,sangat membantu,3,Positif,MATCH,
2575,Rahman Tea,5,2026-08-26,sangat membantu makasih jkn,sangat membantu makasih jkn,5,Positif,MATCH,
2576,Yusca Eunike Stefanie,5,2026-08-26,helpfull tq,helpfull tq,0,Netral,MATCH,
2577,Perdi BKL,5,2026-08-26,mudah digunakan dan bermanfaat,mudah digunakan dan bermanfaat,5.5,Positif,MATCH,
2578,Nurdin Arlanniri,5,2026-08-26,sangat bagus,sangat bagus,2,Positif,MATCH,
2579,Jamiyatul Rizdwan,5,2026-08-26,banyak update,banyak update,0,Netral,MATCH,
2580,Darman Chelsea,5,2026-08-26,lebih cepat dan simpel,lebih cepat dan simpel,2.5,Positif,MATCH,
2581,Acep Wahyudin,5,2026-08-26,"bagus ,,ubah paskes mudah",bagus ubah paskes mudah,4.5,Positif,MATCH,
2582,Anton Wiratno,1,2026-08-26,"susah login,diperangkat sudah terdaftar 3 NIK 👎",sulit login diperangkat sudah terdaftar 3 nik,-2.5,Negatif,MATCH,
2583,SAIFUL AE,3,2026-08-26,makin hari versi makin tinggi kasian hp yang agak lama tidak bisa instal lagi nanti kalo gak pake jkn berbayar trus gimana??,makin hari versi makin tinggi kasian hp yang agak lama tidak bisa instal lagi nanti kalo tidak pake jkn berbayar terus gimana,-2,Negatif,MATCH,
2584,Dinda Permata Sari,3,2026-08-26,Awalnya daftarnya biasa saja sekarang sulit buat daftar apalagi saat bagian masukkan nomor hp buat dapat kode verifikasi kode nya gak datang²,awalnya daftarnya biasa saja sekarang sulit buat daftar apalagi saat bagian masukkan nomor hp buat dapat kode verifikasi kode nya tidak datang,-2.5,Negatif,MATCH,
2585,Farhan Sungkar,5,2026-08-26,keren,keren,2.5,Positif,MATCH,
2586,Deni Setio arko,1,2026-08-26,"mau daftar malah ada fitur scan wajah, lemot coba lagi terus, ngga banget",mau daftar malah ada fitur scan wajah lambat coba lagi terus tidak banget,-2.5,Negatif,MATCH,
2587,misbah munir,5,2026-08-26,sangat membantu,sangat membantu,3,Positif,MATCH,
2588,Arip Labib Fikri,1,2026-08-26,"apalah ini masa gak ada otp,,??",apalah ini masa tidak ada otp,0,Netral,MATCH,
2589,Fathiyah Nabila,1,2026-08-26,"tolonglah di perbaiki lagi, ini verifikasi susah tidak ada dapet kode ke no hp",tolonglah di perbaiki lagi ini verifikasi sulit tidak ada dapet kode ke no hp,-2.5,Negatif,MATCH,
2590,Agus Trianto,5,2026-08-26,sangat membantu,sangat membantu,3,Positif,MATCH,
2591,Remember,1,2026-08-26,"menjijikan, uang yg di setor di anggap hibah sepihak (& mengikat)",menjijikan uang yang di setor di anggap hibah sepihak mengikat,0,Netral,MATCH,
2592,DARMADI DARMADI,1,2026-08-26,ini cukup mematu aku.,ini cukup mematu aku,0,Netral,MATCH,
2593,Muhamad Hadi,5,2026-08-26,sangat membantu memudahkan perubahan data peserta BPJS kesehatan ♥️👍,sangat membantu memudahkan perubahan data peserta bpjs kesehatan,6,Positif,MATCH,
2594,Exa Nur,1,2026-08-26,ini kok sekarang jadi susah yaaaahh,ini kok sekarang jadi sulit yahh,-2.5,Negatif,MATCH,
2595,sifa mardyani,5,2026-08-26,sangat membantu,sangat membantu,3,Positif,MATCH,
2596,Karina Sukmawati,4,2026-08-26,"ini kenapa logout sendiri, giliran mau log in lagi susah nya mnta ampun, nik salah lah, pass salah lah, mau verivikasi aja susahh harus ke SMS tapi ga ada terus kode nya. gimna ini saya daftar ke RS mau kontrol.",ini kenapa logout sendiri giliran mau login in lagi sulit nya mnta ampun nik salah lah pass salah lah mau verivikasi aja susahh harus ke sms tapi tidak ada terus kode nya gimna ini saya daftar ke rs mau kontrol,-2.5,Negatif,MISMATCH_HIGH_RATING,"Rating bintang tinggi (4-5), namun isi ulasan memuat kritik/keluhan tajam"
2597,Charles Mario,1,2026-08-26,"aplikasnya buruk , sering bermasalah , error , sering logoutb , antrian kadang ga masuk ke data rumah sakit",aplikasnya buruk sering bermasalah error sering logoutb antrean kadang tidak masuk ke data rumah sakit,-5.5,Negatif,MATCH,
2598,Ipoel Al fatih,5,2026-08-26,ok,ok,1.5,Positif,MATCH,
2599,Manurung Plg,5,2026-08-26,sangat membantu saya,sangat membantu saya,3,Positif,MATCH,
2600,Suhartini Suhartini,1,2026-08-26,kodw verifikasi gapernah masuj,kodw verifikasi gapernah masuj,0,Netral,MATCH,
2601,Endah Retno,5,2026-08-26,selama ini bagus dan sangat membantu keluarga saya di saat sakit dan membutuhkan perawatan,selama ini bagus dan sangat membantu keluarga saya di saat sakit dan membutuhkan perawatan,5,Positif,MATCH,
2602,Willy Willyam Scanna,1,2026-08-26,makin gaje ini aplikasi gak ke urus apa udah males ngurus apa2 harus online tapi penyediaa platform nya gak ngurus,makin gaje ini aplikasi tidak ke urus apa udah males ngurus apa2 harus online tapi penyediaa platform nya tidak ngurus,0,Netral,MATCH,
2603,Sahrudin,5,2026-08-26,bpjs terpercaya,bpjs terpercaya,0,Netral,MATCH,
2604,Yohannes Belli,1,2026-08-26,"Tolong di perbaiki mau daftar gabisa padahal internet kuota masih banyak, tolong di permudah, terimakasih.",tolong di perbaiki mau daftar tidak bisa padahal internet kuota masih banyak tolong di permudah terimakasih,0,Netral,MATCH,
2605,siti aissyah,2,2026-08-26,Benerin dong applikasinya Error Mulu. Bikin Repot Jadinya,perbaiki dong applikasinya error terus bikin repot jadinya,-2.5,Negatif,MATCH,
2606,Fahrial Hamdi Ferry,4,2026-08-26,bagus,bagus,2,Positif,MATCH,
2607,Apep Gunawan,1,2026-08-26,ga bisa masuk terus ajg,tidak bisa masuk terus ajg,0,Netral,MATCH,
2608,rizal iks2357,1,2026-08-26,parah saat ngisi nomer hp eror Mulu,buruk saat ngisi nomer hp error terus,-5.5,Negatif,MATCH,
2609,Suweni,5,2026-08-26,sagat baik,sagat baik,2,Positif,MATCH,
2610,Febriyana putri,5,2026-08-26,sangat membantu untuk memudahkan melakukan administrasi kesehatan,sangat membantu untuk memudahkan melakukan administrasi kesehatan,6,Positif,MATCH,
2611,Phutera Tarigan,1,2026-08-26,aplikasi tolol masuk nya aja susah kali,aplikasi tolol masuk nya aja sulit kali,-2.5,Negatif,MATCH,
2612,Devi Widarsih,5,2026-08-26,Sangat membantu sekali,sangat membantu sekali,3,Positif,MATCH,
2613,Agustus 18,5,2026-08-26,terimakasih,terimakasih,0,Netral,MATCH,
2614,Putra Dollar,1,2026-08-26,apk apa ini orang mau buat akun ga bisa,aplikasi apa ini orang mau buat akun tidak bisa,0,Netral,MATCH,
2615,Nurmansyah. Hse,1,2026-08-26,kenapa aplikasinya kacau terus ..tolong dong ini diperhatikan bapak ibu pemerintah...kita juga bayar tiap bulannya..mas a mau berobat aja sudah banget terkendala aplikasi...,kenapa aplikasinya kacau terus tolong dong ini diperhatikan bapak ibu pemerintah kita juga bayar tiap bulannya mas a mau berobat aja sudah banget terkendala aplikasi,0,Netral,MATCH,
2616,Much Jufrie,1,2026-08-26,aplikasi milik pemerintah tapi selalu ngebug sangat miris !!!!!,aplikasi milik pemerintah tapi selalu ngebug sangat miris,0,Netral,MATCH,
2617,Hasan Apandi,4,2026-08-26,sangat bagus dan mudah untuk melakukan pendaftaran,sangat bagus dan mudah untuk melakukan pendaftaran,4.5,Positif,MATCH,
2618,Pegi Yanto,5,2026-08-26,sangat membantu,sangat membantu,3,Positif,MATCH,
2619,nadiya,3,2026-08-26,"mohon dilancarkan lagi, klo penggunanya banyak suka ngelag",mohon dilancarkan lagi klo penggunanya banyak suka ngelag,2,Positif,MATCH,
2620,Adiansyah moxer,1,2026-08-26,Kenapa di hp saya bisa di download sangat miris,kenapa di hp saya bisa di download sangat miris,0,Netral,MATCH,
2621,Kusyana,2,2026-08-26,tolong diperbaiki lagi🙏 sekarang sering logout akun. sering banget gangguan,tolong diperbaiki lagi sekarang sering logout akun sering banget gangguan,0,Netral,MATCH,
2622,Anggikurniawan,2,2026-08-26,Udar Ruwet Sekarang. Bukan nya makin mudah malah makin ngga jelas.,udar sulit sekarang bukan nya makin mudah malah makin tidak jelas,-1.35,Negatif,MATCH,
2623,Yas Wendi,5,2026-08-26,No komen. Aplikasi nya bagus.,no komen aplikasi nya bagus,2,Positif,MATCH,
2624,Mentari Mentari,5,2026-08-26,aplikasi yang sangat membantu saya,aplikasi yang sangat membantu saya,3,Positif,MATCH,
2625,Azis Adinugraha,5,2026-08-26,mantap,mantap,3,Positif,MATCH,
2626,Albert Marlis,1,2026-08-26,"APLIKASI MEMPERSULIT UNTUK BEROBAT, SUSAH MENDAFTAR",aplikasi mempersulit untuk berobat sulit mendaftar,-2.5,Negatif,MATCH,
2627,Agil Setianingrum,2,2026-08-26,sekarang sering tobel.. mmmmmmm,sekarang sering tobel m,0,Netral,MATCH,
2628,Muhammad Radiansyah,5,2026-08-26,bermanfaat sekali,bermanfaat sekali,3,Positif,MATCH,
2629,Jayusman,5,2026-08-26,pelayanan sangat bagus dokternya ramah,pelayanan sangat bagus dokternya ramah,4,Positif,MATCH,
2630,Rahmat Hidayat (Amath),5,2026-08-26,ok,ok,1.5,Positif,MATCH,
2631,Hymey_7,1,2026-08-26,Kenapa gak bisa di buka woii??;;! udah gw tekan tapi gk mau kebuka malah kembali ke home screnn pas di tekan tolong kenapa ini!???,kenapa tidak bisa di buka woii udah gw tekan tapi tidak mau kebuka malah kembali ke home screnn pas di tekan tolong kenapa ini,0,Netral,MATCH,
2632,Zessa Aprila,1,2026-08-26,jelek,buruk,-3,Negatif,MATCH,
2633,rizki Syareza,1,2026-08-26,aplikasi paling lelet,aplikasi paling lambat,-2.5,Negatif,MATCH,
2634,pandu pandu,4,2026-08-26,"lebih mudah ,dan tanpa antrean..",lebih mudah dan tanpa antrean,2.5,Positif,MATCH,
2635,SC channel,1,2026-08-26,kacau kacauuu lah jadi ribet,kacau kacau lah jadi rumit,-2,Negatif,MATCH,
2636,Zikri Akbar Ramadhan,1,2026-08-26,"menyulitkan, setiap bulan di suruh login ulang payah lagi.",menyulitkan setiap bulan di suruh login ulang payah lagi,-3,Negatif,MATCH,
2637,Saputra Ega,4,2026-08-26,cukup mudah dan dimengerti sangat membantu saat kondisi keluarga sedang sakit.,cukup mudah dan dimengerti sangat membantu saat kondisi keluarga sedang sakit,5.5,Positif,MATCH,
2638,Endang Sudiyarti,1,2026-08-26,sulit sekali melakukan pendaftaran karena HP saya tidak kompatibel dengan system JKN,sulit sekali melakukan pendaftaran karena hp saya tidak kompatibel dengan system jkn,-2.5,Negatif,MATCH,
2639,Kila Aisyah,5,2026-08-26,praktis dan sangat membantu,praktis dan sangat membantu,5.5,Positif,MATCH,
2640,Syafruddin KCP sabang atas,2,2026-08-26,kenapa antrian berikutnya setelah 1 minggu susah di ambil. no antrian sebelumnya masih muncul... tolong perbaikan. klo tdk mampu jgn sok digital...,kenapa antrean berikutnya setelah 1 minggu sulit di ambil no antrean sebelumnya masih muncul tolong perbaikan klo tidak mampu jgn sok digital,-2.5,Negatif,MATCH,
2641,ngaco bray,5,2026-08-26,i like it cepat membantu dalam pengerjaan data pribadi secara mandiri. thanks you so much.....,i like it cepat membantu dalam pengerjaan data pribadi secara mandiri thanks you so much,5.5,Positif,MATCH,
2642,Addar Umar,5,2026-08-26,sangat bermanfaat,sangat bermanfaat,3,Positif,MATCH,
2643,dedi huri,5,2026-08-26,"proses mudah tidak ribet tidak ngantri yg penting punya kuota, makasih jkn",proses mudah tidak rumit tidak ngantri yang penting punya kuota makasih jkn,5.5,Positif,MATCH,
2644,Quen Diamond,1,2026-08-26,"kenapa setiap mau pakai selalu diminta masukkan NIK? padahal apk sudah lama didownload, terus kalau sudah pernah log in ya jangan disuruh log in terus tiap mau dipakai.",kenapa setiap mau pakai selalu diminta masukkan nik padahal aplikasi sudah lama didownload terus kalau sudah pernah login in ya jangan disuruh login in terus tiap mau dipakai,-2,Negatif,MATCH,
2645,resti muslimatul,5,2026-08-26,berobat jadi lebih simpel dan mudah mendaftar nya melalui online,berobat jadi lebih simpel dan mudah mendaftar nya melalui online,2.5,Positif,MATCH,
2646,Garet Bale,5,2026-08-26,terbaik,terbaik,3,Positif,MATCH,
2647,Irma Hermawati,5,2026-08-26,good..,good,2,Positif,MATCH,
2648,jis,1,2026-08-26,tolong permudah verifikasi nya masa saya harus ganti nomer gara gara ini,tolong permudah verifikasi nya masa saya harus ganti nomer gara gara ini,0,Netral,MATCH,
2649,Abdul Muis Tanjung,1,2026-08-26,"ayolah, siapa si developer burid yang ngembangin aplikasi ini? dari dulu ampe skrng mau masuk aja gabisa, udah ganti sandi pun gabisa masuk emang burid... jangan mentang mentang kerja di pemerintah ga pernah di cek ada bug nya... plis lah",ayolah siapa si developer burid yang ngembangin aplikasi ini dari dulu ampe skrng mau masuk aja tidak bisa udah ganti sandi pun tidak bisa masuk emang burid jangan mentang mentang kerja di pemerintah tidak pernah di cek ada bug nya tolong lah,-2,Negatif,MATCH,
2650,Yudi Mvshop,1,2026-08-26,aplikasi g bermutu,aplikasi g bermutu,0,Netral,MATCH,
2651,Taofik Septian,5,2026-08-26,luar biasaaaa,luar biasa,0,Netral,MATCH,
2652,Miftah Umay,2,2026-08-26,susah kali jkn ini bukan di permudah tapi di persulit,sulit kali jkn ini bukan di permudah tapi di persulit,-2.5,Negatif,MATCH,
2653,Deko Handoko,5,2026-08-26,berobat,berobat,0,Netral,MATCH,
2654,Iik Mulyana,5,2026-08-26,Aplikasi ini sangat membantu karena sangat mudah digunakan,aplikasi ini sangat membantu karena sangat mudah digunakan,5.5,Positif,MATCH,
2655,Bima Budi 2024,5,2026-08-26,mantap apk yang bagus,mantap aplikasi yang bagus,5,Positif,MATCH,
2656,gandung eva,5,2026-08-26,baik ada layanan online sangat mmbantu sekali jika pindah faskes 👍,baik ada layanan online sangat mmbantu sekali jika pindah faskes,2,Positif,MATCH,
2657,Arkan Ramadhan,2,2026-08-26,sebenarnya mempermudah apa mempersulit?,sebenarnya mempermudah apa mempersulit,0,Netral,MATCH,
2658,Bagus Rosyidi,1,2026-08-26,aplikasi apa ini masa biar daftar gk bisa udah berkali-kaki tetap gk ke daftar,aplikasi apa ini masa biar daftar tidak bisa udah berkali-kaki tetap tidak ke daftar,0,Netral,MATCH,
2659,klinik braja pamungkas,1,2026-08-26,pemerintah makin bodoh bukannya mempermudah malah mempersulit akses nya. tolol,pemerintah makin bodoh bukannya mempermudah malah mempersulit akses nya tolol,0,Netral,MATCH,
2660,Jasmani,1,2026-08-26,"pada saat mau login selalu captcha salah padahal udah benar, sampai berulang kali tetap salah",pada saat mau login selalu captcha salah padahal udah benar sampai berulang kali tetap salah,0,Netral,MATCH,
2661,saadsahlul fasya,5,2026-08-26,sangat membantu sekali adanya aplikasi ini,sangat membantu sekali adanya aplikasi ini,3,Positif,MATCH,
2662,Aulia Kumala,1,2026-08-26,"aplikasi tolol, kode nya ngga dikirim ke no hp malah disuruh isi pulsa, padahal pulsaku masih 14 ribu, giliran ganti nomor malah error mulu",aplikasi tolol kode nya tidak dikirim ke no hp malah disuruh isi pulsa padahal pulsaku masih 14 ribu giliran ganti nomor malah error terus,-2.5,Negatif,MATCH,
2663,wahab rajasam,5,2026-08-26,baik,baik,2,Positif,MATCH,
2664,Kevin Utomo,1,2026-08-26,"setiap mau verifikasi no hp selalu error, dari bulan Januari sampe sekarang tidak dibenahi",setiap mau verifikasi no hp selalu error dari bulan januari sampe sekarang tidak dibenahi,-2.5,Negatif,MATCH,
2665,Dayat Ban,5,2026-08-26,sangat baik,sangat baik,2,Positif,MATCH,
2666,Ayi Syarma,5,2026-08-26,"mantul banget ,no ribet tanpa ke kantornya lansung",mantul banget no rumit tanpa ke kantornya lansung,-2,Negatif,MISMATCH_HIGH_RATING,"Rating bintang tinggi (4-5), namun isi ulasan memuat kritik/keluhan tajam"
2667,flero gamer,5,2026-08-26,sangat menjamin kesehatan warga negara. God Bless BPJS Kesehatan,sangat menjamin kesehatan warga negara god bless bpjs kesehatan,0,Netral,MATCH,
2668,riki ramadani,5,2026-08-26,pelayanan nya sangat memuaskan ramah dn,pelayanan nya sangat memuaskan ramah dn,2,Positif,MATCH,
2669,Doni Saputra,4,2026-08-26,alhamdulillah lancar bgt skrang,alhamdulillah lancar banget sekarang,2.5,Positif,MATCH,
2670,Rifqi wachid,1,2026-08-26,"gak niat bikin apk , lebih baik judol sekali klik langsung bisa",tidak niat bikin aplikasi lebih baik judol sekali klik langsung bisa,2,Positif,MISMATCH_LOW_RATING,Salah klik rating / Human error (Isi ulasan berupa pujian murni)
2671,Jalakkontraktor Pos,5,2026-08-26,Sangat membantu dan mudah di akses,sangat membantu dan mudah di akses,5.5,Positif,MATCH,
2672,Abdul Jaya,5,2026-08-26,bermanfaat,bermanfaat,3,Positif,MATCH,
2673,Graciella Adiesty,1,2026-08-26,eh pak tolong dong kalo mau verifikasi gausah di persulit. pake segala ada kendala ini itu segala macem. org yg mau nya gampang jadi susah tau ga!,eh pak tolong dong kalo mau verifikasi gausah di persulit pake segala ada kendala ini itu segala macem org yang mau nya gampang jadi sulit tau tidak,-2.5,Negatif,MATCH,
2674,Miftahurrohman,1,2026-08-26,"Apk gk jelas, dh bikin akun dh lama sgala macem suruh login lagi masukin captcha dh bner disalahin terus pas buat antrian mo berobat dh ngisi data tetep gk bisa daftar gimana coba",aplikasi tidak jelas dh bikin akun dh lama sgala macem suruh login lagi masukin captcha dh bner disalahin terus pas buat antrean mo berobat dh ngisi data tetep tidak bisa daftar gimana coba,-3.35,Negatif,MATCH,
2675,Wahyuni Marlin,1,2026-08-26,"setiap mau buka error mulu, heran gimana orang mau ambil no antrian, ga jelas",setiap mau buka error terus heran gimana orang mau ambil no antrean tidak jelas,-3.85,Negatif,MATCH,
2676,Fadli Amnessia153,1,2026-08-26,"apk gila . udah log in keluar sendiri , mau log in captcha nya ga muncul muncul gilaaa campahhhh.",aplikasi gila udah login in keluar sendiri mau login in captcha nya tidak muncul muncul gila campah,-3,Negatif,MATCH,
2677,Le CUK,2,2026-08-26,Aplikasi pemerintah banyak yg payah,aplikasi pemerintah banyak yang payah,-3,Negatif,MATCH,
2678,Julians Simanjuntak,1,2026-08-26,"aplikasi bosok, login gk bisa terus, data sesuai, selalu notif sesi habis",aplikasi bosok login tidak bisa terus data sesuai selalu notif sesi habis,0,Netral,MATCH,
2679,susanto muhammad,3,2026-08-26,aplikasi ampas gampang log out,aplikasi ampas gampang login out,0,Netral,MATCH,
2680,Mus Takim slimin,5,2026-08-26,sangat mebantu,sangat mebantu,0,Netral,MATCH,
2681,Diki Zian Syahreza,5,2026-08-26,bagus,bagus,2,Positif,MATCH,
2682,Berkah Chicken,4,2026-08-26,"cukup bagus dan mudah digunakan walau ada bbrp term yg blm tercover di apk, seperti perubahan otomatis faskes pertama yg direkomendasikan ketika pindah alamat",cukup bagus dan mudah digunakan walau ada beberapa term yang belum tercover di aplikasi seperti perubahan otomatis faskes pertama yang direkomendasikan ketika pindah alamat,4.5,Positif,MATCH,
2683,GreenSoft,1,2026-08-26,susah bgt buat daftar,sulit banget buat daftar,-2.5,Negatif,MATCH,
2684,Acho Sepolo,2,2026-08-25,"apa2 gagal, verifikasi wajah gagal, nunggu kode SMS referral gagal2. percuma gak bisa di pakai",apa2 gagal verifikasi wajah gagal nunggu kode sms referral gagal2 percuma tidak bisa di pakai,-5,Negatif,MATCH,
2685,Lasti Pustina,5,2026-08-25,"terima kasih ,sangat terbantu dengan aplikasi ini, mempermudah segala urusan tentang kesehatan 🙏",terima kasih sangat terbantu dengan aplikasi ini mempermudah segala urusan tentang kesehatan,2,Positif,MATCH,
2686,Cucu Suparman,1,2026-08-25,eror kadang kadang ga bisa kebuka ngebug,error kadang kadang tidak bisa kebuka ngebug,-2.5,Negatif,MATCH,
2687,Alesha Ayunindya,2,2026-08-25,harusnya layanan untuk masyarat itu yang bisa kompiteble untuk hp apapun.bukan untuk hp tertentu yang spek nya harus tinggi.,harusnya layanan untuk masyarat itu yang bisa kompiteble untuk hp apapun bukan untuk hp tertentu yang spek nya harus tinggi,0,Netral,MATCH,
2688,sri wahyono,4,2026-08-25,saya sbg peserta bpjs merasa sangat terbantu dalam penanganan pelayananan kesehatan yg sudah saya alamai. selama. ini,saya sbg peserta bpjs merasa sangat terbantu dalam penanganan pelayananan kesehatan yang sudah saya alamai selama ini,0,Netral,MATCH,
2689,Pur Wanti,5,2026-08-25,dapat antrian lebih awal,dapat antrean lebih awal,0,Netral,MATCH,
2690,David Son,5,2026-08-25,lama nungguin kode OTP. Hilangkan pe waktu untuk menerima kode OTP ke 2,lama nungguin kode otp hilangkan pe waktu untuk menerima kode otp ke 2,-2,Negatif,MISMATCH_HIGH_RATING,"Rating bintang tinggi (4-5), namun isi ulasan memuat kritik/keluhan tajam"
2691,Hendra Gunawan Silitonga,5,2026-08-25,ok,ok,1.5,Positif,MATCH,
2692,Chyo,1,2026-08-25,Tolong di permudah masalah kode otp saat menggunakan nomer,tolong di permudah masalah kode otp saat menggunakan nomer,0,Netral,MATCH,
2693,Septi Anida,5,2026-08-25,sangat membantu terimakasih,sangat membantu terimakasih,3,Positif,MATCH,
2694,Esa Alfarizy,4,2026-08-25,josss,jos,0,Netral,MATCH,
2695,mas JJ,1,2026-08-25,"buruk sekali,dan nggak ada respon kalau di kritik",buruk sekali dan tidak ada respon kalau di kritik,-3,Negatif,MATCH,
2696,Dera Noviandi,5,2026-08-25,mantap,mantap,3,Positif,MATCH,
2697,Micko,5,2026-08-25,bagus...,bagus,2,Positif,MATCH,
2698,AFIQ IQDAM,1,2026-08-25,"aplikasi ribet , pemerintah gak jelas",aplikasi rumit pemerintah tidak jelas,-3.35,Negatif,MATCH,
2699,Dame Natalia Sidauruk,5,2026-08-25,aplikasi jkn mobile ini kenapa tidak bisa di download di hp saya oppo A1K ???. Katanya hp saya tidak kompetibel. Mohon di bantu admin 🙏🏻,aplikasi jkn mobile ini kenapa tidak bisa di download di hp saya oppo a1k katanya hp saya tidak kompetibel mohon di bantu admin,0,Netral,MATCH,
2700,Noviyadi Permanagoro,1,2026-08-25,"aplikasi dibuat untuk memudahkan bukan mempersulit, cuma ini aplikasi yang paling ribet gak jelas tidak ada cara untuk mengganti nomor HP yang sudah tidak aktif aplikasi yang super duper ribet mau daftar berobat aja aplikasinya begini 🤮🤮🤮🤮",aplikasi dibuat untuk memudahkan bukan mempersulit cuma ini aplikasi yang paling rumit tidak jelas tidak ada cara untuk mengganti nomor hp yang sudah tidak aktif aplikasi yang super duper rumit mau daftar berobat aja aplikasinya begini,-2.35,Negatif,MATCH,
2701,Realme Lemon,5,2026-08-25,ok,ok,1.5,Positif,MATCH,
2702,Muhammad Syauqi,1,2026-08-25,sering log out trs ribet harus login pake nik sama pin dulu. sampah!,sering login out terus rumit harus login pake nik sama pin dulu sampah,-6,Negatif,MATCH,
2703,Eva Muis,5,2026-08-25,cepat tidak ribet,cepat tidak rumit,3.5,Positif,MATCH,
2704,MSKR Supriyatna,1,2026-08-25,aplikasi eror ..daftar leg terus sinyal bagus juga..,aplikasi error daftar leg terus sinyal bagus juga,-0.5,Netral,MATCH,
2705,Ridwan Gunawan,5,2026-08-25,bagus,bagus,2,Positif,MATCH,
2706,MuhHafiz Zafitrah,5,2026-08-25,bagus sangat membantu,bagus sangat membantu,5,Positif,MATCH,
2707,Linadwi Saputri,5,2026-08-25,selalu puas,selalu puas,3,Positif,MATCH,
2708,kamal rifqi 513,5,2026-08-25,mantap sangat memudahkan dan membantu,mantap sangat memudahkan dan membantu,9,Positif,MATCH,
2709,Imam Shavero,5,2026-08-25,mantap,mantap,3,Positif,MATCH,
2710,Rayyan Arifianto,1,2026-08-25,"aplikasi nya error,untuk login akun tidak bisa padahal sudah berulang-ulang kali untuk mencoba login tapi tetap tidak bisa,MOHON DI PERBAIKI APLIKASINYA!!🙏",aplikasi nya error untuk login akun tidak bisa padahal sudah berulang-ulang kali untuk mencoba login tapi tetap tidak bisa mohon di perbaiki aplikasinya,-2.5,Negatif,MATCH,
2711,Jainuri 878,1,2026-08-25,gak bisa login kembali keterangan lebih dari 3 nik.,tidak bisa login kembali keterangan lebih dari 3 nik,0,Netral,MATCH,
2712,Doublefour 91,1,2026-08-25,aplikasi gak bisa dibuka,aplikasi tidak bisa dibuka,0,Netral,MATCH,
2713,Muh Natsir,5,2026-08-25,ok,ok,1.5,Positif,MATCH,
2714,Choco Latte ID,5,2026-08-25,sangat bermanfaat bagi saya dan keluarga,sangat bermanfaat bagi saya dan keluarga,3,Positif,MATCH,
2715,Andika Putra,1,2026-08-25,"jkn,koclok masak gak bisa dipake login lebih dari 3 ktp gak bisa. kalo ada yg minta tolong gimana,orang tua apa saudara yg gak ada hp. Apa dikira mau dipake nyolong apa aplikasi nya. Apk jelek bgt...",jkn koclok masak tidak bisa dipake login lebih dari 3 kartu tanda penduduk tidak bisa kalo ada yang minta tolong gimana orang tua apa saudara yang tidak ada hp apa dikira mau dipake nyolong apa aplikasi nya aplikasi buruk banget,-3,Negatif,MATCH,
2716,Untoro Suryadi,2,2026-08-25,eror terus gabisa daftar,error terus tidak bisa daftar,-2.5,Negatif,MATCH,
2717,Shinta Dewi,5,2026-08-25,memudahkan praktis,memudahkan praktis,5.5,Positif,MATCH,
2718,dimasst tv,3,2026-08-25,sangat sulit ketika ingin mendapatkan kan otp ketika mendaptar,sangat sulit ketika ingin mendapatkan kan otp ketika mendaptar,-2.5,Negatif,MATCH,
2719,evly jeje,1,2026-08-25,"setiap mau daftar pasti di bilang no telfon nya ga sesuai format sampe ganti ganti pake 3 nomor juga tetap aja gabisa,",setiap mau daftar pasti di bilang no telfon nya tidak sesuai format sampe ganti ganti pake 3 nomor juga tetap aja tidak bisa,0,Netral,MATCH,
2720,ari kusuma,5,2026-08-25,sangat membantu,sangat membantu,3,Positif,MATCH,
2721,Okki Heriana,5,2026-08-25,aplikasi dan program yg sangat bagus dan mantap,aplikasi dan program yang sangat bagus dan mantap,5,Positif,MATCH,
2722,Ibnu Hajar,1,2026-08-25,"aplikasi yang tidak memberikan solusi, mengurus administrasi dan aduan tetap perlu datang ke kantor apa gunanya aplikasi kalau begitu",aplikasi yang tidak memberikan solusi mengurus administrasi dan aduan tetap perlu datang ke kantor apa gunanya aplikasi kalau begitu,0,Netral,MATCH,
2723,Agus Hariyanto,3,2026-08-25,aplikasi dlogok. login lama bet. sering bug. mengapa produk pemerintah mesti busuk semua.,aplikasi dlogok login lama bet sering bug mengapa produk pemerintah mesti busuk semua,-4,Negatif,MATCH,
2724,anis prasetya,5,2026-08-25,"setelah update kenapa apk malah eror, gak bisa log in, akun belum terdaftar, nik tidak ditemukan",setelah update kenapa aplikasi malah error tidak bisa login in akun belum terdaftar nik tidak ditemukan,-2.5,Negatif,MISMATCH_HIGH_RATING,"Rating bintang tinggi (4-5), namun isi ulasan memuat kritik/keluhan tajam"
2725,es teh anget,1,2026-08-25,"aplikasi gajelas blokir aja udah, kode otp ga masuk padahal nomor bener, pulsa ada, kuota ada, tetep aja ga bisa aplikasi sampah",aplikasi gajelas blokir aja udah kode otp tidak masuk padahal nomor benar pulsa ada kuota ada tetep aja tidak bisa aplikasi sampah,-4,Negatif,MATCH,
2726,Amelia Sanjaya,1,2026-08-25,"TOLONG LAH YA KALAU MEMANG WAJIB HARUS PAKE MOBILE JKN, TOLONG DIPERMUDAH BUAT VERIFIKASI MUKA PLIS SUSAH BANGET UDAH GANTI TMPT CAHAYA BAGUS TETAP AJA GABISA",tolong lah ya kalau memang wajib harus pake mobile jkn tolong dipermudah buat verifikasi muka tolong sulit banget udah ganti tmpt cahaya bagus tetap aja tidak bisa,-0.5,Netral,MATCH,
2727,Humairoh 27,1,2026-08-25,"ini BPJS aneh banget giliran mau dipake ditolak terus alesan nya provider terdaftar ditempat lain, kalo gitu masa iya gua yg misal kan lagi ngerantau jauh harus balik dulu bertobat nya ketempat klinik yg terdaftar, ditambah kalo ganti klinik proses nya nunggu lagi! tiap bulan gua bayar lohh jangan dipersulit lah, orang lagi sakit ada aja cobaan nya, giliran kena kasus baru bergerak kalian!!",ini bpjs aneh banget giliran mau dipake ditolak terus alesan nya provider terdaftar ditempat lain kalo gitu masa iya gua yang misal kan lagi ngerantau jauh harus balik dulu bertobat nya ketempat klinik yang terdaftar ditambah kalo ganti klinik proses nya nunggu lagi tiap bulan gua bayar lohh jangan dipersulit lah orang lagi sakit ada aja cobaan nya giliran kena kasus baru bergerak kalian,-0.75,Negatif,MATCH,
2728,Rizki N,1,2026-08-25,aplikasi gak guna,aplikasi tidak guna,0,Netral,MATCH,
2729,Rahmat dano Sella,5,2026-08-25,THANKS FOR YOUR,thanks for your,0,Netral,MATCH,
2730,Devi Yana,5,2026-08-25,baik di gunakan,baik di gunakan,2,Positif,MATCH,
2731,Eva Lefly,1,2026-08-25,ada fitur BPJS keliling tapi di cari wilayah bwi pake filter GK ada. gajelas,ada fitur bpjs keliling tapi di cari wilayah bwi pake filter tidak ada gajelas,0,Netral,MATCH,
2732,Didin Jaeludin,5,2026-08-25,mudah dioperasikan,mudah dioperasikan,2.5,Positif,MATCH,
2733,Albizar Elbachry,1,2026-08-25,"aku kasih bintang 1. kalau aplikasi nya sudah bisa log lagi baru ak kasih ulasan lagi. masa baru kemarin aplikasi masih bisa di gunakan sesudah log out mau masuk lagi chapta nya selalu tidak bisa. makin kesni makin gk bener nih apk. udah masukin Nik sesuai sama sandi ,chapta bner semua tapi ttp aja gk bisa masuk. ak kasih bintang 1 lagi. kecewa sangat. makasih",aku kasih bintang 1 kalau aplikasi nya sudah bisa login lagi baru ak kasih ulasan lagi masa baru kemarin aplikasi masih bisa di gunakan sesudah login out mau masuk lagi chapta nya selalu tidak bisa makin kesni makin tidak benar nih aplikasi udah masukin nik sesuai sama sandi chapta bner semua tapi ttp aja tidak bisa masuk ak kasih bintang 1 lagi kecewa sangat makasih,-1,Negatif,MATCH,
2734,Mila Sutari,3,2026-08-25,ini gimana sih ko log out sendiri kluar gitu mana lupa pasword udah bilang lupa sandi udah masukin nomor HP sesuai yg di daftar ko keterangan nya ttp nomor gak sesuai bukan nya membantu yg bener ya allah mana besok mau priksa,ini gimana sih ko login out sendiri kluar gitu mana lupa pasword udah bilang lupa sandi udah masukin nomor hp sesuai yang di daftar ko keterangan nya ttp nomor tidak sesuai bukan nya membantu yang benar ya allah mana besok mau priksa,3,Positif,MATCH,
2735,Harni Sumatan,1,2026-08-25,nggak jelas anjir,tidak jelas anjir,-1.35,Negatif,MATCH,
2736,Alena Ucrit,5,2026-08-25,wow.. sungguh amazing aplikasinya,wow sungguh amazing aplikasinya,0,Netral,MATCH,
2737,Yudy Cokro Birowo,5,2026-08-25,ok,ok,1.5,Positif,MATCH,
2738,Difki Putranew,1,2026-08-25,nomer hp gabisa dimasukin gmn si t4i,nomer hp tidak bisa dimasukin gmn si t4i,0,Netral,MATCH,
2739,Muhammadfatiyanakbar Akbar,5,2026-08-25,baik gratis terimakasih,baik gratis terimakasih,2,Positif,MATCH,
2740,Farhan Hafidh,1,2026-08-25,mau masuk aja susah bgt ada masalah terus padahal nik dan sandi sudah benar,mau masuk aja sulit banget ada masalah terus padahal nik dan sandi sudah benar,-2.5,Negatif,MATCH,
2741,Nurnaningsih Widdiyastono,5,2026-08-25,bagoooos,bagos,0,Netral,MATCH,
2742,Rizal 20,1,2026-08-25,GAMPANGAN DAFTAR PINJOL MEN 🤟🙏,gampangan daftar pinjol men,0,Netral,MATCH,
2743,Z362,1,2026-08-25,dikit dikit harus login ribet kali setiap bulan pasti harus login ulang masalahnya ortu gw gaptek dan saat tiba-tiba butuh nih app harus login ulang dan gw gak dilokasi belum lagi kalau lupa pasword,dikit dikit harus login rumit kali setiap bulan pasti harus login ulang masalahnya ortu gw gaptek dan saat tiba-tiba butuh nih aplikasi harus login ulang dan gw tidak dilokasi belum lagi kalau lupa pasword,-2,Negatif,MATCH,
2744,Jessen Henry,1,2026-08-25,aplikasi cacat...!!,aplikasi cacat,0,Netral,MATCH,
2745,Mata Kamera,5,2026-08-25,lebih memudahkan pake apps dri pda dateng langsung ke kantornya 😁🙏,lebih memudahkan pake apps dari pda dateng langsung ke kantornya,3,Positif,MATCH,
2746,Rayanamige Mige,5,2026-08-25,proses cepat dan responsif,proses cepat dan responsif,2.5,Positif,MATCH,
2747,Kusman Soleh,5,2026-08-25,Mantabzs,mantabzs,0,Netral,MATCH,
2748,Rao Datul,5,2026-08-25,ok,ok,1.5,Positif,MATCH,
2749,moch zainuri,1,2026-08-25,sekelas pelayan kesehetan rakyat tapi untuk log in gabisa parah si,sekelas pelayan kesehetan rakyat tapi untuk login in tidak bisa buruk si,1.5,Positif,MISMATCH_LOW_RATING,Salah klik rating / Human error (Isi ulasan berupa pujian murni)
2750,Rudi Junaedi,5,2026-08-25,"buat jaga2 aja,daftar nya mudah",buat jaga2 aja daftar nya mudah,2.5,Positif,MATCH,
2751,Rifki Putra,1,2026-08-25,"OTP nya manaaaaaaa????? email aman tapi otp yg lewat sms ga dikirim² padahal nomor aktif,uda ganti jg tetep ga dikirim²,emng apk dari pemerintah nih agak² semua keknya",otp nya mana email aman tapi otp yang lewat sms tidak dikirim padahal nomor aktif uda ganti jg tetep tidak dikirim emng aplikasi dari pemerintah nih agak semua keknya,2,Positif,MISMATCH_LOW_RATING,Salah klik rating / Human error (Isi ulasan berupa pujian murni)
2752,Syanana Umaya,5,2026-08-25,mantaPppp,mantap,3,Positif,MATCH,
2753,Nita Septia,1,2026-08-25,"tolonglah diperbaiki,masa minta kode otp nggak dikirim2,nmr udh bener sama masih aktif,udh minta bolak balik nggak dikirim2,bapak saya udh nahan sakit,kalau nggak daftar kalah sama yg udh daftar,giliran diminta kode otp berkali kali nggak dikirim,gimana sihh!!tolonglah diperbaiki lg sistem nya!!!!!!",tolonglah diperbaiki masa minta kode otp tidak dikirim2 nmr sudah benar sama masih aktif sudah minta bolak balik tidak dikirim2 bapak saya sudah nahan sakit kalau tidak daftar kalah sama yang sudah daftar giliran diminta kode otp berkali kali tidak dikirim gimana sihh tolonglah diperbaiki lg sistem nya,0,Netral,MATCH,
2754,Bunda Annisa,5,2026-08-25,"BPJS sangat membantu sekali, sayang nya satu hari tidak bisa di layanan, salah satu harus bayar.",bpjs sangat membantu sekali sayang nya satu hari tidak bisa di layanan salah satu harus bayar,3,Positif,MATCH,
2755,Jagad Pangeran,5,2026-08-25,ok,ok,1.5,Positif,MATCH,
2756,Agung Darmawan,1,2026-08-25,"Kode otp sms ko ga ada yaa? sdh kucoba berkali2, apa emang harus ada pulsa? klo iyaa parah si sekelas aplikasi pemerintah.",kode otp sms ko tidak ada yaa sudah kucoba berkali2 apa emang harus ada pulsa klo iyaa buruk si sekelas aplikasi pemerintah,-3,Negatif,MATCH,
2757,imron rosyadi,5,2026-08-25,layanan memuaskan. terima kasih,layanan memuaskan terima kasih,2,Positif,MATCH,
2758,Azwar Hamid,5,2026-08-25,perkembangan sangat bagus. semoga bisa lebih bagus lagi di masa mendatang,perkembangan sangat bagus semoga bisa lebih bagus lagi di masa mendatang,4,Positif,MATCH,
2759,Muhammad Habibi Ridhani,1,2026-08-25,"Aplikasi gak jelas , verifikasi OTP nya nunggu sampai kiamat apa ya baru dikirim",aplikasi tidak jelas verifikasi otp nya nunggu sampai kiamat apa ya baru dikirim,-1.35,Negatif,MATCH,
2760,Muhamad Riski,1,2026-08-25,aplikasi GK becus daftar aja gak bisa eror mulu,aplikasi tidak becus daftar aja tidak bisa error terus,-2.5,Negatif,MATCH,
2761,Bagas Yufi,5,2026-08-25,sangat bermanfaat,sangat bermanfaat,3,Positif,MATCH,
2762,Fifitriya ningsih,1,2026-08-25,"Terlalu repot aplikasinya, versi web juga gaada. Tolonglah BPJS perkara kaya gini penting loh, tapi kita sebagai pengguna direpotkan. Ketika login di tempat lain otomatis yang lainnya terlogout. Tolong juga buat versi web untuk memudahkan.",terlalu repot aplikasinya versi web juga gaada tolonglah bpjs perkara kaya gini penting loh tapi kita sebagai pengguna direpotkan ketika login di tempat lain otomatis yang lainnya terlogout tolong juga buat versi web untuk memudahkan,3,Positif,MISMATCH_LOW_RATING,Salah klik rating / Human error (Isi ulasan berupa pujian murni)
2763,laverna hendy,1,2026-08-25,sudah dwload sudah dftar tp gqk diverifikasi. sudah chat WA. tetep yak diverifikasi. tanya di WA yg jawah robot bego. cuma minta diverifikasi nomernya malah muter2 jawabanya gak jd solusi dan gak diverifikasi. pdhal infonya cm suruh WA pandawa kl blm diverifikasi minta diverifikasi. dohhhh yaoloohhhh. esmosii deh,sudah dwload sudah dftar tapi gqk diverifikasi sudah chat wa tetep yak diverifikasi tanya di wa yang jawah robot buruk cuma minta diverifikasi nomernya malah muter2 jawabanya tidak jd solusi dan tidak diverifikasi pdhal infonya cm suruh wa pandawa kl belum diverifikasi minta diverifikasi doh yaolooh esmosii deh,-3,Negatif,MATCH,
2764,Fransisca Margaretha,5,2026-08-25,"sangat terbantu dengan aplikasi ini, nggak perlu capek2 antri daftar manual di faskes",sangat terbantu dengan aplikasi ini tidak perlu capek2 antri daftar manual di faskes,0,Netral,MATCH,
2765,Vofirecaprilya,1,2026-08-25,"susah bgt login,dasar apk bobrok",sulit banget login dasar aplikasi bobrok,-2.5,Negatif,MATCH,
2766,Hendiplas23,1,2026-08-25,"mau daftar sangat sulit, kenapa gak langsung otp via WA,, sangat buruk",mau daftar sangat sulit kenapa tidak langsung otp via wa sangat buruk,-5.5,Negatif,MATCH,
2767,Hendro Channel Metot,4,2026-08-25,lumayan puas dengan pelayanan nya,lumayan puas dengan pelayanan nya,3,Positif,MATCH,
2768,Beni Supriadi,5,2026-08-25,berguna bgt,berguna banget,0,Netral,MATCH,
2769,Desta Wiguna,1,2026-08-25,"di persulit banget ketika lupa sandi, email dan no hp, harus hubungin call center segala.... tolong di permudah lagii untuk masalah loginnya yahh",di persulit banget ketika lupa sandi email dan no hp harus hubungin call center segala tolong di permudah lagii untuk masalah loginnya yahh,0,Netral,MATCH,
2770,ida Anom,5,2026-08-25,bagua,bagua,0,Netral,MATCH,
2771,paloma paloma,2,2026-08-25,sulit Skali nggak bisa login,sulit skali tidak bisa login,-2.5,Negatif,MATCH,
2772,muhammad afrizal,5,2026-08-25,Saya sangat senang sesekali,saya sangat senang sesekali,2,Positif,MATCH,
2773,YAHYA AHMAD,5,2026-08-25,semoga amanah. fatonah. manfaat...,semoga amanah fatonah manfaat,0,Netral,MATCH,
2774,Masjid Al-Fath Seturan,1,2026-08-25,"verifikasi kode otp lewat SMS udh kirim ulang verifikasi tp tetap gabisa.. udah 1 hari coba terus berjuang tp kodenya gapernah terkirim di SMS (slalu ada tulisan ""permintaan anda tdk dpt diproses, coba lagi nanti""), tolong sistemnya diperbaiki pdhl coba verifikasi email langsung terkirim cpt, yg SMS lambat huft kita yg butuh daftar cpt efektif malah terganggu dgn hal2 kecil sprti ini",verifikasi kode otp lewat sms sudah kirim ulang verifikasi tapi tetap tidak bisa udah 1 hari coba terus berjuang tapi kodenya gapernah terkirim di sms slalu ada tulisan permintaan anda tidak dpt diproses coba lagi nanti tolong sistemnya diperbaiki pdhl coba verifikasi email langsung terkirim cpt yang sms lambat huft kita yang butuh daftar cpt efektif malah terganggu dengan hal2 kecil sprti ini,-2.5,Negatif,MATCH,
2775,Aji Naperli,1,2026-08-25,"lama lama ini aplikasi nyusahin masyarakat buat berobat,gangguan terus",lama lama ini aplikasi nyusahin masyarakat buat berobat gangguan terus,-4,Negatif,MATCH,
2776,Widi Hartanto,5,2026-08-25,"Allhamdulilah, sangat membantu untuk meningkatkan aktivitas seperti peserta melakukan antrian perobatan...",allhamdulilah sangat membantu untuk meningkatkan aktivitas seperti peserta melakukan antrean perobatan,3,Positif,MATCH,
2777,Okta Piranda Andika,1,2026-08-25,"Permintaan Anda belum dapat diproses, silakan mencoba beberapa saat lagi. Mohon maaf atas ketidaknyamanan Anda. KONTOLL",permintaan anda belum dapat diproses silakan mencoba beberapa saat lagi mohon maaf atas ketidaknyamanan anda kontoll,0,Netral,MATCH,
2778,Shanaru,5,2026-08-25,oke bagus,oke bagus,3.5,Positif,MATCH,
2779,MORA INDONESIA,5,2026-08-25,lancar,lancar,2.5,Positif,MATCH,
2780,Susi Siamah,5,2026-08-25,kenapa trouble ??,kenapa trouble,0,Netral,MATCH,
2781,Meidy Asri santi Kalangi,5,2026-08-25,bagus,bagus,2,Positif,MATCH,
2782,Realme C53,2,2026-08-25,"sering terjadi eror bug hanya muter"" mempersulit .",sering terjadi error bug hanya muter mempersulit,-4.5,Negatif,MATCH,
2783,Gesti Farah Anjani,1,2026-08-25,"ini kenapa dari kemaren buka kartu peserta aja susah, saya coba install ulang malah ngga bs login. kode captcha nya ngga keluar²",ini kenapa dari kemaren buka kartu peserta aja sulit saya coba install ulang malah tidak bs login kode captcha nya tidak keluar,-2.5,Negatif,MATCH,
2784,rudi naru,1,2026-08-25,"aplikasi ribet, login ulang harus masukkan no KTP, susunan menu berantakan, menu utama malah posisinya dibelakang",aplikasi rumit login ulang harus masukkan no kartu tanda penduduk susunan menu berantakan menu utama malah posisinya dibelakang,-2,Negatif,MATCH,
2785,Sri Mldia018,1,2026-08-25,susah pendatfarannya lemot!,sulit pendatfarannya lambat,-5,Negatif,MATCH,
2786,rositarosa roes,5,2026-08-25,"sgt membantu,mempermudah unk mendapatkan antean dan mengetahui tentang kesehatan dan tentzng penyakit kita dgn rutin",sgt membantu mempermudah unk mendapatkan antean dan mengetahui tentang kesehatan dan tentzng penyakit kita dengan rutin,3,Positif,MATCH,
2787,Bachtiar Rifa'i,5,2026-08-24,tidak ada fitur pembatalan untuk yg sudah cek in tp dokter GK ada atau cuti harusnya bisa di batalin biarpun sudah cek in,tidak ada fitur pembatalan untuk yang sudah cek in tapi dokter tidak ada atau cuti harusnya bisa di batalin biarpun sudah cek in,0,Netral,MATCH,
2788,Salman Aziz,4,2026-08-24,"sementara ini saya kasih rating 4 karena fast respon tapi untuk pengaduan saya atas pelayanan kesehatan faskes 1 bisa di respon atau tidak saya tidak tau karena saya benar"" butuh perawatan serius",sementara ini saya kasih rating 4 karena fast respon tapi untuk pengaduan saya atas pelayanan kesehatan faskes 1 bisa di respon atau tidak saya tidak tau karena saya benar butuh perawatan serius,0,Netral,MATCH,
2789,Raisa Balqis,5,2026-08-24,sangat membantu sekali dengan menggunakan mobile JKN jadi lebih mudah untuk berobat trimakasih mobile JKN kis,sangat membantu sekali dengan menggunakan mobile jkn jadi lebih mudah untuk berobat trimakasih mobile jkn kis,5.5,Positif,MATCH,
2790,Leon Archives,5,2026-08-24,Sangat membantu,sangat membantu,3,Positif,MATCH,
2791,Fitri Rahmadayanti,5,2026-08-24,sangat membantu dan mudah,sangat membantu dan mudah,5.5,Positif,MATCH,
2792,Endri Setiawan,1,2026-08-24,tidak bisa log in,tidak bisa login in,0,Netral,MATCH,
2793,Choirul Azzam,1,2026-08-24,applikasi nya jelek mau masuk gak bisa pdahal nik sma pasword nya benar,applikasi nya buruk mau masuk tidak bisa pdahal nik sma pasword nya benar,-3,Negatif,MATCH,
2794,Lisa Jesycha,5,2026-08-24,bagus,bagus,2,Positif,MATCH,
2795,Olom Olom,1,2026-08-24,"apk apa ini saat mau daftat pasti bermasalah, tolong di perbaiki dong mind.",aplikasi apa ini saat mau daftat pasti bermasalah tolong di perbaiki dong mind,0,Netral,MATCH,
2796,Miftakul Khusna,5,2026-08-24,Good 👍,good,2,Positif,MATCH,
2797,Lulu Lutfia,5,2026-08-24,mantap,mantap,3,Positif,MATCH,
2798,Angga Wahyudi,5,2026-08-24,sangat diperlukan,sangat diperlukan,0,Netral,MATCH,
2799,Siti Supatini,1,2026-08-24,"kenapa gak bisa masuk padahal nik, pass, captcha udah diisi, ketika klik tombol masuk gak terjadi apa2, tolong diperbaiki bug nya",kenapa tidak bisa masuk padahal nik pass captcha udah diisi ketika klik tombol masuk tidak terjadi apa2 tolong diperbaiki bug nya,-2,Negatif,MATCH,
2800,Nizam K,5,2026-08-24,sangat membantu,sangat membantu,3,Positif,MATCH,
2801,Khusnul Khotimah,5,2026-08-24,sangat membantu saya yang memiliki BPJS kiss,sangat membantu saya yang memiliki bpjs kiss,3,Positif,MATCH,
2802,MAMAH ADRY,1,2026-08-24,"aduh ampun,, gimana sih,, susah dapet kode otp sms nya,, parah banget pokok nya.. kenapa ga di permudah sih?? sedangkan mau ke puskesmas harus pke mobile jkn tp mau daftarnya juga malah susah.. lebih enak pas blum ada mobile jkn ini!!!ga ribet ke puskesmas nya juga!!",aduh ampun gimana sih sulit dapet kode otp sms nya buruk banget pokok nya kenapa tidak di permudah sih sedangkan mau ke puskesmas harus pke mobile jkn tapi mau daftarnya juga malah sulit lebih enak pas blum ada mobile jkn ini tidak rumit ke puskesmas nya juga,-7,Negatif,MATCH,
2803,War Din,5,2026-08-24,mudah dan sederhana,mudah dan sederhana,2.5,Positif,MATCH,
2804,Deni Idm,5,2026-08-24,sejauh ini membantu walaupun belum paham semua setiap aplikasi nya,sejauh ini membantu walaupun belum paham semua setiap aplikasi nya,3,Positif,MATCH,
2805,Muhamad Dickykurniawan,1,2026-08-24,"ga bisa login., kode verifikasi ga pernah masuk.,",tidak bisa login kode verifikasi tidak pernah masuk,0,Netral,MATCH,
2806,Rahna Ertanto,1,2026-08-24,sulit di aksesnya panduan berubah trus masuk harus auto debit,sulit di aksesnya panduan berubah terus masuk harus auto debit,-2.5,Negatif,MATCH,
2807,Kusno Sakimin,5,2026-08-24,keren jkn,keren jkn,2.5,Positif,MATCH,
2808,Asrul Anggana putara NS,5,2026-08-24,mempermudah mantap,mempermudah mantap,3,Positif,MATCH,
2809,シロサマヒムラ,5,2026-08-24,terbaik alhamdulillah terima kasih banyak JKN ❤️❤️,terbaik alhamdulillah terima kasih banyak jkn,5,Positif,MATCH,
2810,Engkong Asa,5,2026-08-24,mantul mantap betul,mantul mantap betul,3,Positif,MATCH,
2811,nadir ezza,5,2026-08-24,baguss aplikasinya,baguss aplikasinya,0,Netral,MATCH,
2812,Altip Pratama,1,2026-08-24,sampah,sampah,-4,Negatif,MATCH,
2813,hamzah fansuri,5,2026-08-24,mantap,mantap,3,Positif,MATCH,
2814,nelly wahyuni,5,2026-08-24,Bagus sekali,bagus sekali,2,Positif,MATCH,
2815,andri tazarli,5,2026-08-24,nice,nice,2,Positif,MATCH,
2816,Anisah,5,2026-08-24,cukup baik,cukup baik,2,Positif,MATCH,
2817,Pteck Lanank,5,2026-08-24,ok,ok,1.5,Positif,MATCH,
2818,caecillia rusmini,5,2026-08-24,baik lancar,baik lancar,4.5,Positif,MATCH,
2819,noviani marista,5,2026-08-24,niceee,nice,2,Positif,MATCH,
2820,Atha tiga,5,2026-08-24,bagus,bagus,2,Positif,MATCH,
2821,jazy kretek,5,2026-08-24,"alhamdulillah sangat membatu sekali mudah, cepat juga ngak ribet ditambah pelayanan nya mulai dari bpjs sendiri masuk ke askes kesehatan juga semua Rs yang dirujuk sangat sopan, baik, ramah dan mudah di mengerti terima kasih jkn bpjs",alhamdulillah sangat membatu sekali mudah cepat juga ngak rumit ditambah pelayanan nya mulai dari bpjs sendiri masuk ke askes kesehatan juga semua rs yang dirujuk sangat sopan baik ramah dan mudah di mengerti terima kasih jkn bpjs,11.5,Positif,MATCH,
2822,Amirah Awaliyyin,5,2026-08-24,bagusss banget cepat mudah,bagus banget cepat mudah,7,Positif,MATCH,
2823,siti fani,5,2026-08-24,pelayanan cepat,pelayanan cepat,2.5,Positif,MATCH,
2824,sopyan Sauri,5,2026-08-24,sangat mudah di gunakan untuk berobat,sangat mudah di gunakan untuk berobat,2.5,Positif,MATCH,
2825,Maxxal Syah,1,2026-08-24,susah banget daftar mobile jkn verifikasi wajah gagal terus.,sulit banget daftar mobile jkn verifikasi wajah gagal terus,-5,Negatif,MATCH,
2826,Wiwin Hamzah,5,2026-08-24,bagus,bagus,2,Positif,MATCH,
2827,Asep Sumantri,5,2026-08-24,mohon di bantu untuk pengambilan obat agar tidak terlalu lama menunggu,mohon di bantu untuk pengambilan obat agar tidak terlalu lama menunggu,-2,Negatif,MISMATCH_HIGH_RATING,"Rating bintang tinggi (4-5), namun isi ulasan memuat kritik/keluhan tajam"
2828,Siti Hardiyanti Sulaiman,5,2026-08-24,sangat mudah dan membantu sekali👍🏻👍🏻,sangat mudah dan membantu sekali,5.5,Positif,MATCH,
2829,Bimbim Gunapi,1,2026-08-24,aplikasi gak guna . GK bisa buat daftar,aplikasi tidak guna tidak bisa buat daftar,0,Netral,MATCH,
2830,Anisadevi Lestyowati,1,2026-08-24,tidak bisa di install,tidak bisa di install,0,Netral,MATCH,
2831,Tria Gita Wahyuni,5,2026-08-24,Terimakasih banyak... kami puas dg pelayanan hari ini,terimakasih banyak kami puas dg pelayanan hari ini,3,Positif,MATCH,
2832,maulana ibra,2,2026-08-24,"mau ambil antrian online malah stuck di background aplikasi,",mau ambil antrean online malah stuck di background aplikasi,-2,Negatif,MATCH,
2833,Indra Cahyana,5,2026-08-24,good,good,2,Positif,MATCH,
2834,Juliana Butarbutar,4,2026-08-24,mengganti segmen nya susah apalagi sempat salah ngetik,mengganti segmen nya sulit apalagi sempat salah ngetik,-2.5,Negatif,MISMATCH_HIGH_RATING,"Rating bintang tinggi (4-5), namun isi ulasan memuat kritik/keluhan tajam"
2835,Joya Jesi,4,2026-08-24,"mohon di perbaiki makin susah mau berobat, kadang aplkasi gak bisa di buka, terus klnlinik di harus kan daftar pake online aplikasi ini, tapi susah di buka, mohon agar daftar tidak selalu online manual bisa jaga jaga kaya gini jadi menyusahkan kan yang sakit, lagi sakit tambah di susahkan giliran bayar telat langsung di blokir...",mohon di perbaiki makin sulit mau berobat kadang aplkasi tidak bisa di buka terus klnlinik di harus kan daftar pake online aplikasi ini tapi sulit di buka mohon agar daftar tidak selalu online manual bisa jaga jaga kaya gini jadi menyusahkan kan yang sakit lagi sakit tambah di susahkan giliran bayar telat langsung di blokir,-5,Negatif,MISMATCH_HIGH_RATING,"Rating bintang tinggi (4-5), namun isi ulasan memuat kritik/keluhan tajam"
2836,jerico beltlazar,5,2026-08-24,oke,oke,1.5,Positif,MATCH,
2837,Dw Ora,5,2026-08-24,ok is the best,ok is the best,1.5,Positif,MATCH,
2838,Sherly marchelina,1,2026-08-24,"makin kesini kok makin aneh apk ny..sulit di pakai..lebih sering tidak terhubung server..padahal sinyal ok.. pakai wifi pun bgtu..terus kalau udh lama ga dbka tba2 log out sndiri..giliran mau log in lgi ga bsa2 terus..jangan mempersulit donk..saya bayar bpjs, orang tua saya juga byr bpjs.masa giliran mau di pke ribet apk ny",makin kesini kok makin aneh aplikasi ny sulit di pakai lebih sering tidak terhubung server padahal sinyal ok pakai wifi pun begitu terus kalau sudah lama tidak dbka tba2 login out sndiri giliran mau login in lgi tidak bsa2 terus jangan mempersulit donk saya bayar bpjs orang tua saya juga byr bpjs masa giliran mau di pke rumit aplikasi ny,-5,Negatif,MATCH,
2839,Catur Prasetyo,1,2026-08-24,Aplikasi sampah..mau daftar aja susah kode captcha gx nonggol..otp gx masuk Perbaiki lah aplikasinya masyarakatnya butuh tapi dipersulit,aplikasi sampah mau daftar aja sulit kode captcha gx nonggol otp gx masuk perbaiki lah aplikasinya masyarakatnya butuh tapi dipersulit,-10,Negatif,MATCH,
2840,Arnas Manne,5,2026-08-24,Makasih iya,makasih iya,2,Positif,MATCH,
2841,Aciew Ebod,5,2026-08-24,sangat membantu,sangat membantu,3,Positif,MATCH,
2842,calo Motor,5,2026-08-24,JkN membantu dalam kesehatan,jkn membantu dalam kesehatan,3,Positif,MATCH,
2843,Yono Riana,5,2026-08-24,trima kasih mobile jkn,trima kasih mobile jkn,0,Netral,MATCH,
2844,Pengguna Google,5,2026-08-24,proses cepat. mudah tau apa yang Qt mau,proses cepat mudah tau apa yang qt mau,5,Positif,MATCH,
2845,Adhlin Faridz,2,2026-08-24,"ternyata banyak keluhan yg sama, otp tidak masuk, ngambil antrai di rs jadi ribet karena 2 kali daftar antrian, bukankah teknologi ada untuk mempermudah?, semoga pihal developnya bisa memberpaiki sistemnya, jangan jadi era kemunduran terima kasih",ternyata banyak keluhan yang sama otp tidak masuk ngambil antrai di rs jadi rumit karena 2 kali daftar antrean bukankah teknologi ada untuk mempermudah semoga pihal developnya bisa memberpaiki sistemnya jangan jadi era kemunduran terima kasih,0,Netral,MATCH,
2846,Norma Sirupa,5,2026-08-24,Terimakasih Atas Pelayanannya,terimakasih atas pelayanannya,0,Netral,MATCH,
2847,Silviah,5,2026-08-24,sangat membantu dan memudahkan,sangat membantu dan memudahkan,6,Positif,MATCH,
2848,Yohanes Jamal,5,2026-08-24,"bagus , lancar",bagus lancar,4.5,Positif,MATCH,
2849,D A N I A N G G A,1,2026-08-24,"aplikasi jelek, sekedar mau daftar online aja gagal terus. dengan alasan opsi ini tidak tersedia.",aplikasi buruk sekedar mau daftar online aja gagal terus dengan alasan opsi ini tidak tersedia,-5.5,Negatif,MATCH,
2850,Yuyun,5,2026-08-24,terbaik,terbaik,3,Positif,MATCH,
2851,Andi Kurniawan,5,2026-08-24,cepet lugas,cepet lugas,0,Netral,MATCH,
2852,Made Arya,1,2026-08-24,aplikasi trus keluar..pas log in gk bisa lagi,aplikasi terus keluar pas login in tidak bisa lagi,0,Netral,MATCH,
2853,reza pahlefi,1,2026-08-24,"pendaftaran sulit , kode verif gamasuk masuk , pulsa dan paket data banyak dan kencang tapi gamasuk masuk",pendaftaran sulit kode verif gamasuk masuk pulsa dan paket data banyak dan kencang tapi gamasuk masuk,-2.5,Negatif,MATCH,
2854,Suleman Alkatiri,1,2026-08-24,"aplikasi terjelek sepanjang sejarah RI , setiap pasien di minta daftar di aplikasi JKN tapi di pakai di beda device gak bisa harus 1 device sekarang hampir rata rata sdh punya device masing masing dan tidak semua orang harus mengantar pasien contohnya anak sakit yang mengantar ibunya, sedang Aplikasi JKN punya device bapaknya, apa mungkin si bapak harus tukeran device sama ibu? sekarang orang kerja sdh banyak menggunakan perangkat hp seperti gojek dll tolong Admin perbaiki Layanan",aplikasi terjelek sepanjang sejarah ri setiap pasien di minta daftar di aplikasi jkn tapi di pakai di beda device tidak bisa harus 1 device sekarang hampir rata rata sudah punya device masing masing dan tidak semua orang harus mengantar pasien contohnya anak sakit yang mengantar ibunya sedang aplikasi jkn punya device bapaknya apa mungkin si bapak harus tukeran device sama ibu sekarang orang kerja sudah banyak menggunakan perangkat hp seperti gojek dll tolong admin perbaiki layanan,0,Netral,MATCH,
2855,Ahmd Gunawan,3,2026-08-24,"eror terus pas kirim kode verifikasi ga muncul muncul kode nya, jaringan dah bagus juga tetep aja",error terus pas kirim kode verifikasi tidak muncul muncul kode nya jaringan dah bagus juga tetep aja,-0.5,Netral,MATCH,
2856,Dina Dima,5,2026-08-24,cukup membantu,cukup membantu,3,Positif,MATCH,
2857,Riyyun Syah Alfarih,5,2026-08-24,"good job easy play maker mempermudah akses,,,",good job easy play maker mempermudah akses,2,Positif,MATCH,
2858,luulluv_,1,2026-08-24,aplikasi bosok,aplikasi bosok,0,Netral,MATCH,
2859,Lw Last War,1,2026-08-24,"pengalaman untuk penguna baru saat memasukan nomor telepon tidak bisa sudah ganti 3 kartu Smartfren Telkomsel dan XL semuanya gak bisa, apa memang aplikasi bikinan pemerintah bobrok semua angaran sampai miliaran kok giniamat",pengalaman untuk penguna baru saat memasukan nomor telepon tidak bisa sudah ganti 3 kartu smartfren telkomsel dan xl semuanya tidak bisa apa memang aplikasi bikinan pemerintah bobrok semua angaran sampai miliaran kok giniamat,0,Netral,MATCH,
2860,Muhammad Faiz,2,2026-08-24,"tidak bisa daftar, berhenti di verifikasi nomer handphone, udah di tunggu cukup lama tetap tidak bisa",tidak bisa daftar berhenti di verifikasi nomer handphone udah di tunggu cukup lama tetap tidak bisa,-2,Negatif,MATCH,
2861,Abimmailishak Abim,1,2026-08-24,"registrasi nya susah banget nih apk, apk buatan pemerintah gaada yg bener busuk semua",registrasi nya sulit banget nih aplikasi aplikasi buatan pemerintah gaada yang benar busuk semua,-2.5,Negatif,MATCH,
2862,Iskar Jhon,1,2026-08-24,"Untung saya baca ulasan dulu,kalok ngga ikut jadi korban nih saya .....",untung saya baca ulasan dulu kalok tidak ikut jadi korban nih saya,0,Netral,MATCH,
2863,Jeri 007,5,2026-08-24,bagus,bagus,2,Positif,MATCH,
2864,aeni cholifah,5,2026-08-24,aplikasi ini cukup membantu untuk menganti faskes dan lainnya,aplikasi ini cukup membantu untuk menganti faskes dan lainnya,3,Positif,MATCH,
2865,Mulyadi,5,2026-08-24,ok pisan,ok pisan,1.5,Positif,MATCH,
2866,Dinal Lana,1,2026-08-24,definisi menyulitkan hidup apk ini mah,definisi menyulitkan hidup aplikasi ini mah,0,Netral,MATCH,
2867,Be Mine,1,2026-08-24,enggak bisa login..,enggak bisa login,0,Netral,MATCH,
2868,Didin Jamaludin,5,2026-08-24,okk,okk,0,Netral,MATCH,
2869,carollin ammora,1,2026-08-24,"mohon servernya di perbesar, lemot sekali..niatnya mempermudah ini malah mempersulit",mohon servernya di perbesar lambat sekali niatnya mempermudah ini malah mempersulit,-2.5,Negatif,MATCH,
2870,Mas Nano,1,2026-08-24,"perbaiki bug nya, akun sering log out sendiri. trmksih",perbaiki bug nya akun sering login out sendiri trmksih,-2,Negatif,MATCH,
2871,juni sanjaya,5,2026-08-24,sangat terbantukan dengan adanya jkn,sangat terbantukan dengan adanya jkn,0,Netral,MATCH,
2872,Fano Roberto,1,2026-08-24,rewellll,rewel,0,Netral,MATCH,
2873,Abdul Halim,5,2026-08-24,luar biyasa,luar biyasa,0,Netral,MATCH,
2874,Soe Larno,5,2026-08-24,pelayanan sangat bagus,pelayanan sangat bagus,2,Positif,MATCH,
2875,Demsi Lalay,5,2026-08-24,sangat membantu,sangat membantu,3,Positif,MATCH,
2876,adi cahyadi,2,2026-08-24,"Saat diperlukan malah diminta bolak balik sign in..ini brhubungan dgn kesehatan, bayar tiap bulan..knpa begini?ga ada alasan krn bnyk yg pakai..ya emang bnyk yg pakai,..hrusnya kan dari awal sudah tau bakal bnyk yg pakai, persiapkan semua dgn baik donk..servernya kek di up grade, ato apa gitu..maaf..sy kesal...",saat diperlukan malah diminta bolak balik sign in ini brhubungan dengan kesehatan bayar tiap bulan knpa begini tidak ada alasan karena bnyk yang pakai ya emang bnyk yang pakai hrusnya kan dari awal sudah tau bakal bnyk yang pakai persiapkan semua dengan baik donk servernya kek di up grade ato apa gitu maaf saya kesal,-0.5,Netral,MATCH,
2877,Raffi Candranata,1,2026-08-24,"aplikasi gila, katanya ngambil nomor antrian harus dari sini tapi pas daftar kode otp gak masuk"" alesan gak bisa di proses padahal jaringan ku bagus pakek wifi pun aku di rumah tapi tetep aja gak masuk"" kode otp, perkara kode otp gak masuk jadi gak bisa kontrol aku ke RS karena gak dapet nomor antrian",aplikasi gila katanya ngambil nomor antrean harus dari sini tapi pas daftar kode otp tidak masuk alesan tidak bisa di proses padahal jaringan ku bagus pakek wifi pun aku di rumah tapi tetep aja tidak masuk kode otp perkara kode otp tidak masuk jadi tidak bisa kontrol aku ke rs karena tidak dapet nomor antrean,2,Positif,MISMATCH_LOW_RATING,Salah klik rating / Human error (Isi ulasan berupa pujian murni)
2878,Pandi,5,2026-08-24,mantap,mantap,3,Positif,MATCH,
2879,Demas Pahlephi,1,2026-08-24,"menyulitkan tidak dapat kode otp,gausah pakai aplikasi ini",menyulitkan tidak dapat kode otp gausah pakai aplikasi ini,0,Netral,MATCH,
2880,Ihus Triyandi,1,2026-08-24,ribet amattt,rumit amat,-2,Negatif,MATCH,
2881,Sifa Yoga.,1,2026-08-24,aplikasi tidak berguna eror trus verifikasi SMS tidak pernah muncul,aplikasi tidak berguna error terus verifikasi sms tidak pernah muncul,-2.5,Negatif,MATCH,
2882,Aliyah Liyah,5,2026-08-24,saya ko g bisa donlod aplikasi ini,saya ko g bisa donlod aplikasi ini,0,Netral,MATCH,
2883,Guud Chanel,1,2026-08-24,aplikasi lelettt,aplikasi lambat,-2.5,Negatif,MATCH,
2884,Mocharive Shaleh,5,2026-08-24,sangat membatuu,sangat membatuu,0,Netral,MATCH,
2885,Dede Nadilla,5,2026-08-24,bagus banget aplikasi nya terimakasih untuk kesekian kalinya semoga aplikasi ini bisa membantu aku,bagus banget aplikasi nya terimakasih untuk kesekian kalinya semoga aplikasi ini bisa membantu aku,5,Positif,MATCH,
2886,ニクマKenzy,1,2026-08-24,"tolong tingkatin lagi dong aplikasinya, udah masukin otp buat ganti password malah disuruh verifikasi ulang kan aneh",tolong tingkatin lagi dong aplikasinya udah masukin otp buat ganti password malah disuruh verifikasi ulang kan aneh,0,Netral,MATCH,
2887,Iwan Tri prasetyo,1,2026-08-24,mau masuk login aja salah terus padahal udah bener semua bener² apk busuk cuma mau periksa malah jadi ribet grgr apk sampah,mau masuk login aja salah terus padahal udah benar semua benar aplikasi busuk cuma mau periksa malah jadi rumit grgr aplikasi sampah,-6,Negatif,MATCH,
2888,yuly azarif,5,2026-08-24,sangat membantu di kala sedang tidak bisa di cabang nya kita bisa menggunakan aplikasi ini di rumah maupun di mana saja terimakasih,sangat membantu di kala sedang tidak bisa di cabang nya kita bisa menggunakan aplikasi ini di rumah maupun di mana saja terimakasih,3,Positif,MATCH,
2889,rindusurga 571,5,2026-08-24,pindah paskes gak perlu datang ke kantor nya. cukup dari aplikasinya. mantaf inimah,pindah paskes tidak perlu datang ke kantor nya cukup dari aplikasinya mantaf inimah,0,Netral,MATCH,
2890,Yulianto Ranova,1,2026-08-24,"asli ribet kasihan yg lansia di wajib kan utk verifikasi wajah mohon lah cukup verifikasi pakai nik aja,ribet kalau utk para lansia mohon bukan acuan utk kaum lansia,mau berobat aja seribet ini",asli rumit kasihan yang lansia di wajib kan untuk verifikasi wajah mohon lah cukup verifikasi pakai nik aja rumit kalau untuk para lansia mohon bukan acuan untuk kaum lansia mau berobat aja seribet ini,-4,Negatif,MATCH,
2891,Desti Nurkhalifah,5,2026-08-24,bagus,bagus,2,Positif,MATCH,
2892,Risma Fadillah,3,2026-08-24,"aplikasinya masih banyak trouble nya, banyak erornya. untuk pendaftaran pengguna apk susah banget gak lancar banyak kendala, dislike",aplikasinya masih banyak trouble nya banyak erornya untuk pendaftaran pengguna aplikasi sulit banget tidak lancar banyak kendala dislike,-4.75,Negatif,MATCH,
2893,Thomas Heriyanto,5,2026-08-24,mudah dan akurat,mudah dan akurat,2.5,Positif,MATCH,
2894,Bu Dek,1,2026-08-24,aplikasi jelek sekali,aplikasi buruk sekali,-3,Negatif,MATCH,
2895,Rehan Nuvonrfd,5,2026-08-24,"mungkin saran, agar poli infeksius di tambahkan, supaya bisa langsung daftar ke poli tersebut",mungkin saran agar poli infeksius di tambahkan supaya bisa langsung daftar ke poli tersebut,0,Netral,MATCH,
2896,Yany 76,5,2026-08-24,baik,baik,2,Positif,MATCH,
2897,DEWA,1,2026-08-24,kode otp tidak pernah masuk,kode otp tidak pernah masuk,0,Netral,MATCH,
2898,Perintis bukan Pewaris,5,2026-08-24,good,good,2,Positif,MATCH,
2899,Anggi Saputri,5,2026-08-24,mantap bagus cepat,mantap bagus cepat,7.5,Positif,MATCH,
2900,Babeh Yudi,1,2026-08-24,harus nya antara antrian jkn dengan yg dateng pertama ke faskes di bedakan. sudah susah payah datang duluan ke antrian tapi di lewati oleh antrian online,harus nya antara antrean jkn dengan yang dateng pertama ke faskes di bedakan sudah sulit payah datang duluan ke antrean tapi di lewati oleh antrean online,-5.5,Negatif,MATCH,
2901,InFamous WilL,1,2026-08-24,"busuk bener appnya mau daftar mental2 mlo pdhal mau cek sms otp kocak asli, udh gitu otpnya ga masuk2 suruh nunggu teros sekelas pemerintahan bikin aplikasi busuk",busuk benar appnya mau daftar mental2 mlo pdhal mau cek sms otp kocak asli sudah gitu otpnya tidak masuk2 suruh nunggu teros sekelas pemerintahan bikin aplikasi busuk,0,Netral,MATCH,
2902,PRISCHA CAHYA,5,2026-08-24,bagus,bagus,2,Positif,MATCH,
2903,abam lagonda,4,2026-08-24,"aplikasi error, sekarang sy lagi di puskesmas, cuma planga-plongo karna aplikasi tidak jelas",aplikasi error sekarang saya lagi di puskesmas cuma planga-plongo karena aplikasi tidak jelas,-3.85,Negatif,MISMATCH_HIGH_RATING,"Rating bintang tinggi (4-5), namun isi ulasan memuat kritik/keluhan tajam"
2904,Menik Widiyastuti,5,2026-08-24,mudah melakukan perubahan faskes dgn cara online.,mudah melakukan perubahan faskes dengan cara online,2.5,Positif,MATCH,
2905,Sukiyo 731,1,2026-08-24,makin susah aja mau masuk,makin sulit aja mau masuk,-2.5,Negatif,MATCH,
2906,Arief Fardiansyah,5,2026-08-24,"pelayanan bagus dan cepat, terimakasih semoga bermanfaat untuk keluarga Indonesia.",pelayanan bagus dan cepat terimakasih semoga bermanfaat untuk keluarga indonesia,7.5,Positif,MATCH,
2907,Muhammad Hendriansyah,5,2026-08-24,"Sangat membantu, sehat selalu aplikator mobile JKN",sangat membantu sehat selalu aplikator mobile jkn,3,Positif,MATCH,
2908,gacoy kang_,1,2026-08-24,masih banyak error jadi ribet di pake,masih banyak error jadi rumit di pake,-4.5,Negatif,MATCH,
2909,Jusmaniar Ijis,5,2026-08-24,Bisa mendaftar ke faskes dengan cepat dan tampa berlama lama menunggu,bisa mendaftar ke faskes dengan cepat dan tampa berlama lama menunggu,0.5,Netral,MATCH,
2910,Muammar Nur,5,2026-08-23,bagus,bagus,2,Positif,MATCH,
2911,Maisa,1,2026-08-23,aplikasi bikin emosi... malah bikin susah.. nomer nik Ki yang aku masukan berharap bisa daftar antriin anak malah enggak bisa... aplikasi kureng dipaksa beroperasi.. kureng..,aplikasi bikin emosi malah bikin sulit nomer nik ki yang aku masukan berharap bisa daftar antriin anak malah enggak bisa aplikasi kureng dipaksa beroperasi kureng,-3.5,Negatif,MATCH,
2912,Oka Mukaromah,5,2026-08-23,sangat membantu,sangat membantu,3,Positif,MATCH,
2913,Edi Setiawan,4,2026-08-23,sangat membatu saya dalam mengambil antrian,sangat membatu saya dalam mengambil antrean,0,Netral,MATCH,
2914,Cucu Ponakan,1,2026-08-23,sering bermasalah antriannya,sering bermasalah antriannya,0,Netral,MATCH,
2915,Rahman Aidil,1,2026-08-23,"ribett, mau ambil antrian apk nya eror mulu",ribett mau ambil antrean aplikasi nya error terus,-2.5,Negatif,MATCH,
2916,Amir Udin,5,2026-08-23,bagus,bagus,2,Positif,MATCH,
2917,Click Pause_-,1,2026-08-23,"udah 3 bulan setiap rujukan di rumah sakit pasti keterangan jadwal tidak ditemukan, ga ada perbaikan",udah 3 bulan setiap rujukan di rumah sakit pasti keterangan jadwal tidak ditemukan tidak ada perbaikan,0,Netral,MATCH,
2918,Dewi Puspita,3,2026-08-23,"tolong banget servernya seperti semula, masak sebulan cuma bisa daftar 1 kali aja, padahal ibu saya kontrol sebulan 2 kali, tolonglah jangan di persulitttt🥱🥱",tolong banget servernya seperti semula masak sebulan cuma bisa daftar 1 kali aja padahal ibu saya kontrol sebulan 2 kali tolonglah jangan di persulit,0,Netral,MATCH,
2919,ayyip wo,1,2026-08-23,mau ambil antrean aja gagal mulu,mau ambil antrean aja gagal terus,-2.5,Negatif,MATCH,
2920,Siti Alida,5,2026-08-23,JKN aplikasi sangat membantu .Mantab,jkn aplikasi sangat membantu mantap,6,Positif,MATCH,
2921,Ali ansyah,5,2026-08-23,oke,oke,1.5,Positif,MATCH,
2922,Dika Intan,5,2026-08-23,"registrasi lancar, semoga semakin di-update menjadi lebih baik",registrasi lancar semoga semakin di-update menjadi lebih baik,4.5,Positif,MATCH,
2923,Dhedhi Setiyadi,1,2026-08-23,Sudah tidak bisa di update di hp saya. Lebih mudah mengupdate aplikasi pinjol dari pada aplikasi ini.,sudah tidak bisa di update di hp saya lebih mudah mengupdate aplikasi pinjol dari pada aplikasi ini,2.5,Positif,MISMATCH_LOW_RATING,Salah klik rating / Human error (Isi ulasan berupa pujian murni)
2924,wawan Rangkas,1,2026-08-23,baru juga mau daftar masukin nomer nik lah masa iya malah udah terdaftar kata nya.. aplikasi apaan ini. sampah .,baru juga mau daftar masukin nomer nik lah masa iya malah udah terdaftar kata nya aplikasi apaan ini sampah,-4,Negatif,MATCH,
2925,Basten Simarmata,5,2026-08-23,ok,ok,1.5,Positif,MATCH,
2926,Yadi Seliyani,5,2026-08-23,mantap,mantap,3,Positif,MATCH,
2927,Taufik Hidayat,5,2026-08-23,sangat bagus,sangat bagus,2,Positif,MATCH,
2928,Jupiter Mx,5,2026-08-23,ok,ok,1.5,Positif,MATCH,
2929,Ngetik Cepat,1,2026-08-23,ini aplikasi apa sihh. kinerja seperti apa gajelas verifikasi nomor yg gak dikirim susah amat,ini aplikasi apa sihh kinerja seperti apa gajelas verifikasi nomor yang tidak dikirim sulit amat,-2.5,Negatif,MATCH,
2930,Nusa jaya Kabil,5,2026-08-23,sangat membantu dalam hal perubahan data perobatan,sangat membantu dalam hal perubahan data perobatan,3,Positif,MATCH,
2931,Irman Syah2,1,2026-08-23,apk tolol registrasi ga bisa bisa mau diapain ini apk tolol,aplikasi tolol registrasi tidak bisa bisa mau diapain ini aplikasi tolol,0,Netral,MATCH,
2932,Dewi Apiyani,5,2026-08-23,sangat praktis,sangat praktis,2.5,Positif,MATCH,
2933,Dadan Servis,5,2026-08-23,bagus buat daftar nomber antrian,bagus buat daftar nomber antrean,2,Positif,MATCH,
2934,Didi Mustari,5,2026-08-23,sangat menerik dan muda di gunakan,sangat menerik dan muda di gunakan,0,Netral,MATCH,
2935,Rizki Amalia,5,2026-08-23,terbaik,terbaik,3,Positif,MATCH,
2936,Herry Realbon,5,2026-08-23,mudah di operasikan.,mudah di operasikan,2.5,Positif,MATCH,
2937,Faizal Pratama_FBS_Gunungkidul PRATAMA,1,2026-08-23,aplikasi apaan ga bisa daftar dipersulit internet lancar pulsa ada kodenya ga ke kirim anehh anehh,aplikasi apaan tidak bisa daftar dipersulit internet lancar pulsa ada kodenya tidak ke kirim anehh anehh,-1,Negatif,MATCH,
2938,Ummul Laila,1,2026-08-23,canggih sih canggih tapi mempersulit orang tua berobat jalan,canggih sih canggih tapi mempersulit orang tua berobat jalan,0,Netral,MATCH,
2939,Tri Novayani,5,2026-08-23,Aplikasi yang sangat membantu..,aplikasi yang sangat membantu,3,Positif,MATCH,
2940,Suherman,5,2026-08-23,sangat membantu sekali aplikasi ini.,sangat membantu sekali aplikasi ini,3,Positif,MATCH,
2941,Pakde Badrun,5,2026-08-23,oke,oke,1.5,Positif,MATCH,
2942,idris Suardi,5,2026-08-23,👍👍👍👍,,0,Netral,MATCH,
2943,Ant Redrevolver,5,2026-08-23,sangat membantu,sangat membantu,3,Positif,MATCH,
2944,Yuda Pangestu,5,2026-08-23,bagaimana cara aktifkan akun yg belum terverifikasi,bagaimana cara aktifkan akun yang belum terverifikasi,0,Netral,MATCH,
2945,Yoon Meri,5,2026-08-23,"sangat membantu,, proses nya gak ribet untuk ibu"" gaptek kaya saya 🙏🏻",sangat membantu proses nya tidak rumit untuk ibu gaptek kaya saya,4,Positif,MATCH,
2946,Yantilaia Laiayanti,5,2026-08-23,sangat membantu,sangat membantu,3,Positif,MATCH,
2947,Hafid Hafid,5,2026-08-23,sangat membantu,sangat membantu,3,Positif,MATCH,
2948,Rohendi 27,5,2026-08-23,sangat membantu,sangat membantu,3,Positif,MATCH,
2949,"Yahudi, S.Kep., Ns",5,2026-08-23,mantap,mantap,3,Positif,MATCH,
2950,Bintang Timur,1,2026-08-23,"gak bisa daftar terkendala verifikasi no HP..... gagal melulu. suekkk kenapa kali, sdh coba nomer hp yg lain juga gak bisa-bisa. hadehhhhh riwehhhh",tidak bisa daftar terkendala verifikasi no hp gagal melulu suek kenapa kali sudah coba nomer hp yang lain juga tidak bisa-bisa hadeh riweh,-2.5,Negatif,MATCH,
2951,Jasa Lukis Murah,1,2026-08-23,"lemot banget , klo ga bisa bikin apk mending ga usah,, tambah bikin susah aja",lambat banget klo tidak bisa bikin aplikasi mending tidak usah tambah bikin sulit aja,-5,Negatif,MATCH,
2952,Afrizal Ahmad,1,2026-08-23,aplikasi tidak guna terlalu berbelit,aplikasi tidak guna terlalu berbelit,0,Netral,MATCH,
2953,Queen audio_Blitar,1,2026-08-23,apl cacat isi nomor hp tidak bisa bagaimana mau verifikasi 😪,apl cacat isi nomor hp tidak bisa bagaimana mau verifikasi,0,Netral,MATCH,
2954,SALMAN GAMING,1,2026-08-23,aplikasi yang di buat pemerintah untuk mempersulit pasien anggota bpjs,aplikasi yang di buat pemerintah untuk mempersulit pasien anggota bpjs,0,Netral,MATCH,
2955,Satrio Nugroho,1,2026-08-23,susah daftar padahal sudah benar no NIK nya kenapa salah trs keterangannya,sulit daftar padahal sudah benar no nik nya kenapa salah terus keterangannya,-2.5,Negatif,MATCH,
2956,Perawat Mata,5,2026-08-23,memudahkan pasien dalam berobat,memudahkan pasien dalam berobat,3,Positif,MATCH,
2957,Nur Ayyul Hisbani,5,2026-08-23,sangat membantu dalam pelayanan antrian di faskes,sangat membantu dalam pelayanan antrean di faskes,3,Positif,MATCH,
2958,Abdul Sopiyan,1,2026-08-23,kurang,kurang,0,Netral,MATCH,
2959,Fazry Rahman Maulana,5,2026-08-23,sangat membantu,sangat membantu,3,Positif,MATCH,
2960,Aris Prihantoro,1,2026-08-23,"gimama sih ada fitur lupa password kok kirim kode otp ga bisa trus dahal pulsa ada nomer masih aktif, dari dulu loh aplikasi ini ga pernah ga bikin emosi aja",gimama sih ada fitur lupa password kok kirim kode otp tidak bisa terus dahal pulsa ada nomer masih aktif dari dulu loh aplikasi ini tidak pernah tidak bikin emosi aja,-3.5,Negatif,MATCH,
2961,Agus Setiawan,5,2026-08-23,saya sangat terbantu dengan bpjs kesehatan,saya sangat terbantu dengan bpjs kesehatan,0,Netral,MATCH,
2962,D.lia Flo,5,2026-08-23,good,good,2,Positif,MATCH,
2963,Heriyati Yati,5,2026-08-23,mantap,mantap,3,Positif,MATCH,
2964,Jhon _dragon,5,2026-08-23,Bagus dan proses lancar,bagus dan proses lancar,4.5,Positif,MATCH,
2965,Huda Dliyaulhaq,1,2026-08-23,"aplikasi gajelas, tolong diperbaiki masa katanya foto, tapi ga kedetect sama sekali",aplikasi gajelas tolong diperbaiki masa katanya foto tapi tidak kedetect sama sekali,0,Netral,MATCH,
2966,Indah Karimah,2,2026-08-23,"jngann dikitt keluar dri apk trus nama, kan udahh jelas udah pke no ktp , setiap mw di cek udah harus masuk ulang gitu aja trus",jngann dikitt keluar dari aplikasi terus nama kan udahh jelas udah pke no kartu tanda penduduk setiap mw di cek udah harus masuk ulang gitu aja terus,1.5,Positif,MISMATCH_LOW_RATING,Salah klik rating / Human error (Isi ulasan berupa pujian murni)
2967,Nursadi 123,1,2026-08-23,pelayanan buruk,pelayanan buruk,-3,Negatif,MATCH,
2968,Siti Aminah,5,2026-08-23,kereen,kereen,0,Netral,MATCH,
2969,Cahyo,5,2026-08-23,good,good,2,Positif,MATCH,
2970,Herdhilla Yollandha,5,2026-08-23,"sempet bingung tapi ternyata gak sesulit itu, mau pindah faskes juga mudah Alhamdulillah",sempet bingung tapi ternyata tidak sesulit itu mau pindah faskes juga mudah alhamdulillah,2.5,Positif,MATCH,
2971,Risma Purba,1,2026-08-23,aplikasi keluar mulu saat masukin kode otp. KLO udah masuk tiba tiba log out sendiri . password dimasukan selalu bilang salah terus harus ganti dan gak ingat password Mulu. aplikasi yg banyakan dikorupsi begini ya . kesel bgt .,aplikasi keluar terus saat masukin kode otp klo udah masuk tiba tiba login out sendiri password dimasukan selalu bilang salah terus harus ganti dan tidak ingat password terus aplikasi yang banyakan dikorupsi begini ya kesel banget,0,Netral,MATCH,
2972,Nurul Barirah,5,2026-08-23,mantap,mantap,3,Positif,MATCH,
2973,Ginanjar Adi,4,2026-08-23,ok,ok,1.5,Positif,MATCH,
2974,agil sahriyal,5,2026-08-23,kerenn,kerenn,0,Netral,MATCH,
2975,Adzin Radja,1,2026-08-23,"saya mau daftar akun baru untuk bapak saya kok GK jadi jadi, nunggu kode verifikasi lewat SMS muncul tulisan gagal gagal mlu ini gimana ini,",saya mau daftar akun baru untuk bapak saya kok tidak jadi jadi nunggu kode verifikasi lewat sms muncul tulisan gagal gagal mlu ini gimana ini,-5,Negatif,MATCH,
2976,RN Alfie Chameswara,1,2026-08-23,"dipaksa pakai aplikasi, tapi aplikasinya menyusahkan",dipaksa pakai aplikasi tapi aplikasinya menyusahkan,0,Netral,MATCH,
2977,Dapur Mbak Widy,5,2026-08-23,baik Semoga bermanfaat,baik semoga bermanfaat,5,Positif,MATCH,
2978,Die Iday,5,2026-08-23,memuaskan,memuaskan,0,Netral,MATCH,
2979,Hijau Daun,5,2026-08-23,bagus lah applikasi ini membantu masyarakat dalam mendapat hak nya dlm kesehatan. trmnksh,bagus lah applikasi ini membantu masyarakat dalam mendapat hak nya dlm kesehatan trmnksh,5,Positif,MATCH,
2980,Pengguna Google,1,2026-08-23,"Untuk apa ada apk jkn mobile kalau aku ngga pernah dapat mmr antrian di poli gigi dan mulut klinik kimia farma percuma aja aku byr iuran bpjs tiap bulan klau ngga bisa berobat di poli gigi klinik kimia farma, tambah dokter gigi dan batasi orang orang yg udh sering berobat di poli gigi lewat jkn mobile utk tidak mendaftar lagi supaya semua pasien bisa kebagian berobat di poli gigi klinik kimia farma.",untuk apa ada aplikasi jkn mobile kalau aku tidak pernah dapat mmr antrean di poli gigi dan mulut klinik kimia farma percuma aja aku byr iuran bpjs tiap bulan klau tidak bisa berobat di poli gigi klinik kimia farma tambah dokter gigi dan batasi orang orang yang sudah sering berobat di poli gigi lewat jkn mobile untuk tidak mendaftar lagi supaya semua pasien bisa kebagian berobat di poli gigi klinik kimia farma,0,Netral,MATCH,
2981,Kurnia Efendi,1,2026-08-23,"udah download.. saat mau di pakai,di arahkan login ulang.. alasannya data nik tidak sesuai,no hp tidak sesuai. aplikasi pembodohan..",udah download saat mau di pakai di arahkan login ulang alasannya data nik tidak sesuai no hp tidak sesuai aplikasi pembodohan,0,Netral,MATCH,
2982,Hesti Sugiarti,5,2026-08-23,bagus sangat membantu,bagus sangat membantu,5,Positif,MATCH,
2983,Maissy Widya Putri,1,2026-08-23,"tolong diperbaiki, masa daftar akun aja gak bisa eror terus",tolong diperbaiki masa daftar akun aja tidak bisa error terus,1.25,Positif,MISMATCH_LOW_RATING,Salah klik rating / Human error (Isi ulasan berupa pujian murni)
2984,Muhammad Abyas,3,2026-08-23,"nomer dh bener, napa ora kekirim² dah OTP nya?",nomer dh benar napa ora kekirim dah otp nya,0,Netral,MATCH,
2985,Otniel Loiwatu,5,2026-08-23,Ok lah,ok lah,1.5,Positif,MATCH,
2986,said amirudin,5,2026-08-23,jos,jos,0,Netral,MATCH,
2987,Muhammad Faisal,1,2026-08-23,gak jelas,tidak jelas,-1.35,Negatif,MATCH,
2988,Fakhri Fajri,5,2026-08-23,lebih membantu n mudah aksesnya,lebih membantu n mudah aksesnya,5.5,Positif,MATCH,
2989,milda ysr,1,2026-08-23,APLIKASI GA JELASSSS!!!!,aplikasi tidak jelas,-1.35,Negatif,MATCH,
2990,Lasmini Mini,5,2026-08-23,bagus,bagus,2,Positif,MATCH,
2991,Ochi Zidan,5,2026-08-23,"pelayanan cepat,respon cepat, aplikasi hebat",pelayanan cepat respon cepat aplikasi hebat,7.5,Positif,MATCH,
2992,anggrek tiga,5,2026-08-23,sangat membantu,sangat membantu,3,Positif,MATCH,
2993,Wahyu Pamungkas,5,2026-08-23,"Excellent,keep working",excellent keep working,0,Netral,MATCH,
2994,Jamaluddin,5,2026-08-23,layar jangan cepat kembali,layar jangan cepat kembali,-2.25,Negatif,MISMATCH_HIGH_RATING,"Rating bintang tinggi (4-5), namun isi ulasan memuat kritik/keluhan tajam"
2995,Alfarizi Alfarizi,5,2026-08-23,cepat tanggap jelas,cepat tanggap jelas,4,Positif,MATCH,
2996,Teguh Herianto,1,2026-08-23,knapa sekarang hp saya jadi tidak kompatibel dengan mobile JKN harap disediakan juga versi resmi lamanya,knapa sekarang hp saya jadi tidak kompatibel dengan mobile jkn harap disediakan juga versi resmi lamanya,0,Netral,MATCH,
2997,Rizky bagja Wiguna,5,2026-08-23,biak,biak,0,Netral,MATCH,
2998,tiara shirline,1,2026-08-23,jelek sistem pendaftaran pasien bug terus,buruk sistem pendaftaran pasien bug terus,-5,Negatif,MATCH,
2999,Gendowol 92,5,2026-08-23,sangat membantu mudah dan praktis..semoga kedepan bisa ditingkatkan lagi,sangat membantu mudah dan praktis semoga kedepan bisa ditingkatkan lagi,8,Positif,MATCH,
3000,henhen Gondrong,1,2026-08-22,"mau daftar ke faskes lanjutan kedua tidak bisa.. padahal ada di aplikasi tulisannya pasien rujukan. tp gagal trus .. waktu mau daftar offline ga boleh, harus lewat online..!! ini apl mau bikin pasien sembuh atau nggak?",mau daftar ke faskes lanjutan kedua tidak bisa padahal ada di aplikasi tulisannya pasien rujukan tapi gagal terus waktu mau daftar offline tidak boleh harus lewat online ini apl mau bikin pasien sembuh atau tidak,-2.5,Negatif,MATCH,
3001,Mba Dian,5,2026-08-22,sangat efektif dan memuaskan.,sangat efektif dan memuaskan,0,Netral,MATCH,
3002,Neneng Riska,4,2026-08-22,"pengalaman saya sangat sulit untuk daftar masa harus nunggu kode otp selama 300detik udah nyampe waktu segitu masih gagal salah masukin kode otp terus hp harus ada pulsa,nya udah diisi pulsa tetep nggak bisa masuk padahal anak saya harus kontrol ke RS harus online tapi sangat sulit untuk daftar tolong dong gimana sih caranya saya sudah capekkkkkk",pengalaman saya sangat sulit untuk daftar masa harus nunggu kode otp selama 300detik udah nyampe waktu segitu masih gagal salah masukin kode otp terus hp harus ada pulsa nya udah diisi pulsa tetep tidak bisa masuk padahal anak saya harus kontrol ke rs harus online tapi sangat sulit untuk daftar tolong dong gimana sih caranya saya sudah capek,-7.5,Negatif,MISMATCH_HIGH_RATING,"Rating bintang tinggi (4-5), namun isi ulasan memuat kritik/keluhan tajam"
3003,Lilis Widayati,5,2026-08-22,Tidak ada ganguan layanan....sat set JKN,tidak ada ganguan layanan sat set jkn,0,Netral,MATCH,
3004,Qoez ryant Van Payton,5,2026-08-22,best apk,best aplikasi,0,Netral,MATCH,
3005,The Revalle,1,2026-08-22,"Menurut Saya sebagai pekerja medis yang pendaftaran melalui aplikasi mobile JKN ada beberapa Hal yang menurut saya harus di hilangkan.. Yaitu Capcha, karna beberapa pengguna itu adalah Lansia yang bahkan login saja pun tidak banyak orang yang mengerti, ditambah Capcha angka tolong ya tim, kita juga ingin dipermudah jadi dibantu update selanjutnya hilangkan saja Capcha.. kalau ingin verifikasi cukup im not robot tinggal klik sampai centang lalu login. Terima kasih",menurut saya sebagai pekerja medis yang pendaftaran melalui aplikasi mobile jkn ada beberapa hal yang menurut saya harus di hilangkan yaitu capcha karena beberapa pengguna itu adalah lansia yang bahkan login saja pun tidak banyak orang yang mengerti ditambah capcha angka tolong ya tim kita juga ingin dipermudah jadi dibantu update selanjutnya hilangkan saja capcha kalau ingin verifikasi cukup im not robot tinggal klik sampai centang lalu login terima kasih,2,Positif,MISMATCH_LOW_RATING,Salah klik rating / Human error (Isi ulasan berupa pujian murni)
3006,BangZay Zay,1,2026-08-22,"GAK MAO RUGI,,,DAFTAR HARUS ADA PULSA..TOLOL",tidak mao rugi daftar harus ada pulsa tolol,1.5,Positif,MISMATCH_LOW_RATING,Salah klik rating / Human error (Isi ulasan berupa pujian murni)
3007,Wati Mila,1,2026-08-22,apk ribettttt.,aplikasi rumit,-2,Negatif,MATCH,
3008,Nad be yourself,1,2026-08-22,tidak bisa di download padahal penyimpanan tidak penuh sama sekali,tidak bisa di download padahal penyimpanan tidak penuh sama sekali,0,Netral,MATCH,
3009,anton sari,5,2026-08-22,oke,oke,1.5,Positif,MATCH,
3010,siti rahayu,5,2026-08-22,ok,ok,1.5,Positif,MATCH,
3011,jhonny frank127,5,2026-08-22,sangat rekomendasi menggunakan aplikasi mobil jkn ini sangat memudahkan urusan berobat,sangat rekomendasi menggunakan aplikasi mobil jkn ini sangat memudahkan urusan berobat,3,Positif,MATCH,
3012,Putra Abdi,1,2026-08-22,"ini aplikasinya seharusnya menolong, kok malah gak membantu sama sekali, masa aplikasinya di buat jadi lebih baru, dan membuat HP yg versi lama tidak dapat menggunakannya.",ini aplikasinya seharusnya menolong kok malah tidak membantu sama sekali masa aplikasinya di buat jadi lebih baru dan membuat hp yang versi lama tidak dapat menggunakannya,-4.7,Negatif,MATCH,
3013,Su Yanti,5,2026-08-22,responnya bagus dan cepat,responnya bagus dan cepat,4.5,Positif,MATCH,
3014,Sri Suwarni,5,2026-08-22,ok,ok,1.5,Positif,MATCH,
3015,Firla kania Kania,1,2026-08-22,"sangat sangat jelek, kode otp sudah di tunggu ber jam jam tidak juga masuk"", aplikasi apa ini",sangat sangat buruk kode otp sudah di tunggu ber jam jam tidak juga masuk aplikasi apa ini,-3,Negatif,MATCH,
3016,Arief Surahman,5,2026-08-22,ok,ok,1.5,Positif,MATCH,
3017,Iwan Setiawan,1,2026-08-22,aplikasi gak jelas buat daftar sama masuk aja susah banget,aplikasi tidak jelas buat daftar sama masuk aja sulit banget,-3.85,Negatif,MATCH,
3018,Laolee Clover,5,2026-08-22,Apk bagus sangat membantu,aplikasi bagus sangat membantu,5,Positif,MATCH,
3019,Risqi Syaifulloh,5,2026-08-22,mantap sangat membantu melindungi kesehatan keluarga,mantap sangat membantu melindungi kesehatan keluarga,6,Positif,MATCH,
3020,Hasna Masuku,5,2026-08-22,bagus,bagus,2,Positif,MATCH,
3021,Nur Aeni,5,2026-08-22,sangat sangat membantu,sangat sangat membantu,3,Positif,MATCH,
3022,ton siti,5,2026-08-22,lumayan,lumayan,0,Netral,MATCH,
3023,Mulyana 2026,3,2026-08-22,bagus,bagus,2,Positif,MATCH,
3024,faujan fauzi,5,2026-08-22,"ni saya kasih tau buat sodara sodara yang susah timbul kode OTP dari sms, klw mau timbul kartunya harus ada pulsanya, minimal 5000 rupiah, baru akan timbul",ni saya kasih tau buat sodara sodara yang sulit timbul kode otp dari sms klw mau timbul kartunya harus ada pulsanya minimal 50 rupiah baru akan timbul,-2.5,Negatif,MISMATCH_HIGH_RATING,"Rating bintang tinggi (4-5), namun isi ulasan memuat kritik/keluhan tajam"
3025,dini triwianda,5,2026-08-22,good,good,2,Positif,MATCH,
3026,Tina Tina,5,2026-08-22,sangat puas,sangat puas,3,Positif,MATCH,
3027,MoeN MediA,1,2026-08-22,"kode verifikasi no hp aja dua tahun mana bisa daftar lah, apk nggk jelas",kode verifikasi no hp aja dua tahun mana bisa daftar lah aplikasi nggk jelas,1.5,Positif,MISMATCH_LOW_RATING,Salah klik rating / Human error (Isi ulasan berupa pujian murni)
3028,Dede Yusuf Susilo,5,2026-08-22,terimakasih telah banyak membantu,terimakasih telah banyak membantu,3,Positif,MATCH,
3029,sri mulyani sunarti,5,2026-08-22,pelayqnannya luar biasa terbaik sigap dan cepqt,pelayqnannya luar biasa terbaik sigap dan cepqt,3,Positif,MATCH,
3030,Quality Time,2,2026-08-22,cek dulu kalian punya aplikasi. error terus.. jangan sedikit dikit suruh ke kantor. kasian yg rumahnya jauh dari kota.,cek dulu kalian punya aplikasi error terus jangan sedikit dikit suruh ke kantor kasian yang rumahnya jauh dari kota,-2.5,Negatif,MATCH,
3031,Esa putra Nainggolan,5,2026-08-22,sangat baik,sangat baik,2,Positif,MATCH,
3032,Gareta Yoga,1,2026-08-22,"tolong aplikasinya diperbaiki, terlalu banyak hal minusnya dibanding positifnya. positifnya, kalau mau pindah faskes tidak perlu antri, bisa melalui app ini. kita juga bisa lihat riwayat pemeriksaan dan diagnosanya. cuman minusnya banyak 1. lama engga dibuka, auto log out dan harus mulai log in kembali dengan NIK, face, dll 2. setiap dibuka minta di update terus. kalau dipencet batal update, malah keluar dari app. tapi pas sudah di update, tetep aja tulisan update itu muncul terus dan lemot",tolong aplikasinya diperbaiki terlalu banyak hal minusnya dibanding positifnya positifnya kalau mau pindah faskes tidak perlu antri bisa melalui aplikasi ini kita juga bisa lihat riwayat pemeriksaan dan diagnosanya cuman minusnya banyak 1 lama engga dibuka auto login out dan harus mulai login in kembali dengan nik face dll 2 setiap dibuka minta di update terus kalau dipencet batal update malah keluar dari aplikasi tapi pas sudah di update tetep aja tulisan update itu muncul terus dan lambat,-4.5,Negatif,MATCH,
3033,adi purwanto,4,2026-08-22,Mempermudah untuk mengakses fasilitas kesehatan,mempermudah untuk mengakses fasilitas kesehatan,0,Netral,MATCH,
3034,Fariz Hidayat,5,2026-08-22,sangat membantu,sangat membantu,3,Positif,MATCH,
3035,ituada apa,2,2026-08-22,"Saya merasa bingung dengan Aplikasi ini, saya ngontrolin ibu ke RS tiap bulan dan akhir² ini harus ambil antrian via online,tapi tiap kali masuk gak bisa dan gak ada petunjuk/penjelasan apanya yang salah/kurang padahal aplikasi ini yang daftain dari pihak RS dan saya di kasih nota akun Mobile JKN nya ,tapi saya masuk/log in mengikuti akun tertulis itu ttap saja tidak bisa,",saya merasa bingung dengan aplikasi ini saya ngontrolin ibu ke rs tiap bulan dan akhir ini harus ambil antrean via online tapi tiap kali masuk tidak bisa dan tidak ada petunjuk penjelasan apanya yang salah kurang padahal aplikasi ini yang daftain dari pihak rs dan saya di kasih nota akun mobile jkn nya tapi saya masuk login in mengikuti akun tertulis itu ttap saja tidak bisa,0,Netral,MATCH,
3036,Ny Beti,1,2026-08-22,"ini kenapa ya g bisa di install dan malah tanda merah,mohon dibantu",ini kenapa ya g bisa di install dan malah tanda merah mohon dibantu,0,Netral,MATCH,
3037,Arfa Cute,5,2026-08-22,bagussss,bagus,2,Positif,MATCH,
3038,Elfira Febriyanti,3,2026-08-22,"daftar ke faskes tingkat lanjut slalu berbunyi server gagal, tolong perbaiki donk",daftar ke faskes tingkat lanjut slalu berbunyi server gagal tolong perbaiki donk,-2.5,Negatif,MATCH,
3039,Aulia PR,2,2026-08-22,"Cukup merepotkan. Terlalu sering log out dan ganti pin. Menghambat kegiatan saat dibutuhkan membuka Mobile JKN, terutama saat sedang di faskes dan harus membukanya. Settingannya bisa diganti tidak?",cukup merepotkan terlalu sering login out dan ganti pin menghambat kegiatan saat dibutuhkan membuka mobile jkn terutama saat sedang di faskes dan harus membukanya settingannya bisa diganti tidak,0,Netral,MATCH,
3040,Gian Zaky,1,2026-08-22,lama respon pihak rs menhubungi admin tidajmk di respon cocok bintang 1,lama respon pihak rs menhubungi admin tidajmk di respon cocok bintang 1,-2,Negatif,MATCH,
3041,Surya Pass,5,2026-08-22,sangat baik sekali,sangat baik sekali,2,Positif,MATCH,
3042,Harsya Forever,1,2026-08-22,payah ga bisa didownload,payah tidak bisa didownload,-3,Negatif,MATCH,
3043,S. Heri. W 80,1,2026-08-22,"Susah loginnya, nik salah, capta salah, ya ampun",sulit loginnya nik salah capta salah ya ampun,-2.5,Negatif,MATCH,
3044,Nur Asna,1,2026-08-22,aplikasi tidak mendukung hp saya. buruk,aplikasi tidak mendukung hp saya buruk,-3,Negatif,MATCH,
3045,Winara 95,1,2026-08-22,sudah mendaftarkan nomor HP tapi saat mau dapetin kode Verifikasi gara gara lupa sandi malah dibilang maaf nomor HP belum terdaftar. Padahal nomor HP sudah didaftarkan kok dibilang belum terdaftar makin ngawur nih aplikasi,sudah mendaftarkan nomor hp tapi saat mau dapetin kode verifikasi gara gara lupa sandi malah dibilang maaf nomor hp belum terdaftar padahal nomor hp sudah didaftarkan kok dibilang belum terdaftar makin ngawur nih aplikasi,0,Netral,MATCH,
3046,Yahya Hanadi Arimatea,5,2026-08-22,mantap aplikasinya,mantap aplikasinya,3,Positif,MATCH,
3047,deva wu,1,2026-08-22,"gimana si mau masuk Regis aja eror terus aplikasi, nyusahinnnn",gimana si mau masuk regis aja error terus aplikasi nyusahin,-2.5,Negatif,MATCH,
3048,Rivki Hdyt (INI RIVKI),1,2026-08-22,Aplikasi menyusahkan pengguna lansia buat Vermuk aja di persulit yakali orang dah tua yang lagi sakit di suruh senyum,aplikasi menyusahkan pengguna lansia buat vermuk aja di persulit yakali orang dah tua yang lagi sakit di suruh senyum,0,Netral,MATCH,
3049,Klesia Tampubolon,5,2026-08-22,"sangat membantu, jadi tadak perlu kekantor bpjs",sangat membantu jadi tadak perlu kekantor bpjs,3,Positif,MATCH,
3050,Eko Zet,1,2026-08-22,"mau daftar verifikasi ke no HP gagal terus ini bagaimana,mau daftar online jadi susah",mau daftar verifikasi ke no hp gagal terus ini bagaimana mau daftar online jadi sulit,-5,Negatif,MATCH,
3051,Dhan Bkhc,1,2026-08-22,aplikasi ga jelas,aplikasi tidak jelas,-1.35,Negatif,MATCH,
3052,Restu Irfan,1,2026-08-22,apk nya gak bisa di gunakan mau daftar aja susah banget ini yang rusak apknya apa gimana sih,aplikasi nya tidak bisa di gunakan mau daftar aja sulit banget ini yang rusak apknya apa gimana sih,-5.5,Negatif,MATCH,
3053,Belajar Audio Bersama,5,2026-08-22,sangat membantu..terutama pada saat pendaftaran.. bisa online lewat aplikasi JKN.. mantabb👍,sangat membantu terutama pada saat pendaftaran bisa online lewat aplikasi jkn mantabb,3,Positif,MATCH,
3054,nur fangi,5,2026-08-22,sangat bermanfaat,sangat bermanfaat,3,Positif,MATCH,
3055,Sugik Aja,5,2026-08-22,sangat membantu masyarakat,sangat membantu masyarakat,3,Positif,MATCH,
3056,Toni Hutabarat,5,2026-08-22,semoga aja aplikasi nya cepat loding nya dan semakin canggih,semoga aja aplikasi nya cepat loding nya dan semakin canggih,2.5,Positif,MATCH,
3057,Bowyn Putra,5,2026-08-22,mudah di gunakan,mudah di gunakan,2.5,Positif,MATCH,
3058,Mangsur Firmansyah,5,2026-08-22,"terima kasih, sangat membantu",terima kasih sangat membantu,5,Positif,MATCH,
3059,Michale,1,2026-08-22,apk busuk... registrasi ngga bisa,aplikasi busuk registrasi tidak bisa,0,Netral,MATCH,
3060,pr hamzah,5,2026-08-22,sangat membantu sekali,sangat membantu sekali,3,Positif,MATCH,
3061,angga w pdf,1,2026-08-22,"Harusnya mempermudah,bukannya mlhh mmempersulit, saja,sangat ,bubarkan saja ya, baru habis Bodrex 4",harusnya mempermudah bukannya mlhh mmempersulit saja sangat bubarkan saja ya baru habis bodrex 4,0,Netral,MATCH,
3062,Anak Sedeng,1,2026-08-22,"susah daftar, SMS GK dapat.",sulit daftar sms tidak dapat,-2.5,Negatif,MATCH,
3063,Afi Fah,5,2026-08-22,mudah bangget,mudah bangget,2.5,Positif,MATCH,
3064,Umi Savo,5,2026-08-22,sangat bermanfaat,sangat bermanfaat,3,Positif,MATCH,
3065,Rustika Tika,5,2026-08-22,sangat terbantu dan cepat untuk mendaftar berobat,sangat terbantu dan cepat untuk mendaftar berobat,2.5,Positif,MATCH,
3066,H dan R,1,2026-08-22,daftar bikin pusing. pulsa 20ribu habis buat sms gak jelas. gak bisa di gunakan juga.,daftar bikin pusing pulsa 20ribu habis buat sms tidak jelas tidak bisa di gunakan juga,-3.35,Negatif,MATCH,
3067,Endi setiawan Setiawan,5,2026-08-22,Sangat di butuhkan,sangat di butuhkan,0,Netral,MATCH,
3068,m. irwan setiawan,1,2026-08-22,"APLIKASI SAMPAH, NUNGGUIN KODE OTP MELALUI SMS GAK DIKIRIM KIRIM, SAMPAI BOSEN NUNGGUIN NYA. DITAMBAH VERIVIKASI WAJAH GAK BISA BISA, APLIKASI BOBROK.",aplikasi sampah nungguin kode otp melalui sms tidak dikirim kirim sampai bosen nungguin nya ditambah verivikasi wajah tidak bisa bisa aplikasi bobrok,-4,Negatif,MATCH,
3069,M ZACH RI SAID,5,2026-08-22,oke,oke,1.5,Positif,MATCH,
3070,abdi abdillah,5,2026-08-22,selalu terdepan,selalu terdepan,0,Netral,MATCH,
3071,GabrieL 99,5,2026-08-22,Lumayan,lumayan,0,Netral,MATCH,
3072,Adlina,1,2026-08-22,"aplikasinya ga jelas bangt udah dri pagi sampai siang nyoba verif wajah gagal mulu, beneren lah orng mau berobat malah jdi di persulit kalo kayak gini",aplikasinya tidak jelas bangt udah dari pagi sampai siang nyoba verif wajah gagal terus beneren lah orng mau berobat malah jdi di persulit kalo kayak gini,-3.85,Negatif,MATCH,
3073,Ayu Setyowati,5,2026-08-22,ok baik,ok baik,3.5,Positif,MATCH,
3074,Hariadi A,5,2026-08-22,sangat mudah,sangat mudah,2.5,Positif,MATCH,
3075,nanda mahyudin,5,2026-08-22,pelayanan cepat,pelayanan cepat,2.5,Positif,MATCH,
3076,Kadek Dipodiana,5,2026-08-22,mantap,mantap,3,Positif,MATCH,
3077,Kaman Sulaiman,5,2026-08-22,bagus,bagus,2,Positif,MATCH,
3078,Waenoful,5,2026-08-22,sudah banyak membantu. lebih efisien waktu,sudah banyak membantu lebih efisien waktu,5.5,Positif,MATCH,
3079,Hery 181,5,2026-08-22,mantap jiwa,mantap jiwa,3,Positif,MATCH,
3080,no3nk wenk,1,2026-08-22,"apaan, abis update, tiba2 suruh login lagi.. apalagi saya lupa pass word nya.. padahal gak ganti hp .. fp tiktok aja klo abis update gk suruh login lagi",apaan abis update tiba2 suruh login lagi apalagi saya lupa pass word nya padahal tidak ganti hp fp tiktok aja klo abis update tidak suruh login lagi,0,Netral,MATCH,
3081,Chailing naa,5,2026-08-22,Sangat membantu,sangat membantu,3,Positif,MATCH,
3082,syukri yusuf,1,2026-08-22,rata2 aplikasi pemerintah sangat bagus...,rata2 aplikasi pemerintah sangat bagus,2,Positif,MISMATCH_LOW_RATING,Salah klik rating / Human error (Isi ulasan berupa pujian murni)
3083,lii,1,2026-08-22,"aplikasi lelet, pelayanan lelet",aplikasi lambat pelayanan lambat,-5,Negatif,MATCH,
3084,Nassa,5,2026-08-22,tolong mode verifikasinya ga pernah terkirim gimana mau daftar kalau kaya gini,tolong mode verifikasinya tidak pernah terkirim gimana mau daftar kalau kaya gini,0,Netral,MATCH,
3085,fra yuda,5,2026-08-22,"semoga bagus.,",semoga bagus,2,Positif,MATCH,
3086,Intifadah Ummu khanifah,1,2026-08-22,"buat akun aja susah banget 1 jam an tetep gabisa terus, dari semalem cuman mau buat akun gabisa, bermasalah kok terusan",buat akun aja sulit banget 1 jam an tetep tidak bisa terus dari semalem cuman mau buat akun tidak bisa bermasalah kok terusan,-2.5,Negatif,MATCH,
3087,hepi Sa10,5,2026-08-22,terbaik,terbaik,3,Positif,MATCH,
3088,Adelya Putri,5,2026-08-22,Sangat membantu. terimakasih,sangat membantu terimakasih,3,Positif,MATCH,
3089,Agus Setiadi,5,2026-08-22,siiiip...,sip,0,Netral,MATCH,
3090,Rakata Foundation,5,2026-08-22,Memudahkan administrasi,memudahkan administrasi,3,Positif,MATCH,
3091,RAHMAT Jobb,5,2026-08-22,sangat membantu,sangat membantu,3,Positif,MATCH,
3092,Ammar Nur Rahmanudin,5,2026-08-22,"membantu, tanpa pakai kartu",membantu tanpa pakai kartu,3,Positif,MATCH,
3093,kopi hitam,5,2026-08-22,mantap,mantap,3,Positif,MATCH,
3094,Syamsuddar,5,2026-08-22,Bismillahirrahmanirrahim dg jkn sehat selalu,bismillahirrahmanirrahim dg jkn sehat selalu,0,Netral,MATCH,
3095,Dian,5,2026-08-22,mantaps,mantaps,0,Netral,MATCH,
3096,Imam Faturohman,5,2026-08-22,sangat membantu,sangat membantu,3,Positif,MATCH,
3097,Aku Rela,5,2026-08-22,sangat baik,sangat baik,2,Positif,MATCH,
3098,Iin Andayani,5,2026-08-22,mantap,mantap,3,Positif,MATCH,
3099,Pengguna Google,1,2026-08-22,aplikasi gila lemot,aplikasi gila lambat,-2.5,Negatif,MATCH,
3100,Nur lela Anjani,5,2026-08-22,sangat baik,sangat baik,2,Positif,MATCH,
3101,Son Everth 002,5,2026-08-22,mudah penggunaannya,mudah penggunaannya,2.5,Positif,MATCH,
3102,Wahyu Hidayatullah,5,2026-08-22,"Sangat membantu, fitur sangat lengkap",sangat membantu fitur sangat lengkap,3,Positif,MATCH,
3103,Upik Said,5,2026-08-21,gercep,gercep,0,Netral,MATCH,
3104,indrajati S.S,5,2026-08-21,Memudahkan pelayanan peserta jkn,memudahkan pelayanan peserta jkn,3,Positif,MATCH,
3105,Elvira Winda,5,2026-08-21,mudah dan optimal,mudah dan optimal,2.5,Positif,MATCH,
3106,Soleh Hudin,5,2026-08-21,pelayanan yang ramah juga kepedulian yang tinggi,pelayanan yang ramah juga kepedulian yang tinggi,2,Positif,MATCH,
3107,Heri Kurniawan,3,2026-08-21,menjengkelkan ketika harus update,menjengkelkan ketika harus update,0,Netral,MATCH,
3108,Galib libra,1,2026-08-21,kita di suruh pakek aplikasi ini untuk daftar. tapi kenapa setiap buka aplikasinya selau logout. hdi kita harus login lagi ferivikasi lagi. jadi memperlambat,kita di suruh pakek aplikasi ini untuk daftar tapi kenapa setiap buka aplikasinya selau logout hdi kita harus login lagi ferivikasi lagi jadi memperlambat,0,Netral,MATCH,
3109,Ruri Mahruri,1,2026-08-21,sangat buruk setiap mau login susah..kode otp ga ke krim trs..rakyat malah d perbukitan dengan adanya aplikasi ini..tolong kalau masih mau di pake yg serius donk bikin aplikasinya jngan setiap saat gangguan gagal terhubung.kode otp g k kirim2..ini pke anggaran pajak rakyat kn dananya tolong d perbaiki.,sangat buruk setiap mau login sulit kode otp tidak ke krim terus rakyat malah d perbukitan dengan adanya aplikasi ini tolong kalau masih mau di pake yang serius donk bikin aplikasinya jngan setiap saat gangguan gagal terhubung kode otp g k kirim2 ini pke anggaran pajak rakyat kn dananya tolong d perbaiki,-8,Negatif,MATCH,
3110,Ahmad Rizal,1,2026-08-21,"APLIKASI RIBET SEGALA DIBUAT VERMUK, MAU BEROBAT JUGA DI PERSULIT",aplikasi rumit segala dibuat vermuk mau berobat juga di persulit,-2,Negatif,MATCH,
3111,zul kifli,1,2026-08-21,"aplikasi gak jelas udah 2 hari nungguin SMS verifikasi gak bisa,katanya jaringan bermasalah..mending hapus aja dari playstore gak guna",aplikasi tidak jelas udah 2 hari nungguin sms verifikasi tidak bisa katanya jaringan bermasalah mending hapus aja dari playstore tidak guna,-1.35,Negatif,MATCH,
3112,Muhammad Taufiq,5,2026-08-21,sangat membantu,sangat membantu,3,Positif,MATCH,
3113,Bunga Putih,1,2026-08-21,aplikasi eror mulu,aplikasi error terus,-2.5,Negatif,MATCH,
3114,Tuan Muda,1,2026-08-21,"hape saya tidak diroot kenapa terdeteksi root, ini bukan aplikasi perbankan tapi ketat banget, menyulitkan saja.",hape saya tidak diroot kenapa terdeteksi root ini bukan aplikasi perbankan tapi ketat banget menyulitkan saja,0,Netral,MATCH,
3115,Aryana,5,2026-08-21,saat ini saya tidak bisa akses Mobile JKN,saat ini saya tidak bisa akses mobile jkn,0,Netral,MATCH,
3116,Eko Basuki Rachmat,3,2026-08-21,"ini kenapa app yg milik pemerintah sering crash,,,",ini kenapa aplikasi yang milik pemerintah sering crash,0,Netral,MATCH,
3117,movie collection,1,2026-08-21,"gw mau daftar antrian ke faskel II, koq nggak bisa, 'cek koneksi internet anda, padahal internet gw nggak ada masalah",gw mau daftar antrean ke faskel ii koq tidak bisa cek koneksi internet anda padahal internet gw tidak ada masalah,0,Netral,MATCH,
3118,Andi Pramana Hakim,1,2026-08-21,aplikasi menjekelkan. tiba waktu di perlukan untuk berobat. malah update2 segala. kalau update yg tidak penting gak usah lha update2. bukan untuk mempermudah malah menyulitkan,aplikasi menjekelkan tiba waktu di perlukan untuk berobat malah update2 segala kalau update yang tidak penting tidak usah lha update2 bukan untuk mempermudah malah menyulitkan,0,Netral,MATCH,
3119,ABDUL MUHLIS,5,2026-08-21,Ok,ok,1.5,Positif,MATCH,
3120,rengga permana,1,2026-08-21,"aplikasi prematur,malah nyusahin",aplikasi prematur malah nyusahin,0,Netral,MATCH,
3121,Suriyadhy Love Story,3,2026-08-21,aplikasi super ribet giliran gak di perluin lancar giliran di perluin bnyak bnget gangguanya yg eror lah yg koneksi gak jelas lah padahal pakek dua wifi iya data iya masa koneksi gak ada buruk bnget aplikasi kyak gini,aplikasi super rumit giliran tidak di perluin lancar giliran di perluin bnyak bnget gangguanya yang error lah yang koneksi tidak jelas lah padahal pakek dua wifi iya data iya masa koneksi tidak ada buruk bnget aplikasi kyak gini,-6.35,Negatif,MATCH,
3122,Lucky “GolCy” N2,1,2026-08-21,"mo daftar tdk bisa karena ada notif internet tdk ada, padahal buka aplikasi lain bisa, emang sengaja di buat begitu ...payah.... jelek padahal saya bayar mandiri kls 1 sekeluarga 6 org.....👎👎",mo daftar tidak bisa karena ada notif internet tidak ada padahal buka aplikasi lain bisa emang sengaja di buat begitu payah buruk padahal saya bayar mandiri kls 1 sekeluarga 6 org,-6,Negatif,MATCH,
3123,Ranviero Baskara,1,2026-08-21,"masa capcha nya ngga nongol2, muter2 trus aja ditungguin ga keluar2, masalahnya kan kalo mau login harus pake capcha",masa capcha nya tidak nongol2 muter2 terus aja ditungguin tidak keluar2 masalahnya kan kalo mau login harus pake capcha,0,Netral,MATCH,
3124,Sopi Firmansyah,1,2026-08-21,aplikasi cacat! disaat urgent2nya mau login aja nyusahin! tolonglah aplikasi model bgni ga usah di bikin ribet dong!,aplikasi cacat disaat urgent2nya mau login aja nyusahin tolonglah aplikasi model bgni tidak usah di bikin rumit dong,-2,Negatif,MATCH,
3125,Vika Chairunisa,1,2026-08-21,Tolong diperbaiki lagi sistem nya suka error dan lemot,tolong diperbaiki lagi sistem nya suka error dan lambat,-3,Negatif,MATCH,
3126,Wida Muslimah,1,2026-08-21,"aplikasi bobrok, apaan koneksi jaringan bagus juga eh aplikasinya malah bilang koneksi internet tidak aktif, tolong perbaikin yang bener",aplikasi bobrok apaan koneksi jaringan bagus juga eh aplikasinya malah bilang koneksi internet tidak aktif tolong perbaiki yang benar,2,Positif,MISMATCH_LOW_RATING,Salah klik rating / Human error (Isi ulasan berupa pujian murni)
3127,Yuny Simatupang,5,2026-08-21,keren,keren,2.5,Positif,MATCH,
3128,Yusuf Zakaria,5,2026-08-21,"aplikasi yang sangat mudah setiap transaksi, terimakasih atas layanan yang diberikan",aplikasi yang sangat mudah setiap transaksi terimakasih atas layanan yang diberikan,2.5,Positif,MATCH,
3129,Maryani Yani,5,2026-08-21,bagus,bagus,2,Positif,MATCH,
3130,Helmy Bang Bendot,5,2026-08-21,mobile JKN mantab mempermudah,mobile jkn mantap mempermudah,3,Positif,MATCH,
3131,Sintauli Purba,1,2026-08-21,Aplikasi sangat menyusahkan masyarakat. Masa aplikasi tidak kompatibel dengan hp keluaran 2020. Hp di rumah cuman ada hp keluaran 2018 sampe 2021. tidak ada yg bisa install aplikasi Jkn Mobile. tolong KLO buat aplikasi yg bisa mensupport semua jangkauan masyarakat ya. KLO begini gimana mau berobat! Masa setiap bulan bayar BPJS dan juga perlu beli hp baru sih!!! MENGECEWAKAN,aplikasi sangat menyusahkan masyarakat masa aplikasi tidak kompatibel dengan hp keluaran 2020 hp di rumah cuman ada hp keluaran 2018 sampe 2021 tidak ada yang bisa install aplikasi jkn mobile tolong klo buat aplikasi yang bisa mensupport semua jangkauan masyarakat ya klo begini gimana mau berobat masa setiap bulan bayar bpjs dan juga perlu beli hp baru sih mengecewakan,0,Netral,MATCH,
3132,Novryan dwicahyo,5,2026-08-21,terbaik,terbaik,3,Positif,MATCH,
3133,Senbei Norimaki,1,2026-08-21,aplikasi ga guna,aplikasi tidak guna,0,Netral,MATCH,
3134,clara mofu,5,2026-08-21,bagus,bagus,2,Positif,MATCH,
3135,Sobat Bercahaya,5,2026-08-21,Sudak oke. Moga makin bagus,sudak oke moga makin bagus,3.5,Positif,MATCH,
3136,Nurul Mardiah,5,2026-08-21,gercep,gercep,0,Netral,MATCH,
3137,Nolvy Kilanta,5,2026-08-21,top,top,2.5,Positif,MATCH,
3138,Indra Lesmana,5,2026-08-21,mantap,mantap,3,Positif,MATCH,
3139,Ambrus Adithya,5,2026-08-21,memudahkan untuk pindah paskes,memudahkan untuk pindah paskes,3,Positif,MATCH,
3140,Indah Wati,5,2026-08-21,bgus,bagus,2,Positif,MATCH,
3141,Mayah,5,2026-08-21,mantap,mantap,3,Positif,MATCH,
3142,Pili Firmansyah,5,2026-08-21,terbaikkkkkk,terbaik,3,Positif,MATCH,
3143,Zenzen Oke,5,2026-08-21,aplikasi mudah digunakan dan sangat bermanfaat,aplikasi mudah digunakan dan sangat bermanfaat,5.5,Positif,MATCH,
3144,Syahnada Ramadhan,5,2026-08-21,pokoknya sangat membantu,pokoknya sangat membantu,3,Positif,MATCH,
3145,Lilik Yuliana,5,2026-08-21,aplikasi ini sangat membantu saat berobat,aplikasi ini sangat membantu saat berobat,3,Positif,MATCH,
3146,Dina Aprilya,1,2026-08-21,"sering bngt ngebug, bikin bingung,",sering bngt ngebug bikin bingung,0,Netral,MATCH,
3147,Yuhardi Syahputra,5,2026-08-21,sangat bermanfaat,sangat bermanfaat,3,Positif,MATCH,
3148,Muhammad Arief Suryanto,1,2026-08-21,dari 14 agustus sampai 21 Agustus masih error nih aplikasi. harus mendaftar langsung di dokter praktek,dari 14 agustus sampai 21 agustus masih error nih aplikasi harus mendaftar langsung di dokter praktek,-2.5,Negatif,MATCH,
3149,Ari Fin,5,2026-08-21,Bagus aplikasinya,bagus aplikasinya,2,Positif,MATCH,
3150,Hasyim Gonzales,2,2026-08-21,sering eror,sering error,-2.5,Negatif,MATCH,
3151,Wahid efendy,3,2026-08-21,mohon diperbaiki aplikasi ini karena banyak menu yg tidak berjalan dengan baik. 1. pendaftaran antrean kadang bermasalah 2. riwayat pelayanan tidak lengkap semoga aplikasi ini mendapatkan Update sehingga dapat membantu memudahkan masyarakat untuk mendapatkan pelayanan kesehatan yang lebih baik.. terimakasih,mohon diperbaiki aplikasi ini karena banyak menu yang tidak berjalan dengan baik 1 pendaftaran antrean kadang bermasalah 2 riwayat pelayanan tidak lengkap semoga aplikasi ini mendapatkan update sehingga dapat membantu memudahkan masyarakat untuk mendapatkan pelayanan kesehatan yang lebih baik terimakasih,10,Positif,MATCH,
3152,Abdul Abdul,3,2026-08-21,mempermudah pelayanan,mempermudah pelayanan,0,Netral,MATCH,
3153,Dewi Christiani,2,2026-08-21,"mau daftar online ke faskes tingkat pertama selalu gagal , ""jadwal tidak ditemukan"" , anehh ..",mau daftar online ke faskes tingkat pertama selalu gagal jadwal tidak ditemukan anehh,-2.5,Negatif,MATCH,
3154,Charis Y,5,2026-08-21,jos,jos,0,Netral,MATCH,
3155,Dede lery Nurazizah,5,2026-08-21,assalamualaikum,assalamualaikum,0,Netral,MATCH,
3156,Rasik B.a,1,2026-08-21,"daftar buat akun, tapi verifikasi no telpon gada sms yang masuk. alhasil setiap daftar mulai dari awal. sampai sekarang verifikasi no telpon doang yang bobrok. buat apa ada verifikasi gmail kalo daftar mesti verif no hp. gada sms masuk sama sekali payah",daftar buat akun tapi verifikasi no telpon tidak ada sms yang masuk alhasil setiap daftar mulai dari awal sampai sekarang verifikasi no telpon doang yang bobrok buat apa ada verifikasi gmail kalo daftar mesti verif no hp tidak ada sms masuk sama sekali payah,-3,Negatif,MATCH,
3157,Raifan Alifiyansyah,5,2026-08-21,mantap,mantap,3,Positif,MATCH,
3158,telkomsat rri,5,2026-08-21,tolong obatnya dong dikasih obat mentang2 BPJS sedikit sekali,tolong obatnya dong dikasih obat mentang2 bpjs sedikit sekali,0,Netral,MATCH,
3159,Hanifa Shol20,5,2026-08-21,iyaaaaaaaaa baaaaik,iya baik,2,Positif,MATCH,
3160,Azy Ivanka,4,2026-08-21,Fitur menu Tagihan kurang lengkap/detel. hanya tagihan global perbulan. rincian dari tenor Rehab tidak detail jumlah; mana belum bayar & sudah terbayar,fitur menu tagihan kurang lengkap detel hanya tagihan global perbulan rincian dari tenor rehab tidak detail jumlah mana belum bayar sudah terbayar,0,Netral,MATCH,
3161,kabar tilembur,5,2026-08-21,"ini aplikasi sebenarnya berguna banget, cuma masih sering banyak error , server failed, tolong cepet di perbaiki, ini kan ceritanya buat ngemudahin masyarakat , eh ko malah makin ngeribetin.",ini aplikasi sebenarnya berguna banget cuma masih sering banyak error server failed tolong cepet di perbaiki ini kan ceritanya buat ngemudahin masyarakat eh ko malah makin ngeribetin,-2.5,Negatif,MISMATCH_HIGH_RATING,"Rating bintang tinggi (4-5), namun isi ulasan memuat kritik/keluhan tajam"
3162,Rana Rafsanzani,5,2026-08-21,Gak bisa register cuma loading aja. Tlong dperbaiki. Thanks,tidak bisa register cuma loading aja tlong dperbaiki thanks,0,Netral,MATCH,
3163,Ucan Cnika,2,2026-08-21,tidak bisa di pasang perangkat anda tidak kompatibel di versi ini,tidak bisa di pasang perangkat anda tidak kompatibel di versi ini,0,Netral,MATCH,
3164,Rustri Channel,1,2026-08-21,"Okelah 1 NIK 1 akun, seharusnya NIK tersebut otomatis tersinkronisasi dengan KK baru atau setidaknya bisa dirubah mandiri tanpa datang ke kantor BPJS, kalau sistem seperti saat ini pasti banyak ketimpangan data dan setiap anggota keluarga harus membuat akun setiap perubahan data KK cuma sekedar memantau kepesertaan anggota keluarga.",okelah 1 nik 1 akun seharusnya nik tersebut otomatis tersinkronisasi dengan kartu keluarga baru atau setidaknya bisa dirubah mandiri tanpa datang ke kantor bpjs kalau sistem seperti saat ini pasti banyak ketimpangan data dan setiap anggota keluarga harus membuat akun setiap perubahan data kartu keluarga cuma sekedar memantau kepesertaan anggota keluarga,0,Netral,MATCH,
3165,Agus Herman,1,2026-08-21,tolong lah admin gimana ni mau verifikasi akun gak bisa2 nomer otp nya gak di kirim2 sumpah ni mau ambil antrian rs loh dari rs suruh ambil no antrian online giliran online nya apk nya gak jelas mintak nomer otp aja kek mau ngirim apa lah susah kali tolong woy d perbaiki lah ni apk orang mau berobat aja susah nya mintak ampun,tolong lah admin gimana ni mau verifikasi akun tidak bisa2 nomer otp nya tidak di kirim2 sumpah ni mau ambil antrean rs loh dari rs suruh ambil no antrean online giliran online nya aplikasi nya tidak jelas mintak nomer otp aja kek mau ngirim apa lah sulit kali tolong woy d perbaiki lah ni aplikasi orang mau berobat aja sulit nya mintak ampun,-6.35,Negatif,MATCH,
3166,Isna Ariyani,5,2026-08-21,mudahkan,mudahkan,0,Netral,MATCH,
3167,Dede Irwan,5,2026-08-21,kenapa g bisa didowlod,kenapa g bisa didowlod,0,Netral,MATCH,
3168,Rustan Badaruddin,5,2026-08-21,Mudah digunakan,mudah digunakan,2.5,Positif,MATCH,
3169,Syandrawan Oke,5,2026-08-21,segala urusan baik berobat kontrol mau pun rawat inap selalu lancar dan cepat terima kasih jkn,segala urusan baik berobat kontrol mau pun rawat inap selalu lancar dan cepat terima kasih jkn,9,Positif,MATCH,
3170,Putro Imanuel,5,2026-08-21,mempersulit orang khususnya lansia.,mempersulit orang khususnya lansia,0,Netral,MATCH,
3171,Arman Dwijaya,1,2026-08-21,"ini Aplikasi gmana sih? Gua Mau Daftar untuk berobat Ga bisa"" dari kemaren, Padahal daftar anterin yg tertera belom penuh, tp pas daftar malah ga bisa. aneh banget org mau berobat aja susah banget .",ini aplikasi gmana sih gua mau daftar untuk berobat tidak bisa dari kemaren padahal daftar anterin yang tertera belom penuh tapi pas daftar malah tidak bisa aneh banget org mau berobat aja sulit banget,-2.5,Negatif,MATCH,
3172,Hesti Mandasari,5,2026-08-21,keren,keren,2.5,Positif,MATCH,
3173,M Hilmi Suhendi,1,2026-08-21,aplikasi bobrok,aplikasi bobrok,0,Netral,MATCH,
3174,hesti Akra,5,2026-08-21,sangat membantu dalam mengambil antrian terutama di rumah sakit,sangat membantu dalam mengambil antrean terutama di rumah sakit,3,Positif,MATCH,
3175,Dede Cbbr,5,2026-08-21,"sangat membantu dan mudah di gunakan, dengan intruksi yang mudah di fahami",sangat membantu dan mudah di gunakan dengan intruksi yang mudah di fahami,8,Positif,MATCH,
3176,mamas syifa,5,2026-08-21,"lebih mudah, cepat dan praktis",lebih mudah cepat dan praktis,7.5,Positif,MATCH,
3177,Bang pebb,2,2026-08-21,Pendaftaran lama bgt verifikasi SMS ga muncul muncul kode otpnya,pendaftaran lama banget verifikasi sms tidak muncul muncul kode otpnya,-2,Negatif,MATCH,
3178,Faizal Yusuf,1,2026-08-21,mantap aplikasi sampah,mantap aplikasi sampah,-1,Negatif,MATCH,
3179,Yana Anay,4,2026-08-21,pelayanannya cepat,pelayanannya cepat,2.5,Positif,MATCH,
3180,TIARA APRILIA PUTRI,1,2026-08-21,aplikasi erorrrrr,aplikasi error,-2.5,Negatif,MATCH,
3181,Eko Ari Prabowo,5,2026-08-21,"Tidak bisa log in, padahal sebelumnya udah log in tapi di suruh log in lagi",tidak bisa login in padahal sebelumnya udah login in tapi di suruh login in lagi,0,Netral,MATCH,
3182,Thurmizi Banda,5,2026-08-21,Alhamdulillah,alhamdulillah,0,Netral,MATCH,
3183,Ansor Faturrohman,5,2026-08-21,good apl,good apl,2,Positif,MATCH,
3184,Moh Alif Alfaizar,5,2026-08-21,sangat bagus,sangat bagus,2,Positif,MATCH,
3185,susi lahuddin,5,2026-08-21,sangat mudah,sangat mudah,2.5,Positif,MATCH,
3186,Dwi Purwanto,5,2026-08-21,top,top,2.5,Positif,MATCH,
3187,Guil Baros,5,2026-08-21,Mobile JKN sangat membantu dan saya sangat senang mengunakan aplikasi mobile JKN,mobile jkn sangat membantu dan saya sangat senang mengunakan aplikasi mobile jkn,5,Positif,MATCH,
3188,Murni Asih,5,2026-08-21,skrg lebih enak ada jkn,sekarang lebih enak ada jkn,0,Netral,MATCH,
3189,Dink Nob,1,2026-08-21,YANG LAIN BISA DI DOWNLOAD.. CUMA APK INI AJA KAGA BISA D DOWLOAD ANEHH.. PADHAAL GA SAMPE 100 MB TAPI KAGA BISA D DOWNLOAD,yang lain bisa di download cuma aplikasi ini aja kaga bisa d dowload anehh padhaal tidak sampe 100 mb tapi kaga bisa d download,0,Netral,MATCH,
3190,AEL Junior,1,2026-08-21,dah 3 hari mendaftar ngk ada kode otp no hp .. susah urusan pemerintah.. padahal bayar bukan gratis,dah 3 hari mendaftar ngk ada kode otp no hp sulit urusan pemerintah padahal bayar bukan gratis,-2.5,Negatif,MATCH,
3191,Bima Yonda Setyawan,1,2026-08-21,Susah verivikasi wajah ini gimana tooooo woiiiii,sulit verivikasi wajah ini gimana to woi,-2.5,Negatif,MATCH,
3192,Buddhyyudha Irvansyah,5,2026-08-21,Pelayanan cepat dan profesional Mantap,pelayanan cepat dan profesional mantap,5.5,Positif,MATCH,
3193,RENALDI EP,5,2026-08-21,oke mantap,oke mantap,4.5,Positif,MATCH,
3194,Rehan Alvaro,5,2026-08-21,sangat membantu dan mudah...terimakasih banyak sudah membantu warga,sangat membantu dan mudah terimakasih banyak sudah membantu warga,8.5,Positif,MATCH,
3195,Alfian Joddi,1,2026-08-21,sms kode gak muncul semua apalah coba,sms kode tidak muncul semua apalah coba,0,Netral,MATCH,
3196,Siti Aisah,5,2026-08-21,"Bagus aplikasinya , dipertahan kan di perbaiki supaya lebih mudah dan bagus",bagus aplikasinya dipertahan kan di perbaiki supaya lebih mudah dan bagus,6.5,Positif,MATCH,
3197,Khusaeri Azzi,1,2026-08-21,kode Verifikasi telepon sangat lama muncul,kode verifikasi telepon sangat lama muncul,-2,Negatif,MATCH,
3198,Beni Megi Zoni,5,2026-08-21,mantap,mantap,3,Positif,MATCH,
3199,Yeni Idawati,5,2026-08-21,terbaik,terbaik,3,Positif,MATCH,
3200,Pnm Rsa,1,2026-08-21,apikasi kaga jelas!! cek setatus pembayar an aja ngga becus aplikasi sering ganguan lah apa lah GAK JELAS!!,apikasi kaga jelas cek setatus pembayar an aja tidak becus aplikasi sering ganguan lah apa lah tidak jelas,0.15,Netral,MATCH,
3201,Setyadi Grab,5,2026-08-21,mantap prosesnya cepat,mantap prosesnya cepat,5.5,Positif,MATCH,
3202,Malika Kenzie,5,2026-08-21,sangat membantu banget.,sangat membantu banget,3,Positif,MATCH,
3203,Ruci Wati17,5,2026-08-21,aplikasi JKN mempermudah puas bget,aplikasi jkn mempermudah puas bget,3,Positif,MATCH,
3204,Azhara 11Shanum20shani,5,2026-08-21,"sangat membantu, pelayanan BPJS kesehatan cabang lahat penyanannya di The best, smoga bisa terus di pertahan kan",sangat membantu pelayanan bpjs kesehatan cabang lahat penyanannya di the best smoga bisa terus di pertahan kan,3,Positif,MATCH,
3205,Kristopel Pernando Marulitua Marpaung,5,2026-08-21,mudah,mudah,2.5,Positif,MATCH,
3206,Wawan Santoso,5,2026-08-21,sangat membantu,sangat membantu,3,Positif,MATCH,
3207,Randy Brente,1,2026-08-21,"aplikasi sengaja dibuat ribet biar gak banyak yg ke RS, biar sakit tambah parah terus mati.",aplikasi sengaja dibuat rumit biar tidak banyak yang ke rs biar sakit tambah buruk terus mati,-5,Negatif,MATCH,
3208,elia enos,5,2026-08-21,good,good,2,Positif,MATCH,
3209,Syafrizal Bonar,2,2026-08-21,"buka apk semakin lama sekitar 3 mnt, terus ambil antrian berobat pada fases lanjutan jg susah. Jadwal dokter 2x smggu, 5 hr sebelum berobat daftar antrian ternyata kuota penuh, 5 hr berikut nya daftar lagi krn tidak dpt minggu sbelumnya dan hasilnya penuh jg, begitulh urusan seterusnya kuota penuh. Nah kalau ini kejadiannya kapan pasien bisa berobat?, harus nunggu ambil antrian tengah malam dan itupun kuotanya penuh. Fasilitas komunikasi WA di RS. Yos Sudarso tdk nerima daftar antrian BPJS.",buka aplikasi semakin lama sekitar 3 mnt terus ambil antrean berobat pada fases lanjutan jg sulit jadwal dokter 2x smggu 5 hr sebelum berobat daftar antrean ternyata kuota penuh 5 hr berikut nya daftar lagi karena tidak dpt minggu sbelumnya dan hasilnya penuh jg begitulh urusan seterusnya kuota penuh nah kalau ini kejadiannya kapan pasien bisa berobat harus nunggu ambil antrean tengah malam dan itupun kuotanya penuh fasilitas komunikasi wa di rs yos sudarso tidak nerima daftar antrean bpjs,-4.5,Negatif,MATCH,
3210,Dina Amalia,1,2026-08-21,"yang bener aja dong engga jelas banget nih apk, engga berfungsi, mau daftar aja ribet banget sistem eror terus pengenalan wajah juga engga jelas yang bener dong kalo bikin apk",yang benar aja dong engga jelas banget nih aplikasi engga berfungsi mau daftar aja rumit banget sistem error terus pengenalan wajah juga engga jelas yang benar dong kalo bikin aplikasi,-1.5,Negatif,MATCH,
3211,Jelita rein,4,2026-08-21,good,good,2,Positif,MATCH,
3212,Alan Welan,3,2026-08-21,memang bagus mempermudah kita jika pingin berobat...tp kelemahannya yang cukup menjengkelkan adalah sering melakukan login kalau daftar ambil antrian. bulan lalu mau daftar ambil antian login dl skng mau ambil antrian hrs login lagi dan skng nggak bisa masuk selalu muncul perintah Nik salah pasword salah padahal nik sdh benar pasword jg benar kenapa ndak bisa login? tlng penjelasanya,memang bagus mempermudah kita jika pingin berobat tapi kelemahannya yang cukup menjengkelkan adalah sering melakukan login kalau daftar ambil antrean bulan lalu mau daftar ambil antian login dl skng mau ambil antrean hrs login lagi dan skng tidak bisa masuk selalu muncul perintah nik salah pasword salah padahal nik sudah benar pasword jg benar kenapa ndak bisa login tolong penjelasanya,2,Positif,MATCH,
3213,Mundi Hastuti,5,2026-08-21,ini kenapa ya JKN mobile nya tidak bisa di buka dari kmrn ? dan tidak bisa menghubungi JKN care service nya ada kendala atau gmn ? tolong dong permudah untuk komunikasi dgn care service nya jika ada masalah sprti ini,ini kenapa ya jkn mobile nya tidak bisa di buka dari kmrn dan tidak bisa menghubungi jkn care service nya ada kendala atau gmn tolong dong permudah untuk komunikasi dengan care service nya jika ada masalah sprti ini,0,Netral,MATCH,
3214,Tabrani Riri,5,2026-08-21,cepat,cepat,2.5,Positif,MATCH,
3215,Dzaki Fikri,1,2026-08-21,tolong kode otp sms nya gk keluar keluar,tolong kode otp sms nya tidak keluar keluar,0,Netral,MATCH,
3216,Zidan Maulana,1,2026-08-21,"ternyata kalo mau daftar online harus sesuai tanggal rujukan gak bisa kalo sebelum tanggal rujukan di sistem tertulis (tanggal kontrol tidak sesuai dengan tanggal rujukan) padahal saya mau kontrol lebih awal karena obat saya habis dan karena bulan sebelumnya saya tidak di beri obat bulanan karena saya kontrol lebih awal sekitar seminggu karena batas rujukan dari puskesmas mau habis eh ternyata aturan nya kalo gak sesuai tanggal kontrol gak di kasih obat,jujur saya sedih karena ini",ternyata kalo mau daftar online harus sesuai tanggal rujukan tidak bisa kalo sebelum tanggal rujukan di sistem tertulis tanggal kontrol tidak sesuai dengan tanggal rujukan padahal saya mau kontrol lebih awal karena obat saya habis dan karena bulan sebelumnya saya tidak di beri obat bulanan karena saya kontrol lebih awal sekitar seminggu karena batas rujukan dari puskesmas mau habis eh ternyata aturan nya kalo tidak sesuai tanggal kontrol tidak di kasih obat jujur saya sedih karena ini,0,Netral,MATCH,
3217,Tedy Priatna,5,2026-08-20,mantap,mantap,3,Positif,MATCH,
3218,Nurrohmah Manda,1,2026-08-20,aplikasi harusnya mempermudah,aplikasi harusnya mempermudah,0,Netral,MATCH,
3219,Cici Wulan,1,2026-08-20,"sitem.nya kurang baik tolong sistem aplikasi diperbaiki saya memang sudah 3x login dengan NIK yg berbeda di HP saya karena pernah membantu saudara saya. sekarang saya malah tidak bisa log in di hp sendiri, alasannya dibatasi demi keamanan karena sudah 3x NIK berbeda saya ingin reset akun di hp saya ini saya hubungi 165 katanya tidak bisa. malah telepon langsung dimatikan. saya sudah berusaha login di hp lain tapi kendala aplikasi tidak didukung di HP tsb. harusnya sistem pusat dpt mereset.",sitem nya kurang baik tolong sistem aplikasi diperbaiki saya memang sudah 3x login dengan nik yang berbeda di hp saya karena pernah membantu saudara saya sekarang saya malah tidak bisa login in di hp sendiri alasannya dibatasi demi keamanan karena sudah 3x nik berbeda saya ingin reset akun di hp saya ini saya hubungi 165 katanya tidak bisa malah telepon langsung dimatikan saya sudah berusaha login di hp lain tapi kendala aplikasi tidak didukung di hp tsb harusnya sistem pusat dpt mereset,1.2,Positif,MISMATCH_LOW_RATING,Salah klik rating / Human error (Isi ulasan berupa pujian murni)
3220,Reni Evrawaty,5,2026-08-20,memudahkan saya utk mendaftar berobat tanpa harus antri panjang di lobi,memudahkan saya untuk mendaftar berobat tanpa harus antri panjang di lobi,3,Positif,MATCH,
3221,Alif Putra Mahardika,1,2026-08-20,"kode otp di SMS tidak masuk, sudah coba beberapa kali padahal",kode otp di sms tidak masuk sudah coba beberapa kali padahal,0,Netral,MATCH,
3222,Salviyani Syarif,5,2026-08-20,fast respon . jkn keren,fast respon jkn keren,2.5,Positif,MATCH,
3223,Suparno,5,2026-08-20,bagusi,bagusi,0,Netral,MATCH,
3224,Usek Katok,2,2026-08-20,"udah 1 jam lebih coba login, susah banget. padahal besok pagi mau buat kontrol anak ke rs. kenapa saya sama anak harus beda akun, padahal 1kk. agak repot kalau mau priksa barengan. kadang anak2 bapil barengan, akunnya beda2. harus login 1 per 1.",udah 1 jam lebih coba login sulit banget padahal besok pagi mau buat kontrol anak ke rs kenapa saya sama anak harus beda akun padahal 1kk agak repot kalau mau priksa barengan kadang anak2 bapil barengan akunnya beda2 harus login 1 per 1,-2.5,Negatif,MATCH,
3225,AW Parabubu Chanel,5,2026-08-20,"sangat puas, aplikasi ini meriang ruang secara mandiri kepada peserta BPJS untmelakukan perubahan dan dan lainnya",sangat puas aplikasi ini meriang ruang secara mandiri kepada peserta bpjs untmelakukan perubahan dan dan lainnya,3,Positif,MATCH,
3226,uswatun hasanaturrohmah,3,2026-08-20,mengapa makin sering error sekarang? mau login aja susah banget. udah coba login berkali2 nggk bisa. 😌,mengapa makin sering error sekarang mau login aja sulit banget udah coba login berkali2 nggk bisa,-5,Negatif,MATCH,
3227,Bambang Mauludi,5,2026-08-20,validasi cepat,validasi cepat,2.5,Positif,MATCH,
3228,Ahmad Bio,5,2026-08-20,mantap,mantap,3,Positif,MATCH,
3229,Ahmad fanani Efendi,2,2026-08-20,𝚜𝚊𝚢𝚊 𝚔𝚎𝚌𝚎𝚠𝚊 𝚜𝚎𝚝𝚒𝚊𝚙 𝚊𝚍𝚊 𝚢𝚐 𝚜𝚊𝚔𝚒𝚝 𝚜𝚎𝚕𝚊𝚕𝚞 𝚍𝚜𝚞𝚛𝚞𝚑 𝚕𝚘𝚐𝚒𝚗 𝚍𝚞𝚕𝚞 𝚙𝚊𝚍𝚊𝚑𝚊𝚕 𝚗𝚒𝚔 𝚍𝚊𝚗 𝚔𝚊𝚝𝚊 𝚜𝚊𝚗𝚍𝚒 𝚜𝚞𝚍𝚊𝚑 𝚋𝚎𝚗𝚊𝚛 𝚔𝚎𝚗𝚊𝚙𝚊 𝚍𝚋𝚒𝚕𝚊𝚗𝚐 𝚙𝚎𝚛𝚌𝚘𝚋𝚊𝚊𝚗 𝚕𝚋𝚑 𝚍𝚛 3𝚡 𝚐𝚊𝚐𝚊𝚕 𝚝𝚎𝚛𝚞𝚜 𝚊𝚗𝚎𝚑 𝚔𝚊𝚗𝚗𝚗 𝚝𝚘𝚕𝚘𝚗𝚐 𝚙𝚎𝚛𝚋𝚊𝚒𝚔𝚒 𝚕𝚊𝚑 𝚖𝚒𝚗 𝚓𝚐𝚗 𝚖𝚎𝚗𝚢𝚞𝚕𝚒𝚝𝚔𝚊𝚗 𝚝𝚘𝚑 𝚢𝚊 𝚔𝚊𝚕𝚒𝚊𝚗 𝚐𝚊𝚓𝚒𝚊𝚗𝚊 𝚍𝚛 𝚙𝚊𝚓𝚊𝚔 𝚔𝚒𝚝𝚊,3,0,Netral,MATCH,
3230,Rio Abadi Gunawan,1,2026-08-20,"Banyak bug dan tidak stabil, sekelas platform milik pemerintah kalah sama swasta. pembayaran udah dilakukan manual eh malah tetap di potong otomatis lagi.",banyak bug dan tidak stabil sekelas platform milik pemerintah kalah sama swasta pembayaran udah dilakukan manual eh malah tetap di potong otomatis lagi,-2,Negatif,MATCH,
3231,Airul am,1,2026-08-20,Nik sudah benar Pasword sudah benar Capcta Sudah benar Kog masih Gak bisa masuk yak? Perbaiki lagi yak aplikasinya untuk sementara saya bintang 1 dulu,nik sudah benar pasword sudah benar capcta sudah benar kog masih tidak bisa masuk yak perbaiki lagi yak aplikasinya untuk sementara saya bintang 1 dulu,0,Netral,MATCH,
3232,Ich SW,1,2026-08-20,setelah update gak bisa masuk. login berkali² salah padahal datanya udah bener. intinya zonk,setelah update tidak bisa masuk login berkali salah padahal datanya udah benar intinya zonk,0,Netral,MATCH,
3233,Pepi Suhaepilah,5,2026-08-20,dengan mobil jkn memudahkan peserta mengetahui kartu bpjsnya masih aktif apa gak memudahkan pencarian ruangan perawatan rs yang kita tuju serta seabrek kemudahan mendapatkan info seputar bpjs kedehatan pokoknya mobil jkn mantap dah top markotop👍👍👍👍👍,dengan mobil jkn memudahkan peserta mengetahui kartu bpjsnya masih aktif apa tidak memudahkan pencarian ruangan perawatan rs yang kita tuju serta seabrek kemudahan mendapatkan info seputar bpjs kedehatan pokoknya mobil jkn mantap dah top markotop,5.8,Positif,MATCH,
3234,Darmansyah Monoarfa,5,2026-08-20,mantap,mantap,3,Positif,MATCH,
3235,TRI BUDI YARTO,4,2026-08-20,"Bagus, mudah digunakan",bagus mudah digunakan,4.5,Positif,MATCH,
3236,Juri Setiawan,5,2026-08-20,kalau bisa di cicil nya jangan banyak banyak dong.lagi sulit perekonomian saya,kalau bisa di cicil nya jangan banyak banyak dong lagi sulit perekonomian saya,-2.5,Negatif,MISMATCH_HIGH_RATING,"Rating bintang tinggi (4-5), namun isi ulasan memuat kritik/keluhan tajam"
3237,Loh Jinawi,5,2026-08-20,Mudah dimengerti & digunakan,mudah dimengerti digunakan,2.5,Positif,MATCH,
3238,Ulin Nikmah,1,2026-08-20,"susah buat daftar dan login, otp tdk terkirim susah poll jelek pokoe, nyantumin no hp keterangannya sudah pernah daftar, giliran login keteranganya blm pernah mendaftar",sulit buat daftar dan login otp tidak terkirim sulit poll buruk pokoe nyantumin no hp keterangannya sudah pernah daftar giliran login keteranganya belum pernah mendaftar,-4.25,Negatif,MATCH,
3239,Akamsi Sembung,1,2026-08-20,Ganti device gak bisa login,ganti device tidak bisa login,0,Netral,MATCH,
3240,Muhammad Ihsan,5,2026-08-20,baik,baik,2,Positif,MATCH,
3241,Har Tony,5,2026-08-20,bagus,bagus,2,Positif,MATCH,
3242,Remmy Noviandi Salji,1,2026-08-20,kenapa mobile JKN saya ga bisa login ?? saya mau ambil antrian online jadi susah dan faskes minta akses mobile JKN,kenapa mobile jkn saya tidak bisa login saya mau ambil antrean online jadi sulit dan faskes minta akses mobile jkn,-2.5,Negatif,MATCH,
3243,Nuki Rahman,1,2026-08-20,error mulu udah 3 kali kadang bisa kadang engga pas mau rujuk tingkat lanjut malah ga ada buat ngambil nomor antrian padahal di rujuknya pagi tp malah ga ada pas ada udh malem udh beres kontrol nya,error terus udah 3 kali kadang bisa kadang engga pas mau rujuk tingkat lanjut malah tidak ada buat ngambil nomor antrean padahal di rujuknya pagi tapi malah tidak ada pas ada sudah malem sudah beres kontrol nya,-2.5,Negatif,MATCH,
3244,Gojim Mijog,1,2026-08-20,"Aplikasi apaan, setiap mau verifikasi email sama no handphone tidak bisa terus sampe di ulang ulang tetep gak bisa, kacau ini aplikasi bukannya memudahkan malah bikin ruwet",aplikasi apaan setiap mau verifikasi email sama no handphone tidak bisa terus sampe di ulang ulang tetep tidak bisa kacau ini aplikasi bukannya memudahkan malah bikin sulit,0.5,Netral,MATCH,
3245,Mugis Al Adly,5,2026-08-20,jos,jos,0,Netral,MATCH,
3246,Ichal46 Ichal,5,2026-08-20,mantapd,mantapd,0,Netral,MATCH,
3247,ivon 63,5,2026-08-20,ok,ok,1.5,Positif,MATCH,
3248,Henzky Ciozi,5,2026-08-20,"terimakasih, prosesnya sangat cepat!",terimakasih prosesnya sangat cepat,2.5,Positif,MATCH,
3249,robbin katriansyah,5,2026-08-20,aplikasi ini sangat berguna sekali.,aplikasi ini sangat berguna sekali,0,Netral,MATCH,
3250,Elvan Julsiyunartho,5,2026-08-20,"perubahan faskes tingkat I sangat mudah di akses, mempermudah untuk kita yg sering mutasi",perubahan faskes tingkat i sangat mudah di akses mempermudah untuk kita yang sering mutasi,2.5,Positif,MATCH,
3251,Avan Abazz,4,2026-08-20,aplikasi in sangat membantu,aplikasi in sangat membantu,3,Positif,MATCH,
3252,Lionel Messiii,1,2026-08-20,apa apa harus pakai mobil jkn.....hey BPJS sialan harusnya tuh anda mempermudah orang mau berobat bukan malah mempersulit. anda tuh harus memikirkan orang tua yang ingin berobat dgn BPJS tetapi dia gaptek. bukan malah di persulit !!!!,apa apa harus pakai mobil jkn hey bpjs sialan harusnya tuh anda mempermudah orang mau berobat bukan malah mempersulit anda tuh harus memikirkan orang tua yang ingin berobat dengan bpjs tetapi dia gaptek bukan malah di persulit,0,Netral,MATCH,
3253,Erwan Setiawan,5,2026-08-20,keren gays,keren gays,2.5,Positif,MATCH,
3254,Pitri Yani,1,2026-08-20,otp d kirim via sms. .ga masuk2 WA WA WA KAYA JAMAN BATU AJA sok digital tapi malah nyusahin rakyat. mau kontrol ambil antrian d aplikasi aplikasi nya sampah. nyusahin masyarakat. .,otp d kirim via sms tidak masuk2 wa wa wa kaya jaman batu aja sok digital tapi malah nyusahin rakyat mau kontrol ambil antrean d aplikasi aplikasi nya sampah nyusahin masyarakat,-4,Negatif,MATCH,
3255,Andiek Jaka,5,2026-08-20,oke,oke,1.5,Positif,MATCH,
3256,peter cipto,5,2026-08-20,Sangat membantu ketika pindah tugas kerja.,sangat membantu ketika pindah tugas kerja,3,Positif,MATCH,
3257,Bung Al,5,2026-08-20,mudah digunakan,mudah digunakan,2.5,Positif,MATCH,
3258,Fauzi Raja,5,2026-08-20,sangat mempermudah,sangat mempermudah,0,Netral,MATCH,
3259,Julia Rahmana,1,2026-08-20,"apk gajelas. nunggu kode otp sms ngga masuk""",aplikasi gajelas nunggu kode otp sms tidak masuk,0,Netral,MATCH,
3260,Alifiah Alfatihah,1,2026-08-20,"daftar masukin nomor verifikasi gak bisa bisa terus padahal udah bener nomer nya dan kode nya gak muncul, gimana sih ini di perbaiki dong",daftar masukin nomor verifikasi tidak bisa bisa terus padahal udah benar nomer nya dan kode nya tidak muncul gimana sih ini di perbaiki dong,0,Netral,MATCH,
3261,Zainun Vyanisty,1,2026-08-20,"aplikasi gak guna, mau dftr eror terus tinggal verifikasi nomer gk bisa bisa",aplikasi tidak guna mau daftar error terus tinggal verifikasi nomer tidak bisa bisa,-2.5,Negatif,MATCH,
3262,Irwan Hendrawan,1,2026-08-20,untuk ngisi chaptcha nya gk jelas jadi mempersulit untuk log in,untuk ngisi chaptcha nya tidak jelas jadi mempersulit untuk login in,-1.35,Negatif,MATCH,
3263,Andriansyah Andriansyah,5,2026-08-20,bagus,bagus,2,Positif,MATCH,
3264,dicky ramdhanii,2,2026-08-20,"masa verifikasi wajah aja susah banget, udah puluhan kali coba tetep aja ngga bisa, aneh aplikasinya, ini niat ngga sih bikin aplikasinya, hadeuhhh capeee",masa verifikasi wajah aja sulit banget udah puluhan kali coba tetep aja tidak bisa aneh aplikasinya ini niat tidak sih bikin aplikasinya hadeuh cape,-2.5,Negatif,MATCH,
3265,Bona Silitonga,5,2026-08-20,sangat efisien,sangat efisien,2.5,Positif,MATCH,
3266,x-man setiaOne,5,2026-08-20,mantap,mantap,3,Positif,MATCH,
3267,Desi Mukin,5,2026-08-20,aplikasi ini sangat membantu,aplikasi ini sangat membantu,3,Positif,MATCH,
3268,odan channel,1,2026-08-20,ribet,rumit,-2,Negatif,MATCH,
3269,Aerography Drone Kutim,5,2026-08-20,baik,baik,2,Positif,MATCH,
3270,Laksmi Dewi,1,2026-08-20,sulit di-update,sulit di-update,-2.5,Negatif,MATCH,
3271,hardianto bismo,1,2026-08-20,"ini gimana servernya. nomor sudah benar tidak ada pesan verifikasi masuk ,diperbaiki lah itu sistem sama servernya lambat. blo9",ini gimana servernya nomor sudah benar tidak ada pesan verifikasi masuk diperbaiki lah itu sistem sama servernya lambat blo9,-2.5,Negatif,MATCH,
3272,M H,5,2026-08-20,👍,,0,Netral,MATCH,
3273,dafindra maulana,1,2026-08-20,aplikasi yang sangat merepotkan,aplikasi yang sangat merepotkan,0,Netral,MATCH,
3274,zetha007 Channel,5,2026-08-20,bagus,bagus,2,Positif,MATCH,
3275,Candra Arjuna,5,2026-08-20,top,top,2.5,Positif,MATCH,
3276,Bangbang gunawan,1,2026-08-20,proses pembatalan ribet banget👎👎,proses pembatalan rumit banget,-2,Negatif,MATCH,
3277,Limaya Pancawati,1,2026-08-20,"Gabisa daftar, eror terus capek",tidak bisa daftar error terus capek,-2.5,Negatif,MATCH,
3278,Moch Hayyin Wildan Siswanto,1,2026-08-20,ribet,rumit,-2,Negatif,MATCH,
3279,iwan kurniawan,5,2026-08-20,Sanagat membantu,sanagat membantu,3,Positif,MATCH,
3280,Agus Zindan,5,2026-08-20,aplikasi mobile JKN memang sangat membantu dalam pelayanan nya terima ksh kk.semoga sukses selalu,aplikasi mobile jkn memang sangat membantu dalam pelayanan nya terima ksh kartu keluarga semoga sukses selalu,5,Positif,MATCH,
3281,Ferry Hamdani,5,2026-08-20,bagus,bagus,2,Positif,MATCH,
3282,ivan riza,5,2026-08-20,josjisss,josjis,0,Netral,MATCH,
3283,Ahmad Sepiyudin,4,2026-08-20,sangat memuaskan bagi saya,sangat memuaskan bagi saya,0,Netral,MATCH,
3284,hamzah haz,5,2026-08-20,mantap,mantap,3,Positif,MATCH,
3285,Desak putu Putri widati,5,2026-08-20,mantab..,mantap,3,Positif,MATCH,
3286,Tri Haryanto,5,2026-08-20,joss 💥💥💥,joss,0,Netral,MATCH,
3287,dody hidayat,5,2026-08-20,baik,baik,2,Positif,MATCH,
3288,Putra Prawira,5,2026-08-20,Nice,nice,2,Positif,MATCH,
3289,Ini Bukan,1,2026-08-20,sangat buruk...login susah..cuma muter2 ga jelas..pdahal internet lancar..,sangat buruk login sulit cuma muter2 tidak jelas pdahal internet lancar,-4.35,Negatif,MATCH,
3290,Jejak Malam,1,2026-08-20,masuk gk bisa dftar ulang gk bisa.. apk ..banyak aturan bikin ruwed....keburu mati psiyen y...mau daftar aja susah.,masuk tidak bisa dftar ulang tidak bisa aplikasi banyak aturan bikin ruwed keburu mati psiyen y mau daftar aja sulit,-2.5,Negatif,MATCH,
3291,Meriya Nara,1,2026-08-20,kenapa susah dan selalu susah untuk masuk saat login...,kenapa sulit dan selalu sulit untuk masuk saat login,-5,Negatif,MATCH,
3292,Harsza TN,5,2026-08-20,sangat bermanfaat,sangat bermanfaat,3,Positif,MATCH,
3293,Axl Faris,5,2026-08-20,nice,nice,2,Positif,MATCH,
3294,Keiza Gaming,5,2026-08-20,sangat memuaskan,sangat memuaskan,0,Netral,MATCH,
3295,Imad Riswandi,5,2026-08-20,mudah di pahami,mudah di pahami,2.5,Positif,MATCH,
3296,Jefry Rondo,5,2026-08-20,sanggat recomend,sanggat recomend,0,Netral,MATCH,
3297,ferdi ansyah,1,2026-08-20,apk belum lulus uji malah di launching malah bikin ribet,aplikasi belum lulus uji malah di launching malah bikin rumit,-2,Negatif,MATCH,
3298,sri suhartini,5,2026-08-20,sangat membantu untuk berobat,sangat membantu untuk berobat,3,Positif,MATCH,
3299,Yohanes Benny,5,2026-08-20,mudah dalam melakukan update perubahan permintaan faskes,mudah dalam melakukan update perubahan permintaan faskes,2.5,Positif,MATCH,
3300,Zo Zo,1,2026-08-20,ganti pasword gagal trs kmn hrs hub saya ga bs buka jkn saya!,ganti pasword gagal terus kmn hrs hub saya tidak bs buka jkn saya,-2.5,Negatif,MATCH,
3301,Ummul Khair,5,2026-08-20,bagus,bagus,2,Positif,MATCH,
3302,RIch Brian,1,2026-08-20,mempersulit daftar saat di rumahsakit,mempersulit daftar saat di rumahsakit,0,Netral,MATCH,
3303,maarif senja,5,2026-08-20,semoga lancar dan sehat Indonesia,semoga lancar dan sehat indonesia,2.5,Positif,MATCH,
3304,Fitri Badrusalam,1,2026-08-20,aplikasi error dan eDan,aplikasi error dan edan,-2.5,Negatif,MATCH,
3305,Lanang Maulana,1,2026-08-20,Apk TOLOL,aplikasi tolol,0,Netral,MATCH,
3306,Tri Win,1,2026-08-20,"kode otp SMS gak masuk², selalu di persulit pake BPJS apk dan pelayanan anda sangat buruk terima kasih!",kode otp sms tidak masuk selalu di persulit pake bpjs aplikasi dan pelayanan anda sangat buruk terima kasih,-1,Negatif,MATCH,
3307,Evhy Tindi,5,2026-08-20,Aplikasi bermanfaat sekali,aplikasi bermanfaat sekali,3,Positif,MATCH,
3308,Hamdi Andi,5,2026-08-20,pelayanan cepat,pelayanan cepat,2.5,Positif,MATCH,
3309,irman maulana,1,2026-08-20,banyak bug nyah padahal ini berurusan sama orang sakit,banyak bug nyah padahal ini berurusan sama orang sakit,-2,Negatif,MATCH,
3310,Fatin Fatin ff,5,2026-08-20,mantab,mantap,3,Positif,MATCH,
3311,Muhammad Adam Firdaus,1,2026-08-20,"aplikasi bodoh sama kayak yang membuat ,emang aplikasi publik pemerintah tuh ga ada yang bener, otp ke SMS ga bisa,otp ke Gmail juga lgi ga bisa,apus aja ini aplikasi sampah",aplikasi bodoh sama kayak yang membuat emang aplikasi publik pemerintah tuh tidak ada yang benar otp ke sms tidak bisa otp ke gmail juga lgi tidak bisa apus aja ini aplikasi sampah,-4,Negatif,MATCH,
3312,Indra Rukmana,5,2026-08-20,GAK BISA LOGIN.. ERROR MULU,tidak bisa login error terus,-2.5,Negatif,MISMATCH_HIGH_RATING,"Rating bintang tinggi (4-5), namun isi ulasan memuat kritik/keluhan tajam"
3313,kafa bihi,5,2026-08-20,"sangat mudah, dan menyenangkan",sangat mudah dan menyenangkan,2.5,Positif,MATCH,
3314,Iqta Roba,5,2026-08-20,baik dan sangat membantu dalam proses pelayanannya,baik dan sangat membantu dalam proses pelayanannya,5,Positif,MATCH,
3315,Shinta Dwi,5,2026-08-20,"aplikasi nya bagus, memudahkan pengguna utk proses lewat aplikasi tidak perlu ke kantornya",aplikasi nya bagus memudahkan pengguna untuk proses lewat aplikasi tidak perlu ke kantornya,5,Positif,MATCH,
3316,Dini Maulani Dai,4,2026-08-20,bagus dan mudah digunakan. sayang loadingnya lama :'),bagus dan mudah digunakan sayang loadingnya lama,2.5,Positif,MATCH,
3317,Abang Semi,5,2026-08-20,sangat membantu,sangat membantu,3,Positif,MATCH,
3318,Agus Nugros,5,2026-08-20,sangat membantu,sangat membantu,3,Positif,MATCH,
3319,Sofyan Anang Riyanto,5,2026-08-20,jos,jos,0,Netral,MATCH,
3320,Sahabat By U,3,2026-08-20,mohon di perbaiki lagi sistem apikasih jagàn tiap hari eror terus,mohon di perbaiki lagi sistem apikasih jag n tiap hari error terus,-2.5,Negatif,MATCH,
3321,dwikurniawan,1,2026-08-20,aneh mau login muter muter trus sampai skrng,aneh mau login muter muter terus sampai skrng,0,Netral,MATCH,
3322,Eko Wahyudi,4,2026-08-20,ok,ok,1.5,Positif,MATCH,
3323,Ambarwidi Wibowo,5,2026-08-20,mudah di gunakan,mudah di gunakan,2.5,Positif,MATCH,
3324,Chairul Anam,4,2026-08-20,gampang pengoperasiannya mudah dan cepat,gampang pengoperasiannya mudah dan cepat,5,Positif,MATCH,
3325,Swan Wiralya,1,2026-08-20,"bila aplikasi tidak siap, ini ilegal untuk di publikasi kan, bug, error, apalagi fitur kamera gimana maksudnya kamera bisa 100% mirror dari kamera hp itu sendiri? kode otp, harus banget ada pulsa? website, apk lain maupun aplikasi paling berbayar dan memakan kuota pun otp nya sangat minimalis dan tidak memakan pulsa sedikitpun, untuk pengguna baru, kalian wajib protes ke pekerja apotek atau rumah sakit, sangat ilegal dan tidak pantas untuk masuk dalam kategori aplikasi efisien untun kehidupan.",bila aplikasi tidak siap ini ilegal untuk di publikasi kan bug error apalagi fitur kamera gimana maksudnya kamera bisa 100 mirror dari kamera hp itu sendiri kode otp harus banget ada pulsa website aplikasi lain maupun aplikasi paling berbayar dan memakan kuota pun otp nya sangat minimalis dan tidak memakan pulsa sedikitpun untuk pengguna baru kalian wajib protes ke pekerja apotek atau rumah sakit sangat ilegal dan tidak pantas untuk masuk dalam kategori aplikasi efisien untun kehidupan,-2,Negatif,MATCH,
3326,Maria Sombo,5,2026-08-19,Sangat membantu,sangat membantu,3,Positif,MATCH,
3327,Atik Kurniati,5,2026-08-19,ok,ok,1.5,Positif,MATCH,
3328,Jepri sumanto Manalu,5,2026-08-19,sangat bermanfaat sekali. tingkat trus pelayananya.,sangat bermanfaat sekali tingkat terus pelayananya,3,Positif,MATCH,
3329,Aku suka keripik 88,1,2026-08-19,"orang berobat tuh udah jadi kondisi manusia yang lagi susah susahnya, badan nggak Nentu, pikiran nggak nentu, malah disuruh begadang nunggu jam 00.00 cuma buat daftar antrean yang nggak pasti bisa dapat. maksudnya tuh, kenapa sih harus tengah malam? nggak bisa gitu sistemnya ganti jadi jam tujuh pagi? kayak jam orang kerja normal biasanya? orang kecil mau berobat mentang-mentang pake BPJS dipersulit Mulu. tolong lah, jangan gini..",orang berobat tuh udah jadi kondisi manusia yang lagi sulit susahnya badan tidak nentu pikiran tidak nentu malah disuruh begadang nunggu jam 00 00 cuma buat daftar antrean yang tidak pasti bisa dapat maksudnya tuh kenapa sih harus tengah malam tidak bisa gitu sistemnya ganti jadi jam tujuh pagi kayak jam orang kerja normal biasanya orang kecil mau berobat mentang-mentang pake bpjs dipersulit terus tolong lah jangan gini,-6,Negatif,MATCH,
3330,IBENG Valentino,5,2026-08-19,Sangat bermanfaat sekali,sangat bermanfaat sekali,3,Positif,MATCH,
3331,Mochamad Taufik,1,2026-08-19,"mau daftar aja ribet amat,",mau daftar aja rumit amat,-2,Negatif,MATCH,
3332,anak rantau,2,2026-08-19,aplikasi apa ini mau daftar online tidak di temukan terus,aplikasi apa ini mau daftar online tidak di temukan terus,0,Netral,MATCH,
3333,aas setiyaningrum,5,2026-08-19,sangat bagus,sangat bagus,2,Positif,MATCH,
3334,Siska Ratnawati Lase (Sisca),1,2026-08-19,Aplikasinya menyulitkan pengguna. Selalu saja ada kegagalan padahal jaringan bagus dan kuota masih banyak. Tolong diperhatikan dan di perbaharui. Kalau begini caranya orang-orang memilih memendam penyakitnya dirumah daripada terus dipersulit seperti ini!,aplikasinya menyulitkan pengguna selalu saja ada kegagalan padahal jaringan bagus dan kuota masih banyak tolong diperhatikan dan di perbaharui kalau begini caranya orang-orang memilih memendam penyakitnya dirumah daripada terus dipersulit seperti ini,-1.5,Negatif,MATCH,
3335,Rozak Gunung geni,1,2026-08-19,"apk nya lelet,hampir GK bisa diakses,sering relok",aplikasi nya lambat hampir tidak bisa diakses sering relok,-2.5,Negatif,MATCH,
3336,Amri Irma,5,2026-08-19,"mudah pemakaiannya, sangat membantu..",mudah pemakaiannya sangat membantu,5.5,Positif,MATCH,
3337,wahyu nurwahyullah,5,2026-08-19,Cepat dan responsif,cepat dan responsif,2.5,Positif,MATCH,
3338,Ayu Nurjannah,4,2026-08-19,gak nonstop di aplikasi setiap mau buka harus masukin LG sandi skrg malah susah gak bisa masuk,tidak nonstop di aplikasi setiap mau buka harus masukin lg sandi sekarang malah sulit tidak bisa masuk,-2.5,Negatif,MISMATCH_HIGH_RATING,"Rating bintang tinggi (4-5), namun isi ulasan memuat kritik/keluhan tajam"
3339,Endang Trisnowati,5,2026-08-19,lbih mudah dn prakts,lbih mudah dn prakts,2.5,Positif,MATCH,
3340,Suhar Woko,1,2026-08-19,aplikasi jkn terjelek.... tidak bisa satu kk... setiap daftar antrian untuk anak rawat jalan tidak bisa... kendala anak tidak punya hp nomor & email... saran aplikasi JKN verifikasi nomor wa jangan nomor telpon saja.🤧,aplikasi jkn terjelek tidak bisa satu kartu keluarga setiap daftar antrean untuk anak rawat jalan tidak bisa kendala anak tidak punya hp nomor email saran aplikasi jkn verifikasi nomor wa jangan nomor telpon saja,0,Netral,MATCH,
3341,Thian Herawati,3,2026-08-19,"knp aplikasi skr harus ngulang""keluar masuk login pdhal dllu ga kaya gini ribet kanharus masukin no nik lagi.",knp aplikasi skr harus ngulang keluar masuk login pdhal dllu tidak kaya gini rumit kanharus masukin no nik lagi,-2,Negatif,MATCH,
3342,JUAN MUDA CAHYA OKTA S (Arjuna Putra Zanndar),2,2026-08-19,"Daftar pelayanan atau daftar kesabaran? 😅 Mau daftar pelayanan malah lebih sering ketemu tulisan “Gagal Terhubung ke server RS.” Gangguan terus, padahal yang dibutuhkan cuma daftar, bukan ikut tes kesabaran. Tolong diperbaiki server dan sistemnya. Aplikasi sebagus apa pun percuma kalau fungsi utamanya malah tidak bisa digunakan saat dibutuhkan. 🙃",daftar pelayanan atau daftar kesabaran mau daftar pelayanan malah lebih sering ketemu tulisan gagal terhubung ke server rs gangguan terus padahal yang dibutuhkan cuma daftar bukan ikut tes kesabaran tolong diperbaiki server dan sistemnya aplikasi sebagus apa pun percuma kalau fungsi utamanya malah tidak bisa digunakan saat dibutuhkan,-2.5,Negatif,MATCH,
3343,Tantan Hadiansyah,5,2026-08-19,enak dan gampang menggunakannya serta membantu banget,enak dan gampang menggunakannya serta membantu banget,3,Positif,MATCH,
3344,Aldy Argenta,1,2026-08-19,"apk di pemerintahan masa jelek gini sih, mau login aja tidak bisa gangguan lah hadehh",aplikasi di pemerintahan masa buruk gini sih mau login aja tidak bisa gangguan lah hadehh,-3,Negatif,MATCH,
3345,guplek rembol,1,2026-08-19,kode otp tidak masuk sudah dicoba berkali-kali. pulsa ada internet lancar. aplikasi ga jelas. sistem kok jam 17.00 lebih sulit diakses. buat apa ada aplikasi jika sistem ikut jam kerja kek manusia. ANEH BIN AJAIB. DLOGOK JARAN,kode otp tidak masuk sudah dicoba berkali-kali pulsa ada internet lancar aplikasi tidak jelas sistem kok jam 17 00 lebih sulit diakses buat apa ada aplikasi jika sistem ikut jam kerja kek manusia aneh bin ajaib dlogok jaran,-1.35,Negatif,MATCH,
3346,Suherman Herman,5,2026-08-19,mntap,mntap,0,Netral,MATCH,
3347,Afif Ansori,5,2026-08-19,bagus,bagus,2,Positif,MATCH,
3348,Mas Agus Purnama Giri,5,2026-08-19,sangat membantu,sangat membantu,3,Positif,MATCH,
3349,SUTRISNO,1,2026-08-19,"busuk, kasih swasta saja yng kelola pasti lebih baik aplikasinya",busuk kasih swasta saja yng kelola pasti lebih baik aplikasinya,2,Positif,MISMATCH_LOW_RATING,Salah klik rating / Human error (Isi ulasan berupa pujian murni)
3350,sultan Ibrahim,5,2026-08-19,ok,ok,1.5,Positif,MATCH,
3351,arys putra,1,2026-08-19,malah ga bisa log in,malah tidak bisa login in,0,Netral,MATCH,
3352,M.Pansyah Nazar,1,2026-08-19,gak jelas ni SMS gak masuk masuk,tidak jelas ni sms tidak masuk masuk,-1.35,Negatif,MATCH,
3353,Alif Maulana,1,2026-08-19,"aplikasi sampah,error terus di nomor",aplikasi sampah error terus di nomor,-6.5,Negatif,MATCH,
3354,Ridwan Refiadi “Ridwan Refiadi” Wikarta Dinata,5,2026-08-19,berfungsi dengan baik🙏🇮🇩🎉,berfungsi dengan baik,2,Positif,MATCH,
3355,Idris Buggih,5,2026-08-19,bagus cepet ditanganinya 🙏,bagus cepet ditanganinya,2,Positif,MATCH,
3356,Herù S,1,2026-08-19,"hilangkan itu CAPTCHA CAPTCHA. kebanyakan pengguna app ini kan para lansia yang penglihatannya udah mulai menurun, malah disuruh baca CAPTCHA CAPTCHA yang angkanya FIBET SETENGAH MATI. sederhananya app nya ! ga semua pengguna paham soal begituan",hilangkan itu captcha captcha kebanyakan pengguna aplikasi ini kan para lansia yang penglihatannya udah mulai menurun malah disuruh baca captcha captcha yang angkanya fibet setengah mati sederhananya aplikasi nya tidak semua pengguna paham soal begituan,0,Netral,MATCH,
3357,Aditia Dika Pratama,1,2026-08-19,ini aplikasi kenapa sih setiap kalu mau kirim kode otp gak masuk² udah berkali² ganti nomor hp tetep juga gak masuk aplikasi apaan kek gini tolong developer perbaikin ni aplikasi udah logout sendiri tiap masu kirim kode otp gak masuk².,ini aplikasi kenapa sih setiap kalu mau kirim kode otp tidak masuk udah berkali ganti nomor hp tetep juga tidak masuk aplikasi apaan kek gini tolong developer perbaiki ni aplikasi udah logout sendiri tiap masu kirim kode otp tidak masuk,0,Netral,MATCH,
3358,Melza Anggreani,5,2026-08-19,keren,keren,2.5,Positif,MATCH,
3359,Andi Nopyan,4,2026-08-19,aplikasi Sangat bagus tapi saya belum terlalu paham jika Daftar Online Rumah Sakit,aplikasi sangat bagus tapi saya belum terlalu paham jika daftar online rumah sakit,2,Positif,MATCH,
3360,sapri ansyah,5,2026-08-19,mudah dam cepat,mudah dam cepat,5,Positif,MATCH,
3361,hubaib Sudru,5,2026-08-19,recommended,recommended,3,Positif,MATCH,
3362,Jhamie Serang,5,2026-08-19,sangat baik,sangat baik,2,Positif,MATCH,
3363,Moh dedi Hidayatullah,5,2026-08-19,mantap...aplikasi yg sgt membantu,mantap aplikasi yang sgt membantu,6,Positif,MATCH,
3364,RA Al-Awwabiin 136,5,2026-08-19,Membantu,membantu,3,Positif,MATCH,
3365,Desy Tarayani,5,2026-08-19,sangat bagus.,sangat bagus,2,Positif,MATCH,
3366,Diovanty Nurul Hasanah (Ai),3,2026-08-19,"kenapa pas udah ambil antrean pertama tapi pas di RS dilayaninya paling telat, udah gitu kenapa pas ambil antrean pasti tanggal nya baru berubah setelah 1x 24jam dan gak langsung muncul stelah dapat surat rujukan.",kenapa pas udah ambil antrean pertama tapi pas di rs dilayaninya paling telat udah gitu kenapa pas ambil antrean pasti tanggal nya baru berubah setelah 1x 24jam dan tidak langsung muncul stelah dapat surat rujukan,0,Netral,MATCH,
3367,Candra Prastiyo,1,2026-08-19,minta kode otp tapi ga dikirim kirim kodenya KOCAKKKKKK,minta kode otp tapi tidak dikirim kirim kodenya kocak,0,Netral,MATCH,
3368,NOOB MAKER,1,2026-08-19,masa satu poli satu satu hari.. sangat tidak adil. kalau yang mau kerja tapi kerumah sakit punya check up 3-4poli.. kapan dia biss kerja,masa satu poli satu satu hari sangat tidak adil kalau yang mau kerja tapi kerumah sakit punya check up 3-4poli kapan dia biss kerja,0,Netral,MATCH,
3369,Sutan Zigo,5,2026-08-19,penanganan cepat,penanganan cepat,2.5,Positif,MATCH,
3370,Andi Hidayat Hidayat,5,2026-08-19,ok,ok,1.5,Positif,MATCH,
3371,Habib Zaini,4,2026-08-19,ini krnapa saya masuk nomer hp otp ngga ada padahal nomer sudah bener,ini krnapa saya masuk nomer hp otp tidak ada padahal nomer sudah benar,0,Netral,MATCH,
3372,Ivan Ru,5,2026-08-19,bagus,bagus,2,Positif,MATCH,
3373,nirina kurniawan,1,2026-08-19,"apk nya tolong perbaiki dari segi daftar akun dan scan wajah, kalo bisa jangan mirror kamera nya agar lebih mudah.",aplikasi nya tolong perbaiki dari segi daftar akun dan scan wajah kalo bisa jangan mirror kamera nya agar lebih mudah,2.5,Positif,MISMATCH_LOW_RATING,Salah klik rating / Human error (Isi ulasan berupa pujian murni)
3374,syahril,5,2026-08-19,ok,ok,1.5,Positif,MATCH,
3375,Airin Novisha,1,2026-08-19,aplikasi cara mempersulit hidup😂nomor wajib 1 pernama jadi kalau anaknya 3 ya nomor hp ya 3 wkkk😂mana sekarang peraturan bpjs mempersulit pertemuan dengan dokter yg aturannya tambah berbelit2. Harusnya setelah oprasi 5-7hari dh bisa ketemu skrg bisa 2minggu woy😂mana kalau cuma nyabut benang dipuskesmas aja pada gk mau karna nanti menyalahi kode etik dokter apalah lagi ini 😂mau gk mau wajib nunggu 2minggu yg mana benang dh bau dan mengganggu aktifitas😒,aplikasi cara mempersulit hidup nomor wajib 1 pernama jadi kalau anaknya 3 ya nomor hp ya 3 wk mana sekarang peraturan bpjs mempersulit pertemuan dengan dokter yang aturannya tambah berbelit2 harusnya setelah oprasi 5-7hari dh bisa ketemu sekarang bisa 2minggu woy mana kalau cuma nyabut benang dipuskesmas aja pada tidak mau karena nanti menyalahi kode etik dokter apalah lagi ini mau tidak mau wajib nunggu 2minggu yang mana benang dh bau dan mengganggu aktifitas,0,Netral,MATCH,
3376,Muhammad Faiz,1,2026-08-19,"aplikasi memeg, bukannya mempermudah malah nyusahin perbaiki tuh aplikasinya, ngirim kode otp aja susah amat plerr",aplikasi memeg bukannya mempermudah malah nyusahin perbaiki tuh aplikasinya ngirim kode otp aja sulit amat plerr,-2.5,Negatif,MATCH,
3377,Dede R Mold,1,2026-08-19,kenapa sekarang aplikadi mobile jkn idak cocok dengan Hp saya samsung J7 pro 2018. tolong bantuannya yah admin supaya hp saya bisa instal mobile jkn,kenapa sekarang aplikadi mobile jkn idak cocok dengan hp saya samsung j7 pro 2018 tolong bantuannya yah admin supaya hp saya bisa instal mobile jkn,0,Netral,MATCH,
3378,Andi Saprol,5,2026-08-19,bagus,bagus,2,Positif,MATCH,
3379,Aron Punkrose,5,2026-08-19,"saya mengusulkan untuk info riwayat kesehatan jangan hanya satu orang saja, tapi harus yang ada diaplikasi di diberikan skrining kesehatan biar tahu riwayat penyakitnya semua anggota keluarga yang ada di aplikasi BPJS JKN",saya mengusulkan untuk info riwayat kesehatan jangan hanya satu orang saja tapi harus yang ada diaplikasi di diberikan skrining kesehatan biar tahu riwayat penyakitnya semua anggota keluarga yang ada di aplikasi bpjs jkn,0,Netral,MATCH,
3380,Ade Bian,5,2026-08-19,mempermudah,mempermudah,0,Netral,MATCH,
3381,HOSI CHAN,3,2026-08-19,"gimana ini banyak bug, dikasih opsi verifikasi, tapi ga ada pilihannya",gimana ini banyak bug dikasih opsi verifikasi tapi tidak ada pilihannya,-2,Negatif,MATCH,
3382,cupi indra,4,2026-08-19,memudahkan,memudahkan,3,Positif,MATCH,
3383,Liyus Yunus,5,2026-08-19,sangat membantu,sangat membantu,3,Positif,MATCH,
3384,Dade Ajrin,1,2026-08-19,"terlalu berbelit belit,, tidak cocok untuk darurat... pokoknya tidak puas",terlalu berbelit belit tidak cocok untuk darurat pokoknya tidak puas,-2.7,Negatif,MATCH,
3385,ifar ziady,1,2026-08-19,"hana jelah, aplikasi,",hana jelah aplikasi,0,Netral,MATCH,
3386,Hafni Hadijah,5,2026-08-19,saya ingin menginstal mobile jkn tapi TDK bisa,saya ingin menginstal mobile jkn tapi tidak bisa,0,Netral,MATCH,
3387,Muhammad Haris,3,2026-08-19,"rusak cok, verifikasi otp nya ga kekirim-kirim",rusak cok verifikasi otp nya tidak kekirim-kirim,-3,Negatif,MATCH,
3388,Agus Mulyadi,5,2026-08-19,cepat,cepat,2.5,Positif,MATCH,
3389,Ririn Utami,1,2026-08-19,"mempersulit wkwk, login ge gabisa terus",mempersulit wkwk login ge tidak bisa terus,0,Netral,MATCH,
3390,Dodi Lifan Dana (DODI LIFAN DANA),1,2026-08-19,"login maksimal ke 3 Nik tapi setelah itu palah ga bisa login ke salah satu dari Nik yg pernah login, minta solusi palah dijawab login ke HP lain. kalian pikir semua orang punya hp banyak? lagian ngapain ada pembatasan seperti itu, bukannya yg penting sudah logout dari hp biar bisa login di hp lain dan hp yg sudah logout bisa buat login ke Nik yg lain? ini aplikasi gimana sih ga jelas banget dan ga da solusi atas kesulitan costumer.",login maksimal ke 3 nik tapi setelah itu palah tidak bisa login ke salah satu dari nik yang pernah login minta solusi palah dijawab login ke hp lain kalian pikir semua orang punya hp banyak lagian ngapain ada pembatasan seperti itu bukannya yang penting sudah logout dari hp biar bisa login di hp lain dan hp yang sudah logout bisa buat login ke nik yang lain ini aplikasi gimana sih tidak jelas banget dan tidak da solusi atas kesulitan costumer,-1.35,Negatif,MATCH,
3391,Rahmat Kpr,1,2026-08-19,Sering X sudah error aplikasi nya... yang terdaftar 5 tapi di Aplikasi bisa² error tinggal 1,sering x sudah error aplikasi nya yang terdaftar 5 tapi di aplikasi bisa error tinggal 1,-5,Negatif,MATCH,
3392,RAFI,1,2026-08-19,aplikasi bapuk,aplikasi bapuk,0,Netral,MATCH,
3393,Jasa Printing Adi,5,2026-08-19,Sangat membantu,sangat membantu,3,Positif,MATCH,
3394,Togar Togatorop,5,2026-08-19,proses cepat,proses cepat,2.5,Positif,MATCH,
3395,Lia Lai,1,2026-08-19,aplikasi rusak,aplikasi rusak,-3,Negatif,MATCH,
3396,Nataniel yaru Nataniel yaru,5,2026-08-19,agak sulit untuk aktifkan bpjs bantuan sosial,agak sulit untuk aktifkan bpjs bantuan sosial,-2.5,Negatif,MISMATCH_HIGH_RATING,"Rating bintang tinggi (4-5), namun isi ulasan memuat kritik/keluhan tajam"
3397,mul yadi,5,2026-08-19,bagus pisan,bagus pisan,2,Positif,MATCH,
3398,M. Arfian,5,2026-08-19,okee terima kasih,okee terima kasih,2,Positif,MATCH,
3399,Yan Surya,5,2026-08-19,mantap,mantap,3,Positif,MATCH,
3400,Hanan Dulhanan,5,2026-08-19,sangat membantu toling munculjan aplikasi jkn nta,sangat membantu toling munculjan aplikasi jkn nta,3,Positif,MATCH,
3401,Muhamad Nuri,1,2026-08-19,"apk bukan e permudah, ini persulit, nilai 10 sampai 1 gw pilih 1, apk bobrok",aplikasi bukan e permudah ini persulit nilai 10 sampai 1 gw pilih 1 aplikasi bobrok,0,Netral,MATCH,
3402,Eva Oky,5,2026-08-19,"bagusss, memudahkan",bagus memudahkan,5,Positif,MATCH,
3403,indri,1,2026-08-19,"apk ga jls, ribet. ngambil antrean gagal terus smpe akhir ny g kebagian no antrean, bukannya mempermudah malah mempersulit. klo g bisa bikin apk hps aja, apk ga guna. sampahhh!!!.",aplikasi tidak jls rumit ngambil antrean gagal terus smpe akhir ny g kebagian no antrean bukannya mempermudah malah mempersulit klo g bisa bikin aplikasi hps aja aplikasi tidak guna sampah,-8.5,Negatif,MATCH,
3404,AGUS PURBOYO,2,2026-08-19,eror melulu si ya..,error melulu si ya,-2.5,Negatif,MATCH,
3405,R.atminto W,5,2026-08-19,sangat membantu,sangat membantu,3,Positif,MATCH,
3406,Rahman N,1,2026-08-19,"kode OTP tidak muncul nggk heran sih apk pemerintah, developnya kalah sama aplikasi swasta. duitnya dikorupsi soalnya",kode otp tidak muncul nggk heran sih aplikasi pemerintah developnya kalah sama aplikasi swasta duitnya dikorupsi soalnya,0,Netral,MATCH,
3407,Cahaya Put,1,2026-08-19,asik asik keluar sendiri aja aplikasi dari hp 🤬 anak anak dan org tua tidak dibikin 1 aplikasi 🫥,asik asik keluar sendiri aja aplikasi dari hp anak anak dan org tua tidak dibikin 1 aplikasi,-3,Negatif,MATCH,
3408,Amanda Manda,1,2026-08-19,"tau ah males selalu ga bisa di proses pakai nomor sebelumnya cepat respon katanya sudah terpakai sekalinya pake nomor blm terpkai malah ga bisa di proses pdhal sdh diisi pulsa jga,, gini gini mempersulit masyarakat",tau ah males selalu tidak bisa di proses pakai nomor sebelumnya cepat respon katanya sudah terpakai sekalinya pake nomor belum terpkai malah tidak bisa di proses pdhal sudah diisi pulsa jga gini gini mempersulit masyarakat,2.5,Positif,MISMATCH_LOW_RATING,Salah klik rating / Human error (Isi ulasan berupa pujian murni)
3409,Alkhalifi Danianto,3,2026-08-19,mau resert pasword aja susah baget. notif udah kedaftar. giliran login dari awal lagi belom terdaftar apk aneh,mau resert pasword aja sulit baget notif udah kedaftar giliran login dari awal lagi belom terdaftar aplikasi aneh,-2.5,Negatif,MATCH,
3410,Abdullah Syafei,4,2026-08-19,Pelayanan Prima,pelayanan prima,0,Netral,MATCH,
3411,Jaelani 5769,5,2026-08-19,Sangat puas,sangat puas,3,Positif,MATCH,
3412,Mochamad Idris,5,2026-08-19,terimakasih kasih dengan adanya aplikasi ini,terimakasih kasih dengan adanya aplikasi ini,0,Netral,MATCH,
3413,prama irawan,5,2026-08-19,aplikasinya bagus dan mudah digunakan,aplikasinya bagus dan mudah digunakan,4.5,Positif,MATCH,
3414,Agus sinjaii,4,2026-08-19,sangat mudah di gunakan,sangat mudah di gunakan,2.5,Positif,MATCH,
3415,Guntur Geni,5,2026-08-19,sangat membantu,sangat membantu,3,Positif,MATCH,
3416,Refsimardiani Safitri,5,2026-08-19,bisa membantu percepatan antrean... bisa berobat tanpa antre lama2..,bisa membantu percepatan antrean bisa berobat tanpa antri lama2,3,Positif,MATCH,
3417,Nur Aqila,1,2026-08-19,tiap mau verifikasi wajah ga pernah bisa.. gimna dong ini saya butuh buat masuk ke mobile jkn.. tolong di perbaiki,tiap mau verifikasi wajah tidak pernah bisa gimna dong ini saya butuh buat masuk ke mobile jkn tolong di perbaiki,0,Netral,MATCH,
3418,Ali Saputra,5,2026-08-19,terimakasi banyak,terimakasi banyak,0,Netral,MATCH,
3419,M Jamil,5,2026-08-19,sangat membantu sekali.sangat bermanfaat,sangat membantu sekali sangat bermanfaat,6,Positif,MATCH,
3420,Jelek Christ,5,2026-08-19,mudah cepat dan praktis,mudah cepat dan praktis,7.5,Positif,MATCH,
3421,Saepul ersya,5,2026-08-19,sangat membantu,sangat membantu,3,Positif,MATCH,
3422,Yana Setiana,5,2026-08-19,updatenya bisa tfkSekarangkan,updatenya bisa tfksekarangkan,0,Netral,MATCH,
3423,astara adi widijaya,1,2026-08-19,"aplikasi rusak, nggak jelas, mempersulit orang mau berobat, mau daftar tulisan nya ""kuota sudah penuh/kosong"", udh di ulang ulang tetep sama hasilnya begitu, aplikasi aneh",aplikasi rusak tidak jelas mempersulit orang mau berobat mau daftar tulisan nya kuota sudah penuh kosong sudah di ulang ulang tetep sama hasilnya begitu aplikasi aneh,-4.35,Negatif,MATCH,
3424,Dedi Aja,1,2026-08-19,kenapa setiap buka afilikasih ini selalu offline,kenapa setiap buka afilikasih ini selalu offline,0,Netral,MATCH,
3425,erickson lbn gaol,1,2026-08-19,"Aplikasi Buruk, Pulsa sudah dipotong OTP tidak masuk. Pengaduan OTP ditanggapi dengan bahasa yang baku, tidak ada solusi. Tolong Playstore untuk Takedown aplikasi ini, indikasi project Busuk.",aplikasi buruk pulsa sudah dipotong otp tidak masuk pengaduan otp ditanggapi dengan bahasa yang baku tidak ada solusi tolong playstore untuk takedown aplikasi ini indikasi project busuk,-3,Negatif,MATCH,
3426,achid abdillah,5,2026-08-19,"terimakasih sangat membantu segala administrasi. , tidak ribet. simple",terimakasih sangat membantu segala administrasi tidak rumit simple,4,Positif,MATCH,
3427,Copler Breet,1,2026-08-19,BPJS ribetttt,bpjs rumit,-2,Negatif,MATCH,
3428,SUTRA WIJAYA DG NGEMBA,1,2026-08-19,"antrian TDK jelas langsung loncat tanpa pemberitahuan, suruh ambil antrian lagi.",antrean tidak jelas langsung loncat tanpa pemberitahuan suruh ambil antrean lagi,-1.35,Negatif,MATCH,
3429,Agung Channel,1,2026-08-19,aplikasi aneh banyak bug mending nonton bkp ketimbang buka ni apk,aplikasi aneh banyak bug mending nonton bkp ketimbang buka ni aplikasi,-2,Negatif,MATCH,
3430,Haryadi Mujahidin,1,2026-08-19,aplikasi ini mempersulit kami untuk berobat . tdk bisa login dengan alasan capca salah,aplikasi ini mempersulit kami untuk berobat tidak bisa login dengan alasan capca salah,0,Netral,MATCH,
3431,Bonatua Sinaga,5,2026-08-19,"respon cepat, sesuai harapan",respon cepat sesuai harapan,2.5,Positif,MATCH,
3432,Galih Handoko,1,2026-08-19,tidak bisa di buka...saya instal di beberapa hp juga sama saja.,tidak bisa di buka saya instal di beberapa hp juga sama saja,0,Netral,MATCH,
3433,magical upper,1,2026-08-19,fatal. di jebak oleh pihak call center. diarahin bisa puskesmas berbeda provinsi dengan tujuan rsud provinsi tujuan. sudah ubah puskesmas diarahin puskesmas malah tidak bisa kata puskesmas. salah di petugas bpjs kesalahan kita di suruh tanggung jawab,fatal di jebak oleh pihak call center diarahin bisa puskesmas berbeda provinsi dengan tujuan rsud provinsi tujuan sudah ubah puskesmas diarahin puskesmas malah tidak bisa kata puskesmas salah di petugas bpjs kesalahan kita di suruh tanggung jawab,0,Netral,MATCH,
3434,Stevanus Stev,3,2026-08-19,kenapa hendphon saya tidak kompotibel dengan aplikasi jkn moble?,kenapa hendphon saya tidak kompotibel dengan aplikasi jkn moble,0,Netral,MATCH,
3435,Azmi Azmi,5,2026-08-19,pelayanan cepat dan.mudah,pelayanan cepat dan mudah,5,Positif,MATCH,
3436,YUU [GAMING],1,2026-08-19,gimana saya daftar dan menunggu SMS kode otp gak masuk masuk tolong diperbaiki kasihan yang lainnya yang mau daftar,gimana saya daftar dan menunggu sms kode otp tidak masuk masuk tolong diperbaiki kasihan yang lainnya yang mau daftar,0,Netral,MATCH,
3437,Abdul Wahid,5,2026-08-19,good,good,2,Positif,MATCH,
3438,Puspa Pratiwi,1,2026-08-19,tidak bisa di install mau berobat gimana,tidak bisa di install mau berobat gimana,0,Netral,MATCH,
3439,elora nadin,5,2026-08-19,fast respon,fast respon,0,Netral,MATCH,
3440,nunung rohmanah,3,2026-08-19,"suzah masuknya, registrasi verifikasi lewat sms tapi smsnya tidak muncul muncul. alhasil tidak bisa login karna daftar na tidak bisa",suzah masuknya registrasi verifikasi lewat sms tapi smsnya tidak muncul muncul alhasil tidak bisa login karena daftar na tidak bisa,0,Netral,MATCH,
3441,Ale Ale,1,2026-08-19,aplikasi GK guna.ada aplikasi knapa mau aktif kan kembali harus ke dinsos zaman Uda canggih Masi aja harus offline,aplikasi tidak guna ada aplikasi knapa mau aktif kan kembali harus ke dinsos zaman uda canggih masi aja harus offline,0,Netral,MATCH,
3442,Alexandro Yunus,1,2026-08-19,aplikasi ga layak rilis kok maksa rilis,aplikasi tidak layak rilis kok maksa rilis,0,Netral,MATCH,
3443,Sidal,3,2026-08-19,kasih fitur kamera belakang lah woi,kasih fitur kamera belakang lah woi,0,Netral,MATCH,
3444,Fahri Ananda,5,2026-08-19,terbaik,terbaik,3,Positif,MATCH,
3445,Winand Pasaribu,5,2026-08-19,Good Apl,good apl,2,Positif,MATCH,
3446,Bella,1,2026-08-19,sumpah Susah banget mu ambil antrian online error terus. semoga aplikasinya lebih powerful. sehingga sangat memudahkan bagi umat manusia,sumpah sulit banget mu ambil antrean online error terus semoga aplikasinya lebih powerful sehingga sangat memudahkan bagi umat manusia,-2,Negatif,MATCH,
3447,Eni Iswanti,1,2026-08-19,"Ini aplikasinya mau login minta nomor hp OTP ga mau di kirim error mulu nanya ke ke kantor BPJS katanya karena pake nomor smarfren, kecewa berat. Saya cuma punya 1 nomor, susah daftar2 fasilitas kesehatan karen login OTP ga bisa2, tolong dong diperpaiki.",ini aplikasinya mau login minta nomor hp otp tidak mau di kirim error terus nanya ke ke kantor bpjs katanya karena pake nomor smarfren kecewa berat saya cuma punya 1 nomor sulit daftar2 fasilitas kesehatan karen login otp tidak bisa2 tolong dong diperpaiki,-8,Negatif,MATCH,
3448,We Run,1,2026-08-19,"perlu di tingkatkan lagi setiap mau ambil antrian online selalu gagal padahal ada kuota dan wifi, yg salah bukan paket atau wifi nya tapi aplikasinya yg ga beres",perlu di tingkatkan lagi setiap mau ambil antrean online selalu gagal padahal ada kuota dan wifi yang salah bukan paket atau wifi nya tapi aplikasinya yang tidak beres,-2.5,Negatif,MATCH,
3449,Neneng Parikhatin,5,2026-08-18,lebih mudah mengakses,lebih mudah mengakses,2.5,Positif,MATCH,
3450,Andreansss Putra (Andre putra),4,2026-08-18,gaptcha nya loading,gaptcha nya loading,0,Netral,MATCH,
3451,Tubagus Nabil,1,2026-08-18,APLIKASI YANG SANGAT BAGUS,aplikasi yang sangat bagus,2,Positif,MISMATCH_LOW_RATING,Salah klik rating / Human error (Isi ulasan berupa pujian murni)
3452,Resdi Nur,1,2026-08-18,aplikasi aneh masa scan muka aja gak bisa bisa,aplikasi aneh masa scan muka aja tidak bisa bisa,0,Netral,MATCH,
3453,Phillips wirabudhy,5,2026-08-18,sangat membantu dlm BPJS kesehatan,sangat membantu dlm bpjs kesehatan,3,Positif,MATCH,
3454,diluc sign,1,2026-08-18,kode Otp nya aja sush banget gila aplikasi ini malah bikin orang repotttttt nyusain parah mau berobat aja di persulit,kode otp nya aja sush banget gila aplikasi ini malah bikin orang repot nyusain buruk mau berobat aja di persulit,-3,Negatif,MATCH,
3455,Sachi Nuryantini,5,2026-08-18,bagus,bagus,2,Positif,MATCH,
3456,Imam As'ary,2,2026-08-18,"surat rujukan masih aktif , tapi tidak bisa daftar online, aplikasinya tidak bisa ngambil antrean",surat rujukan masih aktif tapi tidak bisa daftar online aplikasinya tidak bisa ngambil antrean,0,Netral,MATCH,
3457,Ari Gunawan,1,2026-08-18,aplikasi aampah,aplikasi aampah,0,Netral,MATCH,
3458,Jhony Ridwan,5,2026-08-18,pasti lancar,pasti lancar,2.5,Positif,MATCH,
3459,Yoga Saputra,1,2026-08-18,"Saat mau ambil nomor antrian tidak bisa, server tiba-tiba tidak bisa terhubung dan langsung log out. Saat sudah bisa tengah malam dan nomor antrian sudah penuh",saat mau ambil nomor antrean tidak bisa server tiba-tiba tidak bisa terhubung dan langsung login out saat sudah bisa tengah malam dan nomor antrean sudah penuh,0,Netral,MATCH,
3460,Erlin Marlina,4,2026-08-18,knapa saya skarang gk bisa ambil antrian di aplaksi.?dan saya sudah chat tanya² sama asisten mobail jkn panjang lebar ahir nya setelah saya tanya knapa gk bisa ambil antrian sll gak ada jawaban nya .gk ngebals knpa mesti lari dari kenyataan,knapa saya skarang tidak bisa ambil antrean di aplaksi dan saya sudah chat tanya sama asisten mobail jkn panjang lebar ahir nya setelah saya tanya knapa tidak bisa ambil antrean sll tidak ada jawaban nya tidak ngebals knpa mesti lari dari kenyataan,0,Netral,MATCH,
3461,Tri S,5,2026-08-18,"ok , bermanfaat sekali",ok bermanfaat sekali,4.5,Positif,MATCH,
3462,Jumali Jumali,5,2026-08-18,mantap terus berkembang,mantap terus berkembang,3,Positif,MATCH,
3463,dhina devan,5,2026-08-18,ko ga bisa daftar,ko tidak bisa daftar,0,Netral,MATCH,
3464,Ahmad galang afian,1,2026-08-18,aplikasi kok ribet amatbsi heran,aplikasi kok rumit amatbsi heran,-2,Negatif,MATCH,
3465,Cherryl,3,2026-08-18,"masa harus masukin nik bolak balik.. ga hafal, buka catatan teruuusss",masa harus masukin nik bolak balik tidak hafal buka catatan terus,0,Netral,MATCH,
3466,gabrll,1,2026-08-18,tolong perbaiki sistem daftarnya! sudah hidup susah mau apa apa dipersulit,tolong perbaiki sistem daftarnya sudah hidup sulit mau apa apa dipersulit,-6,Negatif,MATCH,
3467,Rian awan,1,2026-08-18,aplikasi tolol,aplikasi tolol,0,Netral,MATCH,
3468,Nadia Laila,1,2026-08-18,"aplikasi sampah, mau daftar jkn mobile selalu gk muncul SMS kode otp padahal pulsa udah di isi banyak",aplikasi sampah mau daftar jkn mobile selalu tidak muncul sms kode otp padahal pulsa udah di isi banyak,-4,Negatif,MATCH,
3469,fakeh blues,1,2026-08-18,terlalu lemot untuk masuk,terlalu lambat untuk masuk,-2.5,Negatif,MATCH,
3470,Anisa Fitriani,2,2026-08-18,"ga jelas tiba2 keluar sendiri akunnya, giliran maasuk lagi ga bisa aneh bgt.. gaush deh bikin apk klo ttep ngeribetin",tidak jelas tiba2 keluar sendiri akunnya giliran maasuk lagi tidak bisa aneh banget gaush deh bikin aplikasi klo ttep ngeribetin,-4.35,Negatif,MATCH,
3471,meylda bunga,1,2026-08-18,"GABISA LOGIN, GAGAL TERUS.",tidak bisa login gagal terus,-2.5,Negatif,MATCH,
3472,Mahardika Anil,1,2026-08-18,terlalu banyak masalah setiap mau masuk aplikasi selalu terjadi kesalahan mohon untuk lebih diperbaiki lagi,terlalu banyak masalah setiap mau masuk aplikasi selalu terjadi kesalahan mohon untuk lebih diperbaiki lagi,0,Netral,MATCH,
3473,ujang kurniawan,1,2026-08-18,"Tiba tiba keluar trus gak bisa masuk lagi, captcha aja susah di baca, tolong di perbaiki lah min",tiba tiba keluar terus tidak bisa masuk lagi captcha aja sulit di baca tolong di perbaiki lah min,-2.5,Negatif,MATCH,
3474,People Good,1,2026-08-18,"aplikasi sampah tidak berguna, sering logout sendiri, ketika login ulang dipersulit eror lah password salah lah, hapus aja ga guna",aplikasi sampah tidak berguna sering logout sendiri ketika login ulang dipersulit error lah password salah lah hapus aja tidak guna,-10,Negatif,MATCH,
3475,Marno Doanx,1,2026-08-18,"mau ambil antrian farkes satu buat bsk anak imunisasi ....eror ,binatang.....nanti bsk saya datang kefarkes di tolak mesti antri JKN ......masalahnya aplikasi ERORRRRR",mau ambil antrean farkes satu buat bsk anak imunisasi error binatang nanti bsk saya datang kefarkes di tolak mesti antri jkn masalahnya aplikasi error,-7,Negatif,MATCH,
3476,Mega Rosneli,1,2026-08-18,"kenapa aplikasi ny ga kompotibel di hp saya lagi , sebelumnya bisaaa , jangan dipersulit donk, ga semua hp yangg terbaru 😏",kenapa aplikasi ny tidak kompotibel di hp saya lagi sebelumnya bisa jangan dipersulit donk tidak semua hp yangg terbaru,1.75,Positif,MISMATCH_LOW_RATING,Salah klik rating / Human error (Isi ulasan berupa pujian murni)
3477,Whizz Kidd,1,2026-08-18,"beli/pakai server yg bener tod untuk layanan publik, bikin pusing",beli pakai server yang benar tod untuk layanan publik bikin pusing,-2,Negatif,MATCH,
3478,Aris Dwi Ariawan,1,2026-08-18,"aplikasi ribet,,dikit"" log out sendiri,,ketika login captcha nya muter"" Mulu,,sdh tau skarang daftar faskes online masih aja di ribetin login!!!!sistem belum bagus sdh ribetin log in Mulu!!!",aplikasi rumit dikit login out sendiri ketika login captcha nya muter terus sudah tau skarang daftar faskes online masih aja di ribetin login sistem belum bagus sudah ribetin login in terus,-3.8,Negatif,MATCH,
3479,SPIP KANIMPONOROGO,3,2026-08-18,aplikasi jkn error,aplikasi jkn error,-2.5,Negatif,MATCH,
3480,Prasthio_Nugroho_90,1,2026-08-18,"Gaangguaaaan terooooosssa.... ..mana setiap beberapa bulan sekali akunnya keluar dan harus masuk ulang,, .pas masuk malah minta Maaf Aplikasinya... ..percuma bayar mahal² BPJS nya tapi aplikasi gangguan teroos saat mau d pake .. kecewa abis..",gaangguan terosa mana setiap beberapa bulan sekali akunnya keluar dan harus masuk ulang pas masuk malah minta maaf aplikasinya percuma bayar mahal bpjs nya tapi aplikasi gangguan teroos saat mau d pake kecewa abis,-3,Negatif,MATCH,
3481,jami tayo,1,2026-08-18,"tidak bisa login, alesan belum dapat di proses terus terusan",tidak bisa login alesan belum dapat di proses terus terusan,0,Netral,MATCH,
3482,yuy tuub,1,2026-08-18,"ribet amat mau login , lupa password pun sulit. capta mesti diulang ulang baru ketemu yang kasat mata. dasar aplikasi pemerintah. bukannya mempermudah malah mempersulit",rumit amat mau login lupa password pun sulit capta mesti diulang ulang baru ketemu yang kasat mata dasar aplikasi pemerintah bukannya mempermudah malah mempersulit,-4.5,Negatif,MATCH,
3483,Nelly Ekic,1,2026-08-18,aplikasi kureng 🥹 pas butuh gabisa log in dan Tiba-tiba log out,aplikasi kureng pas butuh tidak bisa login in dan tiba-tiba login out,0,Netral,MATCH,
3484,Alesha Febiianti,1,2026-08-18,lelet ya sumpah orang lagi sakit darurat lelet serba lelet,lambat ya sumpah orang lagi sakit darurat lambat serba lambat,-7.5,Negatif,MATCH,
3485,Muhammad Gazali,1,2026-08-18,apk tai,aplikasi tai,0,Netral,MATCH,
3486,Diva Chintya,2,2026-08-18,"tiba tiba ke log out sendiri, pdhal tidak login didevice lain.. konyoll",tiba tiba ke login out sendiri pdhal tidak login didevice lain konyoll,0,Netral,MATCH,
3487,Wayan Suwena,1,2026-08-18,"Tolong ,bagi para developer dan compilier aplikasi ini untuk memperbaiki sistem login tiap bulan yang dikatakan ""verifikasi"". Tidak semua pengguna jkn itu orang di umur 20-40 tahunan. Ada juga yang sudah tua dan tertinggal jauh dari yang namanya teknologi. Nenek saya mau merujuk saja susah dikarenakan setiap bulan disuruh log in lagi untuk mendapat antrean. terimakasih🙏",tolong bagi para developer dan compilier aplikasi ini untuk memperbaiki sistem login tiap bulan yang dikatakan verifikasi tidak semua pengguna jkn itu orang di umur 20-40 tahunan ada juga yang sudah tua dan tertinggal jauh dari yang namanya teknologi nenek saya mau merujuk saja sulit dikarenakan setiap bulan disuruh login in lagi untuk mendapat antrean terimakasih,-2.5,Negatif,MATCH,
3488,REG4 - DC JKT2 - Tetep Riyana,5,2026-08-18,mantap,mantap,3,Positif,MATCH,
3489,Asep Samsul,5,2026-08-18,mantap,mantap,3,Positif,MATCH,
3490,Yumna Origami,1,2026-08-18,"tolong dibuat rumit lagi untuk chapca nya, login angel gog",tolong dibuat rumit lagi untuk chapca nya login angel gog,-2,Negatif,MATCH,
3491,kerupuk kriuk,1,2026-08-18,"payah aplikasi nya ,.lupa kata sandi masak erorr trus hasil nya,..diperbaiki dong, setingkat nasional kok gini aplikasi nya",payah aplikasi nya lupa kata sandi masak error terus hasil nya diperbaiki dong setingkat nasional kok gini aplikasi nya,-5.5,Negatif,MATCH,
3492,Wow Banget,1,2026-08-18,TERLALU RIBET. SAKIT TUH GA ADA YG DIRENCAIN INI SEGALA DOWNLOD DLU REGISTRASI DULU. KLO BELUM SIAP SAMA DIGITALISI. MENDING MANUAL SEPERTI DULU!!!,terlalu rumit sakit tuh tidak ada yang direncain ini segala downlod dlu registrasi dulu klo belum siap sama digitalisi mending manual seperti dulu,-2,Negatif,MATCH,
3493,Abdul Hamid,5,2026-08-18,mantap,mantap,3,Positif,MATCH,
3494,Daimatul Khoiriyah,1,2026-08-18,aplikasi nya ngga jelas banget.banyak troubel nya,aplikasi nya tidak jelas banget banyak troubel nya,-1.35,Negatif,MATCH,
3495,Ayy 15,5,2026-08-18,sangat membantu,sangat membantu,3,Positif,MATCH,
3496,MAMAN SULAEMAN MUCHLIS,5,2026-08-18,"Mudah digunakan dan informatif,,, makin keren tampilannya",mudah digunakan dan informatif makin keren tampilannya,5,Positif,MATCH,
3497,Meri Yanti,5,2026-08-18,bagus sekali sangat membantu,bagus sekali sangat membantu,5,Positif,MATCH,
3498,HEn HEn,5,2026-08-18,sangat membantu,sangat membantu,3,Positif,MATCH,
3499,Anak Kebun,5,2026-08-18,bisa digunakan di luar domisili,bisa digunakan di luar domisili,0,Netral,MATCH,
3500,Yeni Yeni,1,2026-08-18,"Mendaftarkan lewat foto wajah, dipersulit",mendaftarkan lewat foto wajah dipersulit,-3.5,Negatif,MATCH,
3501,Zakirah,1,2026-08-18,"susah daftarnya, bodoh baget aplikasi nya udah pas di kotak juga buka , tetap di bilang keser kesampaing , aplikasi tergagal , mohon ya aplikasi nya di benarin.punya aplikasi tuh yang benar Napa , ini punya apalikasi malah enggak guna",sulit daftarnya bodoh baget aplikasi nya udah pas di kotak juga buka tetap di bilang keser kesampaing aplikasi tergagal mohon ya aplikasi nya di benarin punya aplikasi tuh yang benar napa ini punya apalikasi malah enggak guna,-2.5,Negatif,MATCH,
3502,Felici Arfana,1,2026-08-18,aplikasinya ga bisa di gunakan. gagal terus kirim otp sms,aplikasinya tidak bisa di gunakan gagal terus kirim otp sms,-2.5,Negatif,MATCH,
3503,akun baru,5,2026-08-18,"mempermudah dalam pendaftaran berobat,bisa dirumah jadi gak usah antri ambil nomor antrian",mempermudah dalam pendaftaran berobat bisa dirumah jadi tidak usah antri ambil nomor antrean,0,Netral,MATCH,
3504,SAIFUL BAHKRI,5,2026-08-18,👍👍,,0,Netral,MATCH,
3505,Lina Wahyuningrum,1,2026-08-18,kenapa beberapa hari ini sudah semingguan mobile jkn tidak bisa diakses untuk ambil antrian ya mohon bantuannya,kenapa beberapa hari ini sudah semingguan mobile jkn tidak bisa diakses untuk ambil antrean ya mohon bantuannya,0,Netral,MATCH,
3506,Rifa Halima,1,2026-08-18,aplikasi eror tdk bisa login pulsa ke tarik percumah. TIDAK RECOM!!!,aplikasi error tidak bisa login pulsa ke tarik percumah tidak recom,-2.5,Negatif,MATCH,
3507,amin nur rohman,5,2026-08-18,mntap.... mempermudah pelayanan kesehatan bagi masyarakat,mntap mempermudah pelayanan kesehatan bagi masyarakat,0,Netral,MATCH,
3508,Kohar udin,5,2026-08-18,sangat mudah di gunakan.sangat membantu.bagus,sangat mudah di gunakan sangat membantu bagus,7.5,Positif,MATCH,
3509,Pak Fandil,5,2026-08-18,mantab,mantap,3,Positif,MATCH,
3510,Sapacircel,1,2026-08-18,APLIKASI LAMBATTTTT VERIFIKASI LEWAT SMS GAK MUNCUL2,aplikasi lambat verifikasi lewat sms tidak muncul2,-2.5,Negatif,MATCH,
3511,Firman Ghani,1,2026-08-18,"aplikasi sampah orang mau berobat aja di persulit ,captcha tidak mau keluar hahaha aneh pemerintahan indonesia ini yang miskin di susahkan betul yang kayak se enaknya",aplikasi sampah orang mau berobat aja di persulit captcha tidak mau keluar hahaha aneh pemerintahan indonesia ini yang miskin di susahkan betul yang kayak se enaknya,-4,Negatif,MATCH,
3512,fazri ramadhan,1,2026-08-18,apk tidak sesuai jadwal ketentuan jam berobat aneh.,aplikasi tidak sesuai jadwal ketentuan jam berobat aneh,0,Netral,MATCH,
3513,Aziz Botak,1,2026-08-18,apk lawak,aplikasi lawak,0,Netral,MATCH,
3514,Andre Khs,5,2026-08-18,bagus dan bermanfaat,bagus dan bermanfaat,5,Positif,MATCH,
3515,ntha fhatra,1,2026-08-18,semakin gede aja ruang penyimpanan nya .. susah buat perbaharuan ...,semakin gede aja ruang penyimpanan nya sulit buat perbaharuan,-2.5,Negatif,MATCH,
3516,Gandi 13,1,2026-08-18,gabisa daptar sama ka bisa veripikasi nmr g ke kirim² kode otp nya,tidak bisa daptar sama ka bisa veripikasi nmr g ke kirim kode otp nya,0,Netral,MATCH,
3517,Alfinza Ray,1,2026-08-18,mempersulit rakyat aja bisanya. dipikir semua orang punya hp yang mendukung? dipikir semua orang bisa mengoperasikan aplikasi sampah ini?! kembalikan ke sistem lama!,mempersulit rakyat aja bisanya dipikir semua orang punya hp yang mendukung dipikir semua orang bisa mengoperasikan aplikasi sampah ini kembalikan ke sistem lama,-6,Negatif,MATCH,
3518,Hartanto Tanto,5,2026-08-18,bagus sekali,bagus sekali,2,Positif,MATCH,
3519,Riko Oktavian,3,2026-08-18,aneh pas masuk dihp baru ga bisa2.. kata nya data nya ga ada... pas daftar baru. data nya telah ada.. ini maksudnya apa ya.. kacau,aneh pas masuk dihp baru tidak bisa2 kata nya data nya tidak ada pas daftar baru data nya telah ada ini maksudnya apa ya kacau,0,Netral,MATCH,
3520,Magfiroh Mf,5,2026-08-18,"apk yang sangat bagus, dan sangat bermanfaat sekali masyarakat..",aplikasi yang sangat bagus dan sangat bermanfaat sekali masyarakat,5,Positif,MATCH,
3521,Erwin Sntoso,5,2026-08-18,oke,oke,1.5,Positif,MATCH,
3522,Liyah,1,2026-08-18,Aplikasi ngga jelas. Ribet. Setiap mau daftar pasti gagal..udah muak banget karena berkali-kali mau daftar ngga bisa.,aplikasi tidak jelas rumit setiap mau daftar pasti gagal udah muak banget karena berkali-kali mau daftar tidak bisa,-9.35,Negatif,MATCH,
3523,Adi Makeup artist,1,2026-08-18,"eror Mulu gbisa nambahin nomor hp,udh pake nomor yg lain juga sama,lol .. padahal lagi urgent",error terus gbisa nambahin nomor hp sudah pake nomor yang lain juga sama lol padahal lagi urgent,-2.5,Negatif,MATCH,
3524,miekuah,1,2026-08-18,"daftar aja susah, ga niat bikin aplikasi, masa kameranya dibikin mirror, jdi susah klo scan muka, selalu gagal",daftar aja sulit tidak niat bikin aplikasi masa kameranya dibikin mirror jdi sulit klo scan muka selalu gagal,-7.5,Negatif,MATCH,
3525,Davin EQ,1,2026-08-18,Verifikasinya ribet,verifikasinya rumit,-2,Negatif,MATCH,
3526,Khalid Farhan,2,2026-08-18,"gabisa login terus, padahak udah beberapa kali dicoba reset pasword",tidak bisa login terus padahak udah beberapa kali dicoba reset pasword,0,Netral,MATCH,
3527,Muhammad Ghaza,1,2026-08-18,"aplikasi pemerintahan kayak gini? tiap hari server down terus. Buffering, padahal jaringan lancar jaya, nonton tiktok, YouTube pun jaringan lancar. Hadehhhh, lain kali kalau memaintene perbaiki servernya sebaik mungkin!",aplikasi pemerintahan kayak gini tiap hari server down terus buffering padahal jaringan lancar jaya nonton tiktok youtube pun jaringan lancar hadeh lain kali kalau memaintene perbaiki servernya sebaik mungkin,5,Positif,MISMATCH_LOW_RATING,Salah klik rating / Human error (Isi ulasan berupa pujian murni)
3528,Sekartini Bahagiawati,5,2026-08-18,Bagus,bagus,2,Positif,MATCH,
3529,sbr suhaili,5,2026-08-18,mamtap,mamtap,0,Netral,MATCH,
3530,Teguh Suhada,5,2026-08-18,aplikasi yang sangat bermanfaat,aplikasi yang sangat bermanfaat,3,Positif,MATCH,
3531,Nur Zakiyatah Fakiroh,1,2026-08-18,"tidak bisa login, tolong segera perbaiki sekarang karena saya sangat butuh aplikasi ini untuk pendaftaran pengambilan nomor antrian di rumah sakit malang untuk kontrol besok dikarenakan rumah saya sangat jauh jarak nya dan menghabiskan 3 jam perjalanan",tidak bisa login tolong segera perbaiki sekarang karena saya sangat butuh aplikasi ini untuk pendaftaran pengambilan nomor antrean di rumah sakit malang untuk kontrol besok dikarenakan rumah saya sangat jauh jarak nya dan menghabiskan 3 jam perjalanan,0,Netral,MATCH,
3532,Faizal Nazma,1,2026-08-18,aplikasi gajelas,aplikasi gajelas,0,Netral,MATCH,
3533,Har Joni,5,2026-08-18,cuma jaringan lambat dan sering gagal ambil no antrian untuk berobat,cuma jaringan lambat dan sering gagal ambil no antrean untuk berobat,-5,Negatif,MISMATCH_HIGH_RATING,"Rating bintang tinggi (4-5), namun isi ulasan memuat kritik/keluhan tajam"
3534,Wiwi Rohmawati,5,2026-08-18,sangat membantu sekali pelayanannya juga bagus,sangat membantu sekali pelayanannya juga bagus,5,Positif,MATCH,
3535,Lozzi jmz,5,2026-08-18,ok,ok,1.5,Positif,MATCH,
3536,Direksi Bca,3,2026-08-18,"tolong setiap buka aplikasi selalu tulisan tidak ada koneksi ,bug nya selalu begitu",tolong setiap buka aplikasi selalu tulisan tidak ada koneksi bug nya selalu begitu,-2,Negatif,MATCH,
3537,Achmada Fiqri A Rasyad,1,2026-08-18,kok riwayat pembayaran iuran masih gabisa kita ketahui ya kalo programnya pemerintah ataupun pegawai swasta. Kenapa ya??,kok riwayat pembayaran iuran masih tidak bisa kita ketahui ya kalo programnya pemerintah ataupun pegawai swasta kenapa ya,0,Netral,MATCH,
3538,cholidina safaru,5,2026-08-18,ok banget,ok banget,1.5,Positif,MATCH,
3539,Ujang Saepuloh,5,2026-08-18,bagus,bagus,2,Positif,MATCH,
3540,Winarti Winarti,5,2026-08-18,"sangat membantu, mantap",sangat membantu mantap,6,Positif,MATCH,
3541,Askaira Shaka Darmawan,5,2026-08-18,sejauh ini oke,sejauh ini oke,1.5,Positif,MATCH,
3542,Petrus Suyanto,5,2026-08-18,Bagus 👍👍👍🙏,bagus,2,Positif,MATCH,
3543,Dasman,5,2026-08-18,"memudahkan, sangat membantu",memudahkan sangat membantu,6,Positif,MATCH,
3544,Fourtansius Gede,4,2026-08-18,terbaik,terbaik,3,Positif,MATCH,
3545,FansBeratShiYan,1,2026-08-18,"mau daftar susah banget, captcha nya loading Mulu padahal kuota atau wifi lancar",mau daftar sulit banget captcha nya loading terus padahal kuota atau wifi lancar,0,Netral,MATCH,
3546,Adhar Saputra,5,2026-08-18,mantap,mantap,3,Positif,MATCH,
3547,yati yono,1,2026-08-18,"sebenarnya aplikasi ini tidak membantu,aplikasi ini cuma mempersulit aj,,,,,,, data sudah sesuai tapi tetaap saja ga bisa..... ruwet ruwet ruwet ........",sebenarnya aplikasi ini tidak membantu aplikasi ini cuma mempersulit aj data sudah sesuai tapi tetaap saja tidak bisa sulit sulit sulit,-6.45,Negatif,MATCH,
3548,rayhan ray,1,2026-08-18,otp nya kirim ke wa ajaaaaa... orang lagi sakit malah dibikin ribet.. mana otp nya ga masuk masuk..,otp nya kirim ke wa aja orang lagi sakit malah dibikin rumit mana otp nya tidak masuk masuk,-2,Negatif,MATCH,
3549,Suciawan Suciawan,5,2026-08-18,sangat baik,sangat baik,2,Positif,MATCH,
3550,ASEP KAPRIADI,5,2026-08-18,top jkn,top jkn,2.5,Positif,MATCH,
3551,Rita Herawati,1,2026-08-18,terlalu sering update hp harus tipe baru tipe lama tidak support apakah rakyat Indonesia semua bisa membeli hp baru?,terlalu sering update hp harus tipe baru tipe lama tidak support apakah rakyat indonesia semua bisa membeli hp baru,-2,Negatif,MATCH,
3552,Ade Ayu Hani Pratiwi,5,2026-08-18,mantap aplikasi nya terima kasih sudah dibantu pendaftaran,mantap aplikasi nya terima kasih sudah dibantu pendaftaran,5,Positif,MATCH,
3553,Juwairiyah Rahmah,5,2026-08-18,pelayanan cepat dan mudah,pelayanan cepat dan mudah,5,Positif,MATCH,
3554,Nur Hafizah,3,2026-08-18,susah diverifikasi wajah,sulit diverifikasi wajah,-2.5,Negatif,MATCH,
3555,Aripendekar 20,1,2026-08-18,"di apk gagal batalkan/merubah jadwal kontrol antrian online sesuai arahan pelayanan RS, sudah dicoba Batalkan tetap saja sering muncul : ""antrian tidak ditemukan"" dan ""Gagal tersambung ke server RS"". sehingga tidak bisa daftar online kembali jadinya daftar/antrian manual. tolong bug nya diperbaiki.",di aplikasi gagal batalkan merubah jadwal kontrol antrean online sesuai arahan pelayanan rs sudah dicoba batalkan tetap saja sering muncul antrean tidak ditemukan dan gagal tersambung ke server rs sehingga tidak bisa daftar online kembali jadinya daftar antrean manual tolong bug nya diperbaiki,-7,Negatif,MATCH,
3556,Nurul Hidayat,5,2026-08-18,sangat membantu dan mudah di gunakan,sangat membantu dan mudah di gunakan,5.5,Positif,MATCH,
3557,Bukit Panguk,1,2026-08-18,untuk verivikasi wajah sangat menyusahkan..,untuk verivikasi wajah sangat menyusahkan,0,Netral,MATCH,
3558,muktar babahrot,5,2026-08-18,untuk memudahkan daftar antrian,untuk memudahkan daftar antrean,3,Positif,MATCH,
3559,Pujiastuti 123,1,2026-08-18,"tinggal masukan no HP aja, giliran d masukan malah no sudah terdaftar, padahal belum pernah daftar....... sebenarnya ini aplikasi bukan membantu tapi malah memperumit.... payah",tinggal masukan no hp aja giliran d masukan malah no sudah terdaftar padahal belum pernah daftar sebenarnya ini aplikasi bukan membantu tapi malah memperumit payah,-5.7,Negatif,MATCH,
3560,ningie aries,1,2026-08-18,kenapa ke faskes lanjut susah banget birokerasi nyusahin rakyat kecil yg pengen sehat.... tiap ulan bayar ...,kenapa ke faskes lanjut sulit banget birokerasi nyusahin rakyat kecil yang pengen sehat tiap ulan bayar,-2.5,Negatif,MATCH,
3561,Ansa Bae,1,2026-08-18,"Ngga Guna Jujur Di Apk Bukan nya Mempermudah Malah Mempersulit, udh Apk Bnyak bug , Baik in lg Apk Cs ngga guna , Cs Judol aj jawab cepat dan berguna dari pada apk ini Tolol",tidak guna jujur di aplikasi bukan nya mempermudah malah mempersulit sudah aplikasi bnyak bug baik in lg aplikasi cs tidak guna cs judol aj jawab cepat dan berguna dari pada aplikasi ini tolol,2.5,Positif,MISMATCH_LOW_RATING,Salah klik rating / Human error (Isi ulasan berupa pujian murni)
3562,Khaira Althafia,5,2026-08-18,"lebih bagus dan tidak lambat seperti dulu, meski error beberapa kali, tapi di klik cob lagi sudah bisa jalan",lebih bagus dan tidak lambat seperti dulu meski error beberapa kali tapi di klik cob lagi sudah bisa jalan,0.75,Positif,MATCH,
3563,ulil aini,1,2026-08-18,"sering error, loading lama.",sering error loading lama,-4.5,Negatif,MATCH,
3564,Rudymenz Theboy,4,2026-08-18,"masih percobaan, hanya saja untuk ambil antrian kadang susah",masih percobaan hanya saja untuk ambil antrean kadang sulit,-2.5,Negatif,MISMATCH_HIGH_RATING,"Rating bintang tinggi (4-5), namun isi ulasan memuat kritik/keluhan tajam"
3565,simon Lahauwang,5,2026-08-18,bagus dan akurat,bagus dan akurat,2,Positif,MATCH,
3566,Putra Iwan,5,2026-08-18,good,good,2,Positif,MATCH,
3567,Next Reel,1,2026-08-18,"Ratting bintang 1 dulu ya supaya pihak kedinasan yang menaungi juka berbenah. Karena kita masyarakat sudah cukup tau dengan banyaknya edukasi. dimana kita sangat paham anggaran kesehatan sangat mahal dan tinggi tapi kenapa sistem yg diciptakan sangat kualitasnya minim. lalu kenapa sistem meminta akses ke seluruh file? bukankah itu melanggar undang"" ITE?. lalu pengurusan perpindahan tempat sangat tidak fleksibel ada batas"" dll. padahal harusnya jika menggunakan sistem maka akan real-time.",ratting bintang 1 dulu ya supaya pihak kedinasan yang menaungi juka berbenah karena kita masyarakat sudah cukup tau dengan banyaknya edukasi dimana kita sangat paham anggaran kesehatan sangat mahal dan tinggi tapi kenapa sistem yang diciptakan sangat kualitasnya minim lalu kenapa sistem meminta akses ke seluruh file bukankah itu melanggar undang ite lalu pengurusan perpindahan tempat sangat tidak fleksibel ada batas dll padahal harusnya jika menggunakan sistem maka akan real-time,0,Netral,MATCH,
3568,umar zamzami,5,2026-08-18,mantap,mantap,3,Positif,MATCH,
3569,Rino Khoerudin,5,2026-08-18,sangat membantu,sangat membantu,3,Positif,MATCH,
3570,Yanti Sinaga,3,2026-08-18,sulit untuk mengakses,sulit untuk mengakses,-2.5,Negatif,MATCH,
3571,budi yanto,1,2026-08-18,aplikasi babi susah di buka signal ok dia bilang signal tx ok,aplikasi babi sulit di buka signal ok dia bilang signal tx ok,0.5,Netral,MATCH,
3572,Farit Workshop,1,2026-08-18,sampah,sampah,-4,Negatif,MATCH,
3573,Sugi Bambang,1,2026-08-18,aplikasi pemerintah tapi eror truss akhir akhir ini. gak bisa di buka. gak bisa login .. gak bisa buat daftar baru . recaptha tidak muncul .. parah,aplikasi pemerintah tapi error truss akhir akhir ini tidak bisa di buka tidak bisa login tidak bisa buat daftar baru recaptha tidak muncul buruk,-5.5,Negatif,MATCH,
3574,Christin Ida,5,2026-08-18,Pelayanan baik,pelayanan baik,2,Positif,MATCH,
3575,deo pramudia,4,2026-08-18,👍👍👍👍,,0,Netral,MATCH,
3576,cepi tohidin,5,2026-08-18,cepat tangap,cepat tangap,2.5,Positif,MATCH,
3577,yessy marthalina marbun,5,2026-08-18,Bagus sekali pelayanannya.,bagus sekali pelayanannya,2,Positif,MATCH,
3578,Ibra Magalih,1,2026-08-18,Apk tolol gk guna bikin ribet doang otp gk masuk emng jelek,aplikasi tolol tidak guna bikin rumit doang otp tidak masuk emng buruk,-5,Negatif,MATCH,
3579,To Kaili,5,2026-08-18,sangat membnatu,sangat membnatu,0,Netral,MATCH,
3580,Uhiliti Junior,5,2026-08-18,membantu bngt saat mau berobat di faskes 1,membantu bngt saat mau berobat di faskes 1,3,Positif,MATCH,
3581,arif setiadi,5,2026-08-18,"dengan JKN aplikasi menghemat waktu dan biaya,MANTAP",dengan jkn aplikasi menghemat waktu dan biaya mantap,3,Positif,MATCH,
3582,aprilina camelia putri,3,2026-08-18,kalau buka aplikasi sering bgt ke logout. mana mau login jg lama bgt. udah aktifin sidik jari jg masih sama aja kalo mau login ttp gabisa. cepet diperbaiki ya,kalau buka aplikasi sering banget ke logout mana mau login jg lama banget udah aktifin sidik jari jg masih sama aja kalo mau login ttp tidak bisa cepet diperbaiki ya,-2,Negatif,MATCH,
3583,Metland Cibitung mawar,5,2026-08-18,good,good,2,Positif,MATCH,
3584,Dik Aja,1,2026-08-18,"percuma ada antrian oline,kalau yg di utamakan antrin offline",percuma ada antrean oline kalau yang di utamakan antrin offline,0,Netral,MATCH,
3585,Agustina Aruan,5,2026-08-18,bagus,bagus,2,Positif,MATCH,
3586,Yumma Samad,5,2026-08-18,bpjs Keren!!,bpjs keren,2.5,Positif,MATCH,
3587,adii .sw_,3,2026-08-18,"kenapa yaa tiap mau ganti sandi itu ""maaf sistem blablabla, mohon maaf atas ketidaknyamanannya"" kenapa sih? heran banget.",kenapa yaa tiap mau ganti sandi itu maaf sistem blablabla mohon maaf atas ketidaknyamanannya kenapa sih heran banget,0,Netral,MATCH,
3588,Anak Orang,1,2026-08-18,"Ngirim kode OTP nya delay, lama, gak responsif. Error mulu, gak jelas.",ngirim kode otp nya delay lama tidak responsif error terus tidak jelas,-2.1,Negatif,MATCH,
3589,Lumajang Eksotik,5,2026-08-18,"Aplikasi simple, ringan, dan covered layanan luas",aplikasi simple ringan dan covered layanan luas,0,Netral,MATCH,
3590,Rizal Chako,5,2026-08-18,mudah,mudah,2.5,Positif,MATCH,
3591,Zaadun A nya dua,1,2026-08-18,sering bad request,sering bad request,0,Netral,MATCH,
3592,deodf,1,2026-08-18,"aplikasinya sangat jelek sering eror tolong diperbaiki lagi,mau masuk aja gk bisa",aplikasinya sangat buruk sering error tolong diperbaiki lagi mau masuk aja tidak bisa,-5.5,Negatif,MATCH,
3593,iis Linda,5,2026-08-18,bagus,bagus,2,Positif,MATCH,
3594,Riki Ferdiansyah,1,2026-08-18,"otp gk masuk"" apk ga jelas emang busuk",otp tidak masuk aplikasi tidak jelas emang busuk,-1.35,Negatif,MATCH,
3595,Aidil Jovi,1,2026-08-18,"aplikasi ini tidak ada di HP saya, tidak bisa saya download,katanya tidak kompatibel di Perangkat saya, mohon bantuannya",aplikasi ini tidak ada di hp saya tidak bisa saya download katanya tidak kompatibel di perangkat saya mohon bantuannya,0,Netral,MATCH,
3596,supiantoro,5,2026-08-18,mantaaap,mantap,3,Positif,MATCH,
3597,usman sobari,5,2026-08-18,Aplikasi nya mempermudah segala hal..mantap,aplikasi nya mempermudah segala hal mantap,3,Positif,MATCH,
3598,Muhammad Alamsyah,1,2026-08-18,apk gratis jadi tidak berguna di negeri Konoha yg serba berbayar ini,aplikasi gratis jadi tidak berguna di negeri konoha yang serba berbayar ini,0,Netral,MATCH,
3599,You Never,1,2026-08-18,"Aplikasi macam apa ini? gw udah verifikasi wajah malah ""Gagal"" terus,pdhl udh sesuai standar berlaku.kenapa bisa ngebug gini? tolong mohon di perbaiki aplikasinya untuk sesi wajah,pdhl muka saya sudah di dalam kotak tersebut loh.lu mintanya muka atau setengah badan?",aplikasi macam apa ini gw udah verifikasi wajah malah gagal terus pdhl sudah sesuai standar berlaku kenapa bisa ngebug gini tolong mohon di perbaiki aplikasinya untuk sesi wajah pdhl muka saya sudah di dalam kotak tersebut loh lu mintanya muka atau setengah badan,-2.5,Negatif,MATCH,
3600,Accha Inha,5,2026-08-17,aplikasi sangat membantu dalam pengambilan antrian 🥰,aplikasi sangat membantu dalam pengambilan antrean,3,Positif,MATCH,
3601,ispana giri bay lassy,5,2026-08-17,ok,ok,1.5,Positif,MATCH,
3602,Wina Winarti,5,2026-08-17,ok,ok,1.5,Positif,MATCH,
3603,Alif Alya,1,2026-08-17,"parah berapa MB DAN GB SIH memari apl nya. masak mau pembaharuan ga bisa2 katanya penyimpanan penuh,, pasahal masih ada 1GB RUANG KOSONG",buruk berapa mb dan gb sih memari apl nya masak mau pembaharuan tidak bisa2 katanya penyimpanan penuh pasahal masih ada 1gb ruang kosong,-3,Negatif,MATCH,
3604,Ummuy Salma,1,2026-08-17,JELEK BANGET!!!!!! UDAH PAKE WIFI MASIH GABISA BUKA DATA KEPESERTAAN👎🏻 MALAH MUNCUL PERIKSA KONEKSI INTERNET ANDA.,buruk banget udah pake wifi masih tidak bisa buka data kepesertaan malah muncul periksa koneksi internet anda,-3,Negatif,MATCH,
3605,Nana Agustin,1,2026-08-17,Ribet bgt mau daftar buka email bntr buat liat otp malah ngulang dari awal lagi daftarnya,rumit banget mau daftar buka email bntr buat liat otp malah ngulang dari awal lagi daftarnya,-2,Negatif,MATCH,
3606,idham kholid,1,2026-08-17,"aplikasi pemerintah tapi menyusahkan rakyat kecil dalam mengakses layanan kesehatan , tidak semua orang mampu update beli hp OS seri terbaru sekarang aplikasi ini hanya bisa terpasang di OS Android 10 keatas , sekelas m-banking aja masih bisa dipasang di seri OS 10 kebawah",aplikasi pemerintah tapi menyusahkan rakyat kecil dalam mengakses layanan kesehatan tidak semua orang mampu update beli hp os seri terbaru sekarang aplikasi ini hanya bisa terpasang di os android 10 keatas sekelas m-banking aja masih bisa dipasang di seri os 10 kebawah,0,Netral,MATCH,
3607,Or Gha,5,2026-08-17,mantap,mantap,3,Positif,MATCH,
3608,Filo Luju,4,2026-08-17,"bagus, lebih cepat",bagus lebih cepat,4.5,Positif,MATCH,
3609,Solihin,5,2026-08-17,mantap bisa membantu,mantap bisa membantu,6,Positif,MATCH,
3610,Noor Qomari,5,2026-08-17,bagus sekali sangat membbantu,bagus sekali sangat membbantu,2,Positif,MATCH,
3611,zacky asat,1,2026-08-17,"Saya sebagai masyarakat sangat Kecewa Dengan BPJS, Khusus nya pada aplikasi JKN Sekarang Ada beberapa point 1. Login Pada Aplikasi Sangat Sulit OTP yang dikirim via email, tidak masuk masuk Sekali nya masuk Sudah kadaluarsa 2. Daftar / Mengambil Antrian pun, baru login ke menu ambil antrian dari Sore sampe ketemu malam tidak bisa bisa... Tolong donk profesional, ini aplikasi menyangkut kesehatan/nyawa orang, hati hati kalian yang menyalahgunakan jabatan & kekuasaan..🙏🙏🙏",saya sebagai masyarakat sangat kecewa dengan bpjs khusus nya pada aplikasi jkn sekarang ada beberapa point 1 login pada aplikasi sangat sulit otp yang dikirim via email tidak masuk masuk sekali nya masuk sudah kadaluarsa 2 daftar mengambil antrean pun baru login ke menu ambil antrean dari sore sampe ketemu malam tidak bisa bisa tolong donk profesional ini aplikasi menyangkut kesehatan nyawa orang hati hati kalian yang menyalahgunakan jabatan kekuasaan,-5.5,Negatif,MATCH,
3612,Ike Ferdiansah,3,2026-08-17,kenapa masukin kode otp gak masuk bosss...kode otp sudah sesuai yang di kirim..tapi GK bisa masuk...ah...gimana sihh????,kenapa masukin kode otp tidak masuk bos kode otp sudah sesuai yang di kirim tapi tidak bisa masuk ah gimana sihh,0,Netral,MATCH,
3613,Zheptie Shefha,1,2026-08-17,ribet ... setiap kali mau buka aplikasi koq hrs login dulu trs,rumit setiap kali mau buka aplikasi koq hrs login dulu terus,-2,Negatif,MATCH,
3614,Fitri yaa,5,2026-08-17,sangat membantu dan efisiensi waktu,sangat membantu dan efisiensi waktu,3,Positif,MATCH,
3615,Vincentius Budijanto,1,2026-08-17,"setiap akan dipergunakan ,sering & selalu diperintahkan log in ,pdhl app TDK pernah log out , harus dari awal lagi saat isi capcha jelas jelas angkanya benar selalu ditolak sebenarnya ini app yg error apa mmg penggunanya dibuat error supaya cepat mati ?",setiap akan dipergunakan sering selalu diperintahkan login in pdhl aplikasi tidak pernah login out harus dari awal lagi saat isi capcha jelas jelas angkanya benar selalu ditolak sebenarnya ini aplikasi yang error apa mmg penggunanya dibuat error supaya cepat mati,-2,Negatif,MATCH,
3616,M. Ichwan S. Berngam,5,2026-08-17,sangat membantu,sangat membantu,3,Positif,MATCH,
3617,Anak Ke3,2,2026-08-17,"ini gmn sih udah selesai daftar malah disuruh verifikasi akun lagi mksdnya gmn ini tolong di perbaiki jgan buat dipersulit di permudah biar orang"" gampang pakai aplikasi ini kasian yg pake BPJS",ini gmn sih udah selesai daftar malah disuruh verifikasi akun lagi mksdnya gmn ini tolong di perbaiki jgan buat dipersulit di permudah biar orang gampang pakai aplikasi ini kasian yang pake bpjs,-3.5,Negatif,MATCH,
3618,Zian Tara,5,2026-08-17,ok,ok,1.5,Positif,MATCH,
3619,eka harys,5,2026-08-17,tingkatkan,tingkatkan,0,Netral,MATCH,
3620,Hanny Anjely,5,2026-08-17,oke lah memudahkan,oke lah memudahkan,4.5,Positif,MATCH,
3621,Vanilla Latte,1,2026-08-17,"Login ngga bisa, keterangannya akun belum terdaftar, padahal udah lama bikin akun dan biasanya bisa.Coba daftar ulang,masa keterangannya NIK belum terdaftar, sebelumnya juga tiap kali mau buka pasti udah ke logout",login tidak bisa keterangannya akun belum terdaftar padahal udah lama bikin akun dan biasanya bisa coba daftar ulang masa keterangannya nik belum terdaftar sebelumnya juga tiap kali mau buka pasti udah ke logout,-2,Negatif,MATCH,
3622,putri nuraliza,1,2026-08-17,susah bgt mau verifikasi wajah aja susah heran !,sulit banget mau verifikasi wajah aja sulit heran,-5,Negatif,MATCH,
3623,Abyfratama93@gmail.com @gmail.com,1,2026-08-17,Susah banget kalo udh keluar untuk masuk lagi apk apa bgini...,sulit banget kalo sudah keluar untuk masuk lagi aplikasi apa bgini,-2.5,Negatif,MATCH,
3624,Soekardi Tuminah,1,2026-08-17,sumpahh inii apk apa sihh bukanya memudahkan eror terus pulsa udh ada kuotaa udhh ada jaringam stabil masa susah banget ini tuh menyangkut kesehatan masyarakat,sumpahh inii aplikasi apa sihh bukanya memudahkan error terus pulsa sudah ada kuotaa udhh ada jaringam stabil masa sulit banget ini tuh menyangkut kesehatan masyarakat,-2,Negatif,MATCH,
3625,Erdhi Saputra,5,2026-08-17,Alhamdulillah,alhamdulillah,0,Netral,MATCH,
3626,Fahmilia lia,2,2026-08-17,"Dari pagi mw daftar offline terus, sampe skrg sampe ke klinik disuruh daftar online udah tw apk offline",dari pagi mw daftar offline terus sampe sekarang sampe ke klinik disuruh daftar online udah tw aplikasi offline,0,Netral,MATCH,
3627,Mustamir,5,2026-08-17,pelayanan sangat baik,pelayanan sangat baik,2,Positif,MATCH,
3628,Giyah 17,5,2026-08-17,"Gampang mau rubah faskes, sangat membantu buat daftar/ambil antri an",gampang mau rubah faskes sangat membantu buat daftar ambil antri an,3,Positif,MATCH,
3629,Rini Banafsha22,5,2026-08-17,puasss banget,puas banget,3,Positif,MATCH,
3630,Nindi Sofianti,5,2026-08-17,bagussss,bagus,2,Positif,MATCH,
3631,Dandy Risky,1,2026-08-17,aplikasi tolol anjung,aplikasi tolol anjung,0,Netral,MATCH,
3632,muzena safira,5,2026-08-17,anak saya yg kecil kenapa Ndak ada ya di mobile JKN saya..,anak saya yang kecil kenapa ndak ada ya di mobile jkn saya,0,Netral,MATCH,
3633,Ai siti Adawiyah,5,2026-08-17,puas banget,puas banget,3,Positif,MATCH,
3634,Ayu Saja,4,2026-08-17,good,good,2,Positif,MATCH,
3635,Imel angel Sihotang,1,2026-08-17,"aplikasi bobrok, rating 1 pun tak layak ini hrusnya rating -100. sekelas aplikasi yang digunakan mengakses kesehatan aja sebobrok ini. Kerumah sakit hrus pakai ni aplikasi. tp aplikasi ini pun bobrok. kekmana mau maju klo aplikasi ginian aja sebobrok ini",aplikasi bobrok rating 1 pun tak layak ini hrusnya rating -100 sekelas aplikasi yang digunakan mengakses kesehatan aja sebobrok ini kerumah sakit hrus pakai ni aplikasi tapi aplikasi ini pun bobrok kekmana mau maju klo aplikasi ginian aja sebobrok ini,0,Netral,MATCH,
3636,Hendri Guniawan,5,2026-08-17,aplikasi sangat membantu,aplikasi sangat membantu,3,Positif,MATCH,
3637,Pascal christovel Rengkuang,1,2026-08-17,"tlong di perbaiki lagi soal pendaftaran online nya dri stiap sya mau daftar online mlah gak bisa terus, percma ad aplikasi jkn in klo mau daftar online gk jdi",tlong di perbaiki lagi soal pendaftaran online nya dari stiap sya mau daftar online mlah tidak bisa terus percma ad aplikasi jkn in klo mau daftar online tidak jdi,0,Netral,MATCH,
3638,Dimitri Bogdanov,1,2026-08-17,Jelek. kadang bisa kadang kaga. Suka keluar akun sendiri pas masuk gagal mulu. Yang bener deh developer. Ngebantu kaga nyusahin iya kek gini,buruk kadang bisa kadang kaga suka keluar akun sendiri pas masuk gagal terus yang benar deh developer ngebantu kaga nyusahin iya kek gini,-3.5,Negatif,MATCH,
3639,Aa Kurniawan,1,2026-08-17,ko jkn jadi error gini ya mau log in kode captha ya mute terus,ko jkn jadi error gini ya mau login in kode captha ya mute terus,-2.5,Negatif,MATCH,
3640,Muna Sih,2,2026-08-17,"tolong ke depannya lebih diperbaiki lagi sistem login nya, biometrik dan nomor hp sudah diinputkan dari awal tapi enggan terverifikasi. Penyelesaian masalah langsung ke CS tapi hampir no respons, bagaimana ini??",tolong ke depannya lebih diperbaiki lagi sistem login nya biometrik dan nomor hp sudah diinputkan dari awal tapi enggan terverifikasi penyelesaian masalah langsung ke cs tapi hampir no respons bagaimana ini,0,Netral,MATCH,
3641,Chan Sante,5,2026-08-17,Mobile JKN sangat membantu,mobile jkn sangat membantu,3,Positif,MATCH,
3642,Rhasya As'at,1,2026-08-17,aplikasi kok sering benar ganguan.,aplikasi kok sering benar ganguan,0,Netral,MATCH,
3643,Eko Istiyono,5,2026-08-17,ok,ok,1.5,Positif,MATCH,
3644,Iyan Hidayat,5,2026-08-17,👍👍👍👍👍,,0,Netral,MATCH,
3645,Friday Riski Firdausa,1,2026-08-17,susah banget dah,sulit banget dah,-2.5,Negatif,MATCH,
3646,Muhammad Riski,5,2026-08-17,baguss,baguss,0,Netral,MATCH,
3647,Gemu Gemu,2,2026-08-17,kenapa sekarang g bisa diakses?? slalu dibilang offline padahal wifi baik2 aja.. udah update juga tapi g bisa dipakai.. sementara mau daftar ke faskes harus lewat aplikasi..,kenapa sekarang g bisa diakses slalu dibilang offline padahal wifi baik2 aja udah update juga tapi g bisa dipakai sementara mau daftar ke faskes harus lewat aplikasi,0,Netral,MATCH,
3648,Anisya Safyla,1,2026-08-17,"plis ribet bgt cara daftarnya,mana makai no tlpn salah salah trs.dan kameranya juga aga ribet",tolong rumit banget cara daftarnya mana makai no tlpn salah salah terus dan kameranya juga aga rumit,-4,Negatif,MATCH,
3649,Rira Yustina,3,2026-08-17,"ribet banget plis, dari kemaren udah nyoba daftar sampai ganti nomor, beli pulsa, tetap gak bisa, gimana sih caranya? saya gak punya kartu bpjs, jadi berobat harus lewat apk ini buat ambil antrean, saya lagi kenak penyakit jadi tertunda mau berobat",rumit banget tolong dari kemaren udah nyoba daftar sampai ganti nomor beli pulsa tetap tidak bisa gimana sih caranya saya tidak punya kartu bpjs jadi berobat harus lewat aplikasi ini buat ambil antrean saya lagi kenak penyakit jadi tertunda mau berobat,-2,Negatif,MATCH,
3650,Adm Engineering,5,2026-08-17,"mudah cepat, aplikasi bagus",mudah cepat aplikasi bagus,7,Positif,MATCH,
3651,Syahla Nadifa,1,2026-08-17,"ANEHHH MASA OTP DOANG HARUS ADA PULSANYA???? bikin ribet aja, aplikasi lain aja yang bukan LAYANAN MASYARAKAT ga seribet ini astagfirullah mempersulit aja",aneh masa otp doang harus ada pulsanya bikin rumit aja aplikasi lain aja yang bukan layanan masyarakat tidak seribet ini astagfirullah mempersulit aja,-2,Negatif,MATCH,
3652,Sarah Seira,1,2026-08-17,kenapa setiap pemerintah membuat aplikasi tidak ada yg beneran bagus dan bekerja maximal. tolong dong ditingkatkan lgi. login susah. lemot bukan memudahkan TPI menyulitkan. mau priksa GK bisa munujukan kartu karna mau login gk muncul capcha nya. lol,kenapa setiap pemerintah membuat aplikasi tidak ada yang beneran bagus dan bekerja maximal tolong dong ditingkatkan lgi login sulit lambat bukan memudahkan tpi menyulitkan mau priksa tidak bisa munujukan kartu karena mau login tidak muncul capcha nya lol,-5.7,Negatif,MATCH,
3653,M Ghinanjar,1,2026-08-17,aplikasi asu,aplikasi asu,0,Netral,MATCH,
3654,Nana,1,2026-08-17,kode captchanya ga tampil² jadi ga bisa login,kode captchanya tidak tampil jadi tidak bisa login,0,Netral,MATCH,
3655,Faridahayati nur,3,2026-08-17,kenapa kok verivikasi nomor ga ada notifikasi masuk..... bantu dong gmn?,kenapa kok verivikasi nomor tidak ada notifikasi masuk bantu dong gmn,0,Netral,MATCH,
3656,Vie3 Channel,3,2026-08-17,"sering error, kenapa tidak bisa Login ke aplikasinya?",sering error kenapa tidak bisa login ke aplikasinya,-2.5,Negatif,MATCH,
3657,Tian Abdul,1,2026-08-17,"sekarang versi android 8 udh ga bsa download jkn ,, harus bnget pke hp terbaru ??",sekarang versi android 8 sudah tidak bsa download jkn harus bnget pke hp terbaru,0,Netral,MATCH,
3658,Comon123 Iyain,1,2026-08-17,"punya ku kenapa gabisa verifkasi akun ya,tolong dong secepatnya admin",punya ku kenapa tidak bisa verifkasi akun ya tolong dong secepatnya admin,0,Netral,MATCH,
3659,Alfarizqi Pratama,5,2026-08-17,baik,baik,2,Positif,MATCH,
3660,M. Rizky Satria,5,2026-08-17,Jadi lebih mudah,jadi lebih mudah,2.5,Positif,MATCH,
3661,Hazura Putry,4,2026-08-17,semoga applikasi ini membantu,semoga applikasi ini membantu,3,Positif,MATCH,
3662,Panca Maha,5,2026-08-17,bagus,bagus,2,Positif,MATCH,
3663,Mohammad Agustsila Syamsuryadin,5,2026-08-17,mudah,mudah,2.5,Positif,MATCH,
3664,Asmini,1,2026-08-17,tidak bisa daftar,tidak bisa daftar,0,Netral,MATCH,
3665,Achmad Kahfi,1,2026-08-17,BARU MAU MINTA KODE OTP SMS AJA UDAH DI PERSULIT. NUNGGU OTP SMS SAMPAI 3 MENIT DI TINGGAL BERAK DULU JUGA MASI KEBURU. APLIKASI BOBROK ANGGARAN DOANG GEDE. BIKIN APLIKASI GINI AJA GA NIAT BANGET. PALING SENENG KALO BIKIN RAKYAT NYA SULIT. REAL FAKTA,baru mau minta kode otp sms aja udah di persulit nunggu otp sms sampai 3 menit di tinggal berak dulu juga masi keburu aplikasi bobrok anggaran doang gede bikin aplikasi gini aja tidak niat banget paling seneng kalo bikin rakyat nya sulit real fakta,-2.5,Negatif,MATCH,
3666,Chelsea Aulia,5,2026-08-17,bagus,bagus,2,Positif,MATCH,
3667,BuGuru Yolen,1,2026-08-17,"verifikasi wajah bapak saya gagal terus😭 kasian bapak saya padahal kondisinya sudah lansia, verifikasi wajah aplikasi bermasalah!!",verifikasi wajah bapak saya gagal terus kasian bapak saya padahal kondisinya sudah lansia verifikasi wajah aplikasi bermasalah,-2.5,Negatif,MATCH,
3668,Ida Farida,1,2026-08-17,Kenapa sekarang apknya hanya bisa di versi android terbaru? Bagaimana jika masyarakat yang hanya memiliki HP jadul? sedangkan untuk berobat wajib pakai JKN.. tolong pak jangan mempersulit masyarakat kurang mampu pak.,kenapa sekarang apknya hanya bisa di versi android terbaru bagaimana jika masyarakat yang hanya memiliki hp jadul sedangkan untuk berobat wajib pakai jkn tolong pak jangan mempersulit masyarakat kurang mampu pak,0,Netral,MATCH,
3669,elsarowing,5,2026-08-17,sangat membantu,sangat membantu,3,Positif,MATCH,
3670,rosy 43,1,2026-08-17,kode otp tidak di kirim,kode otp tidak di kirim,0,Netral,MATCH,
3671,Misya Anggraini,5,2026-08-17,kok gak bisa di downlod,kok tidak bisa di downlod,0,Netral,MATCH,
3672,Teslafist,5,2026-08-17,nice app👍,nice aplikasi,2,Positif,MATCH,
3673,Edi Junaedi,5,2026-08-17,ok,ok,1.5,Positif,MATCH,
3674,Akhuyaa,1,2026-08-17,"tolong dong di perbaiki bug nya saya mau daftar no hp tapi pas di verifikasi gk bisa,,layar nya tiba2 putih semua TOLONG DONG DI PERBAIKI",tolong dong di perbaiki bug nya saya mau daftar no hp tapi pas di verifikasi tidak bisa layar nya tiba2 putih semua tolong dong di perbaiki,-2,Negatif,MATCH,
3675,Tya Chinthya,5,2026-08-17,mantap,mantap,3,Positif,MATCH,
3676,Fira Budi,5,2026-08-17,pelayanannya bagus,pelayanannya bagus,2,Positif,MATCH,
3677,Krisna Saputra,5,2026-08-17,dengan aplikasi mobil jkn memudahkan segalanya untuk periksa,dengan aplikasi mobil jkn memudahkan segalanya untuk periksa,3,Positif,MATCH,
3678,Untung Surojo,5,2026-08-16,kami senantiasa dilayani dengan baik dan tuntas.,kami senantiasa dilayani dengan baik dan tuntas,2,Positif,MATCH,
3679,retno wahyuningsih,5,2026-08-16,lancar untuk pendaftaran dan cek kesehatan,lancar untuk pendaftaran dan cek kesehatan,2.5,Positif,MATCH,
3680,Arifatus sa'diyah,5,2026-08-16,Aplikasinya sdh bagus mohon d tingkatkan lagi,aplikasinya sudah bagus mohon d tingkatkan lagi,2,Positif,MATCH,
3681,Riskatunnisa 118,2,2026-08-16,"applikasinya error-an bukannya diciptakan applikasi itu mempermudah orang orang dlm urusan ya? Masa saya sudah bayar, masih ada notif belum bayar sih 👊 terpaksa harus kekantor BPJS lg buat konfirmasi dan ngurusin pembayaran, kalo harus kekantor BPJS lg mending gausah diciptakan applikasi kalo gtuu ujung ujungnya harus gerak kekantor juga 😑",applikasinya error-an bukannya diciptakan applikasi itu mempermudah orang orang dlm urusan ya masa saya sudah bayar masih ada notif belum bayar sih terpaksa harus kekantor bpjs lg buat konfirmasi dan ngurusin pembayaran kalo harus kekantor bpjs lg mending gausah diciptakan applikasi kalo gtuu ujung ujungnya harus gerak kekantor juga,0,Netral,MATCH,
3682,Mustika Agustini,5,2026-08-16,alpikasi mudah,alpikasi mudah,2.5,Positif,MATCH,
3683,Alii Saifullah,5,2026-08-16,jos,jos,0,Netral,MATCH,
3684,Agus Kunaryadi,5,2026-08-16,jangan memberi pelayanan yg nyaman,jangan memberi pelayanan yang nyaman,2.5,Positif,MATCH,
3685,Risbun Manurung,1,2026-08-16,njirr,njirr,0,Netral,MATCH,
3686,Icha mell,1,2026-08-16,"Biasa nya tgl berapa aja bisa ambil antrian, sekarang dipersulit sudah tidak bisa, ambil atrian sesuai jadwal kunjungan. Tidak semua org bisa hadir ditanggal kunjungan yg telah dijadwalkan, kdg ditanggal tsb orang berhalangan hadir sehingga diharuskan ganti jadwal. Bener² kecewa sih",biasa nya tgl berapa aja bisa ambil antrean sekarang dipersulit sudah tidak bisa ambil atrian sesuai jadwal kunjungan tidak semua org bisa hadir ditanggal kunjungan yang telah dijadwalkan kdg ditanggal tsb orang berhalangan hadir sehingga diharuskan ganti jadwal benar kecewa sih,-6.5,Negatif,MATCH,
3687,Desta Nyoll,1,2026-08-16,aplikasi pemerintah pasti banyak gagalnya,aplikasi pemerintah pasti banyak gagalnya,0,Netral,MATCH,
3688,Yoga Ikbar,1,2026-08-16,burukk,burukk,0,Netral,MATCH,
3689,nurul Fikri,5,2026-08-16,Aplikasi sangat membantu dan mempermudah,aplikasi sangat membantu dan mempermudah,3,Positif,MATCH,
3690,utaryo leksono,5,2026-08-16,BPJS kesehatan sangat baik dan profesional,bpjs kesehatan sangat baik dan profesional,2,Positif,MATCH,
3691,mpii vanessa,5,2026-08-16,responya cukup baik,responya cukup baik,2,Positif,MATCH,
3692,Muhammad Ilham,1,2026-08-16,aplikasi ini makin buruk hanya support android 10 sedangkan nenek saya android 9 gak bisa pakai aplikasi ini lagi sangat mengecewakan cuih,aplikasi ini makin buruk hanya support android 10 sedangkan nenek saya android 9 tidak bisa pakai aplikasi ini lagi sangat mengecewakan cuih,-3,Negatif,MATCH,
3693,Fila Ramadhan,3,2026-08-16,"icon dalam aplikasi nya terlalu rame, kurang fresh",icon dalam aplikasi nya terlalu rame kurang fresh,0,Netral,MATCH,
3694,Hermawan Atul,5,2026-08-16,mudah di gunakan,mudah di gunakan,2.5,Positif,MATCH,
3695,a na,1,2026-08-16,"setiap mau daftarin nomor hp gagal terus keterangannya ""permintaan belum bisa diproses, tunggu beberapa saat"" tapi giliran dicoba lagi tetep gabisaa, gimana ini tolong diperbaiki aplikasinya, lagi urgent banget malah gabisa masuk padahal udah bayar BPJS tiap bulan",setiap mau daftarin nomor hp gagal terus keterangannya permintaan belum bisa diproses tunggu beberapa saat tapi giliran dicoba lagi tetep gabisaa gimana ini tolong diperbaiki aplikasinya lagi urgent banget malah tidak bisa masuk padahal udah bayar bpjs tiap bulan,-2.5,Negatif,MATCH,
3696,faisal jack,5,2026-08-16,"is very good, i like it",is very good i like it,2,Positif,MATCH,
3697,Dwi Aryanto,3,2026-08-16,Emang ada ya yang mau nipu ke faskes... sampai² mau login aja susah...,emang ada ya yang mau nipu ke faskes sampai mau login aja sulit,-2.5,Negatif,MATCH,
3698,Mulyadi Muchtar,5,2026-08-16,pelayana lbh cepat dngn jkn mobille tdk bikin ribed,pelayana lbh cepat dngn jkn mobille tidak bikin ribed,2.5,Positif,MATCH,
3699,mugia cbs channel,5,2026-08-16,sangat membantu,sangat membantu,3,Positif,MATCH,
3700,Albyazka W.,5,2026-08-16,bagus,bagus,2,Positif,MATCH,
3701,Asrul Gunawan,1,2026-08-16,sms verifikasi gk masuk masuk,sms verifikasi tidak masuk masuk,0,Netral,MATCH,
3702,Sri Mitria Ningsih,5,2026-08-16,sangat membantu pengguna fasilitas kesehatan,sangat membantu pengguna fasilitas kesehatan,3,Positif,MATCH,
3703,Finna Ramadhona,1,2026-08-16,"saat mau bikin surat rujukan gagal terus,karena tulisan jaringan,padahal pakai wifi",saat mau bikin surat rujukan gagal terus karena tulisan jaringan padahal pakai wifi,-2.5,Negatif,MATCH,
3704,Zhulfikar Alhanan,5,2026-08-16,tidak Ribet Dalam Pengurusan Lagi,tidak rumit dalam pengurusan lagi,1,Positif,MATCH,
3705,Arya Zakaria,1,2026-08-16,"minimal sediakan server yg luas lah, bikin apk bisa nyediain server gk bisa berhari-hari gw coba daftar yg keluar gangguan server mulu",minimal sediakan server yang luas lah bikin aplikasi bisa nyediain server tidak bisa berhari-hari gw coba daftar yang keluar gangguan server terus,0,Netral,MATCH,
3706,yanie fadlian,3,2026-08-16,"aneh... gak bs download aplikasi jkn mobile, keterangan ny perangkat anda tidak kompatibel... emg hrs hp yg bagus doank ya yg bisa download, klo butuh aplikasi ny buat berobat gmn donk?",aneh tidak bs download aplikasi jkn mobile keterangan ny perangkat anda tidak kompatibel emg hrs hp yang bagus doank ya yang bisa download klo butuh aplikasi ny buat berobat gmn donk,2,Positif,MATCH,
3707,Ade Achdiyat,5,2026-08-16,"Tanggapan pengaduan cepat, tapi tidak tahu kalo tindakan ke paskes nya.",tanggapan pengaduan cepat tapi tidak tahu kalo tindakan ke paskes nya,2.5,Positif,MATCH,
3708,Simon Meyer,5,2026-08-16,bagus,bagus,2,Positif,MATCH,
3709,Haes Putry,1,2026-08-16,"aplikasi paling ribet, tiap buka aplikasi harus login ulang, padahal sebelumnya udah aktifin login biometrik, tapi pas buka aplikasi lagi malah gak bisa, kembali lagi ke settingan awa. ampun daaaahhl",aplikasi paling rumit tiap buka aplikasi harus login ulang padahal sebelumnya udah aktifin login biometrik tapi pas buka aplikasi lagi malah tidak bisa kembali lagi ke settingan awa ampun dahhl,-2,Negatif,MATCH,
3710,iin nurhasanah,5,2026-08-16,pelayanan nya bagus dan sesuai,pelayanan nya bagus dan sesuai,2,Positif,MATCH,
3711,hesti juwita,1,2026-08-16,versi baru tidak semua hp bisa. harus orang kaya yang hpnya bagus yang bisa pakai? versi yang dulu lebih enak. sekarang mau login susahnya minta ampun!,versi baru tidak semua hp bisa harus orang kaya yang hpnya bagus yang bisa pakai versi yang dulu lebih enak sekarang mau login susahnya minta ampun,2,Positif,MISMATCH_LOW_RATING,Salah klik rating / Human error (Isi ulasan berupa pujian murni)
3712,Alfandri Wahyugie,5,2026-08-16,simple,simple,0,Netral,MATCH,
3713,Ikhsan Heriyanto,5,2026-08-16,ok,ok,1.5,Positif,MATCH,
3714,Kanzania Adiba,5,2026-08-16,trimakasih ya alloh ini sangat membantu bgt d keluargaku yg srba kurang anaku juga bnyk trimakasih admin dn smua kru jkn smoga kita smua slalu dlm lindungn alloh dn slalu d bri kesehatan amin,trimakasih ya alloh ini sangat membantu banget d keluargaku yang srba kurang anaku juga bnyk trimakasih admin dn smua kru jkn smoga kita smua slalu dlm lindungn alloh dn slalu d bri kesehatan amin,3,Positif,MATCH,
3715,Angga Thomas,1,2026-08-16,lahh ini sy mau ngambil antrian online malah gak bisa masuk2. katnya nomot sy sdh terdaftar. trs gmn sy mau ambil antrian onlinensy...sialan banget ribetttjadi nya,lahh ini saya mau ngambil antrean online malah tidak bisa masuk2 katnya nomot saya sudah terdaftar terus gmn saya mau ambil antrean onlinensy sialan banget ribetjadi nya,0,Netral,MATCH,
3716,siti ridloatul ulum,5,2026-08-16,bagua,bagua,0,Netral,MATCH,
3717,Natun Ony,5,2026-08-16,bagus dan cepat,bagus dan cepat,4.5,Positif,MATCH,
3718,Bambang Agus Rianto,5,2026-08-16,mudah dimengerti,mudah dimengerti,2.5,Positif,MATCH,
3719,Hafiz Nuraziz,1,2026-08-16,"Pulsa ada dan cukup, kemudian paket data reguler ada tetapi OTP susah masuk saat registrasi/daftar. Tolong ini banyak keluhan tentang OTP tapi kenapa belum diselesaikan masalahnya",pulsa ada dan cukup kemudian paket data reguler ada tetapi otp sulit masuk saat registrasi daftar tolong ini banyak keluhan tentang otp tapi kenapa belum diselesaikan masalahnya,-2.5,Negatif,MATCH,
3720,Ultra Man,5,2026-08-16,bagus,bagus,2,Positif,MATCH,
3721,Silvia Desy Andriani,1,2026-08-16,captha nya gak bisa keluar,captha nya tidak bisa keluar,0,Netral,MATCH,
3722,Ario Seto16 channel,5,2026-08-16,mempermudah masyarakat,mempermudah masyarakat,0,Netral,MATCH,
3723,hery rizki,1,2026-08-16,busuk setelah update,busuk setelah update,0,Netral,MATCH,
3724,Rahnia Handiarti,1,2026-08-16,"lag parah, gua udh hapus ruang penyimpanan masih lag, emang dari sananya kah, hp gua sampe restart ulang saking lag nya sumpah, ini yang buat apk siapa sih",lag buruk gua sudah hapus ruang penyimpanan masih lag emang dari sananya kah hp gua sampe restart ulang saking lag nya sumpah ini yang buat aplikasi siapa sih,-3,Negatif,MATCH,
3725,Tiko Lius,5,2026-08-16,"saya baru menggunakan aplikasi ini ,untuk memudahkan saya berobat ke rsu ,terutama mengambil antrian online ,BPJS supaya tidak lama mengantri ke rsu kalau lagi bayak pasien jadi kita datang ke rsu sesuai jam dan hari yang sudah di tentukan untuk berobat",saya baru menggunakan aplikasi ini untuk memudahkan saya berobat ke rsu terutama mengambil antrean online bpjs supaya tidak lama mengantri ke rsu kalau lagi bayak pasien jadi kita datang ke rsu sesuai jam dan hari yang sudah di tentukan untuk berobat,4,Positif,MATCH,
3726,anisa f,1,2026-08-16,ga bisa kirim otp sms aneh,tidak bisa kirim otp sms aneh,0,Netral,MATCH,
3727,Nidi Nada,1,2026-08-16,"sistem belum mampu menjawab kebutuhan masyarakat. data sudah sesuai tapi nomor telepon dan email tidak sesuai. padahal email yang didaftar itu2 juga. banyak keluhan, tapi belum ada respon perbaikan. harus peserta antri panjang, sementara daftar online tidak berfungsi.",sistem belum mampu menjawab kebutuhan masyarakat data sudah sesuai tapi nomor telepon dan email tidak sesuai padahal email yang didaftar itu2 juga banyak keluhan tapi belum ada respon perbaikan harus peserta antri panjang sementara daftar online tidak berfungsi,0,Netral,MATCH,
3728,Riduan Achmad,5,2026-08-16,bagus,bagus,2,Positif,MATCH,
3729,CIVREZ z,5,2026-08-16,"mantap bisa mempermudah gak harus pergi2,bisa langsung jadi",mantap bisa mempermudah tidak harus pergi2 bisa langsung jadi,3,Positif,MATCH,
3730,Jane Rarum,4,2026-08-16,tiap mau login sllu slah pass pdhal passnya ga pernh ganti knpa y,tiap mau login sllu slah pass pdhal passnya tidak pernh ganti knpa y,0,Netral,MATCH,
3731,YyHD Lucky,5,2026-08-16,bagus,bagus,2,Positif,MATCH,
3732,Amru Septiawan_17,5,2026-08-16,"alhamdulillah, bagus sekalii 🤩🤩🤩👍",alhamdulillah bagus sekalii,2,Positif,MATCH,
3733,Haerul Alwahid,5,2026-08-16,"sangat membantu,praktis",sangat membantu praktis,5.5,Positif,MATCH,
3734,PAPA HITZ,5,2026-08-16,asli enak bisa merubah data faskes melalui 1 gemgaman,asli enak bisa merubah data faskes melalui 1 gemgaman,0,Netral,MATCH,
3735,Sofyan Efendi,5,2026-08-16,Good!,good,2,Positif,MATCH,
3736,Farihzal,1,2026-08-16,aplikasinya mempersulit masyarakat,aplikasinya mempersulit masyarakat,0,Netral,MATCH,
3737,Saf rudin,5,2026-08-16,Bagus dan sederhana,bagus dan sederhana,2,Positif,MATCH,
3738,Asep Garlida Suryaman,5,2026-08-15,kenapa aplikasi mobiile jkn tidak bisa dibuka,kenapa aplikasi mobiile jkn tidak bisa dibuka,0,Netral,MATCH,
3739,Rizal error,3,2026-08-15,ada kendala apa udah dua hari gangguan pahal sinyal banyak tapi offline mulu kak 😫,ada kendala apa udah dua hari gangguan pahal sinyal banyak tapi offline terus kak,0,Netral,MATCH,
3740,Moch furqonal87,2,2026-08-15,"Ga tau harus bilang apa ? Mungkin udh jamannya Hp, Orang yg harus cepat ditindak lanjuti / awam yg gaptek.. Tertunda gara"" Apk JKN,. Iya klo Peserta itu ada Kuota / Pulsa di hpnya..? Maaf ya bisa dibilang mempercepat rakyat yg sakit ke Binasaan secara perlahan,.",tidak tau harus bilang apa mungkin sudah jamannya hp orang yang harus cepat ditindak lanjuti awam yang gaptek tertunda gara aplikasi jkn iya klo peserta itu ada kuota pulsa di hpnya maaf ya bisa dibilang mempercepat rakyat yang sakit ke binasaan secara perlahan,2.5,Positif,MISMATCH_LOW_RATING,Salah klik rating / Human error (Isi ulasan berupa pujian murni)
3741,Bang Ndun,5,2026-08-15,mengapa saya tidak bisa mendownload apk ini lagi,mengapa saya tidak bisa mendownload aplikasi ini lagi,0,Netral,MATCH,
3742,SYARIFUDDIN,5,2026-08-15,mantap pisan,mantap pisan,3,Positif,MATCH,
3743,Nano rachman,3,2026-08-15,tolong di perbaiki lagi setiap mau masuk susah.,tolong di perbaiki lagi setiap mau masuk sulit,-2.5,Negatif,MATCH,
3744,sunarto 82,5,2026-08-15,ok bagus bermanfaat,ok bagus bermanfaat,6.5,Positif,MATCH,
3745,ManadoKu Bastian,5,2026-08-15,💯,,0,Netral,MATCH,
3746,Wit Margo,5,2026-08-15,daftar gampang tidak di persulit,daftar gampang tidak di persulit,0,Netral,MATCH,
3747,Marifatul Islamiah,5,2026-08-15,terimakasih,terimakasih,0,Netral,MATCH,
3748,laksana bisma Wisesa,5,2026-08-15,samgat membantu,samgat membantu,3,Positif,MATCH,
3749,Setia Budi Budi,5,2026-08-15,sangat membantu,sangat membantu,3,Positif,MATCH,
3750,Sri hastuti,1,2026-08-15,masa gk bisa dipake disemua versi,masa tidak bisa dipake disemua versi,0,Netral,MATCH,
3751,Yanto Dian,5,2026-08-15,bagus,bagus,2,Positif,MATCH,
3752,Yanthie,5,2026-08-15,sangat Berguna,sangat berguna,0,Netral,MATCH,
3753,Wanto 83,5,2026-08-15,mantap,mantap,3,Positif,MATCH,
3754,Muhammad Hadi,5,2026-08-15,good,good,2,Positif,MATCH,
3755,badroll city 17 channel,1,2026-08-15,kenapa mau daptar gk bisa erol trus,kenapa mau daptar tidak bisa erol terus,0,Netral,MATCH,
3756,Hanna Anisa,5,2026-08-15,memudahkan tentang mendaftar BPJS,memudahkan tentang mendaftar bpjs,3,Positif,MATCH,
3757,Suci Rahmawati,1,2026-08-15,"Apk yg katanya buat mempermudah masyarakat nyatanya buat daftar aja error mulu. perbaiki lagi layanan sms ke nomer hp nya, udah dicoba berkali2 gagal terus!",aplikasi yang katanya buat mempermudah masyarakat nyatanya buat daftar aja error terus perbaiki lagi layanan sms ke nomer hp nya udah dicoba berkali2 gagal terus,-5,Negatif,MATCH,
3758,Tasya Labibah,1,2026-08-15,"gimana sih, padahal no baru, setiap di coba ulang gagal terus 😔😔😔😔😔😔😔😔😔😔😔😔😔😔😔😔😔😔😔😔😔😔😔😔😔😔😔😔😔😔😔😔😔 disuruh ulangi terus hufg",gimana sih padahal no baru setiap di coba ulang gagal terus disuruh ulangi terus hufg,-2.5,Negatif,MATCH,
3759,Oppo Oppo,5,2026-08-15,saya sangat suka dgn adanya mobile jkn,saya sangat suka dengan adanya mobile jkn,2,Positif,MATCH,
3760,Dwi Astari,5,2026-08-15,ok,ok,1.5,Positif,MATCH,
3761,Wajah Perwira,5,2026-08-15,nice memudahkan proses administrasi,nice memudahkan proses administrasi,5,Positif,MATCH,
3762,Dena Kartika Mawangi,5,2026-08-15,Pelayanan dan aplikasi muda digunakan,pelayanan dan aplikasi muda digunakan,0,Netral,MATCH,
3763,Tunas Muda,5,2026-08-15,"tuk sementara oc, oc aja tp kedepan blm tau",tuk sementara oc oc aja tapi kedepan belum tau,0,Netral,MATCH,
3764,Kang Bruds,5,2026-08-15,Aplikasi ini sangat membantu,aplikasi ini sangat membantu,3,Positif,MATCH,
3765,Calief,5,2026-08-15,ok,ok,1.5,Positif,MATCH,
3766,Tasha Dwi lestari,5,2026-08-15,ok,ok,1.5,Positif,MATCH,
3767,Putra satria Kelana,5,2026-08-15,trimksih,trimksih,0,Netral,MATCH,
3768,Anisa Baturaja,5,2026-08-15,Bagus.. biarlah bintang yang bicara,bagus biarlah bintang yang bicara,2,Positif,MATCH,
3769,Meirisa Liana,5,2026-08-15,sangat mempermudah,sangat mempermudah,0,Netral,MATCH,
3770,Bu Putt,1,2026-08-15,GA BISA MASUK APLIKASI PEMERINTAH DODOL,tidak bisa masuk aplikasi pemerintah dodol,0,Netral,MATCH,
3771,Ardiansyah Saputra,5,2026-08-15,mantappp jkn lebih permudah,mantap jkn lebih permudah,3,Positif,MATCH,
3772,Ito Karanganyar,1,2026-08-15,setelah ada update aplikasi nya tidak bisa di pake lagi tolong dong jangan mempersulit tidak semua orang punya hp bagus,setelah ada update aplikasi nya tidak bisa di pake lagi tolong dong jangan mempersulit tidak semua orang punya hp bagus,2,Positif,MISMATCH_LOW_RATING,Salah klik rating / Human error (Isi ulasan berupa pujian murni)
3773,Nauval M.A,2,2026-08-15,"kok stak di nomor tlpn ya pas pendaftaran, padahal pulsa ada tapi gak bisa",kok stak di nomor tlpn ya pas pendaftaran padahal pulsa ada tapi tidak bisa,0,Netral,MATCH,
3774,m. solihin,5,2026-08-15,"aplikasi mudah digunakan sangat membantu, banyak fitur yang bisa dilakukan tanpa harus datang ke kantor BPJS",aplikasi mudah digunakan sangat membantu banyak fitur yang bisa dilakukan tanpa harus datang ke kantor bpjs,5.5,Positif,MATCH,
3775,arnold jehatu,5,2026-08-15,mantap terimaksih,mantap terimaksih,3,Positif,MATCH,
3776,HIE SIN AN,5,2026-08-15,hebatlah !,hebatlah,0,Netral,MATCH,
3777,Muslich Hidayat,5,2026-08-15,bagus,bagus,2,Positif,MATCH,
3778,Tuti Aryati,2,2026-08-15,"kurang praktis,pas mau daftar giliran kamera gak masuk2 aneh,gak bisa ambil foto,bikin lebih simpel aja sih",kurang praktis pas mau daftar giliran kamera tidak masuk2 aneh tidak bisa ambil foto bikin lebih simpel aja sih,-2.25,Negatif,MATCH,
3779,Ferr,5,2026-08-15,sangat bermanfaat,sangat bermanfaat,3,Positif,MATCH,
3780,Muhammad Wandi Saputra,1,2026-08-15,"ribet aman mau verifikasi lewat mana pun juga, dipersulittttttt",rumit aman mau verifikasi lewat mana pun juga dipersulit,-3.5,Negatif,MATCH,
3781,Syifa Izayani,3,2026-08-15,jaringan ada kuota ada tpi kode otp ga masuk masuk aneh?,jaringan ada kuota ada tpi kode otp tidak masuk masuk aneh,0,Netral,MATCH,
3782,Jusman Sandy87,5,2026-08-15,Masya Allah Mobile JKN Sangat sangat membantu terimakasih Sukses selalu untuk Mobile JKN 🤲🏻🙏🏻🥰❤️🎉🎉🎉🎉,masya allah mobile jkn sangat sangat membantu terimakasih sukses selalu untuk mobile jkn,5,Positif,MATCH,
3783,Shinta Levia,1,2026-08-15,"BPJS SISTEM DIGITAL MALAH SISTEMNYA AMBURADUL.. PENDAFTARAN, CEK FAS DAN LOKASI RS ,ANTRIAN,DLL SEMUA MELALUI JKN MOBILE. TAPI DISAYANGKAN APLIKASI TIDAK USER FRIENDLY, PERANGKAT TIDAK KOMPATIBLE LAHH.....DAN BLA BLA BLA BLA... PARAAHHHH",bpjs sistem digital malah sistemnya amburadul pendaftaran cek fas dan lokasi rs antrean dll semua melalui jkn mobile tapi disayangkan aplikasi tidak user friendly perangkat tidak kompatible lahh dan bla bla bla bla paraah,0,Netral,MATCH,
3784,Hasna Wati Has,5,2026-08-15,baik,baik,2,Positif,MATCH,
3785,Nyoman Sutama,5,2026-08-15,Bagus dan lancar sekali!,bagus dan lancar sekali,4.5,Positif,MATCH,
3786,Syarif Hidayatullah,1,2026-08-15,ga bisa download,tidak bisa download,0,Netral,MATCH,
3787,Syavera Astika,5,2026-08-15,apk sangat membantu bagus sekali fiturnya juga cepat,aplikasi sangat membantu bagus sekali fiturnya juga cepat,7.5,Positif,MATCH,
3788,gania salon,5,2026-08-15,ok,ok,1.5,Positif,MATCH,
3789,niken tiyas,1,2026-08-15,"tolong di perbaiki untuk yang baru daftar tidak masuk masuk kode otp nya!! verifikasi wajah juga eror, udah ganti nomor telp semua aktif tetap tidak dapat kode otp sedangkan semua di suruh ambil antrian online tolong di perbaiki saya tidak bisa menggunakan aplikasi sangat sulit !!",tolong di perbaiki untuk yang baru daftar tidak masuk masuk kode otp nya verifikasi wajah juga error udah ganti nomor telp semua aktif tetap tidak dapat kode otp sedangkan semua di suruh ambil antrean online tolong di perbaiki saya tidak bisa menggunakan aplikasi sangat sulit,-5,Negatif,MATCH,
3790,Binioon,1,2026-08-15,aplikasi ga jelas..selalu eror..padahal waktu di jam kerja dan koneksi kencang wifi tapi selalu eror gmn mau melakukan pembayaran atau cek status,aplikasi tidak jelas selalu error padahal waktu di jam kerja dan koneksi kencang wifi tapi selalu error gmn mau melakukan pembayaran atau cek status,-6.35,Negatif,MATCH,
3791,Nilam Batari,1,2026-08-15,"aplikasinya kenapa ngga bisa ngirim kode verifikasi buat nomer hp ya, awalnya kukira yang salah nomer hp saya, entah ngga punya pulsa apa gimana, tapi setelah isi pulsa sama aja, saya sampe ganti nomer (beli perdana baru) tapi masih aja tetep ngga bisa, tolong bantuannya dong",aplikasinya kenapa tidak bisa ngirim kode verifikasi buat nomer hp ya awalnya kukira yang salah nomer hp saya entah tidak punya pulsa apa gimana tapi setelah isi pulsa sama aja saya sampe ganti nomer beli perdana baru tapi masih aja tetep tidak bisa tolong bantuannya dong,0,Netral,MATCH,
3792,Kalcer Garage,1,2026-08-15,buruk,buruk,-3,Negatif,MATCH,
3793,Tonny Aja,5,2026-08-15,mantap,mantap,3,Positif,MATCH,
3794,KHAERUNNISA,1,2026-08-15,"ga bisa daftar, kode otp ngga muncul muncul udh coba beberapa kali tapi tetap ngga bisa",tidak bisa daftar kode otp tidak muncul muncul sudah coba beberapa kali tapi tetap tidak bisa,0,Netral,MATCH,
3795,Iskandarsyah Ramdani,5,2026-08-15,good luck,good luck,2,Positif,MATCH,
3796,Diky Hermawan,1,2026-08-15,"PARAH, NAGIH DOANG YANG DI UTAMAIN TAPI PELAYANAN BURUK. masa pembayaran saya gak terbaca??? pantas saja statusnya di aplikasi gak berubah berubah. saya di suruh ke kantor cabang buat beresin. yaelah nyusahin bae. kirain lewat aplikasi pembayaran langsung masuk, gak taunya gak kebaca. respon nih keluhan saya, jangan nagih doang bisanya",buruk nagih doang yang di utamain tapi pelayanan buruk masa pembayaran saya tidak terbaca pantas saja statusnya di aplikasi tidak berubah berubah saya di suruh ke kantor cabang buat beresin yaelah nyusahin bae kirain lewat aplikasi pembayaran langsung masuk tidak taunya tidak kebaca respon nih keluhan saya jangan nagih doang bisanya,-6,Negatif,MATCH,
3797,Sya Sha,3,2026-08-15,hub.cs terputus putus terus🙈,hub cs terputus putus terus,0,Netral,MATCH,
3798,Grace Yordani Ulag,5,2026-08-15,layanan mantap,layanan mantap,3,Positif,MATCH,
3799,Belfa Lala,5,2026-08-15,josss,jos,0,Netral,MATCH,
3800,Firdaus Brajamusti,1,2026-08-15,"aplikasi nya tolol, buat verifikasi harus ngirim otp, per otp nya harus nunggu 5 menit baru bsa ngirim otp lagi, ngabisin waktu doang developer nya tolol, sok sok an ketat padahal celah nya banyak",aplikasi nya tolol buat verifikasi harus ngirim otp per otp nya harus nunggu 5 menit baru bsa ngirim otp lagi ngabisin waktu doang developer nya tolol sok sok an ketat padahal celah nya banyak,0,Netral,MATCH,
3801,Ayu Nugraheni,5,2026-08-15,membantu,membantu,3,Positif,MATCH,
3802,Wawan Setiady S,5,2026-08-15,Sangat Terbantu dengan adanya JKN semoga lebih di tingkatkan lagi fasilitas dan manfaatnya demi kemudahan,sangat terbantu dengan adanya jkn semoga lebih di tingkatkan lagi fasilitas dan manfaatnya demi kemudahan,0,Netral,MATCH,
3803,Teddy Amanda Halim,5,2026-08-15,mantap,mantap,3,Positif,MATCH,
3804,Heru bekti Santosa,5,2026-08-15,good,good,2,Positif,MATCH,
3805,Ade Heru M Arifin,1,2026-08-15,kenapa sih aplikasi gk bs d pake setiap mau ambil antrian gk bs ktya tidak d izinkan gmna sih,kenapa sih aplikasi tidak bs d pake setiap mau ambil antrean tidak bs ktya tidak d izinkan gmna sih,0,Netral,MATCH,
3806,M. Reyhan,3,2026-08-15,harusnya verivikasi wajah jangan d persulit atau d tiadakan,harusnya verivikasi wajah jangan d persulit atau d tiadakan,0,Netral,MATCH,
3807,muara siregar,5,2026-08-15,sangat mudah di mengerti,sangat mudah di mengerti,2.5,Positif,MATCH,
3808,Risma Heriaman,5,2026-08-15,bagus dan sangat membantu,bagus dan sangat membantu,5,Positif,MATCH,
3809,Imelda Prayitno,5,2026-08-15,bagus pelayanan x,bagus pelayanan x,2,Positif,MATCH,
3810,gavi,1,2026-08-15,aplikasi gak niat..gajelas,aplikasi tidak niat gajelas,0,Netral,MATCH,
3811,Sandi Kecik,5,2026-08-15,Aplikasi sangat membantu.. pelayanannya cepat dan akurat..top dah,aplikasi sangat membantu pelayanannya cepat dan akurat top dah,8,Positif,MATCH,
3812,WIDIYANTO WIDIYANTO,5,2026-08-15,puas,puas,3,Positif,MATCH,
3813,Yashinta Pangestu,1,2026-08-15,"lemotnya parah, kenapa ya apk dari pemerintahan tu busuk semua",lemotnya buruk kenapa ya aplikasi dari pemerintahan tu busuk semua,-3,Negatif,MATCH,
3814,Sri Purwono,3,2026-08-15,kdng kalo daftar suka susah,kdng kalo daftar suka sulit,-0.5,Netral,MATCH,
3815,Nanan 234,5,2026-08-15,sangat membantu,sangat membantu,3,Positif,MATCH,
3816,varinime,1,2026-08-15,gak bisa dibuka,tidak bisa dibuka,0,Netral,MATCH,
3817,Nina Herlina,5,2026-08-15,Mudah dalam penggunaan nya,mudah dalam penggunaan nya,2.5,Positif,MATCH,
3818,malaz,1,2026-08-15,"mohon diperbaiki aplikasinya tiap foto wajah gagal terus padahal jaringan lancar, tiap login juga gagal gagal hadeh",mohon diperbaiki aplikasinya tiap foto wajah gagal terus padahal jaringan lancar tiap login juga gagal gagal hadeh,-5,Negatif,MATCH,
3819,ahmad zaini,5,2026-08-15,memudahkan saya dalam merubah data,memudahkan saya dalam merubah data,3,Positif,MATCH,
3820,Anime Lover,1,2026-08-15,tidak bisa login aneh,tidak bisa login aneh,0,Netral,MATCH,
3821,sari rusfa,5,2026-08-15,the best,the best,0,Netral,MATCH,
3822,dudung Abdul majid,5,2026-08-15,bagus semakin mudah pelayanan nyaaa,bagus semakin mudah pelayanan nya,4.5,Positif,MATCH,
3823,Astriekamal,3,2026-08-15,"Agak Ribet, Tolong lah jangan dibikin Ribet",agak rumit tolong lah jangan dibikin rumit,-1,Negatif,MATCH,
3824,Susi Wiharti,1,2026-08-15,aplikasinya bikin orang emosi,aplikasinya bikin orang emosi,-2.5,Negatif,MATCH,
3825,Cecep Gorbacef,4,2026-08-15,sangat membantu lebih cepet dan efektif,sangat membantu lebih cepet dan efektif,3,Positif,MATCH,
3826,RR Malau,1,2026-08-15,mengapa hilang di play store,mengapa hilang di play store,0,Netral,MATCH,
3827,Bapak Jepara,5,2026-08-15,jos,jos,0,Netral,MATCH,
3828,Zulfan Yusuf,5,2026-08-15,Bagus,bagus,2,Positif,MATCH,
3829,linda rohyani,1,2026-08-15,"logout sendiri, setiap mau login lagi selalu loading, captcha tidak mau muncul, padahal signal lancar, wifi aman",logout sendiri setiap mau login lagi selalu loading captcha tidak mau muncul padahal signal lancar wifi aman,4.5,Positif,MISMATCH_LOW_RATING,Salah klik rating / Human error (Isi ulasan berupa pujian murni)
3830,Fatorahman Saadu,1,2026-08-14,"tolong di perbaiki user experience sangat kacau, aplikasi sangat lambat, banyak bug, anak magang yang buat ya?",tolong di perbaiki user experience sangat kacau aplikasi sangat lambat banyak bug anak magang yang buat ya,-4.5,Negatif,MATCH,
3831,Muhamad Alifun,1,2026-08-14,aplikasi apa ini cuman bisa buat bpjs capek ngantri jembut,aplikasi apa ini cuman bisa buat bpjs capek ngantri jembut,0,Netral,MATCH,
3832,Herman Minggu,5,2026-08-14,sering tdk bisa terhubung dgn server RS,sering tidak bisa terhubung dengan server rs,0,Netral,MATCH,
3833,Muhamad Cepi Ramdani (CurenMarvel),5,2026-08-14,Bagus,bagus,2,Positif,MATCH,
3834,Mulloh saeful,5,2026-08-14,ok,ok,1.5,Positif,MATCH,
3835,Jonj Poc,5,2026-08-14,mudah dipakai,mudah dipakai,2.5,Positif,MATCH,
3836,Rizka Azhari,1,2026-08-14,tolong dong admin buruk banget ni aplikasi nya udah berhari hari down ngak bisa mau cek in ngak bisa. di hapus lalu di download baru malah capcah nya ngak keluar keluar kacau ni orang mau berobat sangat terhambat,tolong dong admin buruk banget ni aplikasi nya udah berhari hari down ngak bisa mau cek in ngak bisa di hapus lalu di download baru malah capcah nya ngak keluar keluar kacau ni orang mau berobat sangat terhambat,-3,Negatif,MATCH,
3837,Soim Soim,5,2026-08-14,sangat membantukepada masarakat yang tidak mampu,sangat membantukepada masarakat yang tidak mampu,0,Netral,MATCH,
3838,Maswid 4d,5,2026-08-14,mantab,mantap,3,Positif,MATCH,
3839,Bin Sahlan Bardan,3,2026-08-14,sangat membantu,sangat membantu,3,Positif,MATCH,
3840,nita ramdhania,5,2026-08-14,"sangat mudah untuk merubah data diri peserta,mksh sukses sll",sangat mudah untuk merubah data diri peserta mksh sukses sll,4.5,Positif,MATCH,
3841,Kakyoin Noriaki,1,2026-08-14,aplikasi dongo minta kode otp ga dikirim kirim dongoooo,aplikasi dongo minta kode otp tidak dikirim kirim dongo,0,Netral,MATCH,
3842,Siti Papat,2,2026-08-14,"kak tolong perbaiki apk ny dong, kenapa di hp ku gak bisa instal atau di update",kak tolong perbaiki aplikasi ny dong kenapa di hp ku tidak bisa instal atau di update,0,Netral,MATCH,
3843,zakaria hendra,1,2026-08-14,Aplikasi mempersulit hidup..sudah dilakukan perubahan data email & nomor telpon tetap gak bisa masuk tetap terbaca nomor telpon & email yang lama,aplikasi mempersulit hidup sudah dilakukan perubahan data email nomor telpon tetap tidak bisa masuk tetap terbaca nomor telpon email yang lama,-2,Negatif,MATCH,
3844,Ifa Rifa,1,2026-08-14,apk mempersulit TDK bisa login,aplikasi mempersulit tidak bisa login,0,Netral,MATCH,
3845,Chika Alvian,5,2026-08-14,bagus mantap,bagus mantap,5,Positif,MATCH,
3846,Deni Albar,5,2026-08-14,sangat membantu,sangat membantu,3,Positif,MATCH,
3847,Wasis Setiono,1,2026-08-14,layanan terburuk yang pernah diciptakan.,layanan terburuk yang pernah diciptakan,0,Netral,MATCH,
3848,Mas Maman,5,2026-08-14,untuk developer mohon untuk di sediakan menu reset password ATW mode lain untuk log in..saya mau lo in menggunakan NIK saya sendiri lupa paswordnya..dan sampai sekarang belum bisa melihat kelas BPJS saya..apakah sudah terdaftar di dalam satu KK ataw saya sendiri..,untuk developer mohon untuk di sediakan menu reset password atw mode lain untuk login in saya mau lo in menggunakan nik saya sendiri lupa paswordnya dan sampai sekarang belum bisa melihat kelas bpjs saya apakah sudah terdaftar di dalam satu kartu keluarga ataw saya sendiri,0,Netral,MATCH,
3849,fhiand USA,1,2026-08-14,aplikasi tulul yang bikin GK sekalah,aplikasi tulul yang bikin tidak sekalah,0,Netral,MATCH,
3850,nggothings,1,2026-08-14,"TIDAK BISA MENDAFTAR ONLINE, KETERANGANNYA NO REKAM MEDIS TIDAJ TERDAFTAR PADAHAL SAYA SUDAH TERDAFTAR. TOLONG DIPERBAIKI SECEPATNYA",tidak bisa mendaftar online keterangannya no rekam medis tidaj terdaftar padahal saya sudah terdaftar tolong diperbaiki secepatnya,0,Netral,MATCH,
3851,Kaito,1,2026-08-14,kode otp ga masuk masuk padahal udah nunggu lama,kode otp tidak masuk masuk padahal udah nunggu lama,-2,Negatif,MATCH,
3852,raden rasyid,5,2026-08-14,sangat membantu,sangat membantu,3,Positif,MATCH,
3853,Aditya Dwi Rahman,1,2026-08-14,"tidak bisa dpakai daftar faskes pertama walau masih ada antrian dengan alasan sudah mencapai batas maksimal. percuma tiap bulan dpotong gaji klo tidak bisa dipakai, sedangkanpndaftaran offline full terus",tidak bisa dpakai daftar faskes pertama walau masih ada antrean dengan alasan sudah mencapai batas maksimal percuma tiap bulan dpotong gaji klo tidak bisa dipakai sedangkanpndaftaran offline full terus,0,Netral,MATCH,
3854,Lisna Affy,1,2026-08-14,terlalu ribet.. mending pake kartu lagi daftar gagal terus padahal internet lancar,terlalu rumit mending pake kartu lagi daftar gagal terus padahal internet lancar,-2,Negatif,MATCH,
3855,Leny Selvianti,5,2026-08-14,bermanfaat,bermanfaat,3,Positif,MATCH,
3856,Ita Rosita,5,2026-08-14,mudah dgunakan,mudah dgunakan,2.5,Positif,MATCH,
3857,Nanik Faujiyanti,5,2026-08-14,bagus,bagus,2,Positif,MATCH,
3858,Noer Haetun,5,2026-08-14,bagis,bagis,0,Netral,MATCH,
3859,Sky agent,5,2026-08-14,Good,good,2,Positif,MATCH,
3860,Neneng Ariani,5,2026-08-14,oke,oke,1.5,Positif,MATCH,
3861,MD chenel,5,2026-08-14,best pokokx dahh.... daftarin lewat aplikasi /online,best pokokx dahh daftarin lewat aplikasi online,0,Netral,MATCH,
3862,Citra Niaga Celebes,5,2026-08-14,Semoga semua smakin dipermudah,semoga semua smakin dipermudah,0,Netral,MATCH,
3863,arjuna khatulistiwa,5,2026-08-14,mantap,mantap,3,Positif,MATCH,
3864,Abida Cantik,1,2026-08-14,terlalu rumit untuk wajah. kayak di buat susah. pendaftaranya,terlalu rumit untuk wajah kayak di buat sulit pendaftaranya,-4.5,Negatif,MATCH,
3865,Arofi ali Maskur,5,2026-08-14,bagus,bagus,2,Positif,MATCH,
3866,unik Betha,1,2026-08-14,Ya Allah tolong aplikasinya susah bgt masuk tolong kupasrahkan padaMu ya Allah,ya allah tolong aplikasinya sulit banget masuk tolong kupasrahkan padamu ya allah,-2.5,Negatif,MATCH,
3867,Andrie Darajat,5,2026-08-14,"mantap, mudah dan sangat membantu",mantap mudah dan sangat membantu,8.5,Positif,MATCH,
3868,Indah Yuli Marjati,1,2026-08-14,"aplikasinya sangat jelek sekali. susah sekali proses loginnya. setelah bisa masuk, mau ambil antrean muncul notif belum dapat diproses, gitu terus berulang-ulang.",aplikasinya sangat buruk sekali sulit sekali proses loginnya setelah bisa masuk mau ambil antrean muncul notif belum dapat diproses gitu terus berulang-ulang,-5.5,Negatif,MATCH,
3869,Gaming Newbie,1,2026-08-14,"apk ga jelas bolak balik minta kode verifikasi login ga bisa"" aneh",aplikasi tidak jelas bolak balik minta kode verifikasi login tidak bisa aneh,-1.35,Negatif,MATCH,
3870,Ade Fatih,5,2026-08-14,efektifitas mantaf,efektifitas mantaf,0,Netral,MATCH,
3871,Apil Gaul,5,2026-08-14,sangat membantu,sangat membantu,3,Positif,MATCH,
3872,andi tana,5,2026-08-14,trims kas uda bantu saya,trims kas uda bantu saya,0,Netral,MATCH,
3873,Riswanto rm,2,2026-08-14,"agak rumit aplikasi y, klu yang gaptek, gak jadi berobat karena tidak tahu daftar secara online",agak rumit aplikasi y klu yang gaptek tidak jadi berobat karena tidak tahu daftar secara online,-2,Negatif,MATCH,
3874,k ikot,5,2026-08-14,bagitulah,bagitulah,0,Netral,MATCH,
3875,mamang sugi,4,2026-08-14,mudah di gunakan,mudah di gunakan,2.5,Positif,MATCH,
3876,17 Farhan Assidiqi,1,2026-08-14,"aplikasi gjls ga bisa menerima kode verifikasi nomor, alesan tidak bisa di proses",aplikasi gjls tidak bisa menerima kode verifikasi nomor alesan tidak bisa di proses,0,Netral,MATCH,
3877,Sigit Pamungkas,1,2026-08-14,gagal terus. malah bikin ribet,gagal terus malah bikin rumit,-4.5,Negatif,MATCH,
3878,Yadi Ucil,1,2026-08-14,aplikasi sampah minta kode verifikasi aja ga bisa bisa aneh,aplikasi sampah minta kode verifikasi aja tidak bisa bisa aneh,-4,Negatif,MATCH,
3879,Hardi Saputra,4,2026-08-14,kenapa ngelag ya,kenapa ngelag ya,0,Netral,MATCH,
3880,sasa,1,2026-08-14,"aplikasi dari pemerintah tapi error trs, uang banyak seharusnya bisa buat server berjalan dengan baik.",aplikasi dari pemerintah tapi error terus uang banyak seharusnya bisa buat server berjalan dengan baik,-0.5,Netral,MATCH,
3881,Rayhan Gilbran,1,2026-08-14,"Aplikasi bodoh, buat apa pake captcha? kok jadi ngalahin aplikasi bank? sangat menyusahkan orang orang berumur.",aplikasi bodoh buat apa pake captcha kok jadi ngalahin aplikasi bank sangat menyusahkan orang orang berumur,0,Netral,MATCH,
3882,Jehoova Jireh,5,2026-08-14,sangat membantu,sangat membantu,3,Positif,MATCH,
3883,Nikken Netya Ratri,1,2026-08-14,setiap mau daftar ke klinik atau rs harus menggunakan apk ini tp susah masuk susah kebuka,setiap mau daftar ke klinik atau rs harus menggunakan aplikasi ini tapi sulit masuk sulit kebuka,-5,Negatif,MATCH,
3884,Abd Haris Nasution,5,2026-08-14,Terbaik🔥,terbaik,3,Positif,MATCH,
3885,Kriswandi,5,2026-08-14,Bagus,bagus,2,Positif,MATCH,
3886,sabrie madani,5,2026-08-14,baik,baik,2,Positif,MATCH,
3887,Adry,1,2026-08-14,"setiap buka apk hatus login lagi, apk prematur",setiap buka aplikasi hatus login lagi aplikasi prematur,0,Netral,MATCH,
3888,Black Cikhuy,1,2026-08-14,menyulitkan orang mau brobat blum lagi kendala sinyal saat pendaftaran ulang d RS ny dan aplikasi MOBILE JKN harus login ulang trus padahal password ny udah benar tapi selalu salah di aplikasi nya Tolong lah BPJS KESEHATAN di tingkatkan lagi kualitas Aplikasi ini sudah berapa tahun ini kyak gini trus. Apakah sengaja aplikasi nya di buat sperti ini saja?......,menyulitkan orang mau brobat blum lagi kendala sinyal saat pendaftaran ulang d rs ny dan aplikasi mobile jkn harus login ulang terus padahal password ny udah benar tapi selalu salah di aplikasi nya tolong lah bpjs kesehatan di tingkatkan lagi kualitas aplikasi ini sudah berapa tahun ini kyak gini terus apakah sengaja aplikasi nya di buat sperti ini saja,0,Netral,MATCH,
3889,Jafar,5,2026-08-14,baik dan bagus,baik dan bagus,4,Positif,MATCH,
3890,Jaenal Abidin,5,2026-08-14,pake mobile jkn segala nya jadi mudah,pake mobile jkn segala nya jadi mudah,2.5,Positif,MATCH,
3891,Metro Bukan,5,2026-08-14,sangat bermanfaat,sangat bermanfaat,3,Positif,MATCH,
3892,Novi Lestari,5,2026-08-14,Terima kasih,terima kasih,2,Positif,MATCH,
3893,Juandaajr Ajr,5,2026-08-14,aplikasinya mudah/praktis gak ribet di oprasikannya.terimakasih...ok,aplikasinya mudah praktis tidak rumit di oprasikannya terimakasih ok,7.5,Positif,MATCH,
3894,I'm Jarvis,1,2026-08-14,"Tlol kalau dari awal penambahan peserta harus dilakukan sama NIK yg udah nikah sampaikan dari awal dong, jangan terlanjur gw resgistrasi pakek Nik sendiri buat keperluan ortu malah dipersulit kek gini.",tlol kalau dari awal penambahan peserta harus dilakukan sama nik yang udah nikah sampaikan dari awal dong jangan terlanjur gw resgistrasi pakek nik sendiri buat keperluan ortu malah dipersulit kek gini,-3.5,Negatif,MATCH,
3895,Salma Maulidina,1,2026-08-14,nungguin hampir 1 jam buat kode verifikasi dri sms gk muncul² ribet bgt verifikasi kamera wajah juga gk bner,nungguin hampir 1 jam buat kode verifikasi dari sms tidak muncul rumit banget verifikasi kamera wajah juga tidak bner,-2,Negatif,MATCH,
3896,Mk,5,2026-08-14,Baik,baik,2,Positif,MATCH,
3897,Sabar Sabarudin,1,2026-08-14,nungguin kode verifikasi SMS lama bgt,nungguin kode verifikasi sms lama banget,-2,Negatif,MATCH,
3898,Zul Afriandi Batubara,5,2026-08-14,bagus,bagus,2,Positif,MATCH,
3899,Rina Utamiwki,2,2026-08-14,"aplikasi bini capek,,,udah sakit malah di bikin susah,,,login berkali dg data yg sama gak kunjung bisa masuk padahal gak adayg berubah,,ini aplikasi di buat cuma buat menyulitkan pasien",aplikasi bini capek udah sakit malah di bikin sulit login berkali dg data yang sama tidak kunjung bisa masuk padahal tidak adayg berubah ini aplikasi di buat cuma buat menyulitkan pasien,-2.5,Negatif,MATCH,
3900,Titin Tandini,5,2026-08-14,bagus penanganan Nya,bagus penanganan nya,2,Positif,MATCH,
3901,Tauhiduluhiyah Tauhid,5,2026-08-14,mantap......,mantap,3,Positif,MATCH,
3902,Simon Umboh,5,2026-08-14,"iklan sangat sangat sangat mengganggu saya tidak suka,apalagi ditawarkan penghapus ini dan itu ,saya sangat tidak suka jengkel",iklan sangat sangat sangat mengganggu saya tidak suka apalagi ditawarkan penghapus ini dan itu saya sangat tidak suka jengkel,-3.6,Negatif,MISMATCH_HIGH_RATING,"Rating bintang tinggi (4-5), namun isi ulasan memuat kritik/keluhan tajam"
3903,Asep Polesdetaeling,5,2026-08-14,asallamualaikum alhamdulilah sudah daftar di aplikasi mobile jkn bisa mudah Terima kasih🙏,asallamualaikum alhamdulilah sudah daftar di aplikasi mobile jkn bisa mudah terima kasih,4.5,Positif,MATCH,
3904,Vita Nata,5,2026-08-14,oke banget,oke banget,1.5,Positif,MATCH,
3905,indar,1,2026-08-14,terlalu menyusahkan bagi yang masyarakat yang tidak mampu membeli gadget...harusnya nik tidak dibatasi dalam satu perangkat soalnya tidak semua org punya handphone yg support aplikasi ini..,terlalu menyusahkan bagi yang masyarakat yang tidak mampu membeli gadget harusnya nik tidak dibatasi dalam satu perangkat soalnya tidak semua org punya handphone yang support aplikasi ini,0,Netral,MATCH,
3906,Siti Arofa,1,2026-08-14,lucu kali zaman sekarang orang tiba tiba sakit disuruh daftar online dulu dah gitu dah lewat batas waktu Maslaah mana lah tau kapan orang sakit kalo tau kapan sakit gk perlu berobat langsung jaga kesehatan ini teruntuk puskesmas pengalihan,lucu kali zaman sekarang orang tiba tiba sakit disuruh daftar online dulu dah gitu dah lewat batas waktu maslaah mana lah tau kapan orang sakit kalo tau kapan sakit tidak perlu berobat langsung jaga kesehatan ini teruntuk puskesmas pengalihan,0,Netral,MATCH,
3907,Yandhi Yana,5,2026-08-14,"aplikasi ini berjalan andal tanpa error, cepat dan responsif",aplikasi ini berjalan andal tanpa error cepat dan responsif,3.75,Positif,MATCH,
3908,Ahmad Shafarullah,1,2026-08-14,"parah, mau login ga bisa di klik masuk nya wkwkwkwk Ampe miliaran padahal budget aplikasi nya",buruk mau login tidak bisa di klik masuk nya wkwkwkwk ampe miliaran padahal budget aplikasi nya,-3,Negatif,MATCH,
3909,"Febriansyah., A. Md",5,2026-08-14,pelayanan mantap,pelayanan mantap,3,Positif,MATCH,
3910,Nasrul Irul,5,2026-08-14,"mantap , dan mudah memakai aplikasi jkn",mantap dan mudah memakai aplikasi jkn,5.5,Positif,MATCH,
3911,Ricky Haryadi,1,2026-08-14,"kenapa selalu menyulitkan rakyat, kenapa selalu di bikin ribet, sekarang daftar di mobile jkn no hp harus terdaftar dulu, padahal dulu daftar di mobile jkn no hp dan email langsung terdaftar otomatis, klo sekarang harus di daftarin dulu di kantor. ribet banget harusnya sistemnya dibikin seperti NPWP setelah bikin di kasih soft file gk harus daftar mobile jln segala.",kenapa selalu menyulitkan rakyat kenapa selalu di bikin rumit sekarang daftar di mobile jkn no hp harus terdaftar dulu padahal dulu daftar di mobile jkn no hp dan email langsung terdaftar otomatis klo sekarang harus di daftarin dulu di kantor rumit banget harusnya sistemnya dibikin seperti npwp setelah bikin di kasih soft file tidak harus daftar mobile jalan segala,-4,Negatif,MATCH,
3912,"Eko Dayu Anggara, S. Kom",5,2026-08-14,"saran min Di tambahkan estimasi jam Di layani, agar peserta datang sesuai jam",saran min di tambahkan estimasi jam di layani agar peserta datang sesuai jam,0,Netral,MATCH,
3913,Hilman Hilcullers10,5,2026-08-14,mantap memudahkan masyarakat mendapatkan pelayanan kesehatan,mantap memudahkan masyarakat mendapatkan pelayanan kesehatan,6,Positif,MATCH,
3914,Nursiah 57,1,2026-08-14,"apk apa ini, mau login suruh masukin captha tapi capthanya muter"" terus tolong dibenerin dong saya butuh soalnya",aplikasi apa ini mau login suruh masukin captha tapi capthanya muter terus tolong dibenerin dong saya butuh soalnya,0,Netral,MATCH,
3915,Yogi Pratama,5,2026-08-14,trimaksih JKN mobile,trimaksih jkn mobile,0,Netral,MATCH,
3916,Septia Yuliana,5,2026-08-14,mantaap,mantaap,0,Netral,MATCH,
3917,Yaaro Ndruru,5,2026-08-14,apk ini mudah kita mendaftar,aplikasi ini mudah kita mendaftar,2.5,Positif,MATCH,
3918,Jonet56 Jonet56,2,2026-08-14,login usname password udah benar semua tapi gak bisa masuk mohon pencerahannya,login usname password udah benar semua tapi tidak bisa masuk mohon pencerahannya,0,Netral,MATCH,
3919,suanda hana,1,2026-08-14,"pelayanan sampah, otp SMS gak muncul-muncul",pelayanan sampah otp sms tidak muncul-muncul,-4,Negatif,MATCH,
3920,Marlina Ollsop,1,2026-08-14,tidak bisa D unduh,tidak bisa d unduh,0,Netral,MATCH,
3921,Ari Udi,5,2026-08-14,sangat memuaskan,sangat memuaskan,0,Netral,MATCH,
3922,Hendi Rohendi,5,2026-08-14,tdk bs masuk,tidak bs masuk,0,Netral,MATCH,
3923,Komar Sky,5,2026-08-14,pelayanannya cepat dan mudah,pelayanannya cepat dan mudah,5,Positif,MATCH,
3924,Arsya Maoza,5,2026-08-13,sangat membantu untuk kesehatan,sangat membantu untuk kesehatan,3,Positif,MATCH,
3925,Mega Ayu Sugiono,5,2026-08-13,so far so good. thq,so far so good thq,2,Positif,MATCH,
3926,Herry stiawan,5,2026-08-13,bagus dan menyenangkan,bagus dan menyenangkan,2,Positif,MATCH,
3927,Handy Tan,5,2026-08-13,ok,ok,1.5,Positif,MATCH,
3928,Subkhan Messi,5,2026-08-13,Sangat membantu masalah kesehatan,sangat membantu masalah kesehatan,3,Positif,MATCH,
3929,Dini Mayasari,5,2026-08-13,ok,ok,1.5,Positif,MATCH,
3930,Arie Aiko,5,2026-08-13,ku njok stars sepuluh lah kalo ada,ku njok stars sepuluh lah kalo ada,0,Netral,MATCH,
3931,tri nuryana,1,2026-08-13,"Aplikasi ini sangat buruk, bisa bisanya NIK saya terdaftar atas nama orang lain. HEIII HARUSNYA PENGAWASANNYA KETAT DONG. APALAGI SAMPE NIK DIPAKAI SAMA ORANG LAIN??? JUJUR GA NGERTI SAMA APLIKASI INI",aplikasi ini sangat buruk bisa bisanya nik saya terdaftar atas nama orang lain hei harusnya pengawasannya ketat dong apalagi sampe nik dipakai sama orang lain jujur tidak ngerti sama aplikasi ini,-3,Negatif,MATCH,
3932,Dedy Wahyudi,5,2026-08-13,puas,puas,3,Positif,MATCH,
3933,Rosita Dewi,1,2026-08-13,lemot banget,lambat banget,-2.5,Negatif,MATCH,
3934,Ria Tristati,5,2026-08-13,mantap sangat membantu dah mudah di gunakan,mantap sangat membantu dah mudah di gunakan,8.5,Positif,MATCH,
3935,Pantau 39,5,2026-08-13,semakin bagus,semakin bagus,2,Positif,MATCH,
3936,alfirudin,1,2026-08-13,ga jelas sumpah,tidak jelas sumpah,-1.35,Negatif,MATCH,
3937,Guru Honorer,5,2026-08-13,oke,oke,1.5,Positif,MATCH,
3938,Setyono Riyanto,1,2026-08-13,"sudah di rujuk tgl 15 oleh dokternya, mau ambil daftar antrian sudah masukin sesuai tgl malah ket dokter tidak praktek,jelas2 praktek hari sabtu di jadwal",sudah di rujuk tgl 15 oleh dokternya mau ambil daftar antrean sudah masukin sesuai tgl malah ket dokter tidak praktek jelas2 praktek hari sabtu di jadwal,0,Netral,MATCH,
3939,Adrian Silitonga,1,2026-08-13,aplikasi pemerintah ga ada yang betul,aplikasi pemerintah tidak ada yang betul,0,Netral,MATCH,
3940,M Aji,5,2026-08-13,aplikasi yg sangat membantu dan gampang di pahami. terimakasih😍,aplikasi yang sangat membantu dan gampang di pahami terimakasih,3,Positif,MATCH,
3941,Meisna Wati,1,2026-08-13,"klo gbsa bikin aplikasi yg bagus gausah lah pake gini2an buat akses ke fasilitas kesehatan , mempersulit rakyat ini. toh kmi juga bayar tp kmi jg yg dipersulit. mau registrasi saja error lah yg gd koneksilah . aplikasi rusakk!!!",klo gbsa bikin aplikasi yang bagus gausah lah pake gini2an buat akses ke fasilitas kesehatan mempersulit rakyat ini toh kmi juga bayar tapi kmi jg yang dipersulit mau registrasi saja error lah yang gd koneksilah aplikasi rusakk,-4,Negatif,MATCH,
3942,Riki Ramadhan,5,2026-08-13,mantul,mantul,0,Netral,MATCH,
3943,Rizka Aulia,5,2026-08-13,bagus,bagus,2,Positif,MATCH,
3944,Heru Andesco,5,2026-08-13,ok,ok,1.5,Positif,MATCH,
3945,Nabillah Sauraya,1,2026-08-13,eror mulu kalo mau login,error terus kalo mau login,-2.5,Negatif,MATCH,
3946,pankgih pangestu,5,2026-08-13,"bagus, sangat membantu",bagus sangat membantu,5,Positif,MATCH,
3947,Alfi nur Afizah,5,2026-08-13,keren bgt,keren banget,2.5,Positif,MATCH,
3948,Duta Sport,5,2026-08-13,bagus,bagus,2,Positif,MATCH,
3949,izzatul abidah,5,2026-08-13,mudah dan praktis di gunakan,mudah dan praktis di gunakan,5,Positif,MATCH,
3950,Risdi Yantoo,5,2026-08-13,mobile JKN fitur komplit dan lebih jelas secara detail menyampaikan info info,mobile jkn fitur komplit dan lebih jelas secara detail menyampaikan info info,1.5,Positif,MATCH,
3951,Zx• yun,1,2026-08-13,"aplikasi bodong, ribet tiap bulan suruh bayar, padahal ga pernah kepakek, mau nonaktifkan juga susah ribet",aplikasi bodong rumit tiap bulan suruh bayar padahal tidak pernah kepakek mau nonaktifkan juga sulit rumit,-6.5,Negatif,MATCH,
3952,Dwiyanto Ari Nugroho,1,2026-08-13,kabanyakan verifikasi email bisa lewat sms gak bisa terus tolong diperbaiki lah,kabanyakan verifikasi email bisa lewat sms tidak bisa terus tolong diperbaiki lah,0,Netral,MATCH,
3953,chanelboi indonesia,1,2026-08-13,bpjs mandiri telat iuran baru 3hr. udh kena denda 45hr gk bisa rawat inap. mengatasnamakan layanan kesehatan pelayanan kaya iblis laknatullah.,bpjs mandiri telat iuran baru 3hr sudah kena denda 45hr tidak bisa rawat inap mengatasnamakan layanan kesehatan pelayanan kaya iblis laknatullah,0,Netral,MATCH,
3954,Amrina Amin,4,2026-08-13,aplikasi berjalan dengan baik,aplikasi berjalan dengan baik,2,Positif,MATCH,
3955,Rini Aja,1,2026-08-13,"tolong dong nik kok bisa salah padahal biasa pakai nik ini, salahnya dmna kan nik ini yg d gunakan.",tolong dong nik kok bisa salah padahal biasa pakai nik ini salahnya dmna kan nik ini yang d gunakan,0,Netral,MATCH,
3956,Ddy Srhn,5,2026-08-13,mobile jkn sangat membantu dalam utusan kesehatan,mobile jkn sangat membantu dalam utusan kesehatan,3,Positif,MATCH,
3957,sian Diartha,5,2026-08-13,sangat bagus bagi orang awam seperti saya..semoga JKN semakin ke depan,sangat bagus bagi orang awam seperti saya semoga jkn semakin ke depan,2,Positif,MATCH,
3958,Sugiono Kangmas Jamboel,5,2026-08-13,"Pelayanan dan proses dari faskes pertama sampai dengan faskes selanjutnya mudah, lancar tanpa kendala yg berarti asal semua perlengkapan persyaratan sudah sesuai",pelayanan dan proses dari faskes pertama sampai dengan faskes selanjutnya mudah lancar tanpa kendala yang berarti asal semua perlengkapan persyaratan sudah sesuai,5,Positif,MATCH,
3959,Muhamad Ilham,5,2026-08-13,Sangat bermanfaat sekali,sangat bermanfaat sekali,3,Positif,MATCH,
3960,Asep Kurniadi,5,2026-08-13,bagus,bagus,2,Positif,MATCH,
3961,Ade Wibowo,1,2026-08-13,"apk minta update terus.. macam ada pembaharuan patch aj.. g pelayanan, apk sama-sama ribet",aplikasi minta update terus macam ada pembaharuan patch aj g pelayanan aplikasi sama-sama rumit,-2,Negatif,MATCH,
3962,Wa Sutini,1,2026-08-13,"Aplikasinya aneh, suka keluar sendiri dari akun yg katanya log in di device lain. Padahal hanya di akun ini aja. Lalu saat mau log in, sudah sesuai NIK dan password, tp selalu salah dan ga bisa log in. Akhirnya ganti password. Hal kyk gini sudah terjadi berkali-kali, tiap bulan malah.",aplikasinya aneh suka keluar sendiri dari akun yang katanya login in di device lain padahal hanya di akun ini aja lalu saat mau login in sudah sesuai nik dan password tapi selalu salah dan tidak bisa login in akhirnya ganti password hal kyk gini sudah terjadi berkali-kali tiap bulan malah,-1,Negatif,MATCH,
3963,Qmonx Syalala Rastaman,1,2026-08-13,aplikasi tolol keluar reset sendiri,aplikasi tolol keluar reset sendiri,0,Netral,MATCH,
3964,ismono ory,3,2026-08-13,kenapa ga kompatibel dengan perangkat saya,kenapa tidak kompatibel dengan perangkat saya,0,Netral,MATCH,
3965,Dian Arjuna,5,2026-08-13,memudahkan pendaftaran,memudahkan pendaftaran,3,Positif,MATCH,
3966,meilan anggraini9,1,2026-08-13,ganguan trus susah banget mau daftar dari jkn,ganguan terus sulit banget mau daftar dari jkn,-2.5,Negatif,MATCH,
3967,Jackson Gray,1,2026-08-13,"aplikasi apaan, mempersulit saja, kalau sudah ada kartu kenapa harus daftar sini lagi, udah gitu sms verifikasi no hp ga masuk"", aplikasi sampah, tujuan nya hanya untuk mempersulit orang untuk berobat",aplikasi apaan mempersulit saja kalau sudah ada kartu kenapa harus daftar sini lagi udah gitu sms verifikasi no hp tidak masuk aplikasi sampah tujuan nya hanya untuk mempersulit orang untuk berobat,-4,Negatif,MATCH,
3968,ekopurwanto damkar,5,2026-08-13,mudah,mudah,2.5,Positif,MATCH,
3969,Rusman Panggalo,5,2026-08-13,Aplikasi cepat dipelajari dan sangat bermanfaat. Terima kasih,aplikasi cepat dipelajari dan sangat bermanfaat terima kasih,7.5,Positif,MATCH,
3970,Supri Yatna,5,2026-08-13,sangat membantu,sangat membantu,3,Positif,MATCH,
3971,Saminem Mulia,1,2026-08-13,sampah,sampah,-4,Negatif,MATCH,
3972,aziza khusna,1,2026-08-13,tiba2 ke log out.. sdh update tp login lg gak bisa..,tiba2 ke login out sudah update tapi login lg tidak bisa,0,Netral,MATCH,
3973,Wahyu Di (Yudi),5,2026-08-13,mantap,mantap,3,Positif,MATCH,
3974,Pieeilaa,1,2026-08-13,ini yang bener aja saya mau daftar VERVIKASI nomer susah banget. maksimal 200detik dan melebihi itu kode katanya kadaluarsa. nunggu nya 1 jam an lebih. tolong di perbaiki dong astaga. susah banget dari kemarin,ini yang benar aja saya mau daftar vervikasi nomer sulit banget maksimal 200detik dan melebihi itu kode katanya kadaluarsa nunggu nya 1 jam an lebih tolong di perbaiki dong astaga sulit banget dari kemarin,-5,Negatif,MATCH,
3975,Eko Sugeng Winarno,1,2026-08-13,benar benar menyusahkan bpjs,benar benar menyusahkan bpjs,0,Netral,MATCH,
3976,yun anto,5,2026-08-13,semoga pelayanannya semakin okey,semoga pelayanannya semakin okey,0,Netral,MATCH,
3977,Qurniawati,1,2026-08-13,HP oppo F9 lama udh gk bisa pake mobile JKN versiy udh terlalu berat..buat daftar online berobat aj ko susah amat..,hp oppo f9 lama sudah tidak bisa pake mobile jkn versiy sudah terlalu berat buat daftar online berobat aj ko sulit amat,-4.5,Negatif,MATCH,
3978,Kaysia Smith,3,2026-08-13,"Bantu kak ,pas saya masukan nomor telepon untuk verifikasi tapi tidak ada pesan masuk kak,pas saya tanya ke pihak BPJS katanya harus diisi pulsa dulu, setelah saya isi dan coba lagi tetap ga bisa itu gimana caranya lagi ya kak mohon bantuannya kak 🙏",bantu kak pas saya masukan nomor telepon untuk verifikasi tapi tidak ada pesan masuk kak pas saya tanya ke pihak bpjs katanya harus diisi pulsa dulu setelah saya isi dan coba lagi tetap tidak bisa itu gimana caranya lagi ya kak mohon bantuannya kak,0,Netral,MATCH,
3979,Hay ani,5,2026-08-13,memudahkan pasien,memudahkan pasien,3,Positif,MATCH,
3980,imam hamdi,5,2026-08-13,sangat mudah dan membantu,sangat mudah dan membantu,5.5,Positif,MATCH,
3981,Andika putra,5,2026-08-13,sangat membantu aplikasi berfungsi dengan baik,sangat membantu aplikasi berfungsi dengan baik,5,Positif,MATCH,
3982,Dapoer Nino,1,2026-08-13,"buruuuk banget aplikasi ini, maaf. dari kemarin masuk ke aplikasi gak bisa. ambil nomer antrian untuk ke faskes lanjutan saja lewat jkn gagal terus. sudah 3 hari... bpjs maksudnya gimana? koq semakin sulit, bukanya semakin mudah",buruk banget aplikasi ini maaf dari kemarin masuk ke aplikasi tidak bisa ambil nomer antrean untuk ke faskes lanjutan saja lewat jkn gagal terus sudah 3 hari bpjs maksudnya gimana koq semakin sulit bukanya semakin mudah,-5.5,Negatif,MATCH,
3983,Ahmad Kursidin,5,2026-08-13,bagus,bagus,2,Positif,MATCH,
3984,Hamdika “Mansyur” Mansur,5,2026-08-13,sangat membantu dan praktis mudah di pahami,sangat membantu dan praktis mudah di pahami,8,Positif,MATCH,
3985,Enik Kusumadewi,5,2026-08-13,Dipermudah dalam hal layanan kesehatan,dipermudah dalam hal layanan kesehatan,0,Netral,MATCH,
3986,Sabransyah Amd,1,2026-08-13,"sudah di tuliskqn no hp namun menunggu sms untuk dapatkan otp gak dikirim kirim kode otpnya sangat mengecewakan, pemberitahuannya tidak dapat di proses silakam coba lagi udah berkali kali...",sudah di tuliskqn no hp namun menunggu sms untuk dapatkan otp tidak dikirim kirim kode otpnya sangat mengecewakan pemberitahuannya tidak dapat di proses silakam coba lagi udah berkali kali,0,Netral,MATCH,
3987,SEFTIAN RAHMADANI,2,2026-08-13,"mau bikin akun kok ribet banget ya, udah mana verifikasi wajah mirror miring gitu gabisa simetris, trus kode OTP lewat telepon juga nggak masuk2 padahal udah bener. semoga cepat berbenah",mau bikin akun kok rumit banget ya udah mana verifikasi wajah mirror miring gitu tidak bisa simetris terus kode otp lewat telepon juga tidak masuk2 padahal udah benar semoga cepat berbenah,0.5,Netral,MATCH,
3988,family kania,1,2026-08-13,runtah,runtah,0,Netral,MATCH,
3989,Canggih Jaya Perkasa,5,2026-08-13,josss gandhossss,jos gandhos,0,Netral,MATCH,
3990,Chery Boi,1,2026-08-13,tida rekomen,tida rekomen,2.5,Positif,MISMATCH_LOW_RATING,Salah klik rating / Human error (Isi ulasan berupa pujian murni)
3991,Roni Alfrando,1,2026-08-13,"aplikasi aneh, tiap mau daftar harus isi pulsa dulu buat dapat kode otp, belum lagi kode otp GK masuk masuk, padahal pulsa udah kesedot",aplikasi aneh tiap mau daftar harus isi pulsa dulu buat dapat kode otp belum lagi kode otp tidak masuk masuk padahal pulsa udah kesedot,0,Netral,MATCH,
3992,Amir. M,1,2026-08-13,"ribet ruibettt tenan. saya sdh perna unduh jkn dan menggunakan nomer hp yg sdh lama gak kepakai, tp memang benar benar sdh tidak bisa. sekarang saya harus memdaftarkan ibu saya yg sebelumnya berobat dan mendaftar sekarang harus pakai jkn. saat sy harus mendaftarkan dengan nomer saya tidak bisa karna nomer sdh perna digunakan. sedang ibu saya tidak punya nomer hp. apakah ibu saya mulai sekarang tidak lagi bisa berobat?? setiap hari mengeluh pusing karna sdh lama kena stroke dan hrs berobat jalan",rumit ruibet tenan saya sudah perna unduh jkn dan menggunakan nomer hp yang sudah lama tidak kepakai tapi memang benar benar sudah tidak bisa sekarang saya harus memdaftarkan ibu saya yang sebelumnya berobat dan mendaftar sekarang harus pakai jkn saat saya harus mendaftarkan dengan nomer saya tidak bisa karena nomer sudah perna digunakan sedang ibu saya tidak punya nomer hp apakah ibu saya mulai sekarang tidak lagi bisa berobat setiap hari mengeluh pusing karena sudah lama kena stroke dan hrs berobat jalan,-8,Negatif,MATCH,
3993,Ali Andhra,5,2026-08-13,"terima kasih buwat jkn pokonya,,the best",terima kasih buwat jkn pokonya the best,2,Positif,MATCH,
3994,Sutino Oo,5,2026-08-13,"mau daftar online ke paskes, gagal terus",mau daftar online ke paskes gagal terus,-2.5,Negatif,MISMATCH_HIGH_RATING,"Rating bintang tinggi (4-5), namun isi ulasan memuat kritik/keluhan tajam"
3995,Arif Arif,5,2026-08-13,Membantu berobat,membantu berobat,3,Positif,MATCH,
3996,syaepul bahri,5,2026-08-13,ok pokonya,ok pokonya,1.5,Positif,MATCH,
3997,Wisnu Wiranto,1,2026-08-13,Aplikasi sampah.,aplikasi sampah,-4,Negatif,MATCH,
3998,Septiana sri rizqi,5,2026-08-13,sangat di perlukan dan sangat membantu,sangat di perlukan dan sangat membantu,3,Positif,MATCH,
3999,Yahman,5,2026-08-13,mudah diakses 👍,mudah diakses,2.5,Positif,MATCH,
4000,dhea pradita,1,2026-08-13,"𝘢𝘯𝘫𝘪𝘪𝘪𝘳𝘳𝘳 𝘴𝘦𝘳𝘪𝘯𝘨 𝘦𝘳𝘳𝘰𝘳 𝘯𝘰𝘵𝘪𝘧𝘪𝘬𝘢𝘴𝘪 ""𝘮𝘰𝘣𝘪𝘭𝘦 𝘫𝘭𝘯 𝘮𝘰𝘨𝘰𝘬 𝘬𝘢𝘳𝘦𝘯𝘢 𝘢𝘭𝘢𝘴𝘢𝘯𝘯𝘺𝘢 𝘴𝘦𝘯𝘥𝘪𝘳𝘪, 𝘬𝘦𝘵𝘶𝘬 𝘯𝘰𝘵𝘪𝘧𝘪𝘬𝘢𝘴𝘪 𝘶𝘯𝘵𝘶𝘬 𝘱𝘦𝘮𝘣𝘢𝘩𝘢𝘳𝘶𝘢𝘯"" 𝘣𝘳𝘦𝘯𝘨𝘴𝘦𝘬",,0,Netral,MATCH,
4001,Nadya Stiara bella,2,2026-08-13,kenapa si apk nya aneh banget pas buka offline Mulu ga ada data katanya padahal pake wifi buka apk lain aman aman aja buka apk ini ga bisa terus heran,kenapa si aplikasi nya aneh banget pas buka offline terus tidak ada data katanya padahal pake wifi buka aplikasi lain aman aman aja buka aplikasi ini tidak bisa terus heran,4,Positif,MISMATCH_LOW_RATING,Salah klik rating / Human error (Isi ulasan berupa pujian murni)
4002,Julhairi 03,5,2026-08-13,bagus,bagus,2,Positif,MATCH,
4003,Muhammad habil,1,2026-08-13,"Jkn tolol, mau daftar malah offline jelas-jelas sinyal ku lancar",jkn tolol mau daftar malah offline jelas-jelas sinyal ku lancar,2.5,Positif,MISMATCH_LOW_RATING,Salah klik rating / Human error (Isi ulasan berupa pujian murni)
4004,Herlin Aimee,5,2026-08-13,helpfull,helpfull,0,Netral,MATCH,
4005,danang dian permana,5,2026-08-13,oke,oke,1.5,Positif,MATCH,
4006,Randi Ahmad,1,2026-08-13,"ini saya mau verif wajah susah bener, benerin lah",ini saya mau verif wajah sulit benar perbaiki lah,-2.5,Negatif,MATCH,
4007,Dila Adilaksitrini,5,2026-08-13,mudah digunakan,mudah digunakan,2.5,Positif,MATCH,
4008,Toddy Sidharta,5,2026-08-13,sangat membantu,sangat membantu,3,Positif,MATCH,
4009,Silfa Mobile,5,2026-08-13,"login pun susah, minta supaya di permudah cara login dan perubahan kata sandi agar tidak di persulit",login pun sulit minta supaya di permudah cara login dan perubahan kata sandi agar tidak di persulit,-2.5,Negatif,MISMATCH_HIGH_RATING,"Rating bintang tinggi (4-5), namun isi ulasan memuat kritik/keluhan tajam"
4010,Candra Idm,1,2026-08-13,error mulu ah...,error terus ah,-2.5,Negatif,MATCH,
4011,Akbar sulsel,5,2026-08-13,semoga lebih baik pagi,semoga lebih baik pagi,2,Positif,MATCH,
4012,Khomariyah,2,2026-08-13,"permintaan gk bsa diproses terus,aplikasi sering eror",permintaan tidak bsa diproses terus aplikasi sering error,-2.5,Negatif,MATCH,
4013,Edy ATas Awan,1,2026-08-13,"APLIKASINYA ANEH, DIBATASI 3 NIK DLM 1 HP CAPCA NYA SUSAH DIBACA & MENYULITKAN SEKALI",aplikasinya aneh dibatasi 3 nik dlm 1 hp capca nya sulit dibaca menyulitkan sekali,-2.5,Negatif,MATCH,
4014,Wahyu Wahyu,5,2026-08-13,"bismilah rakyak harus gratis berobat, pemerintah bisa, takbir...",bismilah rakyak harus gratis berobat pemerintah bisa takbir,0,Netral,MATCH,
4015,Pipit Girikarto,5,2026-08-13,memuaskan. menurut saya walpun menggunakan BPJS harus pelayanan jg harus optimal jangan di beda bedakan,memuaskan menurut saya walpun menggunakan bpjs harus pelayanan jg harus optimal jangan di beda bedakan,0,Netral,MATCH,
4016,nurhayati berasa,5,2026-08-13,bagus,bagus,2,Positif,MATCH,
4017,Aloysia N,1,2026-08-13,"kacau, kode otp udah 2 jam ga masuk masuk",kacau kode otp udah 2 jam tidak masuk masuk,0,Netral,MATCH,
4018,rio hentiriansyah,1,2026-08-13,"daftar ribet,harus pake verifikasi SMS dan potong pulsa dan verifikasi email lambat tidak dapat no verifikasi,,ribet pokoknya",daftar rumit harus pake verifikasi sms dan potong pulsa dan verifikasi email lambat tidak dapat no verifikasi rumit pokoknya,-6.5,Negatif,MATCH,
4019,Syahdila 2003,5,2026-08-13,mantap sangat membantu warga yg sedang membutuhkangoood🙏🙏🙏,mantap sangat membantu warga yang sedang membutuhkangod,6,Positif,MATCH,
4020,Perkasa Power,5,2026-08-13,"Bagus dan sangat membantu untuk melakukan reg apabila ingin berobat, terima kasih Mobile JKN pertahankan layanan baik ini",bagus dan sangat membantu untuk melakukan reg apabila ingin berobat terima kasih mobile jkn pertahankan layanan baik ini,9,Positif,MATCH,
4021,Saputra,4,2026-08-13,Lumanyan,lumanyan,0,Netral,MATCH,
4022,MurdY Hafiz9,5,2026-08-13,good,good,2,Positif,MATCH,
4023,Delima Sitohang,4,2026-08-13,penanganan cepat,penanganan cepat,2.5,Positif,MATCH,
4024,zahra kabil,5,2026-08-13,bagus sekali,bagus sekali,2,Positif,MATCH,
4025,Siska Tri Wulandari,5,2026-08-13,pelayanan memuaskan,pelayanan memuaskan,0,Netral,MATCH,
4026,CowBoys Channel,5,2026-08-13,belum pernah mengalami kendala,belum pernah mengalami kendala,0,Netral,MATCH,
4027,Putri Qoyyim,4,2026-08-13,kenapa di jkn tidak bisa terdaftar poli lebih dari 2 jika hanya rujuan 1 memudahkan pasien daftar online kan bagus,kenapa di jkn tidak bisa terdaftar poli lebih dari 2 jika hanya rujuan 1 memudahkan pasien daftar online kan bagus,5,Positif,MATCH,
4028,Franciska Kristi,5,2026-08-13,berharap aplikasi ini bisa mempermudah masyarakat luas dan bisa lancar dalam penggunaan nya,berharap aplikasi ini bisa mempermudah masyarakat luas dan bisa lancar dalam penggunaan nya,2.5,Positif,MATCH,
4029,Andri Sarwono,5,2026-08-13,good dan mudah,good dan mudah,4.5,Positif,MATCH,
4030,TASYA KIRANA GEMOY,5,2026-08-13,sangat membantu,sangat membantu,3,Positif,MATCH,
4031,Nana,4,2026-08-13,verifikasi lamban..,verifikasi lamban,0,Netral,MATCH,
4032,Eko Hari Prasetyo,1,2026-08-13,Aplikasi sering gangguan. Apalagi ketika ngambil nomor antrean secara online. Sering tidak terlihat sisa nomor antreannya. Mohon diperbaiki lagi aplikasinya agar mempermudah masyarakat yang ingin berobat,aplikasi sering gangguan apalagi ketika ngambil nomor antrean secara online sering tidak terlihat sisa nomor antreannya mohon diperbaiki lagi aplikasinya agar mempermudah masyarakat yang ingin berobat,0,Netral,MATCH,
4033,Eni Flavyou,1,2026-08-13,"jelek bgt njirrrr, mau daftar nungguin kode verifikasi ga muncul² stressss apk jelekkk bintang 1",buruk banget njir mau daftar nungguin kode verifikasi tidak muncul stres aplikasi buruk bintang 1,-6,Negatif,MATCH,
4034,Bram Widyatmoko,1,2026-08-13,ribet,rumit,-2,Negatif,MATCH,
4035,Aidha Adi,5,2026-08-13,puas banget,puas banget,3,Positif,MATCH,
4036,Erna Santika,5,2026-08-13,mantap,mantap,3,Positif,MATCH,
4037,Riyan Iksandar winata,1,2026-08-13,"sampah, gak bisa masuk ,offline ,",sampah tidak bisa masuk offline,-4,Negatif,MATCH,
4038,thenmust NT,5,2026-08-13,"awesome, it's quite friendly application",awesome it s quite friendly application,0,Netral,MATCH,
4039,Santi Laraswati,1,2026-08-13,gak jelas aplikasi nya malah nyusahin gak bantu sama sekali padahal baru buka jadwal ambil antrian masa langsung penuh terus eror terus,tidak jelas aplikasi nya malah nyusahin tidak bantu sama sekali padahal baru buka jadwal ambil antrean masa langsung penuh terus error terus,-3.85,Negatif,MATCH,
4040,Nayla Farrellyne,1,2026-08-13,"tolong ditingkatkan lagi sistem nya, saya hari ini ada kontrol tetapi jkn dari kemarin selalu bermasalah, entah transaksi gagal atau offline dll. menyulitkan",tolong ditingkatkan lagi sistem nya saya hari ini ada kontrol tetapi jkn dari kemarin selalu bermasalah entah transaksi gagal atau offline dll menyulitkan,-2.5,Negatif,MATCH,
4041,sari setyowati,1,2026-08-13,"Kode otp gak masuk padahal ada kuota dan pulsa diatas 25k. Pas mau daftar tulisannya eror offline padahal wifi lancar aja, bahkan buat main MLBB pun gak nge lag. Eror terus-terusan. Yang maintenance nya kayaknya gak bener, jadi kesel tiap mau daftar. Mana rumah sakit biasanya harus daftar di mobile jkn dulu",kode otp tidak masuk padahal ada kuota dan pulsa diatas 25k pas mau daftar tulisannya error offline padahal wifi lancar aja bahkan buat main mlbb pun tidak nge lag error terus-terusan yang maintenance nya kayaknya tidak benar jadi kesel tiap mau daftar mana rumah sakit biasanya harus daftar di mobile jkn dulu,-2.5,Negatif,MATCH,
4042,Sofyan Ruhana,5,2026-08-13,"Alhamdulillah, bagus dan sangat membantu... Makasih 🙏",alhamdulillah bagus dan sangat membantu makasih,7,Positif,MATCH,
4043,Luki Lukman Hakim,5,2026-08-13,sangat membantu sekali pokonamah love you sakebon,sangat membantu sekali pokonamah love you sakebon,6,Positif,MATCH,
4044,Ani 992,1,2026-08-13,"kode otp knpa nggk msuk2 si, udh coba sring daftar ttep aj mslah di kode otp, gmna solusinya ini",kode otp knpa nggk msuk2 si sudah coba sring daftar ttep aj mslah di kode otp gmna solusinya ini,0,Netral,MATCH,
4045,Muhammad ikmal,1,2026-08-13,nazis aplikasi nya kehapus eh pas mau download LG g bisa katanya perangkat tidak kompitibel,nazis aplikasi nya kehapus eh pas mau download lg g bisa katanya perangkat tidak kompitibel,0,Netral,MATCH,
4046,Faiz nadhim,1,2026-08-13,jelek ga bisa scaning wajah butuh lebih dari 5x DANN SEKARANG BELUM BISAB,buruk tidak bisa scaning wajah butuh lebih dari 5x dann sekarang belum bisab,-3,Negatif,MATCH,
4047,virgiawan listanto,2,2026-08-13,bener2 error.. gw udah resetvasi tapi no antrianya ga keluar,bener2 error gw udah resetvasi tapi no antrianya tidak keluar,-2.5,Negatif,MATCH,
4048,Umi Koriyah,5,2026-08-13,sangat membantu buat keluarga yang kurang mampu👍,sangat membantu buat keluarga yang kurang mampu,3,Positif,MATCH,
4049,andi wawantt,1,2026-08-12,"PERBAIKI, ERROR MULI",perbaiki error muli,-2.5,Negatif,MATCH,
4050,Dani Dani,1,2026-08-12,"apalah ini aplikasi gk jelas,malah gk bisa vermuk aneh",apalah ini aplikasi tidak jelas malah tidak bisa vermuk aneh,-1.35,Negatif,MATCH,
4051,Resti Rosita,5,2026-08-12,praktis,praktis,2.5,Positif,MATCH,
4052,Ansel Tangi,5,2026-08-12,bagus,bagus,2,Positif,MATCH,
4053,Feb,1,2026-08-12,"verifikasi no HP ditolak mulu pdhl udah ada pulsa,GJ bgt asli",verifikasi no hp ditolak terus pdhl udah ada pulsa gj banget asli,-2.5,Negatif,MATCH,
4054,Indra Acm,5,2026-08-12,Sangat membantu,sangat membantu,3,Positif,MATCH,
4055,Fesbuk Anyar,1,2026-08-12,aplikasi sampah. gagal terhubung ke server mulu,aplikasi sampah gagal terhubung ke server terus,-6.5,Negatif,MATCH,
4056,M.alihanafiah Ali,5,2026-08-12,trimakasih yg banyak atas pelayanan nya,trimakasih yang banyak atas pelayanan nya,0,Netral,MATCH,
4057,Akramayanti 87,5,2026-08-12,sangat memmudahkn,sangat memmudahkn,0,Netral,MATCH,
4058,Indra Dermawan,5,2026-08-12,fast respon,fast respon,0,Netral,MATCH,
4059,Yani Alwi,5,2026-08-12,cepat,cepat,2.5,Positif,MATCH,
4060,umar a yunani,1,2026-08-12,tidak bisa di gunakan,tidak bisa di gunakan,0,Netral,MATCH,
4061,Jeanne Sopia,5,2026-08-12,sangat membantu,sangat membantu,3,Positif,MATCH,
4062,Aji Dzikrillah,1,2026-08-12,"baru instal malah gk bisa dibuka, apk aneh",baru instal malah tidak bisa dibuka aplikasi aneh,0,Netral,MATCH,
4063,Haris mahessa,1,2026-08-12,saya anggota bpjs kesehatan aktif.kenapa bpjs kesehatan kalau di gunakan di luar paskes malah jadi bayar.padahal saya tiap bulannya bayar..trus data yang di gunakan juga malah data bpjs.tapi bayar,saya anggota bpjs kesehatan aktif kenapa bpjs kesehatan kalau di gunakan di luar paskes malah jadi bayar padahal saya tiap bulannya bayar terus data yang di gunakan juga malah data bpjs tapi bayar,0,Netral,MATCH,
4064,Ade Ramdani,5,2026-08-12,"Terima Kasih & Sangat Membantu Sekali, Terutama Untuk Saya & Keluarga Saya 🤓👍🙏",terima kasih sangat membantu sekali terutama untuk saya keluarga saya,5,Positif,MATCH,
4065,Mujiburrahman Viking,5,2026-08-12,keren berapa anggaran terliyun nya gampang saya berbca saja ini,keren berapa anggaran terliyun nya gampang saya berbca saja ini,2.5,Positif,MATCH,
4066,Lutfi Ramdhani,5,2026-08-12,Bagus sekali,bagus sekali,2,Positif,MATCH,
4067,Juminto Cakep,2,2026-08-12,Tidak bisa melihat riwayat pelayanan,tidak bisa melihat riwayat pelayanan,0,Netral,MATCH,
4068,Hobiku Hokiku,1,2026-08-12,"disuruh update apk ,eh di PS sudah tidak kompatible dg perangkat anda, nasip hp jadul, malah disuruh beli hp baru ....",disuruh update aplikasi eh di ps sudah tidak kompatible dg perangkat anda nasip hp jadul malah disuruh beli hp baru,0,Netral,MATCH,
4069,Sadih Imron,5,2026-08-12,sangat membantu dan proses cepat,sangat membantu dan proses cepat,5.5,Positif,MATCH,
4070,intan permata,5,2026-08-12,sangat berguna tapi sya tidak bisa mendownload nyaaaa,sangat berguna tapi sya tidak bisa mendownload nya,0,Netral,MATCH,
4071,Minak Ngabihi,5,2026-08-12,ok.. 💪,ok,1.5,Positif,MATCH,
4072,trisna arter,5,2026-08-12,bagus,bagus,2,Positif,MATCH,
4073,Hali Abdiyansyah,5,2026-08-12,terima kasih pelayanan mantap banget,terima kasih pelayanan mantap banget,5,Positif,MATCH,
4074,Nida Fauziyah,1,2026-08-12,"GABISA DAFTAR LOL, SMS GA MASUK MASUK",tidak bisa daftar lol sms tidak masuk masuk,0,Netral,MATCH,
4075,Hanum,1,2026-08-12,"aplikasi sering tidak stabil dan sll ada kendala,,",aplikasi sering tidak stabil dan sll ada kendala,0,Netral,MATCH,
4076,yenz kinan,5,2026-08-12,mempermudah pengobatan bpjs,mempermudah pengobatan bpjs,0,Netral,MATCH,
4077,Danu Bogle,1,2026-08-12,KECEWA SAAT PENDAFTARAN NOMOR SUDAH BENAR TAPI SELALU GAGAL!!! KACAU !!,kecewa saat pendaftaran nomor sudah benar tapi selalu gagal kacau,-5.5,Negatif,MATCH,
4078,Saipul Pajri,5,2026-08-12,pelayanan memuaskan,pelayanan memuaskan,0,Netral,MATCH,
4079,Febby Camelia,5,2026-08-12,sangat membantu,sangat membantu,3,Positif,MATCH,
4080,Dapoer Kulit,1,2026-08-12,"anda memaksa untuk autodebet, tetapi anda gagal dalam segala hal, baik dari administrasi, layanan, respon yang tanpa solusi. mengambil hak orang lain tetapi minim tanggung jawab. Di ketentuan Autodebet disebutkan bahwa ""jika ada keterlambatan pembayaran (denda) tetap ada. meskipun kesalahan dari bank"" lucu dengan kebijakan yang anda buat",anda memaksa untuk autodebet tetapi anda gagal dalam segala hal baik dari administrasi layanan respon yang tanpa solusi mengambil hak orang lain tetapi minim tanggung jawab di ketentuan autodebet disebutkan bahwa jika ada keterlambatan pembayaran denda tetap ada meskipun kesalahan dari bank lucu dengan kebijakan yang anda buat,-0.5,Netral,MATCH,
4081,Mawarni Barasa,5,2026-08-12,layanan oke,layanan oke,1.5,Positif,MATCH,
4082,Akbar Wildan,5,2026-08-12,memudahkan check kesehatan,memudahkan check kesehatan,3,Positif,MATCH,
4083,Khazhée,1,2026-08-12,"jujur sistem lupa sandinya busuk banget, gue lupa sandi dan gk tau cara loginnya sekarang. mana perbulan gua udah bayar tapi endingnya disuruh login",jujur sistem lupa sandinya busuk banget gue lupa sandi dan tidak tau cara loginnya sekarang mana perbulan gua udah bayar tapi endingnya disuruh login,0,Netral,MATCH,
4084,Imas S R,1,2026-08-12,"makin kesini makin buruk aja ,susah bgt mau daftar online juga makin gak ngerti sama aplikasi ini tolong lah untuk di perbaiki ,kasian yg mau kontrol ke rumah sakit susah dftarnya",makin kesini makin buruk aja sulit banget mau daftar online juga makin tidak ngerti sama aplikasi ini tolong lah untuk di perbaiki kasian yang mau kontrol ke rumah sakit sulit dftarnya,-8,Negatif,MATCH,
4085,Sjamsuddin Lubis,5,2026-08-12,memudahkan utk pendaftaran dan pindah faskes,memudahkan untuk pendaftaran dan pindah faskes,3,Positif,MATCH,
4086,Reni Hungkul,5,2026-08-12,JKN Mantaappp,jkn mantaap,0,Netral,MATCH,
4087,Feri saputra,1,2026-08-12,eror terus kalo ambil antrean.,error terus kalo ambil antrean,-2.5,Negatif,MATCH,
4088,Oji Rojidin,5,2026-08-12,sangat membantu,sangat membantu,3,Positif,MATCH,
4089,Ziyad Akbar,5,2026-08-12,bagus,bagus,2,Positif,MATCH,
4090,Nur Komari,5,2026-08-12,"sejalk dapat jkn alkhamdulillah sangat membantu kami sekeluarga,trimakasih pemerintah indonesia",sejalk dapat jkn alkhamdulillah sangat membantu kami sekeluarga trimakasih pemerintah indonesia,3,Positif,MATCH,
4091,Ardanu Ash,1,2026-08-12,OTP kok pulsa sendiri? Aku pakai Gojek ataupun aplikasi lainnya ga pake pulsa deh,otp kok pulsa sendiri aku pakai gojek ataupun aplikasi lainnya tidak pake pulsa deh,0,Netral,MATCH,
4092,Thoriq Ijlal panuju,1,2026-08-12,aplikasi tolol bikin ribet daftar jg ribet lama lagi,aplikasi tolol bikin rumit daftar jg rumit lama lagi,-6,Negatif,MATCH,
4093,Djon Ardjuna Potto,5,2026-08-12,Mudah di pahami terimakasih 🙏🙏,mudah di pahami terimakasih,2.5,Positif,MATCH,
4094,Dendi Ridwan,5,2026-08-12,sangat membantu dan mudah di pahami,sangat membantu dan mudah di pahami,5.5,Positif,MATCH,
4095,Lukman Hakim,5,2026-08-12,sangat mudah,sangat mudah,2.5,Positif,MATCH,
4096,siti embar juharianti,5,2026-08-12,aplikasi sangat bermanfaat,aplikasi sangat bermanfaat,3,Positif,MATCH,
4097,Tia Yupita sari,5,2026-08-12,saaayaaa gak bisaa login ini gimna cb,saya tidak bisaa login ini gimna cb,0,Netral,MATCH,
4098,naura anjani,5,2026-08-12,alhamdulillah,alhamdulillah,0,Netral,MATCH,
4099,Dinda Larasati,3,2026-08-12,"BENERIN DLU DEH APLIKASI LU, BPJS JUGA BAYAR YAA, MASA KAYA BEGINI ANJIR",perbaiki dlu deh aplikasi lu bpjs juga bayar yaa masa kaya begini anjir,0,Netral,MATCH,
4100,Infinix Infinix,5,2026-08-12,mantap cepat,mantap cepat,5.5,Positif,MATCH,
4101,Muhammad,5,2026-08-12,lumanyan baik,lumanyan baik,2,Positif,MATCH,
4102,Daeeenk Zahin,5,2026-08-12,ok mi,ok mi,1.5,Positif,MATCH,
4103,Shushui,3,2026-08-12,kenapa telat bayar BPJS untuk denda tidak dimunculkan melainkan pada saat setelah bayar BPJS dan mau rawat inap baru diminta rumah sakit.,kenapa telat bayar bpjs untuk denda tidak dimunculkan melainkan pada saat setelah bayar bpjs dan mau rawat inap baru diminta rumah sakit,0,Netral,MATCH,
4104,vergil dmc,3,2026-08-12,ketika saya mendaftar saat masukan nomer hp. knpa . ada keterangan permintaan anda belum dapat di proses silahkan mencoba lagi. sudah di coba 5x dapet keterangan yg sama. tanpa ada penjelasan penyebabnya apa.,ketika saya mendaftar saat masukan nomer hp knpa ada keterangan permintaan anda belum dapat di proses silahkan mencoba lagi sudah di coba 5x dapet keterangan yang sama tanpa ada penjelasan penyebabnya apa,0,Netral,MATCH,
4105,Wisnu Uu,5,2026-08-12,proses nya mudah,proses nya mudah,2.5,Positif,MATCH,
4106,Nur Hidayat,5,2026-08-12,sangat membantu saya terimakasih,sangat membantu saya terimakasih,3,Positif,MATCH,
4107,Mustahidin,4,2026-08-12,cukup gampang dalam setiap proses nya,cukup gampang dalam setiap proses nya,0,Netral,MATCH,
4108,Adilah Mentari,5,2026-08-12,Semoga semakin maju dan berkembang,semoga semakin maju dan berkembang,0,Netral,MATCH,
4109,Alvin Aprilio,5,2026-08-12,sangat bagus,sangat bagus,2,Positif,MATCH,
4110,Dapur Omay,5,2026-08-12,"selalu puas dengan aplikasi ini, good bgt",selalu puas dengan aplikasi ini good banget,5,Positif,MATCH,
4111,Abi Pkp,1,2026-08-12,"aplikasi sampah menyusahkan masyarakat,masa udh daftar ga bisa masuk hanya karna auto debit kan aneh emang hidup di Indonesia ini memang Sengsara",aplikasi sampah menyusahkan masyarakat masa sudah daftar tidak bisa masuk hanya karena auto debit kan aneh emang hidup di indonesia ini memang sengsara,-4,Negatif,MATCH,
4112,Deni Sopiyan,5,2026-08-12,Terima kasih atas kecepatan pelayanan dan informasinya,terima kasih atas kecepatan pelayanan dan informasinya,2,Positif,MATCH,
4113,Oman Haikal,1,2026-08-12,nih aplikasi ribet bnget cuma mau masuk juga,nih aplikasi rumit bnget cuma mau masuk juga,-2,Negatif,MATCH,
4114,Lukhi Muristha,1,2026-08-12,"diminta update tetapi tidak compatible, minimal android 8, ini android 9 tidak bisa.",diminta update tetapi tidak compatible minimal android 8 ini android 9 tidak bisa,0,Netral,MATCH,
4115,Teten Santana,2,2026-08-12,knp aplikasi jkn mobil sy tdk bisa di gunakan lagi di hp sy..tp pas di coba hp yg lain bisa log in...?,knp aplikasi jkn mobil saya tidak bisa di gunakan lagi di hp saya tapi pas di coba hp yang lain bisa login in,0,Netral,MATCH,
4116,Melinda Gustina Prj,5,2026-08-12,luar biasa,luar biasa,0,Netral,MATCH,
4117,Muhamad Ilham,4,2026-08-12,"min tolong dong, terkendala engga bisa verivikasi nomer, jadi engga bisa ngajuin perawatan lanjut",min tolong dong terkendala engga bisa verivikasi nomer jadi engga bisa ngajuin perawatan lanjut,0,Netral,MATCH,
4118,Rudi Hairudin,1,2026-08-12,knapa kok saat sy mau buka apl jkn kok layar nya jadi gelap begini ga bisa kebuka sy kira di semua apl ga tau nya cuma apl jkn aja yg gelap ga bisa ke buka,knapa kok saat saya mau buka apl jkn kok layar nya jadi gelap begini tidak bisa kebuka saya kira di semua apl tidak tau nya cuma apl jkn aja yang gelap tidak bisa ke buka,0,Netral,MATCH,
4119,riyadi ahmad,5,2026-08-12,sangat membantu terimakasih 🙏,sangat membantu terimakasih,3,Positif,MATCH,
4120,Ridho Atel,5,2026-08-12,terima kasih jkn sangat mudah sekali untuk melakukan perubaha data peserta,terima kasih jkn sangat mudah sekali untuk melakukan perubaha data peserta,4.5,Positif,MATCH,
4121,nur pais,4,2026-08-12,sangat mudah dan aman,sangat mudah dan aman,4.5,Positif,MATCH,
4122,Muhammad Affan Akbar,5,2026-08-12,Terbaik,terbaik,3,Positif,MATCH,
4123,Azka Ardan,5,2026-08-12,sangat membantu,sangat membantu,3,Positif,MATCH,
4124,Ignasius Mmboja,5,2026-08-12,goood ku suka semua bisa d akses dngan mudah,god ku suka semua bisa d akses dngan mudah,4.5,Positif,MATCH,
4125,bayu prasetiyo,1,2026-08-12,"mau daftar akun, tapigk bisa2.. suruh kirim kode verifikasi tapi gk ada kiriman kode dari BPJS di SMS maupun email. gimana siiiii?",mau daftar akun tapigk bisa2 suruh kirim kode verifikasi tapi tidak ada kiriman kode dari bpjs di sms maupun email gimana si,0,Netral,MATCH,
4126,Agung Suryana,2,2026-08-12,apk sampah,aplikasi sampah,-4,Negatif,MATCH,
4127,Chanra Ihsan,1,2026-08-12,katanya aplikasi layanan tapi mau verifikasi doang susah,katanya aplikasi layanan tapi mau verifikasi doang sulit,-2.5,Negatif,MATCH,
4128,Samidi Prabu,5,2026-08-12,Sangat membantu,sangat membantu,3,Positif,MATCH,
4129,Pio yuharistian HSB,5,2026-08-12,bagus mudah dan praktis....lebih baik lg,bagus mudah dan praktis lebih baik lg,9,Positif,MATCH,
4130,Yohanes Mh,5,2026-08-12,baik,baik,2,Positif,MATCH,
4131,Karnali,1,2026-08-12,"aplikasi yang sangat menyusahkan, aplikasi segala offline buat berobat, giliran cicilan nunggak grecep banget",aplikasi yang sangat menyusahkan aplikasi segala offline buat berobat giliran cicilan nunggak grecep banget,0,Netral,MATCH,
4132,eva mutia,5,2026-08-12,mudah dan cepat,mudah dan cepat,5,Positif,MATCH,
4133,Alawiyah Alawiyah,5,2026-08-12,mantap,mantap,3,Positif,MATCH,
4134,Yoike dhaniel Sunaga,5,2026-08-12,lebih simple,lebih simple,0,Netral,MATCH,
4135,Muhammad Zaky,1,2026-08-12,"aplikasi cacat, saya mau daftar jkn terlalu lama kali menunggu kode otp nomor hp, terlalu sudah ada 2 jam lebih menunggu kode otp muncul tapi tidak ada padahal no nya betul, jadi kedepannya apk di perbaiki masalah kode otp nya jangan terlalu lama kasian orang yg mau mendaftar",aplikasi cacat saya mau daftar jkn terlalu lama kali menunggu kode otp nomor hp terlalu sudah ada 2 jam lebih menunggu kode otp muncul tapi tidak ada padahal no nya betul jadi kedepannya aplikasi di perbaiki masalah kode otp nya jangan terlalu lama kasian orang yang mau mendaftar,-1,Negatif,MATCH,
4136,Vina Zahrotur,1,2026-08-12,"aplikasi ga jelas. sudah masuk aplikasi, tulisannya ""anda sedang offline"" terus. percuma download",aplikasi tidak jelas sudah masuk aplikasi tulisannya anda sedang offline terus percuma download,-1.35,Negatif,MATCH,
4137,Muhlis Dj,5,2026-08-12,good job,good job,2,Positif,MATCH,
4138,Alvin Septian Lubis,1,2026-08-12,kode OTP verifikasi ga masuk masuk,kode otp verifikasi tidak masuk masuk,0,Netral,MATCH,
4139,Engkos Kusnandar,1,2026-08-12,"app ga guna, daftar online ga bisa trs",aplikasi tidak guna daftar online tidak bisa terus,0,Netral,MATCH,
4140,Kopi Legit,5,2026-08-12,bagus,bagus,2,Positif,MATCH,
4141,Ronalia Maria,1,2026-08-12,aplikasi nya gangguan terus sudah 1bulan lbh ini setiap mau masuk engga bisa... sudah coba di uninstall dan download lg masih saja sama ga bisa masuk. mohon di perbaiki,aplikasi nya gangguan terus sudah 1bulan lbh ini setiap mau masuk engga bisa sudah coba di uninstall dan download lg masih saja sama tidak bisa masuk mohon di perbaiki,0,Netral,MATCH,
4142,Zainal Nurul,5,2026-08-12,sangat membantu masyarakat trimakasih apk mobile jkn,sangat membantu masyarakat trimakasih aplikasi mobile jkn,3,Positif,MATCH,
4143,Ekadoell id,5,2026-08-12,sangat membantu,sangat membantu,3,Positif,MATCH,
4144,erikrafa,5,2026-08-12,membantu😍,membantu,3,Positif,MATCH,
4145,Deni Alamsyah,5,2026-08-12,okee,okee,0,Netral,MATCH,
4146,Sri Harsasih,5,2026-08-12,mudah dan cepat,mudah dan cepat,5,Positif,MATCH,
4147,Joni Mawardi,5,2026-08-12,aplikasi mudah dan simpel,aplikasi mudah dan simpel,2.5,Positif,MATCH,
4148,Ay Loeges,1,2026-08-12,dari kemarin gak bisa login mau daftar antrian paskek woooyyy,dari kemarin tidak bisa login mau daftar antrean paskek woy,0,Netral,MATCH,
4149,Hartatik Hartatik,1,2026-08-12,"Aplikasi blom layak,, masak verifikasi bisa nyampe 300 detik, dan ga ada notifikasi pesan muncul, YAKIN LADANG KORUPSI UJUNG UJUNGNYA",aplikasi belum layak masak verifikasi bisa nyampe 300 detik dan tidak ada notifikasi pesan muncul yakin ladang korupsi ujung ujungnya,0,Netral,MATCH,
4150,Ghosts Riders88,5,2026-08-12,"mempermudah untuk kita yg sibuk,terus tingkatkan",mempermudah untuk kita yang sibuk terus tingkatkan,0,Netral,MATCH,
4151,Rah Ma Wan,1,2026-08-12,"mau daftar antrian online ke faskes pertama, trus ada bacaan belum ada riwayat medis yg terdaftar intinya apakah mau daftar, klik setuju, udah d klikk, balik lagi kesituu, trus aja muter disitu teruss.. jadi gmana mau ambil antrian online ini",mau daftar antrean online ke faskes pertama terus ada bacaan belum ada riwayat medis yang terdaftar intinya apakah mau daftar klik setuju udah d klikk balik lagi kesituu terus aja muter disitu teruss jadi gmana mau ambil antrean online ini,0,Netral,MATCH,
4152,Emmanuella Clarissa,5,2026-08-12,sangat membantu dalam mengurus data-data bpjs,sangat membantu dalam mengurus data-data bpjs,3,Positif,MATCH,
4153,Nothing 01,1,2026-08-12,"Selalu tidak dapat memproses permintaan untuk memverifikasi no handphone untuk mengganti password, padahal saya lupa password tapi malah dipersulit seperti ini. Kepada Pihak Mobile JKN mohon segera diperbaiki karena ini bisa saja menyulitkan pengguna mobile JKN yang lain :)",selalu tidak dapat memproses permintaan untuk memverifikasi no handphone untuk mengganti password padahal saya lupa password tapi malah dipersulit seperti ini kepada pihak mobile jkn mohon segera diperbaiki karena ini bisa saja menyulitkan pengguna mobile jkn yang lain,-3.5,Negatif,MATCH,
4154,alifudin,5,2026-08-12,good,good,2,Positif,MATCH,
4155,Arsad 354,5,2026-08-12,"MOHON SISTEM NYA SEGERAH DI BENAHI, PADAHAL RUJUKAN BELUM HABIS MASA BERLAKU DAN TANGGAL KONTROL PUN SUDAH DI TENTUKAN DARI PIHAK RUMAHSAKIT TAPI KENAPA DI SAAT SAYA MENGAMBIL ANTRIAN SELALU ""SURAT KONTROL TIDAK DI TEMUKAN"" KARENA DARI PIHAK RUMAHSAKIT JUGA MENGELUHKAN APLIKASI INI SERING EROR SAMPAI SAYA DI ANJURKAN UNTUK MENDAFTAR MENGGUNAKAN APLIKASI DARI RUMAHSAKIT TOLONG SEGERA ADA PENINJAUAN DAN PERUBAHAN, INI APLIKASI UNTUK LAYANAN KESEHATAN BUKAN APLIKASI UNTUK HIBURAN !!!",mohon sistem nya segerah di benahi padahal rujukan belum habis masa berlaku dan tanggal kontrol pun sudah di tentukan dari pihak rumahsakit tapi kenapa di saat saya mengambil antrean selalu surat kontrol tidak di temukan karena dari pihak rumahsakit juga mengeluhkan aplikasi ini sering error sampai saya di anjurkan untuk mendaftar menggunakan aplikasi dari rumahsakit tolong segera ada peninjauan dan perubahan ini aplikasi untuk layanan kesehatan bukan aplikasi untuk hiburan,-2.5,Negatif,MISMATCH_HIGH_RATING,"Rating bintang tinggi (4-5), namun isi ulasan memuat kritik/keluhan tajam"
4156,jouli aurel,1,2026-08-12,"jahat sumpah aplikasi gajelas, kalau udah verif di awal kenapa harus ganti nomor dan email? disaat urgent malah ngerepotin.",jahat sumpah aplikasi gajelas kalau udah verif di awal kenapa harus ganti nomor dan email disaat urgent malah ngerepotin,0,Netral,MATCH,
4157,Agus Nugroho,5,2026-08-12,mudah cepat,mudah cepat,5,Positif,MATCH,
4158,Nur Insan,1,2026-08-12,aplikasi bodol,aplikasi bodol,0,Netral,MATCH,
4159,laode asrajudin,5,2026-08-12,sangat luar biasa,sangat luar biasa,0,Netral,MATCH,
4160,Sayyidah Libra,1,2026-08-12,kurang bagus apk nya,kurang bagus aplikasi nya,-1.8,Negatif,MATCH,
4161,NUR KHOLIFAH,1,2026-08-12,hp lama nggak bisa buat download aplikasi ini. padahal kalau berobat harus pakai aplikasi ini.,hp lama tidak bisa buat download aplikasi ini padahal kalau berobat harus pakai aplikasi ini,-2,Negatif,MATCH,
4162,Guntur Utomo Putro,3,2026-08-12,"mempersulit pendaftaran, dibuka loading terus",mempersulit pendaftaran dibuka loading terus,0,Netral,MATCH,
4163,Rahma Jamaluddin,1,2026-08-12,aplikasi ini nyusahin pasien dan keluarga,aplikasi ini nyusahin pasien dan keluarga,0,Netral,MATCH,
4164,sri wahyuni,5,2026-08-12,tingkatkam lgi pelayanan biar lebih bagus,tingkatkam lgi pelayanan biar lebih bagus,2,Positif,MATCH,
4165,gun faiz,5,2026-08-12,Mobile JKN mantap 👍,mobile jkn mantap,3,Positif,MATCH,
4166,Beni Apriadi,5,2026-08-12,oke,oke,1.5,Positif,MATCH,
4167,friska abelia,5,2026-08-11,mantap,mantap,3,Positif,MATCH,
4168,Dafit Russel,4,2026-08-11,semoga aplikasi kesehatan ini lebih mudah di akses,semoga aplikasi kesehatan ini lebih mudah di akses,2.5,Positif,MATCH,
4169,Air Studio,1,2026-08-11,"padahal banyak yang kasih rating buruk tapi gak ada perbaikan?? saran/kritik tolong direspon bijak : 1) keluhan umum, tolong perbaikin sistem login/logout agar lebih mudah dan cepat. 2) aturan BPJS tidak memperbolehkan seorang pasien mengaktifkan dua surat rujukan online karena resiko berobat di hari yg sama kenapa membuat pasien jadi harus daftar manual..!? kedua kendala tsb diatas tidak bisa diatasi karena tenaga programer apk masih lemot, jadi tolong diperbaiki, rekrut programer yang handal.",padahal banyak yang kasih rating buruk tapi tidak ada perbaikan saran kritik tolong direspon bijak 1 keluhan umum tolong perbaiki sistem login logout agar lebih mudah dan cepat 2 aturan bpjs tidak memperbolehkan seorang pasien mengaktifkan dua surat rujukan online karena resiko berobat di hari yang sama kenapa membuat pasien jadi harus daftar manual kedua kendala tsb diatas tidak bisa diatasi karena tenaga programer aplikasi masih lambat jadi tolong diperbaiki rekrut programer yang handal,-0.5,Netral,MATCH,
4170,Saya Ogik,5,2026-08-11,mantap,mantap,3,Positif,MATCH,
4171,asferry irawan,1,2026-08-11,"Iuran telat dikejar kejar harus bayar denda, skrg mau daftar aja gak bisa bisa, bagaimana jadinya buat yang sakit butuh penanganan cepat",iuran telat dikejar kejar harus bayar denda sekarang mau daftar aja tidak bisa bisa bagaimana jadinya buat yang sakit butuh penanganan cepat,2.5,Positif,MISMATCH_LOW_RATING,Salah klik rating / Human error (Isi ulasan berupa pujian murni)
4172,Irvan Dianto,5,2026-08-11,sangat membantu mempermudah urusan,sangat membantu mempermudah urusan,3,Positif,MATCH,
4173,Kacong Ge oge,2,2026-08-11,"data nyala, tapi ternyata tidaj masuk ada notif kalo offline",data nyala tapi ternyata tidaj masuk ada notif kalo offline,0,Netral,MATCH,
4174,Dani Setiawan,3,2026-08-11,setelah priksa info riwayat pelayanan tidak langsung keluar padahal sangat dibutuhkan untuk surat ijin kerja,setelah priksa info riwayat pelayanan tidak langsung keluar padahal sangat dibutuhkan untuk surat ijin kerja,0,Netral,MATCH,
4175,bengak nian,5,2026-08-11,akhirnya data perubahan terkirim.terima kasih Mobile JKN.,akhirnya data perubahan terkirim terima kasih mobile jkn,2,Positif,MATCH,
4176,ADra 77,4,2026-08-11,lumayan,lumayan,0,Netral,MATCH,
4177,Budi Santoso,5,2026-08-11,bagus,bagus,2,Positif,MATCH,
4178,deni aliansyah,5,2026-08-11,tdk bisa di upgrd,tidak bisa di upgrd,0,Netral,MATCH,
4179,Mimi Ratnawati,3,2026-08-11,"saya merasa terbantu,dan mempermudah juga efesien waktu tunggu. terimakasih",saya merasa terbantu dan mempermudah juga efesien waktu tunggu terimakasih,0,Netral,MATCH,
4180,MARSHALL D. TEACH,1,2026-08-11,makin oncom nih aplikasi perintah??? nik udah bener nggak bisa masuk masuk login.. nyusahin,makin oncom nih aplikasi perintah nik udah benar tidak bisa masuk masuk login nyusahin,0,Netral,MATCH,
4181,cakmif gresik,1,2026-08-11,Tolong aplikasi mobil JKN Kenapa Tidak bisa di instal di android versi 8.1.0 ???,tolong aplikasi mobil jkn kenapa tidak bisa di instal di android versi 8 1 0,0,Netral,MATCH,
4182,Siti Nurjanah,1,2026-08-11,TIDAK BISA DI INSTAL DI ANDROID 8.1.0 😭😭😭😭,tidak bisa di instal di android 8 1 0,0,Netral,MATCH,
4183,RAMA FERIDANSYAH,1,2026-08-11,gak jelas aplikasi ya,tidak jelas aplikasi ya,-1.35,Negatif,MATCH,
4184,Azizah Pratama,1,2026-08-11,login aj susah suwek,login aj sulit suwek,-2.5,Negatif,MATCH,
4185,Irham Nayra,5,2026-08-11,samgat membantu dari pemerintah,samgat membantu dari pemerintah,3,Positif,MATCH,
4186,Muhammad Yunus,5,2026-08-11,terimakasih jkn,terimakasih jkn,0,Netral,MATCH,
4187,Candra Kirana Siahaan,1,2026-08-11,"kode otp tidak diberikan, padahal nomor sudah benar",kode otp tidak diberikan padahal nomor sudah benar,0,Netral,MATCH,
4188,Yanti Yanti,1,2026-08-11,perbaiki sms kode otp no hp nya,perbaiki sms kode otp no hp nya,0,Netral,MATCH,
4189,Muthoharoh Mut29,5,2026-08-11,sejauh ini puas dengan pelayananya,sejauh ini puas dengan pelayananya,3,Positif,MATCH,
4190,Alwan Sujatmiko,5,2026-08-11,sangat membantu,sangat membantu,3,Positif,MATCH,
4191,Rian seleksi,5,2026-08-11,bermanfaat program jokowi ini,bermanfaat program jokowi ini,3,Positif,MATCH,
4192,Abu Syamil,5,2026-08-11,praktis,praktis,2.5,Positif,MATCH,
4193,Marhan Erwansyah,1,2026-08-11,"masa baru bekas operasi diwajah disuruh senyum buat verifikasi foto , tolong difikir lagi kalo cuma minta foto real time bisa tapi kalo buat yg sakit wajah atau yg wajah nya ga bisa digerakin gimana , kalo bikin verifikasi lebih dipikir kan kondisi pasien yg habis operasi dong!",masa baru bekas operasi diwajah disuruh senyum buat verifikasi foto tolong difikir lagi kalo cuma minta foto real time bisa tapi kalo buat yang sakit wajah atau yang wajah nya tidak bisa digerakin gimana kalo bikin verifikasi lebih dipikir kan kondisi pasien yang habis operasi dong,0,Netral,MATCH,
4194,Uwes,1,2026-08-11,"aplikasi bodong bodong g bisa daptar, cuma sampah.",aplikasi bodong bodong g bisa daptar cuma sampah,-4,Negatif,MATCH,
4195,Muh. Taufiq,5,2026-08-11,mantap,mantap,3,Positif,MATCH,
4196,Glenn Nugroz,1,2026-08-11,Ini saya daritadi mau log-in aja susah banget. Error-error aja. Udah mah sekarang kalo kontrol kudu pake aplikasi ini buat daftarnya. Saya harus gimana coba? Minimal perbaiki sistemnya dulu sebelum di implementasikan. Bobrok banget.,ini saya daritadi mau log-in aja sulit banget error-error aja udah mah sekarang kalo kontrol kudu pake aplikasi ini buat daftarnya saya harus gimana coba minimal perbaiki sistemnya dulu sebelum di implementasikan bobrok banget,-2.5,Negatif,MATCH,
4197,Lonelly Game,1,2026-08-11,"aplikasinya ribet, gagal mulu verifikasi, ngurangin pulsa terus tapi gagal mulu, sangat jelek dan tidak praktis, lupa pasword mau ganti juga harus pakai pulsa, tapi gagal mulu, sangat kecewa",aplikasinya rumit gagal terus verifikasi ngurangin pulsa terus tapi gagal terus sangat buruk dan tidak praktis lupa pasword mau ganti juga harus pakai pulsa tapi gagal terus sangat kecewa,-17.75,Negatif,MATCH,
4198,Fandi Aja,1,2026-08-11,"buruk apk gak guna apaan dah sandi dah bener masak kagak bisa masuk, padahal sandi dll semua dah ku foto masih saja kagak bisa masuk 👎👎👎👎👎👎",buruk aplikasi tidak guna apaan dah sandi dah benar masak kagak bisa masuk padahal sandi dll semua dah ku foto masih saja kagak bisa masuk,-3,Negatif,MATCH,
4199,Tommy Widasmara,5,2026-08-11,mudah digunakan dan tidak rumit,mudah digunakan dan tidak rumit,3.5,Positif,MATCH,
4200,Min Yati,5,2026-08-11,👍👍👍,,0,Netral,MATCH,
4201,Abdaul Unsha Amanah98,5,2026-08-11,terimakasih sangat membantu,terimakasih sangat membantu,3,Positif,MATCH,
4202,mori shima,1,2026-08-11,login aja susah bener,login aja sulit benar,-2.5,Negatif,MATCH,
4203,Yusup Komarudin,5,2026-08-11,nice,nice,2,Positif,MATCH,
4204,Rais Septiana,1,2026-08-11,tidak bisa menggunakan kamera blakan harusnya ada karena kalau anak kecil mau daptar susah kalau suruh selvi,tidak bisa menggunakan kamera blakan harusnya ada karena kalau anak kecil mau daptar sulit kalau suruh selvi,-2.5,Negatif,MATCH,
4205,Diva Alvionita,1,2026-08-11,"aplikasi rusak, tiap mao daftar antrian gabisa, niat mao mempermudah malah mempersulit",aplikasi rusak tiap mao daftar antrean tidak bisa niat mao mempermudah malah mempersulit,-3,Negatif,MATCH,
4206,Muhamad Aswin,4,2026-08-11,bagus dan bermanfaat,bagus dan bermanfaat,5,Positif,MATCH,
4207,anisah sahaja,5,2026-08-11,"aplikasi lancar, mudah digunakan",aplikasi lancar mudah digunakan,5,Positif,MATCH,
4208,Keysha Putrikudriah,5,2026-08-11,"mudah di gunakan ,semoga kedepan nya untuk perubahan data di permudah",mudah di gunakan semoga kedepan nya untuk perubahan data di permudah,2.5,Positif,MATCH,
4209,Ridul Ridul,1,2026-08-11,kode otp SMS GK masuk² padahal kartunya masih aktif...tolong di perbaiki sistemnya,kode otp sms tidak masuk padahal kartunya masih aktif tolong di perbaiki sistemnya,0,Netral,MATCH,
4210,Ajik Pratama,5,2026-08-11,bagus,bagus,2,Positif,MATCH,
4211,Aziz Munif,5,2026-08-11,Moga tambah baik,moga tambah baik,2,Positif,MATCH,
4212,Putri Wulandari,5,2026-08-11,bagus,bagus,2,Positif,MATCH,
4213,Imas Imas,5,2026-08-11,sangat luar bisa,sangat luar bisa,0,Netral,MATCH,
4214,Sigit Yoga,5,2026-08-11,good,good,2,Positif,MATCH,
4215,Turzyin Zyin,5,2026-08-11,ok,ok,1.5,Positif,MATCH,
4216,Fakhrur Rozi,5,2026-08-11,Memudahkan Pelayanan Peserta JKN.,memudahkan pelayanan peserta jkn,3,Positif,MATCH,
4217,Joko Budi,5,2026-08-11,siippp,siip,0,Netral,MATCH,
4218,shakila zalfa02,2,2026-08-11,"susah nya minta ampun mau daftar faskes 1 aja, padahal sudah jelas jadwal dokter nya tp ga bisa"" ambil antrian online..payah",sulit nya minta ampun mau daftar faskes 1 aja padahal sudah jelas jadwal dokter nya tapi tidak bisa ambil antrean online payah,-4,Negatif,MATCH,
4219,Febri Nggir pramono,5,2026-08-11,sangat berguna dlm memgantri,sangat berguna dlm memgantri,0,Netral,MATCH,
4220,Tuan Shelby,5,2026-08-11,Mungkin bisa di perbaiki karena sering eror,mungkin bisa di perbaiki karena sering error,-2.5,Negatif,MISMATCH_HIGH_RATING,"Rating bintang tinggi (4-5), namun isi ulasan memuat kritik/keluhan tajam"
4221,Dewi Fatmawati,3,2026-08-11,kenapa sih tiap mau log in gagal terus tolong dong perbaiki!!!,kenapa sih tiap mau login in gagal terus tolong dong perbaiki,-2.5,Negatif,MATCH,
4222,Heru Koesnady,5,2026-08-11,"aplikasi mudah dibaca dan dimengerti, pelayanan juga lengkap, sangat membantu 😊👍",aplikasi mudah dibaca dan dimengerti pelayanan juga lengkap sangat membantu,5.5,Positif,MATCH,
4223,Kent Abim (Kenz),1,2026-08-11,useless app. kode otp sampah,useless aplikasi kode otp sampah,-4,Negatif,MATCH,
4224,Mr Ryan,5,2026-08-11,mempermudah perbaikan data,mempermudah perbaikan data,0,Netral,MATCH,
4225,Armansah,1,2026-08-11,gara gara gak ada RT/RW gak bisa rekam medis aplikasi apaan ini emang kan gak ada RT /RW di KTP terus gimana kocaklah,gara gara tidak ada rt rw tidak bisa rekam medis aplikasi apaan ini emang kan tidak ada rt rw di kartu tanda penduduk terus gimana kocaklah,0,Netral,MATCH,
4226,IsOne Doyo,1,2026-08-11,"jika semua layanan Pemerintah pakai aplikasi JEBOL HP BORO BORO BUAT BELI HP BUAT BEROBAT SAJA NGK ADA DUWIT , UDAH GITU HARUS UP DATE PULA",jika semua layanan pemerintah pakai aplikasi jebol hp boro boro buat beli hp buat berobat saja ngk ada duwit udah gitu harus up date pula,0,Netral,MATCH,
4227,Nos Nos,5,2026-08-11,semoga selalu membantu masyarakat miskin indonesia dengan pelayanan yg baik dari pihak2 yang terkait,semoga selalu membantu masyarakat miskin indonesia dengan pelayanan yang baik dari pihak2 yang terkait,5,Positif,MATCH,
4228,Jan Nuar,1,2026-08-11,"ampas, mau daftar kudu isi pulsa ud di isi no otp, balik ke aplikasi ulang lg dari awal emg aplikasi pemerintah ga ada yg bener eror mulu",ampas mau daftar kudu isi pulsa ud di isi no otp balik ke aplikasi ulang lg dari awal emg aplikasi pemerintah tidak ada yang benar error terus,-2.5,Negatif,MATCH,
4229,Nara Balawa,1,2026-08-11,kalau aplikasi ini memang tidak sanggup membantu . lebih baik berbesar hati lah untuk dihapus atau segeralah berubah jadi lebih baik . kenapa gak ada apliksi kita yang agak lumayan berguna .tolong lah ... kalian ..ada untuk membantu atau bikin ribet sih ???,kalau aplikasi ini memang tidak sanggup membantu lebih baik berbesar hati lah untuk dihapus atau segeralah berubah jadi lebih baik kenapa tidak ada apliksi kita yang agak lumayan berguna tolong lah kalian ada untuk membantu atau bikin rumit sih,2.3,Positif,MISMATCH_LOW_RATING,Salah klik rating / Human error (Isi ulasan berupa pujian murni)
4230,Hadi Brata,5,2026-08-11,"pelayanan cepat dan baik, tetapi harus lebih baik lagi",pelayanan cepat dan baik tetapi harus lebih baik lagi,6.5,Positif,MATCH,
4231,Thobibah 73,5,2026-08-11,Alhamdulillah bisa lebih mudah menggunakan nya,alhamdulillah bisa lebih mudah menggunakan nya,2.5,Positif,MATCH,
4232,Lia Yuniar,5,2026-08-11,yahudd,yahudd,0,Netral,MATCH,
4233,Aknes Damastanti,3,2026-08-11,Bikin geram banget .. sering log out sendiri !!,bikin geram banget sering login out sendiri,0,Netral,MATCH,
4234,hendra irawan,5,2026-08-11,terimakasih sangat bermanfaat,terimakasih sangat bermanfaat,3,Positif,MATCH,
4235,Bank Semesta,5,2026-08-11,terbaik,terbaik,3,Positif,MATCH,
4236,DEDY EKO CAHYONO,1,2026-08-11,aplikasi tidak berguna,aplikasi tidak berguna,0,Netral,MATCH,
4237,sudarto unair,5,2026-08-11,"Cepat, mudah mengakses",cepat mudah mengakses,5,Positif,MATCH,
4238,Ega Dwi Adytia,1,2026-08-11,frista face recognition apalah verifikasi wajah gabisa bisa udah mah ga mirror jadi susah gagal terus,frista face recognition apalah verifikasi wajah tidak bisa bisa udah mah tidak mirror jadi sulit gagal terus,-5,Negatif,MATCH,
4239,I Wayan Purta,5,2026-08-11,proses lancar dgn mobile jkn,proses lancar dengan mobile jkn,2.5,Positif,MATCH,
4240,Khiranaputri Putri,1,2026-08-11,kenapa susah nya mintak ampun mau login,kenapa sulit nya mintak ampun mau login,-2.5,Negatif,MATCH,
4241,Meiva Kaeng,5,2026-08-11,Sejak pakai JKN mau urus apapun dengan 1KK gampang banget,sejak pakai jkn mau urus apapun dengan 1kk gampang banget,0,Netral,MATCH,
4242,Irna Putri,1,2026-08-11,jujur malah ngeribetin karena aplikasinya banyak crash,jujur malah ngeribetin karena aplikasinya banyak crash,0,Netral,MATCH,
4243,Nathan Gultom,1,2026-08-11,"payah,.. ribet ,..berbelit-belit",payah rumit berbelit-belit,-5,Negatif,MATCH,
4244,siti derliyan utami,1,2026-08-11,"susah banget daftarnya, sudah dua hp masalahnya tetap sama di bagian login no hp, remed lagi bikin apknya ya kak, yang kaya gini di jadiin tempat buat masyarakat, tolong perbaiki lagi..",sulit banget daftarnya sudah dua hp masalahnya tetap sama di bagian login no hp remed lagi bikin apknya ya kak yang kaya gini di jadiin tempat buat masyarakat tolong perbaiki lagi,-2.5,Negatif,MATCH,
4245,HOBBI PARGAULAN,5,2026-08-11,sangat membantu,sangat membantu,3,Positif,MATCH,
4246,Dasep Saepurohman,1,2026-08-11,susah untuk daftar masukan kode otp tapi gak masuk masuk gimana mau login coba aplikasi erorr,sulit untuk daftar masukan kode otp tapi tidak masuk masuk gimana mau login coba aplikasi error,-5,Negatif,MATCH,
4247,Palahudin Abdidesa,5,2026-08-11,"mantap sangat mudah penggunaan nya dapat membantu,",mantap sangat mudah penggunaan nya dapat membantu,8.5,Positif,MATCH,
4248,Pku 2021,1,2026-08-11,"Aplikasi rusak, banyak Bug nya, Responnya lambat.",aplikasi rusak banyak bug nya responnya lambat,-7.5,Negatif,MATCH,
4249,Dinda dwi aryanti dinda,5,2026-08-11,sangat memudahkan,sangat memudahkan,3,Positif,MATCH,
4250,Chriz Kounang,5,2026-08-11,aplikasi sangat mudah di gunakan,aplikasi sangat mudah di gunakan,2.5,Positif,MATCH,
4251,Acah Rasminah,5,2026-08-11,Alhamdulillah dengan JKN permudah urusan nya,alhamdulillah dengan jkn permudah urusan nya,0,Netral,MATCH,
4252,Erawathy Buton,5,2026-08-11,sangat bagus,sangat bagus,2,Positif,MATCH,
4253,Alif Abdillah,5,2026-08-11,ok bagus,ok bagus,3.5,Positif,MATCH,
4254,Hairul Indra,5,2026-08-11,"Sangat bagus, tapi agak rumit.",sangat bagus tapi agak rumit,0,Netral,MATCH,
4255,Nuralisa Nur,5,2026-08-11,sangat puas dan bisa membantu tanpa ribet,sangat puas dan bisa membantu tanpa rumit,7,Positif,MATCH,
4256,Mahfur Hidayat,4,2026-08-11,"Bagus, tapi pendaftarannya kok pake otp berbayar... bikin bingung aka.. 🤦‍♂️",bagus tapi pendaftarannya kok pake otp berbayar bikin bingung aka,2,Positif,MATCH,
4257,Ahmad Nasrulloh,5,2026-08-11,bagus,bagus,2,Positif,MATCH,
4258,Achmad Rochman,5,2026-08-11,"layanan baik,walau terkadang trobel saat verifikasi wajah",layanan baik walau terkadang trobel saat verifikasi wajah,2,Positif,MATCH,
4259,SRI WARDIAWAN,1,2026-08-11,gak jelas gak bisa menerima kode otp SMS aneh,tidak jelas tidak bisa menerima kode otp sms aneh,-1.35,Negatif,MATCH,
4260,PejuangSubuh _Arif SN,5,2026-08-11,bagus,bagus,2,Positif,MATCH,
4261,Nurul Qudratullah,5,2026-08-11,mantap,mantap,3,Positif,MATCH,
4262,Syarifuddin Hafiz,5,2026-08-11,mantaaaaap,mantap,3,Positif,MATCH,
4263,Erlangga Pku,1,2026-08-11,knapa saya daftar no verifikasi tidak keluar,knapa saya daftar no verifikasi tidak keluar,0,Netral,MATCH,
4264,Mexci Fernando,1,2026-08-11,Aplikasi cacat yg selalu minta nomor verivikasi lewat sms tp nomornya tidak pernah dikirim tiap ambil antrean selalu minta nomor verivikasi,aplikasi cacat yang selalu minta nomor verivikasi lewat sms tapi nomornya tidak pernah dikirim tiap ambil antrean selalu minta nomor verivikasi,0,Netral,MATCH,
4265,Anisa F,5,2026-08-11,🫶🏻terrrrr debest pokonya,ter debest pokonya,0,Netral,MATCH,
4266,bakhtiar saputra,5,2026-08-11,Alhamdulillah,alhamdulillah,0,Netral,MATCH,
4267,Lucky Syahbahri,5,2026-08-11,bagus,bagus,2,Positif,MATCH,
4268,Erik Afandy,5,2026-08-11,aplikasi ini sangat membantu saya dalam hal kesehatan,aplikasi ini sangat membantu saya dalam hal kesehatan,3,Positif,MATCH,
4269,H. Ismail,3,2026-08-11,Kebanyakan bug aplikasi sering log out sdri,kebanyakan bug aplikasi sering login out sdri,-2,Negatif,MATCH,
4270,Aziz Manting,1,2026-08-11,"susah banget buat daftar, kode verifikasi nya ga ada yang masuk. udah minta dikirim ulang berkali kali",sulit banget buat daftar kode verifikasi nya tidak ada yang masuk udah minta dikirim ulang berkali kali,-2.5,Negatif,MATCH,
4271,Irene Farah,1,2026-08-11,ngambil nmor antrian faskes selalu error,ngambil nmor antrean faskes selalu error,-2.5,Negatif,MATCH,
4272,Sandi Snd,3,2026-08-11,"aplikasi nya sering mogok sendiri, kadang eror sendiri",aplikasi nya sering mogok sendiri kadang error sendiri,-2.5,Negatif,MATCH,
4273,Isti Komah,5,2026-08-11,Alhamdulillah dengan ada nya aplikasi mobil jln dapat memudahkan kami,alhamdulillah dengan ada nya aplikasi mobil jalan dapat memudahkan kami,3,Positif,MATCH,
4274,Tigor Hutabarat,1,2026-08-11,"bnyak BUG tolong perbaiki . kode otp gk masuk""",bnyak bug tolong perbaiki kode otp tidak masuk,-2,Negatif,MATCH,
4275,arkan aja,5,2026-08-11,mantap,mantap,3,Positif,MATCH,
4276,Tri Rahayu,5,2026-08-11,the best aplikasi,the best aplikasi,0,Netral,MATCH,
4277,surya di,5,2026-08-11,bagus,bagus,2,Positif,MATCH,
4278,travel ponorogo ae,1,2026-08-11,apk sampah daftar/login gagal terus apk gak jelas,aplikasi sampah daftar login gagal terus aplikasi tidak jelas,-7.85,Negatif,MATCH,
4279,Tralala Trilili,2,2026-08-11,Ga jelas banget! Makin di update makin harus pakai device terbaru kah? Apakah yang boleh mengakses app ini hanya segelintir kalangan atas yang punya device terbaru? Kalangan menengah ke bawah yang punya device pas-pasan ga boleh akses app ini kah? Baru aja mau update app di HP Ibu (device versi lama) malah ga bisa (device tidak kompatibel ceunah). Gimana nih? Bukankah app ini diperuntukkan untuk masyarakat umum yang berkaitan dengan masalah kesehatan?,tidak jelas banget makin di update makin harus pakai device terbaru kah apakah yang boleh mengakses aplikasi ini hanya segelintir kalangan atas yang punya device terbaru kalangan menengah ke bawah yang punya device pas-pasan tidak boleh akses aplikasi ini kah baru aja mau update aplikasi di hp ibu device versi lama malah tidak bisa device tidak kompatibel ceunah gimana nih bukankah aplikasi ini diperuntukkan untuk masyarakat umum yang berkaitan dengan masalah kesehatan,-3.35,Negatif,MATCH,
4280,Kadek Budi Adnyana,5,2026-08-11,sangat membantu,sangat membantu,3,Positif,MATCH,
4281,Jaka Sparo,5,2026-08-11,"Error mulu,mending ga usah nyediain aplikasi kalo dikit dikit error",error terus mending tidak usah nyediain aplikasi kalo dikit dikit error,-5,Negatif,MISMATCH_HIGH_RATING,"Rating bintang tinggi (4-5), namun isi ulasan memuat kritik/keluhan tajam"
4282,Ujang Dinyar,5,2026-08-11,Ok,ok,1.5,Positif,MATCH,
4283,Murcahyo Koes Hermawan Adhy,1,2026-08-11,apaan saya daftar antrean faskes 1 gak bisa bisa,apaan saya daftar antrean faskes 1 tidak bisa bisa,0,Netral,MATCH,
4284,Siska Daromes,5,2026-08-11,"pelayanannya bagus, cepat, dan ramah🙏",pelayanannya bagus cepat dan ramah,6.5,Positif,MATCH,
4285,roben baricelo,5,2026-08-11,sipp dah,sipp dah,0,Netral,MATCH,
4286,Eka Febriyani,5,2026-08-11,sangat berguna untuk mengurus BPJS lewat online tidak perlu langsung ke tempat BPJS nya,sangat berguna untuk mengurus bpjs lewat online tidak perlu langsung ke tempat bpjs nya,0,Netral,MATCH,
4287,Lipina Tanata,5,2026-08-11,bagus,bagus,2,Positif,MATCH,
4288,Rahma Sintya,2,2026-08-10,"susah, ribet",sulit rumit,-4.5,Negatif,MATCH,
4289,Enon Indira19,5,2026-08-10,semakin memudahkan,semakin memudahkan,3,Positif,MATCH,
4290,Stevan Mandagi,1,2026-08-10,nomor pendaftaran benar tapi otp tidak pernah masuk,nomor pendaftaran benar tapi otp tidak pernah masuk,0,Netral,MATCH,
4291,Edy bun,5,2026-08-10,aplikasi nya berjalan normal dan sangat membantu.,aplikasi nya berjalan normal dan sangat membantu,3,Positif,MATCH,
4292,laode Muhamad,1,2026-08-10,"PENGURUSANYA Ribet, kode otp tdk masuk sdh berkali kali di minta tdk pernah dikirim",pengurusanya rumit kode otp tidak masuk sudah berkali kali di minta tidak pernah dikirim,-2,Negatif,MATCH,
4293,Maryadi Raharjo,2,2026-08-10,ruwet susah masuk menyusahkan masyarakat yang sudah sakit jadi tambah sakit,sulit sulit masuk menyusahkan masyarakat yang sudah sakit jadi tambah sakit,-5,Negatif,MATCH,
4294,R ama,1,2026-08-10,untuk mendapat kan kode verifikasi nya susah tidak muncul muncul,untuk mendapat kan kode verifikasi nya sulit tidak muncul muncul,-2.5,Negatif,MATCH,
4295,Esti Dwi,1,2026-08-10,"Tidak ada pengganti untuk android verai 8.1.0, terlalu memaksakan, tidak semua rakyat indonesia punya hp bagus.",tidak ada pengganti untuk android verai 8 1 0 terlalu memaksakan tidak semua rakyat indonesia punya hp bagus,2,Positif,MISMATCH_LOW_RATING,Salah klik rating / Human error (Isi ulasan berupa pujian murni)
4296,Nengliyah Fadillah,2,2026-08-10,"sebelum aplikasinya di update lancar2 saja utk log in jika akunnya log out sendiri, tpi setelah di update knpa malah gak bisa masuk sama sekali, captca nya gak muncul2, tak pikir cuma lg error, tpi ko dicoba2 trus ttp gak muncul2. tolong perbaikilah.",sebelum aplikasinya di update lancar2 saja untuk login in jika akunnya login out sendiri tpi setelah di update knpa malah tidak bisa masuk sama sekali captca nya tidak muncul2 tak pikir cuma lg error tpi ko dicoba2 terus ttp tidak muncul2 tolong perbaikilah,-2.5,Negatif,MATCH,
4297,Sami Ae,5,2026-08-10,"Maaf saya kasih bintang 1 karena kode chapta nya bikin pusing. Makin kesini bukan nya makin gampang buat masuk ini makin sulit, mana anak masih berobat jalan di RS, mau daftar buat besok ini malah gak bisa.",maaf saya kasih bintang 1 karena kode chapta nya bikin pusing makin kesini bukan nya makin gampang buat masuk ini makin sulit mana anak masih berobat jalan di rs mau daftar buat besok ini malah tidak bisa,-4.5,Negatif,MISMATCH_HIGH_RATING,"Rating bintang tinggi (4-5), namun isi ulasan memuat kritik/keluhan tajam"
4298,Bobby RnT,1,2026-08-10,"ini developer tolong di cek sistemnya , KODE OTP TIDAK MASUK MASUK , semua pengguna mengeluh , kalian dengarkan inii baik baik , hal sekecil ini aja tidak peduli , bagaimana peduli dengan rakyat",ini developer tolong di cek sistemnya kode otp tidak masuk masuk semua pengguna mengeluh kalian dengarkan inii baik baik hal sekecil ini aja tidak peduli bagaimana peduli dengan rakyat,4,Positif,MISMATCH_LOW_RATING,Salah klik rating / Human error (Isi ulasan berupa pujian murni)
4299,Triyo Wahyudi,5,2026-08-10,terimakasi banyak atas mobile jkn mempermuat berobat di mana²,terimakasi banyak atas mobile jkn mempermuat berobat di mana,0,Netral,MATCH,
4300,Muhamad Ali (Mamat),5,2026-08-10,bakk sekali,bakk sekali,0,Netral,MATCH,
4301,Tri Bangun Wibowo,5,2026-08-10,bagus,bagus,2,Positif,MATCH,
4302,Heri supri,1,2026-08-10,kenapa sekarang tidak kompatibel di henpon saya padahal dulu bisa saya akses lewat hape saya tapi sekarang tidak bisa,kenapa sekarang tidak kompatibel di henpon saya padahal dulu bisa saya akses lewat hape saya tapi sekarang tidak bisa,0,Netral,MATCH,
4303,koni leoaditia,3,2026-08-10,sangat membutuhkan,sangat membutuhkan,0,Netral,MATCH,
4304,Sribulan M zakir Bulan,5,2026-08-10,"sangat bagus dan memuaskan,pelayanan lebih cepat dan mudah dengan adanya aplikasi ini",sangat bagus dan memuaskan pelayanan lebih cepat dan mudah dengan adanya aplikasi ini,7,Positif,MATCH,
4305,Paala Paala,1,2026-08-10,"Ini udh ganti klinik 5 hari yg lalu belum update² yaaa, mau ambil antrian malah ke klinik yang sebelumnya. sedangkan status udah di klinik baru",ini sudah ganti klinik 5 hari yang lalu belum update ya mau ambil antrean malah ke klinik yang sebelumnya sedangkan status udah di klinik baru,0,Netral,MATCH,
4306,Yanto Azzahra,1,2026-08-10,"meman sengaja di persulit sepertinya oleh BPJS,sbb setiap bln hrs login ulang, kebanyakan pemakaian nya lansia yg gk ngerti aplikasi.. JKN mohon lh jngn di persulit lgi para lansia ini..masa log-in ulang trs setiap daftar antrian,mna semuanya sdh bnar tpi selalu dan selalu ggl.. masarakat sdh susah jgn lgi di tambah aplikasi JKN yg tdk berpihak kepada para orang sakit..masa sekelas aplikasi pemerintah gk bisa bkin yg mudah jg proper.. jika sdh login sekali ya jngn di buat log out atomatis tolong",meman sengaja di persulit sepertinya oleh bpjs sbb setiap bln hrs login ulang kebanyakan pemakaian nya lansia yang tidak ngerti aplikasi jkn mohon lh jngn di persulit lgi para lansia ini masa log-in ulang terus setiap daftar antrean mna semuanya sudah bnar tpi selalu dan selalu ggl masarakat sudah sulit jgn lgi di tambah aplikasi jkn yang tidak berpihak kepada para orang sakit masa sekelas aplikasi pemerintah tidak bisa bikin yang mudah jg proper jika sudah login sekali ya jngn di buat login out atomatis tolong,0,Netral,MATCH,
4307,farid ahmad,5,2026-08-10,mantap,mantap,3,Positif,MATCH,
4308,Alexhaha,1,2026-08-10,"aplikasi yang benar sedikit masa ia baru saja minta kode ,kode masuk buka Gmail mau masukin kode di ulang lagi yang benar sedikit apk ngk jelasss!!!!!!!!!!!!!!!!!!! 2026",aplikasi yang benar sedikit masa ia baru saja minta kode kode masuk buka gmail mau masukin kode di ulang lagi yang benar sedikit aplikasi ngk jelas 2026,1.5,Positif,MISMATCH_LOW_RATING,Salah klik rating / Human error (Isi ulasan berupa pujian murni)
4309,Herri Saputra,5,2026-08-10,ok,ok,1.5,Positif,MATCH,
4310,fik Yo,1,2026-08-10,"dicoba berapa kali ga muncul' kode otp nya, apk apaan ini",dicoba berapa kali tidak muncul kode otp nya aplikasi apaan ini,0,Netral,MATCH,
4311,Angelika Loran,1,2026-08-10,"aplikasi menyusahkan, tidak mendapat kode otp.",aplikasi menyusahkan tidak mendapat kode otp,0,Netral,MATCH,
4312,Isar Ngandro,5,2026-08-10,Baik,baik,2,Positif,MATCH,
4313,Febri Ansyah.N,1,2026-08-10,"apasih gak bisa di gunakan padhal jaringan oke sinyal wifi oke semua tapi capcha gak keluar keluar gak jelas, mempersulit rakyat aja",apasih tidak bisa di gunakan padhal jaringan oke sinyal wifi oke semua tapi capcha tidak keluar keluar tidak jelas mempersulit rakyat aja,1.65,Positif,MISMATCH_LOW_RATING,Salah klik rating / Human error (Isi ulasan berupa pujian murni)
4314,cucun cunarsih,1,2026-08-10,sampah,sampah,-4,Negatif,MATCH,
4315,Gus Tafin,3,2026-08-10,harus nya cocok untuk semua androd.. ini sudah gak cocok di android 9 punya saya. gimana mau bukak..? tolong di perbaiki.trimakasi,harus nya cocok untuk semua androd ini sudah tidak cocok di android 9 punya saya gimana mau bukak tolong di perbaiki trimakasi,0,Netral,MATCH,
4316,Mi Mi,5,2026-08-10,kenapa jkn mobile egk bisa dibuka ya,kenapa jkn mobile egk bisa dibuka ya,0,Netral,MATCH,
4317,Ayu Nda,1,2026-08-10,menjengkelkan aplikasi nya,menjengkelkan aplikasi nya,0,Netral,MATCH,
4318,Adelia Absyah,5,2026-08-10,sangat membantu,sangat membantu,3,Positif,MATCH,
4319,Efrin Riyadi,5,2026-08-10,Mantap,mantap,3,Positif,MATCH,
4320,M Nurul Hidayat (Dayat),1,2026-08-10,mau daftar pake masukin no hp. giliran OTP sms gak masuk-masuk,mau daftar pake masukin no hp giliran otp sms tidak masuk-masuk,0,Netral,MATCH,
4321,Milan Honny,1,2026-08-10,aplikasi gilaaaaaak,aplikasi gilak,0,Netral,MATCH,
4322,Erna Wati,5,2026-08-10,ok,ok,1.5,Positif,MATCH,
4323,Mrizal Fauzi,5,2026-08-10,good job,good job,2,Positif,MATCH,
4324,Metro Cafe,5,2026-08-10,aplikasi luarbiasa sangat membantu rakyat indonesia,aplikasi luarbiasa sangat membantu rakyat indonesia,3,Positif,MATCH,
4325,Ila Ubay,5,2026-08-10,ruangan mawar merah ruangan nya nyaman dan bersih,ruangan mawar merah ruangan nya nyaman dan bersih,2.5,Positif,MATCH,
4326,uswatun hasanah,5,2026-08-10,untuk menu perubahan data peserta mudah dan cepat,untuk menu perubahan data peserta mudah dan cepat,5,Positif,MATCH,
4327,Arif Lestari,1,2026-08-10,sangat tidak membantu,sangat tidak membantu,-2.7,Negatif,MATCH,
4328,ais amanah,1,2026-08-10,"bapak/ibu ijin aplikasi saya tidak bisa digunakan karena sudah login lebih dari 3 nik yang berbeda, gimana solusinya???",bapak ibu ijin aplikasi saya tidak bisa digunakan karena sudah login lebih dari 3 nik yang berbeda gimana solusinya,0,Netral,MATCH,
4329,dudung didim,5,2026-08-10,"sangat membantu saya , bisa melihat keaktifan bpjs satu kelurga saya dan bisa mempermudah saya untuk merubah faskes anak saya dari pkm jaram jauh sampe jarak dekat",sangat membantu saya bisa melihat keaktifan bpjs satu kelurga saya dan bisa mempermudah saya untuk merubah faskes anak saya dari pkm jaram jauh sampe jarak dekat,3,Positif,MATCH,
4330,Heldi Kurniawan,5,2026-08-10,bagus,bagus,2,Positif,MATCH,
4331,Yoga Manna,5,2026-08-10,mantap,mantap,3,Positif,MATCH,
4332,Steven Ven,1,2026-08-10,aplikasi yg merepotkan masyarakat mau daftar tiba tiba loq out,aplikasi yang merepotkan masyarakat mau daftar tiba tiba loq out,0,Netral,MATCH,
4333,Liza,1,2026-08-10,"jelek gabisa daftar eror trs,tolong dong di benerin dulu apknya sampe bener"" gaada yg eror lagi.. mau berobat aja susahh disuruh daftar jkn.. eh pas daftar gabisa eror apknya.. kan aneh.. menyusahkan rakyat haha🤔🤔",buruk tidak bisa daftar error terus tolong dong di perbaiki dulu apknya sampe benar gaada yang error lagi mau berobat aja susahh disuruh daftar jkn eh pas daftar tidak bisa error apknya kan aneh menyusahkan rakyat haha,-6.75,Negatif,MATCH,
4334,Renaldi Ariandy,5,2026-08-10,layanan memuaskan.,layanan memuaskan,0,Netral,MATCH,
4335,Adam Kusuma,1,2026-08-10,aplikasi sakit minta kirim kode otp nomor telepon ga keluar keluar udah 10x,aplikasi sakit minta kirim kode otp nomor telepon tidak keluar keluar udah 10x,0,Netral,MATCH,
4336,Saya Adalah,1,2026-08-10,aplikasi susah banget buat verifikasi nomor .,aplikasi sulit banget buat verifikasi nomor,-2.5,Negatif,MATCH,
4337,Nur Asih,5,2026-08-10,pelayanan memuaskan,pelayanan memuaskan,0,Netral,MATCH,
4338,Syifa Nurfadilah,5,2026-08-10,sangat membantu,sangat membantu,3,Positif,MATCH,
4339,Pulut 18,1,2026-08-10,"pengguna disulitkan, alasan internet jelek, padahal lancar, sms otp gak masuk padahal nomor benar.",pengguna disulitkan alasan internet buruk padahal lancar sms otp tidak masuk padahal nomor benar,-0.5,Netral,MATCH,
4340,Alwi Ahmad,5,2026-08-10,mantap,mantap,3,Positif,MATCH,
4341,Yanti Hayanti,3,2026-08-10,bagus,bagus,2,Positif,MATCH,
4342,Indra Diran,5,2026-08-10,sangat bagus,sangat bagus,2,Positif,MATCH,
4343,Desi Herawati,5,2026-08-10,pelayanan memuaskan,pelayanan memuaskan,0,Netral,MATCH,
4344,Yusran Buamona,5,2026-08-10,sangat bagus,sangat bagus,2,Positif,MATCH,
4345,Panglima Kumbang,5,2026-08-10,mempermudah dan sangat penting,mempermudah dan sangat penting,0,Netral,MATCH,
4346,Wagito Ito,1,2026-08-10,sangat baik,sangat baik,2,Positif,MISMATCH_LOW_RATING,Salah klik rating / Human error (Isi ulasan berupa pujian murni)
4347,Dika Pratama,5,2026-08-10,cek BPJS yahdisini,cek bpjs yahdisini,0,Netral,MATCH,
4348,Muhammad Junaidi,5,2026-08-10,puas ketika semua pertanyaan d jawab,puas ketika semua pertanyaan d jawab,3,Positif,MATCH,
4349,Yudi H,1,2026-08-10,"saya booking utk 2 minggu kedepan sesuai jdwal kontrol selanjutnya, pas sudah jadwalnya ada notif dibatalkan, seenaknya ngomong karena sistem, undur lebih dari seminggu lagi",saya booking untuk 2 minggu kedepan sesuai jdwal kontrol selanjutnya pas sudah jadwalnya ada notif dibatalkan seenaknya ngomong karena sistem undur lebih dari seminggu lagi,0,Netral,MATCH,
4350,Eriska Nuryani,5,2026-08-10,JKN mobile sangat membntu,jkn mobile sangat membntu,0,Netral,MATCH,
4351,Nurjannah Harahap,5,2026-08-10,bagus,bagus,2,Positif,MATCH,
4352,elvan gaipsy,5,2026-08-10,sangat mwmbantu,sangat mwmbantu,0,Netral,MATCH,
4353,Siti Innasya,1,2026-08-10,sangat buruk berhari hari selalu eror terus tidak ada perbaikan atau bagaimana. mau ambil antrian jdi susah ujung ujung nya ngantri manual dan dapet antrian paling belakang!!,sangat buruk berhari hari selalu error terus tidak ada perbaikan atau bagaimana mau ambil antrean jdi sulit ujung ujung nya ngantri manual dan dapet antrean paling belakang,-8,Negatif,MATCH,
4354,Agus Efendi,5,2026-08-10,Luar biasa membantu,luar biasa membantu,3,Positif,MATCH,
4355,Iwan Setiawan,5,2026-08-10,terimakasih,terimakasih,0,Netral,MATCH,
4356,Rembulan 07,1,2026-08-10,Aplikasi jelek.,aplikasi buruk,-3,Negatif,MATCH,
4357,Sarip udin,5,2026-08-10,membantu,membantu,3,Positif,MATCH,
4358,Iwan Rombe,5,2026-08-10,sangat mudah dan membantu,sangat mudah dan membantu,5.5,Positif,MATCH,
4359,Tri Harjiyanto,2,2026-08-10,ngasih pop up tagihan mulu....pelayanan pasien BPJS aja sepelekan mau bayar langsung dari aplikasi gk bisa ampas sekali apk ini,ngasih pop up tagihan terus pelayanan pasien bpjs aja sepelekan mau bayar langsung dari aplikasi tidak bisa ampas sekali aplikasi ini,0,Netral,MATCH,
4360,Yusma Rini (Yus),5,2026-08-10,terimakasih semoga sehat sekeluarga aamiin ya rabbal alamiin,terimakasih semoga sehat sekeluarga aamiin ya rabbal alamiin,0,Netral,MATCH,
4361,rizky wahyudi,1,2026-08-10,aplikasi tolol. ga bisa masukkan nomor hp,aplikasi tolol tidak bisa masukkan nomor hp,0,Netral,MATCH,
4362,Derma Sintike Gultom,5,2026-08-10,sangat baik,sangat baik,2,Positif,MATCH,
4363,Anugrahbijak musyafa,2,2026-08-10,"verifikasi nomor telepon error, tidak ada pesan yang terkirim, scan wajah selalu gagal.",verifikasi nomor telepon error tidak ada pesan yang terkirim scan wajah selalu gagal,-5,Negatif,MATCH,
4364,Muhamad Rizal,1,2026-08-10,sulit memperipikasi wajah,sulit memperipikasi wajah,-2.5,Negatif,MATCH,
4365,Dewi Alim astuti,5,2026-08-10,bagus,bagus,2,Positif,MATCH,
4366,al gazhali,1,2026-08-10,loggin gagal² terus apk sampah,loggin gagal terus aplikasi sampah,-6.5,Negatif,MATCH,
4367,Diky Saputra,5,2026-08-10,sangat membantu sekali,sangat membantu sekali,3,Positif,MATCH,
4368,M Ali Sofwan Sofwan,5,2026-08-10,sangat bagus👍,sangat bagus,2,Positif,MATCH,
4369,demian chaniago,1,2026-08-10,apk jelek gabisa daftar BPJS,aplikasi buruk tidak bisa daftar bpjs,-3,Negatif,MATCH,
4370,Herma Rahmawati,3,2026-08-10,"sering logout secara tiba-tiba padahal baru sehari di daftarin, terus sering eror kalo udah Deket ke waktunya kontrol menyebalkan",sering logout secara tiba-tiba padahal baru sehari di daftarin terus sering error kalo udah deket ke waktunya kontrol menyebalkan,-2.5,Negatif,MATCH,
4371,Siti Maryam,5,2026-08-10,suka error harus login beberapa kali,suka error harus login beberapa kali,-0.5,Netral,MATCH,
4372,adder_ yaqin1,1,2026-08-10,kode OTP sms tidak bisa terkirim,kode otp sms tidak bisa terkirim,0,Netral,MATCH,
4373,Eni Susanti,5,2026-08-10,layanannya memuaskan,layanannya memuaskan,0,Netral,MATCH,
4374,Lex bensel,1,2026-08-10,Percuma pakai aplikasi ini.. ga ada pengaruh nya sma sekali yg ada sebaliknya. jd AUTO RIBET . MASA DI MBIL. JKN TIAP DI CEK KEPESERTAAN KELUARGA SELALU GA AKTIF TRS. DAN ADA TANDA X.. TP DI CEK PANDAWA KETERANGAN SUDAH AKTIF 😂😂😂😂 gimana ini cerita nya suhu...,percuma pakai aplikasi ini tidak ada pengaruh nya sma sekali yang ada sebaliknya jd auto rumit masa di mbil jkn tiap di cek kepesertaan keluarga selalu tidak aktif terus dan ada tanda x tapi di cek pandawa keterangan sudah aktif gimana ini cerita nya suhu,-2,Negatif,MATCH,
4375,Surya maimun,5,2026-08-10,mantap,mantap,3,Positif,MATCH,
4376,akhmad fahriza,1,2026-08-10,info kurang,info kurang,0,Netral,MATCH,
4377,Jimmy Page One,4,2026-08-10,"kenapa saya mau daftar ga bisa ya, tolong dong, mau verifikasi kode otp ga dikirim kirim kodenya gimana mau daftarnya",kenapa saya mau daftar tidak bisa ya tolong dong mau verifikasi kode otp tidak dikirim kirim kodenya gimana mau daftarnya,0,Netral,MATCH,
4378,Suyanto Edy,5,2026-08-10,terima kasih BPJS,terima kasih bpjs,2,Positif,MATCH,
4379,RickGrims21,5,2026-08-10,"kebanyakan korpusi, server ga di urus tolol, mending instal judol",kebanyakan korpusi server tidak di urus tolol mending instal judol,0,Netral,MATCH,
4380,Ahmad Rusmanto99,5,2026-08-10,okk gampang,okk gampang,0,Netral,MATCH,
4381,Danial Raid,5,2026-08-10,terimakasih untuk peserta jkn,terimakasih untuk peserta jkn,0,Netral,MATCH,
4382,Ita Wahyu,1,2026-08-10,"aplikasi oon, ngebug mulu",aplikasi oon ngebug terus,0,Netral,MATCH,
4383,Husen Albizayn,5,2026-08-10,mantap,mantap,3,Positif,MATCH,
4384,Abdul Gani,5,2026-08-10,sangat baikkk,sangat baik,2,Positif,MATCH,
4385,gunturtrias prasetyo,5,2026-08-10,aplikasi ini sangat bagus ketika kita tidak membawa kartu BPJS dan ambil antrian dari jkn,aplikasi ini sangat bagus ketika kita tidak membawa kartu bpjs dan ambil antrean dari jkn,2,Positif,MATCH,
4386,Johan harum Black johan,1,2026-08-10,"terlalu lama untuk mendapatkan no verifikasi,,,busuk app nya",terlalu lama untuk mendapatkan no verifikasi busuk aplikasi nya,-2,Negatif,MATCH,
4387,Intiqurota Ayun,2,2026-08-10,"aplikasi susah untuk buat daftar, disuruh nunggu dpt kode otp SMS tp gak masuk pdhl pulsa ada jaringan oke.... trus ini bagaimana kelanjutannya",aplikasi sulit untuk buat daftar disuruh nunggu dpt kode otp sms tapi tidak masuk pdhl pulsa ada jaringan oke terus ini bagaimana kelanjutannya,-1,Negatif,MATCH,
4388,Lely RizaU,1,2026-08-10,"tolong perbaiki sistem aplikasi ini, karena sering kali eror/gagal diakses. ntah keluar sendiri, ntah katanya server gagal. padahal sinyal bagus!",tolong perbaiki sistem aplikasi ini karena sering kali error gagal diakses ntah keluar sendiri ntah katanya server gagal padahal sinyal bagus,-8.5,Negatif,MATCH,
4389,Agustri Alife,5,2026-08-10,Mudah dan cepat,mudah dan cepat,5,Positif,MATCH,
4390,Bidar yanda putra,1,2026-08-10,"gunanya nik dan ktp untuk apa ??. aplikasi memperibet bukan mempercepat masalah otp susah masuk, nik belum terdaptar, pake foto susah. aplikasi aneh",gunanya nik dan kartu tanda penduduk untuk apa aplikasi memperibet bukan mempercepat masalah otp sulit masuk nik belum terdaptar pake foto sulit aplikasi aneh,-5,Negatif,MATCH,
4391,Deden Permana,5,2026-08-10,mantap sangat membantu,mantap sangat membantu,6,Positif,MATCH,
4392,Tommy K Lubis,5,2026-08-10,terimakasih banyak !,terimakasih banyak,0,Netral,MATCH,
4393,Suworo Woro,1,2026-08-10,"tidak bisa memilih dokter, selalu terdaftar ke dokter yang sebelumnya, padahal dirujuk ke dokter lain meskipun masih 1 poli",tidak bisa memilih dokter selalu terdaftar ke dokter yang sebelumnya padahal dirujuk ke dokter lain meskipun masih 1 poli,0,Netral,MATCH,
4394,Klaten Bersinar,5,2026-08-10,aplikasi bagus,aplikasi bagus,2,Positif,MATCH,
4395,Nur Rizal,1,2026-08-10,apk jelek otp sudahnya minta ampun,aplikasi buruk otp sudahnya minta ampun,-3,Negatif,MATCH,
4396,yohadi singawijaya,3,2026-08-10,susah mendaftar antrian. rumah sakit / puskesmas pasennya banyak sekali. harus nahan sakit seminggu dulu baru dapat antrian.,sulit mendaftar antrean rumah sakit puskesmas pasennya banyak sekali harus nahan sakit seminggu dulu baru dapat antrean,-2.5,Negatif,MATCH,
4397,Indro Wahyudi,5,2026-08-10,terimakasih bpjs,terimakasih bpjs,0,Netral,MATCH,
4398,Sobirin,5,2026-08-10,"BPJS Cibinong buka jam 8.00 Alhamdulillah jam 7.30 sdh dilayani petugas pra-pendaftaran. Sekitar 30 menit pendaftaran selesai. Tapi tadi saya lupa nanya kalau bayar lewat Gopay gmn, karena no. VA beda² dalam 1 KK. Mbak Fitri / yang lain bisa bantu? Petugas ramah² (pertahankan/tingkatkan). Semoga semua sehat selalu. Saya niatkan dari awal iuran sebagai sedekah (baik dipakai/tidak dipakai untuk berobat. ""Indonesia Sehat Jangan Neko². Terimakasih.",bpjs cibinong buka jam 8 00 alhamdulillah jam 7 30 sudah dilayani petugas pra-pendaftaran sekitar 30 menit pendaftaran selesai tapi tadi saya lupa nanya kalau bayar lewat gopay gmn karena no va beda dalam 1 kartu keluarga mbak fitri yang lain bisa bantu petugas ramah pertahankan tingkatkan semoga semua sehat selalu saya niatkan dari awal iuran sebagai sedekah baik dipakai tidak dipakai untuk berobat indonesia sehat jangan neko terimakasih,4,Positif,MATCH,
4399,Muhamad Yunus,1,2026-08-10,aplikasi ga jelas minta kode OTP aja susah,aplikasi tidak jelas minta kode otp aja sulit,-3.85,Negatif,MATCH,
4400,Mas Mihun,1,2026-08-10,"tambah ruwet bos , kalau upgrade itu tambah enak , ini upgrade tambah gbisa masuk",tambah sulit bos kalau upgrade itu tambah enak ini upgrade tambah gbisa masuk,-2.5,Negatif,MATCH,
4401,Rony Ap,1,2026-08-10,"aplikasi tempekkk, kode verifikasi pake 3 hp 3 nomor gaada yg bisa masuk",aplikasi tempek kode verifikasi pake 3 hp 3 nomor gaada yang bisa masuk,0,Netral,MATCH,
4402,Hery Kiswanto,1,2026-08-10,"perampok berkedok asuransi kesehatan, proses ruwet",perampok berkedok asuransi kesehatan proses sulit,-2.5,Negatif,MATCH,
4403,Nasution,1,2026-08-10,"sistem aplikasi sekarang malah bapuk, dulu masih bisa login 3 akun NIK yg berbeda, sekarang malah gak bisa login 1 pun, karna di blokir mungkin. sudah melakukan pengaduan malah disuruh ganti HP kan bodoh kaya gtu, itu bukan solusi. kalo punya banyak HP ngapain saya login 3 akun. karna akun yg lain adalah akun orang tua yg gak ngerti teknologi gak punya HP. tolong di perbarui lagi sistemnya.",sistem aplikasi sekarang malah bapuk dulu masih bisa login 3 akun nik yang berbeda sekarang malah tidak bisa login 1 pun karena di blokir mungkin sudah melakukan pengaduan malah disuruh ganti hp kan bodoh kaya gtu itu bukan solusi kalo punya banyak hp ngapain saya login 3 akun karena akun yang lain adalah akun orang tua yang tidak ngerti teknologi tidak punya hp tolong di perbarui lagi sistemnya,0,Netral,MATCH,
4404,Hxm,1,2026-08-10,"chapta yang anda masukan salah, padahal sudah benar. tolong diperbaiki.",chapta yang anda masukan salah padahal sudah benar tolong diperbaiki,0,Netral,MATCH,
4405,Nia rahmadani,1,2026-08-10,aplikasi sampah! udah ngejukan perubahan nomer ponsel masih aja yg dikirim kode otp nomer lama (yg tdk aktif). bener bener tidak layak !!!,aplikasi sampah udah ngejukan perubahan nomer ponsel masih aja yang dikirim kode otp nomer lama yang tidak aktif benar benar tidak layak,-6,Negatif,MATCH,
4406,Andri Ardian,1,2026-08-10,SMS GK nongol2 anehhhhhh,sms tidak nongol2 aneh,0,Netral,MATCH,
4407,DEHAM12,5,2026-08-10,mantap,mantap,3,Positif,MATCH,
4408,Lukman Oembah,5,2026-08-10,bagus,bagus,2,Positif,MATCH,
4409,Dwy Purwanty,1,2026-08-10,selalu log out sndri .ribet bayangin hrus log in terus tiap buka,selalu login out sndri rumit bayangin hrus login in terus tiap buka,-2,Negatif,MATCH,
4410,Gio Satria,5,2026-08-10,"Bagus, puas, amanah",bagus puas amanah,5,Positif,MATCH,
4411,Heni Suprianti,5,2026-08-10,enak bgt kalau pakai aplikasi bisa ngapain anggota tanpa harus ke kantor BPJS,enak banget kalau pakai aplikasi bisa ngapain anggota tanpa harus ke kantor bpjs,0,Netral,MATCH,
4412,Endi Pratama,5,2026-08-10,Mantap,mantap,3,Positif,MATCH,
4413,Dadang Darmawan,5,2026-08-10,Bagus sangat membantu,bagus sangat membantu,5,Positif,MATCH,
4414,Nur Dolla,5,2026-08-10,mntap,mntap,0,Netral,MATCH,
4415,S Y,1,2026-08-10,"sangat keberatan jika anak yg di dftr kan hrs menunggu 45 hr kelamaan n bila rawat inap kena denda sesuai diagnosa rsu yg menentu kan bila blm melewati 45 hr 453rb , ini saya alami di rsu, mana pelayanan nya GK ramah, security persulit kluarga pasien",sangat keberatan jika anak yang di daftar kan hrs menunggu 45 hr kelamaan n bila rawat inap kena denda sesuai diagnosa rsu yang menentu kan bila belum melewati 45 hr 453rb ini saya alami di rsu mana pelayanan nya tidak ramah security persulit kluarga pasien,-1.8,Negatif,MATCH,
4416,Anicetus Vergiliano Kaman 18 129,5,2026-08-10,mantap,mantap,3,Positif,MATCH,
4417,nur yati,4,2026-08-10,"aplikasi nya sebenarnya bagus tapi kenapa saat ini saya membukanya GK bisa trus muncul tulisan untuk mengupdate padahal saya udah mengupdate nya tapi tetap aja GK bisa dibuka, kenapa iya?",aplikasi nya sebenarnya bagus tapi kenapa saat ini saya membukanya tidak bisa terus muncul tulisan untuk mengupdate padahal saya udah mengupdate nya tapi tetap aja tidak bisa dibuka kenapa iya,2,Positif,MATCH,
4418,Didik Purnomo,2,2026-08-10,lelet susah untuk login selalu gangguan aplikasi yang ribet,lambat sulit untuk login selalu gangguan aplikasi yang rumit,-7,Negatif,MATCH,
4419,Asadul Syam,5,2026-08-10,sangat membantu,sangat membantu,3,Positif,MATCH,
4420,Ugi Ramadhai,5,2026-08-10,sangat membantu sekali terima kasih..,sangat membantu sekali terima kasih,5,Positif,MATCH,
4421,Atik,1,2026-08-10,"saat proses daftar dan dimintai kode otp dari nomor telpon, tapi ga masuk masuk pesan otp nya ditungguin lama pun ga masuk. dicoba lagi pake nomor telpon yang beda tetep ga masuk otp nya. dicoba di hari lain tetep gabisa. diperbaiki lagi deh, sekelas aplikasi pemerintah jelek gini.",saat proses daftar dan dimintai kode otp dari nomor telpon tapi tidak masuk masuk pesan otp nya ditungguin lama pun tidak masuk dicoba lagi pake nomor telpon yang beda tetep tidak masuk otp nya dicoba di hari lain tetep tidak bisa diperbaiki lagi deh sekelas aplikasi pemerintah buruk gini,-5,Negatif,MATCH,
4422,Toya Pw,1,2026-08-10,"aplikasi eror, pembayaran sudah sukses tapi diaplikasi masih belum terbayar aneh",aplikasi error pembayaran sudah sukses tapi diaplikasi masih belum terbayar aneh,-0.5,Netral,MATCH,
4423,Detro,1,2026-08-10,apk aneh,aplikasi aneh,0,Netral,MATCH,
4424,M SarGO,4,2026-08-10,"Lebih Baik Dan Baik lagi Segala Pelayanannya, baik Kelas 1 2 3 .. terlebih untuk kategori BPI Mandiri ataupun Lainnya..",lebih baik dan baik lagi segala pelayanannya baik kelas 1 2 3 terlebih untuk kategori bpi mandiri ataupun lainnya,6,Positif,MATCH,
4425,Taranip Taranip,3,2026-08-10,"aplikasi massih sering error, mohon diperbaiki lagi ya",aplikasi massih sering error mohon diperbaiki lagi ya,-2.5,Negatif,MATCH,
4426,penggemar anime,1,2026-08-10,aplikasi ora jelas tolol,aplikasi ora jelas tolol,1.5,Positif,MISMATCH_LOW_RATING,Salah klik rating / Human error (Isi ulasan berupa pujian murni)
4427,Nurkholis Tauchid,1,2026-08-10,"1. Saat LOGIN aja captcha muter2 terus gmn mau login?? 2. Saat mau ambil ANTREAN, ERROR terus kagak bisa bolo",1 saat login aja captcha muter2 terus gmn mau login 2 saat mau ambil antrean error terus kagak bisa bolo,-2.5,Negatif,MATCH,
4428,Oshii Ragawa,2,2026-08-10,"aplikasi ini cuma mempersulit kita doank, seminggu gak di buka log out sndiri. emang ngeselin. mau masuk sllu dibilang sandi slahlah, nik salah lah pdhal udh jelas2 smuanya benar. tolonglah di perbaiki! mending kalo gak buang2 pulsa trus mah kalo log in. nyusahin aja! percuma bayar BPJS tiap bulan kalo mau berobat di persulit gini.",aplikasi ini cuma mempersulit kita doank seminggu tidak di buka login out sndiri emang ngeselin mau masuk sllu dibilang sandi slahlah nik salah lah pdhal sudah jelas2 smuanya benar tolonglah di perbaiki mending kalo tidak buang2 pulsa terus mah kalo login in nyusahin aja percuma bayar bpjs tiap bulan kalo mau berobat di persulit gini,0,Netral,MATCH,
4429,Muhamad Atfan,5,2026-08-09,sangat membantu,sangat membantu,3,Positif,MATCH,
4430,Umiyati,5,2026-08-09,sangat memudahkan untuk pendsftaran,sangat memudahkan untuk pendsftaran,3,Positif,MATCH,
4431,Tri Astuti,5,2026-08-09,mudah dah cepat,mudah dah cepat,5,Positif,MATCH,
4432,ratna kusumawati,2,2026-08-09,"saat aplikasi digunakan untuk mendaftar ke faskes pertama selalu gagal,dokter tidak ditemukan,coba lagi,dll. padahal di faskes tersebut kalau tidak mendaftar online tidak dilayani,terutama yg poli gigi. Sehari mencoba berkali kali hanya untuk mendaftar online. Akhirnya terlewat beberapa hari untuk periksa gigi. semoga bisa diperbarui lagi.",saat aplikasi digunakan untuk mendaftar ke faskes pertama selalu gagal dokter tidak ditemukan coba lagi dll padahal di faskes tersebut kalau tidak mendaftar online tidak dilayani terutama yang poli gigi sehari mencoba berkali kali hanya untuk mendaftar online akhirnya terlewat beberapa hari untuk periksa gigi semoga bisa diperbarui lagi,-2.5,Negatif,MATCH,
4433,Suci Kage,1,2026-08-09,aplikasi ga jelas ngirim kode otp ga bisa bisa,aplikasi tidak jelas ngirim kode otp tidak bisa bisa,-1.35,Negatif,MATCH,
4434,rrobyad Vpi,1,2026-08-09,kenapa harus dibatasi untuk versi android tertentu. harusnya semua versi bisa download.,kenapa harus dibatasi untuk versi android tertentu harusnya semua versi bisa download,0,Netral,MATCH,
4435,Rei,1,2026-08-09,kenapa dipersulit untuk berobat wajib daftar online,kenapa dipersulit untuk berobat wajib daftar online,-3.5,Negatif,MATCH,
4436,Uchil .95,1,2026-08-09,buruk sekali apk nya bukanya mempermudah malah makin sulit,buruk sekali aplikasi nya bukanya mempermudah malah makin sulit,-5.5,Negatif,MATCH,
4437,Sely Nurfatwa,1,2026-08-09,"harus nya gak gampang log out, jadi kalo aga lama ga di buka lupa password, pas buka lupa password selalu ""belum dapat kami proses"". susah deh masuk lagi. sush mau gunakan lagi. harap di perbaiki, supaya kita jga gampang buat pake nya, jgn mlah jd gampang² susah.",harus nya tidak gampang login out jadi kalo aga lama tidak di buka lupa password pas buka lupa password selalu belum dapat kami proses sulit deh masuk lagi sush mau gunakan lagi harap di perbaiki supaya kita jga gampang buat pake nya jgn mlah jd gampang sulit,-7,Negatif,MATCH,
4438,EKO WAHYUDI,5,2026-08-09,bagus mempermuda,bagus mempermuda,2,Positif,MATCH,
4439,Anto Sigap,5,2026-08-09,sangat membantu sekali,sangat membantu sekali,3,Positif,MATCH,
4440,Wkwkwk lanjutkan etik,1,2026-08-09,ini gimn orang hp saya sudah gk bisa digunakan gimn ini,ini gimn orang hp saya sudah tidak bisa digunakan gimn ini,0,Netral,MATCH,
4441,Intantarnasari17 01,1,2026-08-09,kenapa sih kode otp harus banget pake pulsa. ga bisa dipersimple pake wa kek apa kek ah ga bisa login gegera ini. mana lupa pasword,kenapa sih kode otp harus banget pake pulsa tidak bisa dipersimple pake wa kek apa kek ah tidak bisa login gegera ini mana lupa pasword,0,Netral,MATCH,
4442,Me Me,5,2026-08-09,oke deh pokoknya,oke deh pokoknya,1.5,Positif,MATCH,
4443,Aisyah Nur,1,2026-08-09,aplikasinya tidak bisa di instal di perangkat saya padahal kalo mau priksa butuh benget aplikasi ini,aplikasinya tidak bisa di instal di perangkat saya padahal kalo mau priksa butuh benget aplikasi ini,0,Netral,MATCH,
4444,Irma Fatimah,4,2026-08-09,kenapa aplikasi jkn mobile d hp saya sekarang tdk bisa di download?bagaimana ini solusinya?,kenapa aplikasi jkn mobile d hp saya sekarang tidak bisa di download bagaimana ini solusinya,0,Netral,MATCH,
4445,Mayat,5,2026-08-09,ok,ok,1.5,Positif,MATCH,
4446,Derispa Maulana,5,2026-08-09,nice bagus,nice bagus,4,Positif,MATCH,
4447,Asep Saprudin,5,2026-08-09,Terima kasih karena dengan ini memudahkan untuk berobat kapan saja,terima kasih karena dengan ini memudahkan untuk berobat kapan saja,5,Positif,MATCH,
4448,Alan Prabana,1,2026-08-09,"aplikasi apaan, punya negara kok gini apknya",aplikasi apaan punya negara kok gini apknya,0,Netral,MATCH,
4449,dede arifin,5,2026-08-09,Cukup membantu,cukup membantu,3,Positif,MATCH,
4450,Nia Febiyanti,1,2026-08-09,"aplikasi ga berfaedah,ambil antrian suruh online tapi setiap verifikasi akun ga bisa Mulu.",aplikasi tidak berfaedah ambil antrean suruh online tapi setiap verifikasi akun tidak bisa terus,0,Netral,MATCH,
4451,Muhammad Kevin Harka Saputra,1,2026-08-09,"SMS OTP kok gk masuk? ada kendala mulu sistem nya gimana? dri dulu udh mau login tpi kode OTP gk masuk2 masalahnya kendala, sekarang coba lagi kok sama aja? sistem nya tolong diperbaiki jangan mempersulit dong",sms otp kok tidak masuk ada kendala terus sistem nya gimana dari dulu sudah mau login tpi kode otp tidak masuk2 masalahnya kendala sekarang coba lagi kok sama aja sistem nya tolong diperbaiki jangan mempersulit dong,0,Netral,MATCH,
4452,Boby Mahendra,5,2026-08-09,top,top,2.5,Positif,MATCH,
4453,Zayd Abisatya,5,2026-08-09,"sangat membantu,okbanget",sangat membantu okbanget,3,Positif,MATCH,
4454,Lilik Yuliani,1,2026-08-09,"Aplikasibtidak bisa di pakai, baru di buka langsung suruh daftar autodebet, udah daftar pas masukan kode Verifikasi malah kata aplikasi format email salah. Kan aneh. Mintanya nomer, dikasih nomer minta format email.",aplikasibtidak bisa di pakai baru di buka langsung suruh daftar autodebet udah daftar pas masukan kode verifikasi malah kata aplikasi format email salah kan aneh mintanya nomer dikasih nomer minta format email,0,Netral,MATCH,
4455,Mochammad Noer,5,2026-08-09,Kreen! Sangat terbantu! Haturnuhun Lur! jkn Terbaik memang,kreen sangat terbantu haturnuhun lur jkn terbaik memang,3,Positif,MATCH,
4456,Suko Biono,5,2026-08-09,terima kasih,terima kasih,2,Positif,MATCH,
4457,mark lee,1,2026-08-09,"error terus, sering loh out gak jelas",error terus sering loh out tidak jelas,-3.85,Negatif,MATCH,
4458,rossandi andes,5,2026-08-09,sangat membantu,sangat membantu,3,Positif,MATCH,
4459,Daus Firdaus,1,2026-08-09,"aplikasi jelek, susah banget untuk login selalu gagal padahal kuota pulsa ada.ngirim ulang kode otp aja nunggu pakai pulsa",aplikasi buruk sulit banget untuk login selalu gagal padahal kuota pulsa ada ngirim ulang kode otp aja nunggu pakai pulsa,-8,Negatif,MATCH,
4460,Anwar Afandi,5,2026-08-09,"Untuk penambahan anggota bpjs dalam satu KK mohon dipermudah, soalnya kami orang pekerja yang bisa di rumah nya hanya Sabtu-Minggu, selebihnya di kantor. terimakasih.",untuk penambahan anggota bpjs dalam satu kartu keluarga mohon dipermudah soalnya kami orang pekerja yang bisa di rumah nya hanya sabtu-minggu selebihnya di kantor terimakasih,0,Netral,MATCH,
4461,Asu Teles,5,2026-08-09,lumayan bisa membantu,lumayan bisa membantu,3,Positif,MATCH,
4462,Ely Fitriani,1,2026-08-09,"menguras emosii, tplong diperbaiki aplikasi nya ini, saya mau daftar masukin nomor hp, tapi tidak bisa",menguras emosii tplong diperbaiki aplikasi nya ini saya mau daftar masukin nomor hp tapi tidak bisa,0,Netral,MATCH,
4463,Ardi Utama,1,2026-08-09,"aplikasi busuk.. tiap kali buka harus log in, padahal gak pernah log out",aplikasi busuk tiap kali buka harus login in padahal tidak pernah login out,0,Netral,MATCH,
4464,Casini Casini,5,2026-08-09,good,good,2,Positif,MATCH,
4465,Blue ice one,1,2026-08-09,selalu gagal dalam mengubungkan applikasi pembayaran i-saku sebagai opsi pembayaran JKN di awal daftar,selalu gagal dalam mengubungkan applikasi pembayaran i-saku sebagai opsi pembayaran jkn di awal daftar,-2.5,Negatif,MATCH,
4466,Nasrullah Salim,1,2026-08-09,LOADING APLIKASI LOADING,loading aplikasi loading,0,Netral,MATCH,
4467,Hayati Nufus,5,2026-08-09,mantap,mantap,3,Positif,MATCH,
4468,Barika Afar (BARIKA AFAR),5,2026-08-09,aga Membantu,aga membantu,3,Positif,MATCH,
4469,Ikbal Ruswandi,5,2026-08-09,sangat keren,sangat keren,2.5,Positif,MATCH,
4470,Agus Wiyatno,5,2026-08-09,semudah itu menggunakan aplikasinya,semudah itu menggunakan aplikasinya,0,Netral,MATCH,
4471,Wuwu Wawa,1,2026-08-09,banyak sekali bug di aplikasi ini mau daftar registrasi aja susahnya minta ampun. tolong lebih diperbaiki lagi servernya. aplikasi tiba tiba berhenti berjalan dan semua data log out,banyak sekali bug di aplikasi ini mau daftar registrasi aja susahnya minta ampun tolong lebih diperbaiki lagi servernya aplikasi tiba tiba berhenti berjalan dan semua data login out,-2,Negatif,MATCH,
4472,Ridho Tegar,1,2026-08-09,"PAS LOGIN BUAT IBU GUWA MALAH HARUS INI ITU, BUKAN MEMPERMUDAH MALAH MEMPERSULIT PASIEN, BUAT APLIKASI SESIMPEL MUNGKIN LAH BIAR SEMUA KALANGAN BISA MUDAH MENGGUNAKAN APLIKASI YANG CACAT INI, TOLONG SEGERA DIBUAT MUDAH SU DI PERBAIKI, DI BUAT ULANG JUGA",pas login buat ibu guwa malah harus ini itu bukan mempermudah malah mempersulit pasien buat aplikasi sesimpel mungkin lah biar semua kalangan bisa mudah menggunakan aplikasi yang cacat ini tolong segera dibuat mudah su di perbaiki di buat ulang juga,5,Positif,MISMATCH_LOW_RATING,Salah klik rating / Human error (Isi ulasan berupa pujian murni)
4473,Rumah Sederhana,1,2026-08-09,"40 juta pengguna menunginstal karna aplikasi ribet pada otp sms, ribet uninstal lagi",40 juta pengguna menunginstal karena aplikasi rumit pada otp sms rumit uninstal lagi,-4,Negatif,MATCH,
4474,Allyna Ayushita,1,2026-08-09,kenapa butuh memori gede sih? udah ngehapus apapun tetep ga bisa! bahkan tugas sekolah yang penting udah tak hapus loh gara gara download ini. TOLONG YA DI BENERIN LAGI PLIS KURANGIN MB NYA BUAT DOWNLOAD,kenapa butuh memori gede sih udah ngehapus apapun tetep tidak bisa bahkan tugas sekolah yang penting udah tak hapus loh gara gara download ini tolong ya di perbaiki lagi tolong kurangin mb nya buat download,0,Netral,MATCH,
4475,Akmadi Maulana,5,2026-08-09,ok,ok,1.5,Positif,MATCH,
4476,Yopi Candra,1,2026-08-09,daftar susah sekali. aplikasi pemerintahan selalu buruk sering kali eror. vertifikasi nomor telepon tidak masuk2 di inbox pesan atau whatsapp,daftar sulit sekali aplikasi pemerintahan selalu buruk sering kali error vertifikasi nomor telepon tidak masuk2 di inbox pesan atau whatsapp,-8,Negatif,MATCH,
4477,Moh Hadi,1,2026-08-09,nomer sudah benar tapi tidak menerima kode otp sama sekali,nomer sudah benar tapi tidak menerima kode otp sama sekali,0,Netral,MATCH,
4478,Rahmat Ali,1,2026-08-09,mengecewakan,mengecewakan,0,Netral,MATCH,
4479,Aang Hapiadi,5,2026-08-09,baik untuk memfasilitasi bpjs dengan konsumen nya.,baik untuk memfasilitasi bpjs dengan konsumen nya,2,Positif,MATCH,
4480,Padila Padila,3,2026-08-09,tolong buat developer versi android turunin dong gua kesusahan buat daftar ke rumah sakit secara online mohon pengertiannya,tolong buat developer versi android turunin dong gua kesusahan buat daftar ke rumah sakit secara online mohon pengertiannya,0,Netral,MATCH,
4481,Uus Kusnandar,5,2026-08-09,sangat memudahkan,sangat memudahkan,3,Positif,MATCH,
4482,Mohamad Ziaul,5,2026-08-09,josjis,josjis,0,Netral,MATCH,
4483,Anita Wati,5,2026-08-09,mantap dan cepat,mantap dan cepat,5.5,Positif,MATCH,
4484,Willona Azzahra,1,2026-08-09,makin buruk,makin buruk,-3,Negatif,MATCH,
4485,Nurul Afifah,5,2026-08-09,sangat membantu,sangat membantu,3,Positif,MATCH,
4486,Airoon Dasya akanza,1,2026-08-09,"kalo mau ambil antrian di puskesmas masa harus buat asuransi BPJS dulu, aku mau lewat jalur umum. tapi ambil antrian nya online jadi gak bisa. coba aja ambil antrian nya bisa semua orang mau itu BPJS atau umum. yang lewat jalur umum harus daftar offline, kurang praktis soal nya. pliiss yang jalur umum bisa ambil antrian online juga dong. pilih kasih amat.",kalo mau ambil antrean di puskesmas masa harus buat asuransi bpjs dulu aku mau lewat jalur umum tapi ambil antrean nya online jadi tidak bisa coba aja ambil antrean nya bisa semua orang mau itu bpjs atau umum yang lewat jalur umum harus daftar offline kurang praktis soal nya pliiss yang jalur umum bisa ambil antrean online juga dong pilih kasih amat,-2.25,Negatif,MATCH,
4487,Pupu 06,5,2026-08-09,sangat memuaskan sekali,sangat memuaskan sekali,0,Netral,MATCH,
4488,Talibalituankotta84 Albot84,5,2026-08-09,memudahkan dan memutuskan,memudahkan dan memutuskan,3,Positif,MATCH,
4489,handi arianto,5,2026-08-09,makasih,makasih,2,Positif,MATCH,
4490,Anton Din,5,2026-08-09,praktis,praktis,2.5,Positif,MATCH,
4491,Jack Linklunk,3,2026-08-08,Aplikasi bagus pelayanan sudah mulai membaik,aplikasi bagus pelayanan sudah mulai membaik,2,Positif,MATCH,
4492,gagan daryana,1,2026-08-08,4 peserta udah update kk jadi 3 peserta sudah update kk Poto norek tetap aja bayar 4,4 peserta udah update kartu keluarga jadi 3 peserta sudah update kartu keluarga poto norek tetap aja bayar 4,0,Netral,MATCH,
4493,Maxim Susanto,5,2026-08-08,"oke mantap, sangat membantu...",oke mantap sangat membantu,7.5,Positif,MATCH,
4494,Ai Sitiwatisah,2,2026-08-08,kenapa jln of susah mau daftar online dari kemaren ya,kenapa jalan of sulit mau daftar online dari kemaren ya,-2.5,Negatif,MATCH,
4495,Arinaldi Siregar,5,2026-08-08,sangat membantu,sangat membantu,3,Positif,MATCH,
4496,irul syah reza,5,2026-08-08,Bravo,bravo,0,Netral,MATCH,
4497,Wida Apriani,3,2026-08-08,"apk ini cukup memudahkan buat pendaftaran tapi hanya untuk sebagian orang yang memiliki smartphone, untuk orang tua yang sudah sepuh tapi harus ttp berobat tentunya tidak membantu malah makin repot, apalagi mereka yg jauh dari anak untuk hal² semacam ini tuh susah, ini udh terjadi di bbrapa kerabat aku🙏🏻 trs tolong bgt ini buat org pelupa seperti saya hrs bgt di tulisin kata sandinya soalnya sering bgt ke log out sendiri, lagi antri udh mau check in pendaftaran tbtb ke log out, sedikit gaje🙏.",aplikasi ini cukup memudahkan buat pendaftaran tapi hanya untuk sebagian orang yang memiliki smartphone untuk orang tua yang sudah sepuh tapi harus ttp berobat tentunya tidak membantu malah makin repot apalagi mereka yang jauh dari anak untuk hal semacam ini tuh sulit ini sudah terjadi di bbrapa kerabat aku terus tolong banget ini buat org pelupa seperti saya hrs banget di tulisin kata sandinya soalnya sering banget ke login out sendiri lagi antri sudah mau check in pendaftaran tbtb ke login out sedikit gaje,-2.2,Negatif,MATCH,
4498,Maulana aman Dk (Aman),5,2026-08-08,oke 👍,oke,1.5,Positif,MATCH,
4499,Dwi Rubiatul,1,2026-08-08,"Apknya tidak jelas kode otp sms nya ga masuk masuk pdhl no aktif, kuota ada, sinyal bagus tolong adminn diperbaiki lagii",apknya tidak jelas kode otp sms nya tidak masuk masuk pdhl no aktif kuota ada sinyal bagus tolong adminn diperbaiki lagii,0.65,Positif,MISMATCH_LOW_RATING,Salah klik rating / Human error (Isi ulasan berupa pujian murni)
4500,Crew Thb,1,2026-08-08,"ya Allah,, berilah kemudahan kepada Hamba2 yang sedang Sakit , kenapa Aplikasinya jadi ribet gini ya?",ya allah berilah kemudahan kepada hamba2 yang sedang sakit kenapa aplikasinya jadi rumit gini ya,-2,Negatif,MATCH,
4501,Heri Fun,2,2026-08-08,ribet susah trs banyak kendala,rumit sulit terus banyak kendala,-4.5,Negatif,MATCH,
4502,Akhmad Zaeni,5,2026-08-08,siiiplah,siplah,0,Netral,MATCH,
4503,Kusworo Kusworo,4,2026-08-08,standart ok,standart ok,1.5,Positif,MATCH,
4504,Ninie Ernia,5,2026-08-08,sangat membantu,sangat membantu,3,Positif,MATCH,
4505,As Asmauun,5,2026-08-08,sangat luarbiasa,sangat luarbiasa,0,Netral,MATCH,
4506,Abrori Sari,5,2026-08-08,ok,ok,1.5,Positif,MATCH,
4507,dandi malik erlangga,1,2026-08-08,"inibginana dari dulu gapernah bisa kirim otp,udah ganti hp 3 kali gw.. sekelas aplikasi pemerintah jelek banget,gajelas",inibginana dari dulu gapernah bisa kirim otp udah ganti hp 3 kali gw sekelas aplikasi pemerintah buruk banget gajelas,-3,Negatif,MATCH,
4508,zainal abidin,5,2026-08-08,bagus,bagus,2,Positif,MATCH,
4509,abu marwan,5,2026-08-08,sangat berguna,sangat berguna,0,Netral,MATCH,
4510,imam suryadi,5,2026-08-08,okeee,oke,1.5,Positif,MATCH,
4511,CherryRess,1,2026-08-08,lah gimana mau cek keaktifan BPJS kalo minta kode verifikasi nomor telepon ga masuk-masuk.,lah gimana mau cek keaktifan bpjs kalo minta kode verifikasi nomor telepon tidak masuk-masuk,0,Netral,MATCH,
4512,Ade Rangga,1,2026-08-08,server kocak gak bisa log in mulu ke akun server eror mulu makanya dana server jga jngan d korupsi kocak,server kocak tidak bisa login in terus ke akun server error terus makanya dana server jga jngan d korupsi kocak,-2.5,Negatif,MATCH,
4513,Ade Hendri,5,2026-08-08,bagus,bagus,2,Positif,MATCH,
4514,Momo Anser,1,2026-08-08,riset sandi aja ga bisa wkwk udh 2026 masih susah apknya,riset sandi aja tidak bisa wkwk sudah 2026 masih sulit apknya,-2.5,Negatif,MATCH,
4515,Qudsjatin Ervina,5,2026-08-08,Sangat mudah dipahami,sangat mudah dipahami,2.5,Positif,MATCH,
4516,Akrom,1,2026-08-08,buruk,buruk,-3,Negatif,MATCH,
4517,Russambodo Sambodo,5,2026-08-08,mantap jkn.. semakin mudah dan lengkap,mantap jkn semakin mudah dan lengkap,5.5,Positif,MATCH,
4518,Muhammad Ashad,1,2026-08-08,"apk bobrok, gak bisa ngirim otp",aplikasi bobrok tidak bisa ngirim otp,0,Netral,MATCH,
4519,Jabal Nur,5,2026-08-08,bagus,bagus,2,Positif,MATCH,
4520,Daniel Landeoni,5,2026-08-08,Sangat menarik,sangat menarik,0,Netral,MATCH,
4521,Nash rullah,1,2026-08-08,"otpnya ga masuk masuk, ni org niat ga sih bikin aplikasi",otpnya tidak masuk masuk ni org niat tidak sih bikin aplikasi,0,Netral,MATCH,
4522,Irfan Ar Rifai,1,2026-08-08,"sudah mendaftar antrian, dan sudah mendapat jadwal , pas sesampainya di rumah sakit dokternya cuti",sudah mendaftar antrean dan sudah mendapat jadwal pas sesampainya di rumah sakit dokternya cuti,0,Netral,MATCH,
4523,Calista Zahra khoerunisa,5,2026-08-08,sangat membantu,sangat membantu,3,Positif,MATCH,
4524,Daffamy 1123,5,2026-08-08,sangat membantu,sangat membantu,3,Positif,MATCH,
4525,Abdulah Abdulah,5,2026-08-08,kenapa dihp saya nggak bisa mengakses ke mobile JKN,kenapa dihp saya tidak bisa mengakses ke mobile jkn,0,Netral,MATCH,
4526,sarmih emi,5,2026-08-08,bermanfaat dan bagus semoga sukses,bermanfaat dan bagus semoga sukses,7,Positif,MATCH,
4527,Pc방탄소년단,1,2026-08-08,"mau masuk padahal pw nya dan nik nua udah tepat tpi malah dibikon salah, kenapa sya bilang trpat krna sdh saya catat. Lalu saat sya ingin lupa pw kan harus krm no hp, eh udah lama sya tunggu gk ada sis yg masuk. tolong lah di perbaiki apk nya, susah sekali kalu mau di akses",mau masuk padahal pw nya dan nik nua udah tepat tpi malah dibikon salah kenapa sya bilang trpat krna sudah saya catat lalu saat sya ingin lupa pw kan harus krm no hp eh udah lama sya tunggu tidak ada sis yang masuk tolong lah di perbaiki aplikasi nya sulit sekali kalu mau di akses,-4.5,Negatif,MATCH,
4528,sandi thew,1,2026-08-08,ga niat bikin aplikasi,tidak niat bikin aplikasi,0,Netral,MATCH,
4529,Jerry Jordan,1,2026-08-08,"aplikasi sampah mau daftar saja susah, pulsa ku di kuras, tapi kode OTP nya ga di kirim kirim, parahhh",aplikasi sampah mau daftar saja sulit pulsa ku di kuras tapi kode otp nya tidak di kirim kirim buruk,-9.5,Negatif,MATCH,
4530,Pii,1,2026-08-08,Kok tbtb jadi tidak kompatibel? padahal dihp satunya punya ayahku dengan kesamaan yang sama dengan hpku malah bisa???,kok tbtb jadi tidak kompatibel padahal dihp satunya punya ayahku dengan kesamaan yang sama dengan hpku malah bisa,0,Netral,MATCH,
4531,Sidiq Amrillah,1,2026-08-08,"jelek.. susah bikin akun baru , yang tambah bikin buruk daftar kontrol harus pakai apk jelek ini",buruk sulit bikin akun baru yang tambah bikin buruk daftar kontrol harus pakai aplikasi buruk ini,-11.5,Negatif,MATCH,
4532,Chanciel 17,2,2026-08-08,"INI KENAPA YA NOMOR YANG DI PAKE REGIS GA MASUK""PESAN KODE NYA??? DI NIK SUAMI G BISA DI NIK KU JUGA ENGGA?? TERUS PAKE ACARA GA BISA NGIRIM PESAN KALO G ADA PULSA????",ini kenapa ya nomor yang di pake regis tidak masuk pesan kode nya di nik suami g bisa di nik ku juga engga terus pake acara tidak bisa ngirim pesan kalo g ada pulsa,0,Netral,MATCH,
4533,Zona Frys,4,2026-08-08,"Dengan Hadirnya Mobile JKN, Pelayanan Kesehatan jadi Semakin Mudah.",dengan hadirnya mobile jkn pelayanan kesehatan jadi semakin mudah,2.5,Positif,MATCH,
4534,Tina Karen,5,2026-08-08,ok,ok,1.5,Positif,MATCH,
4535,Isti Komah,5,2026-08-08,bagus,bagus,2,Positif,MATCH,
4536,Curve Line,5,2026-08-08,Tadi saya ubah lokasi faskes BPJS saya dan berhasil di aplikasi mobile JKNnya. Tapi belum dicoba untuk berobat ke lokasi faskesnya karena sekarang lagi tidak sakit. Mudah-mudahan berhasil,tadi saya ubah lokasi faskes bpjs saya dan berhasil di aplikasi mobile jknnya tapi belum dicoba untuk berobat ke lokasi faskesnya karena sekarang lagi tidak sakit mudah-mudahan berhasil,4,Positif,MATCH,
4537,ubaidi iz,5,2026-08-08,mantap,mantap,3,Positif,MATCH,
4538,Karsandi Andi,5,2026-08-08,mantap 😍👍🏻👍🏻,mantap,3,Positif,MATCH,
4539,Sunarsih Aci,5,2026-08-08,memudhkan pelayanan,memudhkan pelayanan,0,Netral,MATCH,
4540,Chi Ci,5,2026-08-08,lebih praktis saat ambil antrean,lebih praktis saat ambil antrean,2.5,Positif,MATCH,
4541,ridho Ali,1,2026-08-08,"pas daftar pake nomor saya... giliran mau ambil antrean suruh verifikasi lagi ke nomor lain, gatau nomor siapa itu, ada opsi verifikasi lewat email, pas di klik malah gabisa..",pas daftar pake nomor saya giliran mau ambil antrean suruh verifikasi lagi ke nomor lain gatau nomor siapa itu ada opsi verifikasi lewat email pas di klik malah tidak bisa,0,Netral,MATCH,
4542,Siti nurhasanah Siti nurhasanah,5,2026-08-08,mantep sangat membantu,mantep sangat membantu,3,Positif,MATCH,
4543,Ragil Komardi,5,2026-08-08,sebenernya bagus tapi kenapa klau mau cicil program rehab selalu ga bisa,sebenernya bagus tapi kenapa klau mau cicil program rehab selalu tidak bisa,2,Positif,MATCH,
4544,Kebob B,1,2026-08-08,antrian nya tidak muncul,antrean nya tidak muncul,0,Netral,MATCH,
4545,Ligar Ardhani,5,2026-08-08,good,good,2,Positif,MATCH,
4546,Kadek Wijana,5,2026-08-08,Bagus,bagus,2,Positif,MATCH,
4547,Yudha Huda,1,2026-08-08,ga bisa login,tidak bisa login,0,Netral,MATCH,
4548,Ilham efendi,1,2026-08-08,busuk busukk bnget otp kagak ke kirim kirim yang nomor telpon,busuk busukk bnget otp kagak ke kirim kirim yang nomor telpon,0,Netral,MATCH,
4549,Angely Saisab,5,2026-08-08,sangat membantu😇,sangat membantu,3,Positif,MATCH,
4550,Purwo Indra Irawan,5,2026-08-08,Sangat membantu dalam waktu & administrasi,sangat membantu dalam waktu administrasi,3,Positif,MATCH,
4551,Abiyu Kelvin hibrizy,5,2026-08-08,sangat membantu,sangat membantu,3,Positif,MATCH,
4552,RAsni Channel,5,2026-08-08,Lumayan cepat dan mudah,lumayan cepat dan mudah,5,Positif,MATCH,
4553,akun pribadi bang iky,3,2026-08-08,pas mau daftar verivikasi wajah tidak bisa,pas mau daftar verivikasi wajah tidak bisa,0,Netral,MATCH,
4554,Anto Bagus,4,2026-08-08,aplikasi bagus ngak susah gampang pemakaian,aplikasi bagus ngak sulit gampang pemakaian,-0.5,Netral,MATCH,
4555,Muhammad Syahrul,1,2026-08-08,aplikasi ga jelas daftar online kuota terpenuhi padahal daftar nya pagi,aplikasi tidak jelas daftar online kuota terpenuhi padahal daftar nya pagi,-1.35,Negatif,MATCH,
4556,Muhammad Aqil Kahar,1,2026-08-08,"kalo bikin aplikasi kasih tolong dikasih jalan alternatif, pikirin, jangan Nomor telepon yang dijadikan primary key karena gak semua nomor telepon bakal permanen aktif, alhasil orang yang mau berobat lewat aplikasi inipun kesusahaan untuk login karena sistemnya pake NIK juga bukan username atau email, dan tolong juga sebisa mungkin alihkan ke Google account sebagai kunci utama untuk login bukan Nomor telepon.",kalo bikin aplikasi kasih tolong dikasih jalan alternatif pikirin jangan nomor telepon yang dijadikan primary key karena tidak semua nomor telepon bakal permanen aktif alhasil orang yang mau berobat lewat aplikasi inipun kesusahaan untuk login karena sistemnya pake nik juga bukan username atau email dan tolong juga sebisa mungkin alihkan ke google account sebagai kunci utama untuk login bukan nomor telepon,0,Netral,MATCH,
4557,inar rif,5,2026-08-08,sangat sangat membantu sekali,sangat sangat membantu sekali,3,Positif,MATCH,
4558,Handi Ristanto,5,2026-08-08,mantap,mantap,3,Positif,MATCH,
4559,Ahmad Humam AHARK,1,2026-08-08,MAKSUDNYA APAAN YAAH? NGURAS UANG SAYA TERUS 5K SECARA BERTURUT TURUT.,maksudnya apaan yaah nguras uang saya terus 5k secara berturut turut,0,Netral,MATCH,
4560,Mubarak Harmain,1,2026-08-08,sulit verivikasi SMS nya dan ga ada kode SMS nya padahal udah nunggu 1 jam,sulit verivikasi sms nya dan tidak ada kode sms nya padahal udah nunggu 1 jam,-2.5,Negatif,MATCH,
4561,Bintangfirdaus 01,1,2026-08-08,"susah banget mau dapetin kode OTP SMS, ga muncul muncul, padahal kuota dan SMS ada. jangan mempersulit rakyat kecil dong! susah bgt mau login doang.",sulit banget mau dapetin kode otp sms tidak muncul muncul padahal kuota dan sms ada jangan mempersulit rakyat kecil dong sulit banget mau login doang,-5,Negatif,MATCH,
4562,Dhiq Assiddiqhi,5,2026-08-07,Alhamdulillah pelayanan JKN sekarang lebih baik di banding tahun tahun sebelumnya.,alhamdulillah pelayanan jkn sekarang lebih baik di banding tahun tahun sebelumnya,2,Positif,MATCH,
4563,PAHE SPORT CHANNEL,5,2026-08-07,Terimakasih sangat terbantu semoga terus ditingkatkan,terimakasih sangat terbantu semoga terus ditingkatkan,0,Netral,MATCH,
4564,dinarsyi putri,1,2026-08-07,gak bisa digunakan buat daftar onlen tungu beberapa saat dr mlem ssmpe pagi.ala sih yg berjalan lncarr aplisi buat masarakat itu,tidak bisa digunakan buat daftar onlen tungu beberapa saat dr mlem ssmpe pagi ala sih yang berjalan lncarr aplisi buat masarakat itu,0,Netral,MATCH,
4565,Muhammad Wahyudi,2,2026-08-07,"bug nya tolong diatasin doong,ni setiap verivikasi bug muluu",bug nya tolong diatasin doong ni setiap verivikasi bug muluu,-4,Negatif,MATCH,
4566,Fany Chriscella,2,2026-08-07,"captcha tidak muncul padahal lg perlu aplikasi jkn , jelek bgt padahal sinyal udah bagus , mau daftar faskes aja susah amat gara2 captcha ngeloading terus dr kemarin ! tolong ini solusinya gmna supaya captcha jkn muncul??",captcha tidak muncul padahal lg perlu aplikasi jkn buruk banget padahal sinyal udah bagus mau daftar faskes aja sulit amat gara2 captcha ngeloading terus dr kemarin tolong ini solusinya gmna supaya captcha jkn muncul,-3.5,Negatif,MATCH,
4567,Rais Gg,5,2026-08-07,mantap dan sangat membantu,mantap dan sangat membantu,6,Positif,MATCH,
4568,Asep Lesmana,5,2026-08-07,oke,oke,1.5,Positif,MATCH,
4569,Irma Permatasari,5,2026-08-07,sangat membantu dan bermafaat,sangat membantu dan bermafaat,3,Positif,MATCH,
4570,Nazril Salaslaki,3,2026-08-07,verifikasi muka aja susah kali,verifikasi muka aja sulit kali,-2.5,Negatif,MATCH,
4571,Anjar Farell,5,2026-08-07,oke,oke,1.5,Positif,MATCH,
4572,Gunawan Pkp,5,2026-08-07,mantap,mantap,3,Positif,MATCH,
4573,Fitranson,3,2026-08-07,"aplikasi JKN susah dibuka sekarang bug terus, dibenahi dong kita jadi terkendala, kemaren sudah ok sekarang kambuh lagi ya",aplikasi jkn sulit dibuka sekarang bug terus dibenahi dong kita jadi terkendala kemaren sudah ok sekarang kambuh lagi ya,-3,Negatif,MATCH,
4574,Supri Yatna,5,2026-08-07,sangat memudahkan,sangat memudahkan,3,Positif,MATCH,
4575,Herman,5,2026-08-07,sangat membantu pengurusan dokumen,sangat membantu pengurusan dokumen,3,Positif,MATCH,
4576,AQEELA PUTRI,5,2026-08-07,Allhamdulilah dengan adanya aplikasi JKN sangat membantu sekali,allhamdulilah dengan adanya aplikasi jkn sangat membantu sekali,3,Positif,MATCH,
4577,Usep Saepul,1,2026-08-07,kenapa aplikasi JKN tidak kompatibel di hp Android realme c2 mohon penjelasan padahal versi android 9,kenapa aplikasi jkn tidak kompatibel di hp android realme c2 mohon penjelasan padahal versi android 9,0,Netral,MATCH,
4578,Sabda Alam,5,2026-08-07,sejauh ini sangat membantu,sejauh ini sangat membantu,3,Positif,MATCH,
4579,Hesty Dinamara,5,2026-08-07,"sangat memuaskan sekali, Alhamdulillah saya telah berhasil dioperasi bonggol tulang pinggul",sangat memuaskan sekali alhamdulillah saya telah berhasil dioperasi bonggol tulang pinggul,2,Positif,MATCH,
4580,Ety Hariati,5,2026-08-07,sangat berguna,sangat berguna,0,Netral,MATCH,
4581,Nils Andrew,5,2026-08-07,sangat membantu ketika berobat,sangat membantu ketika berobat,3,Positif,MATCH,
4582,Moh Hatta,5,2026-08-07,bismillah,bismillah,0,Netral,MATCH,
4583,Dina Risnawati,5,2026-08-07,sangat bermanfaat,sangat bermanfaat,3,Positif,MATCH,
4584,Apud Sablon,4,2026-08-07,rt rw salah pdhal sya udh ganti,rt rw salah pdhal sya sudah ganti,0,Netral,MATCH,
4585,Sandi Ramadhan,1,2026-08-07,sekarang saya ngak bisa masuk aplikasi katanya perangkat ngak konsibel ngak jelas baget,sekarang saya ngak bisa masuk aplikasi katanya perangkat ngak konsibel ngak jelas baget,1.5,Positif,MISMATCH_LOW_RATING,Salah klik rating / Human error (Isi ulasan berupa pujian murni)
4586,Tati Lukman,1,2026-08-07,ga bisa login2 gimana sih aplikasinya. sampah!,tidak bisa login2 gimana sih aplikasinya sampah,-4,Negatif,MATCH,
4587,BAGRIE _INST,1,2026-08-07,"sejadul itukah hp saya sampe system nya ga suport, sedih amat yg punya hp jadul kudu beli hp baru ,ga merakyat amat ni aplikasi",sejadul itukah hp saya sampe system nya tidak suport sedih amat yang punya hp jadul kudu beli hp baru tidak merakyat amat ni aplikasi,0,Netral,MATCH,
4588,Mutia Purwaning,5,2026-08-07,mantab pelayanan nyaa,mantap pelayanan nyaa,3,Positif,MATCH,
4589,Asnanton Budiratno,5,2026-08-07,sangat membantu,sangat membantu,3,Positif,MATCH,
4590,RIMAN TAHALA,1,2026-08-07,aplikasi sampah. gini amat aplikasi untuk pelayanan masyarakat. ga bisa login,aplikasi sampah gini amat aplikasi untuk pelayanan masyarakat tidak bisa login,-4,Negatif,MATCH,
4591,Minhatul Maula,5,2026-08-07,sangat membantu,sangat membantu,3,Positif,MATCH,
4592,Wulandari,1,2026-08-07,"mau daftar gak bisa bisa anjir,ini apk pemerintah kok parah gini ya",mau daftar tidak bisa bisa anjir ini aplikasi pemerintah kok buruk gini ya,-3,Negatif,MATCH,
4593,Juan Molo,1,2026-08-07,"gak guna ini apk, buatt streess ajh, masaa kode OTP nya gak kekirim"" udah nyoba 3 nomor sama ajah gak masukkk, tolong di perbaiki",tidak guna ini aplikasi buatt streess ajh masaa kode otp nya tidak kekirim udah nyoba 3 nomor sama ajah tidak masuk tolong di perbaiki,0,Netral,MATCH,
4594,Akku 2802,1,2026-08-07,"APLIKASI SAMPAH. MASA NIK KATANYA TIDAK TERDAFTAR, MANA SUDAH RESET PASWORD LEWAT OTP TETAP GAK BISA LOGIN PADAHAL JELAS NIK KU SUDAH TERDAFTAR DAN SEMPAT DIGUNAKAN SEBELUMNYA, EH TIBA-TIBA LOG OUT SENDIRI. MEMANG APLIKASI TDK BERGUNA",aplikasi sampah masa nik katanya tidak terdaftar mana sudah reset pasword lewat otp tetap tidak bisa login padahal jelas nik ku sudah terdaftar dan sempat digunakan sebelumnya eh tiba-tiba login out sendiri memang aplikasi tidak berguna,-2.5,Negatif,MATCH,
4595,Kentang Uy Official,1,2026-08-07,"kalau bisa buatkan fitur countdown saat daftar online minimal 1 jam lah sebelum di konfirmasi di web ksatria, biar ga ada pasien daftar jam 8 pagi dan malah datang jam 11 siang, masih mending kalau pasiennya sepi nah kalo rame gimana tu, sempat dapet khasus gini, jadi aku serahin ke dokter untuk dipanggil setelah lewat 2-3 nomor, sayangnya antrean lama protes. sebaliknya jika saya urutkan sesuai kedatangn, yang online malah protes :v khusus yg umum, yg gigi ga perlu",kalau bisa buatkan fitur countdown saat daftar online minimal 1 jam lah sebelum di konfirmasi di web ksatria biar tidak ada pasien daftar jam 8 pagi dan malah datang jam 11 siang masih mending kalau pasiennya sepi nah kalo rame gimana tu sempat dapet khasus gini jadi aku serahin ke dokter untuk dipanggil setelah lewat 2-3 nomor sayangnya antrean lama protes sebaliknya jika saya urutkan sesuai kedatangn yang online malah protes v khusus yang umum yang gigi tidak perlu,-2,Negatif,MATCH,
4596,R D Prasetyo,1,2026-08-07,aplikasi menyulitkan pasien percuma bayar iuran fasilitas kaya gini,aplikasi menyulitkan pasien percuma bayar iuran fasilitas kaya gini,0,Netral,MATCH,
4597,Maria matrona Nalu,1,2026-08-07,pusingg suda beberapa kali gagal,pusingg suda beberapa kali gagal,-2.5,Negatif,MATCH,
4598,Ari Ri,5,2026-08-07,mohon info kenapa apk mobile jkn susah di akses yah,mohon info kenapa aplikasi mobile jkn sulit di akses yah,-2.5,Negatif,MISMATCH_HIGH_RATING,"Rating bintang tinggi (4-5), namun isi ulasan memuat kritik/keluhan tajam"
4599,Ahmad Maidy,5,2026-08-07,bagus..... terimakasih bpjs.....,bagus terimakasih bpjs,2,Positif,MATCH,
4600,Oppai Daisuki,1,2026-08-07,tolol,tolol,0,Netral,MATCH,
4601,Bang Ajo,5,2026-08-07,"aplikasi ini sangat membantu dan mempermudah dan mempercepat dalam pengambilan antrean namun di setiap kita login masuk ke aplikasi selalu harus memasukan nik, password dan capcha, itu juga login membutuhkan waktu lama baru di konfirmasi",aplikasi ini sangat membantu dan mempermudah dan mempercepat dalam pengambilan antrean namun di setiap kita login masuk ke aplikasi selalu harus memasukan nik password dan capcha itu juga login membutuhkan waktu lama baru di konfirmasi,1,Positif,MATCH,
4602,Su_ benno,5,2026-08-07,jos jis jus aplikasi nya,jos jis jus aplikasi nya,0,Netral,MATCH,
4603,Darma Suita,5,2026-08-07,"Saya pengguna gagap teknologi,namun masih bisa mengikuti instruksi yang diberikan,semoga pelayanan kedepannya semakin memuaskan.",saya pengguna gagap teknologi namun masih bisa mengikuti instruksi yang diberikan semoga pelayanan kedepannya semakin memuaskan,0,Netral,MATCH,
4604,oik mandala,1,2026-08-07,"Padahal iklan mlulu nyuruh orang daftar bpjs agar dimudahkan layanan kesehatannya. Udah daftar dan bayar tiap bulan BPJS. eh ketika kita sakit faskes (RS/Puskesmas) dapatnya kita cuma dianak tirikan layanannya. di judge yang pake bpjs miskin lah nggak punya otak lah, dinyinyirinlah dll. saya tanya BPJS itu fungsi nya apa, kita bayar tiap bulan ke BPJS masyrakat tu dapat manfaat apa. atau kita bayar BPJS tu wat pejabat aja????",padahal iklan mlulu nyuruh orang daftar bpjs agar dimudahkan layanan kesehatannya udah daftar dan bayar tiap bulan bpjs eh ketika kita sakit faskes rs puskesmas dapatnya kita cuma dianak tirikan layanannya di judge yang pake bpjs miskin lah tidak punya otak lah dinyinyirinlah dll saya tanya bpjs itu fungsi nya apa kita bayar tiap bulan ke bpjs masyrakat tu dapat manfaat apa atau kita bayar bpjs tu wat pejabat aja,0,Netral,MATCH,
4605,Ari Genjet,5,2026-08-07,membuat,membuat,0,Netral,MATCH,
4606,Andri Andrika,5,2026-08-07,ok,ok,1.5,Positif,MATCH,
4607,iqbal mahmud,5,2026-08-07,ok,ok,1.5,Positif,MATCH,
4608,Andik Pratama,1,2026-08-07,aplikasi jembut,aplikasi jembut,0,Netral,MATCH,
4609,Ali Amran,1,2026-08-07,"aplikasi sampah, tiap mau dibuka selalu disuruh update, instal ulanglah... banyak bacot..tudak kompatibel dengan perangkat yang digunakanlah, kemaren kemaren bisa sekarang kok tidak kompatibel? jangan nyusahin klo bikin aplikasi napa? .",aplikasi sampah tiap mau dibuka selalu disuruh update instal ulanglah banyak bacot tudak kompatibel dengan perangkat yang digunakanlah kemaren kemaren bisa sekarang kok tidak kompatibel jangan nyusahin klo bikin aplikasi napa,-4,Negatif,MATCH,
4610,YuwanCuan,1,2026-08-07,"saya harap di update lagi aplikasinya masa daftar masuk susah banget kendala di saat verifikasi no HP dengan tulisan yang membosankan, ( Permintaan Anda belum dapat di proses, silakan mencoba beberapa saat lagi ) nah yang jadi pertanyaan gangguan sampe tiap hari? tiap menit? tiap detik?",saya harap di update lagi aplikasinya masa daftar masuk sulit banget kendala di saat verifikasi no hp dengan tulisan yang membosankan permintaan anda belum dapat di proses silakan mencoba beberapa saat lagi nah yang jadi pertanyaan gangguan sampe tiap hari tiap menit tiap detik,-2.5,Negatif,MATCH,
4611,imam azis1923,5,2026-08-07,sangat bagus,sangat bagus,2,Positif,MATCH,
4612,aci aprianto,5,2026-08-07,mudah terpercaya,mudah terpercaya,2.5,Positif,MATCH,
4613,Geaaa viki,1,2026-08-07,aplikasi belum berjalan maksimal saat pengirimann kode OTP nomor tlvn gagal terus dan sering offline padahal jaringan tidak bermasalah PERHATIKAN DAN SEGERA PERBAIKI APK BOSOKMU INI! BIKIN EMOSI AJA,aplikasi belum berjalan maksimal saat pengirimann kode otp nomor tlvn gagal terus dan sering offline padahal jaringan tidak bermasalah perhatikan dan segera perbaiki aplikasi bosokmu ini bikin emosi aja,-3.5,Negatif,MATCH,
4614,Riz4l Denk,5,2026-08-07,simpel dan proses cepat tampa ngantri dan bisa pindah pindah faskes,simpel dan proses cepat tampa ngantri dan bisa pindah pindah faskes,2.5,Positif,MATCH,
4615,Wayan simpen Simpen,5,2026-08-07,sangat senang dengan pelayanan jkn,sangat senang dengan pelayanan jkn,2,Positif,MATCH,
4616,Gio Vanni,5,2026-08-07,Good Mobil JKn,good mobil jkn,2,Positif,MATCH,
4617,Jaga Pagi,5,2026-08-07,sangat membantu,sangat membantu,3,Positif,MATCH,
4618,Santa Hedika,4,2026-08-07,respon sangat baik,respon sangat baik,2,Positif,MATCH,
4619,Miharti Eming,1,2026-08-07,mau verifikasi no tlp tidak bisa di klik padahal hp dalam kondisi normal. padahal mau ngambil no antrian buat berobat besok malah tidak bisa,mau verifikasi no tlp tidak bisa di klik padahal hp dalam kondisi normal padahal mau ngambil no antrean buat berobat besok malah tidak bisa,0,Netral,MATCH,
4620,Oppo a17k,5,2026-08-07,saya sangat terbantu,saya sangat terbantu,0,Netral,MATCH,
4621,Salbianti,1,2026-08-07,susah bgt mau daftar nya,sulit banget mau daftar nya,-2.5,Negatif,MATCH,
4622,Ohar Setiawan,1,2026-08-07,jkn sangat membatu,jkn sangat membatu,0,Netral,MATCH,
4623,VANTZY 0701,5,2026-08-07,bagus,bagus,2,Positif,MATCH,
4624,Skiddy Liy,1,2026-08-07,update terbaru hp sya tidak bisa,update terbaru hp sya tidak bisa,0,Netral,MATCH,
4625,Iwan Ciwong,2,2026-08-07,"ini gimana sih niat bikin aplikasi atau engga, niat mempermudah tapi malah bikin sulit. ada menu Rehab tapi gak bisa digunakan pembayaran, tolong diperbaiki kembali.",ini gimana sih niat bikin aplikasi atau engga niat mempermudah tapi malah bikin sulit ada menu rehab tapi tidak bisa digunakan pembayaran tolong diperbaiki kembali,-2.5,Negatif,MATCH,
4626,Useng Saefullah,5,2026-08-07,bagus lebih memudahkan,bagus lebih memudahkan,5,Positif,MATCH,
4627,Ahmad Prayoga,1,2026-08-07,jelek,buruk,-3,Negatif,MATCH,
4628,MHD ABD RAFI,5,2026-08-07,bedebest,bedebest,0,Netral,MATCH,
4629,Amira Saffa,1,2026-08-07,aku kira komentar jelek mereka cuma hoax. ternyata benar.,aku kira komentar buruk mereka cuma hoax ternyata benar,-3,Negatif,MATCH,
4630,Yayan Sinatra,5,2026-08-07,"Terimakasih buat Mobile JKN,mau berobat ke faskes jadi lebih mudah...mantap",terimakasih buat mobile jkn mau berobat ke faskes jadi lebih mudah mantap,5.5,Positif,MATCH,
4631,Bin Sanan,1,2026-08-07,sulit untuk masuk aplikasi lagi,sulit untuk masuk aplikasi lagi,-2.5,Negatif,MATCH,
4632,Xinamonroll,2,2026-08-07,"optimasi untuk aplikasi kurang, terkadang terjadi log out secara mendadak padahal posisi user sedang terburu-buru, tolong optimasi aplikasi dong. Jangan asal buat aplikasi tapi optimasinya kurang",optimasi untuk aplikasi kurang terkadang terjadi login out secara mendadak padahal posisi user sedang terburu-buru tolong optimasi aplikasi dong jangan asal buat aplikasi tapi optimasinya kurang,0,Netral,MATCH,
4633,Ibnu Soleh,1,2026-08-07,"aplikasi sangat buruk, verifikasi nomor telepon ga bisa bisa, udah di coba sampe berkali kali tetep ga bisa... kenapa sih harus di buat ribet gini.... ya Allah",aplikasi sangat buruk verifikasi nomor telepon tidak bisa bisa udah di coba sampe berkali kali tetep tidak bisa kenapa sih harus di buat rumit gini ya allah,-5,Negatif,MATCH,
4634,abhai 66,1,2026-08-07,"demi keamanan aplikasi tidak bisa berjalan diperangkat yg di root, apa sih maksudnya. hp gw gak pernah di root bjirr. gak jelas bgt aplikasinya. bukannya mempermudah malah makin mempersulit",demi keamanan aplikasi tidak bisa berjalan diperangkat yang di root apa sih maksudnya hp gw tidak pernah di root bjirr tidak jelas banget aplikasinya bukannya mempermudah malah makin mempersulit,-1.35,Negatif,MATCH,
4635,Library Gaaa,5,2026-08-07,proses mudah dan cepat,proses mudah dan cepat,5,Positif,MATCH,
4636,Venisha Indri,5,2026-08-07,memudahkan mengakses Data,memudahkan mengakses data,3,Positif,MATCH,
4637,Bubun Bunyamin,5,2026-08-07,sangat membantu,sangat membantu,3,Positif,MATCH,
4638,Santi Nah,4,2026-08-07,"puas dengan aplikasi ini awalnya susah buat gabung 1 kk di 1 aplikasi sekarNg udah bisa,Alhamdulillah cukup dengan 1 hp",puas dengan aplikasi ini awalnya sulit buat gabung 1 kartu keluarga di 1 aplikasi sekarng udah bisa alhamdulillah cukup dengan 1 hp,0.5,Netral,MATCH,
4639,PUNGKAS PRAMBUDI SANTOSA,5,2026-08-07,sangat bermanfaat,sangat bermanfaat,3,Positif,MATCH,
4640,VICKY Semprul,1,2026-08-07,kenpa tidak bisa di buka,kenpa tidak bisa di buka,0,Netral,MATCH,
4641,Murni Kamariyah,5,2026-08-07,Alhamdulillah pelayanan memuaskan,alhamdulillah pelayanan memuaskan,0,Netral,MATCH,
4642,Siswanto Sherin,1,2026-08-07,apk gajelas padahal nih aplikasi penting coba la diperbaikin lagi ini mode veripikasi ga muncul muncul sampah,aplikasi gajelas padahal nih aplikasi penting coba la diperbaikin lagi ini mode veripikasi tidak muncul muncul sampah,-4,Negatif,MATCH,
4643,tatik rahman,5,2026-08-07,suka keluar otomatis,suka keluar otomatis,2,Positif,MATCH,
4644,mhoe firman,2,2026-08-07,"knapa setiap nunggu kode perivikasi, slalu tdk muncul",knapa setiap nunggu kode perivikasi slalu tidak muncul,0,Netral,MATCH,
4645,Almira Rahma,1,2026-08-07,kenapa gabisa diinstal terus,kenapa tidak bisa diinstal terus,0,Netral,MATCH,
4646,Arini Parfum,5,2026-08-07,ok,ok,1.5,Positif,MATCH,
4647,Sandi Hasan Anugrah,5,2026-08-07,baguss,baguss,0,Netral,MATCH,
4648,Margareth Palupi,5,2026-08-07,sangat memudahkan dan membantu,sangat memudahkan dan membantu,6,Positif,MATCH,
4649,Dede Yusuf,5,2026-08-07,cepat mudah digunakan,cepat mudah digunakan,5,Positif,MATCH,
4650,Aretha Dhira,1,2026-08-07,makin kesini makin bobrok.,makin kesini makin bobrok,0,Netral,MATCH,
4651,Rebecca Becha,1,2026-08-07,aplikasi eror terus gakjelas !,aplikasi error terus gakjelas,-2.5,Negatif,MATCH,
4652,Yayan Sutrisna,5,2026-08-07,Proses layanan pindah paskes..,proses layanan pindah paskes,0,Netral,MATCH,
4653,Abid Azka,5,2026-08-07,bagus,bagus,2,Positif,MATCH,
4654,Kiageng Alapalap,1,2026-08-07,tolonglahh mobile jkn.. gak semua peserta bpjs dari kalangan mampu. hp saya android 9 sudah gak suport. jadi uda tidak bisa pakai mobile jkn lagi. padahal ibu saya harus kontrol rutin ke rs.. tolong buat lebih ramah ke hp jadul.. TOOOLLLOOOONGGGG!!!!!!,tolonglahh mobile jkn tidak semua peserta bpjs dari kalangan mampu hp saya android 9 sudah tidak suport jadi uda tidak bisa pakai mobile jkn lagi padahal ibu saya harus kontrol rutin ke rs tolong buat lebih ramah ke hp jadul tolong,2,Positif,MISMATCH_LOW_RATING,Salah klik rating / Human error (Isi ulasan berupa pujian murni)
4655,imaaa,1,2026-08-07,eror mulu,error terus,-2.5,Negatif,MATCH,
4656,Dwi Syafrizal,1,2026-08-07,habis bayar kok masih tertulis ada tagihan ? nyusahin.,habis bayar kok masih tertulis ada tagihan nyusahin,0,Netral,MATCH,
4657,Siti Khatijah,1,2026-08-07,susah diakses.,sulit diakses,-2.5,Negatif,MATCH,
4658,Alfa Faruq,1,2026-08-07,"mau ambil antrean faskes pertama susah bgt, ini engineer nya gmn? masa gagal trs, koneksi stabil masih aja gabisa",mau ambil antrean faskes pertama sulit banget ini engineer nya gmn masa gagal terus koneksi stabil masih aja tidak bisa,-5,Negatif,MATCH,
4659,Siti Komariah,5,2026-08-07,Saya kasih bintang 1 dulu karena saya masuk untuk penambahan peserta ga bisa2 kenapa ya?katanya bisa lewat aplikasi ini...bagaimna coba tanggapannya...saya ad perubahan data dikeluarga dan mau tmbh ank saya kenapa g bisa masuk,saya kasih bintang 1 dulu karena saya masuk untuk penambahan peserta tidak bisa2 kenapa ya katanya bisa lewat aplikasi ini bagaimna coba tanggapannya saya ad perubahan data dikeluarga dan mau tmbh ank saya kenapa g bisa masuk,0,Netral,MATCH,
4660,Mitra Sejati,5,2026-08-07,mantap,mantap,3,Positif,MATCH,
4661,ainun njwa,1,2026-08-07,"kenapa ya suka lag atau offline di dalam aplikasi padahal jatingan bagus dan kuota ada, serasa dipersulit.",kenapa ya suka lag atau offline di dalam aplikasi padahal jatingan bagus dan kuota ada serasa dipersulit,0.5,Netral,MATCH,
4662,Nia Azda Oktavia,1,2026-08-07,"aplikasi sampah,buka aplikasinya saja muter2,jaringan lancar,kuota ada,pas bukak aplikasi sampah ini aja yg ribet,udah 2jam dibukak untuk ambil nomor antri GK bisa2",aplikasi sampah buka aplikasinya saja muter2 jaringan lancar kuota ada pas bukak aplikasi sampah ini aja yang rumit udah 2jam dibukak untuk ambil nomor antri tidak bisa2,-7.5,Negatif,MATCH,
4663,Surya Ningsih,1,2026-08-07,kenapa keluar lagi baru gak bisa masuk lagi berpa kali saya ulang trus saya data tidak di temukan terus saya di suruh ke capil apa sih tolong di perbaiki lagi sya mau pergi berobat gak bisa daftar,kenapa keluar lagi baru tidak bisa masuk lagi berpa kali saya ulang terus saya data tidak di temukan terus saya di suruh ke capil apa sih tolong di perbaiki lagi sya mau pergi berobat tidak bisa daftar,0,Netral,MATCH,
4664,Freddy Tks,5,2026-08-07,good,good,2,Positif,MATCH,
4665,Sandra Ziva,5,2026-08-07,sangat membantu buat masyarakat umum dalam melakukan registrasi,sangat membantu buat masyarakat umum dalam melakukan registrasi,3,Positif,MATCH,
4666,cho_ Samalinggai,1,2026-08-07,tidak bisa Login lagi setelah Update..!!,tidak bisa login lagi setelah update,0,Netral,MATCH,
4667,Fahri Zal,1,2026-08-07,apk sering error gak jelas ini,aplikasi sering error tidak jelas ini,-3.85,Negatif,MATCH,
4668,Agung Dwi Cahyo,5,2026-08-07,jos,jos,0,Netral,MATCH,
4669,Fia Surabaya,1,2026-08-07,susah untuk login padahal mau di pakek buat ambil antrian mohon di perbaiki,sulit untuk login padahal mau di pakek buat ambil antrean mohon di perbaiki,-2.5,Negatif,MATCH,
4670,Edy Sari,5,2026-08-07,terimakasih,terimakasih,0,Netral,MATCH,
4671,Wayan Widiantara,5,2026-08-07,Mudah dan Nyaman,mudah dan nyaman,5,Positif,MATCH,
4672,arif sarimo,5,2026-08-07,akses mudah dan terpercaya,akses mudah dan terpercaya,2.5,Positif,MATCH,
4673,War kita,1,2026-08-07,eror gak bisa masuk daftar ulang ke rs,error tidak bisa masuk daftar ulang ke rs,-2.5,Negatif,MATCH,
4674,Ning tyas,5,2026-08-07,ok tks,ok tks,1.5,Positif,MATCH,
4675,Muhammad Farhan,1,2026-08-07,"Aplikasi jelek, sering gangguan, tolong lah diperbaiki, diperbarui, masa sekelas aplikasi buatan negeri begini kualitas nya, sering gangguan, ambil antrian ga bisa, kadang nge bug🫩 nanti KLO improve baru naik bintangnya",aplikasi buruk sering gangguan tolong lah diperbaiki diperbarui masa sekelas aplikasi buatan negeri begini kualitas nya sering gangguan ambil antrean tidak bisa kadang nge bug nanti klo improve baru naik bintangnya,-5,Negatif,MATCH,
4676,Deni Doang,1,2026-08-07,"malah d bikin ribet pas login gegara capsta,,kemarenan enak enak aj pake JKN. pas update malah d bikin dongo",malah d bikin rumit pas login gegara capsta kemarenan enak enak aj pake jkn pas update malah d bikin dongo,-2,Negatif,MATCH,
4677,Asmita Harahap,1,2026-08-07,"cacat weeeee jkn niii,memperlambat org,yah kode nya salah lah,pin salah lah,nik salah,sampai2 apl ini tidak bisa di proses,org butuh cepat,",cacat we jkn ni memperlambat org yah kode nya salah lah pin salah lah nik salah sampai2 apl ini tidak bisa di proses org butuh cepat,2.5,Positif,MISMATCH_LOW_RATING,Salah klik rating / Human error (Isi ulasan berupa pujian murni)
4678,Siti Dahlia,1,2026-08-07,Makin lemott dan makin ancur sistemnya,makin lemott dan makin hancur sistemnya,-3.5,Negatif,MATCH,
4679,Achmad Fauzi,5,2026-08-07,bagus mudah untuk berobat di mana pun,bagus mudah untuk berobat di mana pun,4.5,Positif,MATCH,
4680,Aben BM Situmorang,5,2026-08-07,keren,keren,2.5,Positif,MATCH,
4681,Ingin Tahu,3,2026-08-07,"kenapa ya aplikasi JKN itu selalu dibuat logout ketika akun dipakai untuk berobat.. jadi seakan akun JKN di login ke sistem RS sedangkna akun di aplikasi dipaksa logout, kenapa di sistem RS tidak di anggap akun pengunjung atau kenapa harus logout in di RS, padahal kan data sudah tersmabhng langsung, gunanya RS logout in akun pasien apa??? saya selalu lupa passwordnya dan sangat tidak efisien tiap mau periksa harus login ulang ulang dan ulang terus",kenapa ya aplikasi jkn itu selalu dibuat logout ketika akun dipakai untuk berobat jadi seakan akun jkn di login ke sistem rs sedangkna akun di aplikasi dipaksa logout kenapa di sistem rs tidak di anggap akun pengunjung atau kenapa harus logout in di rs padahal kan data sudah tersmabhng langsung gunanya rs logout in akun pasien apa saya selalu lupa passwordnya dan sangat tidak efisien tiap mau periksa harus login ulang ulang dan ulang terus,-2.25,Negatif,MATCH,
4682,naif channel,1,2026-08-07,pas di butuhkan kan Malah eror.. terus.. parah sih. mempersulit masyarakat kecil,pas di butuhkan kan malah error terus buruk sih mempersulit masyarakat kecil,-5.5,Negatif,MATCH,
4683,Ronggolawe Storys,2,2026-08-07,"apk dri pemerintah tpi sering eror, ini hari jumat baru punya uang buat bayar, tpi lagi eror, besok hari sbtu minggu libur gk bisa bayar, besoknya hari senin dpt sanksi krna telat bayar, nyusahin msyarakat",aplikasi dari pemerintah tpi sering error ini hari jumat baru punya uang buat bayar tpi lagi error besok hari sbtu minggu libur tidak bisa bayar besoknya hari senin dpt sanksi krna telat bayar nyusahin msyarakat,-5,Negatif,MATCH,
4684,Aisyahtus Zahroh,1,2026-08-07,"kenapa lemot sekali, bintang 1 , aplikasi pemerintah kok kayak gini",kenapa lambat sekali bintang 1 aplikasi pemerintah kok kayak gini,-2.5,Negatif,MATCH,
4685,RA12,2,2026-08-07,"Akun sering keluar sendiri, jadi repot harus login lagi",akun sering keluar sendiri jadi repot harus login lagi,-3,Negatif,MATCH,
4686,Teguh,5,2026-08-07,sosialisasikan ke pengguna jkn oleh BPJS....,sosialisasikan ke pengguna jkn oleh bpjs,0,Netral,MATCH,
4687,atep YS,1,2026-08-07,sering pas mau dipake sering down servernya gak bisa checkin,sering pas mau dipake sering down servernya tidak bisa checkin,0,Netral,MATCH,
4688,Muhammad Hilmi,1,2026-08-07,"kenapa lemot sekali, mohon di update, jgn menyusahkan orang",kenapa lambat sekali mohon di update jgn menyusahkan orang,-2.5,Negatif,MATCH,
4689,Melinda Swastika,1,2026-08-07,"aplikasi gak jelas harusnya pasien saat proses registrasi itu dipermudah, ini malah ruwet.",aplikasi tidak jelas harusnya pasien saat proses registrasi itu dipermudah ini malah sulit,-3.85,Negatif,MATCH,
4690,Giw Selow,1,2026-08-07,aplikasi tolol mau login juga susah. hari-hari gangguan,aplikasi tolol mau login juga sulit hari-hari gangguan,-2.5,Negatif,MATCH,
4691,Tolib Ibin,1,2026-08-07,"Sy coba donlod, ternyata terlalu ribed, Sy mengakses rehab cicilan gak bs!",saya coba donlod ternyata terlalu ribed saya mengakses rehab cicilan tidak bs,0,Netral,MATCH,
4692,shafia salsabila,1,2026-08-07,"login udh lama trs logout karna memori hp, tpi udh login ke hp lain nik pun sama ttp aja nggk bsa masuk ""nik atau password salah"" pdhl niknya sama kyk yg dulu, password pun ku tulis di note hp..kok bsa gtuuu???TT apa memng akunya yg salah atau gmna? udh coba lupa sandi trs ganti bru ttp aja nggk bsa log in, masa hrus ganti pke nik yg lain gtu? maaf yaahh jdi nulis bgni🙏🏼 - update udh pke nik yg lain tpi masih nggk bisa login? ini gmna siii?!?!? susah bener mau logon doang ah elah! berbenah pls",login sudah lama terus logout karena memori hp tpi sudah login ke hp lain nik pun sama ttp aja nggk bsa masuk nik atau password salah pdhl niknya sama kyk yang dulu password pun ku tulis di note hp kok bsa gtu tt apa memng akunya yang salah atau gmna sudah coba lupa sandi terus ganti bru ttp aja nggk bsa login in masa hrus ganti pke nik yang lain gtu maaf yaahh jdi nulis bgni - update sudah pke nik yang lain tpi masih nggk bisa login ini gmna si sulit benar mau logon doang ah elah berbenah pls,-4.5,Negatif,MATCH,
4693,Muhamad Lomri,5,2026-08-07,bagus,bagus,2,Positif,MATCH,
4694,al dafah,1,2026-08-07,mau daftar aja ngebug trua apknya,mau daftar aja ngebug trua apknya,0,Netral,MATCH,
4695,Aku Kamu,1,2026-08-07,lemot,lambat,-2.5,Negatif,MATCH,
4696,Angga Rizky,5,2026-08-07,baik sekali,baik sekali,2,Positif,MATCH,
4697,Muhammad Restu,2,2026-08-07,"Tolong kalo maintenance di infokan, saya jadi gabisa berobat di faskes .. ini login gabisa kenapa ? capcha sudah sesuai malah diganti ..",tolong kalo maintenance di infokan saya jadi tidak bisa berobat di faskes ini login tidak bisa kenapa capcha sudah sesuai malah diganti,0,Netral,MATCH,
4698,Kuswaya Hardy,1,2026-08-07,kalau misal semuanya harus pake aplikasi minimal kalau rame benerin biar gak ngeleg sedang offline Mulu yang bener lah orang mau pake,kalau misal semuanya harus pake aplikasi minimal kalau rame perbaiki biar tidak ngeleg sedang offline terus yang benar lah orang mau pake,0,Netral,MATCH,
4699,Annur Manggala,1,2026-08-07,"aplikasi gajelas anjir registrasi aja susah banget, no hp gaada kode verifikasi terus aneh, harap coba lagi harap coba lagi, gajelas bgt",aplikasi gajelas anjir registrasi aja sulit banget no hp gaada kode verifikasi terus aneh harap coba lagi harap coba lagi gajelas banget,-2.5,Negatif,MATCH,
4700,Dhia Fauzi Azhar,1,2026-08-07,"aplikasi gk jelas, kode otp harus pake pulsa eh giliran udh diisi malah gk bisa login"" karna gangguan. aplikasi sampah..",aplikasi tidak jelas kode otp harus pake pulsa eh giliran sudah diisi malah tidak bisa login karena gangguan aplikasi sampah,-5.35,Negatif,MATCH,
4701,Asmaniar As,1,2026-08-07,makin kesini makin gak jelas aplikasinya,makin kesini makin tidak jelas aplikasinya,-1.35,Negatif,MATCH,
4702,Devi Aswita,5,2026-08-07,mantap,mantap,3,Positif,MATCH,
4703,yoyo s2,5,2026-08-07,"Mudah,gampang cepat dibantos ku pk REQI",mudah gampang cepat dibantos ku pk reqi,5,Positif,MATCH,
4704,afifah yulis tia,1,2026-08-07,jelekkkkk bgttt aplikasi nya gua udh coba instal dari bulan2 kmrn ttp gabisa tolong segara di perbaikiiiiiiiiiiiiii,buruk banget aplikasi nya gua sudah coba instal dari bulan2 kmrn ttp tidak bisa tolong segara di perbaiki,-3,Negatif,MATCH,
4705,Ohim Arrohima,5,2026-08-07,good,good,2,Positif,MATCH,
4706,Laraswho,1,2026-08-07,apk eror mulu padahal penting banget buat daftar online,aplikasi error terus padahal penting banget buat daftar online,-2.5,Negatif,MATCH,
4707,guntu 04,2,2026-08-07,"bisa lebih bermasyarakat tidak, ini aplikasi jujur menyusahkan sekali. tidak semua pasien memiliki hp yang support untuknpkaai aplikasi ini. lagilagi masyarakat kalangan bawah yang kena imbas.",bisa lebih bermasyarakat tidak ini aplikasi jujur menyusahkan sekali tidak semua pasien memiliki hp yang support untuknpkaai aplikasi ini lagilagi masyarakat kalangan bawah yang kena imbas,0,Netral,MATCH,
4708,ell Saaa,1,2026-08-07,"ini apaan si aplikasi ga jelas, mo daftar antrian aja smpe Seminggu ga aktif, giliran pembayaran aktif terus 24 jam",ini apaan si aplikasi tidak jelas mo daftar antrean aja smpe seminggu tidak aktif giliran pembayaran aktif terus 24 jam,-1.35,Negatif,MATCH,
4709,Cho Lish,5,2026-08-07,sehat selalu..,sehat selalu,0,Netral,MATCH,
4710,Aa Faqih,5,2026-08-07,ok,ok,1.5,Positif,MATCH,
4711,Darmin,5,2026-08-07,mudah digunankan,mudah digunankan,2.5,Positif,MATCH,
4712,Abdi Dadan,5,2026-08-07,bagus sekali aplikasi ringan dan di gunakan sangat lancar terimakasih jkn,bagus sekali aplikasi ringan dan di gunakan sangat lancar terimakasih jkn,4.5,Positif,MATCH,
4713,Rio Andika,1,2026-08-07,"mau daftar online susah bgt aplikasi ini ga masuk"" mepermudah dr mana lebih susah ad",mau daftar online sulit banget aplikasi ini tidak masuk mepermudah dr mana lebih sulit ad,-5,Negatif,MATCH,
4714,Asep Suryana,1,2026-08-07,"HALLO, INI SMS VERIFIKASI NYA KMNA ? Saya daftar sudah lebih dari 10x tidak ada sms sama sekali",hallo ini sms verifikasi nya kmna saya daftar sudah lebih dari 10x tidak ada sms sama sekali,0,Netral,MATCH,
4715,Albert Orlando,1,2026-08-07,"aplikasi banyak bugnya, daftar pake nomor baru tapi dibilang nomornya udah pernah dipake peserta lain, jadi yang make nomornya orang konter hape gitu?",aplikasi banyak bugnya daftar pake nomor baru tapi dibilang nomornya udah pernah dipake peserta lain jadi yang make nomornya orang konter hape gitu,0,Netral,MATCH,
4716,latifa tulaila,1,2026-08-06,"apk gaje, mau login di persulit bgt. apalagi pas mindai wajah, paan bgt ya ud mah mirror. ribet, updet lh. masa apk pemerintah kaya gini sih",aplikasi gaje mau login di persulit banget apalagi pas mindai wajah paan banget ya ud mah mirror rumit updet lh masa aplikasi pemerintah kaya gini sih,-2,Negatif,MATCH,
4717,Nuraini Azhar,5,2026-08-06,good,good,2,Positif,MATCH,
4718,Risa Latih,1,2026-08-06,padahal udh daftar setiap masuk harus tulis nik ulang ribet sumpah ni apk gajelas,padahal sudah daftar setiap masuk harus tulis nik ulang rumit sumpah ni aplikasi gajelas,-2,Negatif,MATCH,
4719,Aline Arifin,5,2026-08-06,saya baru pertama akan menggunakan JKN ini untuk berobat ke POLI GIGI,saya baru pertama akan menggunakan jkn ini untuk berobat ke poli gigi,0,Netral,MATCH,
4720,anton chaniago,1,2026-08-06,tidak bisa digunakan di android versi 8.1.0,tidak bisa digunakan di android versi 8 1 0,0,Netral,MATCH,
4721,Bayu Mahesa,1,2026-08-06,TOLONG DIBAIKIN VERTIFIKASINYA GA ADA SMS TERKIIRIM,tolong dibaikin vertifikasinya tidak ada sms terkiirim,0,Netral,MATCH,
4722,Dwiyuyun Wulan,1,2026-08-06,verivikasi nomor nya sangat lama tidak dikirim kirim,verivikasi nomor nya sangat lama tidak dikirim kirim,-2,Negatif,MATCH,
4723,Qin qin,1,2026-08-06,"Tidak berguna, verifikasi wajah aja sangat sulit. Apalagi ke tahap berikutnya. Kalo bisa DIPERSULIT kenapa harus Dipermudah",tidak berguna verifikasi wajah aja sangat sulit apalagi ke tahap berikutnya kalo bisa dipersulit kenapa harus dipermudah,-6,Negatif,MATCH,
4724,John Lie,2,2026-08-06,tidak bisa di gunakan,tidak bisa di gunakan,0,Netral,MATCH,
4725,Papahsah Papahsah,5,2026-08-06,semoga membantu,semoga membantu,3,Positif,MATCH,
4726,Rohim,5,2026-08-06,terimakasih sudah sangat membantu,terimakasih sudah sangat membantu,3,Positif,MATCH,
4727,Rizky Supri,5,2026-08-06,ok bos,ok bos,1.5,Positif,MATCH,
4728,Aisyah_ Kayra,5,2026-08-06,Bagus membantu sekali untuk saya dan keluarga,bagus membantu sekali untuk saya dan keluarga,5,Positif,MATCH,
4729,Eko Priyo Poerwanto,5,2026-08-06,Semoga sehat dan berkah,semoga sehat dan berkah,0,Netral,MATCH,
4730,Pamungkas Aji prasetya,1,2026-08-06,apl ga jelas ga guna kirim code aja susah mempersulit rakyat bodong malah lebih bagus apl judol,apl tidak jelas tidak guna kirim code aja sulit mempersulit rakyat bodong malah lebih bagus apl judol,-1.85,Negatif,MATCH,
4731,Winarto Rahman,5,2026-08-06,jos,jos,0,Netral,MATCH,
4732,ian rk,5,2026-08-06,ok cukup memuaskan,ok cukup memuaskan,1.5,Positif,MATCH,
4733,Ita Rahmawati,1,2026-08-06,aplikasi apaaa iniiii🙂🙂,aplikasi apa ini,0,Netral,MATCH,
4734,robbi wiriya,1,2026-08-06,gabisa kirim nomor otp. tolong perbaiki dong,tidak bisa kirim nomor otp tolong perbaiki dong,0,Netral,MATCH,
4735,Rima Windi Nadillah,4,2026-08-06,seriing sekali gagal daftar. sering sekali juga error. ga jelas banget,seriing sekali gagal daftar sering sekali juga error tidak jelas banget,-6.35,Negatif,MISMATCH_HIGH_RATING,"Rating bintang tinggi (4-5), namun isi ulasan memuat kritik/keluhan tajam"
4736,Muslih Nursandy,4,2026-08-06,ok baik,ok baik,3.5,Positif,MATCH,
4737,Ana Fitriyani,5,2026-08-06,ok memudahkan 👍👍,ok memudahkan,4.5,Positif,MATCH,
4738,idha gatjong,5,2026-08-06,layanan aplikasi cepat ketika dibutuhkan,layanan aplikasi cepat ketika dibutuhkan,2.5,Positif,MATCH,
4739,Yohana Wulandari,1,2026-08-06,"aplikasi error tidak bisa dibuka, cerita nya saya mau periksa karena sakit, dan petugas meminta saya untuk daftar melalui aplikasi mobile jkn, lah gimana mau daftar aplikasi dibuka sj gak bisa,sedangkan petugas nya nuntut untuk menggunakan aplikasi. mohon diperbaiki lagi",aplikasi error tidak bisa dibuka cerita nya saya mau periksa karena sakit dan petugas meminta saya untuk daftar melalui aplikasi mobile jkn lah gimana mau daftar aplikasi dibuka sj tidak bisa sedangkan petugas nya nuntut untuk menggunakan aplikasi mohon diperbaiki lagi,-2.5,Negatif,MATCH,
4740,Mey Lanagt,2,2026-08-06,"tolong, saya lupa kata sandi dan diarahkan untuk memasukkan NIK dan gapca serta mencantumkan nomor untuk notif kode dari pesan, namun tak kunjung keluar kode nya. mohon bantuannya, saya sudah usaha beberapa kali",tolong saya lupa kata sandi dan diarahkan untuk memasukkan nik dan gapca serta mencantumkan nomor untuk notif kode dari pesan namun tak kunjung keluar kode nya mohon bantuannya saya sudah usaha beberapa kali,0,Netral,MATCH,
4741,Joko Santoso,5,2026-08-06,OK,ok,1.5,Positif,MATCH,
4742,Nasyia bunga,1,2026-08-06,"kode otp ga masuk masuk, tolong diperbaiki lagi aplikasinya",kode otp tidak masuk masuk tolong diperbaiki lagi aplikasinya,0,Netral,MATCH,
4743,Juariyah,1,2026-08-06,aplikasi ruwet kek negara kita,aplikasi sulit kek negara kita,-2.5,Negatif,MATCH,
4744,Fajar Rahayu,2,2026-08-06,cara mengatasinya gimna ini gan update aplikasi tapi tidak kompatibel dengan ponsel,cara mengatasinya gimna ini gan update aplikasi tapi tidak kompatibel dengan ponsel,0,Netral,MATCH,
4745,Al Akbar,2,2026-08-06,"terlalu lama untuk kode verifikasi, dan tidak mendapatkan kode verifikasi",terlalu lama untuk kode verifikasi dan tidak mendapatkan kode verifikasi,-2,Negatif,MATCH,
4746,Mochtar Supriyanto,5,2026-08-06,th 2026 aplikasi siap digunakan,th 2026 aplikasi siap digunakan,0,Netral,MATCH,
4747,Burhanuddin Bur,5,2026-08-06,Aplikasi ini sangat membantu saat kita sakit,aplikasi ini sangat membantu saat kita sakit,3,Positif,MATCH,
4748,Yusuf Maulana,5,2026-08-06,Aplikasi sudah bagus,aplikasi sudah bagus,2,Positif,MATCH,
4749,Ahmad Wahid Fastabiq,1,2026-08-06,"OTP SMS ngak MASUK-MASUK, bikin aplikasi ngak memudahkan palah membuat ribet",otp sms ngak masuk-masuk bikin aplikasi ngak memudahkan palah membuat rumit,1,Positif,MISMATCH_LOW_RATING,Salah klik rating / Human error (Isi ulasan berupa pujian murni)
4750,Muhammad Ridwan,1,2026-08-06,sering banget gangguan,sering banget gangguan,0,Netral,MATCH,
4751,von klinger,1,2026-08-06,"Bukankah ini perusahaan negara ? lalu kenapa membangun server yang jelek ,slow respon / bad conection.. regis nomor hp gagal terus, regis email telat notice terus ? jangan jangan tukang IT nya korupsi kah ? atau korupsi berjamaah ?",bukankah ini perusahaan negara lalu kenapa membangun server yang buruk slow respon bad conection regis nomor hp gagal terus regis email telat notice terus jangan jangan tukang it nya korupsi kah atau korupsi berjamaah,-5.5,Negatif,MATCH,
4752,Anggi Mehakati,5,2026-08-06,sangat membantu dalam pengambilan no antrian dan layanan kesehatan lainnya,sangat membantu dalam pengambilan no antrean dan layanan kesehatan lainnya,3,Positif,MATCH,
4753,Idris Hidayat,4,2026-08-06,Mau log in kok captcha nya salah mulu sih padahal dah bnr masukin nya,mau login in kok captcha nya salah terus sih padahal dah benar masukin nya,0,Netral,MATCH,
4754,Sudrajat Nur,5,2026-08-06,mantap dan mendukung,mantap dan mendukung,3,Positif,MATCH,
4755,Nasri,1,2026-08-06,tidak bisa di download di hp saya,tidak bisa di download di hp saya,0,Netral,MATCH,
4756,Abu Ammar adi,5,2026-08-06,pelayanannya menyenangkan,pelayanannya menyenangkan,0,Netral,MATCH,
4757,E. S. R,5,2026-08-06,bikin makin mudah,bikin makin mudah,2.5,Positif,MATCH,
4758,bram B,5,2026-08-06,lebih mudah daftar online,lebih mudah daftar online,2.5,Positif,MATCH,
4759,Soga Lawe,1,2026-08-06,"aplikasi macam apa ini,susah sekali mau daptar masuk aja.tanggapi dong keluhan konsumen.mau masuk aja lho daftar susah banget .",aplikasi macam apa ini sulit sekali mau daptar masuk aja tanggapi dong keluhan konsumen mau masuk aja lho daftar sulit banget,-5,Negatif,MATCH,
4760,fikri monsxy,1,2026-08-06,"udah update malah gabisa masuk akun, kode captcha gamuncul terus anyingg",udah update malah tidak bisa masuk akun kode captcha gamuncul terus anyingg,0,Netral,MATCH,
4761,Karisma Muharomah,1,2026-08-06,"ini gimana gada nomor rujukan padahal ada , jadi susah ambil antrian online",ini gimana tidak ada nomor rujukan padahal ada jadi sulit ambil antrean online,-2.5,Negatif,MATCH,
4762,Jainal Efendi,5,2026-08-06,"sedikit membantu, terimakasih",sedikit membantu terimakasih,3,Positif,MATCH,
4763,bobi sugandi Gultom,5,2026-08-06,Terimakasih Proses nya sangat Cepat,terimakasih proses nya sangat cepat,2.5,Positif,MATCH,
4764,Hendra Zukash,5,2026-08-06,"keren,bagus dan sangat membantu",keren bagus dan sangat membantu,7.5,Positif,MATCH,
4765,Bejo channel,5,2026-08-06,jos jis,jos jis,0,Netral,MATCH,
4766,San_SNP,3,2026-08-06,kenapa suka kendala gak ada jaringan alias offline sih? padahal jaringan aman udah pakai wifi atau data tetep kaya gitu,kenapa suka kendala tidak ada jaringan alias offline sih padahal jaringan aman udah pakai wifi atau data tetep kaya gitu,4,Positif,MATCH,
4767,Citra N028,5,2026-08-06,sangat membantu,sangat membantu,3,Positif,MATCH,
4768,Rhy,1,2026-08-06,"payah ada kendala lewat wa pandawa bbjs pun tidak secara jelas dan detail apa yg kita keluhkan, sering terjadi masalag login pdhl internet udah conect stabil",payah ada kendala lewat wa pandawa bbjs pun tidak secara jelas dan detail apa yang kita keluhkan sering terjadi masalag login pdhl internet udah conect stabil,-4.35,Negatif,MATCH,
4769,Iwan Riduwan tanjung,1,2026-08-06,"kode otp gk masuk"" gila!!! stres aku gara"" aplikasi mobile jkn.",kode otp tidak masuk gila stres aku gara aplikasi mobile jkn,0,Netral,MATCH,
4770,novie tania,5,2026-08-06,sudah bagus sistemnya,sudah bagus sistemnya,2,Positif,MATCH,
4771,Nur asiyah Nur,5,2026-08-06,sangat membantu,sangat membantu,3,Positif,MATCH,
4772,Name Azima,1,2026-08-06,aplikasi rusak seharuanya sekali login tidak perlu berkali² login. menyusahkan. giliran lupa pin/password harus verifikasi lagi kode otp gak mau masuk,aplikasi rusak seharuanya sekali login tidak perlu berkali login menyusahkan giliran lupa pin password harus verifikasi lagi kode otp tidak mau masuk,-3,Negatif,MATCH,
4773,deni Tok,1,2026-08-06,"harus nya bisa menyeluruh Indonesia si jangan cuma ceda provinsi, kota ga bisa di pake",harus nya bisa menyeluruh indonesia si jangan cuma ceda provinsi kota tidak bisa di pake,0,Netral,MATCH,
4774,Suparman Lihawa,1,2026-08-06,Penanganan keluhan peserta terhadap pelayanan faskes terkesan di sepelekan,penanganan keluhan peserta terhadap pelayanan faskes terkesan di sepelekan,0,Netral,MATCH,
4775,Muklasin,5,2026-08-06,Bagus dan cepat tanggap,bagus dan cepat tanggap,4.5,Positif,MATCH,
4776,Adar Darussalam,5,2026-08-06,sangat membantu dan memudahkan,sangat membantu dan memudahkan,6,Positif,MATCH,
4777,baraya.sadaya,1,2026-08-06,ini sih agar rakyat harus pakai hp baru.. biar aplikasinya kompatibel😁,ini sih agar rakyat harus pakai hp baru biar aplikasinya kompatibel,0,Netral,MATCH,
4778,Denia Siska Putri,5,2026-08-06,"Bagus berguna bgt buat ambil no antrian rs atau puskesmas. Tapiii tolong di perbaiki lagi kadang suka bugg akun nya, keluar sendiri jadi agak repot buat masukin ulang.",bagus berguna banget buat ambil no antrean rs atau puskesmas tapi tolong di perbaiki lagi kadang suka bugg akun nya keluar sendiri jadi agak repot buat masukin ulang,1,Positif,MATCH,
4779,Joko Pitono,1,2026-08-06,"login di device sama dianggap login di device yang lain, di logout secara paksa, orang mau berobat dibuat susah",login di device sama dianggap login di device yang lain di logout secara paksa orang mau berobat dibuat sulit,-2.5,Negatif,MATCH,
4780,Dulin Dulin,5,2026-08-06,mantul,mantul,0,Netral,MATCH,
4781,Galih Muji Putra,1,2026-08-06,PERCUMA BAYAR TIAP BULAN KALO SEKALINYA BEROBAT DI KASIH OBAT MURAH!!!,percuma bayar tiap bulan kalo sekalinya berobat di kasih obat murah,0,Netral,MATCH,
4782,Junjung Drajat,2,2026-08-06,aplikasi gk berfungsi.. ketika mau daftar gak bisa dpt kode OTP dari sms. coba lewat email ada sih tapi telat.. giliran sudah dapat.. tetep aja hrus dapat OTP lagi dari sms... GK GUNA...,aplikasi tidak berfungsi ketika mau daftar tidak bisa dpt kode otp dari sms coba lewat email ada sih tapi telat giliran sudah dapat tetep aja hrus dapat otp lagi dari sms tidak guna,0,Netral,MATCH,
4783,Muhammad Shofiyullah,1,2026-08-06,perbaiki dulu layanan kesehatan di negeri ini baru boleh mengingatkan untuk bayar bpjs,perbaiki dulu layanan kesehatan di negeri ini baru boleh mengingatkan untuk bayar bpjs,0,Netral,MATCH,
4784,Dori Marlince,5,2026-08-06,semakin di permudah,semakin di permudah,0,Netral,MATCH,
4785,Aidan Mursyid,5,2026-08-06,sangat membantu dan memudahkan antrian tak perlu datang pagi2,sangat membantu dan memudahkan antrean tak perlu datang pagi2,6,Positif,MATCH,
4786,Chu dori,5,2026-08-06,mantap,mantap,3,Positif,MATCH,
4787,Jessica Nandarto,1,2026-08-06,"gabisa login karna lupa password. cuma bisa verifikasi lewat nomor hp karna email belum terdaftar. nik sesuai, nomor sesuai dan masih aktif, pulsa ada 100.000. verifikasi selalu gagal. 2 kali isi form pengaduan tapi ngga ada solusi.",tidak bisa login karena lupa password cuma bisa verifikasi lewat nomor hp karena email belum terdaftar nik sesuai nomor sesuai dan masih aktif pulsa ada 100 0 verifikasi selalu gagal 2 kali isi form pengaduan tapi tidak ada solusi,-2.5,Negatif,MATCH,
4788,Siti Rohani,2,2026-08-06,app yang menyebalkan dan membagongkan.,aplikasi yang menyebalkan dan membagongkan,0,Netral,MATCH,
4789,Ahus Wiryanto,5,2026-08-06,mantap number one,mantap number one,3,Positif,MATCH,
4790,Dani Cule,5,2026-08-06,sangan membantu banget,sangan membantu banget,3,Positif,MATCH,
4791,Abdul Karim Saepulloh,5,2026-08-06,alhamdulillah semenjak ada aplikasi jkn keluarga terkafer bpjs,alhamdulillah semenjak ada aplikasi jkn keluarga terkafer bpjs,0,Netral,MATCH,
4792,Sutiatul Kamila,5,2026-08-06,memuaskan cukup mudah d pahami,memuaskan cukup mudah d pahami,2.5,Positif,MATCH,
4793,Dodi Saputra,5,2026-08-06,kereen,kereen,0,Netral,MATCH,
4794,Dema Dema lase,5,2026-08-06,MANTAP,mantap,3,Positif,MATCH,
4795,Ramli Timumun,1,2026-08-06,"aplikasi anjingg, ribet gak jelas",aplikasi anjingg rumit tidak jelas,-3.35,Negatif,MATCH,
4796,Nurhayati Simanjuntak,4,2026-08-06,baik,baik,2,Positif,MATCH,
4797,Talijaya mild,5,2026-08-06,sangat membantu,sangat membantu,3,Positif,MATCH,
4798,Angga Widyanto,5,2026-08-06,aplikasi yang sangat berguna,aplikasi yang sangat berguna,0,Netral,MATCH,
4799,Muhamad Syarif Hidayat,2,2026-08-06,mau daftar gk bisa mulu macet di nomer verifikasi selalu gagal gk ada sms yang masuk juga padahal nomor bener dan juga masih aktif,mau daftar tidak bisa terus macet di nomer verifikasi selalu gagal tidak ada sms yang masuk juga padahal nomor benar dan juga masih aktif,-2.5,Negatif,MATCH,
4800,Didin Afipudin,5,2026-08-06,"selama menggunakan aplikasi ini, benar benar terbantu, karna bisa daftar lebih awal, dan tahu jadwal dokter nya lebih spesifik. pokoknya best",selama menggunakan aplikasi ini benar benar terbantu karena bisa daftar lebih awal dan tahu jadwal dokter nya lebih spesifik pokoknya best,0,Netral,MATCH,
4801,astutifransiska Sihombing,1,2026-08-06,"Awalnya lancar saat mendaftar,tapi pas permintaan kode otp via sms malah gak ada masuk smsnya..buang buang waktu dan kuota aja,,padahal jaringan nya bagus🤪",awalnya lancar saat mendaftar tapi pas permintaan kode otp via sms malah tidak ada masuk smsnya buang buang waktu dan kuota aja padahal jaringan nya bagus,4.5,Positif,MISMATCH_LOW_RATING,Salah klik rating / Human error (Isi ulasan berupa pujian murni)
4802,Mpong Sari,3,2026-08-06,tolong diperbaiki lagi untuk verifikasi wajah nya gagal trus,tolong diperbaiki lagi untuk verifikasi wajah nya gagal terus,-2.5,Negatif,MATCH,
4803,Fitrianti Fitrianti,3,2026-08-06,knp diponsel saya tidak bisa ter Download ya pak..,knp diponsel saya tidak bisa ter download ya pak,0,Netral,MATCH,
4804,Fiskarit Nayeldi,5,2026-08-06,"aplikasi bagus, sangat membantu. tidak perlu lagi datang ktp untuk perubahan data.",aplikasi bagus sangat membantu tidak perlu lagi datang kartu tanda penduduk untuk perubahan data,5,Positif,MATCH,
4805,Hadi Suwardi,5,2026-08-06,keren,keren,2.5,Positif,MATCH,
4806,Agus SWT,1,2026-08-06,"ribet bgt bpjs untuk kontrol, semakin kesini semakin dipersulit kalo mau dipakai. seolah seolah biar ga dipake tu fasilitas bpjsnya",rumit banget bpjs untuk kontrol semakin kesini semakin dipersulit kalo mau dipakai seolah seolah biar tidak dipake tu fasilitas bpjsnya,-5.5,Negatif,MATCH,
4807,Roby Kartobi,5,2026-08-06,jkn sangat mebantu,jkn sangat mebantu,0,Netral,MATCH,
4808,Suharsiyo harsiyo,5,2026-08-06,"lancar, nya man, tidal pernah gagal tidak",lancar nya man tidal pernah gagal tidak,0,Netral,MATCH,
4809,DESI FEBRIATI,5,2026-08-06,"mempermudahhh, pelayanan cepatt",mempermudah pelayanan cepatt,0,Netral,MATCH,
4810,Prof. Dr. Yasmirah Mandasari Saragih SH MH,5,2026-08-06,The best,the best,0,Netral,MATCH,
4811,Meli Della dika,1,2026-08-06,aplikasi gak bisa di gunakan..delete ajah,aplikasi tidak bisa di gunakan delete ajah,0,Netral,MATCH,
4812,Yopi Sia,5,2026-08-06,pelayanan sangat baik,pelayanan sangat baik,2,Positif,MATCH,
4813,Widodo Gege,5,2026-08-06,sangat membantu masyarakat,sangat membantu masyarakat,3,Positif,MATCH,
4814,D'Gubuk,1,2026-08-06,percuma instal aplikasi kalau ambil antrian masih pakai manual,percuma instal aplikasi kalau ambil antrean masih pakai manual,0,Netral,MATCH,
4815,Nur Hayati,5,2026-08-06,keren bisa dari aplikasi,keren bisa dari aplikasi,2.5,Positif,MATCH,
4816,nadhif al kautsar,1,2026-08-06,"aplikasi ga jelas, mau login akun dipaksa aktifin autodebet, giliran gua ikutin buat aktifin autodebet malah dapet notif gagal aktifin, padahal udah dapet sms berhasil dari bank, hebat ni aplikasi, beneran maksa aktifin autodebet, kalo ga aktifin gabisa ke beranda aplikasi harus nyelesain pendaftaran autodebet, yang berarti lo gabisa make ni aplikasi kalo ga aktifn autodebet, dikasus gua malah gabisa diaktifin autodebetnya ngebuat gua gabisa make ni aplikasi, mantap🫡 maju terus Indonesia 🇮🇩",aplikasi tidak jelas mau login akun dipaksa aktifin autodebet giliran gua ikutin buat aktifin autodebet malah dapet notif gagal aktifin padahal udah dapet sms berhasil dari bank hebat ni aplikasi beneran maksa aktifin autodebet kalo tidak aktifin tidak bisa ke beranda aplikasi harus nyelesain pendaftaran autodebet yang berarti lo tidak bisa make ni aplikasi kalo tidak aktifn autodebet dikasus gua malah tidak bisa diaktifin autodebetnya ngebuat gua tidak bisa make ni aplikasi mantap maju terus indonesia,3.65,Positif,MISMATCH_LOW_RATING,Salah klik rating / Human error (Isi ulasan berupa pujian murni)
4817,aira Surya,5,2026-08-06,Cepat tanggap.. Terima kasih,cepat tanggap terima kasih,4.5,Positif,MATCH,
4818,Ujang Ahmad,1,2026-08-06,aplikasi ccat njih,aplikasi ccat njih,0,Netral,MATCH,
4819,Khian Menggana,5,2026-08-06,baik,baik,2,Positif,MATCH,
4820,Siska Purwasih,5,2026-08-06,good,good,2,Positif,MATCH,
4821,Dion Azhari,5,2026-08-06,"Respon cepat, aktual",respon cepat aktual,2.5,Positif,MATCH,
4822,Raffa sya,1,2026-08-06,APLIKASI GAGAL,aplikasi gagal,-2.5,Negatif,MATCH,
4823,Otto Silaen,1,2026-08-06,Bobrok semua aplikasi pemerintah,bobrok semua aplikasi pemerintah,0,Netral,MATCH,
4824,Agus Nurdin saepuloh,5,2026-08-06,baik,baik,2,Positif,MATCH,
4825,ilham ahmad,5,2026-08-06,sangat membantu,sangat membantu,3,Positif,MATCH,
4826,jumat efendi,1,2026-08-06,"Gini aja deh, balikin duit gua yg udah masuk bpjs selama 10 tahun. Ribet amat. Gua bayar rutin. Pake baru sekali doang. pengguna bpjs malah dihina. viral tuh di fb",gini aja deh balikin duit gua yang udah masuk bpjs selama 10 tahun rumit amat gua bayar rutin pake baru sekali doang pengguna bpjs malah dihina viral tuh di fb,-2,Negatif,MATCH,
4827,Adelyne Diza,3,2026-08-06,"kalo jarang pakai aplikasinya sering keluar sendiri dari akun jknnya, jadi agak repot bolak-balik harus login lagi, lalu untuk mendaftar ambil antrean sangat lemot sering tidak dapat diproses tolong dibenahi bagian ini ya!",kalo jarang pakai aplikasinya sering keluar sendiri dari akun jknnya jadi agak repot bolak-balik harus login lagi lalu untuk mendaftar ambil antrean sangat lambat sering tidak dapat diproses tolong dibenahi bagian ini ya,-5.5,Negatif,MATCH,
4828,Sudirman Sudirman,5,2026-08-06,good,good,2,Positif,MATCH,
4829,Ilham Amir,1,2026-08-06,"jelek sekali aplikasinya, padahal jaringan sudah maksimal... melapor ke admin rumah sakit juga tidak bisa dibantu karena aplikasinya bermasalah, tolong di perhatikan pengembang aplikasinya",buruk sekali aplikasinya padahal jaringan sudah maksimal melapor ke admin rumah sakit juga tidak bisa dibantu karena aplikasinya bermasalah tolong di perhatikan pengembang aplikasinya,-3,Negatif,MATCH,
4830,Akhirulanam Anam,5,2026-08-06,membuat lebih mudah,membuat lebih mudah,2.5,Positif,MATCH,
4831,Dimas Farezi,3,2026-08-06,"buat data tolong di perbaiki lagi, ini punya saya sudah ada surat rujukan, mau ngambil antrian surat rujukannya tidak keditek (Faskes tingkat lanjut)",buat data tolong di perbaiki lagi ini punya saya sudah ada surat rujukan mau ngambil antrean surat rujukannya tidak keditek faskes tingkat lanjut,0,Netral,MATCH,
4832,Acil gaming,1,2026-08-06,"makin kesini makin susah di akses mau ambil antrian aja payahnya minta ampun, selalu gagal, padahal jaringan aman aja, tolong la di perbaiki, ingat ini app untuk masyarakat umum",makin kesini makin sulit di akses mau ambil antrean aja payahnya minta ampun selalu gagal padahal jaringan aman aja tolong la di perbaiki ingat ini aplikasi untuk masyarakat umum,-3,Negatif,MATCH,
4833,Ardi Wijaya,5,2026-08-06,ok,ok,1.5,Positif,MATCH,
4834,Ibu Aty,1,2026-08-06,"jkn sekarang kenapa ya, mau ambil antrian buat rujukan mingggu depan gak bisa terus udh 3x periksa gak bisa terus",jkn sekarang kenapa ya mau ambil antrean buat rujukan mingu depan tidak bisa terus sudah 3x periksa tidak bisa terus,0,Netral,MATCH,
4835,Chintya Mega Utari,5,2026-08-06,sangat membantu,sangat membantu,3,Positif,MATCH,
4836,Mafika Ayu,1,2026-08-06,"aplikasi apasih ini gangguan terus,mau masuk aja loading nya lama banget,,mau daftar antrian pun gak bisa,tolong di perbaiki!!!",aplikasi apasih ini gangguan terus mau masuk aja loading nya lama banget mau daftar antrean pun tidak bisa tolong di perbaiki,-2,Negatif,MATCH,
4837,Mela Julianti,5,2026-08-06,bagus dan sangat membantu,bagus dan sangat membantu,5,Positif,MATCH,
4838,roby Ayuby,4,2026-08-06,ko saya ga bisa download apk ini kenapa ya..,ko saya tidak bisa download aplikasi ini kenapa ya,0,Netral,MATCH,
4839,Hi Tam,5,2026-08-06,"sangat bagus, karena ada aplikasi ini saya menjadi sangat terbantu",sangat bagus karena ada aplikasi ini saya menjadi sangat terbantu,2,Positif,MATCH,
4840,Rini Fidyas,4,2026-08-06,baik,baik,2,Positif,MATCH,
4841,Zulkarnain Zul,5,2026-08-06,baik,baik,2,Positif,MATCH,
4842,primaran dewi,5,2026-08-06,sangat membantu,sangat membantu,3,Positif,MATCH,
4843,Bayu Hidayat,1,2026-08-06,merepotkan,merepotkan,0,Netral,MATCH,
4844,Rizki Muhamad,1,2026-08-06,"memang aplikasi pemerintah gada yang bener, mau daftar aja selalu eror aplikasinya, ANEH!!",memang aplikasi pemerintah tidak ada yang benar mau daftar aja selalu error aplikasinya aneh,-2.5,Negatif,MATCH,
4845,Nur Piyanti Agustina,2,2026-08-06,tidak bisa di download di seri vivo y81,tidak bisa di download di seri vivo y81,0,Netral,MATCH,
4846,Nani Syahrul,5,2026-08-06,jkn mobile bagus sangat membantu di pelayanan pendaftaran kesehatan online. terimakasih 🙏 JKN,jkn mobile bagus sangat membantu di pelayanan pendaftaran kesehatan online terimakasih jkn,5,Positif,MATCH,
4847,Solleh Solleh,5,2026-08-06,sipppppp,sip,0,Netral,MATCH,
4848,Agew aza,5,2026-08-06,sangat membantu,sangat membantu,3,Positif,MATCH,
4849,Diandra Kusuma,5,2026-08-06,keren,keren,2.5,Positif,MATCH,
4850,Muchammad hisa Gemilang,5,2026-08-06,bagus,bagus,2,Positif,MATCH,
4851,Dewa Ardika (Dika),1,2026-08-06,lokasi kalian diakses diam-diam loh... jadi setelah pakai matikan izin akses lokasinya,lokasi kalian diakses diam-diam loh jadi setelah pakai matikan izin akses lokasinya,0,Netral,MATCH,
4852,Sopian Pian,1,2026-08-06,uplikasi nya lagi eror yah sudah 2 Minggu belum bisa kebuka,uplikasi nya lagi error yah sudah 2 minggu belum bisa kebuka,-2.5,Negatif,MATCH,
4853,Subehki Waeng,5,2026-08-06,mantap,mantap,3,Positif,MATCH,
4854,Dewi Ernawati,5,2026-08-06,cukup baik,cukup baik,2,Positif,MATCH,
4855,Rohman Chehey,5,2026-08-05,Menyenangkan dan mudah,menyenangkan dan mudah,2.5,Positif,MATCH,
4856,D Samsudin nur,1,2026-08-05,"masih saja ambil antrian,pendataptaran ke RS manual,"" jadwal dokter belum tersedia""....untuk daptar by aplikasi,hadehhh",masih saja ambil antrean pendataptaran ke rs manual jadwal dokter belum tersedia untuk daptar by aplikasi hadeh,0,Netral,MATCH,
4857,tuslam sp,4,2026-08-05,mudahan saja menjadi solusi mempermudah pendaftaran online. pada saat berobat atau yang lainnya.,mudahan saja menjadi solusi mempermudah pendaftaran online pada saat berobat atau yang lainnya,0,Netral,MATCH,
4858,Asmanah,5,2026-08-05,lbh mudah dan praktis,lbh mudah dan praktis,5,Positif,MATCH,
4859,Erwin Gunawan,1,2026-08-05,"aplikasi jelek, lemot, sering gangguan 👎",aplikasi buruk lambat sering gangguan,-5.5,Negatif,MATCH,
4860,farid hidayat,5,2026-08-05,mantap,mantap,3,Positif,MATCH,
4861,Khoirul Febriansyah,1,2026-08-05,semenjak update hp kentang gk bisa install jkn sedang kan daftar antrian hrus pakai jkn sedang hp cuma punya hp kentang menyusahkan masyarakat,semenjak update hp kentang tidak bisa install jkn sedang kan daftar antrean hrus pakai jkn sedang hp cuma punya hp kentang menyusahkan masyarakat,0,Netral,MATCH,
4862,Firhan WP,1,2026-08-05,"sitemnya gak jelas ,saya bayar auto debit selalu gak pernah nunggak ,tapi ketika mau berobat non aktif heran mau duitnya doang ini mah",sitemnya tidak jelas saya bayar auto debit selalu tidak pernah nunggak tapi ketika mau berobat non aktif heran mau duitnya doang ini mah,-1.35,Negatif,MATCH,
4863,By-you Permana,2,2026-08-05,"Jadi sering error aplikasinya...udah terdaftar jauh"" hari kontrol rutin bulanan ke RS malah ilang...",jadi sering error aplikasinya udah terdaftar jauh hari kontrol rutin bulanan ke rs malah ilang,-2.5,Negatif,MATCH,
4864,Jukim Tea,1,2026-08-05,maaf sy kasih bintang 1 karna sering eror saat akan daftar ke faskes tingkat lanjut,maaf saya kasih bintang 1 karena sering error saat akan daftar ke faskes tingkat lanjut,-2.5,Negatif,MATCH,
4865,Misriwan Riwan,3,2026-08-05,"Pdhal wifi sma seluler saya gk buruk eh seketika mau daftar nmor antrean malah d bilang buruk aneh dh, tolong di perbaiki ni aplikasi",pdhal wifi sma seluler saya tidak buruk eh seketika mau daftar nmor antrean malah d bilang buruk aneh dh tolong di perbaiki ni aplikasi,-1.5,Negatif,MATCH,
4866,Luthfi Haru,1,2026-08-05,Payah aplikasi yang hubungannya dengan pemerintah selalu lambat banyak dosanya,payah aplikasi yang hubungannya dengan pemerintah selalu lambat banyak dosanya,-5.5,Negatif,MATCH,
4867,Irfhant,2,2026-08-05,"tolong diperbaiki lagi bugnya, masak udah aktifin data seluler malah offline di aplikasinya",tolong diperbaiki lagi bugnya masak udah aktifin data seluler malah offline di aplikasinya,0,Netral,MATCH,
4868,Ang Sonic,1,2026-08-05,aneh gbsa d buka. dlu sh lancar,aneh gbsa d buka dlu sh lancar,2.5,Positif,MISMATCH_LOW_RATING,Salah klik rating / Human error (Isi ulasan berupa pujian murni)
4869,Kurniawan Dedy,1,2026-08-05,"kenapa sekarang sering eror, apa fungsi nya kalo aplikasi sering eror seperti ini !!! aplikasi 4n7ing !!!",kenapa sekarang sering error apa fungsi nya kalo aplikasi sering error seperti ini aplikasi 4n7ing,-5,Negatif,MATCH,
4870,Andi Lestian,3,2026-08-05,error mulu tiap buka halaman Info Riwayat Pelayanan & riwayat pelayanan yg sedang berlangsung tolong di sediakan di halaman depan aja (floating) biar setiap ingin lihat pendaftaran atw pengambilan nomor itu bs di liat dengan mudah.,error terus tiap buka halaman info riwayat pelayanan riwayat pelayanan yang sedang berlangsung tolong di sediakan di halaman depan aja floating biar setiap ingin lihat pendaftaran atw pengambilan nomor itu bs di liat dengan mudah,0,Netral,MATCH,
4871,Asti Mustika,1,2026-08-05,"seringkali tiap daftar online untuk faskes satu itu permintaan tidak dapat di proses, begitu refsresh, malah tidak dapat mengambil antrean karena sudah daftar. aneh banget",seringkali tiap daftar online untuk faskes satu itu permintaan tidak dapat di proses begitu refsresh malah tidak dapat mengambil antrean karena sudah daftar aneh banget,0,Netral,MATCH,
4872,isma,1,2026-08-05,"sumpah demi apapun apknya jelek, untuk apa apknya kalo daftar online udah bisa, pas hari h mau dipake apknya eror dong, parah,,, jadi gak mempermudah malah ngeribetin. gak mempersingkat waktu malah jd kerja 2 x, udah ambil no antrian malem,paginya di cek gak bisa terpaksa ambil pagi banget perbaiki lagi deh kalo ke gini terus mending di uninstall dr pd ga berfungsi",sumpah demi apapun apknya buruk untuk apa apknya kalo daftar online udah bisa pas hari h mau dipake apknya error dong buruk jadi tidak mempermudah malah ngeribetin tidak mempersingkat waktu malah jd kerja 2 x udah ambil no antrean malem paginya di cek tidak bisa terpaksa ambil pagi banget perbaiki lagi deh kalo ke gini terus mending di uninstall dr pd tidak berfungsi,-8.5,Negatif,MATCH,
4873,Yeremia Septianingsih,2,2026-08-05,apk jelek sering gangguan,aplikasi buruk sering gangguan,-3,Negatif,MATCH,
4874,Ika Lisnawati,1,2026-08-05,aplikasi lemot n sering tidak bisa buat dftr,aplikasi lambat n sering tidak bisa buat daftar,-2.5,Negatif,MATCH,
4875,Rhyo Pernando,3,2026-08-05,"dari awal pake sistem tidak ada kendala,,,tapi makin kesini-sini sistem error terus.... jadi bintang saya kurangi 2",dari awal pake sistem tidak ada kendala tapi makin kesini-sini sistem error terus jadi bintang saya kurangi 2,-2.5,Negatif,MATCH,
4876,Pardi supardi Pardi,3,2026-08-05,"susah bngt selalu aja ada kendala ketika login atau ambil antrian, mohon di perbaiki aplikasinya, terimakasih",sulit bngt selalu aja ada kendala ketika login atau ambil antrean mohon di perbaiki aplikasinya terimakasih,-2.5,Negatif,MATCH,
4877,Andi Setiyawan,1,2026-08-05,error trus,error terus,-2.5,Negatif,MATCH,
4878,Asfa Muhammad Hatta,1,2026-08-05,"pliss banget ini mah perbaiki lagi servernya, ga jelas banget ga bisa masuk padahal lagi urgent",pliss banget ini mah perbaiki lagi servernya tidak jelas banget tidak bisa masuk padahal lagi urgent,-1.35,Negatif,MATCH,
4879,Adha Nur,1,2026-08-05,Aplikasi sampah,aplikasi sampah,-4,Negatif,MATCH,
4880,Sari Bowo,4,2026-08-05,"setiap update pasti log out sendiri, tolong diperbaiki",setiap update pasti login out sendiri tolong diperbaiki,0,Netral,MATCH,
4881,Riskiani Ani,5,2026-08-05,"tolong perbaiki lagi,,karne kami kesusahan untk ambl no antrian... kepaskes tingkt lanjut,, knape skrg beroobt dipersulit,,",tolong perbaiki lagi karne kami kesusahan untk ambl no antrean kepaskes tingkt lanjut knape sekarang beroobt dipersulit,-3.5,Negatif,MISMATCH_HIGH_RATING,"Rating bintang tinggi (4-5), namun isi ulasan memuat kritik/keluhan tajam"
4882,Nur Puji,1,2026-08-05,ini kenapa mau ambil antrian onlie sll gagal terus pdhl jaringan ful,ini kenapa mau ambil antrean onlie sll gagal terus pdhl jaringan ful,-2.5,Negatif,MATCH,
4883,Adhy Adam,1,2026-08-05,"pengen daftar faskes tingkat lanjut selalu naek ""permintaan tidak dapat diproses"" ato klo ngga ""mohon dapat cek kembali koneksi internetanda"" pindah HP pun sama aja. mana ngga ada yang bisa kepencet.",pengen daftar faskes tingkat lanjut selalu naek permintaan tidak dapat diproses ato klo tidak mohon dapat cek kembali koneksi internetanda pindah hp pun sama aja mana tidak ada yang bisa kepencet,0,Netral,MATCH,
4884,Hasrif Nova Syahputra,1,2026-08-05,aplikasi ini ribet dan sangat susah untuk melakukan pendaftaran padahal jaringan stabil tapi tetap tidak bisa mengakses data di aplikasi ini. bikin repot penggunaannya. sudah bayar BPJS tapi tetap dibikin repot dengan aplikasi ini👎,aplikasi ini rumit dan sangat sulit untuk melakukan pendaftaran padahal jaringan stabil tapi tetap tidak bisa mengakses data di aplikasi ini bikin repot penggunaannya sudah bayar bpjs tapi tetap dibikin repot dengan aplikasi ini,-4.5,Negatif,MATCH,
4885,Askari,1,2026-08-05,ribet,rumit,-2,Negatif,MATCH,
4886,Uto Denis,5,2026-08-05,good,good,2,Positif,MATCH,
4887,Dal Dil,5,2026-08-05,meskipun jelek aplikasinya tak apalah,meskipun buruk aplikasinya tak apalah,-3,Negatif,MISMATCH_HIGH_RATING,"Rating bintang tinggi (4-5), namun isi ulasan memuat kritik/keluhan tajam"
4888,Aruna Yudhistira,1,2026-08-05,kenapa saya pake andoid 9 tidak bisa ?????,kenapa saya pake andoid 9 tidak bisa,0,Netral,MATCH,
4889,Nazar Aditia Nugraha,1,2026-08-05,"UNTUK TIM IT MOHON DIPERBAIKI MASALAH KONEKSI KARENA TIAP MAU DAFTAR MALAH ""ANDA SEDANG OFFLINE"" ATAU KADANG ""COBA LAGI BEBERAPA SAAT LAGI"". KALIAN ITU DIGAJIH DARI PAJAK YANG KALIAN MINTAI. DASAR NEGARA BERKEMBANG",untuk tim it mohon diperbaiki masalah koneksi karena tiap mau daftar malah anda sedang offline atau kadang coba lagi beberapa saat lagi kalian itu digajih dari pajak yang kalian mintai dasar negara berkembang,0,Netral,MATCH,
4890,Rb Sakiya,1,2026-08-05,gaje bngt ini apk mau kirim SMS aja hrus nunggu brpa abad???? eror apalah dikira sndri yng kaya gtu tau nya bnyak orang juga sma hadeuhh gmn sih ini yg bikin apk nya,gaje bngt ini aplikasi mau kirim sms aja hrus nunggu brpa abad error apalah dikira sndri yng kaya gtu tau nya bnyak orang juga sma hadeuhh gmn sih ini yang bikin aplikasi nya,-2.5,Negatif,MATCH,
4891,Andi Haerunnisa,1,2026-08-05,tolong aplikasinya di perbaiki lebih bagus giliran tagihan munculnya cpt giliran untuk mendaftar lalodnya minta ampun padahal semua jaringan bagus,tolong aplikasinya di perbaiki lebih bagus giliran tagihan munculnya cpt giliran untuk mendaftar lalodnya minta ampun padahal semua jaringan bagus,4,Positif,MISMATCH_LOW_RATING,Salah klik rating / Human error (Isi ulasan berupa pujian murni)
4892,Wisnu Alfin.n,1,2026-08-05,"aplikasi kacau banyak bug, bikin aplikasi mahal, ngabisin uang negara",aplikasi kacau banyak bug bikin aplikasi mahal ngabisin uang negara,-2,Negatif,MATCH,
4893,Indra Surya,1,2026-08-05,setiap mau daftar antrian selalu gagal,setiap mau daftar antrean selalu gagal,-2.5,Negatif,MATCH,
4894,Bachtiar Usman,5,2026-08-05,mantabb,mantabb,0,Netral,MATCH,
4895,Eva Puspita,1,2026-08-05,"apk pemerintah emg kaga ada yg bener ya??? apk lu kaga bisa di buka dgn keterangan gk bisa di buka di perangkat yg sudah di root.. root apaan, hp gw kaga root.. PERBAIKI!!! aneh² aja..",aplikasi pemerintah emg kaga ada yang benar ya aplikasi lu kaga bisa di buka dengan keterangan tidak bisa di buka di perangkat yang sudah di root root apaan hp gw kaga root perbaiki aneh aja,0,Netral,MATCH,
4896,Bagas Ramadhan,5,2026-08-05,bagus banget,bagus banget,2,Positif,MATCH,
4897,Meyla Vika Kamila,1,2026-08-05,"otp udah sesuai tapi app nya tidak dapat diproses, udah motong pulsa tapi gagal",otp udah sesuai tapi aplikasi nya tidak dapat diproses udah motong pulsa tapi gagal,-2.5,Negatif,MATCH,
4898,Ikha Thello13,1,2026-08-05,susah bgt mau login,sulit banget mau login,-2.5,Negatif,MATCH,
4899,mia wati,5,2026-08-05,bagus,bagus,2,Positif,MATCH,
4900,Yayuk Susanty,5,2026-08-05,puas bnget. dengan fitur²nya.bisa mengubah faskes dan alamat sesuai kondisi kita. dan harapannya smga programnya berjalan lancar dan tdk ada yg curang dalam pelayanan kesehatan di faskes,puas bnget dengan fitur nya bisa mengubah faskes dan alamat sesuai kondisi kita dan harapannya smga programnya berjalan lancar dan tidak ada yang curang dalam pelayanan kesehatan di faskes,5.5,Positif,MATCH,
4901,Rin Thaa,5,2026-08-05,meskipun sedikit lemot dan sering keluar sendiri tapi masih bagus,meskipun sedikit lambat dan sering keluar sendiri tapi masih bagus,-3.5,Negatif,MISMATCH_HIGH_RATING,"Rating bintang tinggi (4-5), namun isi ulasan memuat kritik/keluhan tajam"
4902,Sammy Samosir,1,2026-08-05,tidak bisa daftar ke faskes tingkat lanjut,tidak bisa daftar ke faskes tingkat lanjut,0,Netral,MATCH,
4903,pranda paringga,1,2026-08-05,"kenapa aplikasi susah sekali menangkap sinyal? pdhal di pakai aplikasi lain lancar"" saja, tolong si perbaiki, khususnya di daerah yg agak susah sinyal di buhut kalteng, trimakasih",kenapa aplikasi sulit sekali menangkap sinyal pdhal di pakai aplikasi lain lancar saja tolong si perbaiki khususnya di daerah yang agak sulit sinyal di buhut kalteng trimakasih,-2.5,Negatif,MATCH,
4904,Watu kencana,5,2026-08-05,ok mantaap,ok mantaap,1.5,Positif,MATCH,
4905,Adi “Jibrud” Abdilah,1,2026-08-05,"ampun dah susah jdi susah banget masuk aplikasi ini,parah",ampun dah sulit jdi sulit banget masuk aplikasi ini buruk,-8,Negatif,MATCH,
4906,Serma Tito,5,2026-08-05,mantap,mantap,3,Positif,MATCH,
4907,Pirr,1,2026-08-05,"Bayangin , lagi demam tinggi ni aplikasi korup gabisa diakses sama sekali. selain nyusahin orang , nyusahin Nakes juga.",bayangin lagi demam tinggi ni aplikasi korup tidak bisa diakses sama sekali selain nyusahin orang nyusahin nakes juga,0,Netral,MATCH,
4908,Muhamad Hadi Sefrudin,1,2026-08-05,sering eror aplikasinya.. masa aplikasi setara pemerintah kaya gini sistemnya..,sering error aplikasinya masa aplikasi setara pemerintah kaya gini sistemnya,-2.5,Negatif,MATCH,
4909,emen Juliarso,5,2026-08-05,Bagus..,bagus,2,Positif,MATCH,
4910,shinta hernawati,1,2026-08-05,"suka eror ga bisa ambil antrean faskes pertama, agak lemot",suka error tidak bisa ambil antrean faskes pertama agak lambat,-3,Negatif,MATCH,
4911,Atang Kosasih,5,2026-08-05,mudah di mengerti,mudah di mengerti,2.5,Positif,MATCH,
4912,Yusuf Syamia Putra,1,2026-08-05,aplikasi error,aplikasi error,-2.5,Negatif,MATCH,
4913,Rika Astari,1,2026-08-05,ini kenapa kode otp nya gak masuk ? dari pagi lo di daftar gk masuk juga sampe skarang,ini kenapa kode otp nya tidak masuk dari pagi lo di daftar tidak masuk juga sampe skarang,0,Netral,MATCH,
4914,Maz Gomb,4,2026-08-05,lemott,lemott,0,Netral,MATCH,
4915,Ihsan Athallah,1,2026-08-05,"nyusahin bgt ajggg, mau login error mulu padahal password udh bener",nyusahin banget ajg mau login error terus padahal password sudah benar,-2.5,Negatif,MATCH,
4916,Hadiana Ramdani,1,2026-08-05,"Ini kenapa sih susah banget buat login apk nya? Permintaan anda belum dapat di proses terus, ini solusinya gimana ya?",ini kenapa sih sulit banget buat login aplikasi nya permintaan anda belum dapat di proses terus ini solusinya gimana ya,-2.5,Negatif,MATCH,
4917,dwi Wahyudinarno,1,2026-08-05,kok gak bisa dibuka faskes tingkat lanjut di aplikasi jkn mobile itu,kok tidak bisa dibuka faskes tingkat lanjut di aplikasi jkn mobile itu,0,Netral,MATCH,
4918,siskafinannto,1,2026-08-05,mau ambil antrian online erorr mulu sering bgt ada perbaikan tapi gadikasih tau usernya. sebel deh,mau ambil antrean online error terus sering banget ada perbaikan tapi gadikasih tau usernya sebel deh,-2.5,Negatif,MATCH,
4919,ersyana,1,2026-08-05,makin update makin busuk ah,makin update makin busuk ah,0,Netral,MATCH,
4920,alifira one (Iwan),2,2026-08-05,mencoba ganti pasword malah gk bisa login. saya merasa akun saya dibobol. soalnya menu ambil antrian bisa ada sendiri sebelum saya mengaksesnya. parah ini !!!,mencoba ganti pasword malah tidak bisa login saya merasa akun saya dibobol soalnya menu ambil antrean bisa ada sendiri sebelum saya mengaksesnya buruk ini,-3,Negatif,MATCH,
4921,Irawan Komaria,1,2026-08-05,buat pengelola aplikasi jika memang tidak ada niatan untuk melakukan perbaikan sebaiknya hapus aja sistem JKN sangat2 merugikan karna terlalu banyak BUG di aplikasi ini sangat2 mengecewakan,buat pengelola aplikasi jika memang tidak ada niatan untuk melakukan perbaikan sebaiknya hapus aja sistem jkn sangat2 merugikan karena terlalu banyak bug di aplikasi ini sangat2 mengecewakan,-2,Negatif,MATCH,
4922,Dimas Ardhiansyah,1,2026-08-05,"aplikasi yang sama sekali tidak memudahkan masyarakat, banyak erornya, sedikit"" eror sedikit"" eror,gak profesional sama sekali 👎👎👎👎👎👎👎👎👎👎👎👎👎👎👎👎👎",aplikasi yang sama sekali tidak memudahkan masyarakat banyak erornya sedikit error sedikit error tidak profesional sama sekali,-7.7,Negatif,MATCH,
4923,Mul Yono,1,2026-08-05,sering errorrrrr,sering error,-2.5,Negatif,MATCH,
4924,Apong Apong,1,2026-08-05,apk mentah,aplikasi mentah,0,Netral,MATCH,
4925,Malamuli,2,2026-08-05,"jelek, sering eror padahal sinyal lancar",buruk sering error padahal sinyal lancar,-3,Negatif,MATCH,
4926,Zacky Loekman,3,2026-08-05,"Sering tidak nyambung, terutama pergantian bulan",sering tidak nyambung terutama pergantian bulan,0,Netral,MATCH,
4927,Didin Firmansyah,5,2026-08-05,alhamdulilah,alhamdulilah,0,Netral,MATCH,
4928,Andika Pratama,5,2026-08-05,good app,good aplikasi,2,Positif,MATCH,
4929,Arly Arismunandar,5,2026-08-05,ok,ok,1.5,Positif,MATCH,
4930,Ali Usman,5,2026-08-05,sangat membantu,sangat membantu,3,Positif,MATCH,
4931,Andra Wijaya,5,2026-08-05,sangat membantu,sangat membantu,3,Positif,MATCH,
4932,Muhammad Zidane,1,2026-08-05,ga bisa pantengin apa nih ko udh daftar malah harus daftar lagi kalau mau logon kan tolong It nya iq jongkok,tidak bisa pantengin apa nih ko sudah daftar malah harus daftar lagi kalau mau logon kan tolong it nya iq jongkok,0,Netral,MATCH,
4933,Kaka Supiyan,4,2026-08-05,"mudah, asalkan mengerti sistem",mudah asalkan mengerti sistem,2.5,Positif,MATCH,
4934,Louis Calvin Sanjaya,1,2026-08-05,mau verifikasi otp dari nomor telepon tidak respon sama sekali,mau verifikasi otp dari nomor telepon tidak respon sama sekali,0,Netral,MATCH,
4935,Mar Diana,1,2026-08-05,terlalu banyak erornya bikin pusing 🫤,terlalu banyak erornya bikin pusing,-2,Negatif,MATCH,
4936,haviv ardiansyah,1,2026-08-05,"apk sampah, verifikasi otp sms gagal terus",aplikasi sampah verifikasi otp sms gagal terus,-6.5,Negatif,MATCH,
4937,Andre Anderson,1,2026-08-05,"otp nya lama, baru kali ini kesusahan daftar",otp nya lama baru kali ini kesusahan daftar,-2,Negatif,MATCH,
4938,Kadri Anti,1,2026-08-05,"aplikasinya sering error, bahkan tampilan captcha hanya berputar putar padahal sinyal saya bagus",aplikasinya sering error bahkan tampilan captcha hanya berputar putar padahal sinyal saya bagus,-0.5,Netral,MATCH,
4939,Dini Nurhasanah,1,2026-08-05,"loding terus ,sering eror maungambil antrian aja susah. pdhl tiap bulan saya bayar BPJS bkn PBI",loding terus sering error maungambil antrean aja sulit pdhl tiap bulan saya bayar bpjs bkn pbi,-5,Negatif,MATCH,
4940,SITI AFIFAH,1,2026-08-05,"GAJELAS BGT NI APK semua data udh bener tpi verif no hp malah gk muncul"" kodenya rewel bgt ribet bikin emosi",gajelas banget ni aplikasi semua data sudah benar tpi verif no hp malah tidak muncul kodenya rewel banget rumit bikin emosi,-3.5,Negatif,MATCH,
4941,Properti Jogja,5,2026-08-05,simple efisien,simple efisien,2.5,Positif,MATCH,
4942,Syahrul Priya,1,2026-08-05,verifikasi wajah sampah,verifikasi wajah sampah,-4,Negatif,MATCH,
4943,Raihan Naufal,1,2026-08-05,kode otp SMS gk masuk2,kode otp sms tidak masuk2,0,Netral,MATCH,
4944,Heri Munandar,5,2026-08-05,ok..sangat membantu sekali mempermudah jd ga usah ngantri saat daftar,ok sangat membantu sekali mempermudah jd tidak usah ngantri saat daftar,4.5,Positif,MATCH,
4945,Ida Murdiah,1,2026-08-05,tolong diperbaiki saya mau ganti password kode otp nya tidak terkirim sudah ditunggu selama setengah jam mohon diperbaiki,tolong diperbaiki saya mau ganti password kode otp nya tidak terkirim sudah ditunggu selama setengah jam mohon diperbaiki,0,Netral,MATCH,
4946,Afiyatul khusnasaputri,1,2026-08-05,"saya mau daftar kenapa susah kali mau verifikasi nomor hp, berkali' aku coba nunggu otp verifikasi masuk sumpah lama kali dikira gak buang' waktu apa nungguin otp doang, nomor saya baru ga mati juga nomornya kenapa lama kali heran saya niat bikin di sini biar cepet tapi sama aja nunggu lama sialan",saya mau daftar kenapa sulit kali mau verifikasi nomor hp berkali aku coba nunggu otp verifikasi masuk sumpah lama kali dikira tidak buang waktu apa nungguin otp doang nomor saya baru tidak mati juga nomornya kenapa lama kali heran saya niat bikin di sini biar cepet tapi sama aja nunggu lama sialan,-8.5,Negatif,MATCH,
4947,Otosaka Yuu,1,2026-08-05,verifikasi sampah,verifikasi sampah,-4,Negatif,MATCH,
4948,Asmaul faridah,5,2026-08-05,semoga lancar dan tidak lemot lagi,semoga lancar dan tidak lambat lagi,3.75,Positif,MATCH,
4949,agung wibowo,5,2026-08-05,memudahkan pendaftaran online....sehingga tidak perlu antrean panjang,memudahkan pendaftaran online sehingga tidak perlu antrean panjang,3,Positif,MATCH,
4950,Petti Sandyaati,5,2026-08-05,sangat membantu,sangat membantu,3,Positif,MATCH,
4951,Jito Setyawan,4,2026-08-05,Aplikasi bagus,aplikasi bagus,2,Positif,MATCH,
4952,Khalisa Adilla Putri,5,2026-08-05,sangat membantu dan memudahkan,sangat membantu dan memudahkan,6,Positif,MATCH,
4953,Aleric Suteja,1,2026-08-05,susah buat login!,sulit buat login,-2.5,Negatif,MATCH,
4954,Jadon Nathan,2,2026-08-05,kenapa sms ke no hp ga masuk masuk?,kenapa sms ke no hp tidak masuk masuk,0,Netral,MATCH,
4955,Roma Sangkan,1,2026-08-05,"jelek ga bisa ubah data,,, HP ilang no email ga aktif susah bngt aktif nya",buruk tidak bisa ubah data hp ilang no email tidak aktif sulit bngt aktif nya,-5.5,Negatif,MATCH,
4956,Adzriel Syafiq,1,2026-08-05,tidak bisa menerima kode otp pendaftaran,tidak bisa menerima kode otp pendaftaran,0,Netral,MATCH,
4957,rizka rosdianaa123,5,2026-08-05,sangat bagus dan baik,sangat bagus dan baik,4,Positif,MATCH,
4958,703chesya 45med,5,2026-08-05,sangat membantu sekali.. mempermudah untuk pendaftaran..,sangat membantu sekali mempermudah untuk pendaftaran,3,Positif,MATCH,
4959,ganda Saputra Music,5,2026-08-05,mempermudah pengecekan saldo tiap bulan nya,mempermudah pengecekan saldo tiap bulan nya,0,Netral,MATCH,
4960,Zainudin Amin,1,2026-08-05,"apk sialan, abis diupdate malah gk bisa buat login",aplikasi sialan abis diupdate malah tidak bisa buat login,0,Netral,MATCH,
4961,h u,5,2026-08-05,Alhamdulillah ngurus apapun dimudahkan,alhamdulillah ngurus apapun dimudahkan,0,Netral,MATCH,
4962,Mamyalala,5,2026-08-05,untuk sejauh bagus dan nyaman aplikasinya,untuk sejauh bagus dan nyaman aplikasinya,4.5,Positif,MATCH,
4963,Bang Zonk,1,2026-08-05,kenapa layanan JKN malah di persulit dengan secara onlin ? sangat mengecewakan payah dan parah total. nol tidak membatu,kenapa layanan jkn malah di persulit dengan secara onlin sangat mengecewakan payah dan buruk total nol tidak membatu,-6,Negatif,MATCH,
4964,Ali Munawar,2,2026-08-05,"jelek ,setiap mw dfpar slalu erorrr",buruk setiap mw dfpar slalu error,-5.5,Negatif,MATCH,
4965,Tukang Upload Channel,3,2026-08-05,lumayan membantu,lumayan membantu,3,Positif,MATCH,
4966,Firts Blood,2,2026-08-05,"masalah saya, saya sudah selesai daftar akun lalu bisa, ketika saya mau daftar online lewat apk jkn ini, ternyata ada tulisan atau riwayat sdh di periksa hari ini, padahal saya belum periksa, baru juga mau daftar online trus solusinya gimana ini saya bingung, di pencet-pencet tidak bisa, rumit sekaliii",masalah saya saya sudah selesai daftar akun lalu bisa ketika saya mau daftar online lewat aplikasi jkn ini ternyata ada tulisan atau riwayat sudah di periksa hari ini padahal saya belum periksa baru juga mau daftar online terus solusinya gimana ini saya bingung di pencet-pencet tidak bisa rumit sekali,-2,Negatif,MATCH,
4967,Et Rohayati,3,2026-08-05,ga bisa update,tidak bisa update,0,Netral,MATCH,
4968,Khoirul Muksinin,5,2026-08-05,ok,ok,1.5,Positif,MATCH,
4969,Dawiah,1,2026-08-05,gabisa masuk kode otp nya,tidak bisa masuk kode otp nya,0,Netral,MATCH,
4970,RANGGA PRATAMA,5,2026-08-05,Mantap,mantap,3,Positif,MATCH,
4971,Fikar Haryono,5,2026-08-05,terimakasih sangat membantu mempermudah pelayanan,terimakasih sangat membantu mempermudah pelayanan,3,Positif,MATCH,
4972,Epi Triyani,5,2026-08-05,sangat membantu,sangat membantu,3,Positif,MATCH,
4973,Riani Rini,1,2026-08-05,"apakah aplksi ini hnya bisa di buka pada HP dengan versi tinggi, masa iya baru 2 bulan tidak buka apk ini pas mau coba cek malah suruh update, pas mau update ktanya hp tidak trmasuk kategori untuk bisa menggunakan apk& harus hubungi developer.. tolong ini gimana solusinya?",apakah aplksi ini hnya bisa di buka pada hp dengan versi tinggi masa iya baru 2 bulan tidak buka aplikasi ini pas mau coba cek malah suruh update pas mau update ktanya hp tidak trmasuk kategori untuk bisa menggunakan aplikasi harus hubungi developer tolong ini gimana solusinya,0,Netral,MATCH,
4974,Alifa Cantik,5,2026-08-05,knph harus diupgread trs versinya,knph harus diupgread terus versinya,0,Netral,MATCH,
4975,Kangriyan 85,5,2026-08-05,semoga aplikasi nya berjalan dg baik,semoga aplikasi nya berjalan dg baik,2,Positif,MATCH,
4976,Zain Arsalan,1,2026-08-05,"udah seharian daftar aja ga bisa, otp sms aja ga bisa kirim, udah 2026 ni bos aplikasimu masih kaye zaman bila jelek bet",udah seharian daftar aja tidak bisa otp sms aja tidak bisa kirim udah 2026 ni bos aplikasimu masih kaye zaman bila buruk bet,-3,Negatif,MATCH,
4977,Renaldo Van roo,5,2026-08-05,sangat membantu sekali,sangat membantu sekali,3,Positif,MATCH,
4978,Abellio hermanto,5,2026-08-05,sangat membantu rakyat kecill,sangat membantu rakyat kecill,3,Positif,MATCH,
4979,Wahyu Gigihnugroho,1,2026-08-05,sangat jelek&tidak bisa di gunakan..,sangat buruk tidak bisa di gunakan,-3,Negatif,MATCH,
4980,Chiko,5,2026-08-05,bagus n bermanfaat,bagus n bermanfaat,5,Positif,MATCH,
4981,"Icang Cang,",5,2026-08-05,pelayanan oke👍🏻,pelayanan oke,1.5,Positif,MATCH,
4982,007 Pratama,1,2026-08-05,aplikasi sampah apa apa lag lah offline lah dongo,aplikasi sampah apa apa lag lah offline lah dongo,-4,Negatif,MATCH,
4983,Udin Din,5,2026-08-05,mantap betul dengan aplikasi nya,mantap betul dengan aplikasi nya,3,Positif,MATCH,
4984,Andrian Saputra,1,2026-08-05,"tidak bisa daftar, saat masukan no hp bermasalah",tidak bisa daftar saat masukan no hp bermasalah,0,Netral,MATCH,
4985,Hae Roni,5,2026-08-05,mudah,mudah,2.5,Positif,MATCH,
4986,Rifai Rizki Ramadhan,5,2026-08-05,Mantapp,mantapp,0,Netral,MATCH,
4987,Wahyu Hidayat,5,2026-08-05,Bagus.,bagus,2,Positif,MATCH,
4988,andre a,1,2026-08-05,"chaptcha loading terus,pdhl reinstall ulang",chaptcha loading terus pdhl reinstall ulang,0,Netral,MATCH,
4989,Halo Putu,5,2026-08-05,cepat dan sangat membantu,cepat dan sangat membantu,5.5,Positif,MATCH,
4990,Spongebob Berkata,4,2026-08-05,"Gaiss!! Kalo kalian susah registrasi dan bermasalah dengan kode OTP, coba pulsanya diisi dulu ya. Kode OTP nya bakal dikirim kalo kita ada pulsa",gaiss kalo kalian sulit registrasi dan bermasalah dengan kode otp coba pulsanya diisi dulu ya kode otp nya bakal dikirim kalo kita ada pulsa,-2.5,Negatif,MISMATCH_HIGH_RATING,"Rating bintang tinggi (4-5), namun isi ulasan memuat kritik/keluhan tajam"
4991,Wawan Wawan,5,2026-08-05,baik,baik,2,Positif,MATCH,
4992,Bayezid 23,5,2026-08-05,"Alhamdulillah pelayanan ruangan Bougenvil perawat e ramah, sigap dan bersih mksh utk aak/abg perawat semue ye",alhamdulillah pelayanan ruangan bougenvil perawat e ramah sigap dan bersih mksh untuk aak abg perawat semue ye,2,Positif,MATCH,
4993,Eko Widyo Susanto,5,2026-08-05,mantab gak ribet sangat membantu,mantap tidak rumit sangat membantu,7,Positif,MATCH,
4994,Meylia dwilestari,1,2026-08-05,"kemarin saya bisa download aplikasi ini, sekarang mau dibuka aplikasinya susah alhasil saya hapus aplikasi dan download kembali malah aplikasi tidak kompatibel,, bikin susah aja aplikasi nya... ribet!! tolong bagaimana solusinya ini",kemarin saya bisa download aplikasi ini sekarang mau dibuka aplikasinya sulit alhasil saya hapus aplikasi dan download kembali malah aplikasi tidak kompatibel bikin sulit aja aplikasi nya rumit tolong bagaimana solusinya ini,-7,Negatif,MATCH,
4995,Rizal Prasetyo,1,2026-08-05,Aplikasinya terlalu sering becanda. Setiap input nomor telepon & kirim sms utk daftar di aplikasi selalu gagal.,aplikasinya terlalu sering becanda setiap input nomor telepon kirim sms untuk daftar di aplikasi selalu gagal,-2.5,Negatif,MATCH,
4996,Dani Ahmad,5,2026-08-05,mantaaap...,mantap,3,Positif,MATCH,
4997,YADI SURYADI,5,2026-08-05,sangat bermanfaat aplikasi ini,sangat bermanfaat aplikasi ini,3,Positif,MATCH,
4998,Dexi Supriadi,5,2026-08-05,sangat baik dan membantu,sangat baik dan membantu,5,Positif,MATCH,
4999,Shi Xontol,1,2026-08-05,"Apa setiap situs atau aplikasi pemerintah emang ga ada yang beres ya?! Padahal anggarannya besar. Bayangkan aja kalau buat beli kaos kaki MBG aja milyaran apalagi ini untuk sewa hosting dan domain. Tapi hasilnya sungguh mengecewakan. Udah sebulan berusaha login atau daftar, kode OTP ga masuk-masuk. Mana nunggu reset OTP sampai 300 detik lagi. Dah lah, dah habis kesabaran, mending uninstall aja.",apa setiap situs atau aplikasi pemerintah emang tidak ada yang beres ya padahal anggarannya besar bayangkan aja kalau buat beli kaos kaki mbg aja milyaran apalagi ini untuk sewa hosting dan domain tapi hasilnya sungguh mengecewakan udah sebulan berusaha login atau daftar kode otp tidak masuk-masuk mana nunggu reset otp sampai 300 detik lagi dah lah dah habis kesabaran mending uninstall aja,0,Netral,MATCH,
5000,Alit Tasliman,5,2026-08-05,Proses mudah dan cepat..,proses mudah dan cepat,5,Positif,MATCH,
