id,user_name,star_rating,date,operational_aspect,ground_truth,predicted_sentiment,confidence,raw_review
5ab76082-2ca1-4589-b4eb-b8a9ccc023d7,Hedi Heriyanto,5,2026-09-12T05:51:41.703Z,Lainnya,Positif,Positif,0.9775,mantap
4afc82a0-a617-4574-bf90-41068186ef42,Geryson Varley,1,2026-09-12T05:27:55.786Z,Lainnya,Negatif,Negatif,0.9934,vertifikasi no hp susah👎👎👎
145286be-b61b-4329-87d7-66e470ad3266,Idi Anto,5,2026-09-12T04:23:25.930Z,Lainnya,Positif,Positif,0.9775,joz
bd2f779f-3192-49e6-bb7c-e87af643c7c3,Andi Rachman,5,2026-09-12T04:16:36.904Z,Lainnya,Positif,Positif,0.9802,good job
d59bad9c-1816-4690-94ee-f6e430eed7d8,Imam Nur hadi,5,2026-09-12T04:07:50.700Z,Lainnya,Positif,Positif,0.9775,bagus
87ea2c78-4d38-446d-a722-a7f8804a5dd2,Owas Mulyadi,5,2026-09-12T04:05:20.316Z,Lainnya,Positif,Positif,0.9775,keren
6b3f3c7e-b347-49f6-9ef9-ff6fa5804b6c,30_Senah Wati khuzaimah,1,2026-09-12T03:43:09.274Z,Autentikasi & Akun; Kinerja & Server,Negatif,Negatif,0.9757,"aplikasi ga membantu samsek, mau daftar buat kontrol aja ga bisa bisa penerangan lah, nomor lah padahal pakai wifi yang cepet trus nomer juga atif, saya pake 2 lagi nomer ga bisa semua katanya kendala sistem erorrrr apaaan saya daftar 2 bulan lalu sampe sekrang tetep aja GA DI PERBAIKI TOLONGGG EVALUASIIIIII"
47f6a4cd-a9d8-4ee2-9955-9413298e65ba,Cinto Maleng,5,2026-09-12T03:41:54.610Z,Lainnya,Positif,Positif,0.963,pelayanannya baik
b9ce57b5-c566-42fd-96d2-6715351b3389,Mudrik Artomoro,3,2026-09-12T03:41:47.574Z,Autentikasi & Akun,Positif,Negatif,0.9704,"Yg bnr knp si klo bikin apk.masa mo daftar,giliran sdh mskin no hp,eh no verifikasinya ga pernah di krm."
446deebd-4c94-42a6-b7a4-c9b7ed922dbb,Kanisius Mboro,5,2026-09-12T03:27:23.845Z,Lainnya,Positif,Positif,0.9483,aplikasi yg sangat mempermudah layanan kesehatan dan terasa lebih dekat dgn pelayanan kesehatan
3b04af81-a579-4e61-a2d8-38a0d52c4099,Kurni Awan,1,2026-09-12T03:26:32.340Z,Kinerja & Server,Negatif,Negatif,0.6783,aplikasi lemot sering trobel
6a8c3b18-d599-42fc-b270-5a0d6f82e04a,amrullah Medan,3,2026-09-12T03:16:27.161Z,Autentikasi & Akun,Positif,Negatif,0.9255,"halo tim, itu dibagian verifikasi no tlp ga ada opsinya, coba mohin diperbaiki ya"
d238ec8f-fa06-439a-b37c-0688f11ed05c,28_novita wulansari,1,2026-09-12T02:47:47.348Z,Autentikasi & Akun,Negatif,Negatif,0.9599,"INI NOMER BUAT VERIFIKASINYA SUDAH BENAR TAPI KENAPA TIDAK DIKIRIM KODE OTPNYA? PADAHAL HARUS PAKAI APLIKASI INI, INI GIMANA TOLONG LAH PERBAIKI SAYA MAU KONTROL"
4cc59839-e82f-4ba1-8ba4-5689a0ed99a2,Ginanjar Pusing,5,2026-09-12T02:34:39.337Z,Lainnya,Positif,Positif,0.7797,bisa diandalkan
8c30362e-1019-4a42-9466-db7ea8789a90,Dian Suci,5,2026-09-12T02:34:32.130Z,Antrean & Faskes,Positif,Positif,0.7679,sangat membantu ketika Mengambil Antrian
42f3b1fa-8458-487e-9906-f2274ea3fb5c,HARTONO HARTONO,5,2026-09-12T02:33:08.704Z,Lainnya,Positif,Positif,0.9917,sangat bagus pelayanannya...cepat👍👍👍👍👍
83cb807e-32bb-4531-bdf1-9af70b04dad5,Cawel k,5,2026-09-12T02:32:48.936Z,Lainnya,Positif,Positif,0.9775,sangat bagus
b81ac081-e23f-4b65-ae3a-71b2bdfa07a5,Lussie Aprilianty,2,2026-09-12T02:27:51.556Z,Kinerja & Server,Negatif,Negatif,0.9404,susah sekali buka aplikasi ini sering error
a330ed6f-71d6-447f-9103-6068eaf4aa4e,Liwet Channel,5,2026-09-12T02:23:14.945Z,Lainnya,Positif,Positif,0.987,semoga pelayanan nya semakin membaik
f2781315-614f-4eb9-88ef-02880af90c97,Hj Hajrani,5,2026-09-12T02:12:01.701Z,Lainnya,Positif,Positif,0.9775,bagus tawwa aplikasinya
161d962f-a292-483a-9234-579ad92f7f38,Djafari 24,5,2026-09-12T01:57:01.467Z,Lainnya,Positif,Positif,0.9889,ok
e91b29ea-fcd2-40d1-862d-2e45ddcc5a52,Dewa Kariyasa,5,2026-09-12T01:49:09.807Z,Lainnya,Positif,Positif,0.9921,mantap dan praktis👍
712afbaf-2f35-4e10-9ada-09355b8dc304,Risma Widyastuti,1,2026-09-12T01:40:45.716Z,Kinerja & Server,Negatif,Negatif,0.8495,sering eror
a55a3362-bb59-463f-a5c3-28f4766ea7a1,Adzim Subangkit,1,2026-09-12T01:27:23.429Z,Autentikasi & Akun,Negatif,Negatif,0.9401,mau daftar aja susah aplikasi gila
e9a013a6-1bb0-4e96-aa2a-a4054aeac14c,anisa Nurhasanah,5,2026-09-12T01:26:50.297Z,Lainnya,Positif,Positif,0.9775,bagussss
dc64e446-95b6-4552-b50f-c67d6345678d,Ano Akino,5,2026-09-12T01:11:48.700Z,Lainnya,Positif,Positif,0.9775,mantabb
7776896a-5bea-4b13-8273-ef831be9f4b8,Julius Mendefa,1,2026-09-12T01:10:49.987Z,Lainnya,Negatif,Negatif,0.9801,ketika diperlukan selalu ada masalah.apk Ter buruk yg pernah ada
b652ae6b-bc33-4252-9336-571dd0d40b75,gun misugi99,5,2026-09-12T01:01:37.930Z,Antrean & Faskes; Iuran & Layanan,Positif,Positif,0.9653,rubah faskes semudah itu mantap
c86bc885-a2f2-458d-b889-655df603cad4,Ahmad Hidayat,1,2026-09-12T00:56:09.553Z,Autentikasi & Akun,Negatif,Negatif,0.9403,verifikasi wajah ribet
c8ed2ab4-2148-44db-abff-39edeb449bf0,Bakul Uni,1,2026-09-12T00:46:02.806Z,Antrean & Faskes; Kinerja & Server,Negatif,Negatif,0.8867,"susah nya mau ambil antrian, eror2 gak jelas"
61b2a53d-3695-40b1-8ec0-f04f5738a224,Aris Pratama,5,2026-09-12T00:34:04.405Z,Lainnya,Positif,Positif,0.9446,cepat
4e851001-dd65-4030-8d05-5f449d0793da,Manus Manus,5,2026-09-12T00:29:08.524Z,Lainnya,Positif,Positif,0.5804,kode keamanan sudah di tingkatkan
48e08566-dc72-4a64-9df8-67e1f6f9de5c,yora devita,2,2026-09-12T00:21:43.700Z,Autentikasi & Akun,Negatif,Negatif,0.9451,"aplikasinya kendala buat keluar masuk, saya pake hp buat 2 akun yg keluar masuk tapi sekalinya log out buat masuk lagi banyak x kendalanya"
3f1ae4d0-2fec-4b98-8bdb-7a75d275d939,Lingga Febriyanto,1,2026-09-11T23:43:45.230Z,Lainnya,Negatif,Negatif,0.879,aplikasi sayang tidak membantu
dbe1180a-afeb-4019-a3c4-a18d56e043d8,Ammi Sodik said,1,2026-09-11T23:35:38.307Z,Lainnya,Negatif,Negatif,0.9358,"aplikasi ga berguna, anak gua mau ngecek ajah susah banget, pemerintah sialan"
8561f8d0-1ad3-408e-a7d9-d9443a580ca2,Dewi,5,2026-09-11T23:01:51.656Z,Lainnya,Positif,Positif,0.9855,"bagus sekali,memudahkan kita dalam menggunakan fasilitas kesehatan"
5a11340f-8e51-40c5-91b5-8d1dc22942b6,Muhammad Fahri Maulana,1,2026-09-11T22:38:30.792Z,Autentikasi & Akun; Kinerja & Server; Iuran & Layanan,Negatif,Negatif,0.9904,"BUSUK BANGET NYUSAHIN, verifikasi wajah gagal terus udah dicoba di 2 hp. udah bayar angsuran bpjs tapi pas dibutuhij malah ngeleg gajelas!!!!! EMANG SENGAJA DIATU SENYUSAHIN INI YA??????"
86d899a0-3be7-4ee9-9e16-04e74e4bd4c3,Muhammad qodri,1,2026-09-11T20:37:52.625Z,Autentikasi & Akun,Negatif,Negatif,0.9686,aplikasi gajelas tiba tiba log out sendiri aplikasi pemerintah paling ga jelas nyusahin aja mau daftar online
5ddd8ec8-cbee-4ce4-862a-83e422d68705,Mr Palakan CL,1,2026-09-11T18:50:00.778Z,Autentikasi & Akun; Iuran & Layanan,Negatif,Negatif,0.976,"ribet mau login aja susah ,gegara sdah login 3 nik,ya kali mau login aja susah suruh hubungin cs nya lama bgt ,gak jelas system digital TPI kekntai"
1f5ca4a1-c62f-4ca0-b4cc-b00e660e88f4,Cansay Geralden,5,2026-09-11T18:34:39.229Z,Lainnya,Positif,Positif,0.9689,cepat tepat akurat trmksh
701a1bc9-ca46-4e54-aa4e-96bb4a0cacad,Didi Bunadi,1,2026-09-11T18:14:39.750Z,Autentikasi & Akun; Antrean & Faskes; Iuran & Layanan,Negatif,Negatif,0.6888,tolong di perbaiki apknya? untuk mengganti peserta antrian yang sudah terdaftar di bpjs yang merupakan anggota keluarga tidak bisa. masa harus 1akun untuk 1peserta. Padahal kan harusnya 1 akun bisa untuk seluruh anggota keluarga yang sudah terdaftar
0a108ee7-386a-4083-987e-b60faee2e9e9,Khairun Niza,1,2026-09-11T16:44:27.700Z,Antrean & Faskes,Negatif,Negatif,0.938,"tolong diperbaiki sistemnya, ngawur sejam standby ambil no antrian dari awalnya 0 pasien sejam kemudian masih gagal data tersimpan. MIRISSS"
bec88445-05a4-465b-be82-06bfed8f4638,Leonardus Laly,5,2026-09-11T15:34:31.824Z,Lainnya,Positif,Positif,0.9859,"Lebih mudah, cepat dan akurat"
0cb3b316-07b4-4adf-bb14-27e3b7f0193b,Agungsinting Ginting,5,2026-09-11T15:04:07.388Z,Lainnya,Positif,Positif,0.9775,mantap
c2f46062-92ea-4cd4-8a1c-7ad1956e28cd,Taehyung Kimda,1,2026-09-11T14:56:28.225Z,Lainnya,Negatif,Negatif,0.7666,tidak berfungsi d perangkat saya
a64bf0df-d140-4966-97b1-59413a2c5e64,Fitra Antoni Chanel,5,2026-09-11T14:48:20.406Z,Lainnya,Positif,Positif,0.9892,sangat membantu dan memudahkan
f72fe2c1-91dc-487d-a71a-365ece5c0363,fatun Rahmawati J,5,2026-09-11T14:38:00.631Z,Lainnya,Positif,Positif,0.8732,sangat membatu
b076b783-6c40-4c53-8036-20b79759fb37,Naufal Alkhalafi,4,2026-09-11T14:30:16.642Z,Lainnya,Positif,Positif,0.7674,"aplikasinya bagus, memudahkan dalam mendapatkan pelayanan kesehatan... tapi sekarang malah di buka di hp vivo 1814 udah nggak bisa😟 padahal dulu bisa"
16ce8599-5272-4f43-b076-51f38e7c11ea,Ibu iyok Hernawati,1,2026-09-11T14:23:32.140Z,Antrean & Faskes,Negatif,Negatif,0.9452,apk bodoh ibu saya sakit ngambil antrean aja gk bisa
3adfff90-3b85-41b5-a85e-7a17361e8f98,AHMAD RIYAN EFENDI,1,2026-09-11T14:09:47.996Z,Autentikasi & Akun,Negatif,Negatif,0.9746,"gak tau kenapa buat daftar doang susah banget, padahal cuman verifikasi no. hp tapi gk muncul-muncul pesannya"
a0a303c4-9446-4df5-a918-8b80f0711bbd,purwanto eli,5,2026-09-11T14:06:43.236Z,Iuran & Layanan,Positif,Positif,0.5322,mbayar nya ya kalau bisa di kurangi
03479b8e-8c34-41ff-bcc8-bbe3b70d9112,Nevi Sah,5,2026-09-11T13:57:13.380Z,Lainnya,Positif,Positif,0.9919,semoga tetap memuaskan
4ab65aac-6de5-4dbe-b6f3-8448468c40c3,Momy Momy,1,2026-09-11T13:48:27.630Z,Antrean & Faskes,Negatif,Negatif,0.6787,sekarng g bisa ambil antrian online melalui jkn mobile harus manual
f96f4579-f53f-411d-b9ab-30c1d878e173,Evie Endra679,1,2026-09-11T13:46:25.275Z,Autentikasi & Akun,Negatif,Negatif,0.9171,sangat sangat tidak memuaskan verifikasi nomer telpon lama banget
2b5477c5-37e4-438d-8f63-28e6ab9346eb,Akun Honkai,1,2026-09-11T13:46:07.605Z,Autentikasi & Akun; Iuran & Layanan,Negatif,Negatif,0.9753,"apaan ini kok gak dapet kode verifikasi terus, mau buat akun juga gak bisa, terus coba ubah pin juga kode otp email nya gak muncul"
94b0c65b-843a-467a-b81d-967af6a79b2f,Fatih,1,2026-09-11T13:35:56.330Z,Antrean & Faskes,Negatif,Negatif,0.9091,aplikasi bersistem bobrok.dasar produk pemerintah
ab34312b-a26e-49e5-8078-6900e027ab39,Rudi Rosali,5,2026-09-11T13:31:50.233Z,Lainnya,Positif,Positif,0.5334,mantqp
9eda5a88-ddb9-44af-bc9d-5bd0330977dc,Herry Perdana Sagala,5,2026-09-11T13:26:44.272Z,Lainnya,Positif,Positif,0.9775,sip lah
310340d1-501a-4621-9664-f0dc949ac2be,vi mvi,5,2026-09-11T13:06:46.554Z,Lainnya,Positif,Positif,0.9302,memudahkan
a2918e0c-c8c6-48c8-bf22-1cd3af8dfdc6,F47AR FR,5,2026-09-11T12:35:28.500Z,Lainnya,Positif,Positif,0.9878,Mantab. jadi lebih praktis
cc3b52f9-d43c-4dfc-b2f6-7669c903ca16,Short Nojutsu,1,2026-09-11T12:24:21.218Z,Autentikasi & Akun,Negatif,Negatif,0.8868,kenapa kode otp yang mau di kirim tidak ter kirim kirim bikin kesal!!
67a95f2d-447e-4194-b2ef-05c147c741bc,Saepudin,1,2026-09-11T12:12:28.337Z,Antrean & Faskes; Kinerja & Server,Negatif,Negatif,0.7577,"to long dong saya mau ambil antrian gak bisa mulu, harus pencet setuju giliran udah di pencet gak bisa mulu, to long benerin dong padahal jaringan bagus, kok gak bisa muli"
75e20d52-ad92-4028-91bf-d9bde0f3adfd,Sa Ri,1,2026-09-11T12:11:13.763Z,Autentikasi & Akun; Antrean & Faskes,Negatif,Negatif,0.9499,"verifikasi muka selalu gagal, muka sejelas itu pun tetap gagal!! jangan mempersulit lah!!! nomor sudah di daftarkan juga dibilang tidak ada nomor, banyak lah kurang nya!!!"
55c7f907-2b1c-40e1-b6b1-d6948207111d,Paini 152,1,2026-09-11T12:03:24.158Z,Autentikasi & Akun; Kinerja & Server,Negatif,Negatif,0.9557,mau ngirim kode otp di sms aja gak di kasih kasih aneh nih aplikasi eror mulu.
db21fc32-021f-4446-b788-a17a9eb4cbf9,Adof Purwanto,1,2026-09-11T11:59:09.341Z,Autentikasi & Akun; Kinerja & Server,Negatif,Negatif,0.9627,apk gampang error logout sendiri gak jelas verifikasi lewat SMS malah gak bisa masuk ....astaga ...di update lah ...jangan di biarin aja
7888ee2b-d657-4651-8b74-884060759adf,Kamal,1,2026-09-11T11:56:16.000Z,Lainnya,Negatif,Negatif,0.8799,aplikasi dah gak bisa dipake perangkat gak kompitible artinya pemerintah jg gak koorporatif lagi sama rakyat kecil aplikasi bagus tp gak merakyat maksa rakyat ganti hp baru
e2400475-5a6e-4267-bb3b-e07efd40ad1d,Melar Deni,5,2026-09-11T11:36:14.135Z,Lainnya,Positif,Positif,0.9445,semoga fasilitas swlalu meningkat
364ca1da-6836-4273-9fe7-202ada13bc9b,Muhamad Mahmudin,1,2026-09-11T11:15:07.770Z,Autentikasi & Akun,Negatif,Negatif,0.8617,"gk bisa masuk, aplikasi berhenti terus"
23655524-adb6-4a2f-830e-a6abce923258,Candy 2021,5,2026-09-11T11:04:50.250Z,Lainnya,Positif,Positif,0.9897,sangat membantu
da3635e1-2278-4aa5-9139-b5f252078b66,Willy Kendy Tirie,5,2026-09-11T11:00:44.556Z,Iuran & Layanan,Positif,Positif,0.963,terbaik untuk pelayanan BPJS
987d1019-8be9-4460-8380-968b4d58dd86,Kim seok Jin,1,2026-09-11T10:59:42.380Z,Lainnya,Negatif,Negatif,0.7442,aplikasi untuk masyarakat tapi android 9 kayak hp ku ga bisa download sungguh TDK merakyat
81f40981-d82a-465f-ad6b-99a4dd0ba1a4,Lucky Hafiz,5,2026-09-11T10:58:46.847Z,Lainnya,Positif,Positif,0.9775,mantapp
72153abb-f3f0-45fe-8bde-d656397d339a,mayla mey,1,2026-09-11T10:58:28.720Z,Lainnya,Negatif,Negatif,0.803,"aplikasi belooon, kebanyakan korupsi"
03f7c87a-a6bb-46ed-9ce1-ca729bda4abc,Abdul muis Wibowo,3,2026-09-11T10:46:44.729Z,Autentikasi & Akun,Positif,Positif,0.9932,terimakasih sangat membantu untuk mempermudah pendaftaran kesehatan
a97f0975-b194-42c0-9beb-6d4d0fbeb418,Dika Nugroho,1,2026-09-11T10:41:54.773Z,Lainnya,Negatif,Negatif,0.9882,jelek wabnya
295b197f-5da7-4203-aa23-232d1866da51,habrian octa,1,2026-09-11T10:27:59.194Z,Autentikasi & Akun,Negatif,Negatif,0.9144,ini kenapa gk bisa masuk padahal nik udh sesuai ama password nya
ea6168d4-ebda-4f57-bdcb-bd836f2d7956,Agnes Fitaloca,1,2026-09-11T10:08:49.635Z,Kinerja & Server,Negatif,Negatif,0.8701,lambat aplikasih nya sering susah di akses
dadd4a8b-6c24-4761-9de6-2c4164f6a742,Mr Agiadittia,5,2026-09-11T09:49:37.640Z,Lainnya,Positif,Positif,0.9897,sangat membantu
e6fe19ca-8b46-4513-8443-6a0f21122ad1,Aryo Umanahu,5,2026-09-11T09:25:18.477Z,Lainnya,Positif,Positif,0.9775,bagus
1eaef00d-907a-4827-bd01-d7c8351ebc30,SANDIKA,1,2026-09-11T08:44:57.349Z,Lainnya,Negatif,Negatif,0.9081,"aplikasinya gak bisa di bawah android 10, mau gak mau harus beli hp baru"
35df0ee9-75a9-4c3f-8721-cfbbb4ce85ff,Ff NrFhm,2,2026-09-11T08:36:03.235Z,Kinerja & Server,Negatif,Negatif,0.738,banyak betul bug nya
d1a0d9c1-3670-4ce8-9e2c-2eeef02064cd,Saminah,1,2026-09-11T08:34:08.876Z,Lainnya,Negatif,Negatif,0.9558,"udah bener ngisi kode veriv malah gabisa gabisa keburu sakit nih, dibenerin dong orang sakit nih"
92196ff0-9718-4eec-8993-e5ca09acf832,mada jas,2,2026-09-11T08:14:41.870Z,Lainnya,Negatif,Negatif,0.7183,nggak bisa di buka aplikasinya.
54dcac56-a0b0-4cbd-9291-a8d6f996460d,ddagoes Priyadi,5,2026-09-11T08:02:55.294Z,Lainnya,Positif,Positif,0.959,Mantab
4769d7fb-2918-4d05-832a-e216efb8ab2e,Luthfi Nurfadhli,1,2026-09-11T07:56:45.273Z,Autentikasi & Akun,Negatif,Negatif,0.9655,terus aja nungguin kode OTP yang ngga masuk-masuk
9710cfc2-1c2c-4cf6-a590-48f9c9e1881a,Jeffa Bethan,5,2026-09-11T07:54:01.815Z,Lainnya,Positif,Positif,0.9897,sangat membantu
0b222cef-960c-444b-8132-c5eb9b5a56e7,Widia Wati,1,2026-09-11T07:52:51.844Z,Antrean & Faskes,Negatif,Negatif,0.7835,gk bisa di download knp seh susah trs
fb1b686a-abb8-46a7-b47f-e01624f33a80,Yudha Pramudya,5,2026-09-11T07:51:35.746Z,Lainnya,Positif,Positif,0.9775,keren
ddd98fc0-fee6-489f-95a4-f47bd30e8f92,Yosep Sopian,1,2026-09-11T07:21:24.650Z,Autentikasi & Akun,Negatif,Negatif,0.8959,sory boss ane kasih rating 1 bintang ..karena di saat mau daftar dan tinggal nunggu kode lewat sms ..tapi kode nya tidak ada sama sekali padahal nomor yang di gunakan nomor aktif ...
3c38409b-ac15-4157-862e-a7f381b7224d,arif don,1,2026-09-11T07:16:00.560Z,Autentikasi & Akun,Negatif,Negatif,0.9585,"tidak bisa daftar, SMS tidak muncul-muncul"
2ea04365-8f2e-4d05-8092-149e88cf1c2f,Najla Fauziyyah Hakim,5,2026-09-11T07:09:32.376Z,Iuran & Layanan,Positif,Positif,0.976,bpjs penolong bgt di keluarga kami🫶
0d47048a-65be-4899-8ccb-a9fd9dae42c3,Nurul Khoiriah,5,2026-09-11T06:49:45.450Z,Iuran & Layanan,Positif,Positif,0.8591,sangat bermafaat sekali bagi saya dan keluarga
f5fa800e-0279-4b59-8bf7-77d079b67f4a,Ahmad Junaidi,5,2026-09-11T06:41:15.384Z,Lainnya,Positif,Positif,0.9752,sangat bermanfaat sekali untuk kami semua
03b6447c-6a49-4135-ae2f-15643a752648,Murnila,5,2026-09-11T06:34:37.760Z,Antrean & Faskes,Positif,Positif,0.9592,"berguna bgt dengan adanya apk mobile jkn, berobat jadi lebih mudah dan lebih cepat"
51e78a18-39a8-4697-b805-a490d9010e93,Hayyun Bilhaq,1,2026-09-11T06:24:57.203Z,Lainnya,Negatif,Negatif,0.9372,ni aplikasi kenapa si tiba tiba log out sendiri aneh banget
09e11384-f2d5-405c-97d4-9742800d0f98,abdol aziz,5,2026-09-11T06:17:58.601Z,Lainnya,Positif,Positif,0.9775,good jobs
6e85d948-e0ad-4ebd-ac5a-68ad3d25426f,IS KANDAR,5,2026-09-11T06:09:29.205Z,Lainnya,Positif,Positif,0.989,top
48dfc36d-1e9b-4268-80ca-4d8ef3daa7fa,Salwa Htj,5,2026-09-11T06:06:00.588Z,Lainnya,Positif,Negatif,0.6323,berkualitas
31012807-5230-4f62-9543-2dd86f30c640,Marthen Sumomba,1,2026-09-11T05:48:01.560Z,Lainnya,Negatif,Negatif,0.7775,bikin manving emosi
e97b6801-37cf-4045-b703-da24d039bcc9,andri nugroho,3,2026-09-11T05:46:13.120Z,Autentikasi & Akun,Positif,Negatif,0.7427,sangat sulit untuk verifikasi wajah. harus segera diperbaiki aplikasinya agar memudahkan masyarakat
a7d1283f-4c2c-41a1-b3cf-c1623118762f,Iqbal Hafiz,1,2026-09-11T05:29:59.759Z,Kinerja & Server,Negatif,Negatif,0.8495,Erorrr teroosss
d938301b-4394-4c8d-952b-cdf6167b10b3,Maulana Note15,1,2026-09-11T05:24:31.705Z,Autentikasi & Akun,Negatif,Negatif,0.9157,kenpa kode verifikasi tidak muncul
68271594-0ad4-49d0-984d-7b0d41786321,Sandy Karundeng,4,2026-09-11T04:53:25.470Z,Lainnya,Positif,Negatif,0.621,"peralian ke mandiri lama Skali sampai 14hari,, masa harus tunggu 14hari dlu baru bisa sakit."
eac70fcb-0283-45c1-8c16-0807abb868a0,Abizar Zaelani,1,2026-09-11T04:26:33.126Z,Autentikasi & Akun; Iuran & Layanan,Negatif,Negatif,0.9506,Sudah daftar lewat wa dan sudah keluar virtual account untuk pembayaran tapi gagal terus..
57cd46fe-3cd2-4327-acfa-f2305af8e161,Ismail,5,2026-09-11T04:13:40.142Z,Lainnya,Positif,Positif,0.8651,apk sangat membantu
99eaa1ac-2b31-4e83-883c-de7522fbf394,Dandi Husniatulloh,1,2026-09-11T04:06:28.807Z,Autentikasi & Akun,Negatif,Negatif,0.943,ini gimana mau verifikasi nomor tlp ga bisa ?
5586b084-2237-4d59-a225-58b952de5328,Arip Hidayat,5,2026-09-11T04:00:53.830Z,Lainnya,Positif,Positif,0.9775,bagus
c8bd2b8c-e1bc-4e69-b604-bed29ea9230d,GUS TOMMY - YD0LDT,5,2026-09-11T03:47:27.710Z,Lainnya,Positif,Positif,0.9775,Good
f2387f57-8758-4eb6-a7d5-70ae55b7980e,Susi Indriawati,1,2026-09-11T03:21:26.611Z,Autentikasi & Akun; Antrean & Faskes; Iuran & Layanan,Negatif,Negatif,0.9212,"Kenapa jadi tiba2 log out sendiri, lagi dibutuhin jadi riweh hrs log in lagi, mana ga hafal no nik nya, riweh lagi nyari KTP , pdhl sblmnya aman2 aja"
8ccd890d-e111-49a1-b7c8-3cd9541a4124,Dava Afrian,1,2026-09-11T03:09:16.180Z,Autentikasi & Akun; Antrean & Faskes,Negatif,Negatif,0.9872,"tolong di perbaiki aplikasinya niat mau berobat disuruh daftar di aplikasi ini, verif wajah gagal, nunggu OTP ga muncul"" udah 1 jam"
811b7274-6cd2-4f54-b54e-9d594501080f,Ghaisa Nurul14,1,2026-09-11T03:02:38.180Z,Lainnya,Negatif,Negatif,0.9339,ribet susah dapet kode akses!!
3d31bcb1-7128-4529-8345-023b6a6950e6,Inka Dyastuti,2,2026-09-11T03:00:09.562Z,Autentikasi & Akun; Antrean & Faskes,Negatif,Negatif,0.5441,gabisa buat daftar online di faskes pertama
dde8ae56-a08b-4843-a556-a2be9d3e2635,Septyawan Tanggon,5,2026-09-11T02:54:29.306Z,Lainnya,Positif,Positif,0.9775,mantap
2014e54c-9eca-48b6-a0df-00f58b67b2a8,bayhu amatory,1,2026-09-11T02:45:23.166Z,Kinerja & Server,Negatif,Negatif,0.5362,sering error padahal jarigan bagus
f89ea5c5-34df-45bf-bb6d-ae6c07898cf2,Yudhayana Thea,1,2026-09-11T02:41:29.766Z,Autentikasi & Akun; Antrean & Faskes,Negatif,Negatif,0.8331,"aplikasi badut. sering tidak sinkron dengan fasilitas kesehatan. sudah daftar jkn jauh jauh hari, tapi tidak terdaftar saat chekin di mesin rumah sakit. tambah tidak sesuai dengan jadwal praktek dokter"
5d27779a-cda0-4dd7-81f5-64fc13d1cf5c,3395 TV,5,2026-09-11T02:24:33.865Z,Lainnya,Positif,Positif,0.943,mudah digunakan
a54441f6-979e-4615-b06c-5cad1f2e4e2b,Ahmad Rido'i,5,2026-09-11T02:10:06.822Z,Lainnya,Positif,Positif,0.9302,Aplikasi memudahkan
113b2dec-50e2-4699-8c5f-27471249b0a4,Kiso Veo,1,2026-09-11T02:07:54.394Z,Iuran & Layanan,Negatif,Negatif,0.8648,"Payah, sekelas aplikasi pemerintah kuliatasnya seperti ini untuk pelayanan kesehatan Bayar pajak cuma buat urusan perut pejabat bukan untuk kemaslahatan rakyat"
7af1cb06-8d33-4aca-84cf-cca3701bf351,Egi Hilman,1,2026-09-11T02:02:41.839Z,Autentikasi & Akun; Antrean & Faskes,Negatif,Negatif,0.9474,aplikasi nya jelek banget... mau daftar sebgai anggota baru problem trs akhirnya ngulang lagi prosesnya dari awal
0bf044fc-d7a5-4b7d-ac6c-dd53d864ae52,Putraa Hani,1,2026-09-11T02:02:00.944Z,Autentikasi & Akun,Negatif,Negatif,0.9724,"apk jelek bgt susah daftarnya, dulu gampang skrg malah ruett kaya pemerintah"
0347b3c6-3a28-4452-ac61-2cc88e7ee859,Yunus Wahyu Setiawan,1,2026-09-11T02:00:57.744Z,Antrean & Faskes; Iuran & Layanan,Negatif,Negatif,0.806,"Dapet rujukan tapi di faskes lanjutan jadwal penuh berhari hari, mau ke IGD tp ada embel² belum tentu dicover BPJS. Ya gimana, kita yg ngerasain sakitnya tp keputusan dicover BPJS blm pasti. Masa harus nunggu berhari² baru bisa berobat?"
aa7992f7-1228-4448-aee6-0e734be762e8,Elzio Wine,1,2026-09-11T01:58:36.265Z,Autentikasi & Akun; Antrean & Faskes; Iuran & Layanan,Negatif,Negatif,0.9234,"saya sangat kecewa dengan aplksi mobile jkn,anak saya sakit mau berobat,sedangkn hp saya tidak bisa mendownload aplksi mobile jkn,sedangkn peraturan rumah sakit harus dftr lewat online,lalu bagaiman sya mau berobat ,tolong dong pihak bpjs untuk aplksi biar semua tipe hp atau mmensupprot untk di download,maslah ya ini taruhan nyawa,.sedangkn dri pihak klinik hrus daftar dlu ya ,gimna nie tolong,atau saya laporkan kepda pejabat tinggi ya,kalau menyusahkan org buat berobat"
41103938-3bd8-421d-8130-57a5310ee755,Riki Sipahelut,4,2026-09-11T01:48:44.574Z,Lainnya,Positif,Positif,0.9205,Appnya oke sih
1e006b4e-c7ca-436a-a8ef-fb3066af7e0f,purnawan nawan,3,2026-09-11T01:45:07.364Z,Autentikasi & Akun,Positif,Negatif,0.9434,susah buat daftar seperti tidak ada perbaikan
6414d280-cd0b-4573-b7d4-87e565899d49,Bang Jun,1,2026-09-11T01:39:38.520Z,Lainnya,Negatif,Negatif,0.6638,aplikasi sering maintenance. mohon untuk ditingkatkan lagi
fa40e825-3b8f-4767-9076-8b96c39268c1,Maryam Syarif,5,2026-09-11T01:37:30.167Z,Antrean & Faskes,Positif,Negatif,0.5282,kenapa ya kok punya ku tidak bisa ambil antrian tolong dong bantuan nya
c7b602c2-3692-41b3-8ba1-78ba3effeef6,Fitri Lailatul,5,2026-09-11T01:27:00.921Z,Lainnya,Positif,Positif,0.9775,mantap
7220335a-8d90-4a32-a1dc-29a6d3ec3281,Seni Kaban,5,2026-09-11T01:26:11.876Z,Lainnya,Positif,Positif,0.9564,terbaik
883864ca-eeaf-401d-888d-c023f91d84a2,alghifari Taufiq,5,2026-09-11T01:20:20.991Z,Lainnya,Positif,Positif,0.9775,bagus
5ac393d3-0e49-458f-90c0-c52e91bcd678,Zainal Amin,4,2026-09-11T01:17:29.806Z,Lainnya,Positif,Positif,0.9564,baik
db63bedf-ca53-4577-aabc-827fa1855a81,Delvin Aldzikry,1,2026-09-11T00:51:54.446Z,Autentikasi & Akun; Antrean & Faskes,Negatif,Negatif,0.7678,bt apa daftar online terus dikasih no antri klo ujung ujung ttp aja siapa yg datang duluan no antrian no 1
4853570b-d134-418e-9f35-4ba6f6d7c509,arla putra,5,2026-09-11T00:44:07.260Z,Lainnya,Positif,Positif,0.9775,bagus ini
4290ecbc-1532-4ead-88a7-6de886917fc5,Produksi Masal,5,2026-09-11T00:37:49.768Z,Lainnya,Positif,Positif,0.9775,aplikasi nya sangat bagus
8f5ee5a8-9ffc-4690-9645-4806ed5a2739,Kyb Kyb,5,2026-09-11T00:34:00.823Z,Lainnya,Positif,Positif,0.9705,"lebih praktis, dan sangat membatu."
96451198-0459-49ef-8f5e-df59c2ace3af,IraAyu 7002,1,2026-09-11T00:30:29.528Z,Autentikasi & Akun; Kinerja & Server,Negatif,Negatif,0.9782,kenapa harus pake ini kalo app nya eror!!!??? udah verifikasi wajah susah mirornya aneh. Setelah bisa malah disuruh coba lagi karna sistem tidak bisa diproses!!! tolong.
b2702078-7b24-4fa0-900f-9ea8e8b9acd4,Aan Anwar,5,2026-09-11T00:28:42.655Z,Lainnya,Positif,Positif,0.9889,oke
2f22c809-a685-4e32-b47a-2dd7ea34264d,Rizky M.Syahrul,1,2026-09-11T00:22:48.919Z,Autentikasi & Akun,Negatif,Negatif,0.9453,"APK SAMPAHHHHHHHHHHH, KODE OTP NYA LAMA SEKALI DI KIRIM UDAH HAMPIR 2 HARI NUNGGU GAK ADA DI KIRIM"
68b86065-3e29-4045-8e5f-2ebe12df8483,Rvnzaa Putra,1,2026-09-11T00:20:01.783Z,Lainnya,Negatif,Negatif,0.9434,bodoh
903bc422-33e3-49d0-9b70-32d20d389e6c,Noldy Kapia18,1,2026-09-11T00:10:46.852Z,Lainnya,Negatif,Negatif,0.7324,🔪
787575cd-68e0-4b0b-a5f2-cc90faeb4932,sarmi sarmi,4,2026-09-11T00:02:32.616Z,Antrean & Faskes,Positif,Negatif,0.7929,"aplikasi tdk bisa digunakan untuk ambil antrian,, sering log out"
2ab6ca3e-080a-490a-9fc3-2f4931ffaf75,Ricky Azwhan,1,2026-09-10T23:59:58.537Z,Autentikasi & Akun; Antrean & Faskes,Negatif,Negatif,0.9582,"aku pribadi lebih suka mekanis yang dulu sederhana dan terstruktur ketimbang sekarang banyak fitur iya tapi hal yang paling mendasar seperti Memperivikasi nomer telepon terutama saat mengirim kode dengan nomer itu lana sekali, tidak responsif juga untuk login memang ada password, tapi sekali lupa dan salah itu mau atur ulang sandi nya susah sekali kaya mau apa aja, dilihat dari pembaruan nya itu udah ada Ai yang melihat gejala, tapi tidak buat keamanannya di perbaiki, karena itu menjadi dasarnya"
0097ed48-e380-4385-9a2c-f8696688a1a4,Doea Pilar Oetama,5,2026-09-10T23:49:33.361Z,Lainnya,Positif,Positif,0.9825,mudah dan interaktif mantab
2665f455-0f5d-47fe-8aed-0b656da07927,STUT COMMUNITY,5,2026-09-10T23:44:43.203Z,Lainnya,Positif,Positif,0.9965,sangat membantu👍
325da003-e3b1-4f3c-8cde-3575939dc262,Zhen Ibra,5,2026-09-10T23:24:49.942Z,Autentikasi & Akun; Iuran & Layanan,Positif,Negatif,0.9567,"kenapa mobile jkn mau login nik ktp lain gak bisa lagi,aplikasi ini makin susah aja login"
3c04a21d-d624-4b26-89aa-64e91efaff7e,muhammad bahiij,1,2026-09-10T23:05:53.950Z,Autentikasi & Akun; Antrean & Faskes; Kinerja & Server,Negatif,Negatif,0.9133,"kebanyakan update,fitur utama malah eror,buat daftar antrean online aja kode f1 terus,aplikasi GG"
97fd0dd9-1154-433e-95f3-aefd5d0b660d,Suyanto Diningrat,1,2026-09-10T22:34:01.746Z,Autentikasi & Akun; Antrean & Faskes,Negatif,Negatif,0.9915,"susah buat verifikasi wajah, kode OTP ga pernah muncul pdhl nomer HP aktif trs, aplikasi ga berguna"
23b86fb2-cec3-4508-9666-5bcb9dc2649f,Adji Saroso,5,2026-09-10T21:03:33.900Z,Lainnya,Positif,Positif,0.9889,ok banget
02d96957-958f-464e-b027-1f92e86a995f,Ahmad Failani,1,2026-09-10T21:01:01.474Z,Lainnya,Negatif,Negatif,0.6754,keburu sekarat
1e095644-3b1e-4189-a71e-2e80bbf9c057,wedusss212 weduss,1,2026-09-10T18:12:09.908Z,Autentikasi & Akun; Antrean & Faskes,Negatif,Negatif,0.9618,"aplikasi malah tambah nyusahin mau berobat jadi susah , log in sulit minta otp selalu g bisa,...."
88c5ab5a-8481-4908-9731-609b3eca9a7c,dion alief,5,2026-09-10T17:53:36.225Z,Lainnya,Positif,Negatif,0.866,"sekarang mau ngapa""in jadi ribet"
02c744b9-83e2-4a60-a9cf-39442988bd7f,cristina a,3,2026-09-10T17:29:51.734Z,Kinerja & Server,Negatif,Negatif,0.83,"sering error, tolong di upgrade dong"
45e5d98e-0b10-4fb9-ab31-b114d02f1c1b,Indra Bmth,3,2026-09-10T17:09:46.603Z,Antrean & Faskes,Negatif,Negatif,0.9161,mau ngambil antrian online gagal Mulu udah dicoba segala ha gabisal mohon di perbaiki lagi
71e02a16-55dc-40d3-b008-d32a8f8f223c,Sakti Octova,1,2026-09-10T16:53:55.900Z,Lainnya,Negatif,Negatif,0.7654,optimalkan lagi dong aplikasinya masa untuk hp ram 6 gb force close terus
eef01f2e-672a-47a6-931c-677fd93be008,M Riki Saputra,1,2026-09-10T16:42:22.145Z,Autentikasi & Akun,Negatif,Negatif,0.8649,"kadang memudahkan kadang menyusahkan karna gamau login dan terlog out sendiri, Optimali lagi ni aplikasi"
a20020ef-af81-456c-a7c9-c371df8a9b66,Muhammad Qosim,1,2026-09-10T16:31:26.938Z,Lainnya,Negatif,Negatif,0.6481,kurang baik
c75f00df-232e-4324-9889-c319ad0c01e4,Malik Fajar,1,2026-09-10T16:27:04.822Z,Autentikasi & Akun; Kinerja & Server,Negatif,Negatif,0.9058,verifikasi otp lewat sms ga muncul2 alasan jaringan padahal jaringan bagus karena menggunakan wifi
6d9770af-7fb3-42fc-bc25-2e760a5c539c,Sihabuddin Addimiyyati,1,2026-09-10T16:14:34.445Z,Autentikasi & Akun,Negatif,Negatif,0.9848,jelek bet susah daftar
7070cda4-cb52-4a58-9a05-a6f0c9673c4e,FI KAR,1,2026-09-10T15:50:50.133Z,Autentikasi & Akun,Negatif,Negatif,0.9417,"kode otp nya ga ada, apk apaan ini"
c128475a-05f5-43e7-9ba7-7338e48664a0,Heri Mulyana,1,2026-09-10T15:27:31.912Z,Lainnya,Negatif,Negatif,0.8217,knpa aplikasi ini susah sekali .. kompatibel terus apa masalah ny..dulu lancar2 aja
1a230166-c51c-4aaf-9484-32ed179d27e7,Abdi Nawawi,5,2026-09-10T15:13:02.186Z,Lainnya,Positif,Positif,0.9775,aplikasi Bagus
a3f298b3-e891-430b-b7d1-b5c1256b0a65,Himalaya Sadewa,5,2026-09-10T15:06:36.850Z,Lainnya,Positif,Positif,0.9753,mantap pelayanan
e6942dd4-5c25-4d11-aece-f0bf62b3cd84,Paijo87 Jhony87,5,2026-09-10T15:05:06.422Z,Lainnya,Positif,Positif,0.8596,mudah cara pegunaan ya
31604bd8-110c-41b0-a555-ed0a37517fc2,Pincok 26,1,2026-09-10T15:03:06.668Z,Iuran & Layanan,Negatif,Negatif,0.6131,saya berharap petugas BPJS kalo input data tu mata melek jangan merem satu angka/huruf salah anda mepotkan kami!!!
cf53a2da-84a4-4638-92c0-88ddd46e141d,Saepul Islam,1,2026-09-10T15:00:52.870Z,Autentikasi & Akun,Negatif,Negatif,0.9979,SUMPAH INI APLIKASI JELEK BANGET. SERING KELUAR SENDIRI PADAHAL PASWORD SUDAH BENAR SAMPE GAGAL 3 KALI MASUK. PADAHAL URGENT MAU DIPAKE KECEWA
163cf13b-6616-46b1-85e1-15ee549f27d3,Anto Boyz,5,2026-09-10T14:53:11.484Z,Lainnya,Positif,Positif,0.9688,sangat luar biasa
251813c2-12f7-474b-9a12-287bcd2ec136,Zainal Abidin,5,2026-09-10T14:39:57.298Z,Lainnya,Positif,Positif,0.8986,mantaap
79d3d46f-7e8e-4570-aa6b-efa0d66a4d24,Pujianto Agustus,5,2026-09-10T14:27:03.659Z,Lainnya,Positif,Positif,0.9889,ok bangat yang penting okey mantrap
c730a53b-4d21-4385-b4d6-3ceff9665886,Melani Futria,3,2026-09-10T13:53:50.471Z,Autentikasi & Akun; Antrean & Faskes; Kinerja & Server,Negatif,Negatif,0.9783,"dulu mah gampang mau masuk tinggal klik sandi ,skrg agak ribet deh berkali2 jaringan eror gabisa masuk aplikasi mencoba uninstal trs didownload ulang malahan gbs jg"
8a810dca-bf89-4eaf-8f95-160d20f08247,Malang Bagus,1,2026-09-10T13:38:22.810Z,Autentikasi & Akun; Antrean & Faskes,Negatif,Negatif,0.94,"sekarang malah susah mau ambil no antrean biasa nya tinggal pilih peserta, apa harus bikin akun lagi untuk nik anak biar bisa ambil nomor antrean"
6677db5e-3e12-4736-a9ab-f4ef760d9077,Muslikhin ali khusni,1,2026-09-10T13:31:02.347Z,Autentikasi & Akun,Negatif,Negatif,0.9587,aplikasi bodoh. tiap bulan mesti login.itu bodoh fb aja ga tiap bulan login.perpinter lagi
66bab6be-cbd6-4dbe-8abf-bc4de3003d31,Nadine Nazyre,4,2026-09-10T13:25:31.580Z,Autentikasi & Akun; Kinerja & Server,Negatif,Negatif,0.923,"Setelah di update APK kenapa malah logout sendiri dan tidak bisa login lagi?,.. Padahal sinyal kuat dan semua data yang di masukkan sudah betul,.. Ini gimana ya? Apakah APKnya sudah tidak bisa di gunakan?"
d0fa2ad7-dc07-4a03-9b0c-7f242e7c0900,Rachmat Sudrajat,1,2026-09-10T13:25:13.657Z,Antrean & Faskes; Kinerja & Server,Negatif,Negatif,0.6247,"Gmn mau buka,kudu update wae.Klo Hp bagus dan memory cukup gak masalah,lah ini hp jadul memory kecil .... Malah jd masalah baru lg ini,gmn sy mau berobat"
c1797a02-fc08-4ad0-8ec3-879853da65c1,Budi Prayitno,1,2026-09-10T13:25:00.566Z,Lainnya,Negatif,Negatif,0.7381,Mengapa tidak ada dukungan mobile jkn ini untuk android 8/9? apa memang pengguna jkn hanya utntuk orang mampu? rakyat kecil tidak boleh menggunakan fasilitas jkn?
34f19176-d883-43f4-be1c-d3644ff30f97,Oki Abdul karom,5,2026-09-10T13:23:19.528Z,Lainnya,Positif,Positif,0.9981,aplikasi bermanfaat sangat membantu dan mempermudah masyarakat. petugas nya pun ramah tamah dan sangat membantu. terimakasih
c0e5fe48-61e7-4f4a-83b2-e4692b2299b2,Dennise Saputra,1,2026-09-10T13:13:26.567Z,Autentikasi & Akun,Negatif,Negatif,0.9759,saya daftar JKN mobile dari pagi sampe malem otp sms ga pernah masuk cuman otp Gmail aja yang masuk
f14dd512-eb65-4ed2-88f8-e76198082785,Edo Pandeirot,5,2026-09-10T12:50:57.293Z,Lainnya,Positif,Positif,0.9897,sangat membantu
97d20f0c-f8b1-4fc1-96d0-3d5f71dc1c3f,Helni Depag,5,2026-09-10T12:48:30.636Z,Lainnya,Positif,Positif,0.9655,sangat membantu dalam pengecekan kesehatan
7b5b45af-1a0f-423e-99de-b593f1b5a08c,muklas khan,1,2026-09-10T12:45:14.680Z,Lainnya,Negatif,Negatif,0.7183,aplikasi tidak bisa di buka
252168b1-f775-4540-ad45-76e3d17f44a1,Insan Kamil Budiman,1,2026-09-10T12:41:35.216Z,Lainnya,Negatif,Negatif,0.9186,"kurang berguna, apk jebakan"
4667704c-e710-44c4-ad6b-2dab9f07cdbc,Rukwati Yahya,1,2026-09-10T12:41:19.236Z,Autentikasi & Akun,Negatif,Negatif,0.8997,sms verifikasi tidak kunjung masuk
75e48061-334c-4e52-9eda-5e8f43a18d0e,Hadi Sancoko,5,2026-09-10T12:37:59.209Z,Lainnya,Positif,Positif,0.9889,ok
fff39a06-625e-4223-9d2c-62bf68064f95,Dzaki Airil,5,2026-09-10T12:36:00.764Z,Lainnya,Positif,Positif,0.9897,sangat membantu kami
549cd80a-4634-4ce4-8498-79ca637e3e1c,Zikri Maulvi,5,2026-09-10T12:36:00.490Z,Lainnya,Positif,Positif,0.9926,the best
5306a122-585d-4824-b6be-fd3fa906fd13,legal,1,2026-09-10T12:23:44.418Z,Autentikasi & Akun,Negatif,Negatif,0.8611,"Apasih bolak balik harus login, rempong bgt"
8016d580-485d-4b47-96fe-2d3e720dbf27,Wiwit Amelia,5,2026-09-10T12:19:26.150Z,Lainnya,Positif,Positif,0.6548,mudah dan gampang g pake ribet
8ca7e6ec-9a4d-440f-8574-f404d867fba3,Purwati Wati,4,2026-09-10T12:03:31.955Z,Autentikasi & Akun; Antrean & Faskes,Positif,Negatif,0.7294,lumayan akurat. hanya kadang rumit bolak-balik verifikasi akun. password PIN. jatuhnya kepada org tua yg mulai renta mata krg awas. ingatan mulai lemah. jdi lupa lupa terus PIN atau password. jadi lama prosesnya utk berobat
d1ba08aa-3f9f-4e5b-a8f4-c4b03eefe945,Sondang Mayda,3,2026-09-10T11:57:37.323Z,Autentikasi & Akun,Positif,Negatif,0.7725,srg kali mnt login & logout sesuka nya. muak awak.
8f8bb577-d200-4f98-bb55-57dbc8562f22,Wahyu Wulan,1,2026-09-10T11:48:30.321Z,Autentikasi & Akun,Negatif,Negatif,0.9582,pas masukin nomer nggak bisa terus udah 1 bulan di coba lagi masih nggak bisa padahal nomer masih aktif ada pulsanya juga
deffe6cd-6212-4194-8a48-f20dd7dc59ba,Farhanghani,1,2026-09-10T11:13:29.732Z,Lainnya,Negatif,Negatif,0.6159,aplikasi BUSUKKKK
8352a401-83da-4e7b-ab0a-ab7b5a58918a,Imam bae,1,2026-09-10T11:02:06.950Z,Lainnya,Negatif,Negatif,0.9156,apk sampah tiba² keluar sendri IT nya ga besus kerjanya
3f279047-c655-43ac-853e-5062c4774570,Ashfi Amarilis Wafda,5,2026-09-10T10:45:28.181Z,Lainnya,Positif,Positif,0.9897,sangat membantu
845b01df-f737-4cac-b7a2-b93d40224f1e,Zein Arief,1,2026-09-10T10:42:24.820Z,Autentikasi & Akun,Negatif,Negatif,0.78,apk gk bisa buat reset password kayak nya apk ini hny pajangan
7fb52a30-a750-4c96-a786-687437a197a0,Darto Gum,5,2026-09-10T10:37:04.115Z,Lainnya,Positif,Positif,0.9775,good
86117f5d-de40-44a5-b5b7-7943dc76187f,Ogi Suhendar,4,2026-09-10T10:33:01.530Z,Kinerja & Server,Positif,Negatif,0.5439,kenapa hp saya tidak dapat meng update jkn dan tidak bisa di buka
efd6eab9-2dc3-45c8-b476-3cf8df2ae86c,Dede Sopandi,5,2026-09-10T10:29:24.353Z,Lainnya,Positif,Positif,0.9965,good sangat membantu
deff0db5-2a5f-4be6-91c1-912b2bef24cf,Nurul Anwar,5,2026-09-10T09:47:52.890Z,Lainnya,Positif,Positif,0.984,"sangatttt membantu, terimakasih mobile JKN"
55e364d9-7d89-49ac-b00e-990c8cce61fc,saukat ali,5,2026-09-10T09:26:52.316Z,Lainnya,Positif,Positif,0.8606,excellent
fcf425d8-d792-4e39-8fb1-c6b02df05990,Fitri YD,5,2026-09-10T09:03:12.177Z,Lainnya,Positif,Positif,0.9477,pelayanan ini sangat membantu kami warga indonesia
b7741eae-43d3-479c-999f-f2eea3b0c8e4,Arie Ramadanie,1,2026-09-10T08:56:55.693Z,Autentikasi & Akun,Negatif,Negatif,0.9088,aplikasi sampah buatnya mahal tapi slalu macet dari otp hingga registrasi tidak bisa diaktifkan
c7630fe8-fbab-4013-abb9-d384f67248b6,kriswan setiadi,3,2026-09-10T08:35:33.594Z,Autentikasi & Akun,Positif,Negatif,0.5571,aplikasi bagus setiap mau di pakai harus verifikasi padahal sudah di catat bagus bagus pasword tapi selalu salah beneran bikin capek
2f71af25-da5f-4a50-bdcc-2b27070b0b7f,Nopa Tejo mukti,5,2026-09-10T08:31:18.544Z,Lainnya,Positif,Positif,0.9775,bagus
02bd7ff4-078f-4947-a0d3-1a015de557fe,Rahmat hidayat,5,2026-09-10T08:09:45.650Z,Lainnya,Positif,Positif,0.9273,membantu untuk pemeriksaan kesehatan
944212cd-52a6-4cc1-86d4-7503e4bf7a5c,Muhammad Fatir,5,2026-09-10T07:53:05.433Z,Lainnya,Positif,Positif,0.9897,membantu....masarajat....
821dd91a-ca95-4550-854c-fd16018dfff8,Amelia Ananda,4,2026-09-10T07:32:48.430Z,Kinerja & Server,Positif,Negatif,0.7976,Lola aplikasinya
de4ccbe8-a66d-43af-b625-204729bcda0e,Roni Bekasi,5,2026-09-10T07:30:47.613Z,Lainnya,Positif,Positif,0.9871,sangat bermanfaat dan membantu mempermudah dalam percobaan
716067e1-6108-4ee1-b087-425311b57817,Masyadi Aldo,5,2026-09-10T07:27:04.793Z,Lainnya,Positif,Positif,0.9587,mantap jiwa
f5847c7d-5add-470d-b5ae-c5bc1f867513,Mochamad Ryan Muzaki,1,2026-09-10T07:24:03.534Z,Kinerja & Server,Negatif,Negatif,0.6848,FC trus
87a5e6c8-8693-4201-ac64-622043426b80,Muhamad Rafi Arifin,1,2026-09-10T07:02:24.327Z,Antrean & Faskes,Negatif,Positif,0.539,sediakan fitur download pdf untuk surat rujukan baru saya kasih bintang 5
a498fc7b-ee5c-45f7-9cb0-b7d8620f07ee,H yx,1,2026-09-10T07:01:23.105Z,Autentikasi & Akun,Negatif,Negatif,0.8984,apasih tiba² buat daftar online nya hilang aneh banget
b57811ad-c092-4de0-8d19-cd7e42c6467b,Agus Nur alamsyah,5,2026-09-10T06:35:08.434Z,Lainnya,Positif,Positif,0.9775,mantap
a8e2e140-5564-4e1a-bcbf-54db09dbc489,Zulfandia,5,2026-09-10T06:27:22.998Z,Lainnya,Positif,Positif,0.9897,sangat membantu
ea3cb77c-47c3-4cb7-a50b-dd3ae636c69d,Antonius Adi,4,2026-09-10T06:13:37.450Z,Iuran & Layanan,Positif,Positif,0.9768,"bagus dan sangat membantu,tidak perlu harus ke kantor pusat untuk mengubah data.tetap semangat."
723e7256-b390-4d8b-8e0c-b0893679a0ce,Mach Haris,5,2026-09-10T06:09:55.990Z,Iuran & Layanan,Positif,Positif,0.9803,keren perubahan datanya cepat
fd37236e-743a-45a1-88bd-92fc92ffb685,Wahyudi Wahyudi,5,2026-09-10T06:01:23.157Z,Lainnya,Positif,Positif,0.8769,mudah di akses
fb8391c1-63c4-4cf0-9886-42344e574a4c,candy,3,2026-09-10T05:27:25.205Z,Autentikasi & Akun; Antrean & Faskes,Negatif,Negatif,0.965,"mau verifikasi wajah gagal terus, padahal udah ikutin instruksi. tempat juga udah terang. siapa si ini tim IT nya. tolong SEGERA diperbaiki. mau kontrol aja dipersulit."
5754eae9-cf20-427b-9a3c-34e0f7214936,Gace Imut,1,2026-09-10T05:20:00.269Z,Autentikasi & Akun,Negatif,Negatif,0.9451,Apaan ini tau tau logout... sendiri.. Percuma jg pake aplikasi bgini ga bykk pengaruh jg.. Malah Ribet. logout sendiri.
a5173f66-b452-41f1-84b5-a1f92a9b4679,Dewi,5,2026-09-10T05:17:26.492Z,Lainnya,Positif,Positif,0.9897,sangat membantu
0bff6585-900c-4f82-a91f-492c2182487d,Achmad pupun istiawan,1,2026-09-10T05:06:26.790Z,Lainnya,Negatif,Negatif,0.7466,rekam wajah terlalu lama
851c6584-45ad-4f5b-b432-b7f4bc90a3ea,Hamba' Allah,1,2026-09-10T05:05:18.997Z,Autentikasi & Akun; Iuran & Layanan,Negatif,Negatif,0.9512,"No nik sdh sesuai ktp di blng slh, apk sampah"
09b002e3-09e1-4d22-a240-24c9d13e9fa9,Beni Saputra,5,2026-09-10T04:51:10.573Z,Lainnya,Positif,Positif,0.9775,jos
142a30bf-a760-4f9d-88e8-19de31ec327e,Sis Wanto,4,2026-09-10T04:50:12.641Z,Lainnya,Positif,Negatif,0.558,knp aplikasi JKN tidak bisa di download ulang setelah di paus dan hilang dr aplikasi play store
7b155777-97ff-49e9-998b-8faf3ac26a11,Risky Aditiya,1,2026-09-10T04:41:34.927Z,Autentikasi & Akun,Negatif,Negatif,0.8362,lama bet verifikasi sms nya cok 300 detik
5446eff9-628e-480f-8598-dde2648148ef,Muhammad Fauzan,1,2026-09-10T04:32:05.140Z,Iuran & Layanan,Negatif,Negatif,0.7346,"kak mau nanya kan saya ingin membayar tunggakan kis/BPJS ,saya ingin bayar dengan membayar pake BCA tapi kenapa gak ada kak tolong jawab kak🙏"
e95d0279-69e5-4128-acc6-f0ee54711635,Aw we,5,2026-09-10T04:26:28.534Z,Lainnya,Positif,Positif,0.9564,sangat baik
dd5e35fb-c0d9-4713-858f-d49412ccc795,Santi Shyantie,5,2026-09-10T04:10:39.835Z,Lainnya,Positif,Positif,0.9775,mantap
b1be16f0-e560-4e4f-896d-c68821e7c949,Mayana veronika Sembiring,5,2026-09-10T04:04:30.369Z,Lainnya,Positif,Positif,0.9939,sangat membantu tanpa harus ke kantor nya 🥰
7675ad5d-4500-4871-b0c6-f59a38a465ac,AbANg TamFan,1,2026-09-10T04:03:24.631Z,Autentikasi & Akun; Kinerja & Server,Negatif,Negatif,0.8885,"Rata² apl buatan pemerintah terkesan asal asalan,. padahal dana pembuatannya sangat besar. sering error, logout sendiri."
41af678a-37af-42d5-b6df-db543e1a9b8d,fahmy saleh,5,2026-09-10T04:02:12.255Z,Lainnya,Positif,Positif,0.959,mantab deh
383d09e2-a025-4b3f-ad48-9d2c316e8973,Hendra Rock,1,2026-09-10T03:55:52.430Z,Autentikasi & Akun,Negatif,Negatif,0.9682,"aplikasi aneh dua Minggu daftar tinggal dipermudah kirim sms aja ko repot gagal terus,. kalo. gak niat buat aplikasi mnding offline aja lah"
b00caed6-07bc-4e88-b9c9-11a8e16c02f5,Samsu Syam,2,2026-09-10T03:55:17.214Z,Autentikasi & Akun,Negatif,Negatif,0.9354,"aplikasi ribet ,minta terus login,kadang keluar sendiri"
be69e70c-bb81-44a3-acbb-e994069e1be7,Dedy Irawan,5,2026-09-10T03:43:07.794Z,Lainnya,Positif,Positif,0.8732,sangat membatu
13c3687e-3ca2-4fb2-a494-5ff66c8f37a9,makunimau family,5,2026-09-10T03:41:05.397Z,Iuran & Layanan,Positif,Positif,0.9703,sangat membantu untuk meningkatkan pelayanan BPJS
303f05ca-09c0-4de0-8842-f4036d0421b1,Aris Vauzi,5,2026-09-10T03:38:13.856Z,Lainnya,Positif,Positif,0.8606,excellent
e7ca3a08-70c8-46b6-9cca-2b8c1cc228b9,Lestari Asha,5,2026-09-10T03:31:42.649Z,Antrean & Faskes,Positif,Positif,0.988,Alhamdulillah app JKN Mobile skrg sdh semakin bagus. Membantu banget kalau mau periksa ke faskes/RS. Semoga ke depan makin bagus lagi
8aa6fab1-610b-436d-b257-0a6144c1cee5,Lukman Hakim,5,2026-09-10T03:24:12.660Z,Lainnya,Positif,Positif,0.9775,mantap
53b05a56-ae68-4416-a681-4be624c37380,WITTIN INDRASARI,1,2026-09-10T03:22:14.901Z,Kinerja & Server,Negatif,Negatif,0.8781,aplikasi nya sering lemot dan keluar sendiri
2f3aa675-b918-4e08-8124-4eda53946125,rani febritriani,1,2026-09-10T03:12:05.591Z,Autentikasi & Akun; Kinerja & Server,Negatif,Negatif,0.895,"bojs bobrok. udh didaftarin tindakan tgl 10 sep, de sebelum puasa krn doketer mau hj, malah eror, mundur jd tgl 15. dikira g punya kerjaan leha leha doang."
57a8a90c-76ce-4459-ba88-44a0a033ac86,Blackdoff69 doff69,1,2026-09-10T03:10:28.797Z,Kinerja & Server,Negatif,Negatif,0.8495,sering error
6fd365cb-cc3c-4e4c-b79c-268bf72e2982,Arie Muhlapin,5,2026-09-10T03:05:26.631Z,Lainnya,Positif,Positif,0.9198,Memudahkan pelayanan masyarakat
c497a44f-a043-4e97-bc24-d2ce25ee6baa,Sri Muliati,5,2026-09-10T02:55:50.412Z,Lainnya,Positif,Positif,0.9897,Sangat membantu
ddf0a92d-6d82-4f01-9d7b-1035471e738a,Widya Safitri Zebua,1,2026-09-10T02:52:17.300Z,Autentikasi & Akun; Kinerja & Server,Negatif,Negatif,0.9799,TOLONG YA DI PERBAIKI INI APLIKASI. BUKANNYA MEMUDAHKAN MALAH NYUSAHIN! BANYAK BUG! NGELAG PARAH! SERING TIBA-TIBA LOGOUT SENDIRI!
d723f061-5d17-4e66-88fd-7c04d1f9e31a,Bambang Wijonarko,1,2026-09-10T02:52:04.285Z,Lainnya,Negatif,Negatif,0.6127,Perbaiki dan upgarde ai face recognition-nya
29908493-2e48-419f-9b34-897a24f7da85,Penyejuk Hati ChanneL,5,2026-09-10T02:43:14.120Z,Lainnya,Positif,Positif,0.9302,That Simple
a96159c6-77c0-4dc5-9926-a4e3234644a1,Rahmat Fauzi,5,2026-09-10T02:42:23.225Z,Lainnya,Positif,Positif,0.9965,aplikasi yg bagus dan sangat membantu sekali
990b796c-e138-4946-a80a-4e314fd81cf4,Agung Hendra,5,2026-09-10T02:42:07.650Z,Lainnya,Positif,Positif,0.9775,good
b310e8a1-dab8-4f25-b211-cac886a8e72e,Ghita,5,2026-09-10T02:41:56.925Z,Lainnya,Positif,Positif,0.8735,kerja bagus
6b5ae9ac-5a97-4d74-b236-b2a490cf7fa8,Mohammad Wakid Arvian,5,2026-09-10T02:33:29.183Z,Lainnya,Positif,Positif,0.9897,Sangat membantu
40fcef47-1769-4a5b-8663-c0651b77192b,areska fatrisa,1,2026-09-10T02:33:20.356Z,Antrean & Faskes; Kinerja & Server,Negatif,Negatif,0.9679,mau buka aplikasi lama dan lemot membuat susah orang berobat yg lagi sakit aplikasi ga guna
0fc1591b-f0ee-457b-882f-99f15152a31a,Purnoto,5,2026-09-10T02:25:20.533Z,Lainnya,Positif,Negatif,0.8448,ini gimana ya? ketimbang mau log in aja susah banget
8f20cedb-5ec4-426f-9c99-0770f3c1eb4e,Asril Sitompul,5,2026-09-10T02:18:18.636Z,Lainnya,Positif,Positif,0.9564,sangat baik
5f069434-10cc-4030-b559-13d357d35784,sri sulasmi,5,2026-09-10T02:17:28.810Z,Lainnya,Positif,Positif,0.9564,baik
a90e011c-a30a-4474-8bb3-edfac015374f,Toy Mahendra25,5,2026-09-10T02:14:42.125Z,Lainnya,Positif,Positif,0.9749,sangat puas
41210631-55a9-460c-88db-163ed6614a47,rani aja,5,2026-09-10T02:13:07.664Z,Iuran & Layanan,Positif,Positif,0.9016,melakukan perubahan data prosesnya hanya hitungan menit. terimakasih mobile jkn
c876fd69-f5df-4e8a-8e1c-508f45ddcab1,Seni Trimuliani,3,2026-09-10T02:12:26.725Z,Antrean & Faskes; Kinerja & Server,Positif,Negatif,0.6484,udah bagus sih cuma ini kenapa ya suka gagal terhubung ke server rs gitu buat rujukan
e8325fca-70d0-4d20-9d9a-5d92b7b1f847,Herry GrdTM77,1,2026-09-10T01:51:42.621Z,Kinerja & Server,Negatif,Negatif,0.8203,apk lawak bug truss
63b02309-b13c-470f-95c8-ea6208793d4b,Fajar 22,5,2026-09-10T01:33:06.294Z,Antrean & Faskes,Positif,Positif,0.876,Sangat Mudah Jika Ingin Ganti Faskes
0dead90d-f73f-4934-9af1-dd6c48f58087,Rizal Fikriyan,1,2026-09-10T01:32:38.160Z,Autentikasi & Akun,Negatif,Negatif,0.9638,verifikasi wajahnya susah banget udh gitu kameranya aneh
4c70a32a-5642-40fb-b95c-dbbed0fbcf1f,RIAN PRANATA,1,2026-09-10T01:29:09.748Z,Autentikasi & Akun,Negatif,Negatif,0.9653,"tau"" logout sendiri, ga bisa login, katanya ada gangguan apa gitu di suruh nunggu beberapa saat, tapi sampek berhari"" sama aja"
6f71a315-9efc-4421-b7e7-f9b7a451bc68,aditpriabaik,5,2026-09-10T01:02:57.222Z,Autentikasi & Akun,Positif,Negatif,0.8158,"aplikasi kagak jelas monyet, kode Verifikasi aja lamanya kagak ngotak. pada niat bikin aplikasi gasi"
277abe30-0054-4226-846a-ff50feeb045c,Dedi Yusuf,5,2026-09-10T01:02:44.711Z,Lainnya,Positif,Positif,0.7889,sangat berguna
3b19e6db-18fe-4483-8d3b-0b54bd2f886e,salh jvhjk,1,2026-09-10T00:57:37.813Z,Autentikasi & Akun,Negatif,Negatif,0.9421,TOLOL MENYUSAHKAN ORANG AJA DISISI PENDAFTARAN
3cde1dd2-8924-4763-84c8-98faf11627c1,Jhon Smith,1,2026-09-10T00:56:11.534Z,Lainnya,Negatif,Negatif,0.9152,"apk paling tholol yg pernah saya install, mending lu pada ga ush sama sakali install apk ini, apk haram"
0ac3a0a5-5b00-4ce8-a098-6c1e573974aa,Shine Daniel,1,2026-09-10T00:54:43.704Z,Autentikasi & Akun; Kinerja & Server,Negatif,Negatif,0.9464,"Masa sudah sampai seminggu tidak bisa login. Keterangan pemintaan belum dapat diproses. Sudah clear cache, cek update aplikasi, password benar."
252ea433-0cfb-48ad-9e79-fdafdb7096e7,orang awam,1,2026-09-10T00:51:48.210Z,Autentikasi & Akun,Negatif,Negatif,0.9386,aplikasi pemerintah wuelek Kabeh piye Iki rek dana aplikasi y seh di korupsi masak nik bener loging tidak bisa apa lah pemerintah
92b3acfb-29c1-4f34-938f-eb184286e8c4,JEPE,1,2026-09-10T00:51:13.671Z,Autentikasi & Akun; Antrean & Faskes; Kinerja & Server,Negatif,Negatif,0.8842,"wah sering erornya, tolong perbaiki systemnya dong, kasian yang poli pakai aplikasi, kadang tidak bisa login, kadang susah cek in, kadang mental, jadi kalau berangkat awal tetep harus antri umum. hmmm"
50e51625-ae20-4922-a6b9-595281759172,Fuddin Zuhri,5,2026-09-10T00:43:57.627Z,Lainnya,Positif,Positif,0.9889,oke
c1ec560c-64c8-4d28-85e5-0f70df57cdc3,Beras Habis,1,2026-09-10T00:39:36.803Z,Autentikasi & Akun; Iuran & Layanan,Negatif,Negatif,0.9599,"tolong dong masa dikit"" logout .. mulai ulang masukin no ktp dll .RIBEEETT... apalagi buat emak emak .. apalagi klo lagi urgent buru buruu . setiap mau pakee masa harus login muluu ... udah bertahun tahun masih kaya gini . jngn bkin orng ribeeett dong !!!!"
d33fa8d9-2483-4c06-a660-541c2625b9e5,Supri Adi,5,2026-09-10T00:24:27.591Z,Lainnya,Positif,Positif,0.9897,sangat membantu sekali
67d757eb-9210-4460-af96-0dcf9730442a,Suci Iprs,1,2026-09-10T00:11:41.317Z,Autentikasi & Akun; Antrean & Faskes; Kinerja & Server,Negatif,Negatif,0.9625,"entah yang jelek apk nya atau faskes yang di tuju. Kenapa dokter yang aku tuju selalu full padahal aku wes yang war antrian di jam buka dan mendaftar untuk besok tapi tau - tau sudah full, kayak menit 01 lohh tapi 10 antrian sudah full tapi beberapa menit kemudian eh sudah antrian 21 dan full dan aku ga dpt. ini maksudnya apa yaa? apa bisa pakai ordal? ini kenapa update nya gak updatee sih?. mana pas ada kesempatan ambil antrian ada aja pemberitahuan yang ga penting jadinya antrianku ke salip."
21746c14-94ff-40fb-886b-49c590f3524f,Yuli Yulianty,1,2026-09-09T23:50:35.931Z,Autentikasi & Akun,Negatif,Negatif,0.9628,"tidak bisa masukan no hp , gagal terus"
f5079f4f-eebe-4d34-afc9-c7f1ee0f57c8,Yuu okazaki,2,2026-09-09T23:40:13.167Z,Lainnya,Negatif,Negatif,0.648,"kenapa tidak bisa di instal di hp saya, aplikasi bertuliskan (perankat ini tidak bisa u tuk hp anda)kenapa begitu? mohon di jawab cepat"
03e3d1da-739d-48da-a001-7563432f7cb5,Ardi Maulidin,1,2026-09-09T23:27:39.505Z,Autentikasi & Akun; Antrean & Faskes,Negatif,Negatif,0.9888,"apk pemerintah pasti tolol ga guna jelek bngt anj apk nya, vermuk msh jlk otp make pulsaa ga jls anj orang buru² brobat mati dluan d jalan ngurus gnian"
e5055355-e0df-4c70-b221-dce06f1aa5d8,Abah Tea,4,2026-09-09T23:18:52.285Z,Lainnya,Positif,Positif,0.8629,awalnya susah sekali diakses..mudah2an dikemudian hari lebih mudah supaya lebih cepat proses layanannya
28686fa4-48ee-4d43-8d47-36df19b0a97a,Crayon Shinchan,1,2026-09-09T23:15:11.797Z,Autentikasi & Akun; Antrean & Faskes,Negatif,Negatif,0.9465,pas daftar dipersulit mulu
c9b2ab39-773a-45bf-a7a0-d7aba1f7b4f6,Syahrul Palah,5,2026-09-09T23:11:57.199Z,Lainnya,Positif,Positif,0.9528,baguss untuk fasilitas aplikasinya
cc135825-4c0e-49be-8f36-ab3b56b5d127,Hendri irdneH,1,2026-09-09T21:48:58.280Z,Antrean & Faskes,Negatif,Negatif,0.8884,Hp versi Android lama jadi gak kompatibel. Mohon agar dapat d gunakan pada versi Android yg lebih rendah
d456a593-b0d9-44fb-b684-6a8a8d05e2d2,Kayla Azahra,1,2026-09-09T20:25:09.685Z,Autentikasi & Akun; Antrean & Faskes,Negatif,Negatif,0.7292,"sakitnya sekarang suruh berobatnya besok,,daftar antrian sekarang buat berobat besok.."
29f3a8ed-8e7a-476c-afc5-6540fe4cd063,Slamet Susanto,1,2026-09-09T19:49:13.452Z,Lainnya,Negatif,Negatif,0.9314,"aplikasi nya susah bgt untuk di instal, pdhl penyimpanan tlpn cukup."
5dc3b7a6-b654-440d-aa51-5d0197e4cdf9,Nasi Uduk,1,2026-09-09T19:34:19.817Z,Autentikasi & Akun,Negatif,Negatif,0.7487,"tiba"" logout, baru buka close sendiri, nggak bisa pakai wifi maunya data padahal lancar jaya, pokoknya banyak kendalanya lah pokoknya"
c5bdd827-913b-4522-b113-7cc261dd226b,ANDI PUTRA ASMARI,1,2026-09-09T17:38:18.518Z,Autentikasi & Akun; Antrean & Faskes,Negatif,Negatif,0.8682,gk bisa daftar di rs
6329a7a3-4d6e-407a-a52b-7ffdb28180bd,putri varta,1,2026-09-09T17:20:19.217Z,Autentikasi & Akun,Negatif,Negatif,0.9535,"tidak bisa login, password salah terus, pdahal sudah benar.."
d4fd51e8-afdd-4cc2-bd39-2cf8d5667f7e,MUHAMAD REZA GAUTAMA,5,2026-09-09T16:29:25.459Z,Autentikasi & Akun; Antrean & Faskes; Iuran & Layanan,Positif,Positif,0.9548,"ok,proses cepat perpindahan faskes dan perawatan di rs rujukan."
07caab01-f6a8-465c-b57d-96003d99f712,Irwan Moiskep,5,2026-09-09T16:24:49.367Z,Lainnya,Positif,Positif,0.9775,mantap
8230da0a-4f76-42e4-9655-f84f0d54cb59,"Abdul, rojak Parapecinta sholawat",5,2026-09-09T16:01:57.427Z,Lainnya,Positif,Positif,0.9775,mantap
0b5046a5-d20d-414c-83a2-0d27b259929b,Heryanihartono,4,2026-09-09T15:53:53.390Z,Lainnya,Positif,Positif,0.9703,cukup membantu
e48b4f5d-ff96-4f34-b565-500afe8bee9e,Irawan KenNantan77,5,2026-09-09T15:49:45.250Z,Autentikasi & Akun,Positif,Negatif,0.8789,ngak bisa daftar
94fec4fb-450f-4bbf-8421-1428adae3dbf,Dedy Sibarani,5,2026-09-09T15:35:05.100Z,Lainnya,Positif,Positif,0.9775,mantap
1cb5f672-2550-4639-96fb-2faa0dd01436,Wongjowo Tulen (Sularto),5,2026-09-09T15:30:39.343Z,Lainnya,Positif,Positif,0.9897,sangat membantu
01c2e262-7fd3-4d6f-aa83-3204c1717d0f,Najah Najah,1,2026-09-09T15:29:21.805Z,Autentikasi & Akun,Negatif,Negatif,0.9731,jkn lu yang bener tiba tida logout begitu aja giliran disuruh login malah gak bisa lu gimana sih apk seketika gak bermanfatt bangett ihh keselll jkn yang bener donggh gimansih ini yang efektig gak jelas amat
7d4b9938-661c-442e-94d9-9d48b5acbd45,Nenok Bonek,5,2026-09-09T15:17:26.374Z,Lainnya,Positif,Positif,0.9302,semuanya dipermudah adanya jkn mobile
c386d486-7cea-418d-b114-c7a7cf0ff7db,Amanda Fairuz,5,2026-09-09T15:15:19.309Z,Lainnya,Positif,Positif,0.9939,"mantap, layanan mudah dan cepat"
f310a957-c3af-438f-81a8-007eed8936df,Amirudin Lutfi,1,2026-09-09T14:22:34.562Z,Autentikasi & Akun,Negatif,Negatif,0.9464,LOGIN GAGAL
db87d225-f44a-4c68-9f00-ff2b7163aec0,Izzahra Reffisabilla,1,2026-09-09T14:08:45.922Z,Autentikasi & Akun,Negatif,Negatif,0.9848,"Minta kode verif aja ga masuk2, jelek banget."
4615b93d-b913-43cc-b0e1-0fa23619b146,Linda Risnawati,3,2026-09-09T13:58:09.634Z,Antrean & Faskes,Positif,Negatif,0.5718,Sekarang di versi terbaru di hp saya udah tidak kompetibel lg..
7877ae61-92e2-4f7f-b49a-3b3399a241e2,ARIS SUSENO,5,2026-09-09T13:44:10.690Z,Kinerja & Server,Positif,Positif,0.8593,bagus dan cepat meski kadang ada beberapa bug yg muncul
ac39378f-5009-4af2-a57d-ee713c7c7d37,amaliaa,1,2026-09-09T13:27:17.178Z,Lainnya,Negatif,Negatif,0.959,pemerintah tolol bikin apk gjls gabisa verivikasi no telp padahal no nya masih aktif
175cc15f-53be-47b6-bbc5-5e798df77174,SITI Masanah,5,2026-09-09T13:22:11.973Z,Lainnya,Positif,Positif,0.9302,lebih simple..
4e417da0-924f-4402-a1f0-014a2a25dc5a,Fina Erliana,5,2026-09-09T13:13:27.663Z,Autentikasi & Akun; Antrean & Faskes; Iuran & Layanan,Positif,Positif,0.9846,"bagus bermanfaat banget, aku pindah faskes 1 aja gampang karena kemarin masih faskes bawaan sekarang udah di ganti yang sama kaya suami"
d40a809c-087d-4811-87b9-6b39c1e986e1,Bank Iful,5,2026-09-09T13:08:44.398Z,Antrean & Faskes,Positif,Positif,0.9515,sangat terbantu ga ribet antri
635e1e40-6841-47a9-8f7d-60257783b3fd,Slamet Mulyadi,5,2026-09-09T13:06:58.482Z,Lainnya,Positif,Negatif,0.5457,Ga bisa di download
12eae21e-c75c-4af3-997e-1f318cfe79b5,Jeni Sabilah,1,2026-09-09T13:03:00.646Z,Autentikasi & Akun,Negatif,Negatif,0.9985,"Aplikasinya sangat buruk. masa masukin kode otp susah bgt pdhl no nya aktif sampe ganti"" no juga tetep sama ngga masuk""👎👎👎👎"
96fe51da-4636-4a1b-abe9-b66fb0e81f76,Imam Fahrudin,1,2026-09-09T12:58:50.972Z,Autentikasi & Akun; Kinerja & Server; Iuran & Layanan,Negatif,Negatif,0.9319,"mau daftar susah pas tiba proses verifikasi email saat buka aplikasi Gmail otomatis langsung kembali dari awal, padahal aplikasi tidak saya close, pindah dikit sudah kembali dari awal jadi harus pakek dua perangkat mau daftar. Tolong diperbaiki. selain itu banyak yang ngeluh juga di komen untuk aplikasi sering error. Ayolah segera diperbaiki, aplikasi kesehatan Lo ini banyak dibutuhkan masyarakat."
c8edddae-2dbf-4073-8b2b-2c3c12aa05e6,Reza Alhafis,5,2026-09-09T12:55:45.729Z,Lainnya,Positif,Positif,0.9944,bagus sangat bermanfaat
e955218e-44b1-417f-ba60-130db4c5a491,antox totok,1,2026-09-09T12:52:52.538Z,Lainnya,Negatif,Negatif,0.5457,tidak bisa di download
688f80fc-b128-4019-8cb4-e941f3d4ee62,Dedy Sutiadi,5,2026-09-09T12:51:52.790Z,Lainnya,Positif,Positif,0.9564,baik
36858756-6b52-4856-a07c-b50312362013,Juwita Jihan,5,2026-09-09T12:42:26.692Z,Lainnya,Positif,Positif,0.9749,puas
b4b1247f-932c-4f69-babc-b267211fc486,Ria mariatun,4,2026-09-09T12:40:25.000Z,Lainnya,Positif,Positif,0.9779,"bagus, dan lengkap"
ed06853f-2220-4cb5-a421-c2414ff60c8f,Eko Saputro,5,2026-09-09T12:38:44.460Z,Lainnya,Positif,Positif,0.9478,respon sangat cepat
bd7457aa-bd1b-4b8e-af88-896262110ce9,Heri Kusnadi Kusnadi,5,2026-09-09T12:12:58.100Z,Lainnya,Positif,Positif,0.9856,mantab dn bagus aplikasi nya
213a7e70-b02b-42c3-a8e6-be9ff90049c8,NA Jasaweb,1,2026-09-09T12:03:44.179Z,Autentikasi & Akun; Kinerja & Server,Negatif,Negatif,0.8105,Banyak fitur untuk verifikasi yang nge bug
b3ef8b2d-d7b1-493d-89bd-134697eaa2d1,Fata Morgana,1,2026-09-09T11:57:05.899Z,Autentikasi & Akun; Antrean & Faskes,Negatif,Negatif,0.9283,"sudah di faskes 1 meminta rujukan & berhasil mengambil antrian online di faskes rujukan tingkat lanjut, jarak 2 hari mau kontrol kanker mendadak antrian online di aplikasi JKN hilang, saya punya bukti screenshot no antrian onlinenya.. setelah konfirmasi & saya jelaskan permasalahan aplikasi JKN saya ke RS via wa katanya masih terdaftar kontrol jam 7 tgl 9 ini. setelah hari H nya nya datang ke RS tiba2 zonk katanya tidak terdaftar, sudah jauh2, obat istri pas habis, seperti dipermainkan aja."
bb474114-bcb0-4c03-a5e1-94ce9964a0ab,Mardi Aja,5,2026-09-09T11:49:48.505Z,Lainnya,Positif,Positif,0.9889,ok
b34a65ee-2ae9-4b4d-a930-88595e976e4c,Inti Antanori,5,2026-09-09T11:49:46.418Z,Lainnya,Positif,Positif,0.8478,awesome
260d1e3d-9268-464b-b3b1-f81e8797d761,Juan Deki,4,2026-09-09T11:40:02.672Z,Kinerja & Server,Positif,Negatif,0.6298,sangat membantu tapi cukup lola😭
b5102ec2-ce59-47ac-87b8-337c5cfe3ceb,arman KBM,4,2026-09-09T11:36:29.551Z,Lainnya,Positif,Negatif,0.5163,kenapa tdk bisa download
04ad09eb-903d-44c9-93a4-60cd6d31bd05,Destari Putri,1,2026-09-09T11:27:37.149Z,Lainnya,Negatif,Negatif,0.991,jelek banget gagal terus diverif muka
6ef8b642-8197-468c-895e-6a98cacc5417,liana tanjung,5,2026-09-09T11:05:19.910Z,Lainnya,Positif,Positif,0.9564,terbaik
395cc02f-5602-47f8-89e4-88b0706a54e0,jaly prasetya,4,2026-09-09T11:03:42.798Z,Lainnya,Positif,Positif,0.9938,semakin bagus dan semakin membantu masyarakat untuk bisa lebih mudah
08f5c475-57ad-4bc3-a3a5-a7fe8561ca55,Hirazenyusi,1,2026-09-09T10:59:08.672Z,Autentikasi & Akun,Negatif,Negatif,0.9077,"akun nya suka keluar keluar sendiri, trus pas mau masukin lagi malah gak bisa. aneh. jangan sok sokan an modernisasi dah kalo kek begini. ngeribetin... mendingan daftar gak usah pake aplkasi ! langsung aja daftar dirumah sakit nya."
5fbeb72f-4dc3-4f0b-835a-9511b9d411f2,Verawati Bilondatu,5,2026-09-09T10:40:55.896Z,Lainnya,Positif,Positif,0.9564,sangat baik
57fd5f0c-cc7a-4c9b-a3f0-a9fc2b44380a,Sadar Simbolon,5,2026-09-09T10:32:54.437Z,Lainnya,Positif,Positif,0.9775,bagus
9b5b641d-2b21-41a2-93ad-56a8fc9ca164,Saifudin Zuhri,5,2026-09-09T10:29:20.844Z,Lainnya,Positif,Positif,0.8789,siiip
b4a1bbaf-e9d0-4fea-95e9-6baa4d81c814,Abdul,5,2026-09-09T10:24:20.938Z,Lainnya,Positif,Positif,0.9775,aplikasi bagus
b667fb7c-86f3-43ad-8176-e1473d625e14,Yogi Yoga Swara,1,2026-09-09T10:22:11.571Z,Autentikasi & Akun,Negatif,Negatif,0.9945,"kirim otp aja susah,aplikasi buruk"
275ae0bd-8139-4cfb-98a0-2360023eb0af,Rohamah Chantik,5,2026-09-09T10:18:28.429Z,Lainnya,Positif,Positif,0.9873,semua jadi mudah 😘
65a27cd8-4659-498c-9cb5-6f16e880359d,Maddani,5,2026-09-09T10:11:29.152Z,Lainnya,Positif,Positif,0.9775,mantappp...bagus sekali
22aaf7d5-731b-43cc-8cb6-a083b55b591c,Abu Nizhaam Sakkajha,5,2026-09-09T09:38:17.733Z,Lainnya,Positif,Positif,0.9533,"Maa syaa Allah, Aplikasi JKN sangat mudah di akses dan sangat membantu,,.! 😊🙏🙏"
579b7674-0d6d-450f-8338-d6015339b0f8,Yasfi Assidqi,1,2026-09-09T09:37:50.407Z,Autentikasi & Akun,Negatif,Negatif,0.9509,"app apa ini yaa keterlaluan bgt, habiskan uang rakyat aja, verifikasi nomor hp aja gabisa bisa"
86ea46ac-e813-4518-ac94-87d2fcf2e152,bungsu umakbak,5,2026-09-09T09:36:39.524Z,Lainnya,Positif,Positif,0.9564,baik
dbdd59bb-366f-4c87-abf5-465f7a38a002,Firman 135,1,2026-09-09T09:17:09.180Z,Iuran & Layanan,Negatif,Negatif,0.7876,"ini kenapa hasil pembayaran iyuran BPJS tidak tertulis di aplikasi, apa mau di korupsi lagi kah hasil iyuran BPJS nya"
e511fb7d-9333-4717-980e-0206878a3250,Anto Afrianto,5,2026-09-09T08:21:55.940Z,Lainnya,Positif,Positif,0.8571,Nice App
58dc29ad-9710-4399-8d8f-e0e1c1f8902d,Nasril 321,5,2026-09-09T08:20:35.560Z,Lainnya,Positif,Positif,0.9897,sangat membantu
543ac0e8-afdd-479b-9060-cb5caaa5172a,eric boyz,1,2026-09-09T08:01:31.228Z,Antrean & Faskes,Negatif,Negatif,0.9292,"mempersulit aja ,,udah tau orang sakit malah dipersulit"
b53b3227-3669-48de-9bb8-cab07a743586,Mager Coding,1,2026-09-09T07:50:32.181Z,Autentikasi & Akun,Negatif,Negatif,0.9666,"orang lupa password bukanya dikasih hint malah diputer2, masak dari aplikasi gada otp malah disuruh chat wa, dari wa malah diarahin ke form gajelas. Cok tolol, dari aplikasi bisa tolol masak nyewa vibe coder buat form dalam aplikasi gabisa setingkat instansi pemerintah? nyewa buzzer bisa nyewa developer gabisa.. najis najis"
16c90c75-dc0a-4cce-8d2c-aff31c155628,Galvinza Ganendra,2,2026-09-09T07:48:08.408Z,Autentikasi & Akun,Negatif,Negatif,0.9253,mau masuk susah
e79052d5-5838-4c67-8647-2e4b200bc103,Asyifa Aji,5,2026-09-09T07:37:35.169Z,Lainnya,Positif,Positif,0.9302,Sangat mudah diaplikasikan
611d49c6-c621-48ee-9054-0f66b0283930,Rockstar Game,5,2026-09-09T07:33:41.189Z,Lainnya,Positif,Positif,0.9775,aplikasi bagus
5c9f596b-7003-486b-a39f-5423f04971b7,ikhsan surur,2,2026-09-09T07:03:44.184Z,Lainnya,Negatif,Negatif,0.9554,susah untuk scen wajah gagal terus
ed6eae8c-1e9f-4f3e-93be-0c076c80928d,husni asn,5,2026-09-09T06:59:32.810Z,Antrean & Faskes; Iuran & Layanan,Positif,Positif,0.9824,aplikasi bagus sangat membantu. mengubah faskes tidak harus kepuskesmas.
36503474-0145-4df9-99e0-a248992bf87c,Samueltang,1,2026-09-09T06:46:37.303Z,Lainnya,Negatif,Negatif,0.8717,apk tolol bikin rakyat susah mau ngadu yg jawab cuma bot yg kerja di sana pada makan gaji buta cuma tidur ga kerja tolollll cuma bot yg kerja
31cd2388-3512-43fe-9ef8-aa101192d8b7,Adrian,5,2026-09-09T06:41:59.162Z,Iuran & Layanan,Positif,Positif,0.9671,"Semoga tidak ada perubahan lagi untuk ke depan, biar mudah proses program yang berguna untuk masyarakat yang ingin kemudahan"
4e48aff8-754d-45c3-918f-7ccf294b2944,Arif Supriyanto,5,2026-09-09T06:28:04.231Z,Lainnya,Positif,Negatif,0.818,fotonya di buat susah
cefc5d2f-f073-49fa-b5df-1441d128f6d7,Anton lafau,3,2026-09-09T06:23:09.270Z,Autentikasi & Akun,Positif,Negatif,0.8827,"perlu di tingkatkan, agar kode otp bisa dikirimkan melalui WA"
f1294120-71fa-406e-ba75-923bb1f70499,ahmad baehaqi,5,2026-09-09T06:17:18.465Z,Lainnya,Positif,Positif,0.8601,keren apknya tanpa ribet dan mudah dipahami. god
b2d0a43d-7219-4107-9cf8-3511a70ac547,Faiz Kia,5,2026-09-09T06:02:09.792Z,Lainnya,Positif,Positif,0.9889,oke
e307ff7a-88e4-4e27-b68b-9cfcc40e5126,Rufyani Anaitpes,5,2026-09-09T06:00:06.332Z,Lainnya,Positif,Positif,0.9897,membantu
1537bbf9-1056-4dac-bde1-e95b559587cd,Arif Cahyo,1,2026-09-09T05:38:53.453Z,Autentikasi & Akun,Negatif,Negatif,0.9889,"aplikasi pemerintah ter busuk, susah LOGIN ! Verivikasi gagal trus ,"
e88fe94e-2bfc-4428-bb7e-9755a152a219,Budi INDO,5,2026-09-09T05:30:07.221Z,Antrean & Faskes,Positif,Positif,0.9072,sekarang sudah bagus pelayananya tingkatkan lagi jgn di persulit
bc5fa209-9b48-42d0-b7f7-d47d097c4170,chayadie zho,1,2026-09-09T05:26:38.228Z,Autentikasi & Akun,Negatif,Negatif,0.6621,"susah mau login, nga bagus aplikasi nangung"
6c90639c-4df5-4a0f-abc6-287b679b09e1,Bang Harry,1,2026-09-09T05:25:10.348Z,Antrean & Faskes,Negatif,Negatif,0.8743,udah 3 hari mau ngambil nomer antrian ga bisa bisa
de0804ba-3408-414c-a420-b9ac994f4f5e,Muhammad Rafi,5,2026-09-09T05:17:09.990Z,Lainnya,Positif,Positif,0.9877,sangat cepat membantu
752d959b-208f-48ff-84d2-dd9415e6dfc2,Dhea Randina,1,2026-09-09T04:39:25.455Z,Autentikasi & Akun; Antrean & Faskes,Negatif,Negatif,0.9922,"aplikasi apa si setiap mau masuk ribetnya minta ampun, masuk ulang lah, ditambah pas mau ambil antrean harus masukin verifikasi nomor lagi, dan harus isi pulsa, maksudnya kayak masa setiap mau ambil antrean selalu kayak gini?!MASA SETIAP HARI HARUS LOGIN GITU BIAR GA DISURUH DAFTAR DAN VERIFIKASI NOMOR?!! perbaiki deh aplikasi sumpah kayak ginii, bukan mempermudah tapi memperibet"
c92ae50b-5d0c-4e9b-8912-bda193be99a8,Giri Alexa97,1,2026-09-09T04:39:23.710Z,Autentikasi & Akun,Negatif,Negatif,0.9353,tidak dapat kode OTP saat mendaftar
f766b1cb-c7e8-49ef-be63-2f21a1e73fe2,Rima Rahman,5,2026-09-09T04:38:53.564Z,Lainnya,Positif,Positif,0.9749,puas
e117a478-11ca-4f0a-a9e5-0d30d2c92651,Vita Vita,5,2026-09-09T04:25:47.504Z,Lainnya,Positif,Positif,0.9753,pelayanan bagus
02cc5564-9351-4bfe-afcf-4a24312bf7b4,Arzun Zunaidi,1,2026-09-09T04:24:55.640Z,Kinerja & Server,Negatif,Negatif,0.921,aplikasi ga jelas .. ribet.. erorrr teruss!!!
0d3ad5fa-e73f-48e6-9080-cb528ba475c1,Kurniawannn AT,5,2026-09-09T04:13:46.547Z,Lainnya,Positif,Positif,0.9728,best apk ever.
f0e5ec42-7b9e-4281-8bf0-452d4933f9bf,maulana rahman,5,2026-09-09T04:07:50.606Z,Lainnya,Positif,Positif,0.9775,jos
341d5e98-79a6-48da-b99f-e588d3b16863,Prmn Ardn,5,2026-09-09T04:04:33.385Z,Lainnya,Positif,Positif,0.9897,sangat membantu
588a06ae-89cf-42cf-a932-b466d0946722,Arya,1,2026-09-09T04:02:37.169Z,Lainnya,Negatif,Negatif,0.8107,"siapa si yang bikin agak kurang gini aplikasi, tidak ada kendala ditulis kendala. dibenerin napa"
eeca361b-0d20-4688-85b0-acfbaf0a7ee5,Diah Sayuti,1,2026-09-09T03:50:33.360Z,Autentikasi & Akun; Iuran & Layanan,Negatif,Negatif,0.9834,Hadeh juli sampai September 2026 ini aplikasinya g bisa login udah berkali-kali nyoba. appsnya g siap apa gmn? maintain harus di tulis dengan batas waktu yg jelas. gini buat apa nyuruh bayar iuran tp pakai apps aja g bisa buat login berkali-kali. ampun ya allah
90d96bda-aa1d-4bf1-8657-f5a2c79d26f6,Dernia Damanik,5,2026-09-09T03:43:52.130Z,Antrean & Faskes; Kinerja & Server,Positif,Positif,0.5701,"Tolong jangan terlalu banyak di update , versi sebellumya juga sudah bagus, kasian kita yang tidak memiliki kouta apabila ada kejadian urgent"
cdf864a9-e2a6-4690-88a1-f31b77cfbb39,Githa wsng,5,2026-09-09T03:43:33.838Z,Lainnya,Positif,Positif,0.9889,ok
92bbe858-cc34-49c5-80dc-1f12fc008f12,Kila Kila,5,2026-09-09T03:42:36.407Z,Lainnya,Positif,Positif,0.9889,oke
cb81c73d-1de3-4093-a273-4fddd5a4838f,Sat set Group,5,2026-09-09T03:39:24.263Z,Lainnya,Positif,Positif,0.9302,mudah
dd70c055-888f-44f6-9bcd-315a5accf652,pornomo ae,5,2026-09-09T03:27:44.569Z,Lainnya,Positif,Positif,0.9775,sangat bagus
cd372b48-842e-415a-9b92-c1d50ab650a2,siti Sadiah,1,2026-09-09T03:23:20.221Z,Autentikasi & Akun,Negatif,Negatif,0.8465,"kenapa selalu log out sendiri, giliran masuknya susah, kesel banget tau gak, aplikasi nya udah bagus padahal, tolong ini perbaiki aplikasinya, awal pake apk ini baik-baik aja, sekarang jadi kaya gini,"
d9cb6947-05f1-418a-9ed7-acaa1b987594,Habibi 1234,5,2026-09-09T03:16:01.906Z,Lainnya,Positif,Positif,0.9889,ok
a04b6616-239f-4d50-ac79-88c3162fd4f8,bang Wariono,5,2026-09-09T03:15:57.616Z,Lainnya,Positif,Positif,0.9478,respon cepat
be7b090e-5afd-4d16-b70a-c845537e2667,Delima Agam,5,2026-09-09T03:15:39.506Z,Lainnya,Positif,Positif,0.9897,sangat membantu
0895bb64-eda1-400d-8dcb-59e9bc802cf8,Ayu Ridwan,5,2026-09-09T03:08:20.464Z,Lainnya,Positif,Positif,0.9746,terbaik sllu jln mobile sangat membantu
2595cd27-4831-446b-aa85-2804f8932b67,Ruslan New,5,2026-09-09T03:07:34.538Z,Iuran & Layanan,Positif,Positif,0.9337,cepat dalam perubahan data
119249ea-60a8-4009-baa5-90135224d381,Sefia Wijaya,1,2026-09-09T03:05:26.293Z,Lainnya,Negatif,Negatif,0.817,"app nya kenapa loh, dr awla bulan smpe skrg gbs d buka buka"
dc8c3a84-de75-4b67-b6c5-782692184d6f,Tumiur lam Silalahi,4,2026-09-09T03:05:19.258Z,Lainnya,Positif,Positif,0.5334,saya butuuh splikasionile jkn ingin dapter
8c547134-ded6-44c9-8165-3157c5cb3681,AFRIAN 24 MX,1,2026-09-09T03:05:07.689Z,Autentikasi & Akun; Antrean & Faskes; Kinerja & Server; Iuran & Layanan,Negatif,Negatif,0.8516,"administrasi di buat sulit, BPJS tapi daftar harus online. di aplikasi, rujukan puskesmas sering hilang yg buat harus mondar mandir ke RS utk administrasi saja. tidak dapat penanganan dokter di hari yg sama saat daftar online di aplikasi. berputar-putardi lingkaran setan bagian administrasi saja ke buru mati duluan orang. aplikasi sering error sendiri. ngak perna maju Indonesia"
4a35a623-9a36-4e30-8b17-4043a42f4497,Nopri Ipang,5,2026-09-09T03:01:39.197Z,Lainnya,Positif,Positif,0.9897,aplikasinya sangat membantu
980987d1-f1b5-4caf-ac54-35f57c9838c5,yanto anto,2,2026-09-09T02:47:08.480Z,Lainnya,Negatif,Negatif,0.9353,bobrok ribet
a08e1230-5419-4231-9056-136e9b2f6583,Aulia Maharani,5,2026-09-09T02:43:55.342Z,Lainnya,Positif,Positif,0.9703,cukup membantu
55f9ea37-ee7b-4d91-ae24-071c5aa80df2,Nasrudin Hilmi,1,2026-09-09T02:43:43.411Z,Autentikasi & Akun; Antrean & Faskes; Kinerja & Server,Negatif,Negatif,0.9418,"aplikasi lemot, di wajibkan ambil antrian lewat aplikasi, tapi setiap daftar antrian selalu gak bisa."
69f2a230-505e-40b2-bc5d-eb7addd6348f,Surah Man,1,2026-09-09T02:43:19.347Z,Autentikasi & Akun,Negatif,Negatif,0.8996,aplikasi bikin emosi tiba tiba keluar sendiri mana lupa sandi lgh
5f6aa992-4ad3-4b16-8b91-c6e230d4d4c7,Ernia Wati,5,2026-09-09T02:42:17.733Z,Lainnya,Positif,Positif,0.897,mntap dan cpat
a521b1ef-d20e-43a6-bd27-cb13c9fc47d7,Marsa'ed 16,5,2026-09-09T02:40:57.129Z,Lainnya,Positif,Positif,0.9753,pelayanan bagus
30295df4-d9e1-4415-ba3e-683090cf14cb,Siti Aminah,5,2026-09-09T02:33:37.374Z,Lainnya,Positif,Positif,0.9969,ok bagus
2de0a3aa-374c-40c8-8bb5-9c987621fbfc,rasya alip,1,2026-09-09T02:23:30.782Z,Autentikasi & Akun,Negatif,Negatif,0.9503,apk gajelas mau daftar aja susah bgt
52f9a11e-5f76-46f8-a58a-3c65baeaa4fd,YOSERI,3,2026-09-09T02:21:12.259Z,Autentikasi & Akun,Negatif,Negatif,0.9339,susah banget mau masuk caphca nya salah terus
5c26494b-2205-4840-a9da-752c2ea75103,Wisnu Soeharto,5,2026-09-09T02:17:06.249Z,Lainnya,Positif,Positif,0.9889,ok
9ae50674-b8bf-457c-a27c-d3383e7384dd,Ivan Ardiansyah,1,2026-09-09T02:10:37.836Z,Kinerja & Server,Negatif,Negatif,0.8495,APLIKASI SERING ERROR
ce31797f-aab5-45fc-93fa-87cfe598dc85,Budi riyadi,5,2026-09-09T02:10:34.485Z,Lainnya,Positif,Positif,0.9889,ok
fa5a53fa-d798-4ee1-a1c1-2f467e0622a1,Erma Widiyasari,5,2026-09-09T01:56:59.789Z,Antrean & Faskes,Positif,Positif,0.906,trmksh sllu membantu dlm hal pendftran ke RS
77fd55cc-a9a6-453f-99b0-fd003863f6c6,Muhammad Sunardi,1,2026-09-09T01:55:20.205Z,Autentikasi & Akun; Antrean & Faskes,Negatif,Negatif,0.9552,makin kesini daftar antrian susahnya minta ampun
43da6af5-b323-42e8-a773-320ace7ad8c4,Malik AG,5,2026-09-09T01:53:56.480Z,Lainnya,Positif,Positif,0.9965,keren dan sangat membantu
e8311704-ebfd-446f-bd41-a5f8e1300b57,Rugaya Jafar,5,2026-09-09T01:51:53.432Z,Lainnya,Positif,Positif,0.897,mntap
d513bf78-12e7-4530-9308-4e02a6a5e4ee,A.RASYID SYID,5,2026-09-09T01:46:32.951Z,Antrean & Faskes,Positif,Positif,0.7711,selamat anda berobat
3e307ba7-83bb-49c3-9b43-1a57579af0f5,Sukanagara Czr,1,2026-09-09T01:45:19.722Z,Antrean & Faskes,Negatif,Negatif,0.828,knapa jadi gak bisa ngambil antrian padahal sudah dapatar no salah terus
4aeaa5c8-68cd-4450-9793-28d67f9972ca,Budi Marwanta,5,2026-09-09T01:42:06.585Z,Lainnya,Positif,Positif,0.9564,sangat baik
2c415de7-39b4-40a6-bc4d-6242a8f4b386,Lucky Fernandez,5,2026-09-09T01:34:13.113Z,Kinerja & Server,Positif,Negatif,0.7926,kualitas aplikasi sudah standar aplikasi pemerintah Indonesia tapi update datanya masih lambat.
9b2eea8d-1ec2-43da-b3c8-40efc19a0fe7,Mchamp,1,2026-09-09T01:28:29.602Z,Kinerja & Server,Negatif,Negatif,0.8495,aplikasi belum mapan. error trus
77c74bb8-5e49-4282-8be2-c64c920f1483,Rendi Rustiana,5,2026-09-09T01:28:15.129Z,Lainnya,Positif,Positif,0.9399,Alhamdulillah sehat dan kuat
88dd2211-10b1-48f9-b691-82eeaaa8683d,Muchamad Sulaiman,2,2026-09-09T01:24:06.256Z,Lainnya,Positif,Positif,0.9897,sangat membantu sekali
59b881e1-70a2-422a-b414-4156611d6645,Juanita Gisellawati,1,2026-09-09T01:23:56.663Z,Lainnya,Negatif,Negatif,0.6691,"saya sih kasian aja ya sama yg udh sepuh², milenial & gen z aja frustrasi make apk ini"
55b525d2-1031-4708-aabf-51126aacbdf5,rismanto uye,5,2026-09-09T01:21:53.698Z,Lainnya,Positif,Positif,0.9889,ok
da256779-9164-497c-af6c-1dd74471a61b,Ruslan79,1,2026-09-09T01:19:06.565Z,Antrean & Faskes; Kinerja & Server,Negatif,Negatif,0.8443,"saya sangat kecewa,setiap mau daptar online, selalu gagal,dan selalu jawaban sedang di proses,tolong dong sistem ya di perbaiki,supaya mempermudah dan ❌tidak mempersulit, sekian terimakasih"
8450aa3e-bf43-4721-97f5-9e5937ca5f02,SIHANA SMAN 1 SKA,5,2026-09-09T01:10:41.761Z,Lainnya,Positif,Positif,0.5334,useful
43db92e2-b793-4599-9a2b-a28735050861,Rina Umami,5,2026-09-09T01:10:05.906Z,Lainnya,Positif,Positif,0.9353,mjkn sangat membantu
84df82a6-a211-47fc-ac49-07665730ffdc,Reni Gawe,1,2026-09-09T01:08:32.299Z,Autentikasi & Akun; Antrean & Faskes; Kinerja & Server,Negatif,Negatif,0.9322,"mau ngisi rekam medis error terus udah 2 Minggu, Gimna orang mau daftar untuk berobat online aplikasi yang sangat tidak berguna hapus saja dari play store,"
28f74e29-021e-49da-affe-a817f2e0a870,aditiya reynaldi,1,2026-09-09T01:04:57.912Z,Autentikasi & Akun,Negatif,Negatif,0.9688,"aplikasi sampah, daftar ga bisa bisa, kode otp sms ga masuk2 ,, taiik lah hapus aja ni aplikasi sampah"
95cdd8fe-91e8-4162-b8b4-0bf028610f02,Asfia Jaohari,1,2026-09-09T01:03:06.316Z,Antrean & Faskes; Kinerja & Server,Negatif,Negatif,0.8885,"error mulu aku nungguin mau PSA berapa bulan mrn, eh pas deket mau berobat malah di suruh di batalin, pas mau di batalin error mulu server nya"
6401d289-38c4-4c76-80f4-5925edcc3717,Romi Ariawati,1,2026-09-09T01:01:27.365Z,Autentikasi & Akun,Negatif,Negatif,0.9918,"buruk, mau daftar aja gk bisa"
45cb3f38-2e2e-4e74-ad16-25964aaea506,Nurlinda Faisal,2,2026-09-09T01:00:03.679Z,Autentikasi & Akun; Antrean & Faskes,Negatif,Negatif,0.8231,tidak bisa masuk ke menu untuk ambil antrian
5b7b0ee0-14e4-4b15-bd6a-37de4ae47106,Dwi Yulinawati,5,2026-09-09T00:58:07.496Z,Lainnya,Positif,Positif,0.9775,bagus
3df4b0ed-0a39-421d-9e7d-8d0cb69fa728,Sambel Setan,5,2026-09-09T00:54:59.928Z,Lainnya,Positif,Positif,0.9889,ok
3ac0497b-f2d2-4598-b076-a684fa3542ce,Annisa Helmalia Fitri,2,2026-09-09T00:36:33.678Z,Kinerja & Server,Negatif,Negatif,0.7909,apk eror mau digunakan
8063ee5e-91f3-48a3-9aad-78fd364e3153,FajarSriwahyuni Wahyuni,5,2026-09-09T00:34:40.748Z,Lainnya,Positif,Positif,0.9889,ok
aab16401-1018-4019-880f-5a868a941b0f,Ridwan Nurdin,1,2026-09-09T00:33:42.785Z,Autentikasi & Akun; Antrean & Faskes; Kinerja & Server,Negatif,Negatif,0.946,"banyak bug, antrian 0 masih ga bisa daftar padahal jadwal sudah di buka"
cfb5ab7d-9be1-44e4-a535-18a5f2af6b59,Krisna Fahmi,1,2026-09-09T00:28:25.590Z,Autentikasi & Akun,Negatif,Negatif,0.8971,"gangguan mulu, dikit2 harus login bikin ribet, bikin aplikasi banyak kurangnya kayak gini masa abisin anggaran 30 triliun bahkan buzzer aja nyampe sini komennya...bikin bete aja"
48234f92-289b-4e05-abe0-c0360db65da5,RISDIANA UTAMI 79,5,2026-09-09T00:23:53.149Z,Lainnya,Positif,Positif,0.9897,sangat membantu
ccb11db3-c88a-4eb4-9336-62f893b893e5,Imanuel Rizky,5,2026-09-09T00:19:39.920Z,Lainnya,Positif,Positif,0.9564,sangat baik
07c2bcc0-af3c-4864-9759-ddf21008d5bf,Mario Trevel,5,2026-09-09T00:18:58.656Z,Lainnya,Positif,Positif,0.9775,👍👍👍👍
4cb2fefb-942e-4972-89cf-5c270db5dfd6,Hernita Widiyani,1,2026-09-09T00:17:05.254Z,Autentikasi & Akun,Negatif,Negatif,0.8088,"mau daftar tulisan nya bad request mulu, apa apa an ini apk tidak sama sekali membantu!!!! kata gw mah kaga ush bikin apk so so an akhirnya menyulitkan"
53d7c3d2-91d8-4a66-b44b-b4bca396849d,Agus Sunaryono,5,2026-09-09T00:10:59.364Z,Lainnya,Positif,Positif,0.9775,mantap
cbd15d8d-e06c-4e07-9ed9-1300698836e8,Syaiful Rozaq,1,2026-09-09T00:08:48.261Z,Lainnya,Negatif,Negatif,0.6734,bapuk Aplikasi Gratisan. Jijik Ko bisa yah kaya gini aplikasi.
d81edab8-db23-41c1-8c5f-a2f5e55d20e6,PAKTUA MERAH,1,2026-09-08T23:46:46.955Z,Autentikasi & Akun,Negatif,Negatif,0.7088,"udah 2 hari minta kode otp gak datang datang, gimana mau daftar 🤦"
97f3f823-f283-46bc-8903-c91dffe7c994,Noe Farhan,5,2026-09-08T23:34:17.854Z,Lainnya,Positif,Positif,0.9775,keren
1e7ec88f-d26a-4b63-96cf-152421f4bf0a,Tri Sutrisno,4,2026-09-08T23:22:48.268Z,Autentikasi & Akun,Positif,Negatif,0.9252,"Tolonglah diperbaiki lagi aplikasinya ,masak mau daftar gak bisa terus.gak bisa sementara tapi udah berkali kali gitu trus yang muncul"
379555fd-3d1d-4f06-9025-ffbfa915700d,Yeti Curup,5,2026-09-08T23:20:45.116Z,Lainnya,Positif,Positif,0.9775,bagus
fab75c1e-0b99-4fc8-a03e-10a0a902768b,Eno Putra,3,2026-09-08T23:03:26.974Z,Antrean & Faskes,Positif,Negatif,0.7729,"kenapa saya tidak bisa Download jkn, tulisan perangkat tidak sesuai versi ini?"
b381573d-2b11-46f3-944b-085c4b506743,Imam Sutaji,5,2026-09-08T23:01:58.699Z,Autentikasi & Akun,Positif,Positif,0.8993,pendaftaran lebih cepat
b88bf621-3cf0-4730-9c39-11511efa5d4b,endy .H,5,2026-09-08T22:33:53.208Z,Lainnya,Positif,Positif,0.9877,"bagus, semakin mudah di gunakan"
116263e4-9014-4aa6-aa9b-295543e41c45,mochamad rasyad,5,2026-09-08T22:30:27.591Z,Lainnya,Positif,Positif,0.9302,memudahkan
2b320b9d-e81e-46f7-b071-215168874d94,nita pabuntang,5,2026-09-08T22:11:36.147Z,Antrean & Faskes; Iuran & Layanan,Positif,Positif,0.9303,Aplikasi ini memberikan kemudahan bagi peserta BPJS Kesehatan untuk mengakses layanan kesehatan secara digital tanpa harus datang langsung ke kantor atau mengantre lama di fasilitas kesehatan.
7aab57a5-e4a9-4dea-b304-58e209b60982,Wi Narsih,5,2026-09-08T21:22:14.289Z,Lainnya,Positif,Positif,0.9302,sangat mudah
8b879176-1797-4e99-974c-debc684ce4ad,Kartini Tini,2,2026-09-08T20:31:07.579Z,Autentikasi & Akun,Negatif,Negatif,0.7375,aplikasi ini terkadang tdk langsun login.
c57cc7f9-506f-49cc-a4a6-c1a06dc2232e,Robby Dwi Firmansyah,5,2026-09-08T20:03:49.200Z,Antrean & Faskes; Kinerja & Server,Positif,Positif,0.8544,"aplikasi nya menurut saya sekarang bagus, ngga ngelag, dan gampang dibuka, trus ketika ada aduan dalam waktu tidak sampai 24 jam sudah ada tanggapan sesuai nomor antrian, dan juga sekarang fiturnya juga sudah bagus mengikuti kebutuhan masyarakat..."
c80dbc89-8611-4db4-b4af-73535575f108,Kadek Nila Ayu Wilyanti,1,2026-09-08T19:54:46.400Z,Autentikasi & Akun; Antrean & Faskes,Negatif,Negatif,0.9939,"Aku mau login di hp baru ku tapi lupa sandi, udah ngikutin arahan dari aplikasi masukin nik dan nomor hp yg terdaftar trs disuruh masukin kode verifikasi tp ditunggu sampe 10 menit gada kode yang masuk ke sms. Tolong ini gmna sih? udh coba berkali kali masih aja gitu."
cc5b2f64-99ec-47ca-83fa-429d81071bc2,Rudi Chandra Kaban,5,2026-09-08T19:36:42.671Z,Lainnya,Positif,Positif,0.9775,bagus
4fdddb61-87b0-4c7a-8603-0d8165efe3d6,Awan Hermawan,1,2026-09-08T19:27:29.859Z,Antrean & Faskes,Negatif,Negatif,0.8876,"sudah 3 xdi jadwalkan ulang trs krna dokter y tidak ada, dan tidak memberikan solusi unuk ktmu dokter lain"
f83dc59c-2f28-4cd1-9227-78e31b9ab1d9,Anty,5,2026-09-08T17:45:03.668Z,Lainnya,Positif,Positif,0.9302,lebih memudahkan
69908f79-ca81-4bf4-80e6-427d2e40f148,Roky Krisdianto,5,2026-09-08T17:10:41.618Z,Lainnya,Positif,Positif,0.9775,good
f643f02f-8314-4249-9228-023d5cadd30e,Pujiatilestari,1,2026-09-08T17:07:02.374Z,Lainnya,Negatif,Positif,0.7889,aplikasi tidak bisa di gunakan!!
608ae9d5-0bbf-4382-ac1f-6f30fb9b2055,Sukardi Kadi,5,2026-09-08T16:21:41.851Z,Lainnya,Positif,Positif,0.9889,ok banget
37cefdff-3401-4668-9245-cc4919462ed3,Malikal Pasha,4,2026-09-08T15:52:00.766Z,Lainnya,Positif,Positif,0.874,sangat senang
a4c51308-87d3-47a8-aea3-d341673cd7c3,Agus Marhendrajaya,5,2026-09-08T15:46:50.917Z,Lainnya,Positif,Positif,0.9775,bagus
509bbfc8-4259-44c4-8f31-59b85ed5116b,Kamto Kb,5,2026-09-08T15:31:34.215Z,Lainnya,Positif,Positif,0.9775,mantap
f6925b76-86a4-4f6f-b7eb-a6d9f9adbb9f,Reza Rizky Amelia,3,2026-09-08T14:51:05.770Z,Autentikasi & Akun; Antrean & Faskes; Kinerja & Server,Negatif,Negatif,0.8641,"Ini gimana sih mau daftar antrian gak sesuai sama ketersediaan nomor, harusnya kalau memang sudah penuh itu di update."
14a17d85-a5aa-475e-bd5a-516b1d37c056,Turah Solikin,5,2026-09-08T14:45:29.319Z,Lainnya,Positif,Positif,0.9775,"good,nice"
490552b1-63c4-4b1d-8aae-a0346ff52c27,Rusdi Jepara,5,2026-09-08T14:31:34.823Z,Lainnya,Positif,Positif,0.9775,mantap
7f11c5e9-2369-4754-afbe-8c0b0588f571,andre paserera,5,2026-09-08T14:24:08.747Z,Lainnya,Positif,Positif,0.9775,Good
49d750aa-ac49-4bc9-a78a-751b2ad8c393,isti almeera,5,2026-09-08T14:07:20.506Z,Antrean & Faskes,Positif,Positif,0.9146,memudahkan dalam berobat
0bc78a51-4bc8-4e63-864b-4fd0060ffdbf,Riyo never flash,1,2026-09-08T13:57:20.567Z,Autentikasi & Akun,Negatif,Negatif,0.8844,"verifikasi susah amat,. perbaiki kalo bisa. verifikasi ga dikirim2."
d01469d6-bc3a-4f5f-987b-c5ef9e9dad48,Benny Syahputra,1,2026-09-08T13:45:12.286Z,Autentikasi & Akun; Antrean & Faskes,Negatif,Negatif,0.9702,"tiba2 keluar sendiri. tp mau masuk lagi dipersulit. yg kata nya vaptcha salah, Internet nya mati.. aplikasi gak bermutu."
74704d49-3528-4602-aa31-0a2c634aceae,VIDI Adriansyah,1,2026-09-08T13:41:55.611Z,Autentikasi & Akun,Negatif,Negatif,0.936,aplikasi bapuk benerin dulu tuh verifikasi wajah nya duit nya di korup Mulu sih bikin aplikasi kaga bener hdehhh
826f3080-7994-4033-9278-70672719641e,Nitaaa Djdbd,5,2026-09-08T13:41:48.503Z,Lainnya,Positif,Positif,0.9775,bagus
6d274112-b8d8-4bae-ac62-4459d8229577,Siti Choiriyah,5,2026-09-08T13:27:00.719Z,Lainnya,Positif,Positif,0.9775,bagus
d02fa366-6457-4ab7-bfe2-ef2566195a89,Sawal Noto Susilo,5,2026-09-08T13:21:08.555Z,Lainnya,Positif,Positif,0.9302,lebih mudah
5af6bf20-30cf-4601-8656-215f094c9dc2,Sururiyah Ibu,4,2026-09-08T13:16:48.991Z,Lainnya,Positif,Positif,0.6603,lancar
d9958fa8-a3a1-4be7-802b-4e00cc6dabbf,Na-Mi-Vi-Ca,1,2026-09-08T13:13:21.600Z,Autentikasi & Akun,Negatif,Negatif,0.8885,"ini kenapa tidak bisa login si, tombol masuknya tidak bisa d klik"
27f1ac44-ee27-42a8-8686-abd7c7336731,Rika Wahyuni,5,2026-09-08T13:10:22.233Z,Lainnya,Positif,Positif,0.8448,"Benar benar sangat membantu, memudahkan"
bb428f5a-c19a-4561-8b48-9a47692a48ef,Yudhistira WP,5,2026-09-08T12:57:22.979Z,Lainnya,Positif,Positif,0.5334,okeh banget sah
ba16a405-bdb0-42a7-939e-c461da9588ff,Widya quy,5,2026-09-08T12:50:21.788Z,Lainnya,Positif,Positif,0.9784,sangat puas dengan pelayanan
95d0a74f-c218-4c6c-a519-50ea199f6f81,Nendhe Praviga,1,2026-09-08T12:29:49.858Z,Autentikasi & Akun,Positif,Negatif,0.8789,"Terbaik lah, mau login minta kode verifikasi gangguan mulu, mana nunggu nya lama lagi. ini kalian emang pada berharap pasien mati dulu baru dikirim ya"
64b7dacf-cd91-42d7-955f-ec65d6cfc7cb,Lady R,1,2026-09-08T12:21:42.600Z,Autentikasi & Akun; Antrean & Faskes; Iuran & Layanan,Negatif,Negatif,0.9503,"gak bagus samsek, berkali-kali daftar rehab tapi gk ada info jelas gimana cara bayarnya. ini sebenarnya mau dibayar apa gak sih. notif doang bikin sampah tapi mau bayar dipersulit"
ccbd3064-831c-4ad4-8424-ddce6ff9da97,Lili Hardiana,5,2026-09-08T12:16:45.181Z,Lainnya,Positif,Positif,0.989,best
d13beb61-8bf7-40d3-9c05-6578daae9864,Riki Alazid,5,2026-09-08T12:16:03.513Z,Lainnya,Positif,Positif,0.98,proses nya cepat dan sangat mudah di pahami
31ee1d84-5f58-4d97-a036-f009c2e667c8,Syamsidar Mappa,1,2026-09-08T12:09:35.323Z,Lainnya,Negatif,Negatif,0.7107,Krn TDK bisa didownload kmbli
ea8814b1-5328-4600-a575-664c7abe7b4a,Bunda Charly,5,2026-09-08T12:09:21.150Z,Lainnya,Positif,Positif,0.9897,sangat membantu
c8b6995f-e286-49fe-8407-9080de139b80,Ody Farid prasetyo,5,2026-09-08T11:35:44.426Z,Lainnya,Positif,Positif,0.9123,sangat membantu pada saat sakit
913f4e82-8af8-4056-9d7a-503c7926e633,Qwitpra 04,5,2026-09-08T11:35:40.526Z,Lainnya,Positif,Positif,0.9775,mantappp....
b9fa7315-64e4-43b4-914b-f93e93c52a0a,SYAYYIDAH Al MARDLIYYAH,1,2026-09-08T11:34:20.648Z,Autentikasi & Akun,Negatif,Negatif,0.928,"verifikasi wajah ga bisa” sudah 1 jam saya verifikasi, tolong segera diperbaiki."
db89d4b1-80d6-46e8-8867-4f2738afce82,Rafa Istiqomah,1,2026-09-08T11:15:30.200Z,Autentikasi & Akun,Negatif,Negatif,0.9174,aplikasi Tolol dimasukin no.hp gak bisa bisa
1f601af0-dbfa-47f3-bcda-24cf1209f62d,Viona Shelly,1,2026-09-08T11:15:14.458Z,Autentikasi & Akun,Negatif,Negatif,0.9499,login susah
1741be35-02a7-4a69-8ad6-26df1a66247f,nur faizah05,3,2026-09-08T11:14:19.274Z,Autentikasi & Akun; Antrean & Faskes,Positif,Negatif,0.6244,nunggu antrian. panja6 poli kosong. yg punya nomor blm hadir lama. sebaiknya nomor antrian bila datang k lokasi di reset ulang
5f4b9726-0225-4225-bcbd-02e04edd959c,46 X men,1,2026-09-08T11:10:00.686Z,Autentikasi & Akun,Negatif,Negatif,0.9038,sudah daftar sidik jari login ga bisa lupa password mengulang terus
5e4ffa59-1e90-4df7-aa34-a3d55c180fd3,Teguh Santosa,1,2026-09-08T11:05:50.280Z,Autentikasi & Akun,Negatif,Negatif,0.955,"aplikasi jadul, keamanan masih verifikasi sms, pake pulsa. sekali sms 5ribu. apk pemerintah g bs hidup klo g makan uang rakyat"
67e5cead-053e-4047-8553-0d3a309442cb,Nurhidayatullah Mustajib,4,2026-09-08T10:50:00.496Z,Lainnya,Positif,Positif,0.9889,ok
209dc49b-a371-45fa-8276-5dc1c8ea19cf,Arya Maysa,1,2026-09-08T10:44:49.355Z,Autentikasi & Akun,Negatif,Negatif,0.9655,tolol amat kirim otp aja pake pulsa. kenapa program pemerintah selalu dongo
700f41b3-e3cd-4f5c-bb2f-b229a39041e9,Jackson Graves,1,2026-09-08T10:26:46.832Z,Autentikasi & Akun,Negatif,Negatif,0.9747,"ga bisa daftar, karena kode verification no hp ga dikirim, hapus ajah menu daftar nya kalo ga di pake"
862252d0-78f3-4b30-a5be-4ae1985524aa,SIAGIAN HENDRIK FANCO,5,2026-09-08T10:17:47.249Z,Lainnya,Positif,Positif,0.9897,Sangat Membantu
d244ed00-0942-4d47-8dc5-6ef6f22a48ac,Raihan,1,2026-09-08T10:13:17.823Z,Kinerja & Server,Negatif,Positif,0.5504,"hama, jaringan bagus di apk nya loading terus"
32bdbbe6-f27c-4834-9599-c0b7ef04aa62,Arif Rachman,5,2026-09-08T09:40:13.314Z,Lainnya,Positif,Positif,0.8076,saya suka mjkn ini
d8ed2750-87a2-40a7-8294-ba30a3bf4d0c,Riani Pebriani,5,2026-09-08T09:23:49.963Z,Lainnya,Positif,Positif,0.9443,memudahkan ❤️
ff88c025-d320-4970-acdb-cde26cec529c,Mahrup,5,2026-09-08T09:09:26.918Z,Lainnya,Positif,Positif,0.9943,bagus bgt aplikasi ini cepat dan mudah di pahami
fc529d2e-b219-41ef-8f50-dd8b8cc8f5dc,Supriyanto,5,2026-09-08T09:04:55.619Z,Lainnya,Positif,Positif,0.5813,"bagus tapi captcha jangan terlalu rumit dan sulit,kasihan para orang tua"
244a4c5b-5ea1-47db-a635-48933ccd45e8,rendy adrysh,1,2026-09-08T09:03:01.328Z,Autentikasi & Akun; Antrean & Faskes; Kinerja & Server,Negatif,Negatif,0.9586,"lag parah,server down padahal wifi/data udh oke.jadinya terhambat buat daftar antrian"
389d8285-f331-4f55-9270-6b04c3aef42a,Indra wahyudi,5,2026-09-08T08:56:47.340Z,Lainnya,Positif,Positif,0.9775,mantul aplikasinya
c105f116-c787-413c-aa74-6abfdbd45579,Hatchie,1,2026-09-08T08:45:28.490Z,Autentikasi & Akun,Negatif,Negatif,0.85,"verifikasi no hp tidak bisa,, perbaiki saja"
2224a5e4-a9f2-487b-a622-32f00e0d737b,Muhifa Kalsum,5,2026-09-08T08:41:04.520Z,Autentikasi & Akun; Antrean & Faskes,Positif,Negatif,0.8118,"ini gimana si aplikasi nya,kemarin masih aman aku liat ,dapat nomor antrean buat tanggal 17 bisa,ko tadi aku cek tiba tiba ke log out sendiri? sandinya dimasukin salah salah Mulu tolong dong ini gmn besok saya berobatnya"
7368c834-3150-4e28-96d4-e9439c57fba4,mohammad farid,1,2026-09-08T08:27:14.797Z,Antrean & Faskes; Kinerja & Server; Iuran & Layanan,Negatif,Negatif,0.9362,"aplikasi lemot ngehank terus, mau bayar malah dipersulit"
a11c1271-ee5b-44a0-a78b-204c6a40552b,Nurhayati Rohadi,5,2026-09-08T08:12:50.313Z,Antrean & Faskes; Iuran & Layanan,Positif,Positif,0.8852,berobat bpjs menggunakan jkn mobile mudah utk meng akses data dan antrean
20c76812-aaa3-4aac-ba04-dbb064e9ef4b,Nova Skyva,4,2026-09-08T08:02:28.487Z,Autentikasi & Akun; Antrean & Faskes; Iuran & Layanan,Positif,Negatif,0.7704,bisakah login pakai gmail tanpa ktp captcha dan bagaimana jika tidak bayar denda bpjs ...bagaimana jika merubah rujukan untuk daftar online
01c26dab-8ee2-497f-825f-1b585317a47d,shimi,1,2026-09-08T07:56:37.956Z,Autentikasi & Akun,Negatif,Negatif,0.9811,"verifikasi wajah selalu gagal, saat diminta kode otp, itu pesan otp nya tidak masuk2 padahal sudah bener nomor hp yang di masukan untuk menerima kodenya, atau emang bermasalah aplikasi nya?"
49fda055-51b3-4f96-9751-c0483a0a932a,Dista Alvianto,1,2026-09-08T07:56:30.306Z,Lainnya,Negatif,Negatif,0.8909,"untuk call centernya memang selalu mengangkat telfon , tapi setiap 5 menit tiba tiba signal dr pihak call center merah sedangkan signal kita penuh , ya masak sekelas jkn kek gini"
e0cd6e3a-c7d5-4462-a6ff-a827406af0fb,Siti Nurhayati,5,2026-09-08T07:52:10.293Z,Lainnya,Positif,Positif,0.9685,mantap jiwa 😎😎😎
3cae7e83-cdda-4706-9818-c1e5d9f5bd2a,Nuka Nua,1,2026-09-08T07:27:50.444Z,Autentikasi & Akun; Antrean & Faskes; Iuran & Layanan,Negatif,Negatif,0.9949,"tolong aplikasi JKN, jangan mempersulit orang, mau ambil no antrian online saja, tidak bisa masuk, pada hal sudah pakai lama, masa bilang nomor KTP salah, kata sandi salah, pada hal semuanya susah benar. paling lucu lagi disuruh daftar ulang, ini bego sekali aplikasi mambtu ilang malahan mempersulitkan orang. aturan macam apa ini."
ce1b0ed7-a019-4bc1-b84d-4f0c6fe78f97,munawir hadi,1,2026-09-08T07:14:02.788Z,Autentikasi & Akun,Negatif,Negatif,0.7997,staff IT nya ini mungkin yg abal abal 😂 bisa bisanya daftar online gg pernah bisa ke buka 🤣🤣
1cd3c0be-c44d-4cda-b5eb-dc557778d50a,anang rusdi,5,2026-09-08T07:13:55.507Z,Lainnya,Positif,Positif,0.9897,sangat membantu
98d283ae-cff3-4ef9-9c95-a04d4925548e,Novi Hendriyanto,5,2026-09-08T07:09:15.687Z,Lainnya,Positif,Positif,0.9897,Aplikasi sangat membantu
28cb9295-92cf-486d-9461-3c7db58ba71e,urip pitriyah,5,2026-09-08T07:07:59.246Z,Antrean & Faskes,Positif,Positif,0.5636,sangat membantu dlm mengambil nomor antrian
7a9edb67-4166-4292-8959-be80a4143d62,Roman Vecto,1,2026-09-08T06:54:41.638Z,Kinerja & Server,Negatif,Negatif,0.8793,lagi eror aplikasi nya ya kira-kira kapan ini di perbaiki nya
d6d29557-b611-42c6-bb1c-67b49aaa74e9,Dwiga Rahmat,1,2026-09-08T06:36:19.879Z,Autentikasi & Akun; Antrean & Faskes,Negatif,Negatif,0.8747,mau daftar masak pilihan dokternya gak bisa segera diperbaruilah
1550d267-643d-4e95-9670-52daf707a88f,Ari Putra,5,2026-09-08T06:36:05.473Z,Lainnya,Positif,Positif,0.995,bagus dan memuaskan
c8df066d-2be6-4af1-b1a9-0a1670e8e797,Danu Susanto,5,2026-09-08T06:12:04.942Z,Lainnya,Positif,Positif,0.5334,reaponsif
7ba1872d-44dd-4813-a32f-26ab86d1b1a5,Khorina Aditia,1,2026-09-08T06:02:44.592Z,Autentikasi & Akun,Negatif,Negatif,0.9662,"Masa mau verifikasi lewat sms aja harus pakai pulsa dulu, aneh banget. Mending nggak usah pakai aplikasi dehh."
b02a9f81-6765-48e6-99f1-67d9f08e0556,Ikhwan Awwalu,1,2026-09-08T05:59:14.430Z,Autentikasi & Akun; Kinerja & Server,Negatif,Negatif,0.9446,lagi eror kah? saya nggak bisa daftar online
c3cd7d40-b1d3-435f-8670-a50d2dc43a6e,Unknown Faqih,1,2026-09-08T05:57:39.635Z,Autentikasi & Akun,Negatif,Negatif,0.8162,login nya sulut banget ngulang² terus
4c716a4b-9093-4394-aa78-56909c085350,Rudi Miftah,5,2026-09-08T05:50:06.327Z,Lainnya,Positif,Positif,0.8822,lumayan
4488c159-d992-4232-89eb-976c18e1dc9a,Asni Rusman,5,2026-09-08T05:38:00.400Z,Lainnya,Positif,Positif,0.963,pelayanan baik
99434c31-ea90-48b6-a21a-d11f1a9b092e,Diana Pesek,5,2026-09-08T05:35:06.429Z,Lainnya,Positif,Positif,0.9415,kemudahan layanan
0d3a84d5-9094-4300-98f6-2a8a601697e9,Hinda Yanti,1,2026-09-08T05:33:22.430Z,Autentikasi & Akun; Antrean & Faskes,Negatif,Negatif,0.8829,asli ribet rs islam sitihajar. pasien dihajar habis oleh verifikasi 🥲
f73f80c1-d987-4f44-a49b-848329ae5ef0,AGUSTIAN.G Gunawan,5,2026-09-08T05:30:42.536Z,Lainnya,Positif,Positif,0.9775,good bagus
36fad516-4aa0-4974-9962-a4224f18d4d9,Jesen Kauwang,1,2026-09-08T05:22:11.855Z,Autentikasi & Akun; Antrean & Faskes,Negatif,Negatif,0.9716,"ampas bgt apk pemerintah 1 ini, mau daftar aja dipersulit, kamera identifikasi muka aja ga becus, ampasnya ngampas bgt!!"
00b92016-38b9-459d-8dc3-0482cb7f519d,siti rahmawati,3,2026-09-08T05:15:48.847Z,Lainnya,Positif,Negatif,0.5775,hp dulu bisa download app ini. kenapa sekarang tidak🥵🥵🥵
adbd78d8-08a5-4fbf-b8dd-63b2123eb2e5,Rafif Zainul,1,2026-09-08T05:13:49.947Z,Lainnya,Negatif,Negatif,0.7199,root matamu root
a55110b2-5c7b-4be8-b36b-5a8a1864ca5f,Weni Afrida,1,2026-09-08T05:09:23.500Z,Autentikasi & Akun; Antrean & Faskes,Negatif,Negatif,0.9751,"aplikasi nya jelek padahal aplikasi untuk layanan masyarakat, tiba tiba akun log out sendiri giliran mau login lagi tombol login nya gak bisa respon apa apa, jdi gak bisa masuk ke aplikasi. ini sangat perlu diperbaiki secepatnya kasihan orang yang mau ambil antrean kontrol gimana mau ambil antrean kalo gak bisa login, tolong buat segera direvisi aplikasi layanan ini krna sangat menggangu jika tidak bisa berjalan sesuai ketentuan nya."
c5e9b0d9-8cfc-4036-8979-1cb4330cfcaa,Kayla Nahdha,5,2026-09-08T05:08:49.899Z,Autentikasi & Akun; Iuran & Layanan,Positif,Positif,0.6886,pingin rubah klas untuk angota keluarga caranya gimana ya
54c0266d-0d07-4b7e-87bf-cfe12ef31506,Heni hendrayani,2,2026-09-08T04:58:53.357Z,Autentikasi & Akun,Negatif,Negatif,0.9856,suda no induk sudah berulsandi capca masuk tetap ga bisa login kecewa susah
4603a94e-4390-47ed-ae9a-d65ed203e986,Ricky Ablizar,4,2026-09-08T04:56:50.304Z,Lainnya,Positif,Positif,0.8803,"Mohon aplikasi ini lebih disempurnakan lagi,terutama pengaduan masyarakat.Dan kalau bisa diadakan live chat agar semua masalah dapat diselesaikan dengan baik tanpa harus mengunjungi kantor dinsos yg terkadang pengurusannya rumit.Terima Kasih 🙏🙏🙏"
a377097a-0544-4230-bccf-df9cc15dc0ac,Rankar Romantika,5,2026-09-08T04:39:22.505Z,Autentikasi & Akun; Antrean & Faskes,Negatif,Negatif,0.9521,"ini sangat tidak menguntungkan bagi lansia yang ingin berobat, verivikasi wajah gagal terus, verivikasi SMS gagal terus, di ulang tetap gagal terus, tambah mempersulit kalau proses nya seperti ini"
48255124-2f39-46d4-894d-066cf61b3e0a,amel rose,5,2026-09-08T04:38:08.126Z,Lainnya,Positif,Positif,0.9775,mantep 👍
1af90054-aaa5-43fc-afd6-8630630a8303,Eman Ependi,5,2026-09-08T04:33:54.342Z,Lainnya,Positif,Positif,0.9872,Bagus cepat tepat
feb8de36-6a51-480d-903d-ceeb67f27604,Rizqi Kamalia,4,2026-09-08T04:12:42.284Z,Antrean & Faskes; Kinerja & Server,Positif,Negatif,0.8749,servernya harus diperbaiki lagi. sering ngebug waktu mau ambil antrian online.
eeabd1e5-4d40-4647-b185-2348ff635db3,Kerang Ijo,1,2026-09-08T04:10:25.530Z,Antrean & Faskes,Negatif,Negatif,0.6634,tolong dong bisa buat semua hp klo ga kompektibel gimana bsa buat berobat
96555585-ab1d-4750-bb21-08fa5a716d5e,Sarifatimah Sari,5,2026-09-08T04:09:54.478Z,Lainnya,Positif,Positif,0.9897,Sangat membantu
f94ed4a4-edce-46fa-b1cb-a162051fe98c,Adhis Muhamad,5,2026-09-08T04:01:03.140Z,Lainnya,Positif,Positif,0.9967,Membantu dan memudahkan secara praktis👍
ae49c52a-b2c0-4c55-9a51-7d556ab3abe6,Akbar Muhammad,1,2026-09-08T04:00:49.594Z,Autentikasi & Akun,Negatif,Negatif,0.9592,"Nomor sudah sesuai, tapi tidak terkirim dan untuk meminta ulang kode OTP, harus menunggu sangat lama"
018ed130-4c5e-4f19-adf3-06d910b4fb96,asep cepot,5,2026-09-08T03:54:53.590Z,Lainnya,Positif,Positif,0.9889,ok
71a61709-7617-4e16-a523-de195e91efef,Siti Munawaroh,5,2026-09-08T03:49:50.377Z,Autentikasi & Akun,Positif,Negatif,0.9219,kenapa tidak masuk daftar Mobile jkn nya
12d9be24-3302-4134-9801-487c37c311ea,yaar,1,2026-09-08T03:45:44.407Z,Autentikasi & Akun,Negatif,Negatif,0.9577,"g bisa daftar, verifikasi sulit...."
593a6246-8944-4489-a894-ce883423ab35,Faris,5,2026-09-08T03:42:44.140Z,Lainnya,Positif,Positif,0.9915,cepat tanggap dalam melayani .. pokoknya 👍 👍👍
4cca7553-b3b5-4068-9cc0-d579c2b2cbf3,Ibnu Hendrian,1,2026-09-08T03:39:56.141Z,Autentikasi & Akun,Negatif,Negatif,0.9854,jelek ga bisa mendaftar udah 2 hp di coba tetap bad request
51e675fd-7f9b-480a-bc88-216fd4e4375f,Sah Roni,2,2026-09-08T03:39:16.438Z,Lainnya,Negatif,Negatif,0.5543,ko ga bisa kebuka lgi y
4c8d2730-7121-4b3c-a00b-b907e2863bf7,Parker McCall,5,2026-09-08T03:33:12.900Z,Lainnya,Positif,Positif,0.9897,sangat membantu
568c0e35-9396-4421-86ed-5ff58503d18d,Hasbi Ramadhan,5,2026-09-08T03:29:49.419Z,Lainnya,Positif,Positif,0.9775,bagus
c6d1f122-5255-4e79-b210-8967bad2f636,Heri Yanto,1,2026-09-08T03:26:31.699Z,Autentikasi & Akun,Negatif,Negatif,0.8841,"Buat penyedia aplikasi jkn,klo g niat membantu masyarakat kecil mending g usah sama sekali.. apk g guna begini.. daftar satu hari full hanya untuk menunggu otp yg g jelas"
0c04b555-5029-4aa3-8cd9-25bdf783944a,Sarah chika Sarah chika,5,2026-09-08T03:23:43.103Z,Lainnya,Positif,Positif,0.981,luar biasa 💯👍
d9a9836d-e719-4b46-9a58-8149bb043cae,Slamet Herman Prayoga,5,2026-09-08T03:21:46.246Z,Iuran & Layanan,Positif,Positif,0.9409,Alkhamdulillah perubahan data cepat direson
5ee1c077-f0e1-4cf1-831d-4f2315938286,Novan Fadil,1,2026-09-08T03:19:38.920Z,Autentikasi & Akun,Negatif,Negatif,0.9836,aplikasi jangan du downloaded ga menyarankan untuk daftar di sini soal ini gajelas apk bego nomor salah mulu padhal dh bener ga masuk sms
b13d2184-1097-4541-bc62-bdeab8cfd44b,Bang Veve,2,2026-09-08T03:13:40.664Z,Lainnya,Negatif,Negatif,0.8305,aplikasi gk jelas log out sndiri
2debfbc8-3818-4941-8d25-17c657401507,Cece,5,2026-09-08T03:09:33.780Z,Lainnya,Positif,Negatif,0.6517,aplikasi tidak bisa dibuka di hp saya.
3c9f9094-a707-46ca-bc01-9dcb19358aeb,Dadan Nuramdani,1,2026-09-08T03:07:37.917Z,Autentikasi & Akun; Antrean & Faskes,Negatif,Negatif,0.8257,"terlalu banyak masalah di aplikasi, mempersulit pendaftaran dan ke pelayanan"
21c514ad-290a-4213-9857-9b88048903c8,Rico Ramananda,5,2026-09-08T02:58:17.267Z,Lainnya,Positif,Positif,0.9564,Terbaikkkkkk
d4609b1a-6afc-40ea-848d-6fc3afdc2c42,Juliusperkasa Putra,1,2026-09-08T02:57:05.177Z,Autentikasi & Akun,Negatif,Negatif,0.9603,"ini kode otp ga masuk"" apa mungkin masuknya pas kiamat"
646c65fb-6259-4275-af68-2193fc0ad53c,teguh suprianto,1,2026-09-08T02:19:45.371Z,Autentikasi & Akun,Negatif,Negatif,0.9505,verifikasi wajah susah bnget
87c5140f-f52d-495b-aa6a-c9446da4ab45,Nur Fadilla,5,2026-09-08T02:16:13.794Z,Lainnya,Positif,Positif,0.8334,sjk donlod aplikasi ini semua gampang
4de1af45-fe2c-4734-9fd9-fc0586dc1bb5,Mama Tama,5,2026-09-08T02:10:24.220Z,Lainnya,Positif,Positif,0.9705,cepat dan akurat
88aad8b9-052f-4df3-a622-c51c77bcd312,andrie daud,5,2026-09-08T01:56:44.761Z,Lainnya,Positif,Positif,0.5334,Sangat membanting
bb43c471-7477-4c86-b9b7-d9056ab9bd73,amat yasir,5,2026-09-08T01:55:13.731Z,Lainnya,Positif,Positif,0.985,pelayanan oke
910a3094-4f0d-4922-9756-ac035112f63d,slamet fajar,5,2026-09-08T01:54:42.281Z,Lainnya,Positif,Positif,0.9889,ok
a82ad620-7197-408a-b1e4-ee8002630e07,Faisal Abdul lontoh Ferri,5,2026-09-08T01:52:20.866Z,Lainnya,Positif,Positif,0.9892,mudah dan membantu
b1c2139d-69f0-40db-87b2-1926ae95c44c,Riani Ani,5,2026-09-08T01:51:18.272Z,Lainnya,Positif,Positif,0.9965,Bagus dan sangat membantu
a1c6ef22-07ca-4b82-b91f-72aff6302b8c,Ariansyah,1,2026-09-08T01:44:45.972Z,Kinerja & Server,Negatif,Negatif,0.7976,lemot
d6ada66f-bee2-441b-ba02-2a1919d72db7,DienN 2423j,1,2026-09-08T01:33:16.942Z,Autentikasi & Akun,Negatif,Negatif,0.9195,tidak mendapat kode otp
1d748c52-25b5-46d8-ad14-8745f2aba4ad,M. Naufal Ramadhan Dias,5,2026-09-08T01:27:39.850Z,Antrean & Faskes,Positif,Positif,0.8485,sangat mudah untuk mengganti dokter faskes 1 dan berobat
6c822708-817c-44a4-81ee-e87e4db85f55,Wawan Julian,5,2026-09-08T01:25:49.683Z,Lainnya,Positif,Positif,0.9353,mudah digunakan dan memudahkan masyarakat
09fc8098-787a-4e26-9ac3-c4bf6d4a0a2d,indi harin Mustofa,5,2026-09-08T01:25:24.292Z,Lainnya,Positif,Positif,0.9511,aplikasi sangat bermanfaat bagi masyarakat
9c5e1611-e7bb-4b48-854e-98a5457b9ddf,Alfine Nanda,1,2026-09-08T01:22:25.153Z,Autentikasi & Akun; Antrean & Faskes; Kinerja & Server,Negatif,Negatif,0.9601,"mohon maaf sebelumnya, apk nya ribet bangettt masih verifikasi kode otp lewat email, verifikasi kode otp pake no hp, pas udah kita ketik no hp selalu eror udah saya coba lebih dari 10X dari kemaren tapi masih tetep aja, katanya pulsa minimal 5K sedangkan pulsa saya ada 15K tapi tetep ga bisa, sedangkan dari tim kesehatan di RS atau puskesmas harus make apk jkn dan pas saya bilang ga bisa mereka juga bingung? adek saya juga sudah mencoba di hp nya sendiri tapi ga bisa juga? mohon maaf dan makasih"
76dee413-0ab2-4b1f-99a4-ec01b5e060b4,Asha Hijra,4,2026-09-08T01:15:33.518Z,Lainnya,Positif,Positif,0.9485,mantap semoga lancar jaya !
6c01e86b-0cb1-4758-a21e-56ce2001881f,Febri Ardiansyah,5,2026-09-08T01:15:13.836Z,Lainnya,Positif,Positif,0.9889,ok
f7cf0113-5b8b-4a2a-9cda-43a81168e7d6,Tutut Santoso,5,2026-09-08T01:12:49.529Z,Autentikasi & Akun; Antrean & Faskes; Kinerja & Server,Positif,Negatif,0.782,"mau periksa harus daftar lewat aplikasi, tp kenapa aplikasinya error. no connection, pdhl paketan masih 26GB 🥲"
cb890332-fa73-44cf-a372-a3544490bff8,Aldidesu,1,2026-09-08T00:58:58.697Z,Autentikasi & Akun; Antrean & Faskes; Iuran & Layanan,Negatif,Negatif,0.944,"aplikasi pemerintah ga ada yang bener. captcha ga jelas, verif nomer hape hatus pake pulsa. gojek aja bisa pake WhatsApp yang mana pake paket data. hari gini tuh udah ga banyak orang yang punya pulsa, punyanya paket data. rugi gue kudu beli pulsa 5000 cuma buat pindah puskesmas"
ef8e0299-fef6-4a04-9643-f023e91598ea,Peri Kecil,4,2026-09-08T00:56:30.428Z,Autentikasi & Akun; Antrean & Faskes,Positif,Negatif,0.651,"meski udah daftar antrian online.tetep aja dilokasi antri sesuai urutan yg dilokasi,meskipun antrian di JKN no. 2"
6648cefc-7709-488a-9cc2-f3c6b2c55fb3,abdullah said,1,2026-09-08T00:37:54.309Z,Lainnya,Negatif,Negatif,0.9522,Yang bisa akses hanya HP tipe tinggi Kurang tepat sasaran Kasihan yang dikampung HP jadul ga bisa akses Apakah harus beli HP dulu. Padahal lagi sakit parah. Uang jg pas pasan... Astaghfirullah 😥
1464c638-4580-44ab-9b84-fdad7707676f,santi dwi,5,2026-09-08T00:27:27.418Z,Lainnya,Positif,Positif,0.9889,oke
3278a9ca-9aeb-4758-af03-1029e1e29d36,Imank Sudirman,5,2026-09-08T00:26:20.490Z,Lainnya,Positif,Positif,0.9775,mantap
97f69441-667e-4e58-967d-523ce0b11755,Satrio Sambodo,1,2026-09-08T00:23:48.754Z,Autentikasi & Akun,Negatif,Negatif,0.7025,"ferivikasi mental semua, lewat sms, WA bahkan wajah, bikin g nyaman... akses ksehatan malah terganggu... pengen cepet tmbah bkin ribet... perbaikin doooong...!!!"
1ba31ba8-d19c-4111-a56f-ab46293e6e44,Kii Alvakista,1,2026-09-08T00:05:45.637Z,Kinerja & Server,Negatif,Negatif,0.7069,"apk buatann Indonesia emang bikin darah tinggi anj, suka sering error!"
f97b8745-755b-499f-b2c4-5743874c6579,Rizky Permatasari,5,2026-09-08T00:04:27.159Z,Lainnya,Positif,Positif,0.9889,mantaap udah lebih bagus aplikasi nya sangat mempermudah
44bcb7bf-9d8a-41c0-b305-c6a96ad0538c,Fauzi Ilyas,1,2026-09-08T00:03:51.707Z,Antrean & Faskes,Negatif,Negatif,0.8761,mau ambil antrean mala gak bisa disuruh hububgi call centre atau cs nya uda dihubungi mala gak ada solusi ribet banget jkn
18d2ae5a-f21f-48bb-b7a5-9aecc5ae9a31,Cullenk Fellaini,1,2026-09-07T23:57:41.160Z,Kinerja & Server,Negatif,Negatif,0.951,aplikasi tolol ngeblank terus gak bisa di buka goblokk
c46280bd-bda2-48b5-ab0a-60272f8af320,Kardi Airin,5,2026-09-07T23:52:16.605Z,Lainnya,Positif,Positif,0.9692,terima kasih
6e23e8be-9705-4873-8e26-ddfedd13ea0d,Ichika Nanakiy,2,2026-09-07T23:18:29.263Z,Iuran & Layanan,Negatif,Negatif,0.6733,tolong kalau buat aplikasi yang mudah tagihan muncul tapi tidak ada cara membayar nya......
8dda8d84-d4ed-4c11-8df2-c9238bf12c21,Firman saragih,1,2026-09-07T23:17:08.567Z,Autentikasi & Akun,Negatif,Negatif,0.8554,"aplikasi apaan begini, daftar pun gk bisa, gk jelas banget"
bb155fd1-95b4-437a-9b68-395d2255b21f,JEVERSTEINE,1,2026-09-07T23:16:05.695Z,Iuran & Layanan,Negatif,Negatif,0.7436,menu yang penting malah tidak di tampilkan mau bayar iuran tidak tau dimana .....
b2ff9829-870a-447d-9d7e-45ada777b52a,Abe Ganteng,1,2026-09-07T23:00:02.426Z,Autentikasi & Akun; Kinerja & Server,Negatif,Negatif,0.9251,apk lelet konfirmasi nomor TPI tidak kunjung dapat sms
bd8a7531-1b08-42f0-8a38-402224006ea0,Rohim Oim,5,2026-09-07T22:54:48.679Z,Lainnya,Positif,Positif,0.9941,terima kasih sudah terbantu
1332000b-07ae-4b8a-8864-2972e26c1b86,Asep Saepudin,1,2026-09-07T22:36:33.559Z,Kinerja & Server,Negatif,Negatif,0.8495,aplikasi eror mulu
7b6ccb54-e5d9-48c5-8bb6-5cc9af9bace1,Nyoman Supatra,5,2026-09-07T22:19:34.590Z,Lainnya,Positif,Positif,0.9775,aplikasi bagus
fe0f5881-21f8-410c-ad4e-ad11374d21fa,Suwari Aldi,1,2026-09-07T22:00:13.872Z,Autentikasi & Akun,Negatif,Negatif,0.9783,nges3lin....login masuk salah nik lah salah pasword lah aneh...bikin kesel...
a768c600-0e7e-4f57-aa57-3d3d02948256,indra mahendra,4,2026-09-07T21:53:39.815Z,Autentikasi & Akun,Positif,Positif,0.8032,"cukup bagus, hanya saja untuk verifikasi wajah agak lama. tolong diperbaiki. terimakasih."
32ae53e9-533d-429a-b0eb-56872a47a406,Safira EgaSatryo,1,2026-09-07T21:07:56.399Z,Lainnya,Negatif,Negatif,0.6748,mau download g bisa mulu kenapa woiii
69a0d081-0bd2-41b8-9c8b-2a0f050fe2ab,Pratama Hadi,1,2026-09-07T20:08:51.499Z,Antrean & Faskes,Negatif,Negatif,0.8862,aplikasi merepotkan bagi yang ingin berobat. payah
d5e3f145-533a-4dd2-8323-b1036b333361,Azrilrifqi Azrilrifqi,5,2026-09-07T17:31:49.415Z,Autentikasi & Akun,Positif,Positif,0.9623,keren sih aplikasi ini sangat membantu mudah masuk setiap 1x bulan
228d0202-ce86-4454-9201-75f5c506b4b2,Dian Wahyuni,5,2026-09-07T17:22:16.879Z,Lainnya,Positif,Positif,0.8978,muda bget
fa146174-eb6c-4ce0-be7f-b72909d29ca9,Aguk Supriyanto,1,2026-09-07T16:38:14.596Z,Lainnya,Negatif,Negatif,0.7183,gak bisa di buka
33e226b7-b3b7-4c5b-b20c-094ffd402873,Nadhira Valyn,1,2026-09-07T16:36:58.959Z,Autentikasi & Akun; Antrean & Faskes,Negatif,Negatif,0.8642,"aplikasi bujang , apa harus orang kaya baru di permudah , jangan download , rakyat kecil ini selalu di persulit verifikasi nomor lebih 1 jam ,dan hasilnya coba lagi"
ed1f048f-1fa7-4f71-817c-1b03d6b6901b,Farid Fatahilah,1,2026-09-07T16:34:14.759Z,Autentikasi & Akun,Negatif,Negatif,0.875,masak kode nya ga ter kirim ke sms
0df6656c-4335-44e3-8d0e-f7620e00f97f,andi turnip,5,2026-09-07T15:47:54.673Z,Lainnya,Positif,Positif,0.9889,ok
cf7a3007-6ef8-4506-b88d-459f7c92c918,Yahya Ardian Yuma Pracesa,1,2026-09-07T15:47:27.875Z,Lainnya,Negatif,Negatif,0.6208,ngestuck di logo page
42f6a7a5-5835-4f14-9f6d-418da78a6134,Evi tania,5,2026-09-07T15:33:06.173Z,Lainnya,Positif,Positif,0.6577,ini gimana yaa saya mau download aplikasi ini ko ga da yaa di play store
b33bd531-05ea-42da-8cfb-74a9157c9056,sindi aditiya,5,2026-09-07T15:30:01.127Z,Lainnya,Positif,Positif,0.9081,terimakasih bnyak mobile jkn💑
4485222a-1fc7-4a94-af7c-7c24e866e530,Siti Marnah,4,2026-09-07T15:23:38.378Z,Lainnya,Positif,Negatif,0.7608,ribet mana aplikasinya mental terus
3ccff634-a709-4d28-b743-ffd944bd5066,Eko Priyanto,5,2026-09-07T15:22:02.980Z,Lainnya,Positif,Positif,0.9302,mudah
d2f56d4c-cf16-448c-811f-a3a2062cee7f,Radit Aminoto,1,2026-09-07T15:20:57.173Z,Autentikasi & Akun,Negatif,Negatif,0.933,mau daftar susah amat minn
c467801e-f8f6-4531-9fb4-739d65179860,Kemal Prayuga,5,2026-09-07T15:04:54.308Z,Lainnya,Positif,Positif,0.9692,terimakasih banyak
317ebd28-f861-4929-8745-f6cdae42f50f,Iwan Gunardi,1,2026-09-07T14:52:55.802Z,Autentikasi & Akun,Negatif,Negatif,0.9867,"masuk aja gak bisa, padahal pasword benar. lewat no hp email juga benar gak bisa masuk. uninstall aja"
5376b051-cb9d-4abd-a61e-4862e130eb3b,nur yanto,5,2026-09-07T14:25:16.594Z,Lainnya,Positif,Negatif,0.5236,tidak bisa dibuka
f52b5203-bb1b-4e2f-9d49-b9203e568c93,SURYADI,3,2026-09-07T14:09:37.460Z,Autentikasi & Akun,Positif,Negatif,0.8086,menunggu verifikasi kode otpnya lama
e2ecb445-d5bb-4560-acfa-9e2f84860c8b,Muhammad Syahid23,4,2026-09-07T14:00:53.484Z,Lainnya,Positif,Positif,0.9557,mantaps luar biasa
1703c33d-6d74-411e-95ff-228e119feadc,Mohamad Fahri 25,1,2026-09-07T13:49:09.739Z,Lainnya,Negatif,Negatif,0.8273,APLIKASI PENGUJI KESABARAN TOLONG INI APLIKASI KENTANG BGT GA LAYAK BGT DIBILANG APLIKASI
8c1b164e-342b-46db-ba25-e3a097084efa,endang susilawati,3,2026-09-07T13:47:54.905Z,Autentikasi & Akun; Iuran & Layanan,Negatif,Negatif,0.9659,"Aplikasi nya kenapa sering logout sendiri si, udh gitu mau log in lg susah nik/password salah terus pdahal nik udh bener di KK dn password juga udh bener sewaktu daftar ."
9c6ac9c9-b9f9-42ec-85a9-bc6e7917a462,016_ Khayla Syifa M.,5,2026-09-07T13:46:42.722Z,Lainnya,Positif,Positif,0.9147,makan ok
55a5ddbc-6b76-4905-b411-3e4bdb762373,Nora Selvia,4,2026-09-07T13:41:40.529Z,Autentikasi & Akun; Kinerja & Server,Positif,Positif,0.8605,"kalo untuk aplikasi sdh bagus,tapi suka logout sendiri,,,meski jaringan bagus,mohon tingkatkan lagi untuk kelayakan dan kenyamanan saat d gunakan"
a96d8e56-d0c7-4ad4-83af-04add8733b8d,Ahmad Youtube,5,2026-09-07T13:40:28.682Z,Lainnya,Positif,Positif,0.5334,assoy
aced63d8-2881-413b-aa3c-a7a72b7e75e2,Sultan Nasik,1,2026-09-07T13:26:05.830Z,Autentikasi & Akun,Negatif,Negatif,0.9546,ribet mau daftar juga susah kameranya gajelas satu muka satu muka di kira muka ada banyak gajelas
50580b96-afd0-4ec7-b860-742edb1e270e,Lia Herawati,5,2026-09-07T13:23:50.555Z,Autentikasi & Akun; Antrean & Faskes; Iuran & Layanan,Positif,Positif,0.9716,Alhamdulillah mudah ubah klinik.. terima kasih jkn
981ff7cd-5354-4df9-b903-2c02d72d47ee,Ariyanto Buddy,5,2026-09-07T13:23:30.825Z,Lainnya,Positif,Positif,0.989,best
c1d82a8f-bc87-4aba-bdef-f74579187db4,Odhay 79,1,2026-09-07T13:01:04.475Z,Autentikasi & Akun,Negatif,Negatif,0.9718,"1 perangkat masa saya tidak bisa login 3 NIK, 3 nik itu sy dan 2 anak sy, kata call center 165 harus masing² py akun sendiri karena peserta terdaftar di segmen berbeda, giliran sy daftar 1 hp 3 nik ga bs login, perintah nya suruh hubungin 165,gmana sih...."
898deb9f-6c8f-4158-8c72-8f4b496f1485,Sardini Afajari,2,2026-09-07T12:58:55.702Z,Autentikasi & Akun,Negatif,Negatif,0.9691,"ni akun nyebelin, mbok ya diperbaiki, keluar sendiri, suruh login terus"
882c1d95-055d-40ad-a29e-614f3f51a370,YUDHA FRATAMA,5,2026-09-07T12:57:06.552Z,Lainnya,Positif,Positif,0.9969,oke mantap..
37edd37a-b691-44d4-9469-080448f174e0,Agsthns Paide (PvchePibo),1,2026-09-07T12:52:47.400Z,Autentikasi & Akun,Negatif,Negatif,0.9462,"tolol, mau daftar aja ribetnya minta ampun"
cead32f9-d73b-4d27-af27-55040817aafd,Uden Rh,1,2026-09-07T12:37:21.632Z,Autentikasi & Akun,Negatif,Negatif,0.9719,selalu log out.. sekali nya mau login selalu nik salah.. padahal sudah betul
4f61fc8e-ee8b-43b1-9100-b8b0cebabb1a,Alfi Firdaus,5,2026-09-07T12:28:17.102Z,Autentikasi & Akun,Positif,Positif,0.6103,membantu tolong klo bisa jangan gagal mulu masuk ny
27cf1cc9-6120-4e90-96b2-0b20838d8ee2,Basuki Nur,5,2026-09-07T12:22:51.410Z,Lainnya,Positif,Positif,0.9897,sangat membantu
6870b837-10ce-455f-a373-05a28d4ec9dc,STARFIT Indonesia,5,2026-09-07T12:20:56.716Z,Lainnya,Positif,Positif,0.9775,good
3d2b805c-37fc-4642-bc3e-7ed11c8abffe,Ana Dwi rahayu,5,2026-09-07T12:19:45.510Z,Lainnya,Positif,Positif,0.9534,mudah di.pahami
85502d9e-a099-4c29-ac87-d222afe2b721,Rudi Septianto,1,2026-09-07T12:19:26.205Z,Antrean & Faskes,Negatif,Negatif,0.9047,versi android nya ketinggian jadi sulit diakses untuk versi android 10 kebawah
7b002be3-f642-4f8c-a0e9-ce4b186e408d,Mey Wanti,5,2026-09-07T12:13:08.448Z,Lainnya,Positif,Positif,0.9752,bagus dan ramah
8c95727d-25af-439b-833d-07e0ff4a21ba,Adi Sutiono,1,2026-09-07T12:12:10.340Z,Autentikasi & Akun; Antrean & Faskes; Kinerja & Server,Negatif,Negatif,0.7376,"kalo bisa bintang nol tak kasih nol. dah lah lelet, susah login. orang mau berobat bukannya dipermudah malah dipersulit"
41e4eeb7-b591-4377-80b6-d578ba7b6bee,riska febrianti Riska,4,2026-09-07T12:07:22.773Z,Lainnya,Positif,Positif,0.8899,alhamdulillah sudah bisa download
d07862af-a25e-42a2-a7e8-169c70585ebd,Ade Suryadi,5,2026-09-07T11:43:45.925Z,Lainnya,Positif,Positif,0.9897,membantu
18fcdaa6-32f1-47ee-a27e-1f7cef932fcb,IZ*ONE Minchu,1,2026-09-07T11:40:41.294Z,Autentikasi & Akun,Negatif,Negatif,0.9798,kenapa verifikasi lewat SMS ga dikirim kirim kodenya? pdhl nomor sudah benar
056c79cc-2d86-4f0f-8c1b-915248ff2385,Misbakhul Mu'in,1,2026-09-07T11:17:41.635Z,Autentikasi & Akun; Kinerja & Server,Negatif,Negatif,0.6598,saat proses daftar pada tahap verifikasi wajah. sistem seperti tidak bekerja dimana saya sudah menyesuaikan wajah dalam kotak bingkai sesuai arahan tetapi tidak ada respon dari sistem. tolong diperbaiki atau bisa beri penjelasan kenapa hal ini terjadi. terimakasih update penilaian tergantung nanti
9eeb4509-abe6-44c3-89b4-d12a9d9f8be0,Ainun Nazwa,1,2026-09-07T11:16:14.638Z,Autentikasi & Akun; Antrean & Faskes; Kinerja & Server; Iuran & Layanan,Negatif,Negatif,0.986,"udah muak bangt sama aplikasi ini pas daftar susah email nya gk akses2 no hp sama udah ganti no tetep gk bisa, kemarin masih baik2 saja pas mau ambil no pas buka aplikasi udah logout sendiri pas masuk lagi gk bisa nik salah mulu pasword capcat padahal saya udah teliti bangt buat ngisi nya tetep aja salah, coba lupa akun tetep gk muncul otp nya gimana ini petugaa bpjs, dri pihak rs suruh pake aplikasi ini tpi ko aplikasi sering eror kaya gini, TOLONG PERBAIKI SECEPATNYA KARNA YANG PAKE BANYAK"
f2e78468-9cb7-457f-ba47-52f9cb45da6f,FATHURRAHMAN DZAKWAN HAZ,3,2026-09-07T11:11:25.754Z,Autentikasi & Akun; Antrean & Faskes; Kinerja & Server,Negatif,Negatif,0.8978,bagus tapi sistem antrian nya sepertinya kurang maksimal masa nomor besar lebih di dahuli dari pada nomor kecil dan nyampe duluan di ruang tunggu tapi lupa konfirmasi ke ADM atau sejenisnya jadi gak di duluin nomor kecil kalo semiasal harus di konfirmasi sama aja gak pake apk kayak daftar tulis nama kayak dulu terus antrin di apk update nya gak sesuai di lapangan
087aefaa-e940-4225-ba10-fbc80967eeba,ENCEP SUHENDAR,5,2026-09-07T10:49:52.642Z,Lainnya,Positif,Positif,0.9842,sangat membantu dengan aplikasi jkn. gampang dan mudah.
1d0fb9a9-64c0-49c0-8b75-ca7beeea89c5,Tsaaa,1,2026-09-07T10:20:35.193Z,Kinerja & Server,Negatif,Negatif,0.9223,aplikasi sampah kebanyakn bug
ff5b9c1c-56e0-4f9d-b788-94e62d75cb5d,Kadi,5,2026-09-07T10:19:05.294Z,Autentikasi & Akun,Positif,Negatif,0.5783,untuk sementara ini masih bagus meskipun suka logout sendiri dan ribet harus login lagi
297f0a5f-9745-4373-94a3-78eeee556511,Asep Rohman,5,2026-09-07T10:12:09.442Z,Lainnya,Positif,Positif,0.9897,sangat membantu
0f30547f-27a2-474f-887a-ff296392b648,Marjono Jono,1,2026-09-07T10:08:29.759Z,Autentikasi & Akun,Negatif,Negatif,0.9186,"tidak bisa login, stuck di verivikasi akun, dan tidak bisa mendeteksi muka, nomor yang tertera untuk dihubungi tidak bisa di kontak sama sekali"
cbb640a7-8b1c-453f-963b-8095f9be3fa6,Bang Muns,5,2026-09-07T10:08:22.150Z,Lainnya,Positif,Positif,0.7521,transaksi lancar
da90cf1b-6338-4bf3-80c3-6c0f8c7e528d,Muriyamah,5,2026-09-07T09:59:16.788Z,Lainnya,Positif,Positif,0.9775,bagus
7c36ecb6-a8db-4b8c-9a2a-e9b0141f6e78,Tukang Hotspott,5,2026-09-07T09:49:02.805Z,Autentikasi & Akun,Positif,Negatif,0.9892,tidak bisa memasukan kode verifikasi untuk pendaftar! nomor udah aktif dicoba sms sama nomor lain masuk tapi kalau dibuat verifikasi tidak masuk pesan! .. Dev perbaiki lah itu kenapa soal kode verifikasi ke nomor tapi tidak masuk
250783cc-730b-4a7f-aecf-231552be62d5,yesoa robby,5,2026-09-07T09:47:23.213Z,Lainnya,Positif,Positif,0.9944,bagus n bermanfaat
eddd9db9-aed2-46e3-9546-cfcce96e155d,Alfin Alfran,1,2026-09-07T09:47:14.765Z,Lainnya,Negatif,Negatif,0.9882,aplikasi sangat buruk
8a24cb4a-902b-429d-9523-05a755b79f3f,Wahyudi ajja,5,2026-09-07T09:42:04.105Z,Lainnya,Positif,Positif,0.9775,aplikasi bagus
e904bb3e-62c2-4b3f-89e9-59f32206cc60,Nasiah 1909,1,2026-09-07T09:41:46.208Z,Autentikasi & Akun; Iuran & Layanan,Negatif,Negatif,0.8877,sbnrnya bagus cuma kalo mau rubah sandi agar ribet email gbsa no HP juga gbsa ini gmna si
0d9e74f3-f468-444c-8917-f139943e5a3b,ahmad mutholiin,1,2026-09-07T09:34:09.550Z,Autentikasi & Akun; Kinerja & Server,Negatif,Negatif,0.9452,"hadewwwww ini bener"" lemot aplikasinya bikin pusing,, tiba tiba keluar sendiri masuk lagi gak bisa padahal password nya benar"
689c0503-6b61-4683-8bbf-9f9b2fe68901,Koesjadi Saputra,5,2026-09-07T09:26:00.675Z,Lainnya,Positif,Positif,0.9457,mudah digunakan dan simple
35f6a213-ce99-4a57-b2e8-6e81981ed80e,Langit Saga AM,1,2026-09-07T09:26:00.158Z,Iuran & Layanan,Negatif,Negatif,0.9072,jelek amat aplikasinya setelah buka buat cek jkn malah ga bisa buat msuk..satu keluarga belum tentu punya hp semua..1 hp buat cek ga bisa
1ec5b816-be0c-41ab-917e-fd3d95a8aa83,nelson leo,5,2026-09-07T08:57:05.670Z,Lainnya,Positif,Positif,0.9897,sangat membantu
16129f3a-d22d-4c2a-a65f-700ef56566ac,Riki Riyandi,5,2026-09-07T08:53:39.620Z,Lainnya,Positif,Positif,0.9488,bagus bisa di andalkan
ec6f516d-0d1d-4fd1-a9d5-5930bf91560f,Jola Peni,1,2026-09-07T08:51:39.106Z,Autentikasi & Akun,Negatif,Negatif,0.976,susah amat verifikasinya pake nomor yang dimasukin udh bener malah pas di apk yg muncul nomor yang berbeda...beberapa kali lo kenanya...capekkk bet dah nih apk☠️
aa59a9d7-f439-447a-aa43-591faf71553a,Salsa billa11,4,2026-09-07T08:38:00.964Z,Autentikasi & Akun,Positif,Negatif,0.9335,"mau daftar udah dari berapa hari yang lalu gabisa bisa, kode otp nya ga ke kirim"", udah ganti nomor lain juga sama aja, ribet"
9eb6b8d8-d7b9-4d65-9329-8b1fe4d861a5,Miftah Ul,4,2026-09-07T08:22:18.654Z,Antrean & Faskes; Kinerja & Server,Positif,Negatif,0.8995,"error gagal ambil nomor antrian jam 10 siang, pas dicek jam 3 sore baru muncul, tolong segera diperbaiki"
2a676571-bdfe-44e7-a7f3-d4825e02d120,Muhammad Yuseno,5,2026-09-07T08:18:31.468Z,Lainnya,Positif,Positif,0.9889,ok
0f01f516-6beb-4b82-9641-edd012c57447,dien pramesti hapsari,4,2026-09-07T08:04:11.670Z,Antrean & Faskes; Kinerja & Server; Iuran & Layanan,Positif,Negatif,0.5157,"sudah bagus tp hr ini tgl 7 sept 26 buka aplikasi utk liat update antrian beberapa kali error, kmudian blm ada pemeriksaan dokter tp terupdate sdh slesai pemeriksaan dokter. Perlu ditingkatkan & sosialisasi ke faskes2 perubahan status hy apabila telah benar2 selesai."
e84c3724-0575-4e74-a699-88791688cba4,Ridho Pirmansah,5,2026-09-07T08:03:31.980Z,Lainnya,Positif,Positif,0.9216,so far so good
4b8cee10-a950-4a83-8499-897d4725a1d0,Mutiara Hati,3,2026-09-07T07:56:03.290Z,Autentikasi & Akun,Negatif,Negatif,0.9824,"Ya Allah susah banget mau daftar, kode OTP dicoba berkali² gak dikirim²"
30aad4cc-ad88-4e74-be55-bf7702cd7be7,inidoc larissa,5,2026-09-07T07:39:16.295Z,Lainnya,Positif,Positif,0.9443,"memudahkan, thanku🫰"
09f62966-258b-4d32-b421-6b9891ccd49d,Anas Murtadho,5,2026-09-07T07:33:51.355Z,Lainnya,Positif,Positif,0.9785,aplikasi kesehatan sangat membantu.
afc5f093-cd3f-4ddc-8395-9498ed9e6c81,Dharmawan,5,2026-09-07T07:21:34.840Z,Lainnya,Positif,Positif,0.9775,Aplikasinya Mantap
d17b486a-444d-4212-96c2-84f984fe9be4,Eka Shanty Apriliani,5,2026-09-07T07:12:41.821Z,Lainnya,Positif,Positif,0.9284,kemaren sempet komen kritik skrg pengen sampein makasih dan semoga aplikasi ini terus memudahkan akses saya
453153cb-d2f4-4e9e-addc-4e809a92aafa,Rizqi Mubarok,5,2026-09-07T07:02:14.464Z,Autentikasi & Akun,Negatif,Negatif,0.9775,tiba2 ke logout sendiri login pake sandi/sidik jari tetap gabisa login padahal nik juga udah bener gatau apa masalahnya
707990ac-d8de-4a3d-a84a-df54db99f8a7,Mhd Apriansyah,1,2026-09-07T07:01:38.887Z,Autentikasi & Akun,Negatif,Negatif,0.9877,"apk tolol,mau daftar aja susah banget verifikasi ,klo gak niat bikin apk mending gak usah"
bf48d54a-267d-4679-9988-f8f4189e5fc2,Asri Maharani,1,2026-09-07T06:59:27.190Z,Autentikasi & Akun,Negatif,Negatif,0.9793,"Mau registrasi aja gagal mulu, Payah."
17bed1a6-f152-4aca-a820-cad0bddc4922,Mulyadi Yadi,5,2026-09-07T06:52:33.132Z,Lainnya,Positif,Positif,0.9775,jos
157e4986-1e1e-4c92-90bc-e7cb7fc58b3a,Muhammad Hajib,1,2026-09-07T06:49:05.375Z,Lainnya,Negatif,Negatif,0.8426,ruwettt
42479ff2-6a63-42f2-aaac-9d66448e6c4a,Yun Yun,3,2026-09-07T06:42:24.933Z,Autentikasi & Akun,Positif,Negatif,0.6466,"tolong untuk batas login diberi tambahan, karena tidak semua warga desa bisa login sehingga 1 hp digunakan untuk membantu login lebih dari 1 NIK"
5db2ae15-dbca-455c-b6fd-a1ac1582b5f6,Sity Masitoch,1,2026-09-07T06:35:35.116Z,Lainnya,Negatif,Negatif,0.7912,"Masa iyaa, aplikasi level kek gini aja udah gak support instalasi, apalagi ini keluaran dari BUMN loh yaa!!! Device saya Redmi 5, seharusnya masih mumpuni untuk aplikasi kecil begini. Dievaluasi yaa kompatibilitas buat HP keluaran lama!! Ini kan tujuannya kesehatan sosial agar dapat diakses semua warga."
d9be02e8-68c4-40cb-8c65-87f8ab6d58f1,Drh Mailizar,5,2026-09-07T06:32:12.517Z,Lainnya,Positif,Positif,0.9564,sangat baik
0d1ae17a-7bea-4ddd-9a46-54aa1521249f,Nita Com,1,2026-09-07T06:29:58.461Z,Lainnya,Negatif,Positif,0.8292,Aplikasi yg sangat baik saya beri binatang 1
14856dd9-aafb-4ade-94cf-d534b9ca75ec,Ayakk Ls,1,2026-09-07T06:29:21.650Z,Autentikasi & Akun; Antrean & Faskes,Negatif,Negatif,0.9448,"mau registrasi di persulit. pake nomor A pulsa ngga cukup, padahal barusan di isi pulsa. pake nomor B katanya permintaan belum dapat di proses. tll bgt aplikasinya. mana verifikasi wajah susah banget, kamera nya Masha Allah ngga bisa tegak normal kaya aplikasi lain"
42fbe782-73c9-4362-b792-caad33a30152,Daffa Aqilla,1,2026-09-07T06:13:28.396Z,Autentikasi & Akun; Kinerja & Server,Negatif,Negatif,0.9828,"aplikasi lucu kirim otp cuma bisa lewat via SMS,minimal bisa lewat wa juga lah,otp nya eror ga pernah dapet SMS,pas mau ganti nomor biar dapet otp baru malah nunggu 300detik apa2n ngerjain orang"
7676a5ef-6f95-40c8-bc71-c91c1d8ad21b,Iwan Cute,5,2026-09-07T05:47:56.615Z,Lainnya,Positif,Positif,0.9564,baik
0112eefa-8453-4f98-82b4-a5d1f61a31a5,syaf junaidi,5,2026-09-07T05:47:11.969Z,Lainnya,Positif,Positif,0.9775,mantap
fef0b0ac-2fd9-4e0f-8bf9-b6b200197484,riski maolana,5,2026-09-07T05:38:42.925Z,Lainnya,Positif,Positif,0.9775,👍
7a4afda1-3309-4008-a3dc-190934e9bd50,mf r,1,2026-09-07T05:34:10.481Z,Autentikasi & Akun; Kinerja & Server,Negatif,Negatif,0.9363,"mau daftar aja sulitnya setengah mati, pada waktu verif no telp, signal bagus katanya gada koneksi. aplikasi remek..."
79684b1c-f732-433c-af5d-f663dcf79f3f,Suroto Wildan,5,2026-09-07T05:30:53.111Z,Lainnya,Positif,Positif,0.9897,sangat membantu sekali
0950d37c-803b-485f-b05b-a48809975999,Pengguna Google,5,2026-09-07T05:30:49.598Z,Lainnya,Positif,Positif,0.9775,Mantapp
0631bf91-2e85-440d-8e7d-83b47660aca8,Yoyon Rere,1,2026-09-07T05:28:35.400Z,Autentikasi & Akun; Antrean & Faskes,Negatif,Negatif,0.9362,mau daftar verivikasi muka slalu gagal padahal sudah mengikuti petunjuk ruangan sudah terang .lalu sering terjadi gangguan teknis.. Tolong di permudah donk.orang mau daftar kesehatan jangan di persulit
1f73c814-ebba-49cd-9770-2b7a5a5386be,moch nurfuad,1,2026-09-07T05:24:16.431Z,Lainnya,Negatif,Positif,0.9775,Josss
d2a1fbd2-8d69-40d8-bd6a-214066a3c0b8,Ike Yuani,4,2026-09-07T05:16:39.456Z,Lainnya,Positif,Positif,0.9302,mudah aplikasi nya
754bcbc9-ee56-4ab1-83f0-e43353d447ba,Ainun Nurholipah,2,2026-09-07T04:57:07.632Z,Autentikasi & Akun; Iuran & Layanan,Negatif,Negatif,0.9843,"tolong perbaikilah saya mau ambil no ini jdi kaya gini, tiba lougt sendiri, pas daftar, no susah masuk nya lgi susah nik udah no paswod bener tpi ttep ggk bisa bikin emosi taau, tolong perbaiki lh, saya juga bayar ini , TOLONH PERBAGIKI YA PAK KARNA SEMUA RATA RATA PAKE APLIKASI INI"
39f0541e-20f3-46cc-ad15-c3e13bb11ee0,Muhammad Ilham Syahputra,5,2026-09-07T04:49:11.113Z,Lainnya,Positif,Positif,0.9775,👍🏻👍🏻👍🏻👍🏻👍🏻👍🏻
61622f56-66f5-48eb-ae45-6b85d8f0e515,saepul mikdar,3,2026-09-07T04:45:20.425Z,Autentikasi & Akun,Negatif,Negatif,0.9684,"masih cacat, sinyal susah padahal wifi/data sampe 80mb/s , login susah hadeuh"
94a60d50-51cd-47f2-b922-3820ce8c2eee,ali affandi,1,2026-09-07T04:42:25.892Z,Lainnya,Negatif,Negatif,0.9882,jelek
811ed291-c550-4460-b1e9-f1163687bce2,Myqurus Jeleq,5,2026-09-07T04:38:38.967Z,Lainnya,Positif,Positif,0.9872,mantap dan cepat
ab3adda4-fd6b-4aed-a5c0-41a431faab5e,Supri Ani,1,2026-09-07T04:35:06.933Z,Antrean & Faskes; Iuran & Layanan,Negatif,Negatif,0.9658,bpjs sering kali keluar device onlin apalah orang berobat payah
db3484ca-3724-47a1-bc56-1b309e27c36d,Bunga Syahwanabila,3,2026-09-07T04:31:00.884Z,Autentikasi & Akun,Positif,Negatif,0.9182,verifikasi foto kamera nya jelek miring miring
2fbc03ec-3fc2-4472-8b54-f406d822e8a1,Dicky Perdana,5,2026-09-07T04:30:46.373Z,Lainnya,Positif,Positif,0.5334,Supeerr
df43cd13-92a2-4fcc-9f77-586a24ada44d,Boby Putra,5,2026-09-07T04:26:00.120Z,Antrean & Faskes,Positif,Positif,0.9526,banyak membatu berobat jadi mudah
7cacbdd7-d9ab-4f8c-80e4-948ea47aacb2,Diky Wijayanto,1,2026-09-07T04:24:27.260Z,Lainnya,Negatif,Negatif,0.7171,baru download gk bisa di buka
c2f977d9-ba2e-4aff-b2f9-3b2ae8773a79,M. Ardiansyah,1,2026-09-07T04:21:36.347Z,Iuran & Layanan,Negatif,Negatif,0.8336,aplikasi sampah. mau ngubah data bayi baru lahir katanya bisa. dicoba tidak bisa. kerja apa sih kalian
a965811f-1531-4413-bc70-ce2643a5a923,Heri Yanto,5,2026-09-07T04:15:43.595Z,Lainnya,Positif,Positif,0.9686,sangan membantu untuk yang memerlukan
8a42134d-960b-4e55-9102-889b3a833573,DIMAS RAGIL PRIAMBODHO,1,2026-09-07T04:15:02.917Z,Lainnya,Negatif,Negatif,0.8972,app sampah
10592844-e12c-44c6-be4a-9c3def95a04e,Dedi Indonesia,1,2026-09-07T04:11:39.670Z,Lainnya,Negatif,Negatif,0.9896,apk jelek
f22b5f91-4977-4f84-92b2-1ed25648be24,Ardian Syah29,1,2026-09-07T04:09:38.170Z,Autentikasi & Akun; Antrean & Faskes; Kinerja & Server,Negatif,Negatif,0.9367,aplikasinya slalu eror susah masuk kedalam antrian
e230b673-5570-4b79-b6fb-190ad79cf135,Teguh Tri Kusuma Putra,1,2026-09-07T04:08:55.590Z,Autentikasi & Akun; Antrean & Faskes; Kinerja & Server,Negatif,Negatif,0.9528,"Disuruh daftar antrian pakai aplikasi ini, eh aplikasinya sering error."
c1ac92e1-5c1f-4e70-8951-d15658125fba,Muhammad jhalu Phawitra,1,2026-09-07T04:08:25.489Z,Lainnya,Negatif,Negatif,0.8038,aplikasi cacat
4d1ae2e8-269e-463b-82a3-878009d5018b,Yos Suryana,4,2026-09-07T04:08:22.749Z,Kinerja & Server,Positif,Negatif,0.8495,masih sering error
de9e2aba-8015-48bc-af62-9e03069d343e,puji wahyu,1,2026-09-07T04:07:48.955Z,Autentikasi & Akun,Negatif,Negatif,0.9962,"aplikasi jelek, optimalisasi kurang, tiba² logout sendiri sudah gitu mau login selalu gagal beberapa kali"
bd364d94-4826-4272-a774-b38e194764a9,Erma Mahendra,1,2026-09-07T04:00:17.979Z,Kinerja & Server,Negatif,Negatif,0.8495,sering error
218bfd11-a363-4df6-bbbb-5506c8b0e353,Nur Ma,1,2026-09-07T04:00:04.620Z,Kinerja & Server,Negatif,Negatif,0.9806,"aplikasi jelek, loading lama, bug terus"
d2601a08-89af-405f-94f1-b8164e51bdee,4nt 88,2,2026-09-07T03:55:23.823Z,Kinerja & Server,Negatif,Negatif,0.8983,apk masih sering eror
08583aab-9e5b-4e4e-b593-db9d9f458614,Suerah Farhan,5,2026-09-07T03:55:09.700Z,Lainnya,Positif,Positif,0.9775,bagus
241f8890-8da3-49df-b2fb-3df9314ffdd6,Rio Sudrajat,1,2026-09-07T03:46:17.846Z,Autentikasi & Akun,Negatif,Negatif,0.922,tolong di perbaiki. gak bisa login
5cc50b88-01e4-4c73-84f4-599b58df0291,Tri Jul,1,2026-09-07T03:45:26.727Z,Autentikasi & Akun,Negatif,Negatif,0.8921,nomer tidak bisa di masukan
632aa256-ccb8-457d-a4a3-a5ea63b89fe6,Saliman Saliman,1,2026-09-07T03:43:52.227Z,Lainnya,Negatif,Negatif,0.9896,apk jelek
4d89e6c2-8859-47d7-a104-5aa81a8b8bbb,andy afrian,1,2026-09-07T03:39:39.638Z,Autentikasi & Akun,Negatif,Negatif,0.9631,mau daftar online susah kali sikit2 pembaharuan aneh kali kutengok
6373d387-0837-4c37-9a79-f64d49067be2,Ari Anto Good,1,2026-09-07T03:38:52.387Z,Autentikasi & Akun; Antrean & Faskes,Negatif,Negatif,0.9761,"apk busuk, malah mempersulit orang sakit selalu gagal mengambil pendaftaran sekali nya ke rs, di tolak langsung di suruh pulang ambil antrian online bagai mana klo yang tinggal jauh.."
383d8470-1f96-45a7-94d3-abebaf41ec5a,Jun Aidi,2,2026-09-07T03:33:22.587Z,Iuran & Layanan,Negatif,Negatif,0.8181,cek BPJS tunggakan pembayaran berapa bulan saya sekarang
82cb641b-8238-4226-8833-1b0e520f89fd,Darma Wati,5,2026-09-07T03:32:37.134Z,Lainnya,Positif,Positif,0.9643,jkn mobil bagus
12200993-aa35-4f8c-b318-69ac3a0ce384,KOSIM GINANJAR KASIPEMERINTAHAN,4,2026-09-07T03:31:03.483Z,Lainnya,Positif,Positif,0.9889,ok
80136f01-0258-4db6-96bd-cda605bcea6a,Antonius Harijanto,1,2026-09-07T03:22:42.623Z,Kinerja & Server; Iuran & Layanan,Negatif,Negatif,0.8909,"Emang pada *BUDEG* anggota team IT nya. Begitu banyak keluhan dan kesulitan dari calon pasien dan pekerja medis untuk mengakses layanan lewat aplikasi ini, tapi kalian tidak respon atau perbaiki sistem nya. Aplikasi tidak bisa dibuka sama sekali. dan selalu eror. Tidak valid , saya berkali kali buka , tapi layar cuma hitam aja. Mungkin butuh update ? Ternyata di up date pun tetap layar hitam. Kalian ( bpjs ) kerja semau udel mu, tapi kami harus disiplin bayar dan disiplin ikuti prosedur"
5410aa06-0a61-4c57-8e27-a29bb864fbdf,Nasrudin,1,2026-09-07T03:18:15.950Z,Kinerja & Server,Negatif,Negatif,0.7174,"aplikasi lambatt, kalo emng udah harus apa apa pake aplikasi jkn upgrade lahh aplikasi nya, aplikasi berak"
5cc03a6a-5017-4062-adc6-563d98ec8a96,MohFahim Craft,1,2026-09-07T03:16:42.755Z,Lainnya,Negatif,Positif,0.5334,aplikasi anjg
08d3b938-c00c-466a-8783-c5452cca0f80,Rugi Dikit,3,2026-09-07T03:16:06.632Z,Autentikasi & Akun,Negatif,Negatif,0.9946,"Daftar sulitnya minta ampun, giliran sudah bisa ga bisa masuk, alasannya NIK salah, captcha salah terus berulang, pdhl yg dimasukkin sdh benar"
e0a717c6-2119-476c-8fff-62362344c942,Rafha Ii,1,2026-09-07T03:05:37.609Z,Autentikasi & Akun; Antrean & Faskes,Negatif,Negatif,0.8371,aplikasi dari pemerintah tapi ga jelas mau daftar susah keluar2 melulu. . kapan indonesia mau maju masyarakat aja di persulit
93343234-cb81-4bb6-9749-3e9124e5e43e,Arinn,1,2026-09-07T03:05:17.867Z,Lainnya,Negatif,Negatif,0.9622,aplikasi bosok
f40d3423-b8a4-4f55-984d-9c8cecadeab7,Aqil Candra Mukti,1,2026-09-07T03:03:51.793Z,Lainnya,Negatif,Negatif,0.8579,"CAPTCHA LU BENERIN EGE, GAJE AMAT SALAH MULU"
b9ee042c-385c-4117-ab4a-a8650ddaa605,Faula Lumajang,5,2026-09-07T03:01:33.535Z,Lainnya,Positif,Positif,0.9775,keren
58791366-b8f2-489c-aee6-356488b9ce8a,Aris Zaenn,1,2026-09-07T02:59:44.139Z,Autentikasi & Akun,Negatif,Negatif,0.9558,sering keluar dari akun sendiri registrasi juga sulit
69066141-03f3-4d83-b1ea-a479f87999b3,Erry Budi Hartanto,3,2026-09-07T02:59:00.684Z,Antrean & Faskes,Negatif,Negatif,0.9071,kenapa setiap ada pembaruan ulang hrs menggunakan log ulang...udh gtu susah lgi
325d1e20-5811-42ce-8cf7-019669a548e5,Aldianka Tsaqif H.,1,2026-09-07T02:56:39.220Z,Autentikasi & Akun,Negatif,Negatif,0.8789,gabisa daftar
18c9dbcf-f7b1-4af3-9697-1e39a31f4295,David Maulana,1,2026-09-07T02:52:49.864Z,Autentikasi & Akun; Kinerja & Server,Negatif,Negatif,0.9147,dana besar tpi aplikasi sering eror captca nya gakbisa dibaca masukin sesuai masih slah kata sandi kombinasinya sulit aplikasi elit tpi datanya bisa bocor
91949084-032c-4b6a-80b0-d7fee0a5be1c,Ahmad Hamdani,2,2026-09-07T02:52:05.191Z,Autentikasi & Akun; Kinerja & Server,Negatif,Negatif,0.9851,"aplikasinya jelek, buat daftar aja susahnya minta ampun, ga responsif, lemot juga"
6c512fa5-57ce-497d-8a66-783e0b350787,bayu prasetyo,1,2026-09-07T02:51:29.643Z,Autentikasi & Akun,Negatif,Negatif,0.9039,Aplikasi tiba-tiba logout dan ketika masuk capta salah terus padahal sudah sesuai
25d53a56-06b7-45c5-97be-1c768aeaac05,Muhammad Fitra,5,2026-09-07T02:48:37.847Z,Autentikasi & Akun,Positif,Negatif,0.6763,"TOLONG BUAT DEVELOPER NYA DIPERBAIKI BUAT MEKANISME LOGIN DAN LOG OUT NYA. KENAPA KALAU PEMELIHARAAN HARUS KELUAR? DI APLIKASI LAIN TIDAK BEGITU, REPOT SEKALI KALAU HARUS LOGIN UKANG TERUS MENERUS. SAYA SENGAJA BINTANG 5 AGAR ADA DI ATAS DAN TOLONG DI PERBAIKI LAGI JANGAN CUMA TERIMA BERES SAJA!!"
9da10ad1-e7ed-49ba-af52-274d5e7d7dd0,Sinta Masitoh,1,2026-09-07T02:47:20.140Z,Autentikasi & Akun; Antrean & Faskes,Negatif,Negatif,0.83,"boshok, suka logout2 sendiri.. gak efektif untuk org tua yg mau ambil antrean pake login dulu kadang gabisa, terpaksa daftar dari awal lagi.. pdhl niatnya pake apk biar cepet ambil no antrean. sama aja boong"
45dbd194-21eb-4653-977b-ee3ce855f5e4,Yuslam Bakhomisah,1,2026-09-07T02:44:53.846Z,Autentikasi & Akun,Negatif,Negatif,0.9865,"aplikasinya tambah jelek, loginnya susah"
8b99260e-da25-4daa-84d8-bd8a8b5c4429,Bloom flow,1,2026-09-07T02:43:37.675Z,Autentikasi & Akun; Kinerja & Server,Negatif,Negatif,0.6126,"sering tiba-tiba ke logout sendiri, jaringan lancar dan bagus tapi masih sulit untuk mengakses aplikasinya."
277e769f-c07d-42cc-b084-b264a9ff9709,endangkurniawati niaa,1,2026-09-07T02:43:28.482Z,Kinerja & Server,Negatif,Negatif,0.9618,"aplikasi sampah, error terus jadi kesusahan proses kontrol"
b2a35b1b-7140-4f6c-b5aa-8ec8398ebf67,A setiawan,1,2026-09-07T02:42:23.152Z,Autentikasi & Akun,Negatif,Negatif,0.8532,aplikasi gak jelass gak bisa login kontolllll
940d80c9-1dbb-4f64-a699-c3a407fa2c46,Sandria Alex,1,2026-09-07T02:41:04.268Z,Antrean & Faskes,Negatif,Negatif,0.7014,aplikasi apaan ini yang ada hanya mempersulit masyarakat
8147a3f0-792e-4b7e-92a8-0a9d37eba103,Nurul Fazira,1,2026-09-07T02:40:59.918Z,Antrean & Faskes; Kinerja & Server,Negatif,Negatif,0.6436,"sering log out sendiri padahal jaringan baik² aja, lgi ngantri tiba² log out nguji kesabaran sekali, niat nya mempermudah tpi malah jadi sulit"
5394fa74-7abd-4a58-805c-ff5da9d29ae6,alfandy lompande,1,2026-09-07T02:40:01.610Z,Kinerja & Server; Iuran & Layanan,Negatif,Negatif,0.8588,"tolong aplikasinya diperbaiki lagi bukan cuma tagihan yang di tagih - tagih, banyak sekali bug di aplikasinya."
ab425c7a-ee71-46f5-9a73-3b73f8166211,Dio Reka,1,2026-09-07T02:39:44.305Z,Autentikasi & Akun; Antrean & Faskes,Negatif,Negatif,0.9862,Tiba2 logout sendiri trs gak bisa login.. aplikasi lu sampah
7a2424e7-f87a-4f04-b38c-d16f657a4bae,Pharick Mojosari,2,2026-09-07T02:38:36.609Z,Kinerja & Server,Negatif,Negatif,0.8495,jadi sering error gini
dee8a49e-7da2-42c8-baa9-a8dddfeca6d4,Rizky Ridwanudin,1,2026-09-07T02:34:13.200Z,Autentikasi & Akun; Kinerja & Server,Negatif,Negatif,0.9562,"suka error tiba tiba keluar dan susah masuk, asu"
82da121f-d56d-4a08-8cb3-a69f15e0e269,Ajay Kopaja,1,2026-09-07T02:34:07.818Z,Autentikasi & Akun; Kinerja & Server,Negatif,Negatif,0.9892,"APLIKASI GA JELAS BANGET !!! MASA KELUAR APLIKASI,MAU MASUK GA BISA2 MASUK,,, MALAH SURUH DAFTAR ULANG KARNA GA TERDAFTAR,,, PAS DAFTAR,MALAH GA BISA2,,, SUMPAH APLIKASI ANEH,,, SARAN,HARUS ORANG PINTER YANG KOLOLA ORANG AITIE APLIKASI YA ... INDO2"
deed84ed-43d5-4659-ba7e-bfb23de2e1df,Meme Comik,1,2026-09-07T02:33:53.125Z,Autentikasi & Akun; Kinerja & Server,Negatif,Negatif,0.9343,"ini gimana logout sendiri, terus loading kenapa sih ini aplikasi, ribet"
33ca5e2c-e385-4e17-9c71-dd2f175ff3d7,Hanif 234,1,2026-09-07T02:32:42.367Z,Autentikasi & Akun; Antrean & Faskes; Kinerja & Server,Negatif,Negatif,0.9726,"makin parah aja ini, selalu keluar sendiri dan loging ulang. aplikasi lemot susah untuk daftar berobat"
b314a8ae-02cd-428a-9f5f-ebca5a7854c6,Teguh ce2p,1,2026-09-07T02:32:35.904Z,Autentikasi & Akun; Antrean & Faskes,Negatif,Negatif,0.9647,"apk Taik masa captcha salah mulu ajg,, perbaikilagi kalau nggk gausah kasih captcha lagi,, masukin bener masa salah mulu , bikinemosi aja mau login doang dipersulit"
8761e886-2111-4de2-8916-c54ad14c2902,Siti Zulaikha,1,2026-09-07T02:31:55.938Z,Kinerja & Server,Negatif,Negatif,0.7976,lelet banget aplikasi nya
7fd1e464-5215-4124-8f12-36f73473864e,Jarr ID,1,2026-09-07T02:31:12.708Z,Antrean & Faskes; Kinerja & Server,Negatif,Negatif,0.9408,"Tim IT JKN gimana ini tolong saya sudah sampak rumah sakit, Di suruh cek antrian malah error APK udh gtu mana gak bisa di ss"
07977122-3fca-4154-9bbb-24bc67e09e92,Nina Slamet,1,2026-09-07T02:30:48.768Z,Autentikasi & Akun,Negatif,Negatif,0.9773,ga bisa login dasar apk ga guna nik sama pass nya udh bener ttp ajja mlh mohon maaf login lagi taik
0afafd71-1b8b-4911-b5b4-e31eedc4f179,kentein constantain,1,2026-09-07T02:27:27.290Z,Autentikasi & Akun,Negatif,Negatif,0.8242,"SESI PENDEK GA JELAS HARUS LOGIN TERUS, LALU APLIKASINYA KEBANYAKAN NGELOAD TERUS"
f5bfe490-3d64-4b85-bda8-37445e9d174d,Rey Guntur,1,2026-09-07T02:26:38.190Z,Autentikasi & Akun; Antrean & Faskes; Kinerja & Server,Negatif,Negatif,0.96,"tolong diperbaiki aplikasinya saya mau kontrol dan ambil nomor antrean, malah force close. dan ketika login kembali, entah sistem kalian yang error atau memang disengaja, captcha nya belasan kali salah. Mohon jangan mempersulit, kami mengkritik untuk membenahi sistem kalian dan kami berhak memakai apk tersebut."
3721da1a-fa94-4307-934e-7963d985d473,Noel Jr,1,2026-09-07T02:26:24.452Z,Autentikasi & Akun; Kinerja & Server,Negatif,Negatif,0.9904,"lambat, setiap kali dibutuhkan selalu logout, server nya buruk, banyak bug, selalu captca salah"
ec24b5e7-4abb-4739-85b6-438d278389a5,Sukma,4,2026-09-07T02:21:22.252Z,Autentikasi & Akun,Positif,Negatif,0.7435,"aplikasi bagus, tp sering minta daftar ulang, capchanya sering bermasalah angka sdh sesuai tp msh bilang salah"
050f4938-c54d-42a8-aded-d0ed68a10ebe,SAMSUL KRISDIARSAH,4,2026-09-07T02:20:58.432Z,Kinerja & Server,Positif,Negatif,0.6958,agar lemot dan susah log in untuk kecepatan
dd694c2d-b895-4738-9146-6f1bf11ca450,Mahmud Al Basir,1,2026-09-07T02:20:33.391Z,Autentikasi & Akun,Negatif,Negatif,0.9593,mengapa sekarang login susah sekali ya ada apa sebenarnya mobile jkn
834e2616-b3aa-4e7d-bdcd-79fea2f9cdf4,Rifaldi Oc,1,2026-09-07T02:18:16.281Z,Iuran & Layanan,Negatif,Negatif,0.7845,aneh banget awal daftat bpjs padahal pbi dan ga pernah d pake tiba tiba suruh bayar tunggakan 580k ga jelas banget
c1fb3654-8d8d-4248-ab46-96b8e4716e98,Neni Nurendah,1,2026-09-07T02:16:29.520Z,Lainnya,Negatif,Negatif,0.7718,"Ya alloh kenapa sesuatu yang berhubungan dengan pemerintah harus bener"" menguji kesabaran,, aplikasi tolong lancar"
139403cc-76f4-402a-afea-fa24c8852e16,Ghafi,5,2026-09-07T02:15:53.578Z,Lainnya,Positif,Positif,0.9791,sangat memuaskan
686221df-df86-4f49-aa87-a238a6334195,Faisal Pratama,1,2026-09-07T02:15:26.181Z,Lainnya,Negatif,Negatif,0.9873,sistem buruk
66eeba72-323c-4108-abdb-7290936db9c3,Bagus Hermanto,1,2026-09-07T02:15:02.368Z,Antrean & Faskes,Negatif,Negatif,0.9533,"lama2 aplikasi gk guna suka log out sndri,tolong perbaiki,,, apa karena aplikasi buat org gk mampu jd di persulit,,,, masa mau log in ajh susah."
844ed296-9707-4f17-b3f5-2ea060bb100a,Ayif Rifai,1,2026-09-07T02:14:22.981Z,Lainnya,Negatif,Negatif,0.8049,gausah pake chapta chaptaan anjer bikin susah aja
5b85fbe1-9b2d-40fb-8f53-9de301279cf7,my_ uthu,1,2026-09-07T02:13:02.601Z,Autentikasi & Akun,Negatif,Negatif,0.9499,aplikasi gk jelas... susah login nya
add39850-d680-4160-bdf9-235c1e705d8d,mario erlangga,1,2026-09-07T02:12:47.950Z,Kinerja & Server,Negatif,Negatif,0.9451,giliran mau di pake susah kali kebnyakan update ni aplikasi
32480009-c30d-4b83-bbfa-75dcfc59359f,riyon lutfi,1,2026-09-07T02:12:30.823Z,Autentikasi & Akun; Kinerja & Server,Negatif,Negatif,0.949,"banyak bug, logout sendiri, nggak bisa login"
2d2213e4-4a2e-42a8-9d8c-36ce2f518333,Mery Meliyana,1,2026-09-07T02:12:20.681Z,Autentikasi & Akun; Antrean & Faskes; Kinerja & Server; Iuran & Layanan,Negatif,Positif,0.5991,dengan adanya aplikasi sebenarnya dapat mempermudah masyarakat untuk mendaftar atau mengajukan surat rujukan online tanpa antri menggunakan bpjs. tetapi mohon maaf ini aplikasi lama puol bikin kesabaran terkuras tolong segera di perbarui agar tdk loading terlalu lama apakagi disaat urgent . terimakasih 🙏🏻
8fe317c3-8c48-4717-8f6f-4ecd657876d2,Selviana Krisnanto,1,2026-09-07T02:10:59.400Z,Autentikasi & Akun; Antrean & Faskes; Kinerja & Server,Negatif,Negatif,0.9016,"mudah eror, sering logout sendiri, mau login susah banget, tolong di perbaiki aplikasi nya, udah antri panjang tau2 eror aplikasi nya"
74d98bbe-7c6e-4787-a374-57daa3124f1e,Akbar Saeful,1,2026-09-07T02:10:41.367Z,Autentikasi & Akun,Negatif,Negatif,0.9848,bikin sulit aja login gagal terusan verifikasi gagal terus login ulang kg bisa
15fd5689-71c2-4aef-bba3-010f0cf9ddfe,yulianto,2,2026-09-07T02:09:29.551Z,Autentikasi & Akun; Antrean & Faskes,Negatif,Negatif,0.9543,sangat mengecewakan untuk masuk aplikasi saja sangat sulit dan harus berkali-kali.setelah bisa masuk mau ambil antrian saja sampai 3x baru muncul tulisan semuanya
5ff88f4c-5767-46a4-89a8-2f3383ef2093,Jurist Titan Prayoga,1,2026-09-07T02:09:20.797Z,Autentikasi & Akun; Kinerja & Server,Negatif,Negatif,0.9401,aplikasi sering eror login juga sering gabisa
c053ada1-0603-44ee-bbbe-8097dcf75a30,Ononiha Tola,1,2026-09-07T02:08:14.631Z,Autentikasi & Akun,Negatif,Negatif,0.9936,"Aplikasi suka keluar, terus kita masukan udah benar capca ya katanya salah, Buruk betul ini aplikasi, kita pakai wfi masa ea aplikasi anda offline"
2d36170d-3917-48ec-afc4-bdb0aa3d9130,Hendra Setiawan29,3,2026-09-07T02:08:07.163Z,Autentikasi & Akun; Kinerja & Server,Positif,Negatif,0.9037,"tolong kadang² eror mau daftar gak bisa masalah jaringan padahal hp normal, paketan banyak tiba² ada masalah jaringan tolong di perbaiki lagi device nya"
db7d7342-cda0-40e9-a115-106df9c1580d,Kang Yadi,1,2026-09-07T02:07:40.950Z,Lainnya,Negatif,Negatif,0.893,"ruwet...ruwet....sangat cocok buat orang gabut,gak ada kerjaan,pengangguran,klo orang sibuk mah,bikin gedek"
30d3985a-8ff2-4bdb-9fed-c8890893e7ed,Bagas AL Kinantaka,1,2026-09-07T02:07:33.944Z,Autentikasi & Akun; Antrean & Faskes,Negatif,Negatif,0.9905,"pelayanan buruk saat mau masuk selalu gagal dengan alasan salah password begitu saja terus, padahal password yang di masukkan sudah benar dan kalau mau antri di klinik selalu di tanya keluhan apa pada saat di pendaftaran, padahal di jkn mobile sudah mengisi keluhannya apa seharusnya sudah tahu kenapa harus tanya lagi."
d8303d66-bb59-4035-b75a-a58ad9cc16b9,chrisna wardoyo,1,2026-09-07T02:06:17.863Z,Autentikasi & Akun; Kinerja & Server,Negatif,Negatif,0.9542,aplikasi jaringannya Eror sangat menguji kesabaran semua sudah dimasukkan dengan benar masih aja salah.
b3a4c823-89b0-452c-8e80-f53168c621f1,A01_ Talitha Aisy,1,2026-09-07T02:06:12.208Z,Autentikasi & Akun; Antrean & Faskes,Negatif,Negatif,0.9895,"tolong dong dibenerin app nya, masa tiba2 keluar sendiri terus. mana pas log ini nik, password, sm captcha nya salah mulu pdhl udh bener. mau nge cek nomor antrian jdi gk bisa huft"
7a702572-ddf1-437a-9450-d76fee10de58,Emmc Belum,1,2026-09-07T02:06:09.341Z,Autentikasi & Akun; Antrean & Faskes,Negatif,Negatif,0.8724,saya sudah slalu Makai aplikasi ini ...tp HR ini saya mau pakai kok hrs daftar lg ...masuk sdh semua komplit masih salah aja ...gmn ni
6c379b34-ea2c-46e8-9fbf-78d639503c7a,Muhammad Gunawan Triyan Efendi,1,2026-09-07T02:04:42.289Z,Kinerja & Server,Negatif,Negatif,0.9605,apk bodoh gak bisa di pakai lelet hapus aja
f11c6355-eb64-41ea-bf5d-e02ed2e1d0c8,Muhammad Fauzan,1,2026-09-07T02:02:05.326Z,Autentikasi & Akun,Negatif,Negatif,0.9934,"jelek banget sumpah, tiba tiba log out sendiri, mana ga bisa masuk lagi"
44558f06-ef40-4727-9b00-4476c8ead48c,Novi Andriani,1,2026-09-07T02:01:50.394Z,Antrean & Faskes,Negatif,Negatif,0.8873,apk apaan ini mau log in aja susah banget. mau berobat aja kok d persulit
448f3c3e-e0b1-4ba4-8108-9686b7dc7fae,Dimas Randi,1,2026-09-07T02:01:48.882Z,Autentikasi & Akun; Iuran & Layanan,Negatif,Negatif,0.9878,"kata nya wajib daftar via online lewat apk ini.masa tiap buka harus login daftar,itu juga harus bayar biaya SMS udh mah BPJS juga bayar.semua bayar....giliran daftar ribet nya minta ampun,harus ini lah itulah,giliran potongan BPJS lsg potong aja tanpa permisi. pecat""n ajalah pegawai BPJS nya.masa apk dr negara kalah sama ML"
5b290534-2925-41e7-a1a6-bfb0ec0abab4,Oqiquis,1,2026-09-07T02:01:19.778Z,Antrean & Faskes; Kinerja & Server,Negatif,Negatif,0.9848,"aplikasi tolol bodoh malah nyusahin setiap mau ambil antrian lag gak bisa di buka trus,tolol tolol diperbaiki bisa gk sih tolol"
c0e3cc45-dd1e-4b34-818e-a83ebf1375af,Nadzar Kharisma,1,2026-09-07T02:00:34.162Z,Antrean & Faskes; Kinerja & Server; Iuran & Layanan,Negatif,Negatif,0.8576,bayar tagihan tiap bulan rutin mau coba periksa ambil antrean kok offline. koneksi internet lancar cepat padahal. cepat perbaiki aplikasinya
586800fb-2ed9-4d00-9387-430800386cec,CHERY CATSHOP DAN CAT CLINIC,1,2026-09-07T02:00:05.108Z,Autentikasi & Akun; Kinerja & Server,Negatif,Negatif,0.8788,susah login koneksi terputus lah ini itu lah
907fe69c-55dc-467f-9c6a-0bf4299e8441,Agus Rudy,1,2026-09-07T01:59:58.967Z,Autentikasi & Akun; Antrean & Faskes; Kinerja & Server,Negatif,Negatif,0.9178,"daftar susah, login susah, koneksi error mulu, kode verif kaga ada mulu, mau berobat keburu meninggal kalo gini mulu. tolong perhatiin lagi, tolong perbaiki lagi, bukannya membantu malah menghambat proses berobat."
dddf9a5d-c013-4d3b-95e4-ae92ff1a1fb7,Intan Putri,1,2026-09-07T01:59:37.183Z,Autentikasi & Akun,Negatif,Negatif,0.9443,"sebenernya ga susah cuman sering keluar sendiri tiba tiba, trus pas mau masuk lagi susah, sering bngt gangguan"
bb655276-30ce-463f-83c2-0b55a5ba7396,Danang Puji,1,2026-09-07T01:59:19.476Z,Lainnya,Negatif,Negatif,0.6942,kalo buat aplikasi yg niat
bc8d4140-62e0-4f9a-a930-d09ec2e62582,Wili Ramadhani,1,2026-09-07T01:58:32.494Z,Lainnya,Negatif,Negatif,0.8791,"yaaa seperti biasa lah kualitas aplikasi buatan pemerintah sangat"" tidak layak, padahal fungsinya sangat efektif sekali tapi ya sekali lagi aplikasi buatan pemerintah kualitasnya sangat tidak bagus, korupsi anggaran Mulu sih"
fc9aba81-85ae-446f-8855-5dbaeb1d45d7,Irfan Ghifari Arfananda,1,2026-09-07T01:57:20.926Z,Lainnya,Negatif,Negatif,0.9622,Aplikasi Busuk
e9834018-d974-45d7-8719-46830d9be86d,Akunmoba,1,2026-09-07T01:57:04.359Z,Lainnya,Negatif,Negatif,0.963,aplikasi sampah developer tolol
6d41c784-b898-4903-b3fc-68c4e7c19be6,Afheed peepeace013,3,2026-09-07T01:55:35.587Z,Autentikasi & Akun; Antrean & Faskes,Positif,Negatif,0.8594,"tolong gangguannya ditindak lanjuti,mau brobat daftar d aplikasi ga bisa masuk"
b3f4d096-8bae-4496-b683-57387925d986,Pramudya Kamal Prasetyo,2,2026-09-07T01:55:28.334Z,Autentikasi & Akun; Antrean & Faskes,Negatif,Negatif,0.9649,"kenapa ini saya tidak bisa mengambil antrian ""permintaan belum dapat di proses"" setelah itu tiba tiba ada notifikasi login di device lain padahal ga ada yang buka selain saya saat ingin login ulang muncul ""permintaan belum dapat di proses"" gimana ya orang rumah sakit tapi apk ga bisa di pakai dengan benar"
6ef3c689-b545-4047-a529-882208ddf303,Wahyu mc,1,2026-09-07T01:55:14.933Z,Antrean & Faskes,Negatif,Negatif,0.9438,aplikasi busuk bukanya mempercepat malah bikin lama kadang gak bisa log in kadang gak bisa nagmbil antrean gak guna nih aplikasi
616d036c-f780-46eb-a509-2e3316415a81,Saripah Comel,1,2026-09-07T01:54:13.850Z,Autentikasi & Akun; Antrean & Faskes; Kinerja & Server,Negatif,Negatif,0.8702,tolong di perbaiki lagi soal logout Mulu keluar pasau berobat nyah terus sama jaringan kurang setabil padahal jaringan full tolong donk di perbaiki lagi yah
55f688fc-96fb-4706-9809-ed884709d5fc,lemele,3,2026-09-07T01:53:53.224Z,Kinerja & Server,Positif,Positif,0.6533,signal bagus tapi aplikasi loading mulu
c0606982-13cc-4450-938f-0ad4439848e0,Mi You,1,2026-09-07T01:53:43.526Z,Kinerja & Server,Negatif,Negatif,0.8907,"halo tolong ini error mulu, hadeh..."
a501309c-8c5e-4c03-b49e-c3f9cd244720,devian bagja,2,2026-09-07T01:53:42.888Z,Antrean & Faskes,Negatif,Negatif,0.8654,susah log in trss
c9f97c72-24b8-4045-8756-34c162f45e76,CU83X G 414 NK,1,2026-09-07T01:53:30.771Z,Kinerja & Server,Negatif,Negatif,0.9512,aplikasi nyusahin rakyat.. sering eror.. kayak yg bikin
8a8d41a1-0304-439f-bfa4-00004ab325eb,Erna Ariyana,1,2026-09-07T01:52:26.173Z,Autentikasi & Akun,Negatif,Negatif,0.9288,apl tidak bgt membantu... mau masuk aja setengah abad
676d6ff6-c55b-46f6-9d8b-bbdf328ac13d,Muhammad Galan,1,2026-09-07T01:52:25.862Z,Antrean & Faskes; Kinerja & Server,Negatif,Negatif,0.9785,parah habis update tulisan nya offline trs
1f44b9db-45c8-4db5-b419-68287d45b6d8,Xavier Harrison,1,2026-09-07T01:52:18.158Z,Autentikasi & Akun; Antrean & Faskes; Iuran & Layanan,Negatif,Negatif,0.8903,"Anak sakit, sudah ke dokter diminta buat antrean online, tapi buat login susah, gagal terus. apa manfaatnya ini aplikasi dan aturan ini ?. ini aplikasi dibutuhkan buat orang sakit, butuh penanganan cepat. plat merah emang seringnya gak berguna banget, bayarnya saja yang harus segera... harus segera. tapi layanan isinya hanya SILAHKAN COBA LAGI... BASSIIIIII"
9c37d97a-58d9-4138-ba30-765c9f715add,Endah Fitriyastuti,1,2026-09-07T01:52:11.119Z,Kinerja & Server,Negatif,Negatif,0.9009,"sering error, dan server sering dow sehingga menyulitkan saat check in"
c5e84d68-775b-420e-8636-1286654e41e2,Tini Kartika,5,2026-09-07T01:52:08.395Z,Kinerja & Server,Positif,Negatif,0.8944,setiap mau kontrol kerumah sakit yg di tuju pasti sistemnya eror
586605af-60e9-4f4d-bbcc-2a26bd63fab0,Hitam Hitam,1,2026-09-07T01:51:59.566Z,Antrean & Faskes,Negatif,Negatif,0.6726,mau berobat dibuat susah
b638921c-dc56-4389-94b3-e1c3878679d7,Wiji Astutik,1,2026-09-07T01:51:23.996Z,Lainnya,Negatif,Negatif,0.6384,trobuble cokkkk
5a7c6a17-9f75-408c-8da5-9ab0f851f793,Rahadian Aga,1,2026-09-07T01:50:24.459Z,Lainnya,Negatif,Negatif,0.9547,apk tolol
b4f25794-b05a-4a1c-93a3-a53bb7844734,Micharl Moses,1,2026-09-07T01:50:10.951Z,Kinerja & Server,Negatif,Negatif,0.9052,lemot bed apk pemerintah
e045339a-3d36-4e64-8f35-fdc3f76b1f4f,Achmat Faisal,1,2026-09-07T01:50:05.868Z,Autentikasi & Akun; Antrean & Faskes,Negatif,Negatif,0.9302,ini saya mau ambil antrian susah bukan main selalu offline trs pas mau masuk......
ec4fa58a-0c5d-40df-910a-663070ca42c2,Beni Kurniawan,1,2026-09-07T01:49:54.859Z,Autentikasi & Akun; Antrean & Faskes; Kinerja & Server,Negatif,Negatif,0.9763,"aplikasi nya ngk bagus. sering eror, keluar sendiri, pas mau masuk ambil antrian ngk bisa2 masuk lagi. padahal urgent mau ambil antrian. tunggu brp jam lagi klw mau login lagi. padahal jaringan bagus, paket kuota bnyak, tapi di coba berulang kali ngk mau2. sejak dulu lagi masa ngk ada perbaikan sistem. ini aplikasi nasional loh utk penggunaan nasional. tapi sering eror. daftar manual di faskes ngk bisa lagi disuruh pakai aplikasi, tapi aplikasinya kek gini. tolong lah di update sistem nya."
a212d433-d478-4a89-9a16-28a967ebb8c1,Muh Arya,1,2026-09-07T01:49:05.339Z,Lainnya,Negatif,Positif,0.5334,aplikasi gblokk
308f5ad6-e536-4441-912d-bd99bddb0751,Enggar Gusmantoro,1,2026-09-07T01:48:10.969Z,Autentikasi & Akun; Antrean & Faskes; Iuran & Layanan,Negatif,Negatif,0.9522,"BPJS monyet,udah mau cek antrian udah sampe klinik malah gak bisa jalan,malah logut sendiri babi,giliran login masuk malah muter muter aja chatpa asu"
9708db9c-8db8-4bf6-9e94-3e5767dc89b7,abi ajwad,2,2026-09-07T01:48:09.242Z,Autentikasi & Akun,Negatif,Negatif,0.9007,"capchanya selalu salah..bikin simole aja kenapa sih.. tiap bulan ke logout, oas kogin selalu capcha salah berulang dan g muncul2 capchanya"
e8179bc7-ca40-42eb-b5da-949a61ac2912,Mas Rohimin,1,2026-09-07T01:47:55.825Z,Lainnya,Negatif,Negatif,0.7978,aplikasi taiiii🤬🤬🤬
cca8672f-0b1f-4fe9-8a41-c2557fc4d329,Deni Iskandar,1,2026-09-07T01:47:47.406Z,Lainnya,Negatif,Negatif,0.7791,ga jelas memang aplikasi pemerintah
af18ed87-f087-4b8d-93d0-c60f716f0a90,Cecep Aquarius,2,2026-09-07T01:47:23.437Z,Autentikasi & Akun,Negatif,Negatif,0.9021,2 Minggu gngguan ? nggak bisa login
6c8f1b98-1615-4379-8b9c-7121f7e3de44,Okky Sirojudin,1,2026-09-07T01:47:22.968Z,Autentikasi & Akun; Antrean & Faskes; Iuran & Layanan,Negatif,Negatif,0.7545,"aplikasinya bagus. tapi ko tiba tiba logout sendiri, dan susah loginnya kembali.. apa ada pengaruhnya kemaren pindah rujukan kebpjs?"
dbcd9d05-1501-48be-b5b2-5f4c535ae9f1,Farid Fadil taaa,1,2026-09-07T01:46:45.913Z,Autentikasi & Akun; Antrean & Faskes,Negatif,Negatif,0.8731,"ga jelas tiba2 akun aku di kluarin lgi mendadak bnget padahal tadi bisa,trs mau cek lagi malah di kluarin trs ga msuk2 lagi,trs pas login permintaan ada tidak di proses jadi gimana ini ke bangetan jkn ini"
641ffb86-f214-4e8b-aa88-a0963169fbc7,Angga Cirebon,1,2026-09-07T01:46:45.414Z,Autentikasi & Akun; Kinerja & Server; Iuran & Layanan,Negatif,Negatif,0.9203,"Setiap update pasti login ulang mending captca nya ga muter terus udha login harus ngisi captca lagi, padahal jaringan bagus , mana butuh lagi mau buat ngeprin kartunya anjir lah Berbaikin sekarang ayo lah kepepet pisan ,aplikasi sampah"
5d37b16c-0e5b-4623-b37b-fb756ced8789,Yadi Haryadi,1,2026-09-07T01:46:34.632Z,Antrean & Faskes; Kinerja & Server,Negatif,Negatif,0.8272,Bagian di butuhin malah error bikin susah aj silahkan cek Ke RS PMI Bogor kalau di kira gw hoax
288f075c-f087-45de-9fb4-e7b0e134057c,Silvia Maulana,1,2026-09-07T01:46:23.254Z,Autentikasi & Akun,Negatif,Negatif,0.9471,ga bisa login. offline terus
0edbecee-d04c-4309-b75d-e36aff02c56d,Agung Purwanto,1,2026-09-07T01:45:51.869Z,Kinerja & Server,Negatif,Negatif,0.9165,aplikasi tolol korup ngelag bgt
852eff51-382b-4cf7-baaa-e3e5408e4fdc,Raffa Alif,1,2026-09-07T01:44:52.959Z,Kinerja & Server,Negatif,Negatif,0.9082,giliran dibutuhin urgent banget aplikasi gak bisa di buka loading Mulu bikin kesel
e2a15bb2-2c30-47d8-942d-b5adf708e873,Ilham Irhamni,1,2026-09-07T01:44:35.318Z,Autentikasi & Akun; Kinerja & Server,Negatif,Negatif,0.8569,"aplikasinya sudah bagus, tetapi terkadang pada saat banyak pengguna di hari sama tiba-tiba logout sendiri dan sangat lemot meskipun jaringan wifi atau data seluler bagus, mohon di tingkatkan lagi servernya agar tidak terjadi masalah serupa, juga untuk pengurusan penggantian data seperti nomor HP juga sulit, sangat berbelit-belit, aplikasi seperti M-banking saja lebih bagus, mohon agar aplikasi ini bisa meniru sistem di M-banking"
20d6bcd1-3697-406e-a326-06bd798b2c32,Andreani Malasari,3,2026-09-07T01:44:01.251Z,Kinerja & Server,Negatif,Negatif,0.9569,"Sering banget error offline, jadi mau dftr berobt suka susah, tolong perbaiki lagi sistem'y jangan sering offline"
a8ac403e-4230-4eb2-82b5-87095c366c30,hendra Setiawan,1,2026-09-07T01:43:42.748Z,Autentikasi & Akun; Antrean & Faskes; Kinerja & Server,Negatif,Negatif,0.9364,bufring trus . gua mau brobat nih susah bener cuman mau masuk aplikasi jg jir dah wifi . dah jaringan sendiri .. aplikasi butut
8ce9a898-6025-453e-b490-f9db9766b255,Yaumil Akbar,3,2026-09-07T01:43:31.179Z,Lainnya,Positif,Negatif,0.6695,sering bermasalah
956f39b0-3067-4d6c-ae5a-648386b476ca,Nafisatul Maola,1,2026-09-07T01:43:27.741Z,Autentikasi & Akun; Antrean & Faskes; Kinerja & Server,Negatif,Negatif,0.9501,"aplikasi aneh, org kuota masi full dibilang jaringannya gada, tolong dibenahi"
bc03273e-c215-4c4a-9b49-6af0934daf5a,Jamal Passmi,1,2026-09-07T01:43:26.613Z,Autentikasi & Akun; Kinerja & Server,Negatif,Negatif,0.7927,"sering lag,akses masuk timeout terus"
225af3ef-2b98-4fd6-8929-85d9ed18a280,adam syamba,1,2026-09-07T01:43:11.799Z,Kinerja & Server; Iuran & Layanan,Negatif,Negatif,0.9434,"Kenapa ya setiap apk or pkoknya yg berhubungan sama pemerintah pasti pd kacau semua, ini apk blo0n bener mau ganti no hp aja ribet, udh ikutin notifnya/perintahnya harus lewat bot di WA..Eh bot nya juga blo0n.. Ini Bpjs gk GRATIS ya tapii Cacatt. Mngkannya wajar bnyak yg kesel sama PNS/BUMN, ngarep gaji doang kerja kaga becuss. Ganti vendor aja ini yg develop, apk bugs mulu. ini apk buatan sendiri atau by vendor sih ? kacauu kacauuu"
d4ceaf6e-9e87-4854-a73b-944cb8f6d282,Guntara Putra,1,2026-09-07T01:43:07.534Z,Antrean & Faskes,Negatif,Negatif,0.7164,"aplikasi nyusahin, pas mau ambil antrian selalu offline padahal wifi sama data udah bagus tapi tetep aja gabisa, semoga cepat di perbaiki, tapi gamungkin di perbaiki pejabat Indonesia gada yang peduli rakyat"
a303ec76-4cb8-4938-9f0e-db43ab95a6a7,uci alfahmi,1,2026-09-07T01:42:59.795Z,Autentikasi & Akun; Kinerja & Server; Iuran & Layanan,Negatif,Negatif,0.9007,"mohon maaf ya saya kritik, aplikasi ini kebanyakan bug, terkadang logout sendiri, kadang g bisa di akses, ada note maintenance segala, ini aplikasi terhitung sudah lama dimasyarakat, g kayak sekelas aplikasi lain, padahal rakyat bayar tiap bulan"
fcb273a7-2e53-4c0d-b8dd-81749a2e660c,Iwan Sujana,2,2026-09-07T01:42:49.879Z,Lainnya,Negatif,Negatif,0.7175,aplikasi penguji kesabaran
3ae24b07-fb86-4e58-884c-5cbdfb03a2f1,Asep Saepudin,1,2026-09-07T01:41:59.850Z,Autentikasi & Akun,Negatif,Negatif,0.5127,TAU KAN KENAPA DIKASIH BINTANG 1 ? LEBIH GAMPANG BIKIN 1000 CANDI KETIMBANG MASUK AKUN APLIKASI INI DIH
372a1305-63ab-4afa-a323-1703c7343c1e,Omm Shaufy,1,2026-09-07T01:41:53.215Z,Autentikasi & Akun; Kinerja & Server,Negatif,Negatif,0.9504,"error ni apk , padahal sudah daftar , pas masuk ruangan malah error"
f9166a07-9d89-4d9d-bafa-d172d3387cbc,Dewi,1,2026-09-07T01:41:47.670Z,Kinerja & Server,Negatif,Negatif,0.8013,aplikasi error terus pas mau hadir kontrol
1cf4ec0e-8c85-4616-af6d-cb41cfb7c10f,Agus Tian,1,2026-09-07T01:41:32.594Z,Lainnya,Negatif,Negatif,0.9115,Aplikasi BOBROK...cuma muter2 dibilang nggak ada akses internet
d2067b0b-82fc-48e8-bf4f-76b0e029222a,Ilham Zakaria,1,2026-09-07T01:41:21.490Z,Kinerja & Server,Negatif,Negatif,0.9844,jelek banget aplikasinya masa kadang kadang eror dengan alasan offline pdhal sinyal saya buat buka semua aplikasi bahkan M-Banking BCA lancar aja
b84a2738-ab4a-4d14-87e7-ca48aeaece36,M. Dzaki Ibrahim,1,2026-09-07T01:41:12.860Z,Autentikasi & Akun,Negatif,Negatif,0.98,Aplikasi busuk... bikin ribet Pengguna kalau lagi urgent malah muter2 mulu login padahal semua udah bener.
2bb8109f-5916-4c98-b5c1-96f23ea77443,Anggun Vaysa,1,2026-09-07T01:41:11.720Z,Autentikasi & Akun; Kinerja & Server,Negatif,Negatif,0.9732,ini sampe kapan error terus ? gabisa login padahal mau daftar online
801f0704-1128-4274-a744-74a415ba08b9,Adam Z2,1,2026-09-07T01:40:48.349Z,Autentikasi & Akun; Kinerja & Server,Negatif,Negatif,0.9728,kenapa setiap 1 bulan sekali selalu log out sendiri padahal terus susah masuk lagi masalah jaringan wifi sama data..tolong di perbaiki
69209a35-7435-4a22-bf32-3baa2c517272,Ardi Bayupurnomo,3,2026-09-07T01:40:01.208Z,Autentikasi & Akun,Negatif,Negatif,0.9499,Sangat sulit untuk login
ca6bcdc7-1d85-4b57-b2ea-0ff4ffe206d2,Siti Rukayah,3,2026-09-07T01:39:49.709Z,Antrean & Faskes,Negatif,Negatif,0.7236,sering tidak bisa dibuka dan buat no antrian
58311389-41ee-4270-a0db-6eb41c8e961d,Rivaldi Prayudi,1,2026-09-07T01:39:30.893Z,Kinerja & Server,Negatif,Negatif,0.897,woy aplikasi lemot amat. muter terus sistem kalian.
db69af80-bd6f-4dbd-afaa-ac6e43af3b90,Dimas Pratama,1,2026-09-07T01:39:17.333Z,Autentikasi & Akun; Kinerja & Server,Negatif,Negatif,0.9419,"aplikasi pemerintah kok gini amat, loading nya lama gk karuan, selalu minta daftar ulang biar apa coba kayak gitu"
3fec5860-b01b-4f03-98af-e290cbc8be44,andriani risky,2,2026-09-07T01:39:11.540Z,Autentikasi & Akun; Antrean & Faskes,Negatif,Negatif,0.8927,"aplikasi apa ini, kadang tiba tiba ga bisa di akses. dibilangnya offline padahal kuota full wifi lancar. mohon di perbaiki sistemnya"
346256b8-1bd1-4a8b-86cb-11367f751765,Grefano Abiyunan,2,2026-09-07T01:39:07.522Z,Lainnya,Negatif,Negatif,0.892,"coba lagi, gagal, coba lagi, gagal udah gitu aja terus"
5d11d447-e923-4b78-9e95-7c8a30374058,MUHAMMAD FACHRIZAL ZULFI,1,2026-09-07T01:39:01.516Z,Lainnya,Negatif,Negatif,0.8683,aplikasi tolol sering gabisa di akses
58ebae74-7d63-4a5c-9a8f-bdc8a7681b6f,ganyong gaming,1,2026-09-07T01:38:32.286Z,Kinerja & Server,Negatif,Negatif,0.8784,"untuk kelas apk milik negara sih memalukan banget yaa ini,sering banget yang namanya server down miris sih."
c76303b8-5f70-4c71-9e02-d4cddde0f59e,Muhammad rifai Oke,1,2026-09-07T01:37:26.180Z,Kinerja & Server,Negatif,Negatif,0.8891,"eror Mulu aplikasi padahal lagi penting,tolong perbaiki lagi kualitasnya !!!"
19e04adb-5bf4-4bd0-abcd-445e0f320a6c,Daffa Faaris akbar,1,2026-09-07T01:37:25.588Z,Autentikasi & Akun,Negatif,Negatif,0.9728,sudah coba berulang kali tidak dapat login padahal semuanya sudah benar
7be43fb9-4e85-41b6-b1ec-e8bbcd28a7a7,Solahudin Kamil,1,2026-09-07T01:37:20.636Z,Autentikasi & Akun; Kinerja & Server,Negatif,Negatif,0.9971,"jelek, mau daftar aja susah, captcha nya lemot ga muncul muncul, masa jam 8 pagi belum bisa daftar atau login, aplikasi murahan sulit sulit, ribetlahhh"
eb113684-ae28-430f-9586-fbcbd7e1b640,Muhammad Ismail,1,2026-09-07T01:37:18.925Z,Kinerja & Server,Negatif,Negatif,0.8168,"Aplikasi lemot, orang sakit juga ga mau malah di lama lamain bagaimana si server makin berkembang zaman bukan makin canggih makin lemot"
a1a75a5f-c171-4c80-906b-7214b829c2a3,Fazila Azzahra,1,2026-09-07T01:37:13.620Z,Autentikasi & Akun; Antrean & Faskes,Negatif,Negatif,0.9106,"sumpah yaa ini app bikin kesel lama gak pake buat berobat ke faskes 1, sekalinya mau ambil antrian lebih dari setengah jam gak bisa kuota full.. pake wifi kenceng, tiba aja log out sendiri, pdahal lama gak pake ni app"
e0cb550a-340f-4874-93da-114e508a2751,Cepi Septian Kusumah,1,2026-09-07T01:36:57.683Z,Autentikasi & Akun,Negatif,Negatif,0.8613,"ketika keluar susah sekali masuk dengan alasan ""sedang offline"",gak bisa gitu langsung masuk. bermanfaat tapi setelah keluar susah banget masuk."
1538b920-d5dc-44cb-85e2-935fa0dbb574,Tankerbajabesi,1,2026-09-07T01:36:52.202Z,Autentikasi & Akun; Antrean & Faskes,Negatif,Negatif,0.981,"aplikasi aneh buat masuk akun susah amat ,di persulit semua ,buat apk yg bener dulu"
db15005f-8c01-4901-8aa9-0fcbd054fb87,John Produce Empat,2,2026-09-07T01:36:43.489Z,Antrean & Faskes; Kinerja & Server,Negatif,Negatif,0.9535,"setiap kali mau antri, server kalian selalu down. aplikasi selalu ter-log out sendiri. captcha susah terbaca.."
448c486d-8c2f-4b4e-a969-021a59b8f30f,Remonda Sinulaki,1,2026-09-07T01:36:00.434Z,Lainnya,Negatif,Negatif,0.9622,parah aplikasinya
ddda7227-c78f-45f6-84ed-8c80eacffe12,Dhanz official,1,2026-09-07T01:35:44.280Z,Lainnya,Negatif,Positif,0.6061,"sinyal bagus,tapi di aplikasi offline,mohon di perbaiki lgi,Saya akan bintang 5 ,Terima kasih"
c4f0677d-af2d-4afd-8465-2dc1e3d65293,Alfa Centaury,3,2026-09-07T01:35:36.658Z,Autentikasi & Akun; Iuran & Layanan,Positif,Negatif,0.7602,"kok aneh tiba tiba autodebet udah daftar terus terputus sendiri tolong kebijakannya, malah saya yang kena sanksi karena telat bayar jelas jelas udah autodebet"
769c039e-1cdf-4a32-8620-73f00b7be375,Eko Purnomo,2,2026-09-07T01:35:24.468Z,Kinerja & Server,Negatif,Negatif,0.8989,aplikasinya kok lemot ya...buka captca sja lama bener pdhal jatingan stabil
89c433b0-55fd-44df-9f13-2d5821a47fe8,Elvian Rubianto,1,2026-09-07T01:35:23.506Z,Autentikasi & Akun; Kinerja & Server,Negatif,Negatif,0.9222,"aplikasi bejat, logan login terus saya kira sinyal ternyata servernya oon koclok"
66f748f0-d222-404e-a2a0-b134f25b2aa5,San Ridho,1,2026-09-07T01:35:13.205Z,Lainnya,Negatif,Negatif,0.8215,aplikas ga jelas padahal udh benar semua
934aa7c5-30b3-4ad2-8af2-9f2b312472fa,ahmad khairul,1,2026-09-07T01:34:34.600Z,Autentikasi & Akun,Negatif,Negatif,0.9051,ga bisa di login
db3f0a03-fe6a-4034-b081-ff4590c8bed2,Mul Yati,1,2026-09-07T01:34:05.326Z,Autentikasi & Akun,Negatif,Negatif,0.952,"apalah woii aplikasi ini, mau masuk aja susah kalii.. keburu m4ti anak ku anjjjggg !!!! gangguan selaluiii kimax !!!!!! 3hari mau masok akun ga bisa2 !! kalo ga becus punya aplikasi bubat aj lah bgst ?"
2d1299bd-c8b5-4922-b9ac-ee0a024a106d,Adif Abdillah,1,2026-09-07T01:33:59.914Z,Autentikasi & Akun; Kinerja & Server,Negatif,Negatif,0.8884,"ini tim IT atau sejenisnya pada kerja ga sih?! aplikasi sering error ga dipantau, padahal jaringan memadai, gimana mau daftar online kalau error terus."
3fd92371-f552-42a2-847b-64c2e6fa40af,putut wijanarko,1,2026-09-07T01:33:48.579Z,Kinerja & Server,Negatif,Negatif,0.8495,"aplikasi sering error,"
4d93150e-4f3d-491d-8851-67221aea19d0,Muhamad Yusuf,1,2026-09-07T01:33:42.645Z,Autentikasi & Akun; Kinerja & Server,Negatif,Negatif,0.9051,mau login saja tidak bisa. buruk sekali aplikasinya. loading terlalu lama. system infonya offline di aplikasi nya.
148fed5b-556d-4917-a228-5995dcae9b18,Delwin Yoanes,3,2026-09-07T01:33:32.666Z,Autentikasi & Akun; Antrean & Faskes,Positif,Negatif,0.8886,"chapca muter2, jadi gak bisa login & gak bisa daftar berobat ke puskesmas."
5320c1e7-a8ef-4132-81d2-97552d3b01ec,Yusup Maullana,5,2026-09-07T01:33:18.959Z,Autentikasi & Akun,Positif,Negatif,0.8832,"ini gimana sih udah mau sebulan login GK bisa, pake cara lupa password juga GK bisa..."
863b597e-6a33-4b75-ab7e-521bdf3d33a5,Wildana Hidayat,2,2026-09-07T01:33:17.951Z,Autentikasi & Akun; Kinerja & Server,Negatif,Negatif,0.9258,aplikasi prematur. banyak banget error. suka logout sendir. pas mau login ga bisa loading terus padahal jaringan lancar. lelet. sekelas aplikasi pemerintah tapi kwalitasnya prematur
fbf1b4df-b6ba-4ac9-9adf-b3b005ef6bb3,Awal Datsmen,1,2026-09-07T01:33:17.568Z,Autentikasi & Akun,Negatif,Negatif,0.8617,"bisa di perbaiki ngak apk nya, saya pernah gagal buat surat sakit karna tdk bisa daftar online di apk ini di karenakan akun saya tiba-tiba keluar dan saya coba masukkan lagi tiba-tiba sudah tidak bisa infonya jarigan tdk ada padahal jelas-jelas jarigan saya bagus, sudah tdk habis pikir degan apk ini, bukanya membantu tapi ini malah membuat masalah"
c1672790-d45e-489c-b9af-7fb72f95b2cb,Danang E.S,1,2026-09-07T01:33:14.464Z,Lainnya,Negatif,Negatif,0.8951,aplikasi kemot gini susah kalo mau dipake buru buru.
a85c9140-ad3b-4393-a055-83cba98fce4e,Wahyu Putri N,1,2026-09-07T01:32:57.607Z,Antrean & Faskes,Negatif,Negatif,0.764,"selalu terlogout sendiri , sampe rs mau check in tidak bisa"
dd53d904-b3d0-4c62-aa2f-989100eb5e36,alvin bagas septiyan,1,2026-09-07T01:32:51.498Z,Kinerja & Server,Negatif,Negatif,0.7192,"server nya tolong diperbaiki yang memakai wargga indonesia, masa iya cuma muter muter padahal koneksi bagus."
97f397c8-ed89-4c2d-b03a-f49977c9bb86,Wahyu Abi,1,2026-09-07T01:32:51.218Z,Lainnya,Negatif,Negatif,0.9861,"aplikasi busuk, sinyal buruk !"
1eb5d03a-a496-4a69-9fe4-6b603cb58c92,Ahmad Raihan,1,2026-09-07T01:32:49.370Z,Kinerja & Server,Negatif,Negatif,0.9514,"aplikasi jelekkkk, tiap hari mutar muluu server nya down terus murahan amat servernya"
27768d7a-2e74-454f-a508-9983a46a96aa,Herman hermawan,1,2026-09-07T01:32:30.543Z,Autentikasi & Akun,Negatif,Negatif,0.8796,"verifikasi Nye susah bgd, ad masalah apaan sh. dibutuhin qo malah dibikin susah sama aplikasi. minta tlong dulu donk sama yg punya aplikasi. dri td verifikasi gga bisa-bisa"
56e98c21-3e2d-416f-9d25-beeee4811a75,DIDIK KURNIAWAN,1,2026-09-07T01:32:12.733Z,Autentikasi & Akun,Negatif,Negatif,0.9623,"padala data banyak, tapi kenapa ga bisa login ulang . dengan keterangan offline."
c6309633-6ca5-4bbc-ba27-7c7b36131b7c,Abdul Muis,1,2026-09-07T01:31:43.400Z,Antrean & Faskes,Negatif,Negatif,0.9111,"giliran di buka di faskes log out sendiri, log in nya susah banget"
e943c751-b5db-44d6-bc9a-f099dd598784,ILHAM GG.87,1,2026-09-07T01:31:36.442Z,Autentikasi & Akun,Negatif,Negatif,0.9784,tiba2 log out sendiri dan susah login nya
a3885de4-c96f-48da-a48e-8650bbbdd4ec,Apan Ska,1,2026-09-07T01:31:31.110Z,Kinerja & Server,Negatif,Negatif,0.9253,"aplikasi suka error, aplikasi gak guna"
70d5f36e-5dd3-424c-8852-33c2c1a9a4e2,Teddy kinomoto,3,2026-09-07T01:31:23.629Z,Autentikasi & Akun; Antrean & Faskes; Kinerja & Server,Negatif,Negatif,0.9195,"tiba tiba log out sendiri, lalu bermasalah dengan jaringan, padahal wifi dan jaringan ok semua... dan suka eror, mau daftar antrian jadi susah"
5125764c-2173-4584-a6d6-b98801306fab,Afifah Azhar Arub,1,2026-09-07T01:31:11.910Z,Autentikasi & Akun; Antrean & Faskes; Kinerja & Server,Negatif,Negatif,0.7584,"Belum juga kontrol, masa rujukan dari RS habis rawat inap di hilangkan jkn.. sampai² saya harus ke RS untuk konfirmasi, alhamdulillah pelayanan RS gercep. rada² ini sistem jkn, di tambah aplikasi lemot banget, setiap masuk coba lagi terus padahal kuota+sinyal kenceng.."
150ac102-8ff8-4080-a77a-fa90e852c10b,pebri pratama,1,2026-09-07T01:31:02.440Z,Antrean & Faskes; Kinerja & Server,Negatif,Negatif,0.9356,aplikasinya Menguji Kesabaran.. loading lama.. uda lama gagal.. alasan koneksi gk tersambung.. padahal koneksi internet aman
3e699dd0-2106-4968-9788-605c1ad4e30f,Celuy,1,2026-09-07T01:30:42.973Z,Antrean & Faskes; Kinerja & Server,Negatif,Negatif,0.9761,"aplikasi burukkkkk bangettt, tiba"" log out sendiri, padahal udh hari h, di update makin burukk, mempersulit ini namaaa nya kocakkkkk, benarin lagi deh, suka eror muluuuuu"
7b2a39ad-b148-4413-be20-f9dcefbfa878,Ayu Ardan,3,2026-09-07T01:30:35.167Z,Autentikasi & Akun; Kinerja & Server,Positif,Negatif,0.7042,"sangat membantu ,tapi kenapa kalau pas butuh mau daftar selalu lemot dan keluar² sendiri padahal sudah loging ,tolong dong di tingkatkan lagiii"
01584763-53e9-4467-a4b3-b2b9fa19abc9,0070_gilang Maulana,1,2026-09-07T01:30:26.675Z,Lainnya,Negatif,Negatif,0.6328,aplikasii apasihhh dikit2 trouble NYUSAHINN BANGET
1d133848-b731-4745-8bb5-9f2601114374,Diko Septiansah,1,2026-09-07T01:30:15.855Z,Autentikasi & Akun; Kinerja & Server,Negatif,Negatif,0.8831,sering error hadeuh padahal ini penting buat daftar online klo keadaan darurat tapi malah sering error kacaw
66ccff5d-ede4-4ba3-9519-87e48c2d6b66,Buang Akay,3,2026-09-07T01:29:27.960Z,Lainnya,Positif,Negatif,0.752,"tolong perbaiki aplikasi ini , sistem chapta dihapus saja"
4c0a573b-c74f-43bf-ad06-7a2781224ffd,triyastuti tri,1,2026-09-07T01:28:54.704Z,Lainnya,Negatif,Negatif,0.781,"coba lagi coba lagi terus, internet lancar tetep aja, ini lagi butuh malah engga bisa"
657d4676-08aa-466e-9e03-973ff1f6d344,Biyan Cikal,5,2026-09-07T01:28:34.450Z,Lainnya,Positif,Positif,0.8973,pelayanan nya sanget ramah
a699e76d-4a3f-42f7-9bdb-5e2aec22359b,Indriee 90wd,1,2026-09-07T01:28:06.330Z,Autentikasi & Akun,Negatif,Negatif,0.9797,Sering logout sendiri. Giliran login lagi ada masalah terus gak bisa login. Menyusahkan sekali kalau lagi butuh.
03269714-ddf7-4946-a3cf-f5dedfed80b6,Marwan,2,2026-09-07T01:27:00.103Z,Autentikasi & Akun; Kinerja & Server,Negatif,Negatif,0.8551,tolong di tingkatkan kualitas apk nya.. sering eror saat mau daftar
f468b40e-91a0-4243-8859-b07ccdd396e0,novia sandi,1,2026-09-07T01:26:38.489Z,Autentikasi & Akun; Antrean & Faskes; Kinerja & Server,Negatif,Negatif,0.9807,"selalu gagal masuk, masalah jaringan offline. padahal jaringan full manteng, kuota banyak. aneh"
758455bf-e248-499d-8586-12d3346a62dd,Tri wahyuda,1,2026-09-07T01:25:10.857Z,Kinerja & Server,Negatif,Negatif,0.9877,"jaringan jelek, lemot pas saat di tempat poly"
288381d7-4358-4199-ae45-839babb1f814,Cahya Aji,1,2026-09-07T01:24:18.758Z,Antrean & Faskes,Negatif,Negatif,0.9376,aplikasi busuk mau berobat malah offline
e00da265-6ec4-49e8-bd8d-5b1fb6d59be0,Wahyu Romadoni,3,2026-09-07T01:24:11.802Z,Lainnya,Positif,Negatif,0.6519,"bagus, tapi kadang pas dibuka malah macet, ga bisa dibuka pas dibutuhkan"
0d9e4d4a-6bba-48aa-aa81-fab02ad33bea,Hans August Natanael Simanungkalit,1,2026-09-07T01:24:08.495Z,Kinerja & Server,Negatif,Negatif,0.7675,aplikasi nya offline terus padahal jaringan bagus lag sekali
d415061a-14bc-45b4-abdf-576419fd962e,Jawad Rabbani,1,2026-09-07T01:24:03.374Z,Kinerja & Server,Negatif,Negatif,0.9591,"jelek, banyak ngelag, aplikasi buat mempermudah ko malah merepotkan, captcha nya lemot dan nggak jelas aneh aplikasi ini"
dcdac5d7-0ffb-4920-8efa-c76e135397d2,Samsung Galaxy2017,2,2026-09-07T01:23:59.113Z,Lainnya,Negatif,Negatif,0.8801,Aku tidak tahu apa yang sedang dialami makhluk ini. tiba tiba ada pemberitahuan sesi telah berakhir. Log out sendiri. mau log in lagi tidak bisa. Susah. Sepertinya perlu di-rukiyah.
5e04b380-28ad-4bad-90c3-332f3cb49134,Fajrin Pakaya,1,2026-09-07T01:23:42.400Z,Antrean & Faskes; Kinerja & Server,Negatif,Negatif,0.8382,"aplikasi pemerintah sering lemot, rekonek padajal saya pakai server wifi dengan mbps yang lancar. gimana mau ambil antrian untuk pengobatan jika makan waktu terus dikarenakan loading"
42ce4ade-6ecb-431e-afc9-60e902fc7fa6,Maulida Tulmarha,2,2026-09-07T01:23:26.344Z,Kinerja & Server,Negatif,Negatif,0.8615,"aplikasi nya banyak eror, sekarang saya gk bisa log in lagi"
3b5805e0-1e3f-40c4-9225-a3f440e58016,Zainur Roziqin,1,2026-09-07T01:23:21.380Z,Lainnya,Negatif,Negatif,0.9911,jelek bgt susah log in
bf693d05-064c-4ab2-9b6c-e1dc0da5101f,Yullyawan Bhreka seno,5,2026-09-07T01:22:47.662Z,Autentikasi & Akun; Kinerja & Server,Positif,Negatif,0.9745,"saya kasih bintang 5 biar pada lihat, aplikasi sering error,sering keluar sendiri,sering login ulang kadang sehari bisa 4x, giliran login sering error,susah masuknya juga sering keluar sendiri, aplikasi udh gak jelas,kecewa"
6bab6e8a-256a-405f-af11-7002212faf98,Vindo Z,3,2026-09-07T01:22:42.923Z,Lainnya,Negatif,Negatif,0.7496,Saat diperlukan malah sering susah diakses.
dbeeaf5d-381f-4b3c-a440-fba658883a11,Anggun Salon,1,2026-09-07T01:21:59.706Z,Lainnya,Negatif,Negatif,0.8491,Ga ad satupun apk pemerintah yg bgs. Anggaran gedhe tp team developer nya bobrok semua. IT kelas main²
a64f7b3b-40cb-4ffc-816f-d0a1bbb88f23,Eko Ardianto,1,2026-09-07T01:20:54.618Z,Kinerja & Server,Negatif,Negatif,0.8936,aplikasi lemot nunggu capca aja hampir 15 menit
6fe4dfea-eeca-44c4-a178-8cc8e7513add,Fauzi Khoironingyah,1,2026-09-07T01:20:31.650Z,Antrean & Faskes; Kinerja & Server,Negatif,Negatif,0.9092,aplikasi kesabaran. mau ambil antrian isinya error terus
33c2d7a0-9e9f-446e-9f8e-e7f778b92534,Bawadehewek,1,2026-09-07T01:18:36.910Z,Lainnya,Negatif,Negatif,0.9622,aplikasi busuk
a03fc3cb-d37c-459f-b284-3b96772c608d,Agus Nugroho,1,2026-09-07T01:18:19.416Z,Autentikasi & Akun; Kinerja & Server,Negatif,Negatif,0.875,"susah buat masuk dan daftar, wifi lancar tp tetap loading terus"
17df2dec-1ad0-46d4-ad71-2ae1a9954268,Egadevka Julianda,1,2026-09-07T01:17:26.946Z,Autentikasi & Akun,Negatif,Negatif,0.7478,susah d operasikan kalau mau daftar
4c8b40e5-464b-4bbc-a7a0-e09879831eef,ddi prmn,2,2026-09-07T01:17:03.692Z,Kinerja & Server,Negatif,Negatif,0.8495,sering error
0a8713dc-fa2d-4f95-b939-d81118352767,Nila Minpa,1,2026-09-07T01:14:57.864Z,Autentikasi & Akun; Antrean & Faskes,Negatif,Negatif,0.8958,aplikasi ga jelas mempersulit verivikasi data Krn lupa password
5ef3020f-f570-496d-a2b0-61c300fe5c9b,Dida Sadudin T,1,2026-09-07T01:11:20.921Z,Lainnya,Negatif,Negatif,0.8711,gak bisa d buka payah
f9c5cc81-a43e-439f-9137-82f6be8e9bfb,uzumaki shikamaru,1,2026-09-07T01:08:31.131Z,Lainnya,Negatif,Negatif,0.7341,aplikasi anggaran ratusan juta tapi ga jelas blass. perusahaan2 swasta bikin aplikasi pake anggaran lebih kecil aja ga separah ini
b5132ab1-8c43-4a02-b4f3-edd04c2bbd34,Mira Lisdawati,5,2026-09-07T01:06:34.686Z,Lainnya,Positif,Positif,0.989,top
6c4d6e8b-da1e-4673-a17d-c6f6df6b61be,ROZAQ TRD,5,2026-09-07T01:06:02.519Z,Lainnya,Positif,Positif,0.964,jos jis
dc5b8aff-1971-4847-a2b3-15f1fc404bde,Muhammad Fahri,1,2026-09-07T01:02:43.161Z,Autentikasi & Akun,Negatif,Negatif,0.9411,"tiba"" logout sendiri pemberitahuan akun anda login di device berbeda? padahal akun saya cuma pake 1 device,, mau login ulang gk bisa"" blm dpt di proses gmn ini????"
cda2d1c9-4d89-43ba-85a1-31cd49e2f893,Sumarlin Sumpeno,5,2026-09-07T00:56:16.342Z,Lainnya,Positif,Positif,0.5275,aplikasi nyalahi membingungkan
141cdec6-a703-406d-a683-424d90faa958,Andre Akl,1,2026-09-07T00:34:29.948Z,Autentikasi & Akun,Negatif,Negatif,0.9904,aplikasi sangat buruk sudah punya akun malah log out sendiri daftar ulang kagi
1c56a587-d864-453a-a416-41583bbae677,sandi Purna,5,2026-09-07T00:31:21.266Z,Lainnya,Positif,Positif,0.9564,terbaik
38720036-4176-4de2-b42d-c05e4cc108ac,Lina,1,2026-09-07T00:26:13.153Z,Autentikasi & Akun,Negatif,Negatif,0.9282,aplikasi busuk daftar apa apa gabisa diproses
1c0fd834-6767-462d-b6b7-35a4ce4c2a30,Franz Van Houten,1,2026-09-07T00:16:37.500Z,Autentikasi & Akun,Negatif,Negatif,0.9715,"verifikasi no hp tidak pernah ada kiriman nomor otp, updte jangan melalui sms tapi ada pilihan melalui WA"
4e27f2e7-d9b6-4d49-a4a4-6613c3da3c91,Juwandasuksesdoa Ibuuu,5,2026-09-06T23:57:59.729Z,Lainnya,Positif,Positif,0.5334,suksesselaluuu
0e9d8c93-4bb0-483c-bcbc-229b9e598572,Indra Kurnia,5,2026-09-06T23:48:31.836Z,Lainnya,Positif,Positif,0.9965,"sangat membantu , mantap"
deb3a887-57d4-4a21-8efe-0f0e5cf5af99,Ilmu islam official,1,2026-09-06T23:44:41.948Z,Autentikasi & Akun,Negatif,Negatif,0.9609,parah ini apk jkn ini pas kita mau masuk aja bisa dan captcha nya gak bisa keluar saya kasih bintang satu aja
bdde9ae3-2ac2-49c6-8639-b68161dbdb71,les mono,5,2026-09-06T23:32:25.323Z,Lainnya,Positif,Positif,0.9692,Terima kasih
fe360785-c631-458f-923e-804da99e4f91,Mutiara Mumu,5,2026-09-06T23:18:31.387Z,Lainnya,Positif,Positif,0.9302,sangat mudah
113b3d81-be4e-407e-a20a-68f03f2cabfe,Gloria Eka chrisrin,1,2026-09-06T23:12:05.803Z,Autentikasi & Akun; Kinerja & Server,Negatif,Negatif,0.9068,"ini aplikasi suka eror ya, saya mau daftar saja susah sekali. Masa mau pencet ok aja udah ada nomor ya gak bisa-bisa dari Minggu lalu aneh sekali ya"
988338ce-c883-4e14-a49d-9bf2c87d4b7d,Rafid Makarim,1,2026-09-06T22:52:36.565Z,Autentikasi & Akun; Antrean & Faskes,Negatif,Negatif,0.8706,"ini aplikasi kadang nguji kesabaran penggunanya minta verifikasi no hp gabisa2, lagian kenapa mau berobat harus daftar ini dulu ribetin orang yg gapunya hp atau orangtua yg ga paham ini tau ga. aneh kadang aplikasi buatan pemerintah mau berobat dipersulit mulu"
9078db7e-da44-4c38-af10-93caec5ac2bc,aris rismana,5,2026-09-06T22:45:51.800Z,Lainnya,Positif,Positif,0.9775,mantap
889a4261-9310-40db-98ba-29ff59686726,Najmatul Usroh,5,2026-09-06T22:13:19.760Z,Lainnya,Positif,Positif,0.9775,bagus
fee1d08f-9bb4-461f-9f00-f2884d28530f,Senpai,1,2026-09-06T20:38:52.712Z,Autentikasi & Akun; Antrean & Faskes; Kinerja & Server,Negatif,Negatif,0.8818,"update lah, ga dapat kode verifikasinya yaampun, aneh banget aplikasi, bukannya mempermudah ini malah mempersulit"
834c7c29-413a-4bc3-b14d-4b74716b74c6,Iwan Sukses,5,2026-09-06T19:45:12.527Z,Lainnya,Positif,Positif,0.8041,sudah bagus Kenapa Sekarang Ngak Bisa Buka
f4f70961-ad1d-4355-bcfc-f12db51157c5,Bonbon Cadetha,5,2026-09-06T19:29:55.588Z,Lainnya,Positif,Positif,0.9775,good
30d30ae1-df15-49c8-a186-bde961da3dd9,Mikchat,2,2026-09-06T18:02:29.369Z,Kinerja & Server,Negatif,Negatif,0.6782,"apk tidak stabil, terkadang suka bug"
9560d2eb-0fce-4967-97f5-5ea29fa8f9b9,Vp Pro Ajie Adja,5,2026-09-06T17:55:03.725Z,Lainnya,Positif,Positif,0.9386,sudah Bagus tolong di pertahankan dan lebih di permudah buat masyarakat kecil.
4bfc6f61-6fa4-4bea-bbd7-581dac7be8bb,Lulu Saadah,5,2026-09-06T17:45:29.199Z,Iuran & Layanan,Positif,Positif,0.9511,selama ini bagus aplikasi mobil jkn kis
c25ce4ea-90a6-496b-85be-0ee61dc5e52c,Candu Lucky,5,2026-09-06T17:32:42.544Z,Lainnya,Positif,Positif,0.5276,sangat di butuhkan
0096a471-f541-4137-b409-0f99de91d2a8,Rizky Adimas,1,2026-09-06T17:08:30.112Z,Lainnya,Negatif,Negatif,0.9229,aplikasi ini menurut saya pelayanannya buruk
31e8e3a3-39fc-478c-ace1-9bdd7c2dba95,abdul syukur,5,2026-09-06T16:46:44.654Z,Lainnya,Positif,Positif,0.9775,sangat bagus
122dae3f-7cdf-45ad-8a1a-4ad95a60ee7b,Fazry Albukhori,1,2026-09-06T16:46:29.635Z,Autentikasi & Akun,Negatif,Negatif,0.9684,"gajelas, benerin sistem nya nomor belum terdaftar malah kaga bisa buat regist, pake nomor lain sms nya kaga masuk, benerin lagi sistem lu"
6385721a-37b7-41e7-b218-da4094830fc2,Muhamad Ayub,5,2026-09-06T16:32:10.430Z,Lainnya,Positif,Positif,0.9897,pictur sangat membantu sekali
d21b9aac-11fa-4be6-a987-f4b69996a86d,Nurhayati Hayanti Zebua,5,2026-09-06T16:23:20.954Z,Lainnya,Positif,Positif,0.9897,sangat membantu
cad8f1b5-7502-46bc-9d04-8c452452e170,Hanya Human,1,2026-09-06T15:40:42.776Z,Autentikasi & Akun,Negatif,Negatif,0.9468,nggak bisa login alasannya coba beberapa saat lagi
deddaa8f-2741-431a-927b-7030c8d8b9bf,Reny Anggraini,4,2026-09-06T15:29:29.709Z,Lainnya,Positif,Positif,0.9889,ok
93fc74e1-5efd-4e47-a79a-cc4898d78ecd,Mulya Dzikri,5,2026-09-06T14:39:49.969Z,Lainnya,Positif,Positif,0.9942,bagus memudahkan urusan kesehatan jadi gak ribet pokoknya terbaik
5e89a41b-fba8-4c9d-86a4-6baf80a14b15,Sindi Sulistiawati,5,2026-09-06T14:38:41.500Z,Lainnya,Positif,Positif,0.9897,sangat membantu
ded38c84-16a3-4f11-b9ac-f6af0f896be0,Naura Najwa,1,2026-09-06T13:56:19.419Z,Lainnya,Negatif,Positif,0.5334,ga like.
df804747-8dba-4f85-973d-9ed07eb99de6,mikhayla munandar,5,2026-09-06T13:32:56.282Z,Lainnya,Positif,Positif,0.8927,sangat responsif
3d732ce1-5f2c-4838-b2a9-6aeee5212415,Abdul Muhyi,5,2026-09-06T13:24:53.461Z,Lainnya,Positif,Positif,0.9775,mantap
453a845e-28bc-4fd3-88da-d71534671636,Dorest Hunter,4,2026-09-06T13:14:53.972Z,Autentikasi & Akun,Positif,Negatif,0.788,minta tolong yang verifikasi wajah senyum di buang..ibuk saya lagi sakit mau daftar harus senyum gx bisa senyum..jadi gx terferivikasi
8e36c94f-3393-4fe4-b604-9e940db0c46d,Salmarena Bimbi,1,2026-09-06T12:46:33.825Z,Lainnya,Negatif,Negatif,0.5236,tidak bisa membuka aplikasinya
3a2021e4-048e-4d27-8d61-733c3df21cb4,haerul amri,5,2026-09-06T12:39:01.690Z,Autentikasi & Akun; Iuran & Layanan,Positif,Positif,0.7666,saat mau menambahkan ibu saya di menu (penambahan peseta) tetapi tidak bisa karna saya belum menikah. untuk penambahan peserta baru tolong ubah agar kita bisa menambahkan anggota keluarga walaupun kita belum menikah
50a14d1e-9764-4387-8741-336118037242,Bro 89,5,2026-09-06T12:31:48.545Z,Autentikasi & Akun; Antrean & Faskes,Positif,Negatif,0.6498,"untuk yg tidak dapat SMS, pastikan ada sisa pulsa bukan kuota"
aa4c3230-651f-4816-85e0-58281d74a89f,Surya Lighting,5,2026-09-06T12:26:03.400Z,Lainnya,Positif,Positif,0.9897,membantu
479567d9-691f-493c-900d-240db9ffa95c,Siti Karlia Lia,5,2026-09-06T12:18:44.204Z,Antrean & Faskes,Positif,Positif,0.9146,sangat mudah untuk berobat
e369104e-917f-4b16-aee2-98ce09587369,Safir Mariawae,5,2026-09-06T12:01:36.431Z,Lainnya,Positif,Positif,0.9775,bagus
f2f7343f-bd66-40b7-a0d5-c4b8419294eb,Herry Amro,5,2026-09-06T12:01:12.341Z,Lainnya,Positif,Positif,0.9564,baik
3b98cdf6-9a1c-410d-b069-ea0121a14779,Olivia War,5,2026-09-06T11:33:58.449Z,Lainnya,Positif,Positif,0.9897,sangat membantu
4b6e1d1c-ee63-40da-8545-9b83a8485035,Berkah Oppo,5,2026-09-06T11:27:10.490Z,Lainnya,Positif,Positif,0.9864,sangat puas respon cepat 🙏
31b6acda-e39e-4b97-9bd7-ab33ad363cbb,2019 albar rahman hakim C7,5,2026-09-06T11:18:22.403Z,Lainnya,Positif,Positif,0.989,top
f7af0b27-7cc9-4716-b8f5-0d9562e6873b,Falisha Almahyra,1,2026-09-06T11:09:53.573Z,Antrean & Faskes,Negatif,Negatif,0.6867,MEMPERSULIT LANSIA BEROBAT
6a907adb-c883-4bd1-a3c0-275a48683823,Retnologi,5,2026-09-06T10:52:24.278Z,Lainnya,Positif,Positif,0.9874,"bagus, mempermudah"
fe808cd3-d006-4b3b-bb36-9e1c8d7c3192,Arya nz,1,2026-09-06T10:39:21.653Z,Autentikasi & Akun,Negatif,Negatif,0.9461,"apk gajelas, verifikasi nomor aja ada aja kendalanya menyusahkan"
dbe546d4-3ec0-4d8d-8572-a4db0adc1371,Rahmita Ariani,5,2026-09-06T10:32:39.395Z,Lainnya,Positif,Positif,0.926,aman2 aja penggunaan nya bagus kok
c46f0dd0-bb58-4244-b5ef-b2d663722a98,Amanda Vidiya,1,2026-09-06T10:22:25.492Z,Autentikasi & Akun; Antrean & Faskes,Negatif,Negatif,0.57,"tlong urus ini apk dgn lebih baik lg,yg bner aja masa mau daftar kaga bsa trs adain fitur ganti akun dgn mudah kek medsos²lain lah tlong"
50bd33c3-949c-4f56-9282-92a21c090106,Erlin Damayanti,1,2026-09-06T10:20:28.630Z,Lainnya,Negatif,Negatif,0.7766,apk gak jelas.
6e3fbcda-1154-4247-a244-c25e9cc77a96,Rita Suhami,5,2026-09-06T10:15:10.705Z,Lainnya,Positif,Positif,0.9926,Aplikasi yang the best
e803a01d-e979-4f55-8c9a-602d34bc9ff1,Agung Winarno,5,2026-09-06T09:54:29.417Z,Lainnya,Positif,Positif,0.9775,bagus aplikasi
e3b1a581-c8e8-4860-9b85-e8bd466040cf,Lolo Lolo,1,2026-09-06T09:37:50.993Z,Kinerja & Server,Negatif,Negatif,0.9723,"apk sampah yg ngurus pemerintah kgk bener,eror terus giliran mau di pake,diperbaiki lgi dh ini apk"
ede1787d-02b0-47b5-b457-3b01d4f44539,Vida Suci wulandari,5,2026-09-06T09:34:28.190Z,Lainnya,Positif,Positif,0.9753,pelayanan bagus
661f924f-eef5-4b9c-ae26-2765b7bab9ec,Januar Rezza,5,2026-09-06T09:28:01.916Z,Lainnya,Positif,Positif,0.9934,cepat dan mudah dengan aplikasi mobile jkn mantap
71f03252-1282-41b7-b261-cf2a19dde533,safsahh Goib,1,2026-09-06T09:16:51.105Z,Autentikasi & Akun,Negatif,Negatif,0.9634,"waduh ini proses login/daftar nya ribet banget,saran aja kalo mau pake no hp/email,pilih salah satu aja jangan dua dua nya astaga"
15e71010-749f-43a4-9931-26a8d5383f9d,ayu Alus,1,2026-09-06T09:16:47.516Z,Autentikasi & Akun; Antrean & Faskes; Kinerja & Server,Negatif,Negatif,0.9625,"semenjak di update Apk mobile JKN terbaru, sekarang tidak ke pake krn tidak bisa KeBuKa, dan tidak di dukung dengan hp android saya., malah bikin susah aja, pas mau periksa ke puskesmas, atau atau ada rujujan ke rumah sakit HARUS daftar dari apk ini, kyk nya gak ada kepikiran klo GAK semua orang punya hp android yang hrus daftar lewat apk mobile jkn, dan giliran ada, apk mobile jkn tidak kontribel alias tidk cocok di hp saya."
4ad5f7cd-3fe3-4daf-b9ff-71bb541a83b0,Efta Triyani,4,2026-09-06T08:46:28.210Z,Kinerja & Server,Positif,Negatif,0.7757,apk nya bagus tapi sayang hp saya hp kentang jadi agak susah 😭 karna gampang ngeleg
ed5f6f65-c61c-4a80-97da-30c944db1b97,Muamar Ammar,4,2026-09-06T08:39:47.170Z,Iuran & Layanan,Positif,Positif,0.9616,membantu saya dan keluarga
8e9c3ee1-372f-48d0-9793-1c82fac845cc,Bayu Setiawan,1,2026-09-06T08:27:19.900Z,Lainnya,Negatif,Negatif,0.941,"cobalah pemerintah buat aplikasi itu yang sedikit bagus, seperti swasta.. ini apliaksi bukannya mempermudah malah bikin kesel. untuk menandai wajah aja susah betul, sampe berkali2 di coba selalu gagal"
04dbac56-4bd8-4e20-852f-7732dd7c129b,Nur Laili,4,2026-09-06T08:17:43.590Z,Antrean & Faskes,Positif,Positif,0.8352,membantu sekali agak tidak wira wiri ke rs
a55e1862-6321-4079-b153-2da95290bfcd,Rusman Rinaz,5,2026-09-06T06:58:04.668Z,Lainnya,Positif,Positif,0.9857,bagus aplikasi nya yang sangat membantu kebutuhan kesehatan
a2c386c0-dec1-4a99-a686-9194e8a4b3ee,Ayyash Rajendra,1,2026-09-06T06:53:59.476Z,Autentikasi & Akun; Antrean & Faskes; Kinerja & Server,Negatif,Negatif,0.9563,"ini yg bikin aplikasi niat bantu orang atau nambah nyusahin orang? udah sering error saat kita kepepet di RS, , apk keluar sendiri. habis pake wifi trus pake data di sruh login ulang, lemot lagi (pd hal koneksi internet lancar n cepat)"
ab01e9c1-a900-471d-8c7d-10120927c3a6,haris investing,1,2026-09-06T06:37:05.786Z,Autentikasi & Akun,Negatif,Negatif,0.9847,aplikasi ga gunaa ga masuk2 kode otp pdhal nomer hp sudah benar
42276f92-c4d7-45dc-8b17-fe7823a46443,Aditya Wijaya,5,2026-09-06T05:56:45.751Z,Lainnya,Positif,Positif,0.9931,mantap terimakasih
597822e6-b58e-4bd2-b8df-c33b72f3b126,Fian Aqila Santoso,1,2026-09-06T05:42:09.740Z,Autentikasi & Akun,Negatif,Negatif,0.9693,"aplikasi bosok, sekelas aplikasi pemerintah nggak ada fitur cloud save pas bagian pendaftaran buat mangkas waktu pengisian data. Verifikasi menggunakan foto memerlukan waktu sangat lama. Dan pada akhirnya aplikasi keluar sendiri dari device saya, begitu saja terus."
b6e476c3-e276-478f-96ec-2b6463af4f8d,Muhadi Adi,1,2026-09-06T05:15:38.511Z,Lainnya,Negatif,Negatif,0.7807,kenapa sih aplikasi buatan pemerintah ga ada yang benar ga ada yang beres
b7635f21-8722-4c56-87fb-48facb02ef22,skullz 66,1,2026-09-06T05:14:10.458Z,Autentikasi & Akun; Antrean & Faskes,Negatif,Negatif,0.9819,"verifikasinya nya ribett susah, masa nomer telfon nya bisa beda terus, mempersulit aja"
1e6b987e-a09e-4b9e-885f-fe1396e09d5c,asma nidarrauf,4,2026-09-06T05:05:21.337Z,Kinerja & Server,Positif,Negatif,0.8927,"aplikasinya lambat sekali, nunggu buka aja sampai berjam-jam.."
1e8340ac-d3c5-40db-be0b-38c695229a57,Sepri,5,2026-09-06T04:57:51.599Z,Lainnya,Positif,Positif,0.9822,praktis dan mudah
6d5d4c05-d11d-4c61-a11f-107725bc261c,Nur Azylin Hayoto,5,2026-09-06T04:35:08.140Z,Lainnya,Positif,Positif,0.9775,mantap
d81b7ba9-e0d5-4b6d-8c45-db0967309963,Wahyuni,5,2026-09-06T04:34:53.967Z,Lainnya,Positif,Positif,0.9775,👍👍👍👍
bb2d84d4-30eb-4e98-8765-f51850718866,Dika Diki,3,2026-09-06T04:01:30.555Z,Autentikasi & Akun,Negatif,Negatif,0.9957,Kesulitan registrasi karena kode OTP tak pernah dikirimkan . Sudah diulang-ulang tetap saja tak ada kode OTP 😡
d67019d2-3a4c-441a-b395-7bb4588f601f,mash thok22,1,2026-09-06T04:01:01.158Z,Autentikasi & Akun; Kinerja & Server,Negatif,Negatif,0.9584,"ga bisa masuk, dan tidak menerima otp, rekam wajahpun banyak ngebug nya, apa bisa diperbaiki?"
255556ce-2b56-48db-a4ee-0e63a6e3721f,Melda Wardani,1,2026-09-06T03:59:52.389Z,Autentikasi & Akun,Negatif,Negatif,0.9633,"saya ngaa bisa verifikasi sms lewat nomor hp ,"
aefe77cb-9287-48ce-85ef-a8b19afadf36,Axel Ross,5,2026-09-06T03:58:49.129Z,Lainnya,Positif,Positif,0.9775,bagus banget
c1e1c6b0-0c11-41f8-a75c-1bbc999719c4,Bambang Setiawan,5,2026-09-06T03:40:11.353Z,Lainnya,Positif,Positif,0.9314,Semoga Kita Semua di Berikan Kesehatan
89b60bbc-c451-4f79-86ff-dc3b4ed5bca8,fathur wae,5,2026-09-06T03:39:25.616Z,Lainnya,Positif,Positif,0.9769,cukup memuaskan
9aee90e0-311a-4432-8235-4752a99bca79,Ria Sept (Ria Sept),4,2026-09-06T03:12:29.760Z,Iuran & Layanan,Positif,Negatif,0.6502,"Layanan menonaktifkan autodebet belum bisa atau emang engga difikirkan, harusnya pelayanan ini kalau bisa mengaktifkan berarti harus bisa menonaktifkannya lagi jangan berbahasa tidak bisa dinonaktifkan kalau sudah aktif autodebet nya, sangat kecewa Toh selama ini engga pernah telat bayar, terimakasih loh layanannya"
005774a2-f104-4ddf-9f12-3fa0da183617,suryono hadi,5,2026-09-06T03:01:28.982Z,Lainnya,Positif,Positif,0.9604,bagus dan sangat informatif
8970f9b9-997d-456a-b8dc-96647300f20e,Mawan Situmorank,5,2026-09-06T02:58:34.166Z,Lainnya,Positif,Positif,0.9299,bagus layanan ya
7f73a744-6c3b-488c-a69b-c1824e8c9002,Fatimatus Sahroh,1,2026-09-06T02:45:38.316Z,Lainnya,Negatif,Negatif,0.8921,"aplikasi aneh, padahal udah hapus smpe 3 aplikasi ttep aja katanya penyimpanan penuh gak bisa d download harusnya bikin aplikasi yg ga trlalu besar penyimpanannya kalau ini d jadiin syarat mutlak bikin skck PIKIRIN HAL KECIL DSRI RAKYATNYAAAA"
4710ba2a-866f-41c4-92e4-b8be04230b94,Cablack Aja,5,2026-09-06T02:43:01.234Z,Lainnya,Positif,Positif,0.9446,mudahdan cepat
0c67ca8a-d7b4-48f6-a01e-d929108e0920,Isak curug,5,2026-09-06T02:22:37.971Z,Lainnya,Positif,Positif,0.9775,bagus
fe9fb409-8b8a-468f-a9bf-8654d8df74aa,Bani Supriatna new,5,2026-09-06T02:21:38.825Z,Lainnya,Positif,Positif,0.9775,bagus
0147039d-85eb-45b6-b13a-8493ad9c6acd,Nia Mughtia,2,2026-09-06T01:37:36.247Z,Lainnya,Negatif,Negatif,0.5289,suka nglagggg pdahal d butuhinnnn
d641d222-8c4b-403c-9a94-5b2f09982f2b,penjebol sejati,1,2026-09-06T01:29:39.152Z,Lainnya,Negatif,Negatif,0.8053,buat aplikasi ini anggaran pemerintah brp ya?
6026f40e-a54e-463d-ba29-1712c73ebcaf,Dwi astiningsih,1,2026-09-06T01:27:20.554Z,Autentikasi & Akun,Negatif,Negatif,0.9811,"aplikasi gak jelas udah lama instal setiap mau verifikasi no telfon gagal terus gak bisa2 apa gunanya ada aplikasi ini klo GK bisa di akses , gak jelas memang"
3b0a4e8b-efb6-47ec-ada6-188957a0f212,Toladi Detol,5,2026-09-06T01:23:43.865Z,Lainnya,Positif,Positif,0.7706,baru akan menggunakan belum ada pengalaman
4fc98b37-8db5-4eaf-b24c-a79367ba2958,Auriel Danggang,5,2026-09-06T01:22:47.979Z,Lainnya,Positif,Positif,0.8732,sangat membatu
6d911be7-8725-48df-be5e-0beee65b2907,Muhrofik Rofik,5,2026-09-06T01:21:52.780Z,Lainnya,Positif,Positif,0.9775,bagus sih selma AQ pakai
bd4c99c2-09ed-4c7b-8eb0-6e86e84403ea,Adisty Sakti,5,2026-09-06T01:20:33.537Z,Lainnya,Positif,Positif,0.9934,Luarbinasaa 🔥🔥
a8898fd8-a4ee-4317-a4c5-f7426dfa4325,handrix chrisharyanto,1,2026-09-06T01:10:24.236Z,Autentikasi & Akun; Kinerja & Server,Negatif,Negatif,0.8831,dari awal download sampai sebulan ditunggu kok errornya masih sama urusan verifikasi OTP ga terkirim juga.
d43df0fd-4784-4c52-afb9-0445c3ecf6d8,Kharis Rofii,1,2026-09-06T01:06:36.100Z,Antrean & Faskes,Negatif,Negatif,0.888,tidak bisa ambil antrian online. terus terusan suruh coba lagi nanti
220134a5-882e-48a9-b30c-65dad7f9a890,Poniman Ae,1,2026-09-06T00:59:03.171Z,Lainnya,Negatif,Negatif,0.8737,makin gk jelas.hp masi original kok gk katae apk gk bs di buka krna hp di root
59d5bdda-b6fe-4bb8-aaee-e4bb2367fc5c,siroj mutakin,4,2026-09-06T00:39:39.697Z,Autentikasi & Akun; Antrean & Faskes; Kinerja & Server; Iuran & Layanan,Positif,Negatif,0.7718,"BPJS mengecewakan, pelayanan di faskes pertama hampir tiap hari error, aplikasinya jg sama kadang pas mau daftar susah error data tidak ditemukan... hampir tiap hari error tapi sepertinya tidak ada perbaikan atau perubahan yang dilakukan."
8b1ab131-2c28-422d-857a-57dece1dd37a,Indra Septian,5,2026-09-06T00:28:06.566Z,Iuran & Layanan,Positif,Positif,0.8351,pengalaman yg sangat aik memakai BPJS kesehatan
6df905a2-01b9-48f2-a972-4c9ccf75ec06,"H. Agus Hariyanto, SH.",5,2026-09-06T00:26:01.437Z,Lainnya,Positif,Positif,0.9918,Sangat membantu dan Praktis dalam penggunaan
aec049b5-8a6c-476a-9c77-25f7b6872d42,Sapto Nugroho,5,2026-09-06T00:18:46.230Z,Lainnya,Positif,Positif,0.9774,mudah dan cepat
ac986fa8-204c-45d1-95c9-a28b3c9091de,Rudino firdaus,5,2026-09-06T00:13:03.141Z,Lainnya,Positif,Positif,0.5334,baguus
249f39da-f882-4ff6-83d3-c8632d35ef72,Dante IMANG,5,2026-09-06T00:01:18.953Z,Lainnya,Positif,Positif,0.9885,sangat mudah di gunakan dan sangat membantu
8acbb24d-5aa5-49b8-b0fd-52a3cb3b7339,ARIE HASTUTI,2,2026-09-06T00:00:15.109Z,Autentikasi & Akun; Antrean & Faskes,Negatif,Negatif,0.8644,"Saya pengguna baru... dpt rujukan dr puskesmas ke RS tuk daftar JKN dulu (disarankan utk mempermudah pendaftaran) kalo ga bisa suruh dtg ke RS antri dari jam 6 pagi... download aplikasi JKN utk pendaftaran sdh tepat seminggu hari ini dan masih tetap sama ""permintaan anda belum dapat diproses, silahkan mencoba beberapa saat lagi (nyatanya dah seminggu msh belum bisa juga) ini sih definisi kalo bisa dipersulit kenapa harus dipermudah yak... astaghfirullah"
1c291f89-8076-41d8-999a-b02bd460e28e,Elbarack Husain_3,5,2026-09-05T23:55:13.641Z,Lainnya,Positif,Positif,0.9775,good
10b4280a-42ec-4d1d-b405-d5d549834e15,Rifqi Naufal,3,2026-09-05T23:49:36.772Z,Autentikasi & Akun,Positif,Negatif,0.9737,tolong dong ini pihak aplikasi..kenapa gak bisa masuk terus padahal sandi sudah benar sama masuk dgn sidik jari gak msuk² selalu ada yang salah pas minta ganti sandi ya ampun lama Nerima verifikasi SMS gak keterima terus..
46613b02-d506-43ee-aaa5-279db74b88fa,Koko SpTm3,5,2026-09-05T22:36:49.513Z,Autentikasi & Akun; Kinerja & Server,Positif,Negatif,0.9127,"izin Moderator/admin , tolong dong apknya ada bnyak bug , stuck , forclose , dan stiap kluar apk dn masuk kembali sllu mengulang dri awal padahal hanya ingin mengambil kode otp . pendaftarannya kenapa harus 14 hari keburu mati lah klo yg bru dftarnya lagi skit parah , permasalahan jaringan juga padahal udah pake wifi dan data seluler dan berganti ke hp lain hasilnya sama mohon di update agar proses lebih cepat dan tidak ada kendala dlam penggunaan apk"
c38cc0ee-a8bb-4292-870a-0c8a8f061bd6,Dedy Nurfiansyah 1982,5,2026-09-05T22:20:43.298Z,Lainnya,Positif,Positif,0.9775,bagus
fb070d99-bc2a-49e2-9b1b-fa51bafedb04,feri habibie,1,2026-09-05T22:04:02.142Z,Autentikasi & Akun,Negatif,Negatif,0.9728,"kode verifikasi nomor tidak pernah masuk, emang gak ada pelihara apk kalian sampe banyak yg komplain"
a01cbfd0-fa03-4396-9fa8-38660c62ecc5,endra kurniawan,5,2026-09-05T21:48:44.342Z,Antrean & Faskes; Iuran & Layanan,Positif,Positif,0.9533,perubahan faskes lebih mudah dg apk JKN.terimakasih apk jkn
01f7f0bb-c5da-47cc-8593-d5ac10475023,Wahyu Hidayat,5,2026-09-05T18:26:25.238Z,Lainnya,Positif,Positif,0.9564,sangat baik
56603eab-96f6-46a3-8c53-1ab495fcd3c7,Aas Nurasmanah,4,2026-09-05T17:52:00.971Z,Autentikasi & Akun,Positif,Negatif,0.8829,gak bisa login lupa kata sandi😭😭
5b832313-7f4f-44f2-8553-f10f3bf03042,kevin c,1,2026-09-05T16:04:51.899Z,Antrean & Faskes,Negatif,Negatif,0.7586,"Masa tidak bisa batal kan rujukan,"
e683c736-f19b-461a-8f03-7b702a7870b3,halwina winda,5,2026-09-05T15:55:56.148Z,Lainnya,Positif,Positif,0.9914,bagus . saya suka aplikasi ini. membantu sekali
67af2b34-f4c1-4fc8-8a52-29111894f390,Toni Farel,1,2026-09-05T15:16:52.858Z,Autentikasi & Akun,Negatif,Negatif,0.856,sekelas bbjs mau registrasi biasa jha ribet bnget ya
830c7540-850e-4546-847c-0f381b6a6511,maria trisnaningsih,5,2026-09-05T14:21:10.712Z,Lainnya,Positif,Positif,0.9897,sangat membantu
ff940036-b0ce-48c0-ac49-46b0bbee8edf,Yusi 12,1,2026-09-05T14:05:07.306Z,Lainnya,Negatif,Negatif,0.9645,gk jelas ngisi no HP masa ngulang2 terus aneh bnget sih
b0b07fdf-2734-428f-83eb-0129a071be8d,Eka Fatyati,5,2026-09-05T13:48:09.700Z,Lainnya,Positif,Positif,0.9897,membantu
71d9ffa9-a814-4a81-b1b6-74366fb9c36b,Nurul Annisa,5,2026-09-05T13:45:15.629Z,Lainnya,Positif,Positif,0.9775,👍👍👍
95bb4a3c-0f62-4fda-b6c9-dd6c421ac4b7,MT MAJUTAMA,5,2026-09-05T13:32:44.150Z,Lainnya,Positif,Positif,0.9889,ok
570e0e15-6920-458a-8760-617567dead24,Sujiana Setiawan,2,2026-09-05T13:25:53.987Z,Antrean & Faskes; Kinerja & Server; Iuran & Layanan,Negatif,Negatif,0.9046,"Aplikasi jadi sering eror, muncul terus tagihan, padahal sudah bayar dan sudah bisa dipakai berobat ( kontrol )... Aneh"
c8c7d1ed-6aac-4132-9e18-cf81b5e8e86f,X Z,1,2026-09-05T13:21:05.169Z,Autentikasi & Akun,Negatif,Negatif,0.9819,mau daftar susahnya minta ampun tiap minta kode verifikasi nomer telepon pasti selalu dapet notif gangguin Mulu niat gasih ngurusin ni aplikasi
80f9d28c-a666-41f8-a456-bfc2bde294da,wahyu setiawan,5,2026-09-05T13:18:44.185Z,Lainnya,Positif,Positif,0.9775,keren
788954b9-6242-4f90-8eef-02f4fe81bb9a,jonlig jgira,5,2026-09-05T13:17:55.988Z,Autentikasi & Akun,Positif,Negatif,0.8324,verifikasi agak lama
abea6a0f-5516-45fe-859c-a5c7bf6d8305,Yoga,1,2026-09-05T13:16:49.537Z,Autentikasi & Akun; Antrean & Faskes; Kinerja & Server,Negatif,Negatif,0.9792,"Aplikasi sering error padahal buat berobat ke rumah sakit. Lebih baik datang tanpa ini aplikasi. Bikin ribet dan repot!! Juga sering Log Out sendiri namun setelah Log Out, susah Log In padahal capcha benar, nomor nik benar dan kode sandinya."
41f3f0a9-8598-4784-a05f-b42f6ce5b619,rommy zubair,5,2026-09-05T13:10:43.611Z,Lainnya,Positif,Positif,0.943,lebih mudah dengan menggunakan aplikasi mobile jkn
41f966a5-e162-4e26-9917-be53e65c7aca,Maya Azarya Messah,5,2026-09-05T12:58:10.793Z,Lainnya,Positif,Positif,0.9897,sangat membantu
a7864c0f-7372-4841-a6f1-32bf5d787aa5,Bekti Az-Zahra,5,2026-09-05T12:39:19.336Z,Lainnya,Positif,Positif,0.9889,ok
52c3b9d7-4116-4d62-88b8-d3acf7af6876,Kahfi Maulana hafidz,1,2026-09-05T12:29:52.124Z,Autentikasi & Akun; Iuran & Layanan,Negatif,Negatif,0.9889,"nih aplikasi pemerintah kenapa pada ribet ribet dah. pembuatan akun sudah mengisi sesuai nomor telepon milik kita lalu setelah jadi malah butuh verifikasi. dan saat verifikasi pakai nomor telepon malah bukan nomor telepon yg di daftar sebelum nya. kan aneh! tolong lah perbaiki sistem nya,sama satu hal lagi. saat mau mengganti nomor telepon juga ribet. harus Selfi pakai KTP tapi tetep gagal aja. kenapa dah."
19726b88-d043-4218-915a-d432ecd148e3,Ahmad Dispat,5,2026-09-05T12:29:34.475Z,Lainnya,Positif,Positif,0.9564,terbaik
d3b84f21-0fa7-45c3-8d53-c95cc857260d,hevin suwarno,1,2026-09-05T12:23:31.354Z,Lainnya,Negatif,Negatif,0.957,aplikasi sampah
70d7b801-ca16-4db0-bbe6-ef5116420b65,RUDY WIBOWO,5,2026-09-05T12:19:51.369Z,Lainnya,Positif,Positif,0.9302,Mudah banget
8cc40b75-7394-4090-8f34-b9252435cd40,Nobertus Muda,5,2026-09-05T12:16:58.553Z,Lainnya,Positif,Positif,0.9897,sangat membantu
d82d0b0b-02cc-4432-bd63-9ce8d742cd53,Ri'as Mursyid,5,2026-09-05T11:49:13.905Z,Lainnya,Positif,Positif,0.931,segala urusan jadi lebih mudah
2ae13725-fb01-40f6-810c-20171a8feecd,Yazid Ilman,5,2026-09-05T11:28:49.126Z,Lainnya,Positif,Positif,0.9775,sip aplikasinya
e2124486-f9da-4cc6-ab1c-de0c15cf4e33,Azwar Aswat,5,2026-09-05T11:21:35.462Z,Lainnya,Positif,Positif,0.9586,Good luck pokoknya
ee29d9c5-11ff-4ad9-9719-ca3b1eee2386,Neng Rahma,5,2026-09-05T11:20:03.609Z,Lainnya,Positif,Positif,0.5334,gak bisa di donwlad
a117f200-021b-4247-bf80-3cd23cf4e699,raju din,5,2026-09-05T11:05:58.199Z,Lainnya,Positif,Positif,0.9874,Sudah bagus dan sangat mudah bagi saya.
9799f777-9477-4cd6-bb50-d39c6868a91a,Dede Rohanah,5,2026-09-05T10:39:03.970Z,Lainnya,Positif,Positif,0.9775,Bagus
4e7f0528-73d7-4605-93e3-3c66649379ec,R Bejo,5,2026-09-05T10:38:06.447Z,Lainnya,Positif,Positif,0.6147,cuki ai
3fb0dcd0-1c42-4b43-90a7-410a74b1f052,RhierieMelody Official,5,2026-09-05T09:57:35.466Z,Lainnya,Positif,Positif,0.9897,sangat terbantu
da6b32b4-6708-4ddb-b344-02876e0176a5,Dwi Nurhayati,1,2026-09-05T09:27:38.784Z,Autentikasi & Akun; Kinerja & Server,Negatif,Negatif,0.9125,aplikasi eror tidak bisa mendaftar
ae8de53a-1bc5-4f9c-b757-ea9c90914cfa,RH music,5,2026-09-05T09:16:34.128Z,Lainnya,Positif,Positif,0.5334,okriklah
838201e2-f187-4303-b22a-0d7362026b5d,kiyaialam syah,5,2026-09-05T08:59:07.410Z,Lainnya,Positif,Positif,0.9985,oke bagus terimakasih
ac54e5b7-9bed-4be0-8254-3dcf2fb54316,RH engineer,5,2026-09-05T08:58:38.710Z,Lainnya,Positif,Positif,0.6989,5x complain akhirnya waras juga he5...
e9838ac2-85ee-4f55-8d84-aab38251836a,Diva Azkia Issaura,2,2026-09-05T08:57:06.300Z,Autentikasi & Akun,Negatif,Negatif,0.9663,"Mau daftar udah ribet, gagal berulang kali pula, padahal internet lancar. Aplikasi seharusnya didesain lebih inklusif."
c17108fd-8ce3-4eae-9f34-5b418e4cc74a,Golan Lumbanraja,2,2026-09-05T08:46:33.422Z,Autentikasi & Akun,Negatif,Negatif,0.8303,Tidak bisa didaftar
38f511e0-7d93-460a-b498-01cc07bc51f5,Andri Aisyah,5,2026-09-05T07:42:09.502Z,Lainnya,Positif,Positif,0.9485,Menggunakan jkn mobile memang mudah tidak sulit thank ya jkn mobile smoga sukses slalu k depaninnya🤲amin ya robal alamin🤲
2568053a-9b10-4890-9c2a-03350ca21397,Dian Priatna,1,2026-09-05T07:22:20.715Z,Kinerja & Server,Negatif,Negatif,0.7976,lelet
429a5e39-ea87-459c-8c01-97a1e242650f,Iim Maria,5,2026-09-05T07:21:15.442Z,Lainnya,Positif,Positif,0.9897,sangat membantu
e22cb537-1b4b-43d3-b5fa-c66548585128,Edi,1,2026-09-05T07:16:19.255Z,Autentikasi & Akun,Negatif,Negatif,0.9297,"mau daftar online,mesti verifikasi no HP, tpi tidak bisa"
6e299643-8948-4403-ba44-a9c13f939be3,birong simarmata,3,2026-09-05T07:12:36.251Z,Kinerja & Server,Positif,Negatif,0.6926,update buat repot
d791030d-5f7f-42c9-85ea-139f99a6bab6,Lia Rohmat,1,2026-09-05T06:56:08.210Z,Lainnya,Negatif,Negatif,0.6089,sering kluar aplikasi sndri
9d887eef-5ae9-4eba-b6e7-99d9f994e51c,Tatik Griselda,5,2026-09-05T06:23:32.936Z,Iuran & Layanan,Positif,Positif,0.8057,lebih enak jadi gak repot ke kantor kalo mau ubah data
d186735c-5e67-4251-bc23-47016b1b89f4,Rizka Nur Afifa,1,2026-09-05T06:12:04.742Z,Autentikasi & Akun; Antrean & Faskes,Negatif,Negatif,0.9557,"tolong diperbaiki dong sistemnya. saya kerja di security RS, keseringan pasien kami itu belum membuat akun JKN karna kondisi hpnya yg tipe lama jadi tidak bisa download aplikasi MJKN. Sering kali mereka minta tolong ke kami untuk dibuatkan akun dan numpang login akun untuk daftar rujukan ke RS. sementara aplikasinya kalo sudah login sampai 3 NIK tidak bisa login akun lagi. sampe"" saya harus ngalah akun MJKN saya sendiri sudah tidak bisa login di hp sendiri."
f77d7453-49a6-42ba-a8b2-b30de90401b7,Bohar MHA,5,2026-09-05T06:04:24.430Z,Lainnya,Positif,Positif,0.9916,"ok, memudahkan"
5e5ae640-6499-4f32-ab31-7589a00419b4,Angga Putra,1,2026-09-05T05:45:14.561Z,Autentikasi & Akun,Negatif,Negatif,0.9909,"busuk banget ni aplikasi , kode otp gak masuk masuk"
b331b86f-588b-41f0-bcde-678d467cce86,Eli Nurlaeli,5,2026-09-05T05:38:12.780Z,Lainnya,Positif,Positif,0.9774,mudah dan cepat
d9c60de6-c0a6-49f5-a788-ead03345e10c,Herman Sandi,1,2026-09-05T05:27:41.973Z,Kinerja & Server,Negatif,Negatif,0.9816,aplikasi punya negara tapi busuk.. verivikasi nomer hp error terus
34e45cfe-9c13-48ba-9530-2eec434a7576,Omstiff404-•WRX,1,2026-09-05T05:11:35.902Z,Autentikasi & Akun,Negatif,Negatif,0.7843,"kurang stabil nih apk, kenapa otpnya harus ada biaya, kan bisa via WhatsApp biar free gak perlu biaya"
57d9a57b-1217-4087-b6cf-13cd0e6631f5,Herwandi wandi,1,2026-09-05T05:07:34.440Z,Autentikasi & Akun; Antrean & Faskes,Negatif,Negatif,0.9862,"makin kesini makin parah ni aplikasi,masak mau masuk ngk bisa,salah no nik lah,salah capca lah,maksud nya gimana ini,orang butuh mau daftar untuk berobat malah di persulit,udah ngk usah gunaiin aplikasi kalau ngk bisa login,mempersulit rakyat aja yg butuh pengobatan,tolong dong di perbaiki sistem nya,kalau ngk bisa di perbaiki,mending hapus saja aplikasi jkn nya.trims"
f5da2ffa-aaa9-464c-ae32-03b95bea1f2a,romi A,5,2026-09-05T04:41:49.626Z,Lainnya,Positif,Positif,0.9048,sangat membantu untuk saya yg pertama kali sebagai anggota non pekerja.pengaduan teknis cepat di respon.semangat
a3f3280f-1265-48f1-96e3-0c6492d3d959,Febrianto Gregorius Seba,5,2026-09-05T04:36:03.337Z,Lainnya,Positif,Positif,0.9775,mantap..
a58c3fdc-82a7-4749-a172-0302f1352183,Ifan Fansuri,5,2026-09-05T04:07:56.159Z,Lainnya,Positif,Positif,0.7057,always improve
05a7c423-5d75-43ba-89e8-bfd97e8c8450,Rifai Ariyanto,5,2026-09-05T03:58:33.705Z,Lainnya,Positif,Positif,0.9822,praktis dan mudah
15d5e677-a4e2-4843-80ec-1a4361cc6fac,Nasaktion,5,2026-09-05T03:54:00.307Z,Lainnya,Positif,Positif,0.9564,baik
f641d24a-3119-4876-a171-f7018ee40c29,Marsono,5,2026-09-05T03:52:38.715Z,Lainnya,Positif,Positif,0.9775,jos jiss
2e9d19ec-3698-444a-8775-3a15e6ebc575,Rona Rodiana,5,2026-09-05T03:45:38.248Z,Lainnya,Positif,Positif,0.9797,pelayanan memuaskan
7cd91abc-352d-47b7-81b0-8e42c858e4e6,Fauziah Tanjung,5,2026-09-05T03:34:26.613Z,Lainnya,Positif,Positif,0.9551,sangat membantu dalam proses kesehatan
5aacdc98-8704-4453-a637-cab4161cea14,Andika Liliana Rahmasahrii,1,2026-09-05T03:31:40.435Z,Autentikasi & Akun,Negatif,Negatif,0.947,susah verifikasi wajah. udah 3 hari nyoba gak jadi²
704056dd-56c1-4d08-a5d3-b943ee358e4a,Abdul D. Wahab,4,2026-09-05T03:27:09.577Z,Autentikasi & Akun; Iuran & Layanan,Positif,Negatif,0.5831,aplikasi ini sangat membantu kepengurusan BPJS tanpa harus ke kantor akan tetapi masih ada beberapa fitur yang harus di perbaiki terutama dibagian verifikasi data dan kode OTP yang masih lama
433d41b9-005b-46ec-8b0e-c426435d3140,J S,1,2026-09-05T03:16:06.000Z,Lainnya,Negatif,Negatif,0.9441,makin JELEK dan Ga Beraturan harusnya paling Telat tgl 10 sekarang baru tgl 5 sudah didoble dan di nonaktifkan kalian ga tau susahnya cari uang sekarang hah???
3bca6ec2-d6ed-4e81-9eec-5b8744e145f4,Sambas Hendrata,4,2026-09-05T03:11:19.615Z,Lainnya,Positif,Positif,0.9696,sudah cukup bagus
8356b188-fd9a-41bb-8fa8-42e96eb4861a,Sriyuliani 699,5,2026-09-05T03:04:21.469Z,Lainnya,Positif,Positif,0.9941,"adanya aplikasi Mobile JKN ini sangat sangat membantu ,terimakasih"
6fdfc0ab-a58f-45a9-98d8-221e4f16706c,Babi Kecap,5,2026-09-05T02:51:05.421Z,Lainnya,Positif,Positif,0.9897,sangat membantu
cd93e4e1-b004-4801-ac34-4dee77741e3b,Muhammad Fauzi,5,2026-09-05T02:50:59.406Z,Lainnya,Positif,Positif,0.9775,bagus
548ebd35-37e6-4c04-843e-790d4510e971,Gilang Toxy Aprella Priadana,1,2026-09-05T02:39:55.251Z,Lainnya,Negatif,Negatif,0.7923,kok aplikasinya gak bisa di buka sih penting woy
efd5a30e-bbfe-45e1-ada0-99b4a79ffa84,Brim Tea,3,2026-09-05T02:39:03.280Z,Autentikasi & Akun,Negatif,Negatif,0.9007,kalau bisa di bikin susah kenapa harus di gampangin. login saja susah konoha konoha
5d31b2ca-c0a1-4e96-8741-c3b1ecd48607,Yoan Tyus,2,2026-09-05T02:36:21.669Z,Autentikasi & Akun; Antrean & Faskes; Iuran & Layanan,Negatif,Negatif,0.7522,"kami ini yang bayar anda buat apk agar permudah pengguna bpjs kesehatan.. kok kami di persulit untuk login dan ingin mengetahui fungsi dan kegunaan dari apk jkn ini.. tolonglah,tingkatkan kinerja anda sebagai pembuat apk bpjs.. jangan makan gaji gede aja..!!"
4d61ca64-dff4-400a-8622-511025c73d23,s_yanto Azuma,5,2026-09-05T02:33:54.449Z,Lainnya,Positif,Positif,0.9768,Pelayanan Sanggat Memuaskan
573d633a-be8b-4a1b-b252-56c032d3b0b2,Belmancitra 1990,5,2026-09-05T02:33:15.769Z,Lainnya,Positif,Positif,0.9775,mantap
a7ffb6bd-0b80-4039-9035-52496c566c39,Melky Mandagi,5,2026-09-05T02:27:25.993Z,Lainnya,Positif,Positif,0.9889,ok
7cc2e76d-f4fe-4851-af3d-e9c4b2f9dd06,pondokan garis lurus,1,2026-09-05T02:21:26.352Z,Autentikasi & Akun; Iuran & Layanan,Negatif,Negatif,0.9145,"anggaran besar, tapi yg di hair pegawai aiti tingkat SMP, bikin aplikasi kok kek gini, kalah sama Indomaret, saya dari awal download sampai sekarang masih gak bisa login, sudah di bantu sama pegawai BPJS nya tetap aja ga bisa login, ujung2nya ga guna nih apk😔"
379b74ca-8023-46d7-a1fc-b01c93907911,chintya devi,1,2026-09-05T02:15:16.941Z,Autentikasi & Akun; Antrean & Faskes; Kinerja & Server,Negatif,Negatif,0.9926,"Aplikasi bodoh. Mungkin hampir tidak berguna. Berkali-kali selalu eror. Mau daftar saja tidak bisa. Scan wajah ulang-ulang terus. Captcha juga sangat mempersulit, tidak jelas. Tolong diperbaiki agar memudahkan."
2b8f127e-6f09-400e-ba28-e11de6fa7184,Rizki azlina Putri,5,2026-09-05T02:12:38.710Z,Lainnya,Positif,Positif,0.9775,bagus
3ba0ac05-974e-450e-bcf2-459f2cb9acd8,Nabella Puspitasari,5,2026-09-05T02:06:16.816Z,Lainnya,Positif,Positif,0.9229,Sanggat membatu
f5a7354f-d6f6-43e4-8230-92d96c7c60c2,usuy myf,4,2026-09-05T01:54:02.718Z,Autentikasi & Akun,Positif,Negatif,0.5325,"mohon di perbaiki lgi dan di permudah buat cara verifikasi nya , jgn sering² logout soalnya gak selama nya org hafal kata sandi terimakasih"
d652d770-efc4-407e-ae8c-37b46815fee4,JF ARKANA,1,2026-09-05T01:37:43.201Z,Kinerja & Server,Negatif,Negatif,0.8083,lemot sekali app ini... sekarang
df39257f-07c1-471e-a886-d476dc7a0558,Saya Ultraman,5,2026-09-05T01:33:54.959Z,Autentikasi & Akun,Positif,Negatif,0.7011,"dipermudah woi login nya masa ngulang otp doang 300s, lu kira semua orang punya waktu luang kek lu"
348ac062-bfd0-46fa-9243-820e9a721d16,zhurty teja,5,2026-09-05T01:09:51.544Z,Lainnya,Positif,Positif,0.9775,Mantap
80f2d9e0-8502-45da-8b98-a1b2e43a1aab,Muhammad Roni,5,2026-09-05T00:55:27.665Z,Lainnya,Positif,Positif,0.9775,mantap
1aafe281-b51d-40b3-b074-745dfeb965c3,Andy Malerang,5,2026-09-05T00:50:15.304Z,Lainnya,Positif,Positif,0.9897,sangat membantu
59804889-2348-4cb3-875d-c60e733b8fd8,Diki Darma wijaya,4,2026-09-05T00:40:14.482Z,Autentikasi & Akun; Antrean & Faskes; Iuran & Layanan,Positif,Positif,0.872,baguss pindah faskes tidak sulit
2a18b87d-1fbf-4457-96a9-18adc02b4d77,Basman Bas,1,2026-09-05T00:31:38.482Z,Antrean & Faskes; Kinerja & Server,Negatif,Negatif,0.9819,"aplikasi tolol sering eror,sudah antrian no 2 sampai RS malah dapet antrian no 10,tolol gak tu.dan juga sering log out sendiri,tolong di benahi"
a613a599-24f0-4338-8e17-c0f811b3a050,Adhytio sasmita chan,5,2026-09-05T00:31:07.344Z,Lainnya,Positif,Positif,0.9775,mantap 👍👍👍
b520d2b3-cce0-4554-a677-8748db85a28a,Dian Sopyan,5,2026-09-05T00:03:37.375Z,Lainnya,Positif,Positif,0.9775,mantap
5eef53c5-22dc-4e30-8512-ab50f1e04d46,vvhy478,5,2026-09-04T23:44:24.241Z,Antrean & Faskes,Positif,Positif,0.9674,cara mudah & cepat mengakses layanan kesehatan tanpa perlu antri.
b84dd348-9156-4783-ad91-02b3b475debd,Enni Rasel,5,2026-09-04T23:27:38.750Z,Lainnya,Positif,Positif,0.9889,ok
2f92c80f-603c-4457-a934-34501cbcdc2d,Dharma Dwitunggal,5,2026-09-04T23:17:31.710Z,Lainnya,Positif,Positif,0.9604,Terima kasih atas layanan kesehatan yang memudahkan untuk rakyat
3d6a3621-35df-48a3-bcb4-9ee4b08096eb,Agus Sudi Kusuma,5,2026-09-04T23:11:36.367Z,Lainnya,Positif,Positif,0.9775,mantap
f63b1777-6038-4c4e-9a63-ba1562b94968,SOPAN SOPYAN,5,2026-09-04T22:57:20.458Z,Lainnya,Positif,Positif,0.9897,aplikasi membantu
bca90153-a2e0-4698-9e89-b1df70d06b95,andhika firmansyah,1,2026-09-04T22:44:38.628Z,Autentikasi & Akun,Negatif,Negatif,0.8022,gimana caranya kalo yg handphonenya masih tipe lama jadi gak bisa support apk hari ini saya mau daftarkan istri saya sakit gak bisa login2
0b6c5c48-058a-4939-8d98-521108ac33c3,Serli Labadjo,5,2026-09-04T22:43:45.205Z,Lainnya,Positif,Positif,0.9874,"Sudah bagus, sangat memudahkan"
ab341553-baf7-47df-bc04-ea4c5723afe7,Aprilia Katiandagho,1,2026-09-04T22:39:28.248Z,Lainnya,Negatif,Negatif,0.9343,aplikasi tidak berguna
1065bb5f-0ab0-474e-a3ae-1b1c71a6e3a7,Yatty Yatty,1,2026-09-04T22:37:38.172Z,Kinerja & Server,Negatif,Negatif,0.8495,aplikasi eror
721d7961-e06c-4338-89ac-d8da5ac4390b,tami Rizki,5,2026-09-04T22:27:58.961Z,Lainnya,Positif,Positif,0.8591,sesukses
256ed4c2-297d-4bf2-89ca-b6126f8bfa02,Prida 75,5,2026-09-04T21:40:13.786Z,Lainnya,Positif,Negatif,0.7183,kok gak bisa di buka
2769d318-d9cf-4f31-be33-2d56d63d7779,Yang terdholimi Oleh koruptor,1,2026-09-04T21:37:09.160Z,Lainnya,Negatif,Negatif,0.7788,captcha muter muter terus
06cf33f5-b259-47ea-a585-a04cd11da103,agista queen,2,2026-09-04T21:31:23.283Z,Antrean & Faskes,Negatif,Negatif,0.6775,sudah 3hari belum dapat antrian keslahan terus
6194e317-228d-4ba0-94c6-58f402696c60,Ratih Rati,1,2026-09-04T21:29:17.357Z,Lainnya,Negatif,Negatif,0.7543,sering ganguan waktu di butuhkan aneh.
afea8469-97ab-4d94-847c-764174a07ccb,Arga Febriyanto,2,2026-09-04T21:15:12.134Z,Lainnya,Negatif,Negatif,0.7407,hemmm kurang memuaskan
d81f3a3c-e30a-4a85-a09b-4ce7f544fddb,TBR Racing,1,2026-09-04T20:31:20.972Z,Autentikasi & Akun; Kinerja & Server,Negatif,Negatif,0.9177,aplikasi ssmpah waktu di butuhkan buat ke rumah sakit malah gak bisa masuk capcha nya loading terus tolong di perbaiki
fb60d536-7bb3-4b29-8677-4cb0a2bc2b56,Rahmat Kurnianto,5,2026-09-04T19:55:49.225Z,Lainnya,Positif,Positif,0.9889,ok
89fb2ad6-426e-400b-8cd2-5627b12aa08c,arief ruwanda Jaya dinata,2,2026-09-04T19:42:46.367Z,Autentikasi & Akun,Negatif,Negatif,0.9499,mau login aja susah amat
47783f33-7914-4690-8bc7-1668a5ef8ae9,Rifki Agus,1,2026-09-04T19:00:00.185Z,Autentikasi & Akun; Kinerja & Server,Negatif,Negatif,0.9771,"apk jembod , SMS gak dikirim kirim kemudian captcha gak bisa keluar keluar loading teross"
7e119653-9f3c-4b0b-9659-9b79b2ed3aad,NIKMATUS SHOLIHAH,1,2026-09-04T18:39:50.844Z,Autentikasi & Akun; Antrean & Faskes,Negatif,Negatif,0.9817,"aplikasinya tolong diperbaiki selalu kendala daftar dan login suka buah, tolong diperbaiki karena menguji kesabaran banget kode otp tidak masuk, verifikasi wajah lama, capcha tidak muncul buat daftar aja sudah banget sampai 3 jam tidak selesai akhirnya menyerah karena capcha tidak muncul2 tapi butuh buat antrian, tolong dievaluasi lagi dan diperbaiki"
eac439ed-11cf-4727-9651-b9c38a72a2da,Nyai 0893,1,2026-09-04T18:21:07.611Z,Autentikasi & Akun; Antrean & Faskes; Iuran & Layanan,Negatif,Negatif,0.9831,"aplikasi buruk... tiap d butuhkan ga bisa d gunakan, mau daftar antrian berobat susah ny minta ampun alhasil ga kebagian trus antrian😭 gimana si ga ada perubahan sma sekali dri dulu"
a967fce7-d1c1-4d03-899f-5fccbb321edd,Yudhistira,1,2026-09-04T18:10:54.294Z,Lainnya,Negatif,Negatif,0.9288,"sering banget gangguan tengah malam, klo darurat kudu nunggu aplikasi bner dulu gitu?"
60666570-8306-4bad-80cc-38ca3ecbc153,Aptria Vidiarta Putri,1,2026-09-04T17:57:54.457Z,Autentikasi & Akun; Antrean & Faskes,Negatif,Negatif,0.606,"sering trouble, dahal ini aplikasi penting lho, kirain wifi atau kuota saya yg bermasalah ternyata aplikasi ini yg memang lagi sering terkendala. tolong ini bukan aplikasi penghibur seperti game tp ini aplikasi berurusan sama kesehatan!!!!"
9de24000-df18-4726-8c4b-5e14f54152a5,oki andhika,1,2026-09-04T17:45:30.753Z,Kinerja & Server,Negatif,Negatif,0.8777,"Apadah aplikasi sering ngelag gajelas gini, Aplikasi kesehatan yang jadi prioritas masyarakat masa kalah sih kualitasnya ama aplikasi game bocil bocil yang lebih jarang ngelag. PERBAIKI lagi lah kualitas apknya huuuuu!!!"
10e08f54-c099-41c4-9180-8d49dce1729c,Jack forsoc,1,2026-09-04T17:45:15.884Z,Lainnya,Negatif,Negatif,0.8227,kecewa berat
02c76476-7092-4bca-a503-75b6af45cb06,johanes sirken,5,2026-09-04T17:42:43.580Z,Lainnya,Positif,Positif,0.9897,sangat membantu
7eb1037b-1c88-43bc-8cad-5acf40065aea,Fahlevi Andiska,3,2026-09-04T17:38:08.412Z,Autentikasi & Akun; Antrean & Faskes; Kinerja & Server,Negatif,Negatif,0.9434,"Setiap login ulang, captcha nya lama munculnya, sering loss connection juga padahal koneksinya aman-aman aja kok...jujur itu yg bikin kesel, MAU BEROBAT MALAH DIPERSULIT... TOLONG DIPERBAIKI 🙏"
240947f7-5d9d-4659-8cb8-8c696229c370,Ikhsan Suheri,3,2026-09-04T17:20:43.198Z,Autentikasi & Akun; Kinerja & Server,Positif,Negatif,0.8947,"Tolong diperbaiki lagi saya mau daftar online kenapa suka error mulu padahal jaringan bagus gak ada kendala, ini gimana sih suka menyusahkan rakyat saja saya ini orang yang kurang mampu malah di uji kesabaran nih sama aplikasi padahal saya punya saudara yang harus kontrol rutin"
fb7dcd69-3236-4efb-9ca8-44a125849080,Moh Radit,3,2026-09-04T17:18:17.294Z,Autentikasi & Akun; Kinerja & Server,Positif,Negatif,0.6466,"aplikasinya udah bagus tapi pendaftarannya lama banget ada masalah ini lah itu lah,lemot banget,dan nguji kesabaran"
3c974397-f415-4ad6-b487-affcdbdc8e41,Dhani Febrianda,5,2026-09-04T15:25:43.541Z,Lainnya,Positif,Positif,0.9775,good
92b99dcd-f806-4eb9-a3d0-1fdd64165287,Alma Wanti,1,2026-09-04T15:04:33.753Z,Autentikasi & Akun; Antrean & Faskes; Iuran & Layanan,Negatif,Negatif,0.933,amit amit BPJS skrg ternyata 1 akun jkn cuma buat 1 orang jd klo mau liat gambar kartu digital harus bikin per nama gila gasih negara Konoha makin dipersulit gila aja klo anggota keluarga ada 5 org ya bikin 5 akun gilaaaa
fadc5bb5-1a14-4cc9-b8a1-8e85ef10e95a,Halwan yusup,1,2026-09-04T15:04:02.400Z,Autentikasi & Akun,Negatif,Negatif,0.9542,"aplikasi asu, verifikasi nomor susah verifikasi email juga susah amat. kalah Ama verifikasi judol"
e4e05a9b-a394-4f36-a34e-2507f816a8cd,Yeni Nuraeni,5,2026-09-04T14:50:56.541Z,Lainnya,Positif,Positif,0.9753,sangat bagus layanan nya
9c8a0acc-1a59-47a0-bdb8-e286f4501fe7,Retno Purwaningsih,5,2026-09-04T14:47:10.591Z,Lainnya,Positif,Positif,0.9928,"Alhamdulillah, sangat membantu"
916bda4d-8ca4-4a5c-b66a-5c37efb6a640,Zaen Cakep,5,2026-09-04T14:23:39.312Z,Lainnya,Positif,Positif,0.9775,bagus
8d214fbb-c886-4436-a282-896d411e3b40,Muhammad Akil,1,2026-09-04T13:57:24.186Z,Autentikasi & Akun; Iuran & Layanan,Negatif,Negatif,0.988,"saya baru mau cek BPJS dan baru daftar tapi pas masukan nomor HP kode OTP tidak di kirim"" ke SMS sampek saya mintak kirim ulang kode OTP masih gak juga"
bfe2c28d-8d64-4a4b-a7e3-d6b7a85a1e0e,Zainal Arifin,5,2026-09-04T13:55:54.865Z,Lainnya,Positif,Positif,0.9775,mantap
a0bb4b3e-ecea-42bc-9a33-bc22e6f33088,margo utomo,5,2026-09-04T13:47:05.581Z,Lainnya,Positif,Positif,0.963,pelayan sangat baik
84e3eb74-f77d-4fbf-8752-b834da84f3fd,Tutialawiyahh TutiAlawiyah,1,2026-09-04T13:31:40.905Z,Lainnya,Negatif,Negatif,0.9434,tolol
bb9dddf0-8c07-4291-8cf9-aec63395c875,Yohannes Iswanto,5,2026-09-04T13:25:23.946Z,Lainnya,Positif,Positif,0.9612,tanggap dan bagus
d331a146-9549-4707-9773-f05169a3d1cd,Techno Memez,5,2026-09-04T12:56:41.110Z,Lainnya,Positif,Positif,0.9775,sangat bagus
f8f2252c-b83f-40c7-a9e9-290974fe443e,Way Tif,1,2026-09-04T12:48:27.489Z,Autentikasi & Akun,Negatif,Negatif,0.9805,kode otp nya ga muncul muncul hapus aja apl kaya gini ga guna
7452f0d9-1925-4333-a806-d1918c591f6c,David Purnomo,1,2026-09-04T12:41:50.775Z,Autentikasi & Akun,Negatif,Negatif,0.857,aplikasi terjelek sbntr di pengaruhi sbntr di perbarui akhirnya logout masuk lage bikin pusing
7e446feb-4be3-4261-8c54-334053bba515,Arta Yuliana,5,2026-09-04T12:41:19.960Z,Lainnya,Positif,Positif,0.9534,mudah dipahami
37cca6d8-aa2d-4c8c-895a-32c61e22f661,Febby Ola Cicilia,5,2026-09-04T12:30:08.704Z,Lainnya,Positif,Positif,0.9346,sangat menawan dan bagus dan indah
5a1d6209-a70f-4ac2-b7e0-dd4e63916655,Laga Kumara,5,2026-09-04T12:29:54.832Z,Autentikasi & Akun,Positif,Negatif,0.9115,"aplikasi gajelas saya mau verifikasi di muka gagal gagal mulu padahal sudah saya ulangin berkali kali tetap gabisa, sudah di tempat terang ga pake aksesoris tetep gabisa, ini sengaja tak kasih bintang 5 biar di baca!!"
62229c19-ccab-4520-9959-d5d96f2b415a,RENDY SAPUTRA,2,2026-09-04T12:22:03.509Z,Kinerja & Server,Negatif,Negatif,0.9696,"Aplikasi nya semakin update, semakin buruk tiba2 keluar sendiri dan CHAPTA ngga jelas tulisannya chapta gampang dibikin susah"
f73e5e7e-7fd0-4b7d-8051-8b1a67ba920a,Barokah Farm,1,2026-09-04T12:19:30.287Z,Autentikasi & Akun; Antrean & Faskes,Negatif,Negatif,0.9814,"aplikasi cacat, logout sendiri mau login sudah 3 hari gak bisa masuk , otp gak dikirim2 , sudah tau kalau rujukan rumah sakit harus online. bosok. tolong ditanggapi."
386263e2-3ed2-451f-a5c2-027c2ee9b1d1,Teguh Widodo,1,2026-09-04T12:18:46.609Z,Autentikasi & Akun,Negatif,Negatif,0.8573,aplikasinya sangat susah untuk orang tua. untuk menerima SMS harus punya pulsa
45f37a92-3bda-4a4e-99f9-dc449ef26401,Randipurba1990,5,2026-09-04T12:16:48.988Z,Lainnya,Positif,Positif,0.5334,baiksekaliboskuh
4cd9cab5-2383-4a39-aaf3-8824ce375fff,Dewisri widowati,1,2026-09-04T12:14:45.320Z,Autentikasi & Akun; Antrean & Faskes,Negatif,Negatif,0.9056,"apa apa di persulit heran, mau verifikasi aja susah banget setan"
e6139a52-5814-48d4-8fd5-d8bd2edb47cc,Arif Hidayat,5,2026-09-04T12:10:34.501Z,Iuran & Layanan,Positif,Positif,0.9859,"Saya ucapkan Terimakasih banyak, dengan adanya program BPJS ini sangat membantu sekali."
c24adb7a-d297-42bc-a686-82beaf849b44,Putra F Hia,5,2026-09-04T11:59:25.568Z,Lainnya,Positif,Positif,0.9775,bagus
d8480590-fbe8-4845-828b-83b944efbc71,Asih 10,3,2026-09-04T11:35:29.600Z,Autentikasi & Akun; Antrean & Faskes,Negatif,Negatif,0.8768,apknya susah banget pas baru daftar katanya buat mempermudah tapi malah di persulit
09dd852a-006b-42ba-aca4-ee3b16a62fa9,DIDIK KN,5,2026-09-04T11:23:39.831Z,Lainnya,Positif,Positif,0.9067,memudahkan transaksi
d897807e-9e2d-4eaf-a7f1-d66d5c54f3b0,Dwi Zahra Valerina,3,2026-09-04T10:47:25.845Z,Autentikasi & Akun,Positif,Negatif,0.8497,"salah banget pilih metode verifikasinya pakai SMS, harus pakai pulsa"
f69fb04b-e45e-407a-bd6b-e653c9218114,Trio Yadiwinata,5,2026-09-04T10:38:39.353Z,Lainnya,Positif,Positif,0.9775,josssss
709458a0-6bad-4c2f-a742-ca31ad1aa15b,Ma Nik,5,2026-09-04T10:23:42.615Z,Lainnya,Positif,Positif,0.9942,TOP dan memudahkan
bddf93f8-5f54-44a8-895b-c01c5e1de484,Mochammed Zakaria Yahya,1,2026-09-04T10:19:51.340Z,Autentikasi & Akun; Antrean & Faskes; Kinerja & Server,Negatif,Negatif,0.9674,kenapa ya pas mau daftar dipersulit sama captcha nya yang gak mau keluar meskipun pakai jaringan apapun?
b0ccce69-be29-4d18-9d40-614252e6ee60,Nisa Arta,5,2026-09-04T10:10:48.884Z,Lainnya,Positif,Positif,0.9791,memuaskan sangat sangat
759e5da1-a1e2-431b-9689-66dedfeb7cc6,Josua Turnip,1,2026-09-04T10:02:11.899Z,Autentikasi & Akun,Negatif,Negatif,0.9552,"pendaftarannya susah, harus verifikasi setiap kolom, dah gitu verifikasi susah kali"
29b14ee0-d0f2-48f0-a9a5-7d60db3c6b16,Azka Saputra,5,2026-09-04T09:54:02.179Z,Lainnya,Positif,Positif,0.9965,bagus dan membantu juga
b190da32-ea46-4d82-86b3-8045aaf5e62c,Sela Arianja,5,2026-09-04T09:43:00.674Z,Lainnya,Positif,Positif,0.9775,Mantap
4db61120-c9a7-4337-8ab2-282c80fb39a8,Sudahnan Bintang,5,2026-09-04T09:39:16.767Z,Lainnya,Positif,Positif,0.9775,bagus
6c0d5441-6b80-4e10-9138-ba7cf7e3e786,Sriaja Nyoman,5,2026-09-04T09:06:19.543Z,Lainnya,Positif,Positif,0.9775,mantap
0a55abde-55a2-4ad2-b70b-9e7a7ce6438a,Monica Novena Sinaga,5,2026-09-04T09:00:58.618Z,Lainnya,Positif,Positif,0.9564,sudah lebih baik
6051f1f3-887c-49d0-995a-e941d5ec2704,Yulida,1,2026-09-04T08:09:00.679Z,Lainnya,Negatif,Negatif,0.9434,tolol
2837c1d8-8858-492d-b4b4-16b2805d0d9b,JB5 BANYUWANGI,5,2026-09-04T07:55:59.634Z,Lainnya,Positif,Positif,0.9965,bagus membantu sekali
4def6012-3622-4b80-8fc8-6984b4f64425,Tatang Sutisna,5,2026-09-04T07:27:09.745Z,Lainnya,Positif,Positif,0.9769,respon cepat dan mudah
81365960-1106-4748-9e04-bcfccaa89595,Khanza Askyana,5,2026-09-04T07:26:11.465Z,Lainnya,Positif,Positif,0.9736,sangat puas sekali memudahkan pelanggan
bfc6a5bd-48ee-4fed-a377-68ef23008fad,Ebenezer Maharadja Official,5,2026-09-04T07:04:45.201Z,Lainnya,Positif,Positif,0.8542,lebih nyaman juga pake aplikasi mobile jkn
6963c3d1-3ffe-4049-ab99-896d8dca09e2,Dani Irpan,1,2026-09-04T06:49:11.136Z,Autentikasi & Akun,Negatif,Negatif,0.9243,otp gak dapet dapet
76d0501e-a238-4705-af09-c37bc0a7b717,Wahyu Hendry,1,2026-09-04T06:40:26.132Z,Kinerja & Server,Negatif,Negatif,0.9111,"kalau harus update dan perangkat tidak kompatibel, hal ini sangat merugikan peserta JKN karna tidak semua orang mampu membeli/memiliki perangkat yg kompatibel"
b26ab2d0-3bf7-48f5-bee8-3df4fc54235e,Josua Manggaratua,5,2026-09-04T06:36:49.735Z,Lainnya,Positif,Positif,0.9889,ok
0df28d13-56d2-4c49-aa5a-64d690a2445b,Chorinda Triwidyastara,1,2026-09-04T06:33:44.799Z,Lainnya,Negatif,Negatif,0.9139,APLIKASI BOBROKK DEVELOPER TOLOL KALO BELUM SIAP BIKIN APL GAUSA BIKIN TOLOL. GINI AMAT APL DARI PEMERINTAH
10795102-ee7e-41a5-9fb4-b9dc7d73104e,Wa Ode Harnisa,5,2026-09-04T06:32:49.748Z,Lainnya,Positif,Positif,0.81,saya sangat suka pelayanan disini
38c676f5-3756-4776-a5a2-0cac4e1a9cde,Din Din,1,2026-09-04T06:26:24.168Z,Autentikasi & Akun; Kinerja & Server,Negatif,Negatif,0.9919,"kacaw kacaw, tiga hari nunggu otp berkali kali kirim ulang dengan nomor yang berbeda beda, sama sekali gak muncul sms/wa/telpon, dikit dikit eror padahal jaringan lancar banget, emang semua aplikasi plat merah kaya gini?, dana kan banyak coba di evaluasi buat tim developer yang berkompeten,"
1b12e842-bf3c-450b-835f-7e21d0684443,Roni Kurniawan,1,2026-09-04T06:21:38.880Z,Autentikasi & Akun,Negatif,Negatif,0.935,woy betulin tuh apk jangan logout Mulu bangsat !!!
1f123c84-580b-4646-aae2-c287fce95ccc,Mami Idaman,2,2026-09-04T06:00:56.159Z,Lainnya,Negatif,Negatif,0.5179,kena ga bisa di downlod Ama Vivo y19
e74922ea-bbad-4ead-a1a7-6ab825eae584,Agung Danwood,5,2026-09-04T06:00:05.448Z,Lainnya,Positif,Positif,0.9889,oke siap aplikasi nya
86587814-f86d-46cf-bb41-1ade64cfed15,ksatria kampoeng,5,2026-09-04T05:54:47.310Z,Lainnya,Positif,Positif,0.9822,simple dan praktis
dde6f553-2fcf-4a89-936d-83133af81da5,Tama Arga,1,2026-09-04T05:51:08.904Z,Autentikasi & Akun,Negatif,Negatif,0.922,verifikasi otp baik nomer hp ataupun email susahnya minta ampun
7908a408-e109-4f35-9726-063a285f52d7,julyan,1,2026-09-04T05:46:26.940Z,Autentikasi & Akun,Negatif,Negatif,0.9174,verifikasi nomor handphone gak bisa teros!
5d333c76-0f3d-45f3-8c92-3f1d2b57468d,faisal rifani,1,2026-09-04T05:11:27.409Z,Autentikasi & Akun; Iuran & Layanan,Negatif,Negatif,0.9688,"kalau bisa verifikasi no hp hilangkan aja,saya gak ada no hp,mau beli kartu lagi tapi disini gak ada sinyal,saya pakai wifi,jadi mau daftar di app ini gak bisa jadi app ini gak bisa dipakai alias gak berguna"
eac694d9-5fd4-4e2c-ad67-fb95f8932095,Bagus Saputro,1,2026-09-04T04:58:23.111Z,Autentikasi & Akun; Antrean & Faskes,Negatif,Negatif,0.9343,daftar jkn ggal trs pulsanya ada nomer sudah bner semua data aakurat tp tetap ditolak
c75bc267-9146-42c8-aed3-5cf5f65d6fc8,Salfiati,1,2026-09-04T04:53:20.237Z,Autentikasi & Akun,Negatif,Negatif,0.9817,"mau daftar verivikasi no hp susah bgt,sudah dicoba beberapa kali ngga jadi"" padahal mau buat daftar online buat kontrol"
0ea5dc1e-8dce-4e8d-830b-352ca639a118,Rahmat Efendi,4,2026-09-04T04:41:39.243Z,Lainnya,Positif,Positif,0.9775,👍
cdce35a9-b007-46fb-bf96-48e436780524,wiki marta kusuma,5,2026-09-04T04:30:24.218Z,Lainnya,Positif,Positif,0.9775,mantap
96f69a4b-9938-43e8-8476-5701b9660fd9,Ayah Yahya LUBIS,5,2026-09-04T04:07:55.237Z,Lainnya,Positif,Positif,0.9965,Bagus sangat membantu
0d943e95-3994-4ff6-913e-4561cf3b98a4,suranto sastrosudarmo,5,2026-09-04T03:55:14.175Z,Iuran & Layanan,Positif,Positif,0.9822,"aplikasi sangat membantu, dan memudahkan peserta BPJS"
acd47892-e3df-487c-8179-f9493284c0ed,Uunge Kewode,5,2026-09-04T03:53:06.862Z,Lainnya,Positif,Positif,0.9897,Sangat membantu sekali
ed5b154d-44df-4403-8b58-8e3abca0d074,Hiburan & Petualangan,5,2026-09-04T03:50:48.133Z,Autentikasi & Akun; Antrean & Faskes,Positif,Positif,0.7242,ternyata mobile jkn menggunakan os wajibnya versi 10. mohon dibantu untuk masyarakat pengguna mobile jkn yang masih menggunakan os wajib dibawah versi 10. agar dapat berobat dan mendaftar via mobile jkn. terima kasih admin. 🙏 Recommended 👍
23a57cf5-0f01-43aa-90bf-66d6361c6fa1,dicky ono,1,2026-09-04T03:42:50.380Z,Lainnya,Negatif,Positif,0.6153,kalau bisa sulit kenapa harus dipermudah
8a9eb374-7cac-4c7e-9996-a66f7eab74b0,Aditya P P,3,2026-09-04T03:21:21.292Z,Autentikasi & Akun; Antrean & Faskes; Kinerja & Server,Positif,Negatif,0.8813,"gangerti lagi deh pas butuh mesti suka logout, terus chaptanya error, pas pilih faskes lalu poli dan milih tanggal malah datanya gabener, bilang pilih jam kerja lain padahal pilihannya udah muncul, aneh deh servernya benerin dong, aplikasi bagus terkendala mulu dah"
f2c74f33-7401-464d-ab87-22d2088e8ac0,Chandra Budiyanto,1,2026-09-04T03:21:10.480Z,Autentikasi & Akun,Negatif,Negatif,0.9964,"sangat buruk, login gagal terus nik salah"
06169529-8828-4ec2-aef5-83abde70df09,Fauzan Muhamad,5,2026-09-04T03:20:19.395Z,Lainnya,Positif,Positif,0.9646,apk mudah digunakan dan sangat membantu
c0eca002-0da6-4b92-ba7d-05b4b9798b69,Aditya Armando,1,2026-09-04T03:16:01.202Z,Autentikasi & Akun; Antrean & Faskes; Kinerja & Server,Negatif,Negatif,0.9853,"apk tolol orang mau berobat pun harus online online! apa guna suster"" sama perawat di tempat? udah apk lelet maksa suruh orang online gblk. mikir orang sakit di suruh daftar online"
20be8f78-08d2-4a2d-b5b6-3d476649fcd9,Wahyu Hidayat,1,2026-09-04T03:04:10.417Z,Autentikasi & Akun; Antrean & Faskes; Kinerja & Server,Negatif,Negatif,0.9839,"tolong apknya di perbaiki bugnya dan di tingkatin lagi dah, masa mau verifikasipun di persulit. mau verifikasi pakai sms keteranganya nomor kosong padahal saat saya daftar apknya pakai nomor yang sama tidak ada masalah sama sekali, lalu mau pakai verifikasi mukapun selalu gagal loh mana yang mau di vermuk itu kakek saya yang sudah lansia."
d63bb6e3-9bf1-43a3-8245-e24760b62c60,Reva Permana,5,2026-09-04T02:29:56.341Z,Lainnya,Positif,Positif,0.9897,sangat membantu
e83e2aba-d41a-4eb2-9bf7-59e3d133ab8c,Yoghi Rahaditya,2,2026-09-04T02:28:43.986Z,Lainnya,Negatif,Negatif,0.7005,captcha antara angka 1 dan 7 mirip jadi gak jelas
1f2ae371-1867-45dd-af87-07f687e0c4d3,Zahra Adinda,2,2026-09-04T02:27:29.296Z,Lainnya,Negatif,Negatif,0.7998,di upgrade bukannya tambah bagus. malah tambah parahhh
f875e656-2764-46b7-ad36-d873e7b797b5,Rio Septian,1,2026-09-04T02:24:59.221Z,Antrean & Faskes; Kinerja & Server,Negatif,Negatif,0.9606,"Server dibenerin dong, masa dibilang offline padahal lagi online pas mau dftr antrean"
42c24f2f-10b9-4cb8-b973-dde06d1ce657,Manda Yulya,2,2026-09-04T02:20:31.461Z,Autentikasi & Akun; Antrean & Faskes; Iuran & Layanan,Negatif,Negatif,0.9482,lagi buru buru mau mindahin faskes BPJS malah susah banget buat dapet otp ke sms
145a0963-370d-4e1c-82a3-192dee908a90,Nia Aj,4,2026-09-04T01:56:01.581Z,Lainnya,Positif,Positif,0.9897,sangat sangat membantu
04c6a913-43bd-4c16-bb25-e985a250cc4a,Azkiya Khanza Mikayla,5,2026-09-04T01:48:05.538Z,Lainnya,Positif,Positif,0.9897,membantu sekali
4e416820-c03f-4266-b61c-6c04a16b3471,Sri Wijayanti,5,2026-09-04T01:41:12.858Z,Lainnya,Positif,Positif,0.9775,bagus
863b45f6-1dd4-49b4-90dd-63ec286fcecd,allan aldy,5,2026-09-04T01:32:02.259Z,Lainnya,Positif,Positif,0.9897,sangat membantu
f535b018-9c57-466a-976c-c09babeceb4f,Hodaizin WH,1,2026-09-04T01:31:31.472Z,Lainnya,Negatif,Negatif,0.7933,kenapa hp saya tidak bisa mendowlod aplikasi ini
7d89f5e2-ed96-44e4-9000-c88189e31b10,Agus Hermawan,5,2026-09-04T01:29:21.463Z,Lainnya,Positif,Positif,0.9897,sangat membantu
80522b22-64fd-4112-82bf-5a4fa259d7c3,Ika Susanto,5,2026-09-04T01:23:08.782Z,Lainnya,Positif,Positif,0.8809,okeee
1e1c57cb-0bc9-48bd-922a-bfaeae23d89a,Muhammad Iqbal,1,2026-09-04T00:40:56.195Z,Kinerja & Server,Negatif,Negatif,0.8495,aplikasi eror
02fe2e5c-f38a-43b4-a26e-b0364822176b,diah ira,5,2026-09-04T00:07:25.830Z,Lainnya,Positif,Positif,0.9705,Fast Respon 👍🏻
4ae07e4b-8464-41fb-bb23-2c5b9675e345,Teddy Mizward,5,2026-09-04T00:00:49.280Z,Antrean & Faskes,Positif,Negatif,0.8952,ini sengaja bngt EMG kalian ya apa2 yg menyangkut masyarakat selalu di bikin susah.saya yg tidak gaptek aja kesusahan mau logging.kbnyakan dramanya.gmn org2 tua yg kurang mengerti.fikir dong jgn bisa nya mempersulit aja kalian ini.mkin kesini bukanya mkin bagus mlh mkin busuk!!
ad89668e-e041-4233-aaab-6ff0f870aa25,Riefit Herifitri,3,2026-09-03T23:56:53.429Z,Autentikasi & Akun,Negatif,Negatif,0.933,susah banget mau daftar ferivikasinya
ac1055cf-bbe6-406c-9072-8bbaa4e8b034,Arik Sajah,5,2026-09-03T23:49:41.351Z,Lainnya,Positif,Positif,0.9897,Sangat membantu
bccc6b75-af4f-4f53-b0f9-4cf2bae1af2a,Kathrin Yessie,1,2026-09-03T23:21:48.567Z,Antrean & Faskes,Negatif,Negatif,0.9499,"versinya telah diperpaharui, tapi membuat saya pusing, krn tidak busa mendownload versi yg terbaru ini. katanya ""Perangkat anda tidak kompatibel dengan versi ini"". padahal dulu tidak begini 😣 masak harus beli Hp baru yg RAM yg lebih bagus lagi, hanya utk bisa mendownload jkn, parah sih ini."
f64319bb-7ceb-4d48-8962-5b7b5d562ba1,PASCKAL VICKY TAMBINGON,1,2026-09-03T22:55:03.943Z,Lainnya,Negatif,Positif,0.6908,Info Riwayat Pelayanan Tidak Bisa di Aksess
99c0f992-2872-4cbd-b745-25b3c71c89aa,fikram daialang,5,2026-09-03T22:53:30.220Z,Lainnya,Positif,Positif,0.9656,bermanfaat bagi semua warga indonesi.
e4c73693-51eb-4f44-9a3a-26f0e78b499c,Kevin krisan,2,2026-09-03T22:34:51.640Z,Autentikasi & Akun; Antrean & Faskes; Kinerja & Server,Negatif,Negatif,0.9254,tolong di perbaiki juga apk nya sering error pas mau pendaftaran dan juga kalau dokter nya cuti di apk pas di Samper ada dong itu juga di perbaiki
b889bb31-9ae5-46e5-9f44-972838103082,Errief Wibowo,5,2026-09-03T22:07:09.880Z,Kinerja & Server,Positif,Negatif,0.7555,"SYSTEM MINTA DI UPDATE, TAPI KETIKA DILAKUKAN UPDATE DI HP SELALU GAGAL"
03a771b3-b426-4f7e-9386-7adb2fb1621e,Mamat Sujana,5,2026-09-03T20:16:02.829Z,Lainnya,Positif,Negatif,0.5956,memunculkan di layar hp?
fa3c659a-d779-4fcd-9929-1555a0a7122e,Didik 022021,5,2026-09-03T20:06:59.769Z,Lainnya,Positif,Positif,0.9889,oke
dc5ba72f-03dd-479e-915f-34cfa849e82f,abangk Boncell,1,2026-09-03T16:20:17.986Z,Autentikasi & Akun,Negatif,Negatif,0.989,aplikasi tolol disuruh buat akun giliran verifikasi nomer hp ga dapet smsnya tolol tolol
526f9a3e-c78f-48b2-8c4e-eb866e72ea38,Hengky Kemal,4,2026-09-03T15:41:47.498Z,Lainnya,Positif,Positif,0.9428,Sangat membantu masyarakat
0df033c5-5e5d-40ae-8798-4e3f8442cd21,dede usman,5,2026-09-03T15:38:59.472Z,Lainnya,Positif,Positif,0.7374,sangat membantu dan bisa cek di aplikasi detail rekam medis
f5cf0c51-871d-4f47-9b29-b2730d52e3cd,Pridan Nur_,1,2026-09-03T15:36:42.350Z,Autentikasi & Akun,Negatif,Negatif,0.9801,sumpah ini apk ga jelas banget verifikasi no Hp aja susah banget
73cfedfb-c132-4f74-82d6-782a014b3992,Alvino keynan Askara,3,2026-09-03T15:16:33.627Z,Autentikasi & Akun; Antrean & Faskes,Negatif,Negatif,0.8839,kurang memuaskan . susah bgt mau daftar online ke faskes 1 gagal terus
26dc1f32-60ec-4c26-ad8d-b5307fe638c4,abdul nurdin,5,2026-09-03T14:47:04.501Z,Lainnya,Positif,Positif,0.9775,mantap...
efed730e-30e7-482b-a0fb-d3b3106112d0,Nesya asyfa,4,2026-09-03T14:24:18.322Z,Autentikasi & Akun; Antrean & Faskes,Positif,Negatif,0.8276,"aslinya bagus mempermudah juga tapi klo mau daftar antrian itu kadang agak susah kadang bisa kadang engga aku mau daftar aja tiba"" gabisa karna nomor kesehatan nya gaada pdhl jelas"" udah terdaftar dan udah tertera tapi pas di klik malah ga muncul hari ini lagi di butuhin banget malah ga bisa ini gimana sih, TOLONG DI PERBAIKI"
11625421-479a-4063-8a00-274d70524445,Lian Suroi,4,2026-09-03T14:23:08.324Z,Kinerja & Server; Iuran & Layanan,Positif,Positif,0.9182,"mudah untuk digunakan, update datanya lebih cepat tidak menunggu sampai besok hari data bisa dirubah"
fe2087de-bed5-4a81-9cc8-a96a195c1d11,Selfi Rinzani,3,2026-09-03T13:52:59.346Z,Autentikasi & Akun; Antrean & Faskes; Iuran & Layanan,Positif,Negatif,0.8542,"aplikasi nyh bagus membantu memudhkan kita untuk mengambil antrian atau pun mengetahui terkait jadwal² kita kontrol, namun perlu di perhatikan aplikasi ini sangatt sangatt menguras kesabaran kami!! akun kami sering logout sendiri harus login kembali padahal sudah beberapa kali di loginkan hingga banyak kendala akun kami tidak bisa masuk di karenakan nomber telpon tidak sama dengan no bpjs lah, sandi salah lah dan lain sebagainyh pdahal baru saja minggu kemarin kami betulkan akun nyh!!!!!!!!!!!!!"
be2e0637-e4e0-46fc-8558-de8c8cd94b3b,Novita Ajja,1,2026-09-03T13:50:23.895Z,Lainnya,Negatif,Negatif,0.5457,tidak bisa di download
bc69d9d0-9bd5-4c93-8a5d-c4dfa8fce545,saturnus,1,2026-09-03T13:24:30.604Z,Autentikasi & Akun,Negatif,Negatif,0.8813,ini login gabisa kenapa emangnya ya? kesalahan mulu padahal sinyal lancar udah daftar juga..
defc9021-b70e-4133-8edc-c3416f8af053,Awalin Ayudya,4,2026-09-03T13:14:22.822Z,Lainnya,Positif,Positif,0.9426,cukup memudahkan
b851b534-31d1-4392-ba02-587c28159557,Yoko Chaerudin,1,2026-09-03T12:57:38.981Z,Autentikasi & Akun,Negatif,Negatif,0.9673,apk busuk. verifikasi aja susah banget ga bisa2. malah jadi menyusahkan masyarakat
91a23f90-e2a4-4660-95de-628aa2d045cc,Hamdi Chemistry,1,2026-09-03T12:32:23.972Z,Autentikasi & Akun,Negatif,Negatif,0.9023,"MW daftar aja repot , bolak balik gagal Mulu"
b415a044-5981-446c-96df-4aeac257f876,Lailatur Rohmah,1,2026-09-03T12:22:50.520Z,Autentikasi & Akun; Iuran & Layanan,Negatif,Negatif,0.9092,katanya kalau mau pengaduan bisa wa di pandawa sudah wa dan di kasih link pas mau isi di segmen peserta nya ternyata tidak bisa diisi keterangan nya (tidak ada pilihan) pas tak isi tulisan manual juga tidak bisa bagaimana ini admin kok ribet sekali tolong dong 🙏 saya sudah berkali kali tapi hasilnya selalu muter2 katanya suruh di link a trus pindah di link b ujung2nya tidak ada titik terang nya saya ingin masuk tapi nomor saya sudah di pakai orang lain tp siapa saya tidak tau bgmn sy mau msk
7c5b1295-30f1-45ac-b818-f36700a4bc4e,Jutta Agung,1,2026-09-03T12:20:38.494Z,Autentikasi & Akun,Negatif,Negatif,0.9253,susah masuk
ec312680-c8c0-40bc-9cb7-1ace2f59f768,Abdul Mujib,1,2026-09-03T12:11:56.468Z,Autentikasi & Akun,Negatif,Negatif,0.9498,"selalu logout, menyusahkan."
b78277bb-a289-47e0-b757-a2d689c97243,chendik_ 87 chanel,1,2026-09-03T12:10:59.146Z,Autentikasi & Akun,Negatif,Negatif,0.7916,"aplikasi apa ini..dulu bagus,, sekarang entah lah..verifikasi SMS suruh mencoba lagi.."
2b82c2ea-88af-4a02-8c20-f9b2aa3c6f8d,Satria Puji,5,2026-09-03T11:39:39.348Z,Lainnya,Positif,Positif,0.9897,sangat membantu
3e7dee7f-5487-4437-8817-00e823dabe93,Ayah Fajar,5,2026-09-03T11:38:47.931Z,Lainnya,Positif,Positif,0.9775,good
731b45ba-07ca-4d0b-8a9f-af020b715bdb,Riky Putra minang,5,2026-09-03T11:20:58.980Z,Lainnya,Positif,Positif,0.9897,sangat membantu
0f933cf3-40de-4f67-9549-e40512ebc81a,Kartika Tika,5,2026-09-03T11:20:01.267Z,Lainnya,Positif,Positif,0.9302,lebih mudah
b969ef23-0985-4ad7-9526-21bfedf8bb02,Muhammad Johan,5,2026-09-03T11:08:42.461Z,Lainnya,Positif,Positif,0.9775,bagus
b4201de2-10b6-48ed-ae28-d2308a6ffb1c,Titha didi,5,2026-09-03T11:01:29.107Z,Lainnya,Positif,Positif,0.8519,aplikasi yang memudahkan orng seperti saya
daa7e39a-763c-4e91-9a89-021f62951005,Fayat Zabihullah,1,2026-09-03T10:47:47.876Z,Autentikasi & Akun,Negatif,Negatif,0.9907,ini saya nunggu kode OTP butuh berapa jam biar dikirim? apk jelek
fc8a6b94-4594-47ae-a5cf-09ca097b25ea,Ahmad fahmi,5,2026-09-03T10:12:53.589Z,Lainnya,Positif,Positif,0.9889,ok
8ede7460-199b-47e7-9551-10e8f875f2de,Seknas 2019,5,2026-09-03T10:11:56.400Z,Lainnya,Positif,Positif,0.8585,josjis
b93f745e-be80-4c21-b56b-c04335ed6203,Yeremias Yeri,5,2026-09-03T10:11:53.473Z,Lainnya,Positif,Positif,0.9791,sangat memuaskan
1354ab25-e514-411b-b8ff-a74ce945e1aa,Ir.james James Erland,5,2026-09-03T10:09:52.550Z,Antrean & Faskes; Iuran & Layanan,Positif,Positif,0.9755,Semoga bertambah baik pelayanan di setiap Rumah Sakit dan Puskemas atau setiap faskes untuk kami pengguna BPJS
c50cb565-569c-495e-9d8f-ce76e05b2f03,Honda Supra fit,5,2026-09-03T10:01:48.916Z,Lainnya,Positif,Positif,0.6713,hanya bintang yg berbicara
8cd2bb8c-0cc1-41dd-aaed-cb9c6d9591fb,Selvi Ariga,5,2026-09-03T09:59:36.215Z,Lainnya,Positif,Positif,0.9539,sangat memudahkan dalam pelayanan kesehatan
83317a7c-f5f8-484d-b919-03430001df35,Dede Sukmayadi,5,2026-09-03T09:56:38.488Z,Lainnya,Positif,Positif,0.9775,mantap
b714f849-7b7b-4af5-82fb-0fe97a52849f,Suardi,1,2026-09-03T09:42:02.984Z,Autentikasi & Akun,Negatif,Negatif,0.8087,"di 2026 ini aplikasi nya cukup kuno ,ribet bgt tiap kali mau masuk aja ,tolong"
3772170c-ac31-46f9-9c5c-c5ad4e4ca9e9,Badai Satria,2,2026-09-03T09:28:11.190Z,Autentikasi & Akun,Negatif,Negatif,0.9566,dulu aman2 sja dan normal. sekarang mau login saja susah. padahal ngisi kata sandi dan no nik sudah benar. captcha juga sudah benar. l..
f7107551-630b-42d7-8c72-a8d59039335e,Surya Surya,1,2026-09-03T09:13:53.165Z,Autentikasi & Akun,Negatif,Negatif,0.9585,"halo tim IT JKN Mobile kenapa saya tidak daftar ya pas masukin nomor telepon ""permintaan belum dapat di proses"" apa coba"
94dbe285-68df-4a95-8bba-b0aa14ca23ec,Dea Ananda,5,2026-09-03T08:44:15.774Z,Lainnya,Positif,Positif,0.9564,baik
b8cd309d-ce99-4533-b837-c09e712f919d,Supp,1,2026-09-03T08:26:22.768Z,Autentikasi & Akun,Negatif,Negatif,0.9907,"Aplikasi burukk, Tidak bisa login saat verifikasi kode oto lewat sms. sudh mencoba ganti nomor berkali-kali-kali-kali. tetap tidak bisa! aplikasi sangat buruk dan tidak membantu! 🤢🤢🤢🤮"
608098f3-762e-413a-b7c2-7dbaf9064162,Nova Herdiana Herdiana,1,2026-09-03T08:11:33.300Z,Autentikasi & Akun; Antrean & Faskes; Kinerja & Server,Negatif,Negatif,0.9184,setiap mau daftar keklinik error terus tolong di perbaiki lagi aplikasinya
a61e2ee5-23b7-43d1-8ebe-1ca9c5971176,Sion Yon,5,2026-09-03T07:48:13.670Z,Lainnya,Positif,Positif,0.9775,bagus
f3a2df0d-da45-4c29-86f2-d33a84621d9d,Balak Tiga,5,2026-09-03T07:44:11.480Z,Lainnya,Positif,Positif,0.9775,mantap👍
a7554a25-524b-49ec-be63-0d55cc4fff8f,celcius mugara,1,2026-09-03T07:42:42.152Z,Autentikasi & Akun; Kinerja & Server,Negatif,Negatif,0.994,"apk sampah udah daftar berhasil buat login pun susah , nih apk buatnya ngasal ngasal kali padahal udah bener password sama masukin captchanya masih aja gagal masuk. tolonglah buat developernya perbaiki tuh bug aplikasinya masa banyak bug, udah daftar berhasil saya buat masuk login engga bisa sama sekali."
43c3791e-3c82-45ff-b156-ca712821b1e0,Pepen Supendi,5,2026-09-03T07:20:12.720Z,Lainnya,Positif,Positif,0.9792,Cukup Puas
0aa8665d-a6dd-45e1-a380-eeabf3c38617,Elsa Ayu,1,2026-09-03T07:18:07.648Z,Autentikasi & Akun,Negatif,Negatif,0.9871,"aplikasi gebleg, mau masuk ke akun susahnya pol, apalagi kalau lupa password, gak bisa masuk² sampe berhari-hari.. bener² aplikasi kek anjir.."
f8e9b700-3ce6-491f-b190-8d2b92fe6976,Nasidin Sidin,5,2026-09-03T07:03:48.353Z,Lainnya,Positif,Positif,0.9775,bagus
cd47940d-a5d0-44ff-8f8e-cd6b31c4fedf,Tela Pisang,1,2026-09-03T06:53:45.632Z,Autentikasi & Akun; Antrean & Faskes,Negatif,Negatif,0.9015,aplikasi belum optimal padahal aplikasi warga registrasi pun di persulit dan susah selalu gagal payah ni
7561f33d-3d72-454d-be48-98d03298a8fe,Makmur Jaya abadi,5,2026-09-03T06:50:48.324Z,Lainnya,Positif,Positif,0.9885,mudah menggunakannya membantu sekali
b3aedc6f-a0db-48de-9b54-ad4c2160c72c,Ria Pus,1,2026-09-03T06:50:31.320Z,Antrean & Faskes; Kinerja & Server; Iuran & Layanan,Negatif,Negatif,0.957,"aplikasi cacat sumpah , saya ambil anterian di dokter A , dokter A slesai bertugas ny smpe 14:30 , sya ambil di jam 13:30 dan sya dpt no antrian ke dokter A tsb , eh pas ksana no antrian tiba2 hilang , dan dokter A dstu ket sudah ttp , gw cpe2 ksna dsruh prawat nya ambil lagi aja , kan bobrok ya , ya gmn mau ambil dokter yg bru ny ada di jam 14:30 , sdg kan sya udh sbr nunggu di jam 13:30 , it brrt gw musti nnggu 1 jam lgi , tlong lh siapa yg ngelola in apk jgn dzolim , kta byr tiap bln bkn grts"
5c71197b-6cd6-4689-b975-847b5f006f64,Ainun Heri,5,2026-09-03T06:45:35.217Z,Lainnya,Positif,Positif,0.9753,mantap pelayannya
637abae0-b823-4d57-8905-839299005860,MUCHTIAR TIAR,5,2026-09-03T06:43:55.243Z,Antrean & Faskes,Positif,Positif,0.9654,Sangat bagus & berguna sekali buat masyarakat dlm berobat 👍
d665d667-86da-478b-98b7-e163f6eb0fbf,Wilhelmus Fransiskus23,5,2026-09-03T06:39:47.808Z,Lainnya,Positif,Positif,0.9897,sangat membantu
fd1de72f-1456-4768-89fc-ff573f285cb6,Niti Safitri,3,2026-09-03T06:24:02.426Z,Lainnya,Positif,Positif,0.963,pelayanan sudah baik
5271263c-74aa-4b06-875c-2ef9dfb65c88,Anonim -,1,2026-09-03T06:19:55.262Z,Antrean & Faskes; Kinerja & Server,Negatif,Negatif,0.7752,"APLIKASI PEMERINTAH TIDAK PERNAH BAGUS, SELALU BANYA ERRORNY, SEDANGKAN PERSYARATAN LEWAT APLIKASI, PEMERINTAH BOBROK"
76ebcdde-5665-4185-9d2f-8dc914598cb3,Haikal Putra,5,2026-09-03T06:18:28.357Z,Lainnya,Positif,Positif,0.9833,🥰
5b4a5e5c-8286-4ee6-885d-c6635de154f6,khoirun nisa,5,2026-09-03T06:05:54.175Z,Lainnya,Positif,Positif,0.9878,baik baik terima kasih
f2758ac4-37c9-4be0-ac2c-9dec5b1f636e,Ekadui Trisna,5,2026-09-03T06:05:04.146Z,Lainnya,Positif,Positif,0.9897,sangat membantu
50b7fef8-e35f-463c-916c-7d2f009fa011,andy pongok,5,2026-09-03T05:59:17.302Z,Lainnya,Positif,Positif,0.9897,aplikasi yang sangat membantu
aca55521-4d9e-4f50-b7df-d9a4440b74fc,Susanti,5,2026-09-03T05:50:36.238Z,Antrean & Faskes,Positif,Positif,0.9614,"saya sangat puas selama di rawat du rumah sakit m zein ini, karena fasilitas nya lengkap dan ruangan nya bersih"
76135dc3-f3ba-4ef1-8ed5-ef53772d28ae,My Bhy,5,2026-09-03T05:47:09.813Z,Lainnya,Positif,Positif,0.9775,bagus
d9736ba8-5fde-4cc2-aa36-94598de080e2,Isti Baru,5,2026-09-03T05:45:55.359Z,Lainnya,Positif,Positif,0.9302,memudahkan
ef8f6060-fb32-46d6-9bdf-ee8aa3b76242,Rizky,1,2026-09-03T05:41:39.269Z,Antrean & Faskes,Negatif,Negatif,0.9713,apk nya sampah ngga bisa membantu....stiap kirim kode via no hp kode ngga pernah di kirim2 sudah saya coba sampai 3 no hp berbeda tapi tetap aja sama aja bilang apk nya dari pemerintah tapi merpersulit orng untuk akses pdahal saya butuh banget buat control ke rumah sakit
31779add-47ae-4797-8589-dfc9934710db,Afriyanto Subakti,1,2026-09-03T05:33:11.346Z,Lainnya,Negatif,Positif,0.5547,kenapa saya tidak bisa mendownload apk ini????
7539554a-73f1-46f4-b42f-0a2f25013d86,Husaini Muhammad,5,2026-09-03T05:20:24.947Z,Lainnya,Positif,Positif,0.9689,cepat dan responsif
1fcf0f74-ef91-44aa-b7f4-080e9f04cbd7,Sulham Musa,4,2026-09-03T05:20:22.993Z,Lainnya,Positif,Positif,0.8417,mohon di permudah
d378da25-e1c8-40ab-a361-4bb56214e3bd,galih suyoga,5,2026-09-03T05:13:24.844Z,Lainnya,Positif,Positif,0.9889,oke
89c473fd-9c0b-4bf7-b539-2b4cc3e9327a,Mulyadi Sukses,5,2026-09-03T05:03:07.609Z,Lainnya,Positif,Positif,0.9897,sangat terbantu
e30e76cf-89e3-4a5f-bb5c-07b7b88a2cf2,rukhana habibah,5,2026-09-03T05:02:54.975Z,Lainnya,Positif,Positif,0.9815,"Aplikasi jauh lebih baik, mudah penggunaanya"
e7451209-edd3-4587-a72f-5fcc034e4be1,Alshaka Dlpp,5,2026-09-03T04:47:20.894Z,Lainnya,Positif,Positif,0.9965,"sudah bagus,dan banyak membantu"
b0f92f5a-912b-4a30-af8f-dfc4e6452c57,Cinthia IndraswAri,5,2026-09-03T04:43:04.564Z,Lainnya,Positif,Positif,0.9889,ok
473a40a2-ccc1-4b3c-b193-0cda1334f669,El Syaukani,5,2026-09-03T04:42:35.657Z,Lainnya,Positif,Positif,0.9775,keren
c1ecef76-51e7-4cc0-80f4-edfeea1ef310,Rahmat Wijaya Ariya,5,2026-09-03T04:35:14.694Z,Lainnya,Positif,Positif,0.8622,ok si
e5a83868-a9f2-4c5a-988f-2e2ba9b3aded,Mohammad Danny Arwonda,5,2026-09-03T04:33:33.821Z,Lainnya,Positif,Positif,0.9774,mudah dan cepat
dc189648-aa35-47f6-844e-e7d1eaee7e49,Dw Ray,5,2026-09-03T04:14:30.418Z,Lainnya,Positif,Positif,0.9775,Bagus
3e430202-192b-4076-b47e-b4210831e6ce,Zaka Ria,5,2026-09-03T04:01:03.474Z,Lainnya,Positif,Positif,0.9775,mantap
0c6e7860-d638-4695-9cbb-cf9aa2dbaffc,Wes,1,2026-09-03T03:55:18.811Z,Lainnya,Negatif,Negatif,0.9911,"kenapa ya ini apk ga di buka buka suka log out sendiri,kasian kalo ortu kita mau booking harus log in lagiiii apa lagi ortu kita yg ingatannya kuranggggggg jelek bgt aplikasi yaaaaaaaa👎👎👎👎👎👎👎👎👎👎👎👎👎"
f66e910d-0b32-4ae5-b460-96db2c8e756d,Mamay Suhe,1,2026-09-03T03:55:02.663Z,Lainnya,Negatif,Negatif,0.5987,menyusahkan engga semua punya hp bagus
22d9e2b7-7401-46cc-9281-d9393cf54d0f,nazwa aulia,1,2026-09-03T03:48:00.270Z,Lainnya,Negatif,Negatif,0.8484,kode otw ga keluar
bfd6b025-904e-430b-899d-6ef2355c75db,April Yana,5,2026-09-03T03:47:43.390Z,Lainnya,Positif,Positif,0.9897,sangat membantu
826376c7-eef9-4d4f-bcec-42d0bd13868b,Hanan Indria,5,2026-09-03T03:44:58.779Z,Lainnya,Positif,Positif,0.9889,ok
c3b05c2c-4b56-4d0b-9779-d37e78dcd242,Bafa Foti,5,2026-09-03T03:42:23.870Z,Lainnya,Positif,Positif,0.9218,sangat mudah sistem informasi dan layanannya👌🏻
0e33029b-0a16-44b5-8e5b-2a1e30b406c7,Galih,1,2026-09-03T03:38:29.940Z,Autentikasi & Akun,Negatif,Negatif,0.9929,apk nya rusak ini. mau masuk akun dari bulan kemaren ga bisa bisa kagak jls 👎👎👎👎👎👎👎👎👎👎
2c25db24-5de7-4496-882a-533001e0f6be,Kasiran Drs,5,2026-09-03T03:35:32.572Z,Lainnya,Positif,Positif,0.8843,Download melalui Play Store memang lebih cepat dari yang lain...
8e55459c-6ac2-40bf-b01f-e9921ad45a6c,Ha mid,5,2026-09-03T03:34:37.597Z,Lainnya,Positif,Positif,0.9326,👍🙏
97fd3601-9d02-42a2-9d19-017407dcd87e,nuansa teknik,5,2026-09-03T03:30:29.415Z,Lainnya,Positif,Positif,0.5334,fine
d9002ac9-53c5-4662-928e-d6a96de18b67,Zul Hapni,5,2026-09-03T03:12:07.331Z,Lainnya,Positif,Positif,0.9965,sangat bagus dan membantu.
f18b1e5b-23b7-45ca-96fe-aaf01bcaa6cc,Novita Nurul,1,2026-09-03T03:10:10.345Z,Autentikasi & Akun; Antrean & Faskes; Iuran & Layanan,Negatif,Negatif,0.9565,"di suruh rubah data, trs verifikasi no hp, tpi ga ada pilihan yg muncul, terlalu ribet"
3f66d8e8-096f-43d1-adfa-2e03fbecebad,Rizka Apriyani,2,2026-09-03T03:04:03.680Z,Autentikasi & Akun,Negatif,Negatif,0.9456,"udah 3hari daftar pas minta otp gak sampe² sms nya, mau sampe kapan begini"
9927023c-534f-45ad-9c2a-65803ae5bed9,Alezha Veyling,2,2026-09-03T03:00:45.730Z,Autentikasi & Akun; Antrean & Faskes,Negatif,Negatif,0.9337,"apps nya di perbaiki dong, load data lama banget pas mau daftar antrian.. lama bgt daftar nya load kebuka nya juga berat.. padahal kenceng internet nya"
c6694a76-db7a-4aee-a0c0-c540d4dd61c3,Aden Bt,5,2026-09-03T02:54:59.374Z,Lainnya,Positif,Positif,0.9775,bagus
9e0a8023-4f82-4d1c-86c8-c052d9acc85d,Ai Aiminah,1,2026-09-03T02:48:03.656Z,Autentikasi & Akun; Antrean & Faskes; Kinerja & Server,Negatif,Negatif,0.984,"aplikasi gjls jelek bgt suka log out sendiri pas mau daftar, setiap ci loading bgt, proses lambat sekali meski pake kuota sendiri juga jelek, pelayanan informasi kurang"
24a677e7-a794-423a-9bd5-1b7851f32340,Wali Maulana,1,2026-09-03T02:47:13.489Z,Antrean & Faskes; Kinerja & Server,Negatif,Negatif,0.8526,cape cape antri malah error dasar apk gak jelas
3e0e7b6f-5bd1-41c2-b533-c740fca96290,Agus Syaefullah,5,2026-09-03T02:44:14.993Z,Lainnya,Positif,Negatif,0.6324,knp d hp sy tak bisa download
57aeebb0-a0b5-45cd-8cc6-db908215f3cd,Mugniati Muhamad,5,2026-09-03T02:42:21.924Z,Lainnya,Positif,Positif,0.9775,bagus
6ad34f5d-7d8b-4e0e-b734-6c46b56551dd,Sutini Sutini,4,2026-09-03T02:36:03.831Z,Autentikasi & Akun,Positif,Negatif,0.8665,"maaf ni ya, kenapa verifikasi nya lama banget, dan gagal2 terus. saya mau daftarin orang tua log in pendaftaran aja tidak bisa."
140d391e-6a9c-4f8b-9eac-3ab96a458de2,Lutfi Hasan,5,2026-09-03T02:33:22.925Z,Lainnya,Positif,Positif,0.9426,bagus sekali program ini
56cb5db3-9da4-49fe-b82b-63744fb109ff,won gi kim,5,2026-09-03T02:31:20.340Z,Lainnya,Positif,Positif,0.9775,keren
19ebe779-4fe9-43ca-8a1a-e99e8302a611,Fitri Ana Zubaidah,5,2026-09-03T02:22:58.463Z,Lainnya,Positif,Positif,0.943,mudah digunakan
52372e74-83e1-48bf-8570-1d1882c4f3c1,Fikriyatul Hikmah,1,2026-09-03T02:20:44.548Z,Autentikasi & Akun; Antrean & Faskes; Kinerja & Server,Negatif,Negatif,0.8312,"hah!! bingung mau ngasih saran, lemotnyaaaa masya Alloh beberapa waktu ini, mau daftar poli kagak bisa bisa, malah masalah jaringan mulu 😤"
87b428bf-9bb7-45e1-a897-987bbb55d6d3,Lustiana Maharani,3,2026-09-03T02:08:29.609Z,Antrean & Faskes; Kinerja & Server,Positif,Negatif,0.7987,"aplikasi nya ga stabil, sering gangguan KLO mau di pake ada jaringan pun masih tetep di anggap offline giliran bisa,transaksi nya ga bisa di proses begitu terus padahal kita mau brobat"
65304325-aba2-4d11-92d5-42caccccd38f,Ry Ry,2,2026-09-03T02:05:19.643Z,Autentikasi & Akun; Antrean & Faskes,Negatif,Negatif,0.9354,"kenapa sih aplikasi keluar keluar Mulu???? udah masuk nya selalu salah Capcha, padahal sudah bener. padahal mau di pake berobat. aplikasi gak jelas"
eb34e45b-e5c8-4af0-b180-09d5e9507050,Ismi Dian,5,2026-09-03T02:03:53.413Z,Lainnya,Positif,Positif,0.9775,bagus
8c46a5af-d1dd-4644-8326-1ddbfee785e5,Candra p,1,2026-09-03T02:02:43.660Z,Lainnya,Negatif,Negatif,0.6336,"aplikasi monyet. kaga bisa bikin aplikasi mah jangan anjig, repotin orang doang. monyet"
83e44712-2b58-4ebb-9682-6dbdd8e402e9,Gadiza Bunga,1,2026-09-03T01:50:21.870Z,Autentikasi & Akun,Negatif,Negatif,0.991,aplikasi jelek. Untuk login aja susah. perbaiki lagi lah ajg
b57ccaec-650d-4226-a3c5-5163d4877eae,Lela Zigqim,5,2026-09-03T01:50:09.523Z,Lainnya,Positif,Positif,0.9749,puas sekali
898c32f6-8c42-4602-b0d2-a4d3858e8445,Muhammad Ubaidillah,1,2026-09-03T01:40:26.431Z,Lainnya,Negatif,Negatif,0.8426,RIBET
9b7b8b67-8265-4fe8-956f-c2e6f6a540b6,Deyanti Krismayanti,5,2026-09-03T01:26:14.952Z,Lainnya,Positif,Positif,0.9897,sangat membantu
0b8c8f16-d7e9-4d61-a0a0-463e350f07f7,Mat Patas,5,2026-09-03T01:26:06.587Z,Lainnya,Positif,Positif,0.9897,membantu
049c0d35-c393-4ea5-8fe8-778b90d2bc68,Obie Radhe,5,2026-09-03T01:24:25.973Z,Lainnya,Positif,Positif,0.9457,sangat mudah untuk di gunakan dan simple
0af8a1e6-885b-4eda-a418-4c83aa59a28f,Febri Yandi,5,2026-09-03T01:23:16.511Z,Lainnya,Positif,Positif,0.9897,sangat membantu sekali
a70702b1-0d25-4827-80bc-6ab19d3c1c12,Amik Yakin,5,2026-09-03T01:22:19.201Z,Lainnya,Positif,Positif,0.9892,sangat membantu sekali agar lebih memudahkan
c47d3be5-9bfe-49a5-962d-c4a829a0ee83,Dewi Julianiputri,5,2026-09-03T01:21:18.274Z,Lainnya,Positif,Positif,0.7476,aman kalau ada aplikasi tinggal sat set
3293fc97-6f7d-4f2c-8d1d-2950614cd331,Mariana Bahari,5,2026-09-03T01:15:41.495Z,Antrean & Faskes; Iuran & Layanan,Positif,Positif,0.9108,bpjs sangat membantu saya setiap saya butuhkan untuk berobat.
94439e8f-f0bf-4466-b0be-62eb8b2bb678,rozaq punya,1,2026-09-03T01:12:46.701Z,Lainnya,Negatif,Negatif,0.7331,pilih tahun lahir SULIT
8529bfc0-60ff-4bc3-86fb-979675bfaeec,Giri Rasmuna,1,2026-09-03T01:10:38.801Z,Autentikasi & Akun,Negatif,Negatif,0.8911,menyusahkan masuk tidak simple
6a4f3881-0549-4450-8890-e263f0c8f37d,Niki Oppo,3,2026-09-03T01:03:37.107Z,Autentikasi & Akun; Kinerja & Server,Negatif,Negatif,0.8671,"Setelah maintenance kemarin tgl 31 agustus-1 september 2026, sama sekali tidak bisa dibuka selalu logout, bgmn ini setelah ada perawatan malah error tdk bisa dibuka"
d1c82259-2bde-4851-b84d-fa14c360724d,Yusuf Nurmawan,5,2026-09-03T00:54:54.546Z,Lainnya,Positif,Positif,0.7097,Kemenkes&jkn mantebs
92cdc285-3bc0-4f92-9f05-d89ac7fce402,Syahrul Rama Pratama,5,2026-09-03T00:54:09.234Z,Lainnya,Positif,Positif,0.951,mudah digunakan dan informatif
69a73c49-3882-4472-9286-d49bd4bbc08e,ridwan maulana,5,2026-09-03T00:53:17.719Z,Autentikasi & Akun,Positif,Positif,0.6058,Berguna banget untuk daftar kesehatan
f017d47c-0c54-4bbf-bdb2-6594f85e5914,Muhammad abu bakar Azdril,5,2026-09-03T00:49:28.225Z,Lainnya,Positif,Positif,0.9564,sangat baik
7c7b0134-9ae5-435f-a5d5-a612e04fcbc5,derywie 85,5,2026-09-03T00:42:49.991Z,Lainnya,Positif,Positif,0.9889,ok
f886e5dc-47ef-4511-a188-195c355384e1,Khar Nis,5,2026-09-03T00:25:58.503Z,Lainnya,Positif,Positif,0.9775,mantap
990df3a0-1ee0-459d-bc0e-17a623d57322,Sugianto Mas Togog,5,2026-09-03T00:16:18.916Z,Lainnya,Positif,Positif,0.9944,"bagus, bermanfaat"
2d30f3f9-9f48-404d-a59d-b192dcde8b63,Setio Budi,5,2026-09-03T00:12:08.619Z,Lainnya,Positif,Positif,0.9775,bagus
7442af1b-92b9-4408-a00d-0dc2675d390b,Imam Syafe'i AlTanjabi,5,2026-09-03T00:07:46.650Z,Lainnya,Positif,Positif,0.9889,oke
3c7633fb-4e4b-4ecb-8b01-b98343f9cfe0,Sumarni Sumarni,5,2026-09-03T00:03:36.748Z,Lainnya,Positif,Positif,0.9775,mantap
3beddb25-a653-4b8d-b55d-e7cf6d80d0e5,Hana Sulistiya,1,2026-09-02T23:58:32.626Z,Autentikasi & Akun,Negatif,Negatif,0.9345,susah banget buat verifikasinya tolong benahin dong ini urgent mau kontrol ga depat dapet verifikasi
6597f4e6-9247-4195-bb96-df939764f636,Santo Sileo,5,2026-09-02T23:57:57.534Z,Lainnya,Positif,Positif,0.9729,"mobile jkn mantap,semakin memudahkan pelayanan konsumen"
e3c3c39b-ed13-428b-86c1-01dd7d0001b9,Ratu Bogor,1,2026-09-02T23:56:02.440Z,Autentikasi & Akun; Antrean & Faskes; Iuran & Layanan,Negatif,Negatif,0.6566,"Kenapa akun kita sering tiba-tiba keluar, diklaim digunakan di device lain. padahal tidak ada yg pakai, password nya pun ga ada yg tahu. dan semua anggota keluarga, saya yg mendaftarkan. BPJS mau mempermudah konsumen atauau mempersulit sih?"
d42cbd61-9fe2-4bee-9f65-cfd9f7c28f21,Wasis Nuriyanto,2,2026-09-02T23:48:24.696Z,Autentikasi & Akun; Iuran & Layanan,Negatif,Negatif,0.9308,"BPJS sungguh ribet,,apalagi kalau orang sudah tua masuk capca salah salah trus kan kasian,,kalau sudah terdaftar no KTP dan nik,,tolong di permudah"
a7400875-25cc-492e-b865-59b75642c18d,Galih Ardhani,1,2026-09-02T23:31:57.777Z,Antrean & Faskes; Iuran & Layanan,Negatif,Negatif,0.9615,Saya semalem sakit... Karna punya riwayat batu ginjal.. sakit nya bukan main... Brobat d IGD... Ternyata BPJS saya gak bisa d gunakan padahal aktif... Katanya BPJS itu d gunakan kalau pasien udah kronis....percuma dong bayar tiap bulan... Tp BPJS d gunakan ketika mau mati doang kasaranya... Aneh bener bener aneh... Punya fasilitas kesehatan tp gak bisa d gunakan... Alhasil harus bayar 293 ribu... Jujur iklas gak iklas sih... Byar BPJS tiap bulan giliran sakit musti ngluarin duit jga....
acb0de91-c388-418f-8862-f276495936e1,ariel everthink,1,2026-09-02T23:24:25.123Z,Autentikasi & Akun; Antrean & Faskes,Negatif,Negatif,0.9115,"""Data jadwal tidak di temukan"" Apa maksudnya, rujukan sudah terdaftar, tujuan poli, doktor tanggal hari sesuai rujukan, rumah sakit sudah terdaftar, mengapa tidak bisa mengambil no antrian online, apa fungsinya jika harus mengambil manual lagi di rumah sakit!!!!!!"
a7022352-07f6-4abe-a2e2-292f01e9f41f,Getrudis Nona,5,2026-09-02T23:17:20.967Z,Autentikasi & Akun,Positif,Negatif,0.8599,susahhhhh banget buat login ampun dahhh
14e9ab1a-0bf6-46cb-9927-914d90c4ab0f,Man Kaji (Summma),5,2026-09-02T23:10:09.583Z,Lainnya,Positif,Positif,0.9897,"aplikasi sangat membantu,"
ba42a7cb-344b-4c9e-9db5-e2332176648c,Muhammad Ilham Fatawa,1,2026-09-02T23:04:14.484Z,Lainnya,Negatif,Negatif,0.7583,"entah apk apa, kualitasnya ga jelas."
db64fe76-cca0-4e9d-95a7-26e30fcf2e01,Abdul Mun'im,5,2026-09-02T22:57:12.297Z,Lainnya,Positif,Positif,0.9972,bagus banget semoga bermanfaat
7ad3fa4a-5263-4cee-80ed-3dfe8920c50d,Nuriyanti Anty,5,2026-09-02T22:53:20.760Z,Lainnya,Positif,Positif,0.9897,sangat membantu
eb8a15e5-fb4b-4876-ac15-7a7c15f65e46,Sumardi Wiryo,5,2026-09-02T22:53:09.139Z,Lainnya,Positif,Positif,0.9649,sangat berguna dengan kemudahan dalam penggunaan aplikasi dalam satu sistem .untuk pelayanan data kesehatan.. terimakasih
67bb2483-e237-4cf5-88f8-600010bf7f7b,Senja Permana,1,2026-09-02T22:38:53.802Z,Kinerja & Server,Negatif,Negatif,0.8602,"Maintenance nya kurang, ga efektif. Aplikasi online kan dibuat bertujuan untuk sat set. Tapi ini aplikasi sering eror lah, lemot lah."
3b6f2649-07a7-4087-8c08-26e5595c2f7a,Kun Fayakun,5,2026-09-02T22:26:44.277Z,Antrean & Faskes; Iuran & Layanan,Positif,Positif,0.8938,Sangat membantu untuk berobat ketika lupa bawa kartu BPJS kesehatan.
67b3eb35-ea4a-4be3-98e9-03f7de364940,Satini Tini,2,2026-09-02T22:19:19.711Z,Iuran & Layanan,Negatif,Negatif,0.5217,gak bisa untuk dua atau lebih perangkat padahal peserta tidak harus dalam satu tempat di keluarga mohon di perbaiki supaya memudahkan user
5bd890e4-2b8d-4770-b0f3-beafbdf89e47,Firda Yeni,5,2026-09-02T22:18:42.570Z,Lainnya,Positif,Positif,0.9264,sudah bagus dan sangat mendukung
4a0b27a8-5b21-4ea0-a9e4-4d7184c22d9b,Agung Bayu,1,2026-09-02T22:10:37.669Z,Iuran & Layanan,Negatif,Negatif,0.7485,"Sekarang, bayar BPJS kena biaya ADMIN"
dc115121-b355-4763-a4c5-ab2c84a209a6,Zulfikar,5,2026-09-02T20:33:55.529Z,Lainnya,Positif,Positif,0.7889,sangat berguna sekali
a3820ce0-b226-4a61-8141-63ca399d82ae,Rio Primanda,5,2026-09-02T20:28:32.262Z,Lainnya,Positif,Positif,0.9775,sangat bagus
20459c84-f5d7-4777-a338-05061c4c8b51,Iqbal Balee,5,2026-09-02T19:35:58.419Z,Lainnya,Positif,Positif,0.9646,lebih mudah menggunakan apk ini terbaikkk
d1787ffc-01d0-455f-a1f6-f3b91851779b,Yanwar ha.,1,2026-09-02T17:33:15.772Z,Autentikasi & Akun,Negatif,Negatif,0.8807,"fitur verifikasi nya benerin, mana susah terus lama lagi ga jelas lah"
15ec7fa5-468a-4f63-b597-792f78427d3c,Yana Adhi Riyadi,5,2026-09-02T17:33:10.204Z,Lainnya,Positif,Positif,0.9637,masih cukup baik
0d46a4ff-4f28-440b-8d77-bab65f3cc00c,Adem Ayem,5,2026-09-02T17:12:57.738Z,Antrean & Faskes,Positif,Positif,0.8467,"tidak berbelit belit disaat up date data pribadi dan saat pandangan pertama berobat petugas faskes 1 baik2 dan ramah2, tks"
ef375f17-369b-4c6b-9e4a-d3cf396ee36b,Bhirawa 188,1,2026-09-02T16:39:23.680Z,Autentikasi & Akun; Kinerja & Server,Negatif,Negatif,0.9923,"aplikasi ngentod gaguna, devoloper nya goblok yatim, kalo gak bisa buat aplikasi gausah buat. kode otp gak masuk² sering eror terus pas masuk buat akun malah gagal gagal melulu YAHTEMMM"
e258bd16-efcb-4d57-91c5-0575faea077f,Muji Ita,5,2026-09-02T16:17:19.274Z,Lainnya,Positif,Positif,0.9775,👍👍👍👍👍
48e224c3-3761-4225-a646-2667ca9adbe9,Joko Riyanto,5,2026-09-02T15:15:08.329Z,Antrean & Faskes,Positif,Positif,0.8995,memudahkan untuk antri
da401a1b-e3aa-44aa-8ad1-9759ca873bdb,Sabrul Jamil Transporter,5,2026-09-02T15:11:03.737Z,Lainnya,Positif,Positif,0.9908,semoga lebih bagus layanannya kedepan
9e3a5406-4fd7-4732-a6cb-c87f093f3028,Winda Fitriana,4,2026-09-02T14:52:32.284Z,Kinerja & Server,Positif,Positif,0.6492,kadang cepet kadang lambat
7090c732-dd68-49a4-ab95-4d9a8bd27ef4,Ali Akbar,5,2026-09-02T14:29:11.309Z,Iuran & Layanan,Positif,Positif,0.8556,digitalisasi dilayanan kesehatan
7f7ec9da-971a-490a-81cb-45df2c803a2e,Justin Padafing,4,2026-09-02T14:22:44.408Z,Lainnya,Positif,Positif,0.7896,sangat Berguna Bagi Masyarakat pengguna
811c1ec0-0b5f-4d78-a10c-058fe9fea648,nuryanta hadiwiyono,5,2026-09-02T13:55:52.168Z,Lainnya,Positif,Positif,0.9692,terima kasih
0f071a67-52a3-46ae-be17-6a39f17a7ae4,Diversa Ghofar,5,2026-09-02T13:51:48.920Z,Lainnya,Positif,Positif,0.9898,pelayanan ramah ..baik..cepat
309649aa-ba46-4d12-8650-64abda79a7c9,Janaria Lubis,4,2026-09-02T13:50:30.731Z,Lainnya,Positif,Positif,0.9775,mantap
547edcf9-ca1e-47df-a9f7-173425ab50d2,Maratus Sholehah,4,2026-09-02T13:48:11.968Z,Autentikasi & Akun,Positif,Negatif,0.9165,"sementara kasih bintang 4 dulu soalnya loginnya susah sekali, padahal PIN password nik sudah benar tapi selalu bilang salah bilang salah terus"
df9a36bc-cd75-4077-ba6a-300c18aedbee,Anggi Anggara,5,2026-09-02T13:38:55.988Z,Lainnya,Positif,Positif,0.8769,sangat mudah di akses
b1cf7eec-fa55-4853-ad5b-0019f6f6497b,arif mustaqiem,5,2026-09-02T13:32:48.712Z,Lainnya,Positif,Positif,0.8769,sangat mudah diakses
1d96f9e1-9ede-4d93-9c75-21d2b9605ca5,Matinu Sumartini,5,2026-09-02T13:28:52.219Z,Lainnya,Positif,Positif,0.9775,mantap
2805ed3c-4813-4375-ade9-e574cdd1419c,FAB,1,2026-09-02T13:22:51.371Z,Autentikasi & Akun; Antrean & Faskes,Negatif,Negatif,0.9656,"suka logout sendiri, udah gitu waktu mau login di persulit dengan sandi dan nik yang katanya salah mulu, bahkan nomor telepon saya tidak valid."
73074a47-d968-4b0a-b043-0c86f5ae8891,Amelda prima,5,2026-09-02T13:20:52.819Z,Iuran & Layanan,Positif,Positif,0.9917,Sangat bermanfaat dan membantu para peserta BPJS kesehatan
39cf94fd-a20b-4e86-858b-d2b6b3006dc1,Raysa Hayu,4,2026-09-02T13:19:13.930Z,Autentikasi & Akun; Antrean & Faskes; Iuran & Layanan,Positif,Positif,0.822,"app jkn sangat membantu saya pindah faskes dengan mudah, tapi masih gak sinkron padahal saya sudah kk baru dg suami masa kk saya msih terfmdftar kluarga orag tua saya..jadi saya tidak masuk ke bpjs brsama suami saya tolong di perbaik"
7f434bdb-0769-415e-936b-2680b3d60d01,Mestika Florida Situmorang,3,2026-09-02T13:18:02.833Z,Iuran & Layanan,Positif,Negatif,0.7928,mau nya kasihan lah sama masyarakat yang gak pandai pakai hp android. gak mungkin krn gak ada hp gak bisa dilayani. mau nya ditunjukan kartu kan harusnya bisa. masyarakat dipaksa buat harus punya hp. sedangkan semua belum tentu punya hp dan bisa menggunakannya seperti orang tua.
2742d8cb-14a5-48d6-bb74-caa85b79cf12,Rio Dwirahmadi,1,2026-09-02T12:53:37.539Z,Autentikasi & Akun,Negatif,Negatif,0.9441,APK pemerintah rata rata bobrok.. mau daftar ajh gak bisa bisa.. haduuh
4ebf7c42-a6b9-4823-9844-638a235e4476,Tobias Taur,5,2026-09-02T12:31:46.601Z,Lainnya,Positif,Positif,0.9897,sangat membantu
51f42f15-5c8f-4dff-b323-7d0537190352,HUSAINI Husaini,5,2026-09-02T12:26:29.850Z,Lainnya,Positif,Positif,0.9889,oke
2ebb2403-faa5-40e7-ba69-b8d2b1245111,Faisal Cahaya,5,2026-09-02T12:23:06.767Z,Lainnya,Positif,Positif,0.9885,digunakan dgn sangat mudah dan membantu
d5668ca6-16ef-4076-878b-71c99c27827f,Windi Eka Wijayanti,2,2026-09-02T12:22:17.179Z,Autentikasi & Akun,Negatif,Negatif,0.9532,"kenapa aplikasinya sering susah buat login sih, tolong perbaiki lagi"
ee1ca5f9-cf9c-4065-9320-6a8056ee9250,pinnahati Silalahi,5,2026-09-02T12:09:39.639Z,Lainnya,Positif,Positif,0.9775,mantap
1f67ea09-43b2-400c-ac54-35df640abbe1,Yuliana,5,2026-09-02T12:02:01.559Z,Lainnya,Positif,Positif,0.9775,bagus
e68ccc6d-f6dd-4655-87d8-79109a740bf8,Nikomang Sutriningsih,2,2026-09-02T11:56:19.810Z,Autentikasi & Akun; Antrean & Faskes; Kinerja & Server,Negatif,Negatif,0.983,"Tolong dong sy mau cek no. antrian tapi susah skali masuk NIK lah salah, Captcha salah,dari siang sampe malam nggak bisa2 padahal besok sdh mau kontrol gimana bisa cek in kontrol klo kek gini terus... kita diarahkan untuk daftar online tp aplikasinya eror terus"
4c332ab7-b18f-4782-8bcf-d083c50487bd,izzabella maulina,1,2026-09-02T11:50:31.459Z,Autentikasi & Akun; Kinerja & Server,Negatif,Negatif,0.9724,"kenapa pas mau login susah banget di verifikasi nomor handphone, padahal jaringan bagus dan nomor sudah benarr hadehhhh"
10bce66f-001e-490d-8cb8-e857773d7d86,Yandi Supri,5,2026-09-02T11:37:02.690Z,Lainnya,Positif,Positif,0.9791,sangat memuaskan
33a2ed65-b62f-4416-abb9-3585200eb9e9,Mnane Mnane,5,2026-09-02T11:35:22.365Z,Lainnya,Positif,Positif,0.9775,good
74eedc64-1859-4610-a2c3-bb72787182b9,Fatih Rm,5,2026-09-02T11:34:57.146Z,Lainnya,Positif,Positif,0.9889,ok
35f397ce-96da-4ece-a27a-7d85853fa051,Angga Resnawan,1,2026-09-02T11:32:39.206Z,Autentikasi & Akun,Negatif,Negatif,0.9959,"jelek banget, disuruh verifikasi kode lewat SMS tapi pesannya gak masuk masuk"
85135817-f3ae-4e28-80c9-fa2e40c1add7,Dikdik Maulana,1,2026-09-02T11:16:16.400Z,Autentikasi & Akun,Negatif,Negatif,0.9633,susah verifikasi muka ..ulangi terus
21a070c3-8241-41df-8294-186680cdc99c,Bromo Satria,5,2026-09-02T11:04:20.272Z,Lainnya,Positif,Positif,0.9897,sangat membantu
af7295b3-c007-41e6-8c73-7eac2d564b8c,Eka Karya April Yanto,5,2026-09-02T10:59:38.676Z,Lainnya,Positif,Positif,0.8732,Sangat membatu
82041205-21d5-4745-a72a-d8da68d81841,Wisnu Wardana,5,2026-09-02T10:55:49.719Z,Lainnya,Positif,Positif,0.9775,mantap
8b09d7ff-970b-490f-9fd0-f1864c25d6b5,suibasanta simorangkir,5,2026-09-02T10:43:07.477Z,Iuran & Layanan,Positif,Positif,0.96,deskripsi melakuka Perubahan anggota Keluarga sangan Mudah
909c0560-72e7-4a01-9373-516e1f1834fb,Sakdila Dewi,1,2026-09-02T10:31:04.245Z,Lainnya,Negatif,Positif,0.6945,"wajib aplikasi bebenah,intropeksi ,permudah fitur nya,karna pengguna bukan hanya remaja,gadis .melaikan ibu2,anak2,nenek2 .paham kam"
a064f523-296d-4589-b697-c965f1cf79de,Kiang Santang,5,2026-09-02T10:21:55.759Z,Lainnya,Positif,Positif,0.9897,sangat membantu
b6156e60-c7c8-4e8b-8188-0206c456bcf0,wikan asmara,4,2026-09-02T10:18:49.840Z,Autentikasi & Akun; Kinerja & Server,Negatif,Negatif,0.9664,sering sulit jika mendaftar untuk hari ini.. servernya. semoga ada perbaikan.. eror terus kalau daftar hari ini..
51c5552e-4cf5-4796-9378-1ada7bee6342,gar fit,5,2026-09-02T10:16:42.907Z,Lainnya,Positif,Positif,0.943,mudah digunakan
837aeaee-4c72-4667-949a-26c7e2504bbf,Kurnia Wahyu13,2,2026-09-02T09:46:26.730Z,Kinerja & Server,Negatif,Negatif,0.8785,"Aplikasinya ga jelas, ga bisa diupdate malah ada tulisannya (Aplikasi ini tidak kompatibel dengan perangkat anda)"
2e312a86-3179-43d4-8c28-c77ad1734252,alvin nugraha,1,2026-09-02T09:23:42.390Z,Lainnya,Negatif,Negatif,0.6168,aplikasi keluar2 sendiri
7e81f57f-1f3f-4c85-abbb-7ae395744b6a,Nisa Azzahra,5,2026-09-02T09:23:19.405Z,Iuran & Layanan,Positif,Positif,0.9589,apk ini sangat membantu untuk perubahan data jadi cepat ga perlu kemana mana
ea598067-b5fa-4aa3-8147-11955b7e1e19,Semi neni,5,2026-09-02T09:17:17.316Z,Lainnya,Positif,Positif,0.9692,terima kasih
8553c04d-b3f1-4b8d-a208-53115be554e8,Surya Adiputra,1,2026-09-02T09:15:52.711Z,Autentikasi & Akun; Antrean & Faskes; Iuran & Layanan,Negatif,Negatif,0.9873,"HADEHHHHH INI SAYA MAU BEROBAT MAU CEK BPJS MAU DAFTAR ONLINE RIBET NYAA, Disuruh nungguin verifikasi sampe 5 menit gada nyangkut ke sms telpon wa maunya apa si? ini karyawannya pada kemana apa emang ten go semua? dirumah lagi gada siapa siapa cuma bisa andelin apk ini gimana coba HAHHH?!!!!"
8630b96d-3203-4b47-9214-c5f85bb2f677,Wahyuni Wally,1,2026-09-02T09:14:10.695Z,Lainnya,Negatif,Negatif,0.8426,aplikasi ribet
fd03b132-32ed-45d1-b1ba-14aedc0b762d,Yuyun Wahyuningsih,5,2026-09-02T09:13:53.130Z,Autentikasi & Akun,Positif,Positif,0.7521,"kesulitan mengetik angka di captca sewaktu daftar, mohon dipermudah, khususnya pada Lansia, hampir putus asa, terimakasih"
fc3f51f1-20a4-4e28-b30d-c88ca3c19d54,Boedy Rumba,4,2026-09-02T09:07:07.590Z,Lainnya,Positif,Positif,0.9897,sangat membantu
8fbd4cb0-4f89-4271-be8c-279f1ed52e37,Zahra Zahra,1,2026-09-02T09:03:18.262Z,Kinerja & Server,Negatif,Negatif,0.869,server sibuk mulu tolol banget
4fa6cf0b-90dc-47a3-b8ca-fe607581e22b,amrih juliarti,5,2026-09-02T08:54:22.121Z,Lainnya,Positif,Positif,0.9885,mudah digunakan dan sangat membantu
b31cd07b-a1cd-4f50-8943-094e03c977c3,Jibril Paku Ril Risdiyanto,5,2026-09-02T08:53:01.419Z,Lainnya,Positif,Positif,0.9889,smtara ok
e0f9196c-1c88-44c3-8fc8-0d7b10f41a3e,ALISHA KHAIRA WILDA,5,2026-09-02T08:24:08.970Z,Lainnya,Positif,Positif,0.9775,good
fe6dcb2b-c3cc-4444-bb2f-13de521eba0c,Jhiko Andrianto,1,2026-09-02T08:17:11.663Z,Autentikasi & Akun,Negatif,Negatif,0.93,kenapa no Tlfn saya tidak ada keluar no verifikasi saat mau daftar peserta baru di Apk JKN
52774083-8e01-48aa-a9f6-f261b92f9f1f,Muhammad Rifgi rahman,1,2026-09-02T08:15:06.112Z,Autentikasi & Akun; Antrean & Faskes,Negatif,Negatif,0.991,"mau daftar di persulit, dari dulu daftar ga bisa² ngestuck di kode otp tlp, padahal no tlp nya aktif dan lagi di pake, tapi kode otp ga pernah ada di SMS."
a83316b3-7a9f-44f9-b893-da3bb8edb671,Juwaeriyah,5,2026-09-02T08:14:30.430Z,Antrean & Faskes; Iuran & Layanan,Positif,Positif,0.9877,terimakasih JKN memudahkan prosedur pengobatan saya dan sangat membantu bagi saya yang pengguna BPJS
4038d56f-a0e7-49b9-adff-29431d9d92d3,Toni Eri,5,2026-09-02T08:14:08.117Z,Lainnya,Positif,Positif,0.9897,sangat membantu
0f7c4680-36b9-4457-ac0f-2679a84906ea,Mursalin Mdr,1,2026-09-02T08:09:44.461Z,Kinerja & Server,Negatif,Negatif,0.9232,"ini kenapa dah sedang offline mulu, jaringan buat buka aplikasi lain yg jauh lebih berat bisa² aja, g jelas ni aplikasi"
22711e9a-0172-4f84-8f61-c7b107ad7a50,Mc. ARVADY CHHYKSMH,1,2026-09-02T08:04:43.722Z,Antrean & Faskes,Negatif,Negatif,0.7996,"1. Rujukan Tgl 11 & Kontrol 12 September itu Sabtu✅ 2. Saya ingin BerKunjung RumahSakit Hari Selasa TGL 15. 3. Ketika Saya MengGeser Hari Nya Si Aplikasi Bodoh Malah Bilang “ Tidak Sesuai Tanggal Kontrol❗” 4. Jangankan 15, Tgl 14 Pun Kaga Bisa*. Tolong Benerin Hal Sepele Kaya Gini Yakk~ Makasih."
61b1e09f-9139-4f95-9628-e2393e369905,Agung Prakoso,5,2026-09-02T08:02:24.660Z,Lainnya,Positif,Positif,0.9752,sangat bermanfaat
3efa368e-f939-4f50-ba0d-180a31c5965d,lismarni 15,2,2026-09-02T07:23:54.325Z,Antrean & Faskes; Kinerja & Server,Negatif,Negatif,0.8795,hari ini jkn error tidak bisa ambil antrian online
f247f11e-99bd-4b3b-b72a-77dfbe14187d,Mirna Otto,4,2026-09-02T07:11:46.910Z,Antrean & Faskes,Positif,Positif,0.9529,"pelayanannya bagus, dokternya ramah"
0700721e-5986-478a-81dd-524a2bf69162,Fhafa Ahurayazda,2,2026-09-02T07:06:30.189Z,Lainnya,Negatif,Negatif,0.8484,Setiap buka kok harus log in lagi
9126b00b-4894-4697-9bad-dff202e8862a,Agus Gunawan,5,2026-09-02T07:00:48.675Z,Lainnya,Positif,Positif,0.979,pelayanan mantap dan bagus
519f589c-fb36-4f6a-894d-8866c2dbb85c,Yunia Chelsea aqila,1,2026-09-02T06:49:03.158Z,Autentikasi & Akun; Antrean & Faskes,Negatif,Negatif,0.97,"aplikasi ini suka tiba tiba log out sendiri udah di download ulang tapi masih tetep ga bisa masuk ke aplikasi nya, tolong dong di perbaiki lagi, lagi urgent mau berobat aplikasi nya ga bisa masuk nih,,, mana klinik saya ga bisa daftar manual mesti pake aplikasi jkn untuk daftar ..."
90a7774d-cceb-4ccb-83e4-9b17faaa9d60,Sugeng Pujiono,5,2026-09-02T06:48:38.291Z,Lainnya,Positif,Positif,0.9908,perawatan yg kami terima cukup baik dgn respon yg cepat
22327876-1f33-4ef1-a8f9-b1f3122945e8,Dana Abdul Rohman,5,2026-09-02T06:30:58.378Z,Lainnya,Positif,Positif,0.9944,mudah dan praktis cepat dan akurat
a282fa04-2cd8-4738-ba4d-8ed582666bb2,Deta yoewono,1,2026-09-02T06:26:40.353Z,Autentikasi & Akun,Negatif,Negatif,0.9161,Otp gamasuk masuk
8d3f21db-1cd3-4303-abfa-a08c86074a70,jack khozack,5,2026-09-02T06:24:24.112Z,Lainnya,Positif,Positif,0.9923,semoga membantu
e0f9a6d0-fd59-4f5e-a3e8-13897dcc3257,AFM - Putra Albendry,5,2026-09-02T06:03:08.936Z,Lainnya,Positif,Positif,0.9774,mudah jelas dan cepat
10ee16be-e9b6-47e6-a66d-be7ff294c45f,Setiawan Susantoso Situmorang,5,2026-09-02T06:02:55.139Z,Lainnya,Positif,Positif,0.5334,mantaplah
64cf8049-862a-4744-b442-abe86e720345,Hedwina 0103,5,2026-09-02T05:55:54.747Z,Lainnya,Positif,Positif,0.9775,mantap
ffee8fe6-3469-4ffb-91b6-96ba801a1989,setiawan doni,1,2026-09-02T05:55:07.389Z,Autentikasi & Akun,Negatif,Negatif,0.9466,"verifikasi ribet gagal gagal terus , buat aplikasi gak bisa di gunain"
24b2f45a-e64f-4336-ad36-5bf97038f858,Muhammad Arya Fadilah,1,2026-09-02T05:54:36.756Z,Kinerja & Server,Negatif,Negatif,0.9704,"aplikasi sampah,ga berguna di update lagi software nya ga bergerak sama sekali ini ga berguna sama sekali"
872c8cb8-1b7b-4387-ad02-f1946a0a291b,Farhan Fatih,5,2026-09-02T05:50:34.157Z,Lainnya,Positif,Positif,0.5334,MANTABSSSS
82f2c189-b8e7-4241-912c-28c69305088c,Yoke Damayanti,1,2026-09-02T05:46:27.549Z,Autentikasi & Akun,Negatif,Negatif,0.9563,masa susah buat daftar nya
8f0af19d-5c75-432b-8166-8f8577a1b9c4,Kadek Okta,5,2026-09-02T05:39:40.510Z,Lainnya,Positif,Positif,0.9775,sangat bagus
5e796682-cdd3-4020-bbed-9aebb644bdfd,Faya Titan,5,2026-09-02T05:38:04.793Z,Lainnya,Positif,Positif,0.9692,terimakasih
dc13ef5c-13eb-4f8a-ba24-b8d0be2201c9,Lalang Noviyanto,1,2026-09-02T05:37:28.345Z,Autentikasi & Akun; Kinerja & Server,Negatif,Negatif,0.747,sedih...pengen daftar aja ngga tau brp hari masalah sepele di otp..servernya kalah sama server judol🤦🤦🤦...ko bisa ya...Brasa Kya orang ngemis² jadinya
f4cddba6-2615-4d2b-b304-3b40036ee40b,Agus Subekan,5,2026-09-02T05:25:43.959Z,Kinerja & Server; Iuran & Layanan,Positif,Positif,0.7343,mudah di akses dan perubahan data langsung update bulan depan
a7f16a08-5b2e-4c8a-b79f-15d378be0db7,fajar syahyudin,1,2026-09-02T05:21:31.669Z,Autentikasi & Akun,Negatif,Negatif,0.9806,"tolol aplikasi tolol,,mintak kode otp dari nmor telpon nggak bisa2 udah lebih seminggu di ulang2 daftar nya ngk bisa2."
bd0a2cc0-230c-44cd-8239-d53ee7a1f64b,Firdaus,1,2026-09-02T05:12:22.121Z,Autentikasi & Akun,Negatif,Negatif,0.9243,daftar aja susah banget udah 3 hari GK bisa² aneh GK jelassss
714c6cdc-b8cb-44d8-8a1a-5a6f9be613e5,Yogi Memey,1,2026-09-02T05:07:59.773Z,Antrean & Faskes,Negatif,Negatif,0.9033,aplikasi Sampah.tiap mau ambil antrian selalu keterangan transaksi belum dapat diproses. aplikasi tolol. gimana kalau gawat darurat
0133ab3c-73b0-4df6-9951-7b2893a0efea,Keling Gregetno,5,2026-09-02T05:05:34.495Z,Lainnya,Positif,Positif,0.959,mantab
13160ae3-a2e0-49a5-9cae-662b86992021,Zaqi Noreng,5,2026-09-02T04:44:24.395Z,Lainnya,Positif,Positif,0.9897,sangat membantu
74fa45f0-d6aa-49d2-aac6-96c5798e68ea,Putri Khana,5,2026-09-02T04:34:14.934Z,Lainnya,Positif,Positif,0.9564,baik
3db2ab9d-9800-4e14-b47c-a2a2ef339b7a,Abdullah Baba,2,2026-09-02T04:27:08.629Z,Autentikasi & Akun,Negatif,Negatif,0.9511,mau masukan nope malah lama gak nyampe² otp nya
4a63f178-55c8-4857-9e6b-19d7b1c134bd,Selly Nurilhamy,1,2026-09-02T04:03:16.120Z,Kinerja & Server; Iuran & Layanan,Negatif,Negatif,0.8988,bpjs sudah di bayar bulan agustus dam september tunggakan masih tidak di update dan bpjs jadi non aktif mau lapor pandawa gabisa menunya stuck di log. saya bayar yaa bukan gratisan bpjs jarang saya pake tapi saya rutin bayar ini tiba2 ga ke auto debit pas udh di bayaar malah ga aktif bpjs saya. edan
ad7e2d88-d759-4e1d-8111-175ecc84a2b6,Moh Nafies,5,2026-09-02T04:02:40.291Z,Lainnya,Positif,Positif,0.9775,good
2c21773b-91bf-4a4f-b46a-04540720f7b6,Marwan Yakob,1,2026-09-02T04:00:43.969Z,Antrean & Faskes; Iuran & Layanan,Negatif,Negatif,0.8353,"Repot BPJS, saat anda beda faskes gak mau terima, Contoh FASKES JAKARTA yg dimiliki, Namun saat posisi sedang di daerah tidak berguna/Tidak bisa...!!!"
91f83f79-6231-4148-9dd3-819afa10923b,Adi Putra,2,2026-09-02T03:59:06.710Z,Antrean & Faskes,Negatif,Negatif,0.6593,kenapa yg untuk versi android 9 gak bisa ya
51a34781-77ce-47f0-9e32-7d4ca931eeba,Darurai Urat,5,2026-09-02T03:46:36.154Z,Autentikasi & Akun; Antrean & Faskes; Kinerja & Server,Positif,Negatif,0.8937,error bug dan loading keterusan tolong dibenahi setiap mau berobat jkn silakan coba lagi .jadi daftar manual
927ee7c1-0f43-4e66-a399-61d9e3c4bcfe,Yohana Mardiana,5,2026-09-02T03:42:48.480Z,Autentikasi & Akun; Antrean & Faskes; Iuran & Layanan,Positif,Positif,0.9845,"bagus banget,dan sangat membantu,jadi pindah faskes lebih mudah dengan aplikasi mobile JKN ni"
d1894037-db5b-4975-8e7e-8df88183ab75,sylvia megha,5,2026-09-02T03:34:24.604Z,Antrean & Faskes,Positif,Positif,0.5617,kereen sih sekarang memudahkan banget buat apa apa. bisa lewat online tanpa antre panjang.
fe8c0de5-28b0-4497-aeb6-29f13152de1b,Alby Mbi,5,2026-09-02T03:29:34.240Z,Lainnya,Positif,Positif,0.9775,bagus
c4f399b5-a9cd-47a8-ab14-415b946b081b,Nunung Budi,5,2026-09-02T03:28:09.550Z,Lainnya,Positif,Positif,0.9775,mantap pokokonya. .
fcf0731d-6e5e-4eb5-bb8a-f0a93dd41bc2,bakul KING chanel,1,2026-09-02T03:26:29.213Z,Lainnya,Negatif,Positif,0.5634,aplikasi yang belum siap di gunakan tapi di paksa di gunakan
6b011b45-4506-4b76-a383-350d38837f0a,Khadee,5,2026-09-02T03:23:11.869Z,Antrean & Faskes; Iuran & Layanan,Positif,Positif,0.9899,Alhamdulillah memudahkan berobat di faskes yg dilayani oleh bpjs kesehatan. sangat terbantu.
f7523b46-4d4f-4c99-b09a-001c2f857005,Richard Tuwaidan,5,2026-09-02T03:10:51.945Z,Lainnya,Positif,Positif,0.9775,keren aplikasinya
9d74c71a-ce31-43b1-9c5c-eb924bb25d40,Mohammad Muhsin,3,2026-09-02T03:09:08.811Z,Autentikasi & Akun; Antrean & Faskes,Positif,Negatif,0.9444,mau daftar berobat disuruh verifikasi no hp tidak bisa
2f74d786-730f-4c94-97ba-1a6efb8e667f,Nur Rahmat,3,2026-09-02T03:00:13.958Z,Autentikasi & Akun; Kinerja & Server; Iuran & Layanan,Positif,Negatif,0.8058,"seharusnya apk ini sudah sangat membantu , tetapi kalau bisa kode OTP yg di kirimkan ke peserta lebih baik lewat WhatsApp saja , kalau lewat SMS kadang lambat , atau ada user yg kartunya sudah mati 🙏🙏"
968639af-df9e-4e66-b7f3-7123d9a397df,tumijan bae,5,2026-09-02T02:59:15.417Z,Antrean & Faskes,Positif,Positif,0.9848,"Baru memindahkan faskes dari bagasari Karawang ke puskesmas mengwi III,pelayanan sangat mudah dan memuaskan, terima kasih untuk semuanya"
903abdfb-6ea8-4db8-be59-044daf5d7f70,Yulius Akiranto,5,2026-09-02T02:50:35.250Z,Lainnya,Positif,Positif,0.9775,bagus
8fedd4a8-fa82-407e-8cec-2468007687be,Hikmah Hikmah,5,2026-09-02T02:50:10.825Z,Lainnya,Positif,Positif,0.9897,sangat membantu
16ff5a97-ede5-442c-9c6c-3034fd908ae4,wahyuki.14 kii,1,2026-09-02T02:48:08.232Z,Autentikasi & Akun; Kinerja & Server,Negatif,Negatif,0.9768,"MASUKIN NOMOR TELFON AKTIF,GILIRAN UDAH DI MASUKIN NOMOR TELFON EROR,GA BISA NERIMA KODE OTP,BIKIN RIBET!"
0dcb15f8-56f7-46c6-a41c-a23084903359,Khodijah Khodijah,1,2026-09-02T02:47:03.709Z,Autentikasi & Akun,Negatif,Negatif,0.9825,"tiba tiba ke logout sendiri. mau masuk lagi susah, keterangan nomer hape dan email tidak terdaftar"
ed076af1-0774-4b78-a8bc-a4bb7e46c29f,Muhamad Sidik,5,2026-09-02T02:44:07.114Z,Lainnya,Positif,Positif,0.9877,sangat cepat dan membantu
9b313d13-4022-4393-aebf-b85453685b73,Luthfi King,5,2026-09-02T02:42:26.775Z,Lainnya,Positif,Positif,0.9587,"Aplikasi nya bagus, dan mudah di fahami.. dan juga tdk ada kendala sama sekali"
7272ac84-8a17-4bbf-88eb-48b63429dbac,imran opj,3,2026-09-02T02:39:00.489Z,Autentikasi & Akun; Iuran & Layanan,Positif,Negatif,0.912,"tidak bisa mengirim otp,padahal mau pake rehab buat bayar tunggakan"
1adb1e7d-6e15-4150-ac9c-feead10b7998,Iwan Saad,5,2026-09-02T02:30:02.610Z,Lainnya,Positif,Positif,0.9775,aplikasi yang bagus
5f601b01-6466-48d4-83bd-94e904d0d050,Mariska Dewi Sandra,5,2026-09-02T02:26:02.659Z,Autentikasi & Akun; Iuran & Layanan,Positif,Negatif,0.695,Saya daftar bikin akun mobile jkn knp keterangannya tanggal lahir tidak sesuai bpjs? Padahal udh sesuai🤔 mohon pencerahannya
20cbac36-b515-4496-beb0-d5af861806ca,setyawan dwijo susilo,5,2026-09-02T02:23:32.122Z,Lainnya,Positif,Positif,0.8769,mudah dalam mengakses
7656069a-8803-458a-832c-c88ed68da8b8,Bayu Sulistyotomo,5,2026-09-02T02:20:06.830Z,Lainnya,Positif,Positif,0.9889,ok
9d229263-7512-49f1-9080-be3085e6827e,jayadi arifin,5,2026-09-02T02:14:06.150Z,Iuran & Layanan,Positif,Positif,0.9527,para petugasnya ramah dlm melakukan pelayanan...terima kasih BPJS Kab. Mamasa🙏
cd6509de-9382-42c4-875f-15f52ae8d191,Kabks Havha,5,2026-09-02T02:12:12.767Z,Lainnya,Positif,Positif,0.9923,aplikasi bagus dan layanan dari pukesmas nya bagus dan baik
c70c485c-55ed-4def-b46d-f476a0d53b64,Muhamad Ali La Haru,5,2026-09-02T02:08:51.127Z,Lainnya,Positif,Positif,0.9564,terbaik
06f0ac68-f345-4409-85c1-bb699fe26450,Rifki ramadani,5,2026-09-02T02:04:35.388Z,Antrean & Faskes,Positif,Positif,0.9146,sangat mempermudah dalam berobat
1c9b25bd-a34e-4d4d-a5f4-bea08cefed4a,Agus Susilo,5,2026-09-02T02:02:40.221Z,Lainnya,Positif,Positif,0.9889,ok banget
8200aed0-9c19-4c45-ac37-4f27d23c9bae,Mochamad agus sanusi,5,2026-09-02T01:59:18.231Z,Lainnya,Positif,Positif,0.9775,bagus
82fe7163-e5d3-4ea7-9c3f-916a38661042,Puji Yati,3,2026-09-02T01:57:02.952Z,Lainnya,Positif,Positif,0.9775,bagus
1bd8d1f3-e872-4f24-babc-22e74ef14259,Hibatul Wafi,1,2026-09-02T01:54:15.783Z,Autentikasi & Akun; Kinerja & Server,Negatif,Negatif,0.9108,ngk berguna masa saat registrasi no hp banyak kendalanya jaringan eror lh itu lh padhal sinyal bagus dan no hp dh betul tapi ada aja ganguan nya
8ffdce09-ca8b-4b26-be25-59758490c95c,Emel Usa,1,2026-09-02T01:51:45.439Z,Lainnya,Negatif,Negatif,0.9343,Ga guna
675fed8a-624f-4d11-b664-bd9ccb4c3640,Ade Suryani,4,2026-09-02T01:37:54.605Z,Lainnya,Positif,Positif,0.7171,baru gabung
0401921f-1ffa-4b92-a185-40a91a13d92b,Windi Cahaya,1,2026-09-02T01:33:46.934Z,Lainnya,Negatif,Negatif,0.5457,gak. bisa di download
2212e995-8f66-4dfe-bf30-eba9c67b42b1,Ver Dian,1,2026-09-02T01:32:27.989Z,Autentikasi & Akun,Negatif,Negatif,0.9786,"mau daftar aja susah., kode otp gak masuk""., pake nmr smartfren gak bisa"" udh ganti 2 kali nmrnya. . perbaiki dong essss!!"
8db1f62b-1744-409e-92ba-94ee5f3e2c2c,Setiadi,5,2026-09-02T01:27:27.110Z,Lainnya,Positif,Positif,0.9775,mantap
850a4665-6a6d-4c21-a3ff-205e5945724c,Zira Nisa,5,2026-09-02T01:22:50.858Z,Lainnya,Positif,Positif,0.9775,bagus
4f888dc3-becd-455d-80b0-9f2a34e0dbf0,Rizky Cerdas,5,2026-09-02T01:22:07.281Z,Lainnya,Positif,Positif,0.9302,simpel
00209751-3658-4796-be80-1ef01a635571,bais bahar,5,2026-09-02T01:22:06.876Z,Lainnya,Positif,Positif,0.99,Terima kasih layananx. cepat satpamx ramah
1807f28a-4cbc-4eec-b2be-31484c705dd0,Faisal Akbar,5,2026-09-02T01:21:53.828Z,Autentikasi & Akun,Positif,Positif,0.5273,"aplikasi memang sangat membantu,tapi tolong permudah lah cara login dan daftar,bagai mana anda membantu kalau aplikasinya susah login."
648241b2-9473-47f0-9921-b75bd3f5a816,Salsabil Alhilaliyah,1,2026-09-02T01:19:38.522Z,Autentikasi & Akun,Negatif,Negatif,0.9921,capca udh bner no hp bner nik bner ttp aja gk bisa login apk buruk bgt
3d2d3390-4594-466e-86a6-1993b2aec3a4,Shania Indra rismaya,1,2026-09-02T01:08:39.132Z,Iuran & Layanan,Negatif,Negatif,0.6394,maaf kenapa bpjs sekarang ada debt collwctornya sampai bikang temannya oadahal gak punya teman
46b2109b-6d4c-40d0-9900-f027a97bbd7e,mamo kusnadi,5,2026-09-02T01:06:22.196Z,Lainnya,Positif,Positif,0.9906,semoga bermanfaat
0514aa53-48c9-42f7-8ecb-b7c3c1564c6e,Windy Arum Sari,4,2026-09-02T01:05:37.566Z,Lainnya,Positif,Positif,0.9775,bagus
6dc93fea-e3bd-4357-8535-d7fa6d4f596c,Cornelius D,1,2026-09-02T00:58:36.569Z,Autentikasi & Akun,Negatif,Negatif,0.6708,SUKA LOGOUT SENDIRI SUSAH LOGIN PERBAIKI BUNG!!! THANKS
0ec9bad7-fcd6-4fa3-bc30-9e352e629c71,sujarwo,5,2026-09-02T00:54:24.338Z,Lainnya,Positif,Positif,0.9889,ok
180ea46f-1bbe-42ec-89fc-b943b9fc5095,Arlina Maswar,1,2026-09-02T00:50:37.867Z,Autentikasi & Akun,Negatif,Negatif,0.9743,"setiap mau login gagal terus, ribet aplikasi ini, tidak membantu"
bb9bc1e6-2f00-493f-bdad-7aceb757a2c7,Nod Dhoni,1,2026-09-02T00:43:54.897Z,Autentikasi & Akun,Negatif,Negatif,0.9123,tiap bulan ke logout sendiri
c41ba702-5d5d-4550-b333-1f4ad00aaf50,Yusup Supriadi,5,2026-09-02T00:40:32.544Z,Lainnya,Positif,Positif,0.9897,membantu
0ddaa89b-539f-4719-9b41-7285b2a9c901,Junaidi Manaf (Junaidi SE),1,2026-09-02T00:39:38.721Z,Autentikasi & Akun,Negatif,Negatif,0.8973,susah banget verifikasi data
e11ce5cd-d7be-48be-bd3c-430758bcb5b5,"aldi pong,s",1,2026-09-02T00:39:24.504Z,Kinerja & Server,Negatif,Negatif,0.8686,aplikasi banyak masalah gajelas kalo dibuka lola
d1564fe6-397d-47f8-bffb-60e79b49edd2,Jejen Pratama,1,2026-09-02T00:35:53.573Z,Autentikasi & Akun,Negatif,Negatif,0.9444,ga niat verivikasi otp ga bisa
ee57b621-2498-4c19-9acd-1cbbb5e1d323,Fitriani Ayunda Fitriani Ayunda,5,2026-09-02T00:34:55.398Z,Antrean & Faskes,Positif,Positif,0.9262,RS terbaik di layani dg baik
05c605bc-9b86-4141-8c6b-b2a2fae677ae,Febri Aditya Ramadhan luas,1,2026-09-02T00:31:38.298Z,Lainnya,Negatif,Positif,0.5495,pelayanan rumah sakit jadi semakin lama dengan aplikasi ini
8e7aa4ee-46f3-484e-b021-2a3627ba1fae,Intania Ramadhanti,1,2026-09-02T00:30:43.910Z,Kinerja & Server,Negatif,Negatif,0.8495,eror terus
27bde8e2-ea1b-405c-bd1c-c72898fdd02e,Azure,1,2026-09-02T00:28:53.390Z,Kinerja & Server,Negatif,Positif,0.6668,"terlalu banyak yg perlu diperbaiki, bukannya mempercepat, malam memperlambat, tolong dikembangkan lebih baik, maintenance mulu ga ada perkembangan"
1fe53baf-c5bc-4f5a-8dea-aeedeb437a54,Sandi Na,5,2026-09-02T00:27:20.670Z,Lainnya,Positif,Positif,0.9897,membantu
4bc1665f-1803-4d7b-aaae-f6063ffcc842,Rio Adi,1,2026-09-02T00:26:58.326Z,Kinerja & Server,Negatif,Negatif,0.8495,sering error
a75b1c22-5053-4c3c-bcd1-5c9056e352cc,Beyes,1,2026-09-02T00:25:45.210Z,Autentikasi & Akun; Kinerja & Server; Iuran & Layanan,Negatif,Negatif,0.7369,"Error mulu heran, udah bener pakai Jaksehat, malah dipaksa pindah ke sini."
944da122-1a3f-4af3-a726-9b5f4b743015,SAHRIUDIN UDIN,5,2026-09-02T00:21:27.622Z,Lainnya,Positif,Positif,0.9564,baik
0f4a9c12-5c5a-411d-bfb1-6f7d8746dd2c,Voor You,1,2026-09-02T00:20:49.979Z,Antrean & Faskes; Kinerja & Server,Negatif,Negatif,0.8721,error terus. Perbaikilah. Kan setiap orang berobat pakai ini. Tolonglah jgn sering error.
fa43f88b-28c2-4c07-9308-c99cf29bdd68,Umar Hidayatulloh,1,2026-09-01T23:48:49.650Z,Autentikasi & Akun,Negatif,Negatif,0.969,lagi darurat karena alasan hp di restart kok g bisa masuk.. parah kalian
59f1d4f8-4322-4164-a2a0-db2eab6aeb48,Alya Syahidah,1,2026-09-01T23:30:52.617Z,Autentikasi & Akun; Antrean & Faskes; Kinerja & Server,Negatif,Negatif,0.8919,"Tanpa rating. Aplikasi yang justru mempersulit, padahal harusnya memberi akses cepat kepada masyarakat. Sistem verifikasi yang error, lambat, susah sekali. Dari banyaknya ulasan, sudah sejak dulu, kenapa tidak kunjung diperbaiki."
0afbf11f-de4f-4cb2-8b80-402622f42c4d,saiful bahtiyar,5,2026-09-01T23:14:38.528Z,Lainnya,Positif,Positif,0.9889,ok
fde8221f-d856-4f22-9d8d-8d2eb2d805a2,wahyudi wahyu,1,2026-09-01T23:06:53.725Z,Autentikasi & Akun,Negatif,Negatif,0.9017,kode otp tidak di kirim kirim
c5e4a3af-2a2b-440d-ac91-7859535f9436,Muhammad Arya pratama,5,2026-09-01T22:48:50.781Z,Lainnya,Positif,Positif,0.8224,baikk
aa25a8d2-7e8d-4d88-9038-025d1c8bda59,Yonomul Mul,5,2026-09-01T22:42:34.752Z,Lainnya,Positif,Positif,0.9889,ok
43394acd-c78a-4104-9a86-a144fde71b58,Yura Gacha official,1,2026-09-01T22:39:55.510Z,Autentikasi & Akun; Antrean & Faskes; Kinerja & Server,Negatif,Negatif,0.9865,"Banyak banget yang harus dibenahi jujur nih aplikasi. Sering banget error, jaringan tidak tersedia. Terus ini kan mau ambil antrian tapi karena ternyata nggak bisa di hari itu, jadi mau kuundur. Tapi ternyata gak bisa penjadwalan ulang. Ga jelas banget aplikasi pemerintah. Padahal jelas-jelas suruh online, tapi banyak banget bug di aplikasinya. Mau daftar manual gak bisa, harus pake online. Sebell, mempersulit pasien aja"
b0851522-cd7a-4140-a45f-b38e5dbde67c,Widoso Lani1986,5,2026-09-01T22:33:54.145Z,Lainnya,Positif,Positif,0.9775,mantap
dc71eafb-b0d6-45a2-9da2-17556c96e63e,dila,2,2026-09-01T22:17:13.152Z,Antrean & Faskes; Kinerja & Server,Negatif,Negatif,0.8472,"error trs, ga bisa ngambil antrian sama sekali."
45785e78-4128-4b14-a84f-5a3374b75bc1,Izzul W,5,2026-09-01T22:07:08.662Z,Lainnya,Positif,Positif,0.9775,josssssss
b34af283-a006-4a32-bbde-71d29862d86f,tukang galon,1,2026-09-01T21:13:57.469Z,Antrean & Faskes; Iuran & Layanan,Negatif,Positif,0.5862,makin gak jelas aplikasi ini. mau perubahan faskes pake identifikasi wajah . tapi gak bisa.
90b921a2-b46a-41bf-8dce-5662f650a9af,sanesmajid,2,2026-09-01T20:34:16.579Z,Lainnya,Negatif,Negatif,0.9284,hp saya android 9 tertulis sudah tidak kompatibel
a6603a24-ecf6-45df-89f1-ffc2eedbd465,Delan Tan,3,2026-09-01T19:24:51.264Z,Iuran & Layanan,Negatif,Negatif,0.8762,"di aplikasi dana saya bayar BPJS kesehatan terkirim pula rutin bayar selalu muncul,,tapi di aplikasi mobile JKN kenapa malah muncul tertulis belum dibayar??tolong jangan seperti ini,tidak biasanya,bulan lalu masih aman aman aja dan tidak seperti ini...sangat mengecewakan, perbaikilah ..kejadian di tgl 1 September 2026"
a811cb34-c4b4-49ff-b067-940b555c3f2c,Fun Cricle,5,2026-09-01T18:50:36.807Z,Lainnya,Positif,Positif,0.9775,mantap
825ddde3-481e-4e8e-9948-0990554f7872,Supar Cebol,5,2026-09-01T18:22:51.950Z,Lainnya,Positif,Positif,0.9775,mantap
9b9dd73b-96d1-4b1a-a380-7b19417599c2,Maulida Hayatunnupus,5,2026-09-01T17:43:02.974Z,Antrean & Faskes,Positif,Positif,0.8034,untuk aplikasi jdi memudahkan kita untuk brobat
c8301c6b-033c-442d-904a-d2d51cd3f8ad,Ina indriya mustikasari19,1,2026-09-01T17:07:45.768Z,Antrean & Faskes; Kinerja & Server,Negatif,Negatif,0.8881,aplikasi nya eror Mulu gabisa fair .mau ngambil antrean jam 24.00 udah di klik eror belum 10 menit antrian udah abis
adeb78bd-096d-481f-8199-f715ad186562,Nur akhmad Putra winata,1,2026-09-01T16:36:50.769Z,Autentikasi & Akun,Negatif,Negatif,0.6843,"Kode otp ga masuk masuk, layanan aplikasi ga ada, wah keren sih ini mantap bintang 1"
5b69fabb-b4ba-4363-9ee8-c9d0ab2d1b3e,Elismayani Harahap,1,2026-09-01T16:27:35.680Z,Autentikasi & Akun,Negatif,Negatif,0.973,aplikasi buruk kluar masuk tanpa sebab
4922d882-991b-4a41-931a-94496ea2ebb3,Fitrianto Jojo,5,2026-09-01T15:58:41.170Z,Lainnya,Positif,Positif,0.99,bagus semoga makin bagus pelayananya
0e8845ad-54a8-46a3-9a15-fff5f27b4d38,Rinto wibowo,5,2026-09-01T15:48:26.855Z,Lainnya,Positif,Positif,0.9775,mantabbb
9890b43c-dc15-4278-b5d6-40e7c605595e,Rori Andrian,5,2026-09-01T15:45:14.795Z,Lainnya,Positif,Positif,0.9897,sangat membantu
9f776392-3415-482f-936a-667a51db603d,Moch Mustakim,5,2026-09-01T15:30:48.625Z,Lainnya,Positif,Positif,0.5334,goog goog
ebe8ff79-4c13-4e08-afcb-2322cbca0adc,Kari Lah,5,2026-09-01T15:17:19.558Z,Lainnya,Positif,Positif,0.9775,sangat bagus
fc8d5a3c-720d-4322-bad5-03a02c17a958,M.Nuh Natakusuma,5,2026-09-01T14:59:47.567Z,Iuran & Layanan,Positif,Positif,0.9775,BPJS Joss
dc288595-ce17-43f9-bb22-428977fc4129,Yusuf Ardians,5,2026-09-01T14:58:11.379Z,Lainnya,Positif,Positif,0.9851,"Puas Dengan Pelayanan Ini Yang Simpel, Cepat & Tidak Berbelit-belit"
89d22046-6bd5-460d-8ad9-245c8655829d,22 rivai yuhu,2,2026-09-01T14:39:27.777Z,Autentikasi & Akun,Negatif,Negatif,0.9597,"aplikasi bobrok, dari minggu lalu maintenance sms ga selesai selesai aneh"
acc0fda5-601a-4ae1-883b-9e59d96eefee,imam nurdin,5,2026-09-01T14:29:52.900Z,Lainnya,Positif,Positif,0.9889,oke banget
305290e9-4b85-459a-a639-2171001d87c1,Esti Purwaningsih,1,2026-09-01T14:29:34.474Z,Kinerja & Server,Negatif,Negatif,0.8285,aplikasi lemot suka log out
b795b420-af11-4a91-a4c7-8ba56b120be3,sekar,1,2026-09-01T14:23:52.986Z,Lainnya,Negatif,Positif,0.5399,ga suka
11b71abf-7689-4834-bb77-3176fc0465b6,Fortis Catalog,1,2026-09-01T14:13:46.681Z,Lainnya,Negatif,Negatif,0.9506,"Sangat menyusahkan masyarakat karena aplikasi tidak kompatibel di banyak device bahkan sistem android 9.0, ini sangat menyusahkan masyarakat miskin yang untuk membeli hp saja belum tentu mampu. padahal aplikasi lain masih bisa-bisa saja di device dengan spek rendah, lahh ini yang harusnya aplikasi layanan untuk mempermudah masyarakat kok ribet banget."
284d4b7d-73db-4a06-a0fe-517639f056a9,Iin Purba,1,2026-09-01T13:59:22.350Z,Kinerja & Server,Negatif,Negatif,0.8784,"banyak bug,ribet"
8c94e0a1-6d43-4f47-ae08-47708adf0aa3,Ariesandy Malewa,5,2026-09-01T13:40:45.811Z,Lainnya,Positif,Positif,0.9692,makasih
753ef70d-70f2-45de-801d-2ab0ef531096,Amin Tomzu,4,2026-09-01T13:39:38.714Z,Iuran & Layanan,Positif,Positif,0.5252,kenapa yah di aplikasi ngga bisa Menambahkan anggota.padahal Baru 3 peserta.dan keterangan nya BPJS yg di tambahkan masih aktif padahal udh ngga aktif..apakah harus ada jangka waktu untuk penambahan anggota nya
50bfdd7a-2e9b-4116-a7a5-c04917752c83,Fadhilah Sukoco,5,2026-09-01T13:38:21.141Z,Lainnya,Positif,Positif,0.9564,baik
5e1b510a-dc56-4ee2-889e-768eee9b2865,Sumiati Sahli,1,2026-09-01T13:18:35.705Z,Lainnya,Negatif,Negatif,0.7521,"sering keluar sendiri, tidak efektif."
560425e4-4fc6-42b3-9689-ea40f47342ee,Agus Ferdiansyah,3,2026-09-01T13:14:59.756Z,Kinerja & Server,Negatif,Negatif,0.705,"Pelayanan masih kurang kadang error ,,"
35be9f7f-b191-46e7-b80e-3073d8a5b84e,Mlbb 123,2,2026-09-01T13:09:39.929Z,Iuran & Layanan,Negatif,Negatif,0.8336,"kocak, udah dibayar lewat M-banking tapi di aplikasi malah tertulis belom dibayar"
9a996c4a-73df-497b-951b-be55a318a616,Ajas Sina,5,2026-09-01T12:59:08.600Z,Lainnya,Positif,Positif,0.9775,mantap
604a362f-f11d-478d-aad5-fe1c4dde6041,Tri Fernanda,5,2026-09-01T12:58:26.505Z,Lainnya,Positif,Positif,0.9814,prosesnya cepat dan bagus
7c6c9984-75b2-4271-a3a6-4b6e78c50b8c,Ilyas Ilyas,1,2026-09-01T12:36:08.189Z,Autentikasi & Akun,Negatif,Negatif,0.9964,setiap kali mau daftar apk nya logout sendiri dan harus daftar ulang kecewa banget asli sumpah👎👎👎👎👎👎
1a75d394-49c3-42ed-986c-36215b645199,keall kyee,3,2026-09-01T12:13:53.560Z,Autentikasi & Akun,Negatif,Negatif,0.9242,cra daftarnya ribet. verifikasi ribet gx bsa nol pulsa. hrus dan pulsa jg ribet dftarnya
0486d6c7-1cf4-41cd-aa8b-27a7e1533080,aidilsywldn,1,2026-09-01T12:11:38.268Z,Autentikasi & Akun; Antrean & Faskes,Negatif,Negatif,0.9684,orang mau daftar aja di persulit aneh dasar
d21a789e-b8b4-4865-84bf-c5006fc323e7,Oppo Oppo,5,2026-09-01T12:04:03.108Z,Lainnya,Positif,Positif,0.9889,oke
6fc9d658-5925-4ed1-af91-5df4d9cbea0a,Raihan Andri,1,2026-09-01T11:57:32.745Z,Lainnya,Negatif,Negatif,0.9524,apk sampah kebanyakan gangguan
9f33ed28-7296-4464-9bb9-ea7c665432ca,Kaka Uye,1,2026-09-01T11:54:37.557Z,Autentikasi & Akun,Negatif,Negatif,0.9806,kode verifikasi nomor telepon tidak muncul di sms
483ce2a2-1b9c-4512-8aa0-e77c0be7d667,Yasin Nuur Ilham,5,2026-09-01T11:53:37.360Z,Lainnya,Positif,Negatif,0.907,udah aku coba tapi sulit
545c23bf-df40-414c-83cd-d3177575079b,Nurulita Ayuning Tyas,1,2026-09-01T11:46:57.613Z,Lainnya,Negatif,Negatif,0.8318,kacauuuu banget tiba² log out sendiri aja
cc6ae74a-cdb7-4488-b2e5-18ac058c8808,Moch Jibril,5,2026-09-01T11:05:46.573Z,Lainnya,Positif,Positif,0.9911,terbaik jkn pokoknya👍👍👍
2d8cfd0c-6de6-42fd-b80f-1e87adb2dfa4,Ani Susilowati,4,2026-09-01T11:00:40.325Z,Lainnya,Positif,Positif,0.9897,sangat membantu sekali
9694f459-63cd-47e5-acb3-6597b48c7787,djon o96,5,2026-09-01T10:58:27.857Z,Lainnya,Positif,Positif,0.9302,aplikasi mudah dan jelas
a6cccb14-a41a-4c79-98e8-df711453b606,RUDY CALM,1,2026-09-01T10:47:28.438Z,Autentikasi & Akun,Negatif,Negatif,0.981,kode otp gk bisa bisa mau daftar aja susahnya minta ampun..
cbbb3c0f-588f-41ee-b6df-ec66ba4d84bf,Firman Syahrul,1,2026-09-01T10:14:23.763Z,Antrean & Faskes,Negatif,Negatif,0.9484,"makin kesini makin buruk banget sitem nya gak bisa log in trus gangguan terus, teu baleg tolong atuh dibikin gak ribet buat rakyat kecil jangan di persulit"
cf0a3a4f-5605-4df3-b0e4-4b82c993c973,andi anis,5,2026-09-01T10:13:45.343Z,Lainnya,Positif,Positif,0.9564,sangat baik
9b20c8b1-7cd6-4866-870f-79ca1d5bb69d,Arif Firman,5,2026-09-01T10:06:39.737Z,Lainnya,Positif,Positif,0.5334,mntab
ef5020dd-00a8-48c1-adce-d66fc2ee293a,cv.shalom niaga,5,2026-09-01T09:54:06.143Z,Lainnya,Positif,Positif,0.9688,luar biasa
83409544-5200-4ad0-931a-c2b5490f17d4,Iput Iput,5,2026-09-01T09:37:14.975Z,Lainnya,Positif,Positif,0.9897,aplikasi nya sangat membantu sekali
0cd68161-4244-47da-b326-f066693f9849,ANGGA EIGHTY SIXX,5,2026-09-01T09:35:21.340Z,Lainnya,Positif,Positif,0.9775,nice
08a4789e-26db-4063-88b0-6315ce7bed9a,Yudi Supriadi,3,2026-09-01T09:33:07.225Z,Kinerja & Server,Positif,Negatif,0.5723,"tolong update nama bank nasionalnya di menu layanan auto debet, terkesan terbatas"
7480cd07-0b5b-45c1-9943-63ab54ac0915,Self_ i'mOkay,1,2026-09-01T09:31:14.110Z,Lainnya,Negatif,Negatif,0.8646,astaga Aplikasi opo ikiiii bikin marah
d9ebb9ee-4704-4706-b121-e4baaba875e5,Tagawa Kitchen,5,2026-09-01T09:24:33.846Z,Lainnya,Positif,Positif,0.9897,Ini sangat Membantu
e60a8fce-f7fc-4466-b7dd-c4459d5329dd,Fitri Finza,5,2026-09-01T09:24:08.235Z,Lainnya,Positif,Positif,0.9805,super keren pelayanan kesehatan yg sangat membantu
41febd11-1fe8-490a-a1f7-188133028074,Rainbow Collection,5,2026-09-01T09:10:36.299Z,Lainnya,Positif,Positif,0.9941,Terima kasih sangat membantu
be6ebe44-4788-4c55-abd8-aae18dadbe35,mr “sugi” sugi,5,2026-09-01T09:01:13.770Z,Lainnya,Positif,Positif,0.9931,"cukup membantu, dan bagus"
d112a51d-16da-4254-9bc6-2803eb204a14,Feni Yati,5,2026-09-01T08:50:52.752Z,Lainnya,Positif,Positif,0.7964,lebih ditingkatkan lagi piturnya
6bf219db-8de2-496b-b116-4c214792305e,Ary Santiago,5,2026-09-01T08:50:46.641Z,Lainnya,Positif,Positif,0.9775,bagus
f0416372-25dc-48b5-82bd-86438bc8268b,Olip Pinki,5,2026-09-01T08:21:38.905Z,Iuran & Layanan,Positif,Positif,0.9624,sangat berterimakasih dengan adanya BPJS ini.ibu saya pasien kangker PD Alhamdulillah ditangani cepat dan gratis
88475f3f-c2e0-4f29-b325-7b2f2303813a,Febrian Fauzi,1,2026-09-01T08:15:31.304Z,Autentikasi & Akun; Antrean & Faskes,Negatif,Negatif,0.9956,"Mau daftar online saja sudah, dipersulit, kode OTP tidak pernah masuk, ganti nomor HP, tetap OTP tidak masuk, gimana mau daftar, baru mau daftar saja sudah ribet, aplikasi diperbaiki lah, jangan anggaran dikorupsi terus"
edfe1d8b-6b7a-4d79-87aa-4f596feb4a56,Asep Sulaeman,5,2026-09-01T08:01:30.704Z,Lainnya,Positif,Positif,0.5334,saya tida bisa mnenduhyaa
ad0747fc-743d-4230-b420-069d3d2bd36d,Yupri Hariwanto,1,2026-09-01T07:30:14.796Z,Lainnya,Negatif,Negatif,0.9782,aplikasi tolol mau buka aja susahnya minta ampun heran
dcbcfaeb-e664-491d-a41d-a2430f6eb5bd,Anita Fidhi,3,2026-09-01T07:20:58.838Z,Lainnya,Positif,Positif,0.9564,baik
4c6f6828-608e-4729-aa5c-eae15f553036,Neng arsih Amnda,5,2026-09-01T07:15:22.236Z,Lainnya,Positif,Positif,0.7307,sangat suka
6c9d0ee2-0b21-4b40-a0a4-76044f1044c3,may lopp,1,2026-09-01T07:13:56.720Z,Autentikasi & Akun; Antrean & Faskes,Negatif,Negatif,0.986,aplikasi gak jelas ga membantu sama sekali giliran kaya gini di persulit padahal udah verifikasi wajahnya berkali kali ttp gagal sampe sempet ganti hp sama aja gagal ga membantu
ccd630ca-f7ac-4610-8902-5974108ae687,rani septiani,4,2026-09-01T07:04:24.705Z,Lainnya,Positif,Negatif,0.5236,kenapa gk bisa kebuka
97dda89c-1ca2-48e1-b1c7-bd8c02002d81,Rendy Djadoel,5,2026-09-01T06:47:27.648Z,Lainnya,Positif,Positif,0.7889,sangat berguna sekali
08a57815-9de9-4244-83ad-65c8ae4d68da,Holid Ridwan,5,2026-09-01T06:41:50.500Z,Lainnya,Positif,Positif,0.913,pelayanan online cepat
9f35c3c4-f1bf-4299-9987-5d8da45c3345,Arinda Indriana,5,2026-09-01T06:07:01.518Z,Lainnya,Positif,Positif,0.9302,sangat di permudah
4b04adc0-1441-4bde-9c7e-955dd9648f54,Novri Ansyah,5,2026-09-01T05:50:08.264Z,Lainnya,Positif,Positif,0.9564,baik
2db264a4-8904-4cee-8600-1aff66659091,Adriadi Indra (Indra adriyadi),1,2026-09-01T05:43:26.202Z,Kinerja & Server,Negatif,Positif,0.5466,"aplikasi untuk rehab tidak bisa di akses, domain error, penerimaan otw error"
b0fb550c-1402-4d26-9582-5966499fafa0,Bimtra Indro,5,2026-09-01T05:34:29.191Z,Lainnya,Positif,Positif,0.9564,baik
521d47d8-d00b-4b20-95c5-ac761b7ae6a6,Deds DDQ,5,2026-09-01T05:31:27.520Z,Autentikasi & Akun,Positif,Negatif,0.8897,jika masuk kenapa harus pakai kode Chapya?. ini merepotkan bagi Orang Tua!.
15815989-aa2b-4f75-9fb8-273ea8757267,Imam Daffa,1,2026-09-01T05:16:19.581Z,Autentikasi & Akun; Iuran & Layanan,Negatif,Negatif,0.9097,aplikasi nya ga jelas saya mau daftar bpjs program rehab gagal terus jadi untuk apa program itu ada sedangkan mau daftar gagal trus mau masuk otp nya
adae3bf2-97ca-4022-a370-db2add0a7598,Piyok Dotdot,5,2026-09-01T05:12:40.707Z,Lainnya,Positif,Positif,0.9302,sangat mudah
2e8d968b-0358-4cac-a31a-ba956c14817d,Endro Joe,5,2026-09-01T05:12:27.950Z,Autentikasi & Akun,Positif,Negatif,0.7388,"Saya mau daftar kok gak bisa ya? Ada keterangan : ""pendaftaran pengguna jkn tidak dapat dilanjutkan karena no hp tidak sesuai"" gitu terus, itu kenapa ya?"
92ff79ce-142a-4638-bfac-b38f7185f248,Hasanah Nur pratama,5,2026-09-01T05:08:10.526Z,Lainnya,Positif,Positif,0.9941,"sangat membantu, bagus 👍👍👍"
396bf279-bf06-48c7-95aa-4acf98697f1a,Elin Nurhasanah,1,2026-09-01T05:07:29.552Z,Lainnya,Negatif,Negatif,0.5999,aplikasi nya bagus cuma entah kenapa ga bisa Mulu buat ambil nomornya untuk hari ini
84208eb5-f344-4543-ba76-34122e6a411b,Rosita Hasanah,1,2026-09-01T05:05:45.570Z,Autentikasi & Akun; Antrean & Faskes,Negatif,Negatif,0.9943,"aplikasi jelek, lagi pilih dokter tiba2 keluar aplikasi disuruh login lagi"
8de6109c-22e6-48d5-b08d-9a25ff3e6abc,Rudi hamda,5,2026-09-01T05:04:21.570Z,Lainnya,Positif,Positif,0.9632,mobil JKN sangat membantu
ff24a8b0-700c-4a31-9597-17bbb66bd70f,Tony Brotony,5,2026-09-01T05:02:35.462Z,Lainnya,Positif,Positif,0.9877,keren mudah digunakan
fa439786-4267-4e8e-bab2-05e4aaa8fd96,U_noes ARTM87,4,2026-09-01T04:57:03.400Z,Autentikasi & Akun; Kinerja & Server,Positif,Negatif,0.9686,salah nik. sandi atau capta. padahal semua itu saya scrensoot. baru kali ini salah dan gagal masuk ampe 3x tetep salah. padahal dah cek bener². bug apa gmn ini
4fa0c16a-0f06-4a21-956a-adf6a3bb082a,sami ramadhan,5,2026-09-01T04:56:28.219Z,Lainnya,Positif,Positif,0.9775,👍
ac5f2906-cddd-4651-949b-50c82d7ba189,tri astuti,2,2026-09-01T04:52:16.729Z,Autentikasi & Akun,Negatif,Negatif,0.9368,jgan buat aplikasi kalo gak bisa daftar bikin susah saja
51638a9d-c5f0-4712-bb1e-495ad9c3ec5e,Anang Gunawan,5,2026-09-01T04:51:21.419Z,Lainnya,Positif,Positif,0.9959,"sangat membantu,semoga kedepannya semakin baik lagi"
b08c6510-6b2f-4018-9bde-c4ecb89b5fc2,EKA,3,2026-09-01T04:22:31.300Z,Autentikasi & Akun,Positif,Negatif,0.9608,Mau login tapi nggak bisa udah masukin Captcha dengan benar berkali kali tapi selalu dibilang salah padahal udah bener
f31519e2-bca0-4d28-a71c-6b58ed649402,Adinda dedek,5,2026-09-01T04:15:14.844Z,Lainnya,Positif,Positif,0.9775,mantap
dd95a685-9d2b-4a24-9563-8f4a7ea23e66,Vicky Aditia,3,2026-09-01T04:12:16.557Z,Autentikasi & Akun,Positif,Negatif,0.7033,"sistem tolong di perbaiki,mau daftar susah trima notifikasi SMS terlalu lama.. warga ingin di buat mudah,bukanalahan tambah ribet"
e9f17651-1756-403d-a53a-78ffce6d0123,Bang Noer,1,2026-09-01T04:03:29.280Z,Lainnya,Negatif,Negatif,0.8295,"Aplikasi ini mencatatkan kunjungan layanan yang tidak saya lakukan 4 bulan berturut-turut. Bukan kunjungan real yang tercatat. Berarti ini bisa diatur dari dalam. Rawan korupsi. Setelah komplain dua kali, tidak ada jawaban yang jelas atas apa yang terjadi, dll."
4843c52f-b7c4-4520-a1b7-1089a4970d8b,Nurul Hidayati,5,2026-09-01T04:01:44.799Z,Lainnya,Positif,Positif,0.9565,petugas cabang Sidoarjo ramah² 👍🏻
983c2c9d-8c61-4a10-a20d-4616cccf460c,J A,5,2026-09-01T04:01:07.439Z,Lainnya,Positif,Positif,0.9897,sangat terbantu dgn aplikasi ini
916eec9f-4c53-441c-bc4f-9e3255eef432,Firman Syah,5,2026-09-01T04:00:05.873Z,Lainnya,Positif,Positif,0.9802,good job
4a488ebe-19ad-4ddc-b8d7-cb072e44ad21,Fatimah Timah,5,2026-09-01T03:57:51.714Z,Lainnya,Positif,Positif,0.9897,sangat membantu
2fe6d89f-34fa-4ef9-8026-e4650001a1ac,xmyysh,1,2026-09-01T03:49:59.964Z,Autentikasi & Akun,Negatif,Negatif,0.8993,"Kecewa. Mau daftar online, tapi Mobile JKN tidak bisa diunduh karena tidak mendukung HP saya. Padahal HP masih normal dan bisa menjalankan aplikasi lain. Tolong perbaiki, jangan sampai pengguna kesulitan hanya karena masalah kompatibilitas aplikasi."
741fa6f5-182b-4ebc-a249-f6fe167dacd2,Ashraf Abdillah,1,2026-09-01T03:46:06.263Z,Autentikasi & Akun,Negatif,Negatif,0.9215,aduh ga bisa login ini gimana nih
80a8004c-fee2-438f-bb07-f74410e23cae,Sri antok,5,2026-09-01T03:35:21.649Z,Lainnya,Positif,Positif,0.9897,sangat membantu
1e1da76e-f2c0-417f-9e00-fd08df73ad0b,raudatul irfan,5,2026-09-01T03:34:53.617Z,Autentikasi & Akun; Antrean & Faskes,Positif,Negatif,0.8274,"katanya rakyat disuruh daftar online biar cepet,,tapi aplikasinya malah kurang bagus,susah buat daftar online yg rujukan ke RS."
d871fb2f-571a-4a23-b4dd-855023eafadf,Topeng Hutam,5,2026-09-01T03:31:56.516Z,Lainnya,Positif,Positif,0.9897,sangat membantu
6ce0a9ef-3c56-415e-ae18-d4cba11979bf,Kausar Kausar,5,2026-09-01T03:26:08.550Z,Lainnya,Positif,Positif,0.9801,semoga di permudah
0c3e3de3-e66c-463a-b233-6188efc5ce90,Nurwahidah Bima,5,2026-09-01T03:25:51.896Z,Lainnya,Positif,Positif,0.9981,"Oke, Krn membantu"
c1597fca-f567-4aed-97c6-656af3b5cb09,Pemi P,5,2026-09-01T03:25:48.466Z,Lainnya,Positif,Positif,0.9897,sangat membantu
2361cb67-1cd4-4637-ac87-63fb6e8e5eda,adera nirvana,1,2026-09-01T03:21:15.253Z,Kinerja & Server,Negatif,Negatif,0.8159,pelayan ny lambat ny..sering eror aplikasi
3dfbd3c4-54a1-426a-ba07-6e9c652f7c8d,Teger Lelo,5,2026-09-01T03:07:20.567Z,Lainnya,Positif,Positif,0.9446,cepat
1ec44376-4c05-4321-8d0b-688d0c628e99,Sudana Kadekputra,1,2026-09-01T03:03:27.671Z,Autentikasi & Akun,Negatif,Negatif,0.8886,aplikasinya aneh udah aktifkan login pale sidik jari lama nggk buka harus login ulang trus pake sidik jadi katanya kita blum aktifkan fitur sidik jari.
9ec3e8a0-a9e4-4643-a4d0-279b1abfe52d,Kraton Raihanyes,5,2026-09-01T02:58:01.454Z,Lainnya,Positif,Positif,0.7307,sangat suka
a0b94c70-e336-4b0d-b48f-cc3452acbc7e,Dev Sky,5,2026-09-01T02:51:36.489Z,Lainnya,Positif,Positif,0.9564,sangat baik
79eb437a-952a-4e59-936d-e7689220d529,Betuah Raye,5,2026-09-01T02:50:32.767Z,Autentikasi & Akun,Positif,Negatif,0.6698,tolong perbarui auto debit nya masukin bank BNI . dan non bank nya akun Dana.
906e8ade-f528-47af-8859-a824468a948f,Rahmat Taufik,1,2026-09-01T02:49:35.613Z,Autentikasi & Akun,Negatif,Positif,0.5282,"saya tidak bisa login ke aplikasi jkn , padahal sebelumnya baik² saja . tolong di bantu dong"
25d4c060-1f89-4423-82c3-30dd32715a4c,THE KINGZ,1,2026-09-01T02:48:29.209Z,Autentikasi & Akun,Negatif,Negatif,0.9474,"ini kenapa logout terus sendiri aduhhhh tolong lahh diperbaiki, mana susah lagi loginnya,"
f760b3e2-dfc1-42b5-b690-2cffa1fa5234,Udhek Udi,5,2026-09-01T02:40:43.628Z,Lainnya,Positif,Positif,0.9744,berguna dan bagus
bc69193a-96b0-4187-9b88-94c61cfd3abf,danang minggu,1,2026-09-01T02:39:28.676Z,Lainnya,Negatif,Negatif,0.9124,"tolong perbaiki aplikasi,susah dibuka"
f854475a-5139-4727-ab84-d28416fe2be6,Siti Maesaroh - Jabar,1,2026-09-01T02:28:32.775Z,Autentikasi & Akun; Kinerja & Server,Negatif,Negatif,0.9226,"Tolong dong diperbaiki, ga bisa daftar layanan online dan layanan² lain ga bisa diakses, udah 2 minggu gtu terus karena keterangan offline, padahal jaringan selalu stabil pake beberapa wifi, paket data"
d3d45e52-299d-41bb-95b8-76ae53fb5cb5,Astuti Wiji,5,2026-09-01T02:27:27.518Z,Lainnya,Positif,Positif,0.9637,cukup baik
9266ccca-01fb-468f-87dd-53b0308c9bb1,Dendy Wira,1,2026-09-01T02:25:38.428Z,Lainnya,Negatif,Negatif,0.8688,aplikasi rumit dan banyak menghabiskan waktu.
6ebe319a-7555-4b62-9466-ecca466bb1f4,Suji Anto,5,2026-09-01T02:22:59.966Z,Lainnya,Positif,Negatif,0.5714,kok nggak bisa dibuka ya
b67da7eb-90a7-4423-a263-afcb462ccc72,Heri Azhari HR,5,2026-09-01T02:20:08.750Z,Lainnya,Positif,Positif,0.9897,sangat membantu
d26390b6-82e0-4d65-83f1-5c6185ae9ff8,Bayu Ristanto,1,2026-09-01T02:09:12.696Z,Lainnya,Negatif,Negatif,0.7878,"aplikasi internasional aja gak memandang OS android handphone ,ini sekelas jaminan kesehatan ""nasional"" malah salahsatu SKBnya OS android.. anehh !"
33dc6a4d-1aba-4074-bbea-811faf415a55,Rahmat Gambreng,1,2026-09-01T02:07:12.857Z,Antrean & Faskes,Negatif,Negatif,0.8682,mempersulit
d68d4930-736a-4098-a8d2-fcd285c58a2b,Rinto Hutauruk,1,2026-09-01T01:59:10.185Z,Autentikasi & Akun,Negatif,Negatif,0.9097,"captcha tidak jelas, susah masuk, kayaknya admin sengaja biar susah masuk"
ddec2f57-541b-42b7-89d8-b8b6cebff424,Muhammad Azam Alfarizi,5,2026-09-01T01:55:16.530Z,Lainnya,Positif,Positif,0.8769,mudah akses
d93f8df7-8110-4f0f-8c0c-9c3a502d48bb,Afrizal Fajri,1,2026-09-01T01:47:03.766Z,Autentikasi & Akun; Antrean & Faskes; Iuran & Layanan,Negatif,Negatif,0.8537,mobil JKN gk ada guna nyaa. masak iya jarang di bukak keluar sendiri setiap mau berobat masuk kata sandi udh di masukin salah teruss . menyusahkan org mau berobat aja. lagi keadaan darurat harus pakai JKN padahal kartu BPJS ada!
fe8b14fe-59f9-410f-98e7-9476ae5e4118,Edo20 Xesrex,1,2026-09-01T01:46:44.814Z,Autentikasi & Akun; Kinerja & Server,Negatif,Negatif,0.982,"aplikasi mempermudah sih, cuma butuh diperbaiki lagi prihal koneksi nya yang kadang-kadang eror, ini saya lagi butuh sekarang eh malah verifikasi wajah susah, kirim kode lewat SMS gagal terus, capek, tolong di perbaiki, biar masalah kaya gini engga keulang"
7010657e-f8b0-48c2-a34b-cf44f54d1567,Qorri abeng,5,2026-09-01T01:42:48.519Z,Lainnya,Positif,Positif,0.7889,sangat berguna.. .
4926f210-ca57-4d48-92d9-0caf5ee034bf,Andri Ariansyaj,1,2026-09-01T01:38:38.304Z,Autentikasi & Akun,Negatif,Negatif,0.8976,gk bisa login verifikasi gk keluar2 kode nya
39eee454-c281-4452-bca1-3d4ca68a8e50,Bagusan Aku,1,2026-09-01T01:38:11.476Z,Antrean & Faskes; Kinerja & Server; Iuran & Layanan,Negatif,Positif,0.5588,"bagus kalo mau semua serba digital. tp masih banyak bug. data 1 pemerintah n ga sinkron, data dikemenkes sama di dispendukcapil juga belum tersinkron, masih mengikuti data lama, yg padahal sudah terbarui data di dukcapil namun di kemenkes belum terbarui. tolong benerin bug² itu. kalau tidak ya bikin aja 1 aplikasi untuk semua program pemerintah. jangan banyak aplikasi namun banyak bug yng muncul. thx u"
6ea4c018-6f6e-4527-a047-f19a637b24b2,Heri Yanto,5,2026-09-01T01:32:19.620Z,Lainnya,Positif,Positif,0.9775,bagus
05b3d6db-0630-470d-96f0-8804b9399cfc,Yerry Wungkana,3,2026-09-01T01:30:16.951Z,Antrean & Faskes,Positif,Negatif,0.5383,"Pengalaman bulan Agustus 2026 pemeriksaan dokter rujukan konsultasi gula darah utk pemeriksaan Hba1c sampai ke pemeriksaan lanjut pengambilan sampel darah di Lab. terlalu jauh jaraknya yaitu 1 minggu sesudah konsultasi atau kunjungan rujukan dokter ,belum juga nunggu hasil Labnya entah kapan ❓️banyak waktu yg terbuang percuma,tolong di perbaiki jaraknya kalau boleh langsung ambil darah dan periksa ke Lab waktunya di persingkat.... kalau masalah yg lain²nya sdh agak bagusan ☺️👍"
1e1ea42c-4ee3-4b42-bf48-76e0cff7fa5f,None,1,2026-09-01T01:27:36.192Z,Antrean & Faskes,Negatif,Negatif,0.9255,"gak jelas bener ni aplikasi, udah ambil antrean pas hari h malah gak ada jejaknya"
e6ff0591-bfcc-4bdb-b515-2985b70ad327,Sakura Any,1,2026-09-01T01:26:37.590Z,Autentikasi & Akun; Kinerja & Server,Negatif,Negatif,0.9593,mau daftar susah bgt eror mulu .
ce023096-4a12-42c6-8944-a2cf5f29fd4f,maria puspitasari,5,2026-09-01T01:10:13.679Z,Lainnya,Positif,Positif,0.9911,"Sangat membantu sekali, terima kasih Mobile JKN 😊"
751868d9-5bfe-4a4e-994a-2bc08a66fa9f,yeni ermalisa,5,2026-09-01T01:05:48.160Z,Lainnya,Positif,Positif,0.9775,Good
c9516b63-65e1-4475-a6f5-4f24459eec7b,Aminatuz Zahra,1,2026-09-01T01:04:35.559Z,Autentikasi & Akun,Negatif,Negatif,0.7804,"Udah bagus ada opsi kirim otp ke nomor whatsapp biar ga harus isi pulsa, Eh malah diilangin fiturnya, hadeeeh"
78b68c02-5bf2-49b0-8fef-f8da9c92e11c,SYM Motovlog,1,2026-09-01T01:04:09.349Z,Autentikasi & Akun,Negatif,Negatif,0.9551,"developernya kemana ini,kok aplikasinya ga diurus,udah ganti vendor kah,cuma verivikasi kode otp aja masa ga ke kirim kirim"
ae1351cd-f363-4fd3-b78e-1ecf26a241c7,koesnadi adyeja Adi,1,2026-09-01T01:01:07.340Z,Autentikasi & Akun; Antrean & Faskes,Negatif,Negatif,0.6147,"halo INI KENAPA SAYA DAFTRA KLINIK DI YA RAHMA, PAS AUPDET JADI DI KLINIK WIJAYA ...??????????ADA APA DENGN APLIKASI INI HALO TOKOLNGI JAWAB ....??? Waktu MENGISI Pemindahan klinik MATA SAYA MASIH NORMAL PAHAM"
194ceb90-e67b-4acf-a834-b87dd35199c2,Litter X5,4,2026-09-01T00:50:46.844Z,Antrean & Faskes; Kinerja & Server; Iuran & Layanan,Positif,Negatif,0.705,"sering error tiba-tiba, keluar device yang berbeda katanya. Pas udah ambil antrean eh besoknya dibatalin, gimana ini? Tolong sekali, tolong yaaaa. Iya tahu pake bpjs, tapi kami juga kan niatnya mau berobat mas mbak, tolong diperbaiki lagi yaaa aplikasinya, terimakasih 🙇🏻‍♀️"
54154183-ea3e-4203-bc49-f0b88f395919,Eddy Rumbayan,5,2026-09-01T00:46:09.785Z,Autentikasi & Akun,Positif,Negatif,0.7178,saya baru mau mendaftar di aplikasi mobile Jkn
744ac860-d307-4743-9951-7c6e3732185b,sri Sulastri,1,2026-09-01T00:45:40.364Z,Lainnya,Negatif,Positif,0.9775,bagus sekali
612c93ed-c030-43ff-8da4-0942ccc97359,Nurhayati bee,5,2026-09-01T00:43:06.627Z,Lainnya,Positif,Positif,0.9897,sangat membantu
7538bbc9-10ab-4a6d-af4f-bd11b433c3a1,Junaidi Abdullah,5,2026-09-01T00:35:01.330Z,Lainnya,Positif,Positif,0.5334,sangat membenatu
6d919854-fad2-4c4b-9057-22e1236f8780,Fajar Fahji,1,2026-09-01T00:34:39.446Z,Lainnya,Negatif,Negatif,0.8137,Sering bermasalah dan susah akses
5df66ca0-44c3-4024-acc0-0db16cfefa16,Reza Utami,5,2026-09-01T00:23:35.208Z,Lainnya,Positif,Positif,0.8902,💗
80406858-8db3-48a5-a171-e9859683682d,Aep Mikrotik,1,2026-09-01T00:16:14.227Z,Kinerja & Server,Negatif,Negatif,0.8495,eror mulu
e75f23f5-11dc-456f-a2ca-76f7e90665e8,Devi Handayani,5,2026-09-01T00:10:31.142Z,Lainnya,Positif,Positif,0.9965,bagus sangat ngebantu banget
4cc163f1-64d9-4301-a603-c7f85c27448b,NR walet,3,2026-08-31T23:52:57.800Z,Autentikasi & Akun,Positif,Negatif,0.9144,"aplikasi bagus tapi untuk kirim kode OTP nya yang susah lewat SMS, coba di permudah kirim OTP nya lewat WhatsApp saja. dulu mudah untuk verifikasi kirim OTP lewat SMS, sekarang sulit."
5dedb638-a8a0-4f6f-884d-9e8fceb634d4,Fiqri cakep,5,2026-08-31T23:47:50.473Z,Lainnya,Positif,Positif,0.9897,membantu sekali
512b769c-5a8d-475e-8c7b-65254fb48368,Azwin Awin,5,2026-08-31T23:31:39.479Z,Lainnya,Positif,Positif,0.6804,enak difahami
19baf31a-4d5b-4444-bf8c-01575046a53c,Marlo Gantika,1,2026-08-31T23:29:26.350Z,Autentikasi & Akun; Antrean & Faskes; Iuran & Layanan,Negatif,Positif,0.564,"perubahan faskes bisa setelah 3 bulan, di coba setelah 3 bulan berlakunya bulan depannya. Itu namanya bisa berubah faskes setelah 4 bulan"
56a0ca6b-8ee9-451b-870b-41a5a74c574a,Deds Bagia,5,2026-08-31T23:27:05.753Z,Lainnya,Positif,Positif,0.9679,keren banget amanah
c1f90652-2d21-44e8-83ef-b0d3baf1743b,ILFA ALIFA MUKMINA 18,2,2026-08-31T23:25:39.786Z,Autentikasi & Akun; Antrean & Faskes; Kinerja & Server,Negatif,Negatif,0.8852,"sedikit"" harus verifikasi nomor dan nomor Smartfren tidak bisa sama sekali alasannya ada kendala terus, bukan malah memudahhkan tpi malalh mempersulit. terkadang juga tidak terhubung sama server rs, harus segera diperbaiki sii biar g bikin pusing"
58897531-2a08-4dbd-a382-019e5c927d87,Listiani Agestina,5,2026-08-31T23:20:26.373Z,Lainnya,Positif,Positif,0.8871,Offer all mempermudah
add70140-c6fe-44db-9e3d-49cecbdb2613,rozani qurrotulaini,5,2026-08-31T23:15:20.282Z,Lainnya,Positif,Positif,0.8636,pelayanan mobil JKN semakin inovatif
d25e123b-dfcf-4253-a417-2f7334667355,Pembela,2,2026-08-31T23:12:10.350Z,Autentikasi & Akun; Antrean & Faskes; Kinerja & Server,Negatif,Negatif,0.802,"kenapa walaupun buka tapi pas diklik malah sudah ditutup? padahal masih sisa banyak, saya sering ga kebagian apalagi poli gigi, emang disengaja atau gimana? kalau bug kenapa ga dibenerin dari lama"
024a2c98-171a-459f-87bc-6ac5723ba5c4,Fena melinda Septiani,1,2026-08-31T22:54:51.958Z,Autentikasi & Akun; Kinerja & Server,Negatif,Negatif,0.9492,"Login hanya untuk 3 nik, tolong update untuk bisa masuk ke banyak akun jangan hanya max 3 nik"
6c347264-02cc-4da6-9425-781991297bf7,anugrah tv,1,2026-08-31T22:20:03.824Z,Lainnya,Negatif,Negatif,0.7762,aplikasi pemerintah ga bisa vermuk apa ga jelas knapa bikin aplikasi kalau bermasalah
272e403f-2740-46df-80ed-322ebaba7ac3,Retno Aji,5,2026-08-31T22:07:59.180Z,Lainnya,Positif,Positif,0.9775,good
1bc0041c-4de1-4395-8c9d-162df9a95e14,da ho,1,2026-08-31T21:48:29.559Z,Autentikasi & Akun; Antrean & Faskes,Negatif,Negatif,0.8993,"Kenapa dengan aplikasi ini,tidak bisa ngambil nomor antrean,padahal saya butuh sekali untuk daftar hari ini,tolong di perbaiki"
3ebd123e-931e-4cc6-bddb-748fef66367b,Agam Damara,5,2026-08-31T21:17:18.441Z,Lainnya,Positif,Positif,0.9897,sangat membantu sekali
9acc2fb5-5467-48fe-9e30-7ec49325401b,Raja Wali,5,2026-08-31T20:38:25.983Z,Lainnya,Positif,Positif,0.9916,oke banget mudah
57255817-a186-4943-81be-78cad808bff2,Dwanda firdaus,1,2026-08-31T20:01:00.790Z,Antrean & Faskes; Kinerja & Server,Negatif,Negatif,0.9565,"hari ini mau ambil nomor antrian aku bela2in alarm dini hari. eh ternyata gabisa padahal udah bener semua😓 jaringan jg aman, sampe ku install uninstall aplikasi loh gmn ini"
0461e384-72ef-4d1a-a04c-85ff6e49773a,Imroatush Sholihah,1,2026-08-31T19:53:32.802Z,Autentikasi & Akun,Negatif,Negatif,0.9873,"mau login susah banget ampunnn, diperbaiki dong aplikasinya. Udah coba berulang kali gagal Mulu gimana sih"
27da9953-f68a-4624-803c-ff8bcd63757d,Jemi Mardiana,4,2026-08-31T19:51:22.371Z,Lainnya,Positif,Negatif,0.6444,"sangat dibutuhkan masyarakat,tetapi sering gangguan,kenapa sich !"
53909b2e-4606-4583-bc1b-00ec0b4f3160,Harmini Rini,1,2026-08-31T19:48:14.729Z,Autentikasi & Akun; Kinerja & Server,Negatif,Negatif,0.9167,tolong segera lakukan pemeliharaan karena aplikasinya tidak bisa berjalan normal saya mau login tpi tidak bisa sma skali dikarenakan aplikadinya yg lemot harusnya ini menjadi perhatian pemerintah untuk diperbaiki
6c5a26f4-a54f-429c-9944-3280c7d61056,Desi,1,2026-08-31T19:28:53.705Z,Autentikasi & Akun; Antrean & Faskes,Negatif,Negatif,0.6986,sdah seharian buat daftar gak bisa .. gimana mau berobat sedangkan kalo mau brobat harus daftar lewat aplikasi ini 😏😏..
a3093dd1-d91c-4fb2-81ac-0d06cd64ee74,Siska 14s,1,2026-08-31T19:22:14.516Z,Autentikasi & Akun; Antrean & Faskes; Kinerja & Server; Iuran & Layanan,Negatif,Negatif,0.9744,"duh tolong ya diperbaiki lagi aplikasinya, masa mau login, mau daftar ataupun mau ambil antria gak bisa muter2 terus dan berakhir ngehang. orang lagi butuh bt priksa tapi aplikasi nya eror lama bgt.. trs gmn ni mau pake BPJS nya jadi terhalang to, percuma suruh bayar tepat waktu tapi pas mau dipakai aplikasi nya eror gaje gini, giliran bayar telat dinotif suruh cepet2 bayar"
a42e520c-3bd6-4fe6-8f82-3ae715186fae,Noval Trianto,1,2026-08-31T19:20:18.257Z,Kinerja & Server,Negatif,Negatif,0.9627,"error mulu offline terus sering lag , gunta ganti jarijgan sama aja. servernya selalu down"
a9e690f7-16d3-4f61-aa8d-2498b56d529b,Miller Kastanya,1,2026-08-31T19:08:33.911Z,Autentikasi & Akun; Kinerja & Server,Negatif,Negatif,0.9901,"aplikasi rusak!! tolong dibenerin ini kaga bisa login padahal sinyal normal tapi gak bisa login. padahal sebelumnya ga pernah logout kok tiba"" disuruh login lagi. mana ga bisa lagi error mulu"
27c01fd9-9820-4355-bca0-98a127422a53,Diana Lavezhie,1,2026-08-31T19:01:19.240Z,Kinerja & Server,Negatif,Negatif,0.9561,"Apk gak berguna, dikit-dikit eror, dikit-dikit eror terus.... tolong di perbaiki"
f8739a7f-5a94-4eff-848d-7b245dd4cecb,Aldila Ramdhani,3,2026-08-31T18:56:29.881Z,Kinerja & Server,Positif,Negatif,0.8627,"permasalahannya itu itu aja, selalu bug loading lama, permintaan belum dapat diproses, offline, padahal sinyal internet kenceng. cukup meresahkan terutama saat keadaan urgent."
73bb92e1-8323-4ee1-9c1a-b1e3a76cda3a,Agus Itenk,1,2026-08-31T18:53:38.610Z,Lainnya,Negatif,Negatif,0.9899,"giliran mau di perlukan,,gagal terus. coba lagi terusss 😡"
9ff726de-adff-4d05-b6a6-bd417df5a934,Ziaulhaq Mahfud,1,2026-08-31T18:46:09.975Z,Kinerja & Server,Negatif,Negatif,0.9412,"aplikasi gak bener hape gak diroot terdeteksinya root sering eror sendiri tulisan offline padahal sinyal ada KALO ADA DANA BUAT APLIKASI YA 100% ALL IN kan APLIKASI, ALOKASI DANA YANG BENER BIAR APLIKASINYA FUNGSI."
4716d6ef-bcec-4410-b009-28320dfabe70,Uncle R'D,1,2026-08-31T18:34:22.542Z,Autentikasi & Akun,Negatif,Negatif,0.8465,Kebanyakan maintenance.. Biasa keluar sendiri akun JKNnya tanpa di kasih keluar
838808b5-45b5-4bf1-882c-68e802ddee1f,Tika rahayu,2,2026-08-31T18:31:39.542Z,Kinerja & Server,Negatif,Negatif,0.8753,kadang lemot eror gk bisa di pakai
45977026-95bc-4cb8-9b70-c5d0130f798b,Dimas Tri utami,1,2026-08-31T18:03:36.608Z,Autentikasi & Akun,Negatif,Negatif,0.9758,Disuruh dafar lewat sini tapi giliran dafatr buat masuk login aja susah banget
4b61b4be-7d52-46d3-8f82-da51b13da66e,Fincent Gunawan,1,2026-08-31T17:42:18.722Z,Kinerja & Server,Negatif,Negatif,0.9813,parah setiap akhir bulan tidak bisa di access dengan alasan perbaikan sistem...perbaikan atau sengaja dimatikan servernya
bc303c1d-75ac-4865-9109-427dbd4b154f,Megawati Manalu,5,2026-08-31T17:39:02.191Z,Lainnya,Positif,Positif,0.9775,"bagus,"
ff89b732-8c56-4ef3-a2dd-c53be90d0e99,Fahri Saputra,1,2026-08-31T17:31:19.426Z,Autentikasi & Akun; Iuran & Layanan,Negatif,Negatif,0.9926,buruk sekali saya bayar tiap bulan giliran di butuh kan ga bisa masuk akun Ter logout
3a7948a5-faca-4060-ba95-edb6e0681baf,Fitria _95,1,2026-08-31T17:29:46.547Z,Antrean & Faskes; Kinerja & Server,Negatif,Negatif,0.9373,"tolong ini aplikasi tidak bisa di update, di cari di google play malah tulisan nya ""aplikasi tidak kompatibel dengan perangkat anda"" dan sering banget terjadi eror, mau ambil antrean selalu eror, ampun dah ini aplikasi negeri indonesia tercinta semua di persulit untuk rakyat nya"
3e13b978-62dc-4a5a-ab45-73b8de990142,Lala Nabilla,1,2026-08-31T17:29:46.800Z,Antrean & Faskes; Kinerja & Server,Negatif,Negatif,0.8815,eror mulu setiap ambil antrian
a207c98a-154e-4e7a-9aae-25f2e43b75df,Suwasno Wasno,4,2026-08-31T17:24:40.615Z,Lainnya,Positif,Positif,0.9688,luar biasa
7522f409-be9e-4f1e-8814-3cd9349bccad,Jimmy Tola,1,2026-08-31T17:23:19.130Z,Autentikasi & Akun; Antrean & Faskes; Kinerja & Server,Negatif,Negatif,0.8255,"aplikasi yang mengancam keselamata, mau berobat karna sakit malah error kesalahan sambungan mana pilihan dokternya kadang hilang harus refresh lama giliran muncul malah sudah penuh padahal pendaftar masih kosong, mana syaratnya harus ambil antrian lagi hapus aja aplikasinya, buat server yang bagus biar kecepatan aksesnya lebih bagus"
6f7f75d1-71b6-432f-a154-c230a49a9ced,Muhammad Iqbal,3,2026-08-31T17:22:31.738Z,Antrean & Faskes; Kinerja & Server,Positif,Positif,0.5301,Apakah aplikasi ini memang dibuat tidak beroperasi 24 jam? dengan signal 5G aplikasi eror ketika dibuka tengah malam. Belum lagi sistem rujukan yang justru menyulitkan karena hanya berlaku tiga bulan terbatas. Mohon ditingkatkan lagi untuk pengalaman pengguna yang lebih baik
51202bad-2290-41cd-83c5-cd3ce14ed09c,Riezky Aditya,1,2026-08-31T17:21:36.353Z,Autentikasi & Akun,Negatif,Negatif,0.9916,jelek sekarang apkny di bikin susah setiap mau daftar harus vertifikasi terus kalau lama ga di buka keluar sendiri kecewa banget
2381a110-032c-4b8c-a019-d458599e1151,Aliqucey,5,2026-08-31T17:21:06.223Z,Kinerja & Server,Positif,Positif,0.5628,"fitur fitunya udh bagus banget, kadang suka eror jaringan mulu"
29110122-c0d6-4c5d-8194-f022f894546a,Maulana Lana,1,2026-08-31T17:19:21.680Z,Autentikasi & Akun; Kinerja & Server,Negatif,Negatif,0.9816,eror mulu setiap mau masuk payah
a0ae57c4-068a-42ca-a0db-45047aee6a6d,siti hatijah,1,2026-08-31T17:12:21.524Z,Autentikasi & Akun; Kinerja & Server,Negatif,Negatif,0.9618,kenapa sering eror sih buat daftar aja susah harus nunggu dulu padahal sebelumnya juga masih aman kenapa sekarang jadi susah
0681bbfc-fac0-4277-9bfc-719047e018f0,Tofa Tika,1,2026-08-31T17:06:25.100Z,Autentikasi & Akun; Kinerja & Server,Negatif,Negatif,0.9237,begini klo daftarnya wajib akses pake aplikasi sekarang mau daftar eror mulu
a307f27a-7c7a-4199-a9be-0d1e8dd3d62a,Feni Azriani,1,2026-08-31T17:06:19.748Z,Autentikasi & Akun; Antrean & Faskes; Kinerja & Server,Negatif,Negatif,0.9643,"Tolong aplikasinya diperbaiki, setiap mau ambil antrian online loading nya lama dan tulisannya selalu offline padahal jaringan wifi bagus. mau daftar aja susah sampe ngga jadi ke rumah sakit karna ngga ambil antrian online. rekrut lah tim IT yang bener biar aplikasinya lebih ringan"
36309752-726c-4bfe-8743-c1ae2a513a8d,Marda liya. H,3,2026-08-31T17:05:31.982Z,Autentikasi & Akun,Positif,Negatif,0.9762,"buruk banget, setiap mau masuk aja susah masa harus pake paket data baru bisa. makin ke sini aplikasinya gak bagus banget bukan memudahkan malah bikin ribet tolong dong di perbaikin"
ff2ddcb3-20ea-4ba0-b31a-bfa661abcaa5,Wasis 22,1,2026-08-31T16:53:47.365Z,Iuran & Layanan,Negatif,Negatif,0.9442,sangat buruk sekali . tidak ada perubahan
8d11517d-7418-4bb4-84a1-2b30c83312f2,Star Sindrom,2,2026-08-31T16:52:10.991Z,Autentikasi & Akun; Antrean & Faskes; Kinerja & Server,Negatif,Negatif,0.9342,"kenapa keluar sendiri dan skr kagak bisa masuk lagi pdhl password bnr, error Mulu dh, mana bsk mu di pake berobat poli"
920d3021-b26e-46a0-a9c3-a0a7dc98edc6,Aswin khosinda Rifqi Malestra,1,2026-08-31T16:44:42.985Z,Autentikasi & Akun; Antrean & Faskes,Negatif,Negatif,0.9553,ribet banget asli aplikasi bagus tetapi ribet saat login Tolong di benarkan lagi aplikasi aneh mau login aja dipersulit mau padahal mau ambil anterin
a98ab832-ee58-4de7-83d0-edf6efeb185a,dani deny,5,2026-08-31T16:41:58.301Z,Lainnya,Positif,Negatif,0.6775,aplikasi nya susah di gunakan
bdb4013c-0a66-431f-91c1-b9e6a9fa3342,Ikmal Hakim Ikmal,2,2026-08-31T16:29:48.715Z,Autentikasi & Akun,Negatif,Negatif,0.9643,susah masuk karna ada kode captcha
92e82249-0b7b-4b5a-993f-55d658641aa4,Dewi Larasati,1,2026-08-31T16:27:27.360Z,Autentikasi & Akun; Antrean & Faskes,Negatif,Negatif,0.99,"buruk bgt ini ga bisa masuk aku aplikasi nya dari tadi. tolong lah diperbaiki. captcha salah terus padahal aku dah masukin sesuai lo. Kenapa ketika masuk Mobile JKN tidak bisa. Sudah memasukkan NIK dan sandi yang betul tapi tidak bisa. Masalah ada di captcha. Ketika saya coba lupa kata sandi juga sama, masalah di captcha. Terus ada pemberitahuan Offline, padahal sinyal ada pake wifi dan data tetap tidak bisa. Tolong lah, jangan dipersulit."
02db130d-f720-4d51-a890-8bf074d11141,Radi yanto,1,2026-08-31T16:10:15.596Z,Lainnya,Negatif,Negatif,0.7303,tidak bisa buka aplikasi JKN..makin sulit aja
d0ac8fbc-c6f8-4cab-9aef-0afb1cf998a8,Indihome Tulul,1,2026-08-31T16:03:14.184Z,Kinerja & Server,Negatif,Negatif,0.9099,"SERING ERRORR!!! GK NIAT BIKIN APLIKASI KESEHATAN, MENDING GK USH!!!"
fc2730fa-e0a9-49a4-bae7-13f75e08cdcf,Dani Nopian,5,2026-08-31T16:01:29.673Z,Autentikasi & Akun; Iuran & Layanan,Positif,Negatif,0.9333,Sya sudah terdaftar di regertasi...pas mau brosing n mau masukan id bpjs sama email saya...selalu gagal dgan tulisan mobile jkn terhenti...kasi solusinya dongk
e4854db9-b27d-445e-aa87-46450157a65d,Lala Sapira,1,2026-08-31T15:59:22.236Z,Autentikasi & Akun; Antrean & Faskes; Kinerja & Server,Negatif,Negatif,0.9722,aplikasi payah selalu eror padahal jaringan full bukan nya membantu malah mempersulit pas mau login maupun daftar selalu eror asli bikin darah naik
e7e4cc35-29dd-4516-9db9-384ddf2c7907,I Wayan Widya Pratama,1,2026-08-31T15:58:08.250Z,Kinerja & Server,Negatif,Negatif,0.841,"sedang diperlukan mendesak, bisa-bisanya aplikasi ini malah error. 😭"
4067379c-ff80-482d-9232-f9b558a61862,Yama Pradhana Sumbodo,1,2026-08-31T15:52:33.410Z,Autentikasi & Akun; Antrean & Faskes; Kinerja & Server,Negatif,Negatif,0.7893,Eror teruuuuussss... Ga bisa daftar ke faskes 1
a149ece6-1573-4cbf-acfb-32ce1e928f53,Ahmad Baehaqi,2,2026-08-31T15:51:38.710Z,Kinerja & Server,Negatif,Negatif,0.6968,padahal jaringan uda lancar masi aja ngeleg
92daa9f7-8857-4d09-a181-6e9bec4584ad,imam,1,2026-08-31T15:50:18.635Z,Lainnya,Negatif,Negatif,0.8719,"captcha nya mengganggu dan tidak bisa , padahal udah bener angkanya"
024a35f7-67fe-46bb-83c7-17bb6d2973ac,putri handayani,1,2026-08-31T15:48:41.525Z,Autentikasi & Akun; Antrean & Faskes; Kinerja & Server,Negatif,Negatif,0.9495,"klen kalo gak bagus buat aplikasi, gosah sok2an suruh semua orang daftar pake jkn mobile, aplikasinya bodoh, lelet, skrg org pake aplikasi buat mempermudah, malah dipersulit harua daftar2 manual lagi, perbaiki dlu kualitas aplikasi jkn ni, baru promo2"
b63b0202-63a0-4d98-83c3-a0aa97b7c65a,Herda Rusmawan,1,2026-08-31T15:38:37.191Z,Autentikasi & Akun,Negatif,Negatif,0.9738,aplikasi mau dibuka login ga bisa. aplikasi sampah...
e11c77cc-f286-4d46-8703-c429d199034c,Fery Ali nurdin,2,2026-08-31T15:38:34.790Z,Lainnya,Negatif,Negatif,0.6628,waktunya urgent mau liat data ko gak bisa di buka aplikasinya ??
c892e11a-06ed-4f1c-9e59-f2380acf71c7,Dinda Nasution,1,2026-08-31T15:33:47.338Z,Autentikasi & Akun,Negatif,Negatif,0.8832,Selalu keluar sendiri. Terus susah buat masuknya. padahal signal bagus dan sandi juga benar.
c2bedb3b-c07f-40ca-b901-9b64e2944f78,Walidatudz Dzakiya T.,1,2026-08-31T15:32:17.950Z,Autentikasi & Akun; Kinerja & Server,Negatif,Negatif,0.9906,"masa gabisa daftar, bug mulu, pas coba uninstall malah gabisa kirim kode otp KOCAK!!"
9fdc83db-45c2-4c47-9ce2-3ac08f3d65bb,Aulia Agustina,3,2026-08-31T15:30:25.510Z,Autentikasi & Akun,Positif,Negatif,0.9311,tolong ini kenapa mau masuk aplikasinya dsuru isi data diri ulang pas udh di isi malah gabisa masuk masuk di ulang beberapa kali tetep aja begituu malah muncul kode' gajelas yg ngarahin buat kembali😓
61f02295-15a8-433b-af11-79802165ff49,Razuliah Milatalata,1,2026-08-31T15:29:24.557Z,Lainnya,Negatif,Negatif,0.8682,aplikasi menyulitkan!!!
8b5efdc8-f900-49e8-9f4d-a46008f91c6b,Mia Nuramelia Septiana,1,2026-08-31T15:24:58.695Z,Autentikasi & Akun; Antrean & Faskes,Negatif,Negatif,0.8016,"Aplikasi yang tidak berguna, login pun susah sekali. Fitur lupa password tidak berfungsi sama sekali. Katanya selalu harus daftar online, ini bagaimana caranya kalau seperti ini terus? Yang perlu berobat urgent malah dipersulit. Tolonglah tim, buat aplikasi yang mudah dan praktis. Ini kan aplikasi dipakai oleh hampir seluruh rakyat Indonesia, tidak bermanfaat kalau seperti ini."
533c9914-806f-4221-bc3c-147c91aaae03,Vendhe Bremen,1,2026-08-31T15:19:16.294Z,Lainnya,Negatif,Negatif,0.9607,sumpah ribet banget nih apk
d8960477-48ea-451c-a903-b7417e0442f3,Queena Aurora,2,2026-08-31T15:16:10.431Z,Autentikasi & Akun; Antrean & Faskes,Negatif,Negatif,0.9037,bisa di perbaiki gak aplikasinya .. mau daftar ke faskes 1 dari sore smpai mlm gak bisa² .. capta salah berulangkali .. offline lah .. tiba² logout sendiri bukin emosi saja
b8fea9d2-4a7a-412b-baa1-dd39eb888f31,Picaa,2,2026-08-31T15:09:32.398Z,Antrean & Faskes; Kinerja & Server; Iuran & Layanan,Negatif,Negatif,0.9491,"ini kenapa si error terus, ga bisa buat cek apa apa jkn dan pandawa nya. tolong dong diperbaiki sistem nya ini, sering banget error masa, gimana mau bayarnya kalau error gini gile dah dipersulit amat"
4f77372a-ff4d-4b53-8766-531b1d626a55,nur hudha,1,2026-08-31T15:09:08.613Z,Kinerja & Server,Negatif,Negatif,0.8881,hari ini lagi error kah JKN mobile??
6d898712-6363-4945-9f51-6860740cd0d4,bocah ilankk,1,2026-08-31T15:02:54.757Z,Kinerja & Server,Negatif,Negatif,0.9514,"setelah di update kualitas jaringannya malah semakin buruk, saya tdk bisa mengakses apk ini."
d1c543ec-fd83-45e7-a5cf-82837d2e1bcd,Beng Beng Oreo,1,2026-08-31T15:02:05.154Z,Autentikasi & Akun,Negatif,Negatif,0.8966,makin kesini makin kesana.. ga bisa masuk2 gegara capcha .. tolong perbaiki system
5aca4e87-21fd-44d1-b432-d76f4bf71bae,Rohman Ade,1,2026-08-31T15:00:22.140Z,Autentikasi & Akun,Negatif,Negatif,0.9518,log out sendiri susah masuk lagi
87cb1302-6cd6-452c-bd0e-d28f56904305,Diens Storye,1,2026-08-31T14:57:11.456Z,Lainnya,Negatif,Negatif,0.9075,"gampang log out. harus selalu log in kalo mau dipake. ngeribetin. gimna klo kondisinya lagi darurat, dan tiba2 lupa pasword. mana bikin pemulihannya susah banget lagi"
18fc6ac0-5505-48db-be60-1011a8dc9237,resqi teguh,1,2026-08-31T14:56:02.274Z,Antrean & Faskes; Kinerja & Server,Negatif,Negatif,0.9554,setiap mau ambil antrian selalu aja ada kendala servernya payah
a7b10363-b4eb-458a-85f9-6f0160b79de4,Yulia Kurniawan,1,2026-08-31T14:55:04.479Z,Lainnya,Negatif,Negatif,0.8977,susah banget buat daptar
c6406886-df7b-44a2-83d5-25d27f32cbb3,Tovan Panca wibowo,1,2026-08-31T14:51:14.997Z,Lainnya,Negatif,Negatif,0.85,makin susah ya
5f370ffb-62c3-4c0a-8809-31707c57d324,ina,1,2026-08-31T14:50:51.445Z,Kinerja & Server,Negatif,Negatif,0.7928,aplikasi ga jelas sering eror kalo memang masi belum bisa buat aplikasi ngapain dibuat
527ad6b3-2198-4a56-97a7-debfc18bd878,syafirasalva amara,1,2026-08-31T14:50:32.413Z,Autentikasi & Akun; Kinerja & Server,Negatif,Negatif,0.9373,"susah buka aplikasi, kadang ke logout lemot banget. selalu bermasalah loading gak selesai selesai"
e180aea7-ac08-4964-b5e2-888c0d9de061,Dedi Lesmana,1,2026-08-31T14:48:09.779Z,Autentikasi & Akun,Negatif,Negatif,0.828,"login susah gabisa klik, lupa kata sandi captcha nya gelooo salah terussss, keren keren apk satu ini"
5d38f4bd-f47c-4ded-a2fd-cc3a7dd1cc3e,ilzzz 07,1,2026-08-31T14:44:44.193Z,Antrean & Faskes,Negatif,Negatif,0.7305,"aplikasi nya bermasalah trus,orang mau berobat udah meninggal duluan kalo gini"
64857c26-8e58-462a-a19b-6d3e82e338f1,Ilham Jumardhan,1,2026-08-31T14:43:30.662Z,Antrean & Faskes,Negatif,Negatif,0.7184,"bobrok sih, makin lama makin menurun standart penggunaan nya yang efektif, malah jadi mempersulit orang, tolong optimal kan lh , karna ini menyangkut kesehatan dan keselamatan seseorang , malu sangat kalau jatuh nya bobrok"
f2d79aa0-6835-4160-be81-b711ba981dd2,Azfar Rasad,1,2026-08-31T14:42:34.586Z,Autentikasi & Akun; Antrean & Faskes; Kinerja & Server,Negatif,Negatif,0.9746,banyak banget bug mau daftar susah kode otp gak muncul2. servernya ampas. tolong lah orang mau berobat jadi susah gini. aku tau ini apk tuh biar gampang juga. tapi tolonglah optimalkan. masa aplikasi pemerintah kaya gini
704d022a-dc1f-4f45-8428-1ef75f345d38,Arnine Nobell,2,2026-08-31T14:41:46.757Z,Kinerja & Server,Negatif,Negatif,0.6164,"banyak bug. baik secara network, atau kegagalan eksekusi. kinerja aplikasi juga sangat lambat"
ad9b3822-68e3-4da8-a38f-f34741295b59,WAYANG Channel,1,2026-08-31T14:40:38.159Z,Autentikasi & Akun,Negatif,Negatif,0.9964,"aplikasi buruk, udah log in tiba2 keluar sendiri, mau login harus pakai pulsa lagi."
0ba81ab4-b5aa-4110-bc90-4ceb8ba4655a,Igna Gilang Faith,1,2026-08-31T14:35:21.544Z,Autentikasi & Akun,Negatif,Negatif,0.9946,Aplikasi tolol Login unauthorized terus 👎🏻👎🏻👎🏻👎🏻
b8301764-037c-4f65-b29b-0df8456f40d2,Dian Nurhofifah,1,2026-08-31T14:35:13.826Z,Autentikasi & Akun; Antrean & Faskes; Kinerja & Server,Negatif,Negatif,0.9875,"jelek bgt apk nya , sekelas sistem yg dibuat pemerintah buat mempermudah rakyak menakses faskes apknya jelek bgttt loading nya lama tiba2 ke log out sendiri pas mau masuk error bener2 menguji kesabaran"
7ee64b88-c556-4f41-aecc-ecfa2c1763b6,Najwan Alpia yani,4,2026-08-31T14:33:35.479Z,Lainnya,Positif,Negatif,0.6165,ko sering TDK bisa di buka
1d7d0341-a45b-4f26-bee5-4a9c07cb2df1,Pat Yas,1,2026-08-31T14:33:07.627Z,Autentikasi & Akun,Negatif,Negatif,0.9778,"kenapa mau login ""unauthorized"" terus? pdhl nik benar, password benar captcha juga benar sampai berulang kali. login pakai sidik jari juga ""unauthorized"" aneh"
e69f4bb2-8c2a-409e-85f7-f70b8661dfb7,Andhika Sapto,1,2026-08-31T14:31:11.826Z,Kinerja & Server,Negatif,Negatif,0.8834,"aplikasi pemerintah tp kok kaya aplikasi murahan, sering error berat kadang ga bisa di buka"
52a00e80-9a2f-462e-911f-b2b00f70461b,dede kusnadi,1,2026-08-31T14:28:50.100Z,Autentikasi & Akun,Negatif,Negatif,0.6917,"permintaan anda belum dapat kami proses, trus aja gini tiap mau daftar, ayoooo laaahhh"
1872b27a-b7d2-4b19-a766-0ca2e61440d1,Keyla Zakiyah,1,2026-08-31T14:23:29.717Z,Autentikasi & Akun; Antrean & Faskes,Negatif,Negatif,0.9434,"mau berobat aja hrs di persulit dlu, login gbs² padahal NIK, kata sandi & captcha nya bener."
2ec0e96d-310d-43e0-9b03-305471a2af31,Arrie Al Isra,1,2026-08-31T14:19:37.574Z,Autentikasi & Akun,Negatif,Negatif,0.9733,mau login aja susah. apl buatan pemerintah emang bapuk. anggaran bikinya aja yang besar.
63791e7d-651b-43a5-ad41-f26a013b82db,Surani Rani,1,2026-08-31T14:12:20.894Z,Autentikasi & Akun; Kinerja & Server,Negatif,Negatif,0.9746,"aplikasiny buruk sekali, masuk gak bisa bisa, error terus padahal sandi dan captha bener"
10041680-cf28-4fc4-8f76-20e94bcdd5d5,Afif Kholisun Nashoih,1,2026-08-31T14:11:39.128Z,Autentikasi & Akun; Antrean & Faskes; Iuran & Layanan,Negatif,Negatif,0.5721,"Alhamdulillah selalu dipersulit ketika menggunakan aplikasi ini. saat mau memeriksakan anak ke faskes lanjutan, saya tidak bisa daftar menggunakan aplikasi ini. alhasil harus mengeluarkan uang pribadi untuk periksa di dokter spesialis, padahal tiap bulan keluar uang buat bayar BPJS kelas 2 untuk 4 orang. terima kasih kpd bpjs dan jkn yg mengajarkan kami untuk selalu bersabar."
27b8a821-cf1a-44dc-9ca3-be6f95512acc,Yona Rahma Putri,3,2026-08-31T14:09:21.101Z,Autentikasi & Akun,Negatif,Positif,0.5782,kenapa mau login malah UNAUTHORIZED padahal sandi benar dan sulit:) malah bikin bingung
061e1352-30ae-47d4-b7d8-a8e22e9258b4,zulfan assidiq,1,2026-08-31T14:07:40.827Z,Lainnya,Negatif,Negatif,0.7529,"maaf aplikasi sering banget offline, tidak bisa buka semua fitur yg ada"
ec3ee7a5-ff4b-4a91-9cd3-2da46d4cac0a,Eman Belitang,1,2026-08-31T14:07:11.864Z,Kinerja & Server,Negatif,Negatif,0.9853,aplikasi jkn gak jelas eror melulu😡
36d8f390-251a-491a-a65a-562bf7c85c1d,Hii,1,2026-08-31T14:00:35.408Z,Lainnya,Negatif,Negatif,0.7183,gk bisa di buka
d2d38ebd-ac32-42fc-8ca7-1689e955bc5c,Harirun Najib,1,2026-08-31T14:00:20.544Z,Kinerja & Server,Negatif,Negatif,0.7249,"aplikasi penting, tapi server angin2an"
21fb228d-09b8-4aa3-a318-4f662d7be8ac,Nike,1,2026-08-31T13:58:33.969Z,Autentikasi & Akun; Antrean & Faskes; Kinerja & Server,Negatif,Negatif,0.9837,TOLONG PERBAIKI APLIKASI NYA! GIMANA SI KODE OTP UDH SEMINGGU GA DI KIRIM² JUGA SAYA BUTUH UNTUK DAFTAR KE RS TOLONG UNTUK KE DEPAN NYA JANGAN TIBA² LOG'OUT SENDIRI PAS MAU MASUK KAN JADI LUPA PASWORD MANA SAMPE SEKARANG KODE OTP NYA GA DI KIRIM² GEDEG BANGET SAMA APLIKASI INI TOLONG YAA SEGERA DIPERBAIKI! JANGAN EROR MULU INI ITU PENTING BAGI ORANG YANG SAKIT
4827fcbb-6354-4e7b-927c-414a76b6c3f3,dani adira,1,2026-08-31T13:56:06.617Z,Autentikasi & Akun; Kinerja & Server; Iuran & Layanan,Negatif,Negatif,0.9764,"Aplikasi Busuk, apa semua yang berbau plat merah seperti ini? kalo lagi dibutuhkan selalu error, kita bayar iuran tiap bulan hampir tidak pernah kepake, sekalinya mau pake malah error. Password tiba-tiba salah, reset password berkali-kali. team IT kalian itu lulusan apa sii sampe aplikasi sebusuk ini dibiarkan berlarut-larut!!!"
60476a20-71f5-452d-b70c-6dc85b3c341c,Iin Rahmadanti,2,2026-08-31T13:51:57.878Z,Antrean & Faskes; Kinerja & Server,Negatif,Negatif,0.9545,"aplikasinya dikit2 pemeliharaan, jadi susah mau bikin jadwal kontrol, sering eror pula gimana sih"
4cc4f938-33ad-4a88-afe6-538f42f28248,Eddy Fu,2,2026-08-31T13:44:13.143Z,Antrean & Faskes; Iuran & Layanan,Negatif,Negatif,0.8186,"banyak hambatan dalam isi aplikasi jkn, pas mau ambil antrian ke faskes pertama nggak bisa, bagaimana ini BPJS, udah dibayar tapi nggak bisa dipakai"
011523d5-6f13-4ad9-a577-09b080509dbb,Lisa Nahdalia Pradani,2,2026-08-31T13:37:45.774Z,Autentikasi & Akun; Kinerja & Server,Negatif,Negatif,0.9358,sering bgt erornya dan sering log out sendiri pula. Dah diinput password dan kode yg bener masih aja dibilang salah input
71866e08-2a8a-42ad-b70c-5a78faa5a3ca,Doli Saputra,1,2026-08-31T13:33:56.929Z,Kinerja & Server,Negatif,Negatif,0.9615,"aplikasi nya error parah, orang lagi sakit mau pemeriksaan malah dikit dikit ""UNAUTHORIZED"". BAYANGIN ORANG LAGI SAKIT, NGISI CHAPCA NYA BENER MALAH UNAUTHORIZED UNAUTHORIZED MULU GILA. aplikasi pemerintah gapernah ada yang bener, lu kasih ke swasta dengan budget yang sama, dia udah bisa bikinin lu game GTA 6"
4c175075-ec89-4456-9ac8-01c194794154,Matshuya Yuia,2,2026-08-31T13:33:24.525Z,Lainnya,Negatif,Negatif,0.8124,"kenapa gak bisa dibuka bulan kemaren bisa sekarang gak bisa,kebuka pun ada bacaan tidak ada internet"
68c74037-a5f3-4196-bb2c-1698b2c8733e,Ati Sunarti,5,2026-08-31T13:30:52.623Z,Lainnya,Positif,Positif,0.9564,baik
d9077c16-b5a9-4d99-a99d-4be1992938e1,Rijal Sulthoni,2,2026-08-31T13:29:29.230Z,Autentikasi & Akun; Iuran & Layanan,Negatif,Negatif,0.5395,katanya satu akun di aplikasi mobile jkn bisa digunakan semua peserta yang masih mencakup 1 KK(kartu keluarga) tapi kok saya coba gak bisa gimana ini tolong diperbaiki
278cd98e-2fe1-48ed-af90-825b9e00b783,Kirmanto gedongkuning,5,2026-08-31T13:28:47.552Z,Lainnya,Positif,Positif,0.9775,josss
0b6d34c4-feaa-4354-8443-a666dcb59282,Zaskiya Wardani,1,2026-08-31T13:26:36.116Z,Lainnya,Negatif,Negatif,0.957,aplikasi jelekkkkkk
3fcacf71-7c43-4ff1-b268-5e09ac4aa11d,rifdah firjatullah,1,2026-08-31T13:25:48.593Z,Autentikasi & Akun; Kinerja & Server,Negatif,Negatif,0.8546,"review jujur, andai ada aplikasi lain semacam mobile jkn, pasti sy pake itu, asli sih repotnya minta ampun, slalu terjadi gangguan, masukan aja, semoga kedepannya bisa di update yahh aplikasi, kasihan kt yg pemakainya slalu terjadi gangguan error kek apa kek"
9ca8063d-61b9-44ee-bbec-4e6a91973be4,Veronica Else dwiandini,4,2026-08-31T13:24:57.390Z,Autentikasi & Akun; Antrean & Faskes,Positif,Negatif,0.9742,"duluu gampang aja login, skrng mau login susahnya minta ampun pdhl NIK udah diketik pw sudah benar capca juga udh bener tp masih aja susah login.. ini mau ambil antrian ke dokter jd makin lama makin penuh slot antrian ke dokter.. tolonglah diperbaiki satu lagi verifikasi wajah jg busetttt dahh susah PAKE BANGET NGGA BISA NGMNG LAGI😭🥴"
6b08c6ec-0f3b-4799-b903-54e3a2b9e735,Mizuka ?,1,2026-08-31T13:22:47.719Z,Autentikasi & Akun,Negatif,Negatif,0.9641,"aplikasi gajelasss!!! mau daftar udh valid semua identitas, cuman gara gara verifikasi captcha itu harus ngulang ngulang truss??!!! kode sejelas itu masih aja unauthorized sampe harus nunggu balikan lagi dari awal."
3e522e2d-703a-45c3-9319-8079dd19424a,Wilfan Damar Bagasta,1,2026-08-31T13:21:17.857Z,Lainnya,Negatif,Negatif,0.791,Kenapa sih aplikasi plat merah gaada yg bener
58486a68-d5d8-4302-938d-2ed9b00a1d47,Danu Pratama,1,2026-08-31T13:15:09.356Z,Lainnya,Negatif,Negatif,0.9686,dulu bagus sekarang sulit diakses👎
f06435eb-b071-4b00-9743-c31f3b4aced9,Hery Yadiguest,1,2026-08-31T13:14:18.488Z,Autentikasi & Akun; Antrean & Faskes,Negatif,Negatif,0.9176,yang masukkan captcha betul betul mempersulit .. ga semua yang daftar mobile jkn penglihatannya normal.
699d0b91-01fb-4ef2-b627-4fec520bad13,Nitha Jittaleela,4,2026-08-31T13:10:04.833Z,Kinerja & Server,Positif,Negatif,0.7865,"aplikasi nya eror, tolong dong diperbaiki. aplikasi bnyk di hp sy, tp JKN doang yg GK eror"
1057e05d-171b-48d4-8488-1849dd334b97,Tauhid Hidayat,1,2026-08-31T13:05:54.864Z,Autentikasi & Akun,Negatif,Negatif,0.954,mau login ajah ribet nya minta ampun ..
1f2f323b-74b3-4250-823d-53fbcb815549,acep muhdiana,1,2026-08-31T13:03:58.123Z,Lainnya,Negatif,Negatif,0.6115,it nya kurang!!!
82d9e4b3-b6b7-4bf9-98bd-b0b737b4f32d,Bima Brantasena,1,2026-08-31T13:03:02.335Z,Autentikasi & Akun,Negatif,Negatif,0.9857,ampas bgt aplikasi susah bgt mau verifikasi aja gagal terus
02b80c87-ed39-4446-9092-a17b4928ba17,Tessalonika yim,1,2026-08-31T13:01:30.372Z,Antrean & Faskes,Negatif,Negatif,0.9142,"aplikasi nya kenapa ""butut"" banget ya? loaddd terus, keterangan kadang ""offline"" padahal udah ganti2 ke wifi ke data sama aja.. benahi deh? butut banget soalnya, serius. orang mau ke rs ajaa harus nunggu apps lu bener.."
84276206-257c-4c99-b9d4-99b5b3b85ed4,Ekasafitri Pane,1,2026-08-31T13:01:19.924Z,Autentikasi & Akun; Antrean & Faskes; Kinerja & Server,Negatif,Negatif,0.7576,tolong lah di perbaiki bug nya..kita mu cepat daftar antrian malah sering gangguan terus
4ce7ac2d-5484-45f5-b919-3c3815cdec41,Suparti Suparti,5,2026-08-31T12:51:51.883Z,Lainnya,Positif,Positif,0.9775,bagus
0e93464d-f061-4248-bad5-041a6080c1bd,Joko Miracle,1,2026-08-31T12:48:55.615Z,Kinerja & Server,Negatif,Negatif,0.8344,Pengelola APLIKASINYA bukan dipegang oleh yang Profesional. Aplikasi sering terjadi Erorr saat akan menggunakannya. cari tau sendiri pasti anda akan tau bahwa benar aplikasi ini sering bermasalah
956313d5-ee30-4d9d-8e03-b298d8bd4c07,wheredid yougo,1,2026-08-31T12:48:35.898Z,Antrean & Faskes; Iuran & Layanan,Negatif,Negatif,0.9368,"CS nya jelek, pakai outsourcing apa sih? Ganti saja masak CS nya motong motong omongan saya, malah memberikan saya sop dan menghina hina. Emang dia yang gaji saya apa sampek ngasih saya sop segala. Tiap bulan di bayar mau ngurus apa apa dipersulit. Dah bubarin aja."
4f62d2b5-38e4-40df-afa7-eb3e593e1084,Selvy Hanmina,5,2026-08-31T12:19:22.596Z,Iuran & Layanan,Positif,Positif,0.8851,membntu dalam mengecek bpjs
7417640f-562d-47ec-b1c4-c5b7c44df7eb,edi khenedys,3,2026-08-31T12:10:03.240Z,Lainnya,Positif,Positif,0.635,Tingkatkan lagi untuk pengguna wifi yang tidak bisa mengakses aplikasi ini...
8f283882-ac60-4336-ae32-883f2476d57f,Muhammad Farhan,1,2026-08-31T12:06:45.950Z,Autentikasi & Akun; Antrean & Faskes,Negatif,Negatif,0.9137,"aplikasi gak jelas , nunggu kode verifikasi aj gak masuk² ornh Pdahal butuh untuk berobat."
581ab074-fece-4729-8cf4-68b9f3dd4300,Rijal Satrio,1,2026-08-31T12:04:53.542Z,Autentikasi & Akun,Negatif,Negatif,0.8178,mohon diperbaiki lagi dan dipermudah untuk proses verifikasi wajah dan nomer handphone
092a943f-1122-4352-a94a-e8d0b345a1db,huddha muezza,1,2026-08-31T12:04:06.100Z,Lainnya,Negatif,Negatif,0.8829,bobrok
6e42f5e9-56a6-49e4-b928-9d2c3dca5068,yunan suherman,1,2026-08-31T11:59:27.854Z,Autentikasi & Akun; Antrean & Faskes; Kinerja & Server,Negatif,Negatif,0.8733,"saat mau daftar online ke dokter gigi aplikasinya error Mulu,sampai sampai gak kebagian no antrian"
66499010-5714-4923-a2d7-ff8831e5168e,andrik krisnawan,1,2026-08-31T11:59:15.374Z,Autentikasi & Akun; Kinerja & Server,Negatif,Negatif,0.9507,"WOY apklu benerin lah bug lu dimana"" nunggu kode otp kek nunggu jawaban dari dia"
b51522d0-9422-477e-b267-f458fe65f903,Achmad 88,5,2026-08-31T11:54:45.567Z,Autentikasi & Akun; Kinerja & Server,Positif,Negatif,0.9079,D update malah ndak bisa login sih...?
1dbc942a-6a6e-41ee-958f-1a621bd5bf8f,"Lelly.A S, SE.",5,2026-08-31T11:51:44.782Z,Lainnya,Positif,Positif,0.9889,ok
2ba1e101-70e2-433a-ab54-9e613f5d49e5,nanda fachrizal,5,2026-08-31T11:47:24.547Z,Lainnya,Positif,Positif,0.9947,semoga kedepan semakin bagus dan mudah
e800d217-1c9a-4622-94a9-a5ba793d50e5,Reza RFTA,1,2026-08-31T11:47:11.188Z,Lainnya,Negatif,Negatif,0.9315,"captcha ga jelas, udah jelas bener tetep aje salah, kocak"
7e863267-8e62-454c-a378-743a25591f44,Egi Febriansyah,1,2026-08-31T11:47:07.650Z,Autentikasi & Akun,Negatif,Negatif,0.991,jkn busuk mau login aja susah bener
776a741e-3ae8-44fa-a32c-4f80b43326bb,ji so,1,2026-08-31T11:42:11.963Z,Autentikasi & Akun; Antrean & Faskes,Negatif,Negatif,0.7787,ambil antrean cukup pke nik slesai . klo niat wat mempermudah jgn tanggung . bkin apk kok setengah setengah . .
63a98c78-c704-446b-9482-1c00373cd152,Fachry Afta Gibran,1,2026-08-31T11:41:40.487Z,Antrean & Faskes,Negatif,Negatif,0.9635,APLIKASI SAMPAH GW MAU NGECEK KE DOKTER INI LAGI BURU BURU MALAH SISTEM BERMASALAH CAPTCHA UDAH BENER GABISA TERUS APA SI APK INI
3068e1d1-e383-4517-a641-516006c14b19,Nisa NSB,1,2026-08-31T11:41:09.111Z,Autentikasi & Akun,Negatif,Negatif,0.9718,aplikasi sampah mau daftar aja ribet
5dac464c-41e9-482c-aac7-e4a4bf8b0026,Ade Jaya,1,2026-08-31T11:39:58.960Z,Autentikasi & Akun; Kinerja & Server,Negatif,Negatif,0.9614,Setiap update suruh login lagi. Lalu captcha selalu salah. Coba sih bikin captcha yg bisa dibaca.
0c6288bb-7391-480a-a558-7f984b7290dc,WILDAN HABIBI,1,2026-08-31T11:36:18.929Z,Autentikasi & Akun; Antrean & Faskes,Negatif,Negatif,0.8847,"bolak balik keluar sendiri, giliran mau login lagi susahnya kebangetan. Jadi bingung kalau butuh untuk berobat sewaktu-waktu."
b2992d13-95e6-4361-9ea9-252074d7fc94,Ahmad Fajar Riyanto,3,2026-08-31T11:34:02.152Z,Antrean & Faskes; Kinerja & Server,Positif,Negatif,0.9035,"mau buka / ambil antrean loading gak kelar kelar, jadiny gak bisa ambil nomor antrean 🧐"
6e0c2b57-fb87-47ac-9572-6c1197a0804b,Handy Tjan,1,2026-08-31T11:33:37.944Z,Autentikasi & Akun,Negatif,Negatif,0.9039,"apps goo blox, masuk aja susah mutermulu.. ga di buka bbrp hr hrus login lagi, apps TEK !"
d1b8b15a-07d2-40a7-acdb-a46333557333,Bandi saja,1,2026-08-31T11:32:48.850Z,Autentikasi & Akun,Negatif,Negatif,0.9827,Parah ini Aplikasi malah offline melulu orang sakit diwajibkan daftar pakai mobile Jkn malah tak bisa-bisa
1e85eaa6-517c-494f-94a8-edc798ddfb59,rahadi wicaksono,1,2026-08-31T11:31:14.627Z,Autentikasi & Akun,Negatif,Negatif,0.9312,tidak bisa login captca tidak muncul ini gimana sih
a2130179-1ffd-48f8-9977-75706f1eb7c1,Yoga Akasuki,1,2026-08-31T11:31:09.705Z,Lainnya,Negatif,Negatif,0.8426,Ribet
9628f21a-f4fa-4569-9df5-c6ed630241f6,Dik Adi,2,2026-08-31T11:30:08.792Z,Kinerja & Server,Negatif,Negatif,0.9713,"Diperbarui malah kyak t41,. Aplikasi sangat luemot, & sering error,. Padahal depan Wi-Fi,.. 👎"
627c2ac2-d606-4e7a-aa39-107a9be55e82,Dorie Bedog,1,2026-08-31T11:24:18.734Z,Autentikasi & Akun; Antrean & Faskes; Kinerja & Server,Negatif,Negatif,0.9324,"sering eror,mau daftar padahal kuota pendaftaran masih banyak tapi di jkn penuh"
1b9c92a9-c9cf-4d37-9606-c60f52175013,MOHAMMAD DJAZIL RIFKI,1,2026-08-31T11:22:11.439Z,Autentikasi & Akun,Negatif,Negatif,0.9406,muter ae pas mau masukin nomer telpon
4f1c5659-fd6b-477f-87b7-7ffde480e735,Siti Masitoh,5,2026-08-31T11:06:51.880Z,Lainnya,Positif,Positif,0.9865,Terima Kasih 🙏🙏🙏😇🦁🦅
211134f6-d6f2-4eff-ad55-12065861e4cd,Silvi yanaa,5,2026-08-31T11:06:06.663Z,Lainnya,Positif,Negatif,0.6828,knapa ga bsa instalas
c79af793-d4c2-4c14-a785-5d03f272e23d,Ayu Lestari,1,2026-08-31T11:01:40.321Z,Kinerja & Server,Negatif,Negatif,0.8495,error teruss....
80d11b47-cb15-4b43-b1a0-44cb20ed25e5,tachul Ida,1,2026-08-31T11:00:15.340Z,Autentikasi & Akun,Negatif,Negatif,0.8797,"Verifikasinya susah, sering gagal. Seakan JKN sekarang tidak boleh digunakan. Wajib pakai mobile JKN, tp aplikasinya sulit digunakan."
478dad0e-1e77-48ba-a5df-532a8c802991,Edi S,1,2026-08-31T10:45:15.998Z,Autentikasi & Akun,Negatif,Negatif,0.6185,"BIKIN AFLIKASI YANG SIMPEL,,MASUKNYA BANYAK INI ONO ,,,RIBET"
c41b5113-6f0f-41bf-98aa-fb92478c994e,Nuraeni Eni,5,2026-08-31T10:38:28.125Z,Lainnya,Positif,Positif,0.8787,apk nya bagus
357fb7ee-76ad-4e2f-a93c-e98fd5b3e76c,Muhammad Agung,1,2026-08-31T10:19:22.275Z,Autentikasi & Akun,Negatif,Negatif,0.9704,kode otp gak masuk masuk padahal pulsanya masih ada saya cobak sampek pulsa habis tapi tetep gak muncul kode Oto binatang
2298b79f-5317-4066-92e3-65728286a4e0,Shiro Neko,1,2026-08-31T10:18:58.623Z,Autentikasi & Akun,Negatif,Negatif,0.8866,"Mau daftar aja ribetnya, scan wajah gagal terus padahal udah sesuai, cahaya bagus, gak pakai aksesoris, terus sms notifikasi juga gak muncul edit semuanya sudah dilakukan, tapi masih sama, stuck di kirim sms"
8d8bdbd5-e7aa-46be-abff-432030b81d19,Ahnaf Nabil,1,2026-08-31T10:00:54.312Z,Autentikasi & Akun,Negatif,Negatif,0.8638,"aplikasi sampahhh mau daftar ribet,verifikasi gagal mulu bukannya mempermudah malah sebaliknya"
643a8a31-a8b8-48af-8c25-e9ac1f93f5fe,Sopian Hadi,5,2026-08-31T09:58:26.323Z,Lainnya,Positif,Positif,0.9889,ok
5e231396-040c-4505-9fa9-05fddfc81688,Sigit,5,2026-08-31T09:57:29.882Z,Lainnya,Positif,Positif,0.9775,bagus
8cb72494-dd02-40ec-a45c-cead82200920,Raka Uga,1,2026-08-31T09:47:01.311Z,Lainnya,Negatif,Negatif,0.8989,apk apaan banyak gagal
55dfd27b-0720-430a-8940-6428c16c80dc,Ade Citra Pratiwi,4,2026-08-31T09:46:37.123Z,Antrean & Faskes,Positif,Positif,0.9087,"bagus,, tidak antri lagi d puskesmas"
96daec2a-b3b7-4fe9-82f1-3104bf5015db,gusbilar 123,1,2026-08-31T09:44:45.109Z,Lainnya,Negatif,Negatif,0.7751,susah untuk di akses
a41dff7b-bc0b-442c-8d4e-7bdce090f012,Agus Ahmad,1,2026-08-31T09:40:10.452Z,Lainnya,Negatif,Negatif,0.7705,"rudet,,, tiap mo dipake hese"
501fd31b-c8ab-4fb2-b985-0cfa08b21d9c,jian po,2,2026-08-31T09:27:59.971Z,Antrean & Faskes,Negatif,Negatif,0.9382,aplikasi masyarakat tp gk bs di download di semua hp... dia pikir semua orang hp ny versi terbaru.. tolol
2ad3b9fb-1b64-4671-8f86-d42275c30748,Erni Sumartini,2,2026-08-31T09:27:01.885Z,Autentikasi & Akun; Kinerja & Server,Negatif,Negatif,0.966,"Setiap Update Daftar lagi, Daftar lagi, Wajah aja susah. Mending kalo Inget Password'a kalo lupa gimana?"
c07c29fe-367d-420b-9c7f-eb488125d3ff,Prayogi anggara,1,2026-08-31T09:22:07.119Z,Autentikasi & Akun,Negatif,Negatif,0.9633,"mau login ulang susah, udh masukin password bener sama capca nya malah mental keluar terus"
a58ac6b5-68ee-4567-8c9d-710b34d1aaa6,Damar Danar,5,2026-08-31T09:18:32.580Z,Lainnya,Positif,Positif,0.9775,bagus
598776d1-d943-4bd2-878f-0797b2906c76,MokheeJojo,5,2026-08-31T09:16:57.816Z,Lainnya,Positif,Positif,0.9877,"Bagus, Compatible, Mudah untuk di gunakan"
7eb836d0-9833-4185-927e-a0357a3c8357,M. Fadli S. Latif,1,2026-08-31T09:16:36.561Z,Lainnya,Negatif,Negatif,0.9465,"aplikasi ngga jelas kode capcha selalu salah padahal sudah benar, tolong sistemnya di perbaiki lagi masih kurang baik"
40a3321c-aba0-435e-9973-f5e812de3167,Ayu Andini,1,2026-08-31T09:16:12.621Z,Lainnya,Negatif,Negatif,0.7649,Kalo ada rating minus saya pasti akan pilih itu.
8d9cf191-2ee3-45a5-98f7-1f45ce059a45,Poedji Setijowati,5,2026-08-31T09:15:19.478Z,Lainnya,Positif,Positif,0.9906,semoga bisa bermanfaat
8bb9cdae-69be-4263-8cda-d6f1c6856bc9,34_ Anak Agung Ayu Jayantari,1,2026-08-31T09:13:02.358Z,Autentikasi & Akun; Antrean & Faskes,Negatif,Negatif,0.9313,"aplikasinya susah saya login, kode vertifikasi tidak dikirim² ke sms padahal udah pakek 2 nomber, sama saja. udah masuk malah terus gangguang terus oflain dia mau akses ini, itu pada gk bisa pdhl urgent bngt butuh. padahal wifi sama kuota kenceng. mengecewakan, toling segera perbaiki. giluran daftar oflain di paskes malah dimarah2 perawat disuruh daftara di jkn, gimana daftar onlain orang jkn nya gk bisaaaa"
2864272a-cc38-46f1-8cde-9a14fb68f797,Achmad Jayadi,1,2026-08-31T09:11:44.217Z,Autentikasi & Akun,Negatif,Negatif,0.9079,"ini yang buat aplikasi sama yang beli aplikasi tau gak sih kalau aplikasinya kurang bagus.login susah,pendaftaran ribet.kementrian kesehatan masa gak bisa tinjau bawahanya yang mengurus aplikasi?"
6bebf3e7-b212-4853-a7a9-2d4742cb252c,raka chenel,1,2026-08-31T09:09:28.812Z,Autentikasi & Akun,Negatif,Negatif,0.987,aplikasinya sangat tolol masa iya untuk daftarnya susah banget pas isi capca nya sudah benar juga selalu ada jawaban capca yang Anda masukan salah sudah berkali kali jawabanya seperti itu
1b859add-8526-42f1-afcc-932a09c31447,Naysila Kurnia,1,2026-08-31T09:06:14.224Z,Autentikasi & Akun,Negatif,Negatif,0.9661,menyulitkan suruh daftar terus mana kalo daftar selalu ada aja yg salah padahal udah b3ner semua
f722005b-cc37-4e3f-869f-5eb21a0a2008,Ismail Mail,1,2026-08-31T09:03:16.930Z,Autentikasi & Akun; Kinerja & Server,Negatif,Negatif,0.9882,"error mulu, udh login, tiba2 logout, trus mau masuk, padahal captcha udh bener, masa disalahin.. gimana ini?? tolong diperbaiki lagi.."
718b0f77-985d-4f64-9026-5edd343d52f1,Ferdy Awan,1,2026-08-31T09:02:08.384Z,Autentikasi & Akun; Antrean & Faskes; Kinerja & Server,Negatif,Negatif,0.9515,"CAPCHANYA SALAH MULU EMANG SAYA BUTA KAH, SUDAH HAMPIR 50 KALI DIMASUKKAN SALAH TERUS MAKSUDNYA APA YA? MAU MEMPERSUSAH YG MEMAKAI APKNYA YA? DIPERBAIKI DONG BUKAN DIEM, UPDATE LOHH UPDATEEE BISA GAK DIPERBAIKI MASALAHNYA, APK EMANG KADANG ERROR TAPI TINDAKAN LEBIH LANJUTNYA MANA?"
19bd5ad2-e3f3-450c-a3be-78dc39a90e63,Sekar Repmu,1,2026-08-31T08:59:43.427Z,Autentikasi & Akun,Negatif,Negatif,0.9442,"aplikasi ribet, apa2 salah,masukin captcha salah terus,masukin nomor salah terus, minimal dibenerin"
509ff7d5-4237-4931-91c4-d85bef3a3821,Aldi Ramadhan,1,2026-08-31T08:59:14.770Z,Autentikasi & Akun; Antrean & Faskes,Negatif,Negatif,0.9867,login dgn nik dan kata sandi uda bener masukin kode captcha juga uda sesuai malah gabisa login trs
86a888f2-467c-453a-a4bd-4b8f200032f6,Candra putra Purba,5,2026-08-31T08:58:04.238Z,Lainnya,Positif,Positif,0.9889,ok
f68c4522-7975-45f5-9f41-49809ff3dbc6,Putri Permatasari,1,2026-08-31T08:57:13.304Z,Autentikasi & Akun,Negatif,Negatif,0.9968,aplikasi ga berguna jelek banget ga ngerti aplikasi apaan sangat amat jelek mendirng perbaiki deh aplikasi nya udah login tiba2 logout sendiri harus login lagi susah banget
9c249744-bce1-461f-ad9d-1f69980ac470,Dwiyan Purbo Prastio,1,2026-08-31T08:57:08.370Z,Autentikasi & Akun,Negatif,Negatif,0.9019,ga bisa login
a029bdf0-669e-4692-8796-59640bf3762c,Billy Boy,5,2026-08-31T08:55:43.270Z,Autentikasi & Akun,Positif,Negatif,0.6986,terlalu hebat ini App sebelumnya mudah sekali namun sekarang sulit verifikasinya terutama di Captcha...tolong perbaiki verifikasinya...
3c51446e-282b-49cc-82f8-67477dc251e1,Harisallahnurdin Haris,1,2026-08-31T08:55:28.798Z,Autentikasi & Akun,Negatif,Negatif,0.9256,"gabisa login , capca sala terus , ccd"
7201d1e2-6140-4d0e-8a74-903121c833b3,Coco Robeck_,2,2026-08-31T08:54:51.830Z,Autentikasi & Akun; Kinerja & Server,Negatif,Negatif,0.9673,"sumpah ribet banget. kadang eror lah , kadang susah kode otp lah. hadeuhh"
29e3b8d6-8b54-4011-93d1-9290dfc82a35,Rinaldo Togatorop,1,2026-08-31T08:53:18.750Z,Autentikasi & Akun; Antrean & Faskes,Negatif,Negatif,0.9119,"captcha selalu salah...mau login aja susah,mau berobat keburu sekarat apa gimana"
a0b49b90-7718-4671-9d4e-aa9e0d3c489c,riska aulia,1,2026-08-31T08:53:05.325Z,Autentikasi & Akun,Negatif,Negatif,0.9651,"aplikasi cacat, nyusahin, mau daftar akun malah gagal terus masikin kode captcha, padhal udah sesuai tapi masih muncul keterangan gagal"
81926577-0290-4eca-a9e1-0c34119f96c0,Mahesa Nia,3,2026-08-31T08:52:49.958Z,Autentikasi & Akun; Antrean & Faskes; Kinerja & Server; Iuran & Layanan,Negatif,Negatif,0.7284,"kacau,, masa udah punya kk baru masih harus pake no kk lama,, trus faskes dokter gigi dan dokter umum kan misah,, knapa ga ada pilihan ganti dokter nya aga lain emang terpalu cerdas hingga otak orang awam jadi lemot🤣🤣"
96e378dd-6109-4fec-8121-1b2afd6ce059,Muh Mauliam Ansyari,1,2026-08-31T08:52:30.770Z,Lainnya,Negatif,Negatif,0.9031,Nomor Capcatnya Salah terus padahal sudah benar gimanasih
f1a7acfb-6089-4ef5-ba8a-aeafc4766485,Yuli Ani,1,2026-08-31T08:52:24.151Z,Autentikasi & Akun; Antrean & Faskes,Negatif,Negatif,0.8821,minta tolong segera di perbaiki ya masa log in lagi2 capcha yg anda masukin salah trs berkali kali ... terimakasih
f52ed71e-da87-45a2-bdc3-2b84ca2cfba3,Heru Bae,1,2026-08-31T08:48:56.100Z,Lainnya,Negatif,Negatif,0.9163,sering kali gangguan heran sama apk ini
1d6087b0-b4e2-43c9-99dd-81f5a6551f1a,Veronica Lie,1,2026-08-31T08:48:40.150Z,Autentikasi & Akun,Negatif,Negatif,0.986,"akunnya keluar terus, masukin akunnya ribet banget. captcha nya salah terus padahal bener sesuai, abis itu bilangnya sinyal nya jelek padahal bagus."
165b056f-0dce-4b5b-aa91-2bae7cf2a78d,Fariz apriyansah,1,2026-08-31T08:48:06.653Z,Autentikasi & Akun; Antrean & Faskes; Kinerja & Server,Negatif,Negatif,0.9957,"aplikasi jelek banget nungguin kode otp lamanya bukan maen malah terjadi error mulu udah ganti nomor sampe 3 kali masih aja gabisa udah coba daftar pake 3 hp juga masih aja error dan lama nunggu kode otp nya, saya sangat kecewa tolong untuk developer untuk memperbaiki sistem tersebut biar mempermudah kami."
69953633-145e-4711-9e8a-5ce153083210,Thinus Sidalle,5,2026-08-31T08:45:52.582Z,Iuran & Layanan,Positif,Positif,0.9819,puas menggunakan layanan BPJS ..
4ba3bed7-24ba-47a4-8689-c5eb7d02d7e2,Laila Roza,1,2026-08-31T08:45:24.843Z,Lainnya,Negatif,Negatif,0.8276,waktu diperluin aja keluar sendiri. lagi genting gentingnya ga bisa log in. dan ini berkali-kali.
d7294eef-511d-41b6-8dc4-b4b38188528b,Iis Kn,3,2026-08-31T08:45:14.154Z,Autentikasi & Akun; Kinerja & Server,Positif,Negatif,0.9206,"sering logout sendiri,kadang ngebug server saat log in"
da0bd864-e55a-4912-ab6d-eb527e7664a2,Dzulfikar Kaffi,3,2026-08-31T08:44:47.763Z,Lainnya,Negatif,Negatif,0.9508,captcha rusak.udah bener isinya malah gagal terus
2b988f9b-7fd0-4c32-8503-b86f053a2aa2,Aga Naibaho,5,2026-08-31T08:44:30.653Z,Lainnya,Positif,Positif,0.9473,very goood
6e58a089-3cde-496c-b2af-a10ae38b75be,Cucu Nurhayati Airina Dwi Anatashya,5,2026-08-31T08:43:59.690Z,Autentikasi & Akun; Antrean & Faskes; Iuran & Layanan,Positif,Positif,0.9571,"Bagus Jadi Bisa Proses Semua Data Secara Mandiri 👍👍👍 Nunggu Pembaruan Data Dari BPJS Keliling Berbulan-Bulan Yang Lalu Tidak Kunjung Ada Hasilnya. Setelah Ada Aplikasi Ini Proses Sat Set, Gak Sampai 5 Menit Sudah Bisa Merubah Semua Data Diri Termasuk Pindah Faskes 😁😁"
8a9fb6d6-85b4-44ad-988b-0db5cec3f550,ai mimin,5,2026-08-31T08:43:16.766Z,Lainnya,Positif,Positif,0.9861,alhamdulillah semua nya lebih mudah utk mendapatkan layanan kesehatan ...
e62a0b44-a4e9-4dae-8bc3-6447bf32ead1,Syaipul Mustopa Ulum,1,2026-08-31T08:43:03.501Z,Autentikasi & Akun,Negatif,Negatif,0.964,"saya mau login ulang, tapi dibagian masukin kode captcha kenapa kode selalu salah? saya bahkan sudah lebih dari 10x mencoba dan mengisi kode captcha sesuai dengan yang tertera di kode lalu mengapa informasi yang saya dapatkan adalah ""kode captcha anda tidak valid?"" tolong beribu-ribu tolong ini mah ya, saya bener-bener capek sudah 2 hari tetap saja dibagian captcha nya selalu ada informasi ""kode captcha anda tidak valid"""
675314ff-7a46-44ca-a618-200fb0ddea51,Sastra Ibanez,2,2026-08-31T08:42:36.649Z,Autentikasi & Akun; Iuran & Layanan,Negatif,Negatif,0.9545,"tiba2 log out, mau log in password di bilang salah, voba lupa password no hp bisa berbeda(berubah)"
35c89ff3-d706-4508-80f9-e69d5d40f620,Doni Aryasa,1,2026-08-31T08:42:16.144Z,Kinerja & Server,Negatif,Negatif,0.9359,captcha eror sudah benar padahal
f6c586c7-980e-40c0-a84f-b85d8a9469dc,Sailent Batsure,1,2026-08-31T08:41:23.652Z,Autentikasi & Akun; Antrean & Faskes,Negatif,Negatif,0.961,"Sebenarnya boleh daftar di app ini apa ngga sh masa daftar dr tadi gagal terus capta yg di masukan salah terus,kalo ga boleh daftar setidaknya jangan mempersulit"
5a177018-6549-45fa-8371-75c2af4cdf70,Hendra Firmansyah,1,2026-08-31T08:39:00.180Z,Lainnya,Negatif,Negatif,0.949,kode captcha salah terus ribett...m
e6f92034-9ff9-40fe-a70b-faac3547ef17,Warung Alvan,1,2026-08-31T08:38:49.110Z,Autentikasi & Akun,Negatif,Negatif,0.8517,bagaimana ini chapta selalu salah padahal yang di masukkan sudah benar.. masih aja tetap salah... kalau sperti ini kapan masuknya ke aplikasi
6b3c2962-bc74-404c-b695-76e20c43cdbe,raden sholeh,5,2026-08-31T08:38:26.477Z,Lainnya,Positif,Positif,0.9598,bagus sekali saya suka
eb6af13a-5d21-4dfd-8dc6-700804a6b404,Abd Wahid,1,2026-08-31T08:38:11.700Z,Lainnya,Negatif,Negatif,0.9413,log in susah betul. capcha udh bener tetap g bs log in
ff64ace0-5bbe-491b-a472-af9b6e98bb6c,mas ipin,1,2026-08-31T08:38:08.237Z,Lainnya,Negatif,Negatif,0.9035,"aplikasi ne busuk,mau digunakan dari kemaren"" ga bisa"" mulu"
06995d27-d638-4b24-94cf-33c6a8d11229,Ridwan Hamid,5,2026-08-31T08:35:59.293Z,Lainnya,Positif,Positif,0.9707,"cepat pelayanannya, siip.."
33640a5d-0786-437c-9102-9e8f18b21166,Raisa Senja,4,2026-08-31T08:35:24.158Z,Autentikasi & Akun; Antrean & Faskes,Positif,Positif,0.5298,tolong lebih baik lgi jangan mempersulit dengan dftar 🙏🙏
365dbb5f-b0d2-47d9-98d4-99fb8413addf,supriyadi bewok,1,2026-08-31T08:30:22.178Z,Autentikasi & Akun,Negatif,Negatif,0.9519,makin ke seni makin engga jelas baru juga 4 hari masa harus login ulang mending cahcanya engga bikin pusuing mah
c797fb99-cae8-4c5c-bd40-d70ddfec2080,Zayyan Ahmad,1,2026-08-31T08:28:40.182Z,Lainnya,Negatif,Negatif,0.9888,"aplikasi pemerintah, sudah pasti jelek, tapi mau gimana lagi."
061a2146-673d-495b-a790-3406cf35054e,Marlina Hasibuan,5,2026-08-31T08:25:28.608Z,Iuran & Layanan,Positif,Positif,0.993,sangat bermanfaat sekali.. terimakasih BPJS..
f8cd4493-b9b0-48fc-9138-1823ad184573,turmudzi turmudzi,1,2026-08-31T08:24:41.263Z,Lainnya,Negatif,Negatif,0.8434,log out terus dengan sendirinya gak jelas
a8f02402-b0b6-4a0e-95b1-5e4af7d9c595,Wahyu Swasono,1,2026-08-31T08:24:35.394Z,Kinerja & Server,Negatif,Negatif,0.9226,Ada Update aplikasi.. giliran mau di update.. keluar tulisan Apilikasi ini tidak Kompatibel lagi dengan perangkat anda.. Plissss dehhhh..masak yaw harus pakai HP yang Mahal n Bagus ... aplikasinya kok.sekarang gini yaw.. emang apakah ada gangguan / sedang perbaikan maintence aplikasi yaaa..
1252a513-32dc-4f8b-a4bb-5ce6a49a20fe,Argha Kristianto,1,2026-08-31T08:18:52.359Z,Autentikasi & Akun; Kinerja & Server,Negatif,Negatif,0.9526,"aplikasi kok down terus,, niat buat gag sih?? kalau niat itu disesuaikan servernya sama pengguna,,captcha eror terus,, mau komplain langsung wajib login,, gag jelas bgt"
0e6ba50c-c4d9-4274-8bcc-c64a98b1a1c3,Nestle Ali,2,2026-08-31T08:18:39.680Z,Autentikasi & Akun,Negatif,Negatif,0.9703,mau login aja susah bener perbaiki dong
5268d6ca-b190-46d9-b33a-9cd08fe76c9f,Siti Sukriah,3,2026-08-31T08:17:45.240Z,Autentikasi & Akun,Positif,Negatif,0.887,jkn gangguan ga bisa masuk
e8735e21-89c9-4dd0-b788-6fa5d74000f7,Anna Fathonah,1,2026-08-31T08:17:17.769Z,Autentikasi & Akun,Negatif,Negatif,0.9968,aplikasinya jelek masa tiba² keluar sendri mau login susah bgt ga masuk² padahal kode benar aneh tolong lebih d perhatikan lg
8852abb8-88cd-498d-86ee-9b70d5de6265,Anton Pebriansyah,1,2026-08-31T08:16:50.210Z,Autentikasi & Akun,Negatif,Negatif,0.9928,"mending offline aja lah gausah gaya²an segala pake online kalo apk nya jelek, suka logout susah masuk."
7f1be13b-1bd7-4e43-8d52-00d59d99e8cb,Alwi Hsn,3,2026-08-31T08:16:12.571Z,Kinerja & Server,Positif,Negatif,0.7393,tolong pihak developer tingkatkan/upgrade lagi untuk sistem IT dan server nya karena masih banyak kendala dibagian itu
1aa932db-5946-4398-9fc6-29826673b39e,Pahri,1,2026-08-31T08:15:08.781Z,Autentikasi & Akun; Antrean & Faskes,Negatif,Negatif,0.9523,apalah susah bener permintaan anda belum dapat kami proses-proses Wi-Fi lancar data lancar tetep aja permintaan anda belum dapat kami proses-proses di tambah giliran mau verifikasi kode nya ga di kirim-kirim dan yap seperti biasa permintaan anda belum dapat kami proses-proses bobrok amat hapus aja lahh bukannya mempermudah malah mempersulit gblk
bbfb5876-4d9a-4b58-b0e3-c8c6860e0122,Reres Kirana,5,2026-08-31T08:14:36.511Z,Lainnya,Positif,Negatif,0.8496,kode captcha tidak keluar padahal internet bagus wifi bagus
0d0a0cab-e6d0-4a71-93f4-ff16164f82a0,Eko Saja,1,2026-08-31T08:14:24.410Z,Lainnya,Negatif,Negatif,0.9167,kadang aplikasi ini membingungkan rakyat kecil sering log out sendiri dan harus ngisi' lagi capek tau
9f1b9540-34a6-4e01-9eee-988eb7b6ddff,lourenson panjaitan,1,2026-08-31T08:10:47.700Z,Autentikasi & Akun,Negatif,Negatif,0.9504,apk gk jelas.. susah banget masuk doang. pdhl dah di isi benar captha nya. !!!!
eff208e6-8ff0-4033-a13b-fe62243f8799,muhamad ilyas,1,2026-08-31T08:08:47.344Z,Autentikasi & Akun,Negatif,Negatif,0.8416,"aplikasi layanan pemerinta emng ga pernah ada yang bagus..vrifikasi ga masuk2 pulsa ada juga,tiap waktu nyoba tetep vrifikasi ga masuk masuk bangke emng"
70f14451-3ab9-4019-9ab3-486b241a3065,Rizal,5,2026-08-31T08:06:30.372Z,Autentikasi & Akun; Kinerja & Server,Positif,Negatif,0.8091,"kenapa sih setiap di update susah banget masuknya, klo mau diperbarui jangan bikin susah dong... coba dipermudah yg bikin orng kesel"
b7450e2a-0247-4921-8e8e-6471f41c93bf,DpS official,1,2026-08-31T08:03:05.330Z,Kinerja & Server,Negatif,Negatif,0.8342,servernya gede in
9eed0fe0-dd45-49bb-ac80-b32e4b21ecea,Ayamgoreng Pakkasan,1,2026-08-31T08:02:22.795Z,Lainnya,Negatif,Negatif,0.8219,"APLIKASI BUSUGGG, ANEH, ENGGA JELAS"
34e72b21-2fd6-4c3f-9df6-00f04cc8c948,Ferry Irawan,1,2026-08-31T07:51:51.500Z,Autentikasi & Akun,Negatif,Negatif,0.9268,Ngk bisa login.. captcha nya cuma muter2
7fda5c44-9969-4f4e-97bf-3e6f3ae0cc59,Ika,1,2026-08-31T07:48:12.571Z,Autentikasi & Akun,Negatif,Negatif,0.8563,susah daftarnya....g bisa2
d6e777fa-f9e5-4190-a0b8-c7216bba13e4,Han Iyrniam,1,2026-08-31T07:46:28.808Z,Autentikasi & Akun,Negatif,Negatif,0.9452,kode otp tidak masuk masuk ngeselin banget💢
e093f98d-3f2a-45a3-9c15-8b80a8d9854b,Sokrates 3,1,2026-08-31T07:44:35.441Z,Kinerja & Server,Negatif,Positif,0.8426,sering ngeleh padahal jaringan bagus
91df38d2-80e5-420e-bb6d-f51e3cda7799,Leo King,4,2026-08-31T07:33:45.251Z,Autentikasi & Akun; Antrean & Faskes,Positif,Negatif,0.8921,"Tolong dong, aku dah pake 2 kali ini apk syukur masih manjur. Tapi kenapa pas saya pake lagi, mau daftar nomor antrian malah tidak bisa, katanya ""permintaan belum bisa di proses"". Mau di bilang habis masa rujukan, eh tapi belom habis masa nya dan baru hari ke 2 kontrol ke rumah sakit (karena katanya batas kontrol RS itu hanya 3 hari)."
b5445624-b639-4a9e-b57f-4a944588d1cf,Suhartini Tedjo,5,2026-08-31T07:33:18.807Z,Lainnya,Positif,Positif,0.9772,Mudah digunakan dan semakin lengkap. Sesuai kebutuhan. 👍
e673fb75-2b93-4561-840d-01761db586ce,Pengguna Google,5,2026-08-31T07:22:51.581Z,Lainnya,Positif,Positif,0.9775,bagus
c01226d2-51b8-4e57-88d1-e6346eda4de7,Pipit Hartini,5,2026-08-31T07:10:44.791Z,Lainnya,Positif,Positif,0.9423,mantap tambah mudah ngurus nya
9799c25b-c19e-41a2-b3de-27ee45a6199e,Rimh Ryaku,1,2026-08-31T06:59:52.913Z,Autentikasi & Akun; Kinerja & Server,Negatif,Negatif,0.9395,"aplikasi ga jelas, masukin nomer hape, malah kebacanya udh terdaftar, kalo masih suka error ga usah di publish, nyusahin aja"
0b34c667-e87e-464e-b6ba-be94e967476a,Aldy Panca Maulana,1,2026-08-31T06:58:58.967Z,Iuran & Layanan,Negatif,Negatif,0.822,"udah di berubah kali nomor wa, masih tetep gabisa"
ffd9e43e-bde1-4108-96e5-2e5b83cc507d,kevin nata,1,2026-08-31T06:58:12.400Z,Autentikasi & Akun,Negatif,Negatif,0.8513,"aplikasi nya tolong di perbaiki!!!! kode OTP gak muncul "" masuk lewat gmail malah tidak dapat di proses ini gimana mau urusnya ke rumah sakit tolong!!!"
e6b116ec-7643-4e70-b295-36912d853290,Andri Kurniawan,5,2026-08-31T06:50:10.910Z,Lainnya,Positif,Positif,0.9775,mantap
03757975-ad8a-4ebe-9c16-76975370d09c,Wulan sari,2,2026-08-31T06:41:56.530Z,Antrean & Faskes,Negatif,Negatif,0.7196,kenapa sekarang gak bisa ambil antriannya
479b13fc-4838-4ef7-9f24-0e9ff2d8b0ec,Nia Kusniah,5,2026-08-31T06:37:53.970Z,Lainnya,Positif,Positif,0.9548,alhamdulillah selalu dipermudahkan dan dilancarkan
20f8a59e-49a8-421b-990f-a68761f1190b,eriza eka,5,2026-08-31T06:29:58.807Z,Lainnya,Positif,Positif,0.943,mudah digunakan
7b3bfe70-1e41-43ae-8e9e-74eab8f38673,gabriela devyna,5,2026-08-31T06:22:18.460Z,Lainnya,Positif,Positif,0.9775,bagus.
c356c06b-19c3-4f4e-8ce0-81a17a942143,BUNYAMIN NURFIAWAN,5,2026-08-31T05:59:05.472Z,Lainnya,Positif,Positif,0.9892,mudah dan sangat membantu
cf7a7209-fcb2-46bd-947c-5b4c0f119f1a,Nurmilawati,5,2026-08-31T05:56:05.310Z,Lainnya,Positif,Positif,0.8955,sangat membantu melalui online
f6e6a470-fdc5-4110-9445-4237c61d2497,Bambang Wiryono,5,2026-08-31T05:52:57.309Z,Iuran & Layanan,Positif,Positif,0.8489,semoga bisa di cetak kembali
52c82270-16a8-494e-87d5-a5a659c86c53,KHAILLA TITA NINGRUM,1,2026-08-31T05:46:49.383Z,Autentikasi & Akun; Antrean & Faskes,Negatif,Negatif,0.9921,aplikasi kagajelas banget suka ke logout sendiri giliran di masukin lagi akunnya gak valid muluk keburu mati yg ada nunggu valid mah kalo bisa di perbaikin lagi dah ni aplikasi nyusahin orang kalo mau berobat lama nunggu di apk nya doang bukan lama nunggu di rmh sakit 😡
14d5c884-0ea8-4490-a916-04b52c5a0f4c,agus fahroni (chaplien#087),5,2026-08-31T05:28:34.351Z,Lainnya,Positif,Positif,0.8984,lumayan cukup jelas informasi nya
8b0975a3-2b42-4a49-ae37-78dfa1506d3c,Pandu Htb,5,2026-08-31T05:26:09.777Z,Lainnya,Positif,Positif,0.9889,ok
a95b0593-4cf5-4044-b4ef-4451883450a8,laura rahma,1,2026-08-31T05:25:50.339Z,Autentikasi & Akun; Iuran & Layanan,Negatif,Negatif,0.927,"bpjs kesehatan banyak kurang nya, uang nya di korup tapi bayar ga boleh telat, mau login selalu dapat notif permintaan tidak diterima"
f3dbef88-dc80-4328-a85e-2635d9652f05,Ervie Octovian,5,2026-08-31T05:18:35.200Z,Lainnya,Positif,Positif,0.8302,Membantu dan meringankan masyarakat kalangan bawah
1e1453f1-bc79-4011-a439-5287720195e0,Fa Nia,5,2026-08-31T05:07:51.777Z,Lainnya,Positif,Positif,0.9791,sangat memuaskan
5f86bfe8-1c62-4d6b-8db0-8770e67e39b3,Abijar jelek,1,2026-08-31T04:49:43.281Z,Autentikasi & Akun,Negatif,Negatif,0.9789,"sampah, apk INI just nyaring orang miskin yang ga pun ya HP, OTP ga pernah kekirim, homer lama tiba"" sudah digunakan. APLIKASI SAMPAH, Buang"" anggaran Aja Terus."
603629bb-abe4-4fa8-9f8b-e7f772e4ae18,cahyo gmbl2,1,2026-08-31T04:49:03.293Z,Autentikasi & Akun,Negatif,Negatif,0.9745,"tidak bisa daftar verifikasi otp sms gagal terus, gimana solusinya?"
c944ce9c-50cc-4b69-95cc-2b50e10c906c,Erlyn Nulava,5,2026-08-31T04:31:32.209Z,Lainnya,Positif,Positif,0.9889,ok
0776c034-bcac-42b7-b570-246a6944440e,James Kaluntas,5,2026-08-31T04:19:45.889Z,Lainnya,Positif,Positif,0.9775,👍
f5abe5fd-e395-4683-988f-2ff22147218e,Lathea Lie,5,2026-08-31T04:16:09.400Z,Lainnya,Positif,Positif,0.9892,sangat mudah dan membantu
14242a32-a49a-4de9-8f36-a3209c5e9ec4,Muryanto,3,2026-08-31T04:15:23.284Z,Kinerja & Server,Positif,Positif,0.5309,"siang bapak/ibu developer, saya diharuskan update apk tapi saat update terkendala akan perangkat yang tidak kompatibel. setelah saya cek dari pembaruan perangkat lunak, perangkat saya sudah mutakhir. padahal biasanya bisa kl untuk update apk jkn. bisa dibantu berikan solusi ya, karena butuh, terima kasih"
bda6a963-eaf5-4bbc-a2bb-ac1cf944afbd,Ning kring,5,2026-08-31T04:11:21.728Z,Antrean & Faskes; Kinerja & Server; Iuran & Layanan,Negatif,Positif,0.9726,"BPJS Kesehatan amat sangat membantu masalah pengobatan saya dan keluarga. Semua fasilitas kesehatan bisa digunakan secara gratis dan tidak dipersulit. sudah banyak pengalaman saya menggunakan fasilitas yang diberikan oleh BPJS, baik pengalaman pribadi, keluarga maupun pada saat membantu teman ketika dalam keadaan darurat pertolongan. terima kasih BPJS Kesehatan, sudah membantu masyatakat indonesia ❤️"
4bd1aaa8-64f5-4dc5-92c4-0afa4a8190b3,Gilang Pratama,5,2026-08-31T04:00:58.564Z,Lainnya,Positif,Positif,0.9889,ok
ccc0fc89-a236-463f-a3a9-58796caf26c9,Neneng Omaniah,5,2026-08-31T03:59:27.747Z,Lainnya,Positif,Positif,0.9932,saya sangat terbantu dengan apk JKN ini saya puas dengan menu layanannya jdi praktis dan lebih cepat dapat jawaban dari setiap permasalahan dan kebutuhan yg berhubungan dengan kesehatan terimakasih JKN
8779b808-7644-412e-8235-3edc81dbcc6a,Indri Slstri,1,2026-08-31T03:50:01.168Z,Antrean & Faskes; Kinerja & Server; Iuran & Layanan,Negatif,Negatif,0.7992,"sering eror, pas ubah faskes udh disetujui tapi pas mau pesan antrian malah tetep di faskes pertama"
f9e9e6e3-5be8-40c2-85fd-4d9de20c05c7,Engkos Sarkosi,5,2026-08-31T03:43:01.390Z,Lainnya,Positif,Positif,0.7979,sangat membatu bagi yg jauh dari perkotaan
6f1dbc9a-20df-4939-8765-5202b7ff6ce4,Isma Ria,5,2026-08-31T03:40:50.576Z,Iuran & Layanan,Positif,Positif,0.8849,lebih mudah untuk mengurus perubahan data dll
7c406285-1b30-4973-8339-f2a12e73d448,Dezan Fawaz,5,2026-08-31T03:33:49.450Z,Lainnya,Positif,Positif,0.9775,bagus
cb68b9fb-6c54-4b04-8ad4-c9599d4b273f,Ayanakieu Channel,5,2026-08-31T03:31:51.600Z,Lainnya,Positif,Positif,0.9872,mantul dan cepat sekali aplikasi nya
985ed73e-d4a8-4b1b-99c1-31954e07a421,Arif Rachmansyah,1,2026-08-31T03:29:10.150Z,Autentikasi & Akun,Negatif,Negatif,0.9369,kenapa harus keluar masuk. masuk nya susah veritifikasi susah. kurang memuaskan
2a237aa8-586c-4aa3-93d1-50e1892577ad,sfo poy,5,2026-08-31T03:26:12.430Z,Lainnya,Positif,Positif,0.8934,sangat memudahkan dalam mengurus segala yang berhubungan dengan jaminan kesehatan.
9b8cbbf7-82a7-4371-b1fc-6fcbd243a339,Muhammad Iqbal,5,2026-08-31T03:24:58.899Z,Iuran & Layanan,Positif,Positif,0.6031,majulah bpjsku
52031d1f-5c3f-4aa3-bce0-b95e2f072184,kang Gandi,5,2026-08-31T03:24:15.918Z,Lainnya,Positif,Positif,0.9784,kami sangat puas dengan layanannya
593fb4c4-bd1d-4a7a-bda4-53aa26d7473b,Adib Latif,1,2026-08-31T03:23:08.119Z,Autentikasi & Akun,Negatif,Negatif,0.9606,aplikasinya parah sekali ini dari awal daftar nggak bisa log in sama sekali setiap log in muncul tulisan belum dapat diproses
40e27581-84f1-4688-9eff-3126aa6e5dc2,madiyah,1,2026-08-31T03:22:43.707Z,Autentikasi & Akun,Negatif,Negatif,0.9569,no nik sudah benar tetap d salahkan gimana ga bisa ke buka aplikasinya sebel banget
ecfe9005-4f30-4eeb-a609-5f91cca5e33d,Firdaus,5,2026-08-31T03:18:55.488Z,Iuran & Layanan,Positif,Positif,0.9458,layanan yg cepat dalam perubahan data
71603299-016c-49c7-9ea6-078e19dff86b,M Kurdi,5,2026-08-31T03:17:58.254Z,Lainnya,Positif,Positif,0.9775,👍👍👍👍
3161f8f0-a551-4a64-8fa7-ac7c039047ff,irgi fahrezy,1,2026-08-31T03:15:16.814Z,Kinerja & Server,Negatif,Negatif,0.7976,lemot
a5f542c8-8633-48e0-89ca-13447a363912,Aginda Rahayu,5,2026-08-31T03:07:23.976Z,Lainnya,Positif,Positif,0.963,pelayanan terbaik
64f2e211-b3f0-443f-babf-4c74152efce1,Wardoyo Wardoyo,4,2026-08-31T03:07:15.658Z,Lainnya,Positif,Positif,0.9965,bagus.sangat membantu
c04750bb-d36c-4872-9433-d01a9d8b8186,Fatih Abizar,3,2026-08-31T02:56:03.488Z,Autentikasi & Akun,Positif,Negatif,0.7635,ngulang daftar jika tidak dibuka dalam seminggu...
bfec508b-a305-47b6-8f17-bc7f3708ec74,Zayn Yunus,4,2026-08-31T02:48:59.890Z,Lainnya,Positif,Positif,0.9116,sangat memudahkan cuman untuk pelayanan di rumahsakitnya dong di perbaiki trus biar makin baik
89ddd005-1a02-43b6-bcc1-258c073cf4fd,Rafli Azril Putra Firdaus,1,2026-08-31T02:48:02.630Z,Autentikasi & Akun; Kinerja & Server,Negatif,Negatif,0.9688,lemot verifikasi SMS gak jalan² fitur pemotretan wajah saat mendaftar susahnya minta ampun
1c79d5bc-16eb-4592-90f1-2edded38fb63,Imam Sofyanto,5,2026-08-31T02:45:10.300Z,Lainnya,Positif,Positif,0.9885,"aplikasi sangat membantu, mudah digunakan"
44ac672b-0037-4011-89b9-0851b32ae08b,Pur Taaha,5,2026-08-31T02:44:18.888Z,Lainnya,Positif,Positif,0.9791,memuaskan
7bde93f4-5724-42d8-94fa-bc7a5ab01ab3,Petrox Gaul2018,1,2026-08-31T02:44:18.566Z,Lainnya,Negatif,Negatif,0.5484,Aplikasi tidak jelas fungsinya
881a60ec-35ee-42a3-941b-cf18f3d5e359,The Jongjons,5,2026-08-31T02:43:58.767Z,Lainnya,Positif,Positif,0.9302,simple
db58c886-3551-4b0d-bbe3-ead7c5d15340,Rizki Dwi Saputri,5,2026-08-31T02:40:28.471Z,Lainnya,Positif,Positif,0.9752,sangat bermanfaat
4ea07d7a-e5bc-4c8d-9995-791d5b3d6ac8,Muhammad Nabhan,1,2026-08-31T02:36:44.981Z,Autentikasi & Akun; Antrean & Faskes,Negatif,Negatif,0.9762,Ga bisa masuk terus aplikasi payah. mau daftar berobat aja susah orang keburu mati sebelum berobat
6bb74810-daaa-4d51-839d-997deebd7c08,Hanif Han07,4,2026-08-31T02:35:02.778Z,Autentikasi & Akun,Positif,Negatif,0.9577,Tolong dipermudah untuk pendaftarn awal dong susah bngt udah ganti nomer hp juga susah tetep saja. kode otp tidak muncul2 aneh kelamaan di verifikasinya. kadang chpanya bener tpi salah gimana si tolong diperbaiki dan dipermudah untuk daftarnya terutama untuk verifikasi Sms itu
3a4c94b7-de03-4137-8abc-b356dc10764d,Hiswandi alhuzaini,1,2026-08-31T02:32:44.911Z,Autentikasi & Akun; Iuran & Layanan,Negatif,Negatif,0.8603,"sekelas BPJS kok punya Aplikasi abal-abal kayak gini,mintak kode verifikasi aja stengah mati,nggk masuk2, dulu enak banget aplikasi ini,sekarang kenapa ya kayak aplikasi abal-abal nggak mutu"
d6f1f50b-ecc3-47cf-a8da-ce9af975c71e,Sugeng Ratmanto,5,2026-08-31T02:31:01.676Z,Lainnya,Positif,Positif,0.9429,memudahkan peserta dalam segala hal kesehatan
966f5628-2b67-4ca2-89dc-8e26ea275292,Ragil Hilmy,1,2026-08-31T02:28:27.380Z,Autentikasi & Akun,Negatif,Negatif,0.8286,daritadi saya mau masuk tidak bisa padahal data sudah benar semua
0b8a06e6-3e43-4fb5-8cad-71f6cae12445,Sela Maharani,5,2026-08-31T02:25:28.433Z,Lainnya,Positif,Positif,0.9775,sangat baguss
38e86314-8fcb-484b-8e33-82eeb30475a1,Nur Hayati,1,2026-08-31T02:25:26.766Z,Kinerja & Server,Negatif,Negatif,0.8495,error terus
bf0aa1d3-6548-4ad2-b934-fe626b13ba11,Sins Editz,1,2026-08-31T02:24:44.620Z,Autentikasi & Akun; Kinerja & Server,Negatif,Negatif,0.9972,"aplikasi kaga jelas eror mulu, niat ga sih bikin apk dongo bgt gw daftar udah otp ga masuk tiap masuk eror eror mulu aneh, captcha nya juga bego masa gw ngisi sesuai yang ada pas gw verif di ganti terus katanya salah, gajelas"
ca04dce0-97b0-446d-9904-86a13bee5d43,Anton Hendrawan,5,2026-08-31T02:23:34.438Z,Iuran & Layanan,Positif,Positif,0.9889,"Oke, bpjs"
dc4eb75d-c19b-409f-a664-8537b890624f,Anindya Felisha,5,2026-08-31T02:23:10.287Z,Autentikasi & Akun,Positif,Negatif,0.9231,kenapa hai ini susah daftar online
bac51f3f-9e59-4f3e-ad1c-d0f6f1449e59,Iqbal Ali,1,2026-08-31T02:22:20.530Z,Autentikasi & Akun; Antrean & Faskes,Negatif,Negatif,0.9232,"lupa password, ganti password selalu gagal, dipersulit."
74e0b671-b48e-4682-8d9b-4f4bcb8a5a3d,cinta Nayca,5,2026-08-31T02:19:13.700Z,Lainnya,Positif,Positif,0.988,sangat puas dan mudah
1c653bdc-a203-4179-8356-4b61015d5562,i made astrawan,1,2026-08-31T02:19:08.785Z,Autentikasi & Akun; Antrean & Faskes,Negatif,Negatif,0.7956,"pas mau daftar ke rs tujuan malah gak bisa,gangguan terus"
8ab93407-6196-40ad-a610-583bce4de709,Yudith Widyanto,1,2026-08-31T02:16:08.379Z,Kinerja & Server,Negatif,Negatif,0.6583,"aplikasi sering eror,,,belum siap kalian sebenernya punya aplikasi mobile mengikuti perkembangan zaman !!!"
43ba7570-62a8-4b28-beeb-320b9ceea61d,Jhonly Lambenaung,3,2026-08-31T02:15:31.929Z,Autentikasi & Akun; Kinerja & Server,Positif,Negatif,0.8608,"Penggantian password karena lupa pass error, padahal verikasi by email, tolong perbaiki lagi aplikasi kalian"
91075fcf-4fb9-4ce2-80eb-e5502774101e,Relationship Social,5,2026-08-31T02:09:27.932Z,Lainnya,Positif,Positif,0.9775,Keren
df68a8b0-640f-4857-b172-cd16fcb33ee0,Winaska Ismyname,1,2026-08-31T02:07:40.355Z,Autentikasi & Akun; Kinerja & Server,Negatif,Negatif,0.894,"saya tidak tau apakah ini adalah bug atau ada unsur kesengajaan karena ketika saya melakukan pendaftaran, kode Captcha yang saya masukan selalu saja ditanggapi dengan kesalahan pemasukan kode captcha, padahal kode captcha yang saya masukan itu benar dan data pribadi saya sudah benar. jika ini memang benar adalah bug ataupun kesalahan sistem mohon segera diatasi masalah ini dan saya berharap kalo ini bukan karena unsur kesengajaan untuk menghambat masyarakat mendapatkan pelayanan kesehatan"
a42f0d8a-b00c-4277-88f3-51c0bc944bb2,Chaterina Chen,5,2026-08-31T02:06:27.940Z,Antrean & Faskes; Iuran & Layanan,Positif,Positif,0.8869,perubahan faskes 1 anggota keluarga
78423887-412a-40e7-acf9-61e523c5c2ec,ResyilLpa indiani,3,2026-08-31T02:03:31.797Z,Autentikasi & Akun,Positif,Negatif,0.8759,semua sudah benar apk ttep gak bisa k buka dngan alasan nik dan sandi salah.gak ngerti lagi
11bd2a6e-b570-4e46-a7ba-ed8a08eee7c1,Ari Sumarna,5,2026-08-31T02:02:07.602Z,Lainnya,Positif,Positif,0.5334,kenapa GK bisa d donlwod
87579fb1-0442-4efb-a48c-84d47725aa28,Zam Rony,1,2026-08-31T02:00:38.173Z,Autentikasi & Akun,Negatif,Negatif,0.538,kasih app harusnya di mudahkan ini susah banget masuk padahal udah bener semua
c87732a9-5906-4ee3-98aa-1a887ccdc922,Rindye Chinu,3,2026-08-31T01:59:34.340Z,Kinerja & Server,Negatif,Positif,0.5522,aplikasi ini udah keseringan error. dulu bagus...sekarang kurang bagus.
f199162d-4fba-45ec-b552-e06cb2269c1a,Wahyu Humaida,3,2026-08-31T01:57:50.720Z,Kinerja & Server,Positif,Negatif,0.8053,DI PERBAIKI LAGI APLIKASINYA BANYAK BUG
cab453f0-bdc6-4e5c-b0b9-72cc1676e1f5,Deal Laiboys99,5,2026-08-31T01:57:13.311Z,Lainnya,Positif,Positif,0.9775,bagus
6764f854-2231-4fa0-ab0e-681350cc39ed,Ull Faul,2,2026-08-31T01:53:52.194Z,Autentikasi & Akun,Negatif,Negatif,0.9615,"mau Login aja susah, kode cafta sudah sesuai tapi tetep aja kode cafta yg saya masukan salah."
94d6f0d4-ba64-40c9-8de7-6986cf3f17e0,Mbalkaprot,1,2026-08-31T01:50:28.892Z,Lainnya,Negatif,Negatif,0.9289,"akses sulit, capca sering salah padahal udah bener, sering terdapat di device lain padahal cuma 1"
2482af86-0aec-44c2-9dea-57f098451f6f,Rini Safrila,3,2026-08-31T01:48:46.443Z,Autentikasi & Akun,Negatif,Negatif,0.9041,apk ini ribet sekali sangat sering logout sendiri fitur jadi sering terkunci
a6503ed9-bbda-403a-84ba-ba70283f73ae,Maman Surahman,1,2026-08-31T01:47:13.563Z,Autentikasi & Akun; Antrean & Faskes,Negatif,Negatif,0.8614,apk kalo berbau pemerintah emang sampah...mau daftar berobat aja ngubeng terus padahal sinyal bagus
d356d942-72ce-4906-aaf6-0f5027a21e0d,Suwarti Handayani,1,2026-08-31T01:46:28.129Z,Antrean & Faskes; Kinerja & Server,Negatif,Negatif,0.98,"aplikasi ini sudah susah banyak bug nya juga, gimana sih kalian ini,aplikasi pemerintah tapi busuk. sumpah bukan mempermudah malah mempersulit"
30192980-2997-4af4-b513-92d96829cf1c,safa mart,1,2026-08-31T01:46:27.500Z,Kinerja & Server,Negatif,Negatif,0.9738,"apk , tidak berguna, masak iya ketika di butuhkan lelet sekali sangat tolol apk ini , developer tidur zn"
6f5b2e57-358d-4ed4-9758-c4bf9da3f640,Abah Enjum,1,2026-08-31T01:44:49.100Z,Antrean & Faskes; Kinerja & Server,Negatif,Negatif,0.9158,"Tujuqnnya bagus tapi aplikasinya sering error. Log out sendiri, ambil antrian susah. Apa malah bukan makin bikin susah ini aplikasi"
22587c15-6d78-4150-9606-5e714c8a7cec,Ruben Adam,1,2026-08-31T01:43:54.604Z,Kinerja & Server,Negatif,Negatif,0.9224,"aplikasi tidak layak, error terus dari servernya. ini orang it nya pada ngapain?ngopi??"
ad9c8c58-a112-4b2d-afb6-66e8995ccfd3,Suparwi,5,2026-08-31T01:43:37.456Z,Iuran & Layanan,Positif,Positif,0.9388,kemudahan pelayanan peserta bpjs
d78da515-346f-4d95-8315-010d664d4208,Eva F. Handa,1,2026-08-31T01:41:10.920Z,Kinerja & Server,Negatif,Positif,0.801,"""Permintaan anda belum dapat di proses"" kenapa gitu terus, padahal jaringan saya bagus"
567dd9b1-a18d-479e-a21b-8a6bbca7351b,Emma sri widyastuti,5,2026-08-31T01:38:04.923Z,Lainnya,Positif,Positif,0.9775,good
9d44ed2e-d42e-4cdd-a803-a6186e95bb2c,Aburafa Rafa,5,2026-08-31T01:37:23.880Z,Lainnya,Positif,Positif,0.9774,cepat dan mudah
f4558150-0bc2-4d83-8402-838abed29079,saifan s winata,5,2026-08-31T01:35:59.980Z,Lainnya,Positif,Positif,0.9775,mantap
734faf4e-308e-44c4-97bb-1073d37a5750,Sadone Store,1,2026-08-31T01:35:19.676Z,Kinerja & Server; Iuran & Layanan,Negatif,Negatif,0.9458,aplikasinya benar-benar lemot udah urgent kayak gini udah bayar BPJS tiap bulan tapi setiap mau booking malah diulur-ulur tolong dong diperbaiki kita kan tiap bulannya bayar!!!! ada kendala Mulu aplikasi ga mulus
40d2506a-57de-43c0-8b4e-d723613bc973,wahyu indrawan,1,2026-08-31T01:35:15.504Z,Autentikasi & Akun,Negatif,Negatif,0.984,tiap bulan suruh login percuma buat akun gak guna
ef551e5a-6468-487d-97c3-59855a6089a2,Dandi Ocu,5,2026-08-31T01:18:39.765Z,Lainnya,Positif,Positif,0.7889,sangat berguna
a6a3682b-a232-4581-b88d-2e719a635196,Ridho Achmad,1,2026-08-31T01:13:20.802Z,Autentikasi & Akun,Negatif,Negatif,0.9129,apk gjls gabisa daftar
3c8318bd-211d-4124-af33-cad309d8e30e,Kuripan Lauq,2,2026-08-31T01:11:23.509Z,Autentikasi & Akun; Kinerja & Server,Negatif,Negatif,0.9704,"susah daftar,, nggak bisa trima kode otp...lelet"
e1c1a045-3155-49af-8992-cb6cbcd9988f,dede rohimat,1,2026-08-31T01:10:34.519Z,Lainnya,Negatif,Negatif,0.8977,susah daptar
2e7dc2aa-a81c-4e8d-9445-776f4f12ae42,Ainul Yaqin,1,2026-08-31T01:09:28.114Z,Autentikasi & Akun; Antrean & Faskes,Negatif,Negatif,0.9412,malem udah daftar antrian priksa.pas pagi nya nomor antrian ga mau keluar.alhasil ngantriiii lagiiiiiii
4f3a820d-d7ea-4e82-9796-59fdca9aa221,Apayy Slebeww,5,2026-08-31T01:09:23.947Z,Lainnya,Positif,Positif,0.931,pakai mobile JKN urusan lebih mudah
825e1a5f-34d0-46b5-9f43-5b578a9402b5,robertus santiko,1,2026-08-31T01:01:53.628Z,Kinerja & Server,Negatif,Negatif,0.8472,aplikasi ini di wajibkan penggunaan nya tetapi sering eror
f6816fc1-b289-4541-8b04-58892a634962,Emil Fachri,1,2026-08-31T00:43:57.646Z,Autentikasi & Akun,Negatif,Negatif,0.9828,"Saya menghabiskan waktu 2 jam untuk mendapatkan kode OTP dan tidak dikirim sama sekali, saya coba opsi mendapatkan kode OTP melalui email bisa namun kode OTP masih diminta melalui nomor. tolong di perbaiki lagi"
87ca46e5-4c1b-4da9-a243-4f9a8967afdc,Beni Baijuri,5,2026-08-31T00:43:43.332Z,Lainnya,Positif,Positif,0.9791,sangat memuaskan.
ddcc1fc3-0721-4612-a59a-4d254a60f14e,Pandu Julika Rinaldi,1,2026-08-31T00:42:01.370Z,Autentikasi & Akun,Negatif,Negatif,0.9598,"hp saya kadang terindikasi di root, gak bisa di akses. sering disuruh ganti password mungkin per-3 hari. ada notif akun digunakan di perangkat lain walau sudah ganti password. sering auto log out. Padahal beberapa M-banking dan apps keuangan lainnya normal saja. [hp Samsung galaxy note 9]"
2bd5a1a5-fd85-4b6f-8b76-401b1db38011,Nisa Ulana,2,2026-08-31T00:33:57.708Z,Antrean & Faskes,Negatif,Negatif,0.8577,sangat sulit untuk menfrekuasikan no antrian butuh hampir 30 x
eb521830-8e16-4e9f-acb0-84119f944d72,Prayoga Teza,4,2026-08-31T00:29:46.950Z,Lainnya,Positif,Negatif,0.5672,lumayan lah sekelas aplikasi pemerintah mah
2f93709c-49b8-4c33-b0b5-ff0d1519967e,Feri Dwi,1,2026-08-31T00:12:51.300Z,Kinerja & Server,Negatif,Negatif,0.9279,"sebentar bentar update, terlalu buruk kualitas pelayanan"
b56b1105-3258-4585-a441-8d59eb59977e,Abdillah Hidayat,5,2026-08-31T00:12:50.422Z,Lainnya,Positif,Positif,0.9897,sangat membantu
94523978-4526-4de4-8576-b5073824b335,Achmad Saroji,5,2026-08-31T00:09:03.337Z,Lainnya,Positif,Positif,0.9892,Mudah dan sangat membantu
c35bd8db-a39b-4d29-8bf9-3db5ee15cf4e,Grimm Mr,3,2026-08-31T00:05:19.366Z,Autentikasi & Akun; Antrean & Faskes,Negatif,Negatif,0.8411,mau login aja susah nyaa apalaah berobat jadi sulit malah mati kemudian
4a02fe64-34c8-41ae-b0d5-7b5898b733b7,El Pra,2,2026-08-30T23:44:02.703Z,Autentikasi & Akun,Negatif,Negatif,0.8893,udh ganti sandi pas mw masuk ketidaknyamanan mulu gc lah klo udh bisa mah
799fe137-1bc7-4325-b37e-d191b74bc985,fiahv4 koleksi,4,2026-08-30T23:26:02.897Z,Lainnya,Positif,Positif,0.796,kurang sat set
0ffb6546-bef3-4013-83c2-7f1b9cecce89,aufa rayya,1,2026-08-30T23:23:43.141Z,Autentikasi & Akun; Antrean & Faskes; Iuran & Layanan,Negatif,Negatif,0.8138,"susah banget buat daftarnya, niat mau berobat lebih gampang pake bpjs malah dibuat susah sama apk ini, tolong dong jgn dibuat susah kasian yang sakit ga bisa berobat pake bpjs"
a6949fe4-381d-4de0-8156-4ec6e12ecf55,kopi hitam,1,2026-08-30T23:05:43.150Z,Autentikasi & Akun; Antrean & Faskes,Negatif,Negatif,0.9801,gimana sih nih aplikasi mau daftar aja susah banget harusnya di permudah dong bukan di persulit 😡
12f0808c-842f-4b0e-8114-9482b8f3c9c7,Fandi Sz,1,2026-08-30T22:54:59.280Z,Kinerja & Server,Negatif,Negatif,0.7976,lemot
2031fb07-d7d8-4f35-a45a-b82cfd16dbf4,Asdf Jkl,1,2026-08-30T22:44:38.494Z,Autentikasi & Akun,Negatif,Negatif,0.9243,verifikasi wajahnya susah bangett cokk
407a9bfe-c4be-4d82-8606-7a6512e5488f,Muhammad Sidik,4,2026-08-30T22:43:38.414Z,Lainnya,Positif,Positif,0.9775,Bagus
54089b66-c3f7-4352-80a8-513548c7ff83,Hendri Hermawan,5,2026-08-30T21:08:36.192Z,Lainnya,Positif,Positif,0.9897,sangat membantu
72f200ba-9840-4dba-b382-22e5ac20deaa,Taton Supraton,1,2026-08-30T20:57:46.495Z,Autentikasi & Akun,Negatif,Negatif,0.9675,"Aplikasi paling ribet dan sulit, akun pernah terdaftar, pas mau cek ulang mlh tdk terdaftar,"
5d56e52b-980f-4313-9594-1057cc0c3a6d,Sun중년,1,2026-08-30T20:47:56.700Z,Autentikasi & Akun,Negatif,Negatif,0.8999,kenapa ya code otp gak pernah masuk mulu kan jadi bingung saya mau daftar nya ini🗿
8595623e-05d7-4821-a61f-007b625246fa,bintang timur,1,2026-08-30T18:16:56.159Z,Autentikasi & Akun,Negatif,Negatif,0.9761,mau login katanya harus daftar dulu..giliran udh daftar no hp sudah pernah dipake..GK jelas
4ec8573d-68cc-4e9f-a954-9862164f94e0,Azizi Blang,5,2026-08-30T17:18:59.832Z,Lainnya,Positif,Positif,0.9302,mudah
1d3ac79c-b6a4-467e-9f5f-931824738e4f,aqilla for real,3,2026-08-30T16:43:30.522Z,Lainnya,Positif,Positif,0.8296,"gatau,kata orang bagus"
ffb128c9-75b5-47b4-8aec-ab713bccb062,Ratna Esih,5,2026-08-30T16:22:27.520Z,Lainnya,Positif,Positif,0.9775,mantap
3ef5cf8c-4007-45b2-8299-ac94d80011ce,Nila Vuqohan,5,2026-08-30T16:03:01.344Z,Lainnya,Positif,Positif,0.9775,bagus
ea362668-3786-4a98-96df-d727476375dc,Lukman Hakim,1,2026-08-30T15:58:18.375Z,Autentikasi & Akun,Negatif,Negatif,0.9622,otp sms tidak masuk nomer berbeda beda tetep
898620c9-560c-4e66-ba15-0ee7c309014e,Marsid45 Mar,5,2026-08-30T15:34:01.410Z,Lainnya,Positif,Positif,0.9302,sangat memudahkan
34e24bf2-7826-41b1-a243-8fc1cec98302,Munnanda eka,1,2026-08-30T15:17:38.510Z,Autentikasi & Akun,Negatif,Negatif,0.9796,"akun logout sndiri giliran mau login susah bnr,sandi bnr gabisa,klik lupa kata sandii pas bagian otp malah gbisa jga, padahal nomer aktif,pulsa ada, udah uninstall trus download ulang jg sama aja, coba beberapa kali jg masih tetep aja gbisa,maunya apa?!?! ngurus ke kantor gtu?,mana pas luangnya weekend,kantor jg liburr,gada wktu ngurus yg ribet""!. udah sabar"" ya ini,dri setengah tahun yang lalu gini teruss,udah coba bikin aduan ke Pandawa jg sama aja gada balesan+ gada tindakan."
dc82e264-14ad-4ead-bb7b-badc4a920846,Ahmad Syihab,1,2026-08-30T14:30:25.295Z,Lainnya,Negatif,Negatif,0.8426,aplikasi ribetttttt
84687969-a123-40ca-a9e8-6dfb3a2acb57,Barry Jo,5,2026-08-30T14:28:31.436Z,Autentikasi & Akun,Positif,Positif,0.7349,Baru daftar dan mudah digunakan aplikasinya
325be61a-e9c6-44e6-8e6e-363f4422f4ab,Kilat gaming,5,2026-08-30T14:16:53.741Z,Lainnya,Positif,Positif,0.9775,bagus
8f4da059-a330-421d-bd50-425186368946,Dj Koclak,1,2026-08-30T14:14:39.920Z,Autentikasi & Akun,Negatif,Negatif,0.9139,"gimana sih, masukin no hp susah banget, Konoha konoha, disusahin mulu"
12b81b4e-9ac4-42a9-b174-107acc8471a7,Huda Huda,5,2026-08-30T14:11:00.792Z,Autentikasi & Akun; Iuran & Layanan,Positif,Positif,0.7969,terima kasih Mobile JKN ubah nomor hp sama email nya Sangat cepat respon dan ganti pin nya juga cepat aman.
10a37d24-bf8d-445f-a070-b33901f21972,Afiat Taufik,5,2026-08-30T13:21:17.498Z,Lainnya,Positif,Positif,0.9302,Semua menjadi mudah
ef8e890b-3e58-4165-9834-64c4e84b95d8,TAMI LESTARI,5,2026-08-30T13:01:31.616Z,Kinerja & Server,Positif,Positif,0.9083,"membantu memudahkan, semoga tidak ada eror eror"
496e2812-2c5d-43a8-95b8-1a480ae13e30,Yeman Mon,1,2026-08-30T12:58:01.280Z,Lainnya,Negatif,Negatif,0.9514,ini aplikasi jeleknya minta ampun dah.
c3474d1e-dd43-4f72-8170-3e8970bfd3e1,Virman Alamsyah,1,2026-08-30T12:57:12.615Z,Autentikasi & Akun; Antrean & Faskes; Iuran & Layanan,Negatif,Negatif,0.9616,"Saya sudah Login tapi akun saya selalu keluar sendiri, di tulisan tercatat akun sedang di pakai. Saya aja gak pernah Share ini itu data BPJS saya, gimana orang bisa pake. Kalau orang bisa pake login pun buat apa? emamg mereka bisa berobat pake akun saya? 🤣"
4cc9ffdb-bc84-4f57-8da7-90470298d8d4,JENDRAL MANISAN,1,2026-08-30T12:53:58.637Z,Autentikasi & Akun,Negatif,Negatif,0.9212,hilangkan kebijakan yang memaksimalkan login di 1 hp hanya 3-4 NIK
ba3d2e33-5b73-45b0-a5c4-c97cbf4b34ff,Punika Jaya,5,2026-08-30T12:28:13.486Z,Lainnya,Positif,Positif,0.9844,"aplikasi bagus, semoga semakin sukses"
71a2d762-7807-4026-b5f7-6d2fa4c0f771,Linda 01,1,2026-08-30T12:19:45.900Z,Autentikasi & Akun; Kinerja & Server,Negatif,Negatif,0.984,"ga bisa masuk aplikasi, error terus ga bisa 👎"
4df9fe16-95f8-463e-b06c-b25e106715fc,022_I Komang Vayu Ramiswara,5,2026-08-30T12:11:22.129Z,Lainnya,Positif,Positif,0.931,sangat mempermudah urusanku
a6edd768-1fb9-4866-a9de-660aa8af136b,Sesilia Desiyani K,1,2026-08-30T12:05:03.892Z,Autentikasi & Akun,Negatif,Negatif,0.9877,"tolong di perbaiki lagi, mau daftar saja susahnya minta ampun. verifikasi wajah pun susah. aplikasi apa ini."
f56a5f05-6ff9-4b61-b292-9d2fa3b53565,Hadi Supriyanto,1,2026-08-30T12:02:59.642Z,Autentikasi & Akun,Negatif,Negatif,0.8402,susah daftarnya terutama pas swap foto
8714dd21-58d7-44aa-983d-0d24689afdcc,Roy Ani,5,2026-08-30T12:00:32.800Z,Lainnya,Positif,Positif,0.9897,sangat membantu
372cb5f7-604d-4483-a08d-2728bf3d2ad1,Yandi Yandi,5,2026-08-30T11:53:46.810Z,Lainnya,Positif,Positif,0.9889,ok
51605127-afac-4160-9efa-dc52ec474357,GoodBoy,1,2026-08-30T11:53:09.270Z,Autentikasi & Akun; Antrean & Faskes,Negatif,Negatif,0.9184,"aplikasi ny tambah ngrepotin banget, susah banget mau daftar akun udah dicoba ber x x giliran udah bisa daftarin akun mau daftar antrean bwat kontrol g bisa² lagi Aplikasi yg katanya mempermudah nyatanya malah mempersulit"
c0dae855-0f0d-42fb-9ba9-c18572160dcf,Zulham Ken,5,2026-08-30T11:43:40.167Z,Lainnya,Positif,Positif,0.9775,bagus
803072b4-47fd-4166-bc3e-c82590c26df0,Muiz Salman Abdurrahman,5,2026-08-30T11:34:47.515Z,Lainnya,Positif,Positif,0.9775,bagus
d380507f-8fbe-4ad2-a9ab-cfc035a9b89f,Hendra Baradatu,5,2026-08-30T11:31:09.765Z,Lainnya,Positif,Positif,0.9889,ok
74dec831-1ae1-4e6d-97c9-9487c1cd51ba,RAHMAT HIDAYAT,2,2026-08-30T11:23:15.553Z,Autentikasi & Akun,Negatif,Negatif,0.8335,maksa banget buat di perbaharui... udah masuk di lockout
1d2b707e-65a6-4cb0-9765-38e0befca399,Abah Haji,5,2026-08-30T10:59:42.436Z,Lainnya,Positif,Positif,0.88,semoga sesuai harappan
09e8c410-a2b9-4dab-a628-922f8dcd0baf,Yumna Sianika,4,2026-08-30T10:52:31.760Z,Lainnya,Positif,Positif,0.9775,bagus
c268f01e-962f-4068-8eea-5046a7b85527,NURELLA ELLA,3,2026-08-30T10:49:49.161Z,Autentikasi & Akun,Negatif,Negatif,0.9741,susah masuk ribet amat wajib pake JKN kalo mau priksa tapi ribet ini masuk daftar nya
77761d4c-c943-4872-82f0-200031c46cd5,Sun fatayati,5,2026-08-30T10:35:22.312Z,Lainnya,Positif,Positif,0.9645,josjis sangat membantu
7ed1a6b9-f9a0-4022-b84f-a047d041b16d,Ismylove 115,5,2026-08-30T10:32:41.135Z,Lainnya,Positif,Positif,0.9564,baik
23964a79-a7b2-49f3-ad62-42f6b22325e9,Dolin Tria Bio Sinaga,1,2026-08-30T10:06:15.630Z,Autentikasi & Akun; Kinerja & Server,Negatif,Negatif,0.985,"aplikasi busuk, daftar aja ga bisa. uda 3 hari apknya error"
fdc84250-c9b9-4b6f-811e-9c5f2ec050e6,Eka Putri,2,2026-08-30T09:50:35.149Z,Autentikasi & Akun; Antrean & Faskes; Kinerja & Server,Negatif,Negatif,0.978,"JKN lu punya masalah apa si rating bintang dipenuhi masih aja suka ga jelas, ini gimana akun gue selalu logout, 2 hari ga buka JKN udah logout, gue mau ambil antrean jadi ribet, kan error jadi nya selalu mau ambil antrean rujukan nya ga ada padahal ada suratnya, baru ambil surat rujukan baru, ini mau ambil no antrean ga muncul gimana si ga becus amat. EH TOLONG DONG DI PERBAIKI LAGI JKN. RESPON DEH GUE EMOSI BENER INI."
7db5f5a0-d4cc-4980-8411-6c5c7b747dd4,SULISTINO,5,2026-08-30T09:10:50.509Z,Lainnya,Positif,Positif,0.9775,mantap
0974fd00-edd1-4a7e-a1e1-6c96ed6b798b,ToMars,1,2026-08-30T08:55:10.959Z,Autentikasi & Akun,Negatif,Negatif,0.9761,"apk sampah, gabisa login"
4f4d0e65-8a88-47ca-8306-5517b015f42b,Buah Melon,1,2026-08-30T08:50:11.505Z,Autentikasi & Akun,Negatif,Negatif,0.9782,"sering logout sendiri, begitu mau login ulang susah banget masuknya"
37565746-0a64-4895-a38f-f2e2bd2c1dcc,Gede Redasta,4,2026-08-30T08:49:00.654Z,Antrean & Faskes; Kinerja & Server; Iuran & Layanan,Positif,Negatif,0.5242,"Tolong dibuat agar bisa juga untuk mengecek status keaktifan BPJS orang lain diluar KK kita. Soalnya saudara sering minta tolong dicekin tp saya bingung ngecek lewat mana selain datang langsung ke puskesmas atau ke kantor BPJS. Sudah coba ngecek lewat call center 165 atau whatsapp Pandawa tapi meragukan sistemnya, kayak gak update datanya, karena keterangannya ""data tidak ditemukan atau tgl lahir salah""."
fef01b62-8764-4552-8a70-c00ecc901ad4,Irham Ady Noor Wachid,5,2026-08-30T08:27:03.348Z,Lainnya,Positif,Positif,0.9692,Terima kasih
b4fc7f79-9fae-470c-ab1b-c50973bd4774,Fahmi Nur,5,2026-08-30T08:06:56.196Z,Lainnya,Positif,Positif,0.9891,"Alhamdulillah,. sangat membantu dan memudahkan segala masalah kesehatan"
c3e8b470-0610-4c9b-b68b-1cbcb768eb58,LAST POINT,1,2026-08-30T07:41:08.469Z,Autentikasi & Akun; Antrean & Faskes,Negatif,Positif,0.6353,"pendaftaran ""perserta mandiri""nya mana wok?"
9ce9418d-6951-46c5-ab29-881eff693497,Simphony Aprilia,5,2026-08-30T07:38:36.731Z,Antrean & Faskes,Positif,Positif,0.9804,bagus berobat lebih gampang
53c59fa8-6cb1-480c-9b40-6e679e63d767,Muhamad rauf,1,2026-08-30T07:37:07.674Z,Lainnya,Negatif,Negatif,0.9247,verivikasi wajahnya susah
fb102058-a264-4c99-ade3-228549674c75,Asna Lelah,1,2026-08-30T07:26:42.590Z,Autentikasi & Akun,Negatif,Negatif,0.9664,"terlalu ribet dan rumit login slah terus padahal sudah benar semua, koxe verifikasi gak dikirim-kirim"
71d7b719-5d79-46ba-ba23-a0ee0934908f,Winarsih,2,2026-08-30T07:18:43.360Z,Autentikasi & Akun,Negatif,Negatif,0.8782,"kenapa saat genting malah keluar akun, yg mengharuskan saya harus login lagi, haduhh"
b3f20291-7635-45c1-9135-eede180fe70f,Robbysarma79 robby,5,2026-08-30T07:14:41.206Z,Lainnya,Positif,Positif,0.8789,siip bag us
189f0430-f98e-47fe-aec0-3d2ffb17d1c9,Jack,5,2026-08-30T06:58:47.987Z,Lainnya,Positif,Positif,0.9897,sangat membantu
421534d5-aa92-4bc0-8abc-6e8a13bbf2e9,Abelmartin Purba,5,2026-08-30T06:54:18.662Z,Lainnya,Positif,Positif,0.9775,good
f8dc2f66-96be-4164-8faf-39c7fb519caa,Andres Payung langi,5,2026-08-30T06:39:54.121Z,Lainnya,Positif,Positif,0.9897,sangat membantu
f8df656c-c8c6-40bb-a63b-f794aaeb15ba,Nikola Arinanda,5,2026-08-30T06:39:01.536Z,Lainnya,Positif,Positif,0.9897,sangat membantu.
a247a74a-517b-477c-9719-cb5171ac23aa,Rudfiel Muskitta,5,2026-08-30T06:36:47.447Z,Lainnya,Positif,Positif,0.9802,good job
39a28acc-10c9-43bf-a623-cc491653733e,Putri Dwi Ayuningtyas,1,2026-08-30T06:13:42.580Z,Lainnya,Negatif,Negatif,0.8833,"udh log in, tp pas mau dipake lg tiba2 udh log out sendiri jadi harus log in lg, proses log in jg ribet banget, selalu ada masalah dan harus nunggu dulu. semoga bisa lebih baik kedepannya kalau memang harus pakai apk spt ini."
68c7a6cf-0db4-4d6d-bb5d-7a42a70273fc,Saiful Ulum,1,2026-08-30T06:07:01.777Z,Lainnya,Negatif,Negatif,0.7137,aplikasi Gk bermutu.
66f78aba-c39d-4968-8a8a-4a40d7e0cbd9,Yandi ambiya rahman,5,2026-08-30T05:57:46.485Z,Lainnya,Positif,Positif,0.9802,good job
3f7d222f-3886-4aec-82e5-5acfd442b4df,Muhammad Fadli,5,2026-08-30T05:47:11.173Z,Lainnya,Positif,Positif,0.9775,mantap
68c1cd3b-b5a2-4de6-b3bd-4bb6dd8b1550,Zaleha Leha,5,2026-08-30T05:46:39.873Z,Lainnya,Positif,Positif,0.9564,baik
897e4cdf-c691-4b9d-99fb-33c0ddc7c747,Duy Nurdiansyah,5,2026-08-30T05:30:34.732Z,Lainnya,Positif,Positif,0.9775,mantap
3ae0a637-0522-4b65-b90f-a2aa0c27073b,Kinanti Nura Zihan,1,2026-08-30T05:11:31.766Z,Antrean & Faskes,Negatif,Negatif,0.8637,android versi lama tidak bisa download kasian yg hp nya jadul
18d36a40-352a-4154-bb63-d793de5953b2,Hengki Wijaya,5,2026-08-30T05:06:21.157Z,Autentikasi & Akun; Antrean & Faskes; Iuran & Layanan,Positif,Positif,0.8533,tolong di percepat perpindahan faskesnya apa lagi hari minggu takut petugasnya libur
85eec5a1-3c97-4b5a-b3da-18bd4a444c83,Firdaus Zakaria,5,2026-08-30T04:56:05.290Z,Lainnya,Positif,Positif,0.9924,sangat bagus dan puas
95ff1be9-81c4-470a-9965-40d6ba746bec,Rusdi Anto,1,2026-08-30T04:42:37.579Z,Autentikasi & Akun; Antrean & Faskes; Kinerja & Server,Negatif,Negatif,0.961,"mau daftar ke aplikasi ini aja sulit, sdh 3 hari sy coba utk verifikasi no hp tetap aja gak bisa, pulsa sdh sy isi,nomor hp sy ganti lagi yg baru tetap juga keterangannya Billing Eror, ini aplikasi mempermudah apa mempersulit, soalnya sy mau ambil no antrian kontrol utk org tua sy, kalau memang aplikasi ini bikin memperlambat proses utk ke masyarakat lebih baik tidak usah di pakai aplikasi ini"
f889928f-7712-4e03-b468-a6f82c6c2b2f,mtech affandi,1,2026-08-30T04:18:49.801Z,Autentikasi & Akun; Antrean & Faskes; Kinerja & Server,Negatif,Negatif,0.9768,"Update ga jelas, login banyak gagal, hp lama ga bisa install, mempersulit sekali, orang orang dengan hp lawas ga bisa jalan. Padahal ya fitur fitur yang utama tidak harus menggunakan android terbaru, ngapain juga pakai AI, kalau malah mempersulit user. Minimal versi android turunin lah. Masak 10 hp hp lawas ndak bisa nginstall lah. benahi alur yang sudah ada matangkan, jangan malah nambah nambah fitur baru yang malah mempersulit user. Ini aja di android 13 gagal login, ga bisa uninstall pun sm"
7e49bdfa-c538-4929-85b5-a06821968328,yunus alif,5,2026-08-30T04:11:47.643Z,Lainnya,Positif,Positif,0.9928,is the best
fc2d5a1a-7afa-4065-8942-5b7129261814,Suliana,5,2026-08-30T04:04:26.313Z,Lainnya,Positif,Positif,0.9775,good
9671662d-8768-4490-be25-52c718e5f5f5,Asiyah Asiyah,5,2026-08-30T03:54:51.742Z,Lainnya,Positif,Positif,0.9775,bagus
83d2dfee-0f35-4281-ba4f-6d6ba96c5c7a,Mahfudinn Muhamad,1,2026-08-30T03:49:54.463Z,Antrean & Faskes,Negatif,Negatif,0.9521,kenapa apknya ga ada di playstore... ganti apk apa gimana?.... harus versi terbaru apa harus ganti hp? masa iya ganti hp sih aneh.
7d4edf40-e9d5-46dd-804c-7e372ee6e232,Firdaus Firdaus,5,2026-08-30T03:34:45.207Z,Iuran & Layanan,Positif,Positif,0.8397,"sedikit saran, jika pengguna diharuskan merubah data, alahkah baiknya semua bisa di lakukan melalui apk jkn mobile itu sendiri tanpa harus via whatsapp."
08d7f001-8a7a-4a49-a4b6-3bb13f10b724,Muhammad Marjan Saleh,5,2026-08-30T03:15:38.488Z,Lainnya,Positif,Positif,0.9931,terimakasih mantap
c1e717cc-8306-4e04-9a14-12075928ff03,Xpander Ultimate,1,2026-08-30T03:10:19.855Z,Lainnya,Negatif,Negatif,0.9434,aplikasi tolol
b414ebb5-c4aa-4037-950d-2f0efc26c5b7,Mus Maulana,5,2026-08-30T03:07:13.978Z,Lainnya,Positif,Positif,0.9839,sangat sangat bagus membatu terimaksih poko nya josss
73653a78-8d0e-4af4-a124-1de8d649b2a7,Rizal Amiruddin,1,2026-08-30T02:58:35.430Z,Autentikasi & Akun,Negatif,Negatif,0.731,tidak bisa verifikasi wajah
920b9fb3-6524-4bf7-8cc5-cbfa5d121a42,Muhammad Abdul Muntholib,1,2026-08-30T02:55:25.775Z,Autentikasi & Akun; Antrean & Faskes,Negatif,Negatif,0.8933,"aplikasi burik,mau daftar malah dipersulit"
aa975bb6-0a67-4a69-81b3-36dfcfab7cbe,Ngopi Lah,1,2026-08-30T02:54:56.873Z,Autentikasi & Akun,Negatif,Negatif,0.933,mau daftar aja susah banget
35267659-1475-4e01-9aa6-15db5a1dd1c5,MUH IRFAN N,5,2026-08-30T02:48:35.697Z,Lainnya,Positif,Positif,0.9775,mantap
d8080a66-9bb4-4341-bec9-05018b961c5e,Dewi Lumazah,1,2026-08-30T02:37:55.492Z,Autentikasi & Akun; Kinerja & Server,Negatif,Negatif,0.9211,"Tolong lah dibenerin itu errornya, udh berkali2 minta kode otp tapi ga masuk2!!"
ad10c0f1-b36c-4829-b179-f6b743aced4a,Nor Maulida,5,2026-08-30T02:34:10.327Z,Lainnya,Positif,Positif,0.9782,"Mudah , dan cepat tanggap"
465cc831-d4ad-4da5-b80e-c3e4f31d13ca,Suswati,1,2026-08-30T02:34:00.885Z,Iuran & Layanan,Negatif,Negatif,0.9774,"jelek banget, muter2 ga jelas buat ubah data"
a81589e1-d2bd-4c6c-8861-022d95995161,Sadi Irawan,5,2026-08-30T02:06:18.319Z,Lainnya,Positif,Positif,0.9775,kerenn
c1919e64-ede5-4af5-8328-c2c6c5fb609c,Kurnia Tumanan,1,2026-08-30T01:55:47.220Z,Antrean & Faskes; Iuran & Layanan,Negatif,Negatif,0.8892,"ihhhh, jelek banget, mau ubah faskes kok provinsinya ngga bisa diubah, mau ubah nomor pun ngga bisa2, capekk"
68468858-479f-4ef6-bbfc-58b462c6488c,Rodiat,1,2026-08-30T01:20:49.746Z,Autentikasi & Akun,Negatif,Negatif,0.981,aplikasi pemerintah ko kyagini.. ga bsa daftar.. ribet otp ga masuk verifikasi wajah gagal trus..
a08535ac-7289-475c-b87c-dc0049a75b1b,Endang Jajuli,1,2026-08-30T01:13:17.842Z,Lainnya,Negatif,Negatif,0.8854,aplikasi yg nyusahin
97f27a1b-e755-48f2-840d-af6595d30b10,Siti Juleha,5,2026-08-30T01:00:46.540Z,Lainnya,Positif,Positif,0.9941,terimakasih udah membantu
9ba45c84-1d5d-4ce3-9baf-20fb60822a3c,Muhimin Imin,5,2026-08-30T00:47:19.129Z,Lainnya,Positif,Positif,0.9928,Alhamdulillah sangat membantu
a2a133e7-781b-4614-a9b1-7f404d7969b7,Risqie hilman,4,2026-08-30T00:45:05.202Z,Lainnya,Positif,Positif,0.9889,ok
6571363e-68a4-4a12-b4ab-6ee736e977b1,Suherman Wijaya,5,2026-08-30T00:43:41.506Z,Lainnya,Positif,Positif,0.9775,bagus
64443500-78b9-4682-9eb2-7b886137ccf8,Nurmayanti,5,2026-08-30T00:43:32.772Z,Lainnya,Positif,Positif,0.6169,biar bintang yang berbicara
9c626187-1b07-425a-9c21-a3349543e0db,05. AISYA SALMA SYIRA,1,2026-08-30T00:34:17.800Z,Autentikasi & Akun; Antrean & Faskes,Negatif,Negatif,0.9483,login di persulittt salah harus nunggu 180 detik padahal mau ngewar daftar jam 8 hadehhh
5245c94d-3b29-4077-8b62-4ec9d6052d88,Fadlan Ibnu,5,2026-08-30T00:27:08.604Z,Lainnya,Positif,Positif,0.9649,"mantap, mudah di operasikan, ini salah satu layanan terbaik dari pemerintah Indonesia"
0ed8b497-1315-43fa-828a-8969e5057104,Siska Putri,1,2026-08-29T23:59:48.552Z,Autentikasi & Akun,Negatif,Negatif,0.9469,apk gajelas gabisa daftar ataupun login
24542713-bf3a-4933-b74b-2f01c9a5282f,Chesya,1,2026-08-29T23:25:19.236Z,Autentikasi & Akun; Antrean & Faskes; Kinerja & Server,Negatif,Negatif,0.9236,kenapa kode OTPnya ga bisa terkirim padahal jaringan bagus menggunakan paket data menggunakan wifi tapi selalu ofline padahal kita mau ngambil antrian ke RS jg dri Apk ini benar² mempersulit
20ab3d8a-6c65-4b89-9c94-7f9de7d8fb78,E L,5,2026-08-29T23:24:58.692Z,Lainnya,Positif,Positif,0.9889,ok
0ced4041-2d1f-4f56-97e0-58ffddc80e08,Risa Aristiyanti,5,2026-08-29T23:21:21.510Z,Lainnya,Positif,Positif,0.9775,mantap
7b0dd3b7-89d8-460f-87fe-758c97491f98,Muhamad Ali,5,2026-08-29T23:01:26.538Z,Lainnya,Positif,Positif,0.9761,lumayan bagus..
23fc93fb-62db-474f-b3bb-fe02fff8193f,kus wantoro,5,2026-08-29T22:44:33.839Z,Lainnya,Positif,Positif,0.955,apk sangat membantu &memudahkan peserta
0890b955-6eef-4b8a-a3ef-acd261308968,Dannix Aprildat,5,2026-08-29T21:36:26.677Z,Lainnya,Positif,Positif,0.6859,sejauh ini aplikasi bagua milik pemerintah
3777a29f-5348-458c-8b86-47786bb4b27c,Light Dark,1,2026-08-29T19:51:38.792Z,Autentikasi & Akun,Negatif,Negatif,0.9707,"development nya ini ngelem, nyawit atau apa sih bikin apl ga jelas mau daftar aja susah kode OTP nya ga terkirim pasti yg bikin nya boomer yg baru pegang hp"
5fb19890-980a-4c5b-820a-1516f7ba554f,Andi Eka Prasetyo,1,2026-08-29T19:44:59.300Z,Autentikasi & Akun,Negatif,Negatif,0.9171,"samaa pake nomer tri udah isi pulsa ttep kedetek pulsa tidak cukup, pake nomer XL bisa tapi otp gamasuk"
024b378b-8d40-4ca3-93e7-580f609401f6,Dehan Muharani,4,2026-08-29T18:57:52.410Z,Lainnya,Positif,Positif,0.9897,membantu
6518b450-3304-46c7-825e-0a19689ca69e,Haji Ainu AbduL Rokhman,5,2026-08-29T18:46:37.277Z,Lainnya,Positif,Positif,0.8498,"Mantap.., tetep sehat yah"
d555e9b6-5b39-4e10-ad98-d1a213c2d058,Alan Farlan,5,2026-08-29T17:52:30.757Z,Lainnya,Positif,Positif,0.929,sangat cepat proses nya
7f4e060d-4569-495a-92ab-08183b8b0022,Andi Haryadi,5,2026-08-29T17:18:51.386Z,Lainnya,Positif,Positif,0.9897,sangat membantu
ed73d78f-c9f3-440d-a850-f777b7bb00ee,Lala Juna,5,2026-08-29T17:04:15.524Z,Lainnya,Positif,Positif,0.9775,good
da7e15d3-8e1c-4ece-80bc-bba6da3ae8a1,Anda Saja,1,2026-08-29T16:55:43.764Z,Lainnya,Negatif,Negatif,0.6686,ga bisa di pakai lgi kenapa ya pada udah ikutin prosedesur
ae55d8ed-dbb5-4a89-be78-d96c8531f3ad,Sug Pra,5,2026-08-29T16:35:55.316Z,Lainnya,Positif,Positif,0.9952,Oke makasih
1f7bafe7-ee1f-4d7b-9d0a-7d0fa4484f28,Tasya Aldella,1,2026-08-29T16:03:24.112Z,Autentikasi & Akun,Negatif,Negatif,0.9727,"aplikasi sampah, bikin yg sakit makin sakit. mau daftar akun aja susahnya setengah mati."
9e125a4e-1250-4cba-9a8a-cdd33cfd4cf8,Jepri Yoi,1,2026-08-29T15:50:05.620Z,Kinerja & Server,Negatif,Negatif,0.9815,apknya ERORRRR parah gak niat buat apknya blokir aja ni apk kalau gak bisa di pake
382e1718-57c8-4b92-a2cd-43e881e93b06,Sumiyati Cantik,2,2026-08-29T15:39:09.196Z,Autentikasi & Akun; Antrean & Faskes,Negatif,Negatif,0.9583,"tolong di perbaiki mau daftar ke RS pake aplikasi ini susah bgt, login nya jiga susah pdhal wifi bagus paket data ada tapi sering tiba"" keluar dan harus login ulang"
a8f9526a-5c58-400e-9556-b802f6d2f784,Ssamsyul Anaksholeh,4,2026-08-29T15:35:03.507Z,Lainnya,Positif,Positif,0.6181,masih proses menunggu 14 hari utk aktivitasi
ae0dab35-7b2d-4405-a893-a957c9b14984,Zainal Arifin,5,2026-08-29T15:04:50.226Z,Iuran & Layanan,Positif,Positif,0.9451,Sangat membantu memudahkan dalam perubahan data dll
e7d839b2-4605-4163-a25a-add42a2c41e2,Astri Nur Aisyah,1,2026-08-29T15:01:27.253Z,Autentikasi & Akun; Kinerja & Server,Negatif,Negatif,0.978,"jujur ini aplikasi aneh ya, seumur ratusan kali pake aplikasi yang butuh kode OTP ga pernah ada yang butuh pulsa dlu baru dapet OTPnya. cuma aplikasi ini yang WAJIB BANGET punya pulsa biar dapet kode OTP. terus, sering bgt lag padahal jaringan wifi dirumah bagus, tapi suka lemot. belum lagi ditambah suka log out sendiri harus login ulang. benerin dlu deh sistemnya."
4dc6adca-cb68-4137-92e4-86b782771fd4,Zarkasyi Myusuf,5,2026-08-29T14:19:27.915Z,Lainnya,Positif,Positif,0.9775,mantap sekali
da4add76-8598-4599-a567-9e86dbfc3e06,Heri Prasetio,5,2026-08-29T13:39:16.610Z,Lainnya,Positif,Positif,0.9775,bagus
6cc8a6f4-924a-4fd4-9f75-c73978c8a8c8,Herdawati Dg tino,1,2026-08-29T13:29:19.640Z,Iuran & Layanan,Negatif,Negatif,0.7916,"mau msk ke apk sj susah sekali , mau ganti nmr HP jg sangat susah malah di arahkan ke PANDAWA BPJS yg sangat tidak berguna semua informasi yg di berikan"
24905c2f-ee60-4fa2-91c0-6aafe52c89b8,Bapaktua,5,2026-08-29T13:11:27.783Z,Lainnya,Positif,Positif,0.989,aplikasi top bgt
6b9ba4d9-0627-43b4-bbab-88a3f55213fc,Hartini Tini,5,2026-08-29T13:08:46.678Z,Lainnya,Positif,Positif,0.9897,membantu
cfaabdfb-1b3e-4db6-8158-9db44e2b481e,Yulia Rahmawati,5,2026-08-29T12:47:43.295Z,Lainnya,Positif,Positif,0.8744,mantab apl
f7fde4e5-8489-40b9-a2f7-7b6d29a2f90f,Rahmania Putri,1,2026-08-29T12:44:07.322Z,Autentikasi & Akun; Kinerja & Server,Negatif,Negatif,0.9874,Kok di update mulu ya? | saya revisi. APLIKASI ini bener bener menyusahkan. Sebab saat meminta kode OTP melalui nomor HP selalu gagal padahal nomornya aktif. lemot sekali servernya
cac4a1a1-5546-44d8-a4d4-0774ca276e35,Muhammad Sandi Rahman,1,2026-08-29T12:26:43.597Z,Autentikasi & Akun,Negatif,Negatif,0.9455,"apa ini, kode Verifikasi tidak terkirim, niat dikit buat aplikasi"
239fcfea-0967-4cdd-ac73-25f778833e1b,Azil Riafamly,1,2026-08-29T12:03:39.597Z,Autentikasi & Akun,Negatif,Negatif,0.8974,apk nga berguna nunggu Verifikasi susah kali.hpus aja kalau nga apk nya
4228df89-50d0-4bbf-a380-a168409b74b8,Riki Setiawan,3,2026-08-29T11:53:14.925Z,Autentikasi & Akun,Positif,Negatif,0.9822,"mau bikin akun tapi di verifikasi otp no ho nya gk mau muncul, udh dicoba berkali gk jadi². tolong diperbaiki."
24410e65-6aef-4d62-8934-067319158c5d,ariel patria,1,2026-08-29T11:49:23.497Z,Lainnya,Negatif,Negatif,0.8998,sumpah ni aplikasi gangguan Mulu dari dulu
346cdb66-b0d2-469a-ae69-496490f918bb,Mukti Ali,2,2026-08-29T11:49:12.304Z,Autentikasi & Akun,Negatif,Negatif,0.9466,LAMA BANGET NGIRIM KODE OTP NYA KOCAK
09e57b12-7d61-4060-8b84-e5755b2fed9f,Amalia Putri sagita 2,1,2026-08-29T11:49:10.512Z,Autentikasi & Akun,Negatif,Negatif,0.8655,"yg buat ni aplikasi tolong belajar lagi dahh, susah bgt mau login hadehh"
b583a301-a142-4732-bcbd-0402b2e1335c,Anna Moersyianna,1,2026-08-29T11:45:29.457Z,Autentikasi & Akun,Negatif,Negatif,0.9848,"admin dongo benerin lagi sistemnya blok, udah berkali"" masuk no telepon malah ga masuk"" kodenya"
cfa99b44-fda8-4f95-80c9-ac63239b3d61,M Mone,2,2026-08-29T11:45:14.518Z,Antrean & Faskes; Iuran & Layanan,Negatif,Positif,0.6672,kenapa kalau rubah faskes kok tidak bisa?
3c18b057-0d82-4162-9f41-d633ba9d0198,Heratri Arminingtyas,4,2026-08-29T11:38:33.739Z,Autentikasi & Akun; Antrean & Faskes,Positif,Positif,0.7688,daftar berobat mnjd lebih mudah
a6a465ca-213e-41a9-9976-f84430cc028b,arfa novua,5,2026-08-29T11:35:16.766Z,Lainnya,Positif,Positif,0.9775,mantap
fb6de844-48ba-4ba2-838f-441238ec9429,Hendra Chino,5,2026-08-29T11:10:16.434Z,Lainnya,Positif,Positif,0.9775,Keren
40fe71a5-fcb6-45f6-9fb3-76bb426ef0b3,Maghfiroh Hidayat,1,2026-08-29T10:41:06.611Z,Autentikasi & Akun,Negatif,Negatif,0.872,kenapa ya aplikasi saya gak bisa di buka padahal nik nya sm
34bdbc20-dd37-49ce-a009-125bfce7ff52,Fajarul Ulum,2,2026-08-29T10:39:38.143Z,Autentikasi & Akun,Negatif,Negatif,0.8034,"gk bisa verifikasi nomer telp, saran dong"
e0da9cfb-3269-41a6-ada3-163251304564,Widodo TMG,4,2026-08-29T10:33:31.683Z,Autentikasi & Akun; Antrean & Faskes; Iuran & Layanan,Positif,Positif,0.7506,Selama ini saya dapat manfaat gratis periksa dan tambal gigi. Kenapa nomor telepon bisa berubah? dan itu bukan nomor saya dan atau keluarga saya.
4582e8c9-de20-482b-8fd5-c2e7340aab53,jupri okt,5,2026-08-29T10:25:28.520Z,Iuran & Layanan,Positif,Positif,0.9239,memudahkan peserta bpjs
3f62f6c5-a89f-4d10-b346-a2b836665a7c,Bapak “Kang dedi” Aing,5,2026-08-29T10:19:48.530Z,Lainnya,Positif,Positif,0.9551,cepat pelayanan tanpa datang ke kantornya
b9fa325c-764b-45d5-acc3-e84055e3e274,Rie Heni,5,2026-08-29T10:11:37.174Z,Autentikasi & Akun,Positif,Positif,0.6528,sangat membantu saya ketika daftar online
a96c8424-f592-4660-b35d-967ccd585bb5,Bima Fahmi,1,2026-08-29T10:09:08.219Z,Kinerja & Server,Negatif,Negatif,0.8651,"aplikasi busuk, gampang eror"
d0f1d557-daec-4a34-ad6d-94aa5e5a1907,Sudarman 28112010,5,2026-08-29T10:05:35.495Z,Lainnya,Positif,Positif,0.8478,awesome
f14b8adc-efdd-45ac-84d4-7fb18dd94d61,Dedew Almahyra,5,2026-08-29T10:01:04.904Z,Lainnya,Positif,Positif,0.8804,cukup bgus
911b2e67-0a07-4fd6-b2a0-6c06f38bc11c,Dewi Ambarwati,5,2026-08-29T09:59:25.246Z,Lainnya,Positif,Positif,0.9889,oke
eb20b6ba-f76c-4906-be54-f1ee8df25a94,Herlan Seberna,5,2026-08-29T09:35:21.395Z,Lainnya,Positif,Positif,0.9889,ok
7a197839-3159-4571-a76c-e561e5e3311b,Deo Prakoso mRendyTriawan,5,2026-08-29T09:20:01.960Z,Lainnya,Positif,Positif,0.7889,aplikasi sangat berguna
e233b030-9c14-41cb-a11b-9c3e587a17c2,agus smile channel,5,2026-08-29T09:08:34.360Z,Lainnya,Positif,Positif,0.9775,mantap
04e19966-dd38-4014-9f46-fe1d56dc0f78,Nana Diana,1,2026-08-29T08:53:06.309Z,Autentikasi & Akun; Antrean & Faskes,Negatif,Negatif,0.885,"tak bisa daftar lagi Krn hp dibilang apa gitu,mau berobat jadi sulit,mestinya kalo bikin aplikasi itu mempermudah bukannya tambah ribet...yg mau berobat itu orang sakit loooo.."
db2b62e7-3aed-49cd-8433-981f77285e16,Ratih Chandra,1,2026-08-29T08:31:36.382Z,Antrean & Faskes; Iuran & Layanan,Negatif,Negatif,0.8974,"Semakin hari semakin merugikan BPJS dg banyaknya aturan medis yg tdk tersosialisasikan ke pihak penerima. pdhl udh bayar bulanan tp akses & penanganan jelek. (1) penebusan obat harus melalui dr.utama, tdk boleh melalui dr konsul internal (2) rujukan di rumah sakit hny bs dipakai sebulan sekali. tdk boleh maju tapi boleh mundur. merugikan sekali ini karena di suruh ke IGD / UGD jika urgent. itu pun blm tentu bs pakai BPJS (JIKA) diperkirakan tdk urgent"
03ae8a77-0a11-4ad7-a892-bd123d5258df,Kinoy Indonesia,1,2026-08-29T08:11:37.604Z,Autentikasi & Akun; Antrean & Faskes,Negatif,Negatif,0.9524,"aplikasi nya jelek ,login aja pake di perbatas cuma 3 kali nik . apalagi untuk ibu² bapa² yg mau daftar kesusahan,karna fitur² di persulit . kalo kalian bisa membuat aplikasi,artinya anda harus bisa mempermudah fitur² nya ,jgn samakan otakmu sama otak masyarakat, saya yakin kalo ga terpaksa 0% orang mau download ini aplikasi"
13a0ac05-513c-42fa-9061-585d504d9058,Christian Hidayat,5,2026-08-29T08:11:08.453Z,Antrean & Faskes; Iuran & Layanan,Positif,Positif,0.7886,"sangat membantu... di riwayat sudah di lampurkan surat rujukan, apangkah baiknya ada fitur download lampiran surat rujukan agar memudahkan pasien di saat surat rujukan fisiknya rusak atau basah serta robek untuk mencetak ulang dan tanpa harus repot ke faskes awal"
fc2a899a-97f6-4e66-8ca2-f34fcbe9e98f,Aries “Mayris Pranantya” Pranantya,5,2026-08-29T08:07:28.847Z,Lainnya,Positif,Positif,0.9576,Sangat Membatu untuk mengakses segala kebutuhan kesehatan diri. terimakasih untuk pemerintah dan khususnya dari kementrian kesehatan indonesia.👍👍🙏🙏
dd2337ee-5a90-4a22-82c4-202bf584ed82,Shyannie Shan,5,2026-08-29T07:48:54.968Z,Lainnya,Positif,Positif,0.9907,membantu dan terbaik
fa347111-7da2-44a5-ac6a-f3f6a500e7e7,Randi Aja Bae,5,2026-08-29T07:34:29.253Z,Lainnya,Positif,Positif,0.9781,makasih 😊
131357c8-4c28-46a5-bcdb-1f2361c18518,Abi Adia,1,2026-08-29T07:21:52.381Z,Autentikasi & Akun,Negatif,Negatif,0.9489,kualitas aplikasi dari pemerintah gini yak? daftar kirim kode otp nya gada samsek
90422c5e-551b-4c5f-af7f-d1ecab4363c1,Aji Irawan,5,2026-08-29T07:16:14.550Z,Lainnya,Positif,Positif,0.8787,bagus penting sekli apk ini
a8953ebf-7368-4759-b8c1-89bd17a29a9e,Aguswan Tabi,5,2026-08-29T07:04:30.212Z,Lainnya,Positif,Positif,0.9564,baik
4b47beec-08d6-49af-a308-377622453f17,Ega Mayosi,1,2026-08-29T07:03:03.152Z,Autentikasi & Akun; Antrean & Faskes,Negatif,Negatif,0.7843,"bintang berbicara..mau berobat aja,aplikasi harus ribet gini..selalu kendala disaat minta kode otp"
aafd9dd8-ef78-42e1-a804-a5b3beb3c817,MAS BAWOR,2,2026-08-29T06:49:43.589Z,Autentikasi & Akun; Kinerja & Server,Negatif,Negatif,0.9432,aplikasinya error akun nya sering log out sendiri
cfd111b5-a535-454a-b51a-cafa09e28d49,Juli Juli,5,2026-08-29T06:15:18.270Z,Lainnya,Positif,Positif,0.9775,good...
aaea1331-8352-436f-b966-14b6b1e5501b,Suman Simarmata,3,2026-08-29T06:00:53.182Z,Autentikasi & Akun; Antrean & Faskes; Iuran & Layanan,Positif,Negatif,0.8393,percuma tiap bulan bayar iuran... tp giliran urgen harus ke klinik dulu minta surat rujukan keburu mati duluan pasien..trus klu status urgen harus ke klinik dulu apa fungsinya Ig UGD...di rz...
bb433ebe-9409-4cb1-bd1d-f5a1265ffb8f,Ansori Week,5,2026-08-29T05:57:05.945Z,Lainnya,Positif,Positif,0.5334,sangat bagdi
9e1a4c93-b4e0-4987-8bf6-a98c3f7a22ac,dapit kemiling,1,2026-08-29T05:49:22.218Z,Autentikasi & Akun; Antrean & Faskes,Negatif,Negatif,0.9044,"saya kira aplikasi bagus,ternyata sampah, nunggu kode otp saja lama nya mirip nunggu antrian bbm,,"
d33c011c-9c17-4930-bb57-d759872d0c07,Dedy S Tamba,1,2026-08-29T05:39:58.661Z,Kinerja & Server,Negatif,Negatif,0.7976,lambat
6b2cabc8-9cb8-43cf-a2e4-463b069fc282,Email Bebas,5,2026-08-29T05:37:44.290Z,Autentikasi & Akun,Positif,Negatif,0.8799,apa ini kode otp aja susah banget ga di kirim kirim kalah Ama aplikasi lain yg otpnya gampang masuk
5d53a9e3-6467-49af-b1e0-0ab6ba399535,KOKOM KEMPOT,4,2026-08-29T05:23:23.715Z,Lainnya,Positif,Negatif,0.8426,Appl ruwet
30f7c119-bed0-42de-843d-6573bebea2fd,Sasri Doni,5,2026-08-29T05:17:34.670Z,Antrean & Faskes; Iuran & Layanan,Positif,Positif,0.6858,sangat membantu dalam perubahan data dan pengambilan nomor antrian
3cc83d5b-00f0-4fde-b5d8-2f08b123c768,RENITA NUR,1,2026-08-29T05:15:18.600Z,Autentikasi & Akun; Antrean & Faskes,Negatif,Negatif,0.9514,"mau mendaftar offline disuru online,saya sudah download aplikasi ini tetapi tidak bisa mendaftar dengan gangguan dari sistem nya,tolong di perbaiki aplikasinya, bagaimana cara kita mau berobat kalau mau mendaftar offline disuruh nya online tetapi aplikasinya saja begini?!"
641231c6-d824-43e6-8285-374a1f32d0e5,Ziva Hasna,5,2026-08-29T04:43:29.842Z,Lainnya,Positif,Positif,0.962,pelayan mudah dan ramah
4db980a0-c3cc-49fa-8e5a-696173e879b5,Dede Irwana,2,2026-08-29T04:38:22.461Z,Lainnya,Negatif,Negatif,0.8682,susah banget
1bf4ec87-60f0-4b72-a901-ed77b3c2f989,Puspita Maharani,1,2026-08-29T04:36:08.602Z,Kinerja & Server,Negatif,Negatif,0.9932,"Aplikasi jelek sekali, Menyulitkan, error terus!"
64c7cd95-8068-4892-a863-9da4bf9163c8,Aroy Lansyah,5,2026-08-29T04:27:24.495Z,Lainnya,Positif,Positif,0.9965,keren sangat membantu
c7a3d374-0d92-4479-b361-35267aadd3f0,Ninit Yulisti,5,2026-08-29T04:23:01.600Z,Lainnya,Positif,Positif,0.9775,bagus
83751688-73fc-4079-bfaa-685fbdf7d53a,またWAK GAMING,1,2026-08-29T04:22:27.243Z,Autentikasi & Akun,Negatif,Negatif,0.9533,"Sungguh aplikasi yang menyulitkan berkali-kali verifikasi gagal terus. Verifikasi menggunakan SMS malah ""Nomor kosong"", menggunakan email tidak bisa , verifikasi wajah gagal terus sungguh aplikasi yang sulit didaftarkan"
f0bcc857-b44d-4335-9751-8541c58f5b22,Ainun Rahma,1,2026-08-29T04:18:07.225Z,Antrean & Faskes; Kinerja & Server,Negatif,Negatif,0.9145,sangat buruk berobat di sarankan online tp respon lambat gagal terus
3bc06f02-b863-4134-9310-ba74f1346ca0,Kasianus Gulo,5,2026-08-29T04:12:32.683Z,Lainnya,Positif,Positif,0.9791,sangat memuaskan
2d197e66-2a6d-49ef-a7c7-caf1307f503a,Mega Simons,5,2026-08-29T04:07:02.756Z,Lainnya,Positif,Positif,0.943,mudah di gunakan
1e10277e-29d1-4fe8-b9dd-170d3cab88d6,Wie Lisha,5,2026-08-29T04:03:30.283Z,Lainnya,Positif,Positif,0.9872,bagus cepat
522db28d-9ad6-4351-acfa-cbc21b716b2a,Eunola D tquile,1,2026-08-29T03:59:54.904Z,Autentikasi & Akun; Kinerja & Server,Negatif,Negatif,0.9546,"verifikasi wajah gapernah jadi,error mulu, verifikasi nomor,smsnya gapernah masuk"
e3cfc2c4-d1f0-4188-8ffc-f334d417185d,Maulana Al jurjani,5,2026-08-29T03:51:17.790Z,Lainnya,Positif,Positif,0.9775,membbtu sangat bagus
46ba4a1a-1fe8-414d-8a35-1fc40ab87fed,sri rezki ramadhani,5,2026-08-29T03:31:05.370Z,Autentikasi & Akun,Positif,Positif,0.8456,sangat mempermudah pendaftaran
c4ee220a-366f-45dc-9c99-5f00c4899397,LIMA TELOR,5,2026-08-29T03:24:26.555Z,Lainnya,Positif,Positif,0.9874,bagus dan mudah
8654ab62-03a3-43c8-b1a9-76cf5d44fcaf,Devita Putri Hanggraini,1,2026-08-29T03:21:28.438Z,Autentikasi & Akun; Antrean & Faskes; Kinerja & Server,Negatif,Negatif,0.9276,"GANGGUAN TERUSSS LANCAR SAMA GANGGUAN LEBIH SERING GANGGUANNYA tiba² logout sendiri, nomor antrian gak muncul padahal jaringan lancarr"
286a05ba-2eb2-417f-85e8-43a27cadbe3a,MAKHALUL AKBAR,1,2026-08-29T03:15:25.801Z,Autentikasi & Akun,Negatif,Negatif,0.9773,aplikasi apa ini masa minta verifikasi no hp aja susah tolong perbaiki dong
a654ff28-76e6-4196-9ba2-2275611ff001,marsaida Sitorus,1,2026-08-29T03:14:39.513Z,Autentikasi & Akun,Negatif,Negatif,0.9184,"mau verifikasi susah, semua nya susah"
ed064449-38fe-49a5-8c17-13d3dc46c1d4,imron fayzi,5,2026-08-29T03:14:38.200Z,Iuran & Layanan,Positif,Positif,0.9707,pelayanan perubahan sangat cepat dan sukses
80d84f0a-615b-4352-92c8-a6aea70bf134,ahmad Riyanto,5,2026-08-29T02:53:50.371Z,Lainnya,Positif,Positif,0.9872,bagus dan cepat.
ca580e7a-1a77-4899-bbe9-c80feecadcc5,Tayini,1,2026-08-29T02:51:06.641Z,Lainnya,Negatif,Negatif,0.7314,gangguan mulu hadueh
8700b083-4326-457a-96b8-696cf2bc3b83,Bro Bin Muhammad,1,2026-08-29T02:40:43.390Z,Autentikasi & Akun,Negatif,Negatif,0.9681,"aplikasi kocak, harusnya sistemnya diperbaiki. masuk dah pakai NIK ngk bisa login2. mana no. hp malah keganti sendiri. LOL"
69c6638e-83b3-4fe7-98f8-8245ce55a78b,Nurul Husni,5,2026-08-29T02:27:31.517Z,Lainnya,Positif,Positif,0.9564,baik
070f228c-7ae6-4ec4-8744-0d41baa203ae,"Irvan Khoiri, M.Pd.I",4,2026-08-29T02:24:59.710Z,Autentikasi & Akun,Negatif,Negatif,0.8536,"mohon bantuannya, tidak bisa login ada tulisan perangkat sudah digunakan untuk login lebih dari 3 NIK, ada 1 NIK yang tidak saya kenali, mohon dibantu"
22ef726b-f69f-4cbf-87e2-ee2017aecc20,Dhimas 3handoko,5,2026-08-29T02:24:03.343Z,Lainnya,Positif,Positif,0.9728,best apk
da9837c7-b813-4713-896d-76c29ef01f79,ahmad Puji,1,2026-08-29T02:17:22.540Z,Autentikasi & Akun; Kinerja & Server,Negatif,Negatif,0.9546,daftar rawat jalan di suruh online ketika mau daftar malah eror kocak juga nih aplikasi.
46194347-c422-497d-bb8b-126dbfed3220,Tamara Sefia Latasti,1,2026-08-29T02:00:08.998Z,Autentikasi & Akun,Negatif,Negatif,0.9827,"sumpah ya mau daftar aja susah, dari verifikasi muka gamau, abistu verifikasi nomor susah"
8c6cd5eb-5b7a-4682-978b-3cdd6a314b73,Adi rianto,1,2026-08-29T01:23:02.970Z,Lainnya,Negatif,Negatif,0.896,apk aneh
36d0056b-e6f9-46ae-a0c3-7ae1daeb61e9,Shafira Dewi,1,2026-08-29T01:05:35.808Z,Autentikasi & Akun,Negatif,Negatif,0.9225,"tiga hari daftar gak bisa bisa, sampai pakai nomer yang ke 3, udah bela belain beli nomor baru tetap gak bisa, mending hapus aja ini aplikasi"
dae7a369-ae84-4e3f-853e-657a832cc30a,RAHMATULLAH BIN SYAMSUL MARHADI,1,2026-08-29T01:01:51.141Z,Autentikasi & Akun; Antrean & Faskes,Negatif,Negatif,0.909,"harus daftar autodebit, padahal sudah daftar waktu itu, pas mau masuk kembali harus daftar autodebit, dimasukkan bank autodebit, malahan sudah daftar keterangannya, dan mmg sudah daftar, kenapa harus suruh daftar lagi. tidak dapat masuk aplikasi jika belum daftra auto debit, sedangkan sudah daftarkan bank tersebut, mau daftarkan rekening lain tdk ada dalam daftar."
064bd03e-62d2-42fa-a15c-77a20b0b3e99,Maulana Az,1,2026-08-29T00:55:54.920Z,Autentikasi & Akun; Iuran & Layanan,Negatif,Negatif,0.6417,"kalo bayar iuran proses cepat, tapi saat menggunakan aplikasi kadang suka logout sendiri akunnya, coba aplikasi bisa di permudah sebagai mana kita membayar iuran?"
e154ccda-b8af-4bd2-90cb-ed40b42d7ed9,Ongky Saputra,1,2026-08-29T00:46:00.828Z,Antrean & Faskes,Negatif,Negatif,0.5054,"ini apk jadwalnya dokternya ada tapi gak bisa di pilih, broken banget pokoknya padahal ini sangat membantu tapi sistemnya harus diperbaiki lagi"
e191811c-5fb4-4d1c-b30a-d90d99728a42,Uzaiiron Ilyas,5,2026-08-29T00:37:44.831Z,Lainnya,Positif,Positif,0.9775,mantap
9aa5f480-4cc1-44e8-94e6-ca022d740d38,Love Nikki,1,2026-08-29T00:17:35.852Z,Lainnya,Negatif,Negatif,0.879,aplikasi nya tidak membantu sama sekali
810c8520-8380-42aa-bc8b-eab65863cf02,Ghatfan .ayra85,5,2026-08-29T00:14:50.157Z,Lainnya,Positif,Positif,0.9984,puas dengan JKN semuanya dipermudah dan sangat membantu... terimakasih
a8878055-96a3-494e-9075-5945d317f5ed,Al Saka,1,2026-08-29T00:02:30.460Z,Autentikasi & Akun; Kinerja & Server,Negatif,Negatif,0.9823,ehhhhhhh mobile jkn pulsa ku habisss ya gara gara kau pas aku masukin nomor hp malah eror eror pas ketiba apa kodenya otp muncul tapi gk bisa masukin kide otp nyaa gk jelas ni aplikasi gk guna yusahin aja
85a3f66d-851c-44e8-a758-bdcb7129059d,Naba abadiansyah,1,2026-08-28T23:37:38.161Z,Autentikasi & Akun; Kinerja & Server,Negatif,Negatif,0.8616,apk terlalu pintar jadi lemot
562978ef-234a-4777-8e41-b3289500aa9e,Untung,1,2026-08-28T23:28:31.547Z,Antrean & Faskes,Negatif,Negatif,0.9263,tolong perbaiki aplikasinya masak setiap ambil antrian online dgn data yg benar selalu gagal alias Can't
2212348b-d1c1-4790-aee9-bfe41527bb19,Jumirin Trismiati,1,2026-08-28T22:59:26.516Z,Autentikasi & Akun; Kinerja & Server,Negatif,Negatif,0.996,"mau daftar akun susah verivikasi kode otp no hp gagal trus gak masuk"" kode otp nya verifikasi wajah eror trus"
b7c3ab19-197f-499c-a0db-84997e1463c6,Hasanah,1,2026-08-28T20:42:25.422Z,Autentikasi & Akun; Kinerja & Server,Negatif,Negatif,0.7247,"aku kasih bintang 1, soalnya kalau sdh mau daftar pasti eror apk apa ini, bukan nya mempermudah malah bikin kesal. tolong di tinjau lebih lanjut."
ff63ecb9-3b7b-40b7-9358-439195e371c9,Heri Channel,2,2026-08-28T20:09:07.890Z,Antrean & Faskes; Kinerja & Server,Negatif,Negatif,0.6504,makin banyak eror. biasa ambil antriannya. online mudah sekarang malah. banyak gak bisa.
004c91ba-8139-434a-a22f-695ee94715b2,Zulkarnain,5,2026-08-28T19:31:45.213Z,Lainnya,Positif,Positif,0.7334,"belum ada gangguan, masih sangat mudah"
f6e73f46-f02a-4a3e-8a1b-19a1b3375a7a,Rianita Adella,3,2026-08-28T18:41:18.340Z,Lainnya,Positif,Negatif,0.6294,tolong dioptimalkan lg sistemnya
0fabdb3f-079d-401e-aa18-5f4d5a4108f7,Ayu Ashary,1,2026-08-28T18:29:05.958Z,Lainnya,Negatif,Positif,0.7071,tolong perbaik doang soal mau kontrol
14c1b072-979b-4794-879e-f3e79ce8ccef,daniel sigalemba,1,2026-08-28T17:26:05.225Z,Antrean & Faskes; Kinerja & Server,Negatif,Negatif,0.9079,"antrian susah, gagal server melulu, saya sarankan kl ega bs profesional mending manual aja."
054fcbbb-64b8-43c8-85fe-097ac3018e1a,Selvin TriMarta Halawa,5,2026-08-28T17:08:06.342Z,Lainnya,Positif,Positif,0.9775,baguss
417fd13f-c7e3-4ab3-ab19-b02b4a77cc92,Fery kumbangkelana Fery kumbangkelana,5,2026-08-28T16:07:19.543Z,Lainnya,Positif,Positif,0.9775,jos
639f3bbf-6ab6-4b02-bcc8-f06690d782f2,Darlan Barasa,5,2026-08-28T16:05:53.505Z,Autentikasi & Akun; Iuran & Layanan,Positif,Positif,0.734,mohon bantuannya admin BPJS yg saya hormati pulihkan kembali akun JKN saya karena saya tidak melakukan tindakan yang melanggar hukum
3c830ddc-adfa-416d-b700-1d3d83452180,Madewi Cakery,5,2026-08-28T16:03:46.250Z,Lainnya,Positif,Positif,0.959,mantab jkn
853acc0f-8bf2-4d03-9f64-a7f530ae519d,Abis hambak Cee,5,2026-08-28T16:03:21.338Z,Lainnya,Positif,Positif,0.9775,mantap
61eb135b-c1e1-469c-9193-25a0bb857f4a,Rio bagus sasongko,1,2026-08-28T16:00:32.679Z,Lainnya,Negatif,Negatif,0.8577,ga niat
9dd84779-5716-41b8-8482-ebcff9657d24,Suhitta Wita,2,2026-08-28T15:46:19.622Z,Lainnya,Negatif,Negatif,0.9159,aplikasi udh mulai GK bener mau di instal ulang malah gak bisa di instal padahal sebelumnya telah udah di instal
b7174099-38e2-438b-84d5-15285190fae5,Thiyan Alfarizi,5,2026-08-28T15:44:45.488Z,Lainnya,Positif,Positif,0.9703,ok pokok nya
a711b4b0-5cfa-46b3-869a-e2709952e651,Misdariati Dinarsih,1,2026-08-28T15:43:04.107Z,Autentikasi & Akun; Antrean & Faskes; Iuran & Layanan,Negatif,Negatif,0.7763,No coment! Untung ada org BPJS dirsud yg dituju yg bantu bikin akunnya! Ribet!!!
57eda77b-7d9d-4a4c-a8be-b6f6d2ce26c8,Catur Bintang Mala Dewa,3,2026-08-28T15:42:01.180Z,Autentikasi & Akun; Iuran & Layanan,Positif,Negatif,0.9346,"kok jadi aneh banget ini, semua tempat regulasi kalo pake bpjs harus lewat aplikasi dulu, tapi ini karena gw lama ga buka akunnya keluar sendiri, coba reset pw kode verifikasi ga dikasih, dulu pernah ke kantor bpjs kalo harus ada pulsa minimal 10k, ini gw baru isi tapi tetep ga bisa, ga dapet kode, sumpah aneh bet, mau ke kantor lagi tapi udah malem ama kondisi gw udah ga enak banget, tolonglah"
99bc2786-61e7-468d-99c6-9c81fc7b2fca,aldi septiana,5,2026-08-28T15:40:22.181Z,Lainnya,Positif,Positif,0.9637,is good
167d406c-68ab-4195-baf7-a2ff72b964c8,Gia Gio,5,2026-08-28T15:29:28.610Z,Iuran & Layanan,Positif,Positif,0.7518,"matur nuwun BPJS, semoga pemerintah selalu adil untuk memberikan pelayanan yg maksimal"
3297cead-1f53-44fb-8d61-376a5928d12c,Yoga Agustin,1,2026-08-28T15:07:05.130Z,Autentikasi & Akun,Negatif,Negatif,0.9718,"verifikasi sms susah bgt,mana harus ada pulsa lagi"
75a01ae1-1ba1-4421-b7f9-babeeeac2395,Rani Nuryanti,1,2026-08-28T15:06:23.595Z,Autentikasi & Akun,Negatif,Negatif,0.9669,gimana sih mau daftar ko ga bisa masuk sih udah beberapa kali coba tetep ajah ga bisa masuk udah GUNTA ganti no hp tetep ajah ga bisa malah emosi
e67b08c7-0799-40d6-9074-a11567587bd3,Ezra ezra,5,2026-08-28T14:52:14.247Z,Lainnya,Positif,Positif,0.9564,terbaik
aabb5809-217f-4251-b2ac-6df1fb49319e,Diah Firdayani,1,2026-08-28T14:51:18.704Z,Autentikasi & Akun; Antrean & Faskes,Negatif,Negatif,0.898,"kenapa selalu login trus...pdhal email dan sandi benar karna sudah saya catat....TPI susah sekali masuknya lagi...aplikasi ini seharusnya membantu dan mempermudah semua orang...bukan mempersulit semua orang..! tolong dong perbaiki jangan dkit"" log-in trus ..!!!!"
d2cb9750-e1c1-4800-a8f8-8cdcd3267784,Evander Buluati,5,2026-08-28T14:22:41.640Z,Lainnya,Positif,Positif,0.5334,goodddd
71824054-0e4b-489f-b7ce-3d2f6f685fde,Much Putra Baihaqi Shodiq,1,2026-08-28T14:19:58.605Z,Autentikasi & Akun,Negatif,Negatif,0.9193,daftar sulit banget kayak mau daftar pinjol aja
db1c1c32-982f-4f2a-8440-73331331d9ef,Asriady Ainuddin,5,2026-08-28T14:15:36.301Z,Lainnya,Positif,Positif,0.9775,mantap
270fff34-2f53-4c16-95b2-b673120bf131,Sardiirama Irama,5,2026-08-28T14:10:36.197Z,Lainnya,Positif,Positif,0.9889,aplikasi oke
72895da7-7043-4632-b934-13f6b59edcfc,May Linda Kristianty Br Pardosi,5,2026-08-28T14:03:59.799Z,Lainnya,Positif,Positif,0.8141,sangat memudahkan saya untuk melihat berbagai keuntungan yang ada pada mobile JKN inii
7333f234-111d-4896-a911-0dd4bc1bca38,Anfield Ynwa543,1,2026-08-28T13:55:26.152Z,Lainnya,Negatif,Negatif,0.9253,susah ribet..
ccab9f28-09d6-48d7-b893-933f5440e37a,Sofi Supriati,1,2026-08-28T13:49:22.100Z,Lainnya,Negatif,Negatif,0.6314,aplikasi yang membagongkan
5a821675-fd14-4667-b193-00723f650c0a,Rilby Dwi Putri,1,2026-08-28T13:46:45.941Z,Autentikasi & Akun; Antrean & Faskes; Iuran & Layanan,Negatif,Negatif,0.9867,"kenapa tidak bisa mengirimkan kode OTP? mau perawatan aja dipersulit segala perlu daftar di sini. kalau emang wajib daftar di sini, jangan jelek gini dong sistemnya. saya jadi tidak bisa daftar untuk perawatan, bagaimana jika sakit ini terus parah? sedangkan daftar aja sulit, dan pihak klinik mewajibkan daftar di sini! tolong lah, untuk apa kami terus membayar bpjs dan pajak, kalau sistemnya saja susah untuk dipake! saya tunggu perbaikannya sebelum orang orang di sini parah karena penyakitnya!"
434fb06d-905a-44de-855b-10a213a4a1fb,Zan Jess,1,2026-08-28T13:46:36.250Z,Antrean & Faskes,Negatif,Negatif,0.537,"keren lo buat begini, mempersulit banyak kegagalan tidak dapat di proses cih"
7e3ab376-cda6-48b3-92f1-54749726bab1,Pikpik muspikudin Pikpik,5,2026-08-28T13:38:41.872Z,Lainnya,Positif,Positif,0.9815,lebih baik dan mudah
f10feab9-14f3-4e11-a859-f914cb1dbc6e,Nadia Salsabila,1,2026-08-28T13:36:31.791Z,Lainnya,Negatif,Negatif,0.8433,"ga jelas sistem nya, banyak kali di krpsi"
59bd29b7-c054-4bb0-927c-81a7ec3ec5ae,Yaumil Isnaini,1,2026-08-28T13:29:06.310Z,Lainnya,Negatif,Negatif,0.9674,"parah , aplikasi rusak2 , sekelas pemerintah aplikasinya malah abal2 , terus mewajibkan rakyat pulak"
6f858a38-3d08-4504-9ba0-dc0ef5c7b4cb,I8I52IOO86 Abdullah ramadhan hasibuan,2,2026-08-28T13:28:28.973Z,Autentikasi & Akun; Antrean & Faskes,Negatif,Negatif,0.9334,lama kali pemeliharaan sistem nya. aku mau berobat jadi Susah daftar .
4ba55283-0ac0-40d9-b776-03fe4c736711,Ria Nar,1,2026-08-28T12:44:44.700Z,Autentikasi & Akun,Negatif,Negatif,0.708,"APLIKASI GAJELAS MAU DAFTAR BUAT KONSUL MALAH GA BISA"" ANEHHHHHH!!!!!!"
e152f3ad-a46f-43b1-a977-9045f577cdbe,Toha Saputra,1,2026-08-28T12:38:48.505Z,Autentikasi & Akun,Negatif,Negatif,0.9846,"GK bisa login akun tolong diperbaiki lagi apk nya, lama"" gak ada gunanya apk JKN saya sangat kecewa dan menyesal mendownload apk buruk"
770e4911-68f0-4d10-94c9-454a72b92fe0,Lukman Hakim,5,2026-08-28T12:34:41.254Z,Lainnya,Positif,Positif,0.9889,oke
b130c5c9-cc86-4932-acfb-9980d282044b,Haryono Haryono,5,2026-08-28T12:30:37.187Z,Antrean & Faskes,Positif,Positif,0.9804,jos memudahkan untuk berobat
eadbdf3a-7bc5-4d06-a11a-3cd7f878c2a5,Ikhwan Destyo,1,2026-08-28T12:25:16.870Z,Lainnya,Negatif,Negatif,0.601,aplikasi terbusuk yang pernah gw pake
1ab9de8a-d95d-434b-8a3b-826ea74811d7,Tri Juliyanto,1,2026-08-28T12:16:44.206Z,Kinerja & Server,Negatif,Negatif,0.9552,heran gua sama aplikasi pemerintah eror mulu padahal bea maintenance muahal beddd anggarannya
c070e5e7-bac8-4ede-98c4-6cb9f0652057,Yoka Adipio,1,2026-08-28T12:16:07.785Z,Antrean & Faskes; Kinerja & Server,Negatif,Negatif,0.5608,aplikasi ini menyusahkan masyarakat yang mau berobat vertipikasi sudahnya eror bukannya membantu malah menyusahkan masyarakat. bukannya membantu malah nambah penyakit
96ba9870-34fd-4f94-a369-f6f359eaae61,Mulyadi Cap,1,2026-08-28T11:50:22.788Z,Antrean & Faskes,Negatif,Negatif,0.9117,aplikasi nyusahin orang. mau berobat saja bikin ribet
80360722-9466-4a31-abe1-ea22dc8018f6,Arif Gunawan,5,2026-08-28T11:49:10.516Z,Iuran & Layanan,Positif,Positif,0.9288,terima kasih telah hadir BPJS.
4ea68020-f7b7-41b9-890f-6a73bc4bde0a,Faraskuuu,5,2026-08-28T11:47:08.694Z,Lainnya,Positif,Positif,0.9897,sangat membantu
82fa3ec1-b2b4-4fbb-ae60-e119ae374c9d,erykhasaja,1,2026-08-28T11:37:26.669Z,Autentikasi & Akun; Antrean & Faskes,Negatif,Negatif,0.7566,tidak bisa digunakan pendaftaran dipersulit
59e520ea-6755-43f4-bda0-e73cee1f196f,Yohanes Nurung,4,2026-08-28T11:28:40.209Z,Lainnya,Positif,Positif,0.9564,Sekarang semakin baik.
2a2028be-d75b-473b-b28f-aab5ee936063,Heppy Rizanto,5,2026-08-28T11:25:13.348Z,Lainnya,Positif,Positif,0.9775,good
c9bdd6a9-707d-4288-a2da-6ed7a9c0ced5,Thresia Nhia,5,2026-08-28T11:18:34.120Z,Lainnya,Positif,Positif,0.9775,mantap
26c8bb5b-109e-4c15-ab00-184689273b10,grace glr,5,2026-08-28T11:12:07.700Z,Lainnya,Positif,Positif,0.9743,Bagus.. Sangat rekomendasi sekali
5c460238-d2e2-48e0-87b7-bc96fdd96cb0,Kelik Parwanto,5,2026-08-28T10:52:50.758Z,Lainnya,Positif,Positif,0.954,sangat membantu dan gak ribet pemakaiannya
6ea72a70-b104-4db4-b5af-7f55d56a11c1,Didi Murhadilll,5,2026-08-28T10:39:18.905Z,Lainnya,Positif,Positif,0.9302,lebih mudah segalanya
63c28b04-97c6-4d43-b6a3-5335e31bb318,Zefanya Adinda,4,2026-08-28T10:39:07.777Z,Autentikasi & Akun,Positif,Negatif,0.6043,"bagus sangat membantu, tetapi kadang suka logout sendiri jd harus sering login berkali kali"
404613f5-abe5-4cf2-8d70-8e0a04e306f4,Siti,2,2026-08-28T10:35:58.927Z,Autentikasi & Akun; Kinerja & Server,Negatif,Negatif,0.9554,"knp ya pas kode otp no nya gk bsa""tolong dong eror mulu"
19eebaeb-69a9-4bb3-a6aa-7920c7d355ef,REMY FRAME,1,2026-08-28T10:20:29.889Z,Autentikasi & Akun; Antrean & Faskes; Iuran & Layanan,Negatif,Negatif,0.8707,"urgent buat anak saya mau operasi.. udah 2x tiap saya ambil antrean, tiba tiba H-1 Antrean anda dibatalkan . padahal udah ada nomer antrean. parah,, karna pasien BPJS jadi terpinggirkan kayanya."
bb29e4eb-f333-49ab-9c48-c7622fe660a2,RereAndriany,5,2026-08-28T10:17:59.525Z,Lainnya,Positif,Positif,0.5334,sangat mendominasi
70f93a29-89f3-46f0-8233-6769efcee24a,Abdul Jumali,5,2026-08-28T10:10:14.662Z,Autentikasi & Akun,Positif,Positif,0.5355,"susah masuk, masih jauh lebih bagus aplikasi yg dulu"
5471f48d-ec0d-45d8-98d6-e668e67018ec,Moza Saefa,5,2026-08-28T09:58:06.399Z,Autentikasi & Akun; Antrean & Faskes,Positif,Positif,0.8115,Alhamdulillah dg aplikasi JKN terbantu sekali kalau mau periksa tinggal daftar lewat online dan tidak perlu antri
7a600b58-2781-40b3-b5a1-92432a89b75e,Depa Aksay,1,2026-08-28T09:50:33.490Z,Antrean & Faskes,Negatif,Negatif,0.7121,"udah bosen coba puluhan kali gak berhasil, hanya mempersulit untuk berobat sajaa"
14bdce2a-e577-4d71-a981-b572dfb75476,amelia surahman,1,2026-08-28T09:45:40.320Z,Autentikasi & Akun; Antrean & Faskes,Negatif,Negatif,0.969,apk nya tolong greget banget setiap mau daftar ada aja kendalanya bikin kesel!!! bukannya mempermudah malah mempersulit payah!.
14680151-a89d-4780-a95f-3d07b0a31df0,Sitimaryam Mery,1,2026-08-28T09:29:47.984Z,Antrean & Faskes,Negatif,Negatif,0.92,alikasi bikin susah org mau berobat malah susah aplikasi sampah..mending gk usah pake aplikasi klo gk mampu nyusahin org aja
01c6ae8f-ba4d-4e22-b1e1-33630a11554f,kusuwasono kukuh,5,2026-08-28T09:20:14.922Z,Lainnya,Positif,Positif,0.9398,mantap bos
36f3e67a-46d9-42a1-898b-37ba05da6217,Julak Laraw,4,2026-08-28T09:05:48.428Z,Autentikasi & Akun,Positif,Negatif,0.8608,"Akhir akhir ini kok susah sekali login. itu captcha jangan dibuat susah, apalagi bagi yang tua susah mengenali karakter huruf/angkanya"
8502e7d7-b8be-4879-b2ce-d1229d4966cd,Afi Afiyani,1,2026-08-28T09:05:09.656Z,Autentikasi & Akun,Negatif,Negatif,0.9216,mau login susahnya minta ampun udh 3 hari masih ga bisa bisa hadehhhh
f4d5f513-758a-4157-a7a3-51504ebe5a27,A Edi S,4,2026-08-28T08:44:34.588Z,Lainnya,Positif,Positif,0.7889,sangat berguna
9d3ecd16-b7a1-49be-962c-a03777ba956a,Mr Nanda fishing,1,2026-08-28T08:42:45.397Z,Autentikasi & Akun; Antrean & Faskes,Negatif,Negatif,0.948,"aplikasi ini dibuat hanya untuk mempersulit. kalo ada yg ribet ngapain cari yg mudah. bahkan angggaran yg besar akan sia² dipakai buat bikin aplikasi beginian. gk guna, gk bisa login atau daftar.. di klik no hp malah muncul tulsan harap masukan nomer tlp. Malaysia lebih maju dibidang pelayanan karna pejabat yg jujur. kapan Indonesia bisa melani warga dengan baik yah.. pusiiiing.... pusingg...!!!"
44c030f4-f20d-4789-b276-4e6db6140c9e,Uyuy Opop,5,2026-08-28T08:34:09.794Z,Lainnya,Positif,Positif,0.9596,mudah dan responsif
5135026e-1870-4cbe-aaf8-c33aacc97e60,ARJUNA ABRAHAM PAAT,5,2026-08-28T08:24:41.278Z,Lainnya,Positif,Positif,0.9775,good
fb46d5db-5a52-4086-bfa5-033b8f2090d9,kafi bna,1,2026-08-28T08:21:55.731Z,Autentikasi & Akun,Negatif,Negatif,0.9242,Verifikasi susah....!
394b1e04-862c-4421-9066-37b6d81c1188,Ben Subandrio,5,2026-08-28T08:19:16.823Z,Lainnya,Positif,Positif,0.9692,terimakasih
48c0c645-cca9-4efa-af71-368224f84686,Muzalena,5,2026-08-28T08:18:46.261Z,Lainnya,Positif,Positif,0.9923,pokoknya the best
ebc71495-ad52-4e45-b865-55d1975f9707,Mutiatin,1,2026-08-28T08:17:51.667Z,Autentikasi & Akun; Antrean & Faskes; Kinerja & Server,Negatif,Negatif,0.9473,"aduh gmn sih eror trs tiba' log out sendiri, mau login lagi malah eror trs"
0f6f9450-1b10-4826-a257-165e85f25886,Brilian Jayakusuma,1,2026-08-28T08:16:14.506Z,Autentikasi & Akun,Negatif,Negatif,0.8303,BERHARI2 TIDAK BISA MENDAFTAR
f22229c4-907e-4c76-82a2-7057775aaf18,Nur Azizah,1,2026-08-28T08:05:27.784Z,Kinerja & Server,Negatif,Negatif,0.8495,sering eror mulu ih
eb2a4960-675e-4c3a-8c61-93ff6a95f4a9,Atha Fariz,5,2026-08-28T08:02:56.613Z,Lainnya,Positif,Positif,0.9565,pokonya mantap untuk responnya
df9e09c7-135d-4e2c-8cec-b21e615ae86c,Fauziyah Lisfana,1,2026-08-28T08:00:06.404Z,Autentikasi & Akun,Negatif,Negatif,0.8902,Saya buka dan login keterangan ya sayang jkn telah berhenti.mohon dong di perbaiki
14c06142-d93e-475c-83ad-6aa50d193804,muhril efendi,5,2026-08-28T07:51:17.620Z,Lainnya,Positif,Positif,0.9775,Bagus
f87f5bb5-3c34-4d6e-9e76-796851456f24,Vidiya Azadd,4,2026-08-28T07:28:53.846Z,Autentikasi & Akun; Kinerja & Server,Positif,Negatif,0.9273,tidak masuk jaringan eror.. padhal sudah pakai wifi
41972b32-8de2-474b-ba12-124de3efb7ff,Abdul Ghofur,1,2026-08-28T07:28:09.206Z,Lainnya,Negatif,Negatif,0.9149,perangkat tidak kompatibel . harus pake iPhone mungkin.nyusahin
861c59e4-b5c0-4d8f-8623-ae923085dcc5,Irfan Gunawan,1,2026-08-28T07:25:45.610Z,Autentikasi & Akun,Negatif,Negatif,0.9238,bisa keluar sendiri in jkn trus ganti password no nya salah .malah nunjuk no lain . kek mana nya ini aplikasi kesehatan buat susah ..
9a575c9b-7693-4770-9ef6-eb45628d13d0,B Wijanarko,5,2026-08-28T07:19:05.679Z,Lainnya,Positif,Positif,0.9797,Pelayanan memuaskan
4ced6328-bb35-486a-b16a-e0644fb53f88,Yogi chuakerz,1,2026-08-28T07:10:20.780Z,Autentikasi & Akun,Negatif,Negatif,0.9397,makin sini makin rusakk ini aplikasi. gak bisa daftar.scan wajah gagal . masukin nomor gak bisaa
98264247-5242-48c0-a2ec-5748ba524fb5,Tia Roesjayanti,1,2026-08-28T07:07:13.598Z,Autentikasi & Akun,Negatif,Negatif,0.88,tidak bisa Terima otp
908ab53c-99c4-41e7-bd90-c1d8eadddb54,IEL J. MP T. mesin,5,2026-08-28T06:57:06.857Z,Lainnya,Positif,Negatif,0.8426,ribettttttttt
587f78ed-c187-4c41-a1d9-5c47e34e4f2e,Eka Pebriati,1,2026-08-28T06:46:41.755Z,Autentikasi & Akun,Negatif,Negatif,0.9244,ga bisa kirim otp
e4b42aca-e5e7-4459-be5b-e152fa227a2f,Glen Bilande,1,2026-08-28T06:40:44.623Z,Autentikasi & Akun,Negatif,Negatif,0.9638,ga jelas no hp susah masuk
a66a6875-6317-40ed-bd9a-c864a0c1b546,sky chanel,1,2026-08-28T06:29:05.525Z,Autentikasi & Akun,Negatif,Negatif,0.974,kirim otp aja lamanya minta ampun. apalagi bantuin rakyat yang susah.
4e2d543b-2f45-4f43-bf89-5084dc9788aa,Seruni Ananda,5,2026-08-28T06:27:54.970Z,Lainnya,Positif,Positif,0.9689,pelayanannya sangat membantu dengan sabar memberikan penjelasan yang mudah dipahami
ad99724b-d72d-453c-bf19-0a0a3ddd91d4,FRANSISKUS RIANGTOBY,1,2026-08-28T06:25:56.451Z,Autentikasi & Akun,Negatif,Negatif,0.9808,"Niat gak sih buat apknya, masa gak bisa daftar buat masuk terus sih, kalau gak bisa kenapa apknya dibuat yaudah gak usah dibuat aja sekalian, orang gak bisa masuk juga."
c5b97654-58b5-4774-87f8-5e6599aa4f63,Maryamzeeba,5,2026-08-28T06:24:50.159Z,Lainnya,Positif,Positif,0.9956,terimakasih... semoga berkah bermanfaat
8cb500d6-fb67-4a34-a798-2dd219ffae90,Mimi Fraga,5,2026-08-28T06:19:57.381Z,Lainnya,Positif,Positif,0.9962,bagusss bngt layanan juga oke
5f16ce49-b699-4744-b922-aa4a0cae1e44,Arif Purnama,5,2026-08-28T06:13:13.135Z,Lainnya,Positif,Positif,0.9781,sangat membantu pelayanan kesehatan
175cf8d0-389e-44f9-a8f0-34d375947ddd,SadaR Rudin,1,2026-08-28T06:08:31.660Z,Autentikasi & Akun,Negatif,Negatif,0.9428,"apk ini dibikin untuk memudahkan atau bgmn, soalnya baru maw buat sja akun pertama stgah mati skali bgmna apk ini ? 1, pas pengambilan foto 2, pada saat kirim kode ke nomor telfon 3, verifikasinya stengah mati skali"
faa5ab1e-7e98-40ed-b1f2-e2c6bc4759b4,Joker Liar,1,2026-08-28T06:07:17.201Z,Autentikasi & Akun,Negatif,Negatif,0.9736,"HAPUS SAJA APLIKASI INI TIDAK BISA MENDAFTAR. SUDAH SCAN WAJAH, SUDAH MASUKAN NIK, SEMUANYA SUDAH DI IKUTI MASIH SAJA TIDAK BISA."
c1de9755-c1f4-41bb-9458-9ab6a643b66a,geraldi suryaputra,1,2026-08-28T06:06:14.985Z,Autentikasi & Akun,Negatif,Negatif,0.9546,"tolong untuk registrasinya di perbaiki, terutama pada saat konfirmasi nomor telp. padahal banyak kok cara untuk konfirmasi selain nomor telp, bisa melalui Email atau lewat WA. kenapa harus lewat SMS sih. sdh 1 minggu saya coba regis tetap tdk mau"
f4a228ba-bc65-4573-96b9-ebf15d788c73,Ziva Falisha,1,2026-08-28T06:00:42.204Z,Autentikasi & Akun,Negatif,Negatif,0.9972,"Yang paling ribet sama aplikasi ini daftar.... Udah isi pulsa kagak masuk juga. Pake ngide pula bikin verifikasi wajah 😭💔 Ehh bodat permudah daftar aplikasi lu apa anjink... Seenggaknya bisa pakai daftar pakai email atau telepon. sumpah SMS verifikasi susah bet masuknya!!! Mana udah coba beberapa kali kagak masuk... Yang bikin tambah ribet ya sistem lu gini kalau ada anak yang daftarin akun orangtuanya. Heran bangeg aplikasi pemerintah rata-rata UI b aja, daftar ribet, WAJIB pula. CACAD!!!!"
ac83f5aa-bf3e-43b5-85a4-9c96a0ef19fa,Muhammad Said,5,2026-08-28T06:00:12.685Z,Lainnya,Positif,Positif,0.9302,sangat memudahkan
b8b2102b-8412-4591-a6c1-59799e522398,siapa dia,1,2026-08-28T05:55:14.974Z,Autentikasi & Akun,Negatif,Negatif,0.9015,registrasi gagal terus setelah memasukan no hp.
8b674438-4d42-4b8e-98fe-2dd6c4bdb67b,Ikhya,1,2026-08-28T05:55:00.916Z,Lainnya,Negatif,Negatif,0.9064,aplikasi pemerintah wajib kok android 9 kok ga didukung gimana mau melayani rakyat
7fa2b727-659d-414b-bfc3-db022f2116e0,Sifa Khoirun Nisa,1,2026-08-28T05:52:05.476Z,Autentikasi & Akun; Iuran & Layanan,Negatif,Negatif,0.9738,mau daftar tapi tidak bisa krn kode otp nomor hp jg aktif dan nik ktp jg udh bener mohon diperbaiki lagi
564f85bf-a8d2-4a3a-ae60-ff2884c7902f,Wandhie Syam,1,2026-08-28T05:50:04.545Z,Lainnya,Negatif,Negatif,0.6905,maaf untuk pengembang aplikasinya tolong kenapa bisa saya tidak dapat download link ini lagi
8e338cfc-58d4-4cff-8f06-c832bf037fc0,Ayw Naken oky,1,2026-08-28T05:49:37.461Z,Autentikasi & Akun; Antrean & Faskes; Iuran & Layanan,Negatif,Negatif,0.8227,tolong ya diperbaiki waktu saya nambah anggota keluarga dibilang udah ada akun dimasukan akun tidak ada didaftarkan tidak bisa masa mau berobat saja dipersulit
fa1dd8a2-0672-4efe-bd14-eb288f792800,Sinta Bukit,5,2026-08-28T05:48:59.830Z,Lainnya,Positif,Positif,0.7307,saya suka
f1dd25e8-bdc5-4e2b-951d-0e1440b291ab,Wati Ni,1,2026-08-28T05:45:00.818Z,Autentikasi & Akun; Antrean & Faskes,Negatif,Negatif,0.8869,kenapa tidak semua hp bisa download aplikasinya tapi ngambil antrian RS harus daftar online dijkn ...
7f3d36e3-fa58-4b9d-be55-719361fcab4c,Yusron,1,2026-08-28T05:44:24.648Z,Autentikasi & Akun,Negatif,Negatif,0.9557,ribet susah daftar nya
2502e275-5cc3-4efe-b0ab-53497f814e3f,Hayati Ahmad,1,2026-08-28T05:32:18.240Z,Lainnya,Negatif,Negatif,0.8553,Bad aplication. Gabisa buat bio wajah. kamera nya menceng²
c8cc079d-f603-4b70-a894-2b134495f638,Alya Anggi,5,2026-08-28T05:24:14.662Z,Kinerja & Server,Positif,Negatif,0.8495,sering eror
c96d2864-43f2-486d-8a0d-808358363bda,Wiiliam Henri,1,2026-08-28T05:14:48.568Z,Autentikasi & Akun,Negatif,Negatif,0.9871,aplikasi payah mau verifikasi no telpon aja ngak jadi2 parah
2ea83eff-94dd-4428-8eea-f19dd13c8d01,Ei Erblack,5,2026-08-28T05:13:50.706Z,Lainnya,Positif,Positif,0.9302,semua jadi lebih mudah
ac794e40-40e3-463f-9056-e24c62549714,Gede Sudarma,5,2026-08-28T05:10:22.520Z,Lainnya,Positif,Positif,0.9886,sangat membantu dan pelayanan nya cepat
6f4caddb-116e-4e8e-9bb7-457b9c7ddd78,fatih maulana,5,2026-08-28T04:55:26.706Z,Lainnya,Positif,Positif,0.9889,ok
96d00d5b-c889-4bef-b8c7-e32d87562e95,Putri Kirana,1,2026-08-28T04:37:23.683Z,Autentikasi & Akun; Kinerja & Server,Negatif,Negatif,0.9689,perbaiki lagi deh masa verifikasi wajah error mulu
8c3311eb-7823-4226-91be-279bcd0fb5fa,Rey Jampang,5,2026-08-28T04:28:13.518Z,Lainnya,Positif,Positif,0.9775,bagusss
43c2876b-7d88-47e9-9fba-0be6e56b4b59,camvretch malmsteen,1,2026-08-28T04:26:50.849Z,Autentikasi & Akun,Negatif,Negatif,0.9314,verifikasi no.hp kenapa ga bisa?
f30a01dc-7cd0-4796-8731-b60454897c81,Sapuan Hukum,5,2026-08-28T04:16:22.982Z,Lainnya,Positif,Positif,0.9775,bagus
e934ed67-d11b-4943-9a4b-6b09133468bd,ZIZ,1,2026-08-28T04:16:13.339Z,Autentikasi & Akun,Negatif,Negatif,0.9512,aplikasi gak jelas mau daftar aja susah banget tolong diperbaiki lagi sistemnya!!!
ab386b0f-8b2d-4b9c-b8d8-f9c488479ae0,Deri Ahmad,1,2026-08-28T04:13:43.664Z,Autentikasi & Akun,Negatif,Negatif,0.9584,mau daftar susah bener apa lagi pas mau masukin nomor hp sama alamat Gmail. susah pas mau nge daftarin orang tua
27a431bb-56de-4707-a535-2a40d5d1d184,apri kesbleng,3,2026-08-28T04:12:06.191Z,Autentikasi & Akun,Positif,Negatif,0.8181,nggk jelas bener enggak bisa login ke aplikasi nyaaa lagi urgent di buat pening sama aplikasi
a72122cc-4ae1-45ce-ab8e-69446a66af9f,Ahmad riza Hidayat,5,2026-08-28T04:07:24.297Z,Lainnya,Positif,Positif,0.9584,semoga amanah
ae67a97d-ee9f-4d3f-a7b3-64e81730bd2c,maiya rumaaf,4,2026-08-28T04:04:12.849Z,Autentikasi & Akun; Iuran & Layanan,Positif,Positif,0.855,Kenapa Aplikasi Mobile JKN tidak dapat menampilkan riwayat kesehatan anggota keluarga (anak) adalam satu akun? tolong di buatkan agar bisa memantau riwayat kesehatan anak.. Trimakasih
bc75e1ea-2a16-4ae6-9edd-c344b2464578,Arjun Cell,1,2026-08-28T04:00:27.830Z,Antrean & Faskes,Negatif,Negatif,0.7705,halo kak untuk aplikasi mobile JKN saya kenapa nggak bisa dipasang lagi padahal handphone saya itu pakai handphone HP Oppo a31 RAM 8 kemarin bisa sekarang nggak bisa gimana nanti kalau saya berobat ini gimana caranya kalau misalkan pengen bisa lagi tanpa ganti handphone karena saya handphonenya cuma punya satu
246660a1-d517-490f-ac39-8ca3ead6547c,Humaira Hilwa,5,2026-08-28T03:58:07.684Z,Lainnya,Positif,Positif,0.9302,mudah
35d389fd-d9e6-4b4b-87e4-4521ff900388,Ahmad Rahmanuddin,5,2026-08-28T03:54:17.324Z,Autentikasi & Akun; Antrean & Faskes,Positif,Positif,0.8818,"Sudah bagus, dengan tingkat keamanan yang cukup bagus. mungkin mekanisme login bisa di sesuaikan lagi, aplikasi bisa mengingat sesi login di device yang di percaya bukan relogin ketika beda IP Segment saat akses aplikasi ya untung nya masih bisa di permudah dengan menggunakan metode login menggunakan finger. untuk Surat Rujukan bisa di bantu agar user dapat mengunduh sendiri via aplikasi."
c49eb5fa-2ce8-44d2-ac7e-ad932873a542,sadiman 11 juli,1,2026-08-28T03:53:53.860Z,Autentikasi & Akun; Antrean & Faskes; Kinerja & Server,Negatif,Negatif,0.8548,"APLIKASI LOLAAAAA BGTTTT, WIFI LANCAR, KUOTA MASIH BANYAKK, BUKA APK MUNCUL TRS POP UP OFFLINE², GABISA BISAAAAAAAAA APLIKASI BOSOKKKKKKKKKK"
94007909-dda4-4b9e-86e5-79a61d29e57d,Pads Pads,5,2026-08-28T03:53:29.604Z,Lainnya,Positif,Positif,0.9775,bagus
4353f2c5-052e-4e5a-b1db-efb5995eb7b4,Rizki Muhamad,5,2026-08-28T03:36:55.887Z,Lainnya,Positif,Positif,0.9889,oke
5e5d2ab3-6c1f-4d3a-ba2f-d6975025a796,Toni Jaya Sampurna,5,2026-08-28T03:33:50.958Z,Lainnya,Positif,Positif,0.9897,sangat membantu
5f6f9368-627a-44a5-824d-5507ce16ed8d,Annas Lutfiansyah,1,2026-08-28T03:33:31.666Z,Autentikasi & Akun; Antrean & Faskes; Kinerja & Server,Negatif,Negatif,0.9584,"Tidak solutif, mempersulit registrasi, belum optimal, otp tidak terkirim, jaringan server bermasalah."
979ab51c-0663-44a6-8cdd-47973f9c5e9d,aming sulaeman,5,2026-08-28T03:32:48.810Z,Lainnya,Positif,Positif,0.9599,untuk keseluruhan pokoknya keren
c03d5969-5aba-4905-8cfc-64f7d7db6df6,Bambang Winarno,3,2026-08-28T03:32:04.550Z,Autentikasi & Akun,Positif,Positif,0.5374,sering terjadi kendala saat loging
45e96688-6f8b-4f81-a92f-6b6011b15887,Maidar Galingging,1,2026-08-28T03:28:59.462Z,Antrean & Faskes; Iuran & Layanan,Negatif,Positif,0.7879,"Aplikasi itu dibuat utk memudahkan dan membantu, bukan untuk menyulitkan dan menghambat pasien peserta bpjs utk mendapatkan pelayanan. aplikasi bermasalah harusnya ada solusi dan di kasih cara alternatif lain untuk berobat"
fa6c1134-5144-40ad-a014-54dcb3c8abbf,Aquila Puruhita,5,2026-08-28T03:25:06.187Z,Lainnya,Positif,Positif,0.9775,bagus
216466c9-3308-4b77-9d80-ca4e5339fece,Aan Setyawan,5,2026-08-28T03:25:02.831Z,Lainnya,Positif,Positif,0.8224,josjiss
12634b4a-cc66-48e7-a69d-764c75350b0e,Yohana Clarissa,1,2026-08-28T03:13:26.374Z,Autentikasi & Akun; Antrean & Faskes,Negatif,Negatif,0.927,halo bagaimana ini aplikasi tiba2 log out. kita mau masuk aplikasi lp password. nah ada menu lp password kita masukkan no hp tp tidak bisa. ini gimana ceritanya Krn mau daftar berobat pun harus melalui online
ad444e6e-ad0a-4407-90b6-a542406bab1d,Ummank Parare,2,2026-08-28T03:06:30.233Z,Autentikasi & Akun; Antrean & Faskes,Negatif,Negatif,0.838,buat akun saja sulitnya minta ampun bukanya d permudah malah d persulit
9c466e05-dd70-409d-8063-bbc5408f8472,Kisno Saputra,5,2026-08-28T02:57:55.358Z,Lainnya,Positif,Positif,0.9889,ok
72ca7962-6c95-4710-a1c2-5393c2310fbe,Rikalistiana Sari98,1,2026-08-28T02:57:49.999Z,Autentikasi & Akun; Antrean & Faskes,Negatif,Negatif,0.8257,"mau berobat diwajibkan daftar online dulu . giliran aplikasi digunakan dikit "" trouble mulu"
2e32168d-fd82-492b-8b9f-3a4b5ba7ccf9,Wildan Fahmi,1,2026-08-28T02:54:27.473Z,Lainnya,Negatif,Negatif,0.9622,aplikasi busuk
10df6031-88c2-45ee-be24-7c1780953525,Selvi Jae,1,2026-08-28T02:43:00.390Z,Autentikasi & Akun; Antrean & Faskes; Kinerja & Server,Negatif,Negatif,0.8744,"APLIKASI SANGAT BERMANFAAT TAPI....... kenapa gak bisa pilih opsi faskes tingkat lanjut ada keterangan pada aplikasi ""tidak terhubung ke server rs"" katanya ini aplikasi untuk mempermudah tapi kok kayak gini ya jdinya mempersulit orang jika mau daftar online HADUHHH TOLONG DITINDAK LANJUTI YAAAA MAU DAFTAR ONLINE KOK SUSAH GEGARA INI TOLONG PERBAIKI APLIKASI YG ADA KETERANGAN SEPERTI ITU.... muak banget jujur UDAH BERAPA HARI APLIKASI KYK GINI TRSS KAPAN DAFTARNYA INI TOLOL"
47d045d5-b988-4825-95a7-53601d4adcb0,Indra Nurhidayah,1,2026-08-28T02:42:41.652Z,Autentikasi & Akun; Iuran & Layanan,Negatif,Negatif,0.9413,aplikasi yang sangat ruwet. harus 1 akun 1 nomer hp dan jika nomer sudah digunakan tidak bisa di gunakan di akun beda. terus bagaimana jika yng butuh akun adalah orang lansia masa iya harus beli hp dan nomer baru dulu. harusnya 1 akun bisa di akses untuk 1 keluarga.
589f122b-6bfd-420e-8a72-87b3616717d5,Dewi Kusuma,1,2026-08-28T02:38:59.946Z,Autentikasi & Akun,Negatif,Negatif,0.9881,"gedeg banget tiap mau daftar pas masukin nomor hp selalu keterangan nya belum bisa di proses terusssss, sudah nyoba uninstall dan install lagipun trep gabisa, udah gitu kalo mau masukin nmr yg beda keterangannya nmr sudah di gunakan, yaelah jadi aja engga 😡😡😡😡 ini bukan dlm waktu sehari atau seminggu ya tapi dr bulan2 sebelumnya sudah nyoba ttep begituuu , nyoba lagi juga tetep begitu. ga mutu bgt !"
49727d52-3985-4af5-a353-64b95d810b82,fendie saja,4,2026-08-28T02:33:18.802Z,Kinerja & Server,Positif,Negatif,0.7181,terkadang masih lemot nggih
645f8945-e46e-4822-b4f6-2a37e4e04156,Unknown Number,1,2026-08-28T02:30:37.424Z,Autentikasi & Akun,Negatif,Negatif,0.9592,otp SMS g bisa
18efcf8e-e5d6-4b2e-83cc-22ef75e41380,irianto sesa,1,2026-08-28T02:26:47.644Z,Lainnya,Negatif,Negatif,0.9622,aplikasi payah
e91c2c34-a9e2-4b18-85f0-55cd97cab327,eko setyo haryadu,1,2026-08-28T02:20:11.579Z,Antrean & Faskes; Kinerja & Server,Negatif,Negatif,0.8963,Lemott dan hrs berulang2 kalau mau log in
687c95a3-2e09-4057-a0ca-990facc1d3b7,Bli Rafiq,5,2026-08-28T02:18:22.477Z,Lainnya,Positif,Positif,0.9302,mudah dan memudahkan
fcc5098d-79eb-4e29-89d0-a982cf896a89,Winta Lita,5,2026-08-28T02:17:22.986Z,Lainnya,Positif,Positif,0.9897,sangat membantu
e4fb17c4-bbec-49f1-b2ba-c5663bfad89f,Nora Destiyanda,1,2026-08-28T02:17:17.884Z,Autentikasi & Akun,Negatif,Negatif,0.9827,OTP susah masuk selalu gangguan padahal pulsa dan wifi ada !!!
6d679a05-90d8-4f6b-8000-583a09398720,Hans HW,5,2026-08-28T02:17:13.573Z,Lainnya,Positif,Positif,0.9775,mantap
b8d7d104-6be1-46d6-81d2-fabafb847c11,Ainur Ifa,1,2026-08-28T02:16:27.741Z,Lainnya,Negatif,Negatif,0.8426,ruwet
9f93c2c2-af6e-47bd-bba5-46bddb79509c,Kriswantobilal Bilal,1,2026-08-28T02:12:08.480Z,Autentikasi & Akun,Negatif,Negatif,0.874,untuk mendaftar aja susah apl jangan bikin susah
cb69f2e1-45a7-4c10-97fe-884fd7e02a46,Nang Pabuaran,5,2026-08-28T02:11:31.179Z,Kinerja & Server,Positif,Negatif,0.5909,minta di update tapi jadi tidak kompatsblr
3b8da4ba-a3b5-4732-ab68-1e3796d1c380,Warti Susanti,1,2026-08-28T02:08:30.148Z,Autentikasi & Akun; Antrean & Faskes,Negatif,Positif,0.5668,"selamat pagi,,,saya terkendala pas masuk ke mobile JKN dari kemaren gak bisa aj buat daftar di faskes 1, hari ini saya coba daftar lansung ke faskes 1 pake nomor antrian sementara dan itu juga belum tentu bisa di periksa dokter nya. minta solusi terbaik, agar aplikasi bisa digunakan kembali, makasih"
65c91082-6728-4f5b-aae3-6bb75776b637,Jesica Rara,1,2026-08-28T02:07:31.344Z,Kinerja & Server,Negatif,Negatif,0.7976,lola bgt
62612148-67d6-4536-8776-7509ddd13b64,Guntur Official,4,2026-08-28T02:00:30.306Z,Lainnya,Positif,Positif,0.5787,min saran min tambahkan check laboratorium nya min
0862d4c1-17d9-4b4b-9992-4e5aeec3afe3,Nadhifa Almahyra,1,2026-08-28T01:52:29.123Z,Lainnya,Negatif,Positif,0.6069,tidak dapat menginstal.
53020315-c8c6-46db-b83a-c97fc9181835,Ardiana Dwinur Nugraha,1,2026-08-28T01:46:33.166Z,Autentikasi & Akun,Negatif,Negatif,0.8984,Aplikasi rusak mau daftar baru gabisa bisa masukin no telp
5c2b1187-fc9c-4dfa-b2d7-9e14ed2a0c97,sutrisno edi,5,2026-08-28T01:42:10.625Z,Lainnya,Positif,Positif,0.943,mudah digunakan
75bce917-15de-49f6-a783-e1dd4f34f24f,Weni Arsi wibowo,1,2026-08-28T01:38:32.536Z,Autentikasi & Akun; Antrean & Faskes,Negatif,Negatif,0.9635,"kayak mana sih aplikasi ini bikin kesel, mau masuk muter terus gimana mau daftar berobat lewat jkn kalo gak bisa masuk, internet udah stabil tapi masih muter muter captcha nya haduhh, perbaiki dong aplikasi nya jangan buat kesel gini, bad banget!"
12aa3683-fc4e-4e99-9130-5e3da201917a,oryza nofasyah,5,2026-08-28T01:34:58.469Z,Lainnya,Positif,Positif,0.9889,ok
a512f7ac-a82f-4243-9768-db5f037268d5,nur atika,1,2026-08-28T01:30:43.969Z,Autentikasi & Akun,Negatif,Negatif,0.8717,"tolong di perbaiki, ini g jelas betul datanya, grus masuknya GANGGUAN TERUS G TERIMA KODE OTP, TOLONG DONG"
04393cc7-4cb3-4bf4-b530-ca79944bbf26,Sukma Hidayat,1,2026-08-28T01:30:04.225Z,Autentikasi & Akun,Negatif,Negatif,0.8678,"ini gimana mau login gak bisa ,kirim ke nomor untuk perivikasi malah tidk dapat di proses mulu ? udh ganti beberapa nomor ttp aja sama ,ini untuk mempermudah masyarakat apa buat nyusahin masyrakan yg mau daftar jkn ?"
48c5c509-17b2-4db2-b828-da953f49c29d,Vero Alvianus,1,2026-08-28T01:29:58.359Z,Autentikasi & Akun,Negatif,Negatif,0.9232,aplikasi tidak bisa verivikasi SMS malah gagal terus .. aplikasi macam apa ini tidak membantu yang sedang membutuhkan
6ba55c90-1d04-4963-a3b8-c0764d13c547,Saep Pudin,5,2026-08-28T01:22:26.659Z,Lainnya,Positif,Positif,0.9775,mantap👍
94c4a8a2-d5db-4444-9e02-4c7f01af369b,Sems Tindi,1,2026-08-28T01:08:56.945Z,Autentikasi & Akun,Negatif,Negatif,0.9665,aplikasi tololl daftar gabisa²
12ee2f94-f808-4a7a-b5ce-f1d1034d874e,Indra Wijaya,1,2026-08-28T01:00:12.647Z,Autentikasi & Akun; Antrean & Faskes,Negatif,Negatif,0.912,tidak bagus karna pelayanan kurang respon trus buat mau ambil antrian juga sangat ribet kadang gak terdaftar di mobile jkn padahal suda ada surat kontrol mohon di perbaiki kalo gak bisa mending di hps aja tidak ush pake apk klo masih blm bisa di perbaiki
cbae47bb-1c4e-4271-89e9-ec3f46e2acc3,Yadie Merem,1,2026-08-28T01:00:07.341Z,Lainnya,Negatif,Negatif,0.7933,malah tidak bisa di hp saya
6eb65f10-aac5-4bf4-b0db-4f1a0faa7f9e,Achmad wahyudi,1,2026-08-28T00:50:24.264Z,Autentikasi & Akun,Negatif,Negatif,0.9712,buat daftar saja susah .. log in ganti password apa lagi.. semua apk pemerintah gak ada yang bisa dipakek..
d121f109-8fe7-4f7e-9fd9-0a1fd542d046,Rena Mbem21,1,2026-08-28T00:46:29.549Z,Autentikasi & Akun,Negatif,Negatif,0.971,"kan mau daftar, masukin No Hp kenapa harus masukin kode dulu, udah gitu notifikasi nya lama lagi malah ga ada sama sekali tolong lah masa mau daftar aja harus ada kode verifikasi dulu pas masukin nomor handphone, padahal sinyal nya bagus."
a9859385-6454-4fef-aef6-b9d0562a8c80,Eliya,1,2026-08-28T00:39:39.300Z,Antrean & Faskes; Kinerja & Server,Negatif,Negatif,0.6792,memudahkan apa menyusahkan iya pake apk segala enak jg fitus gampang dn tnp kendala ini apa apa eror trs tbtb keluar sndiri gajelas
b227c998-9f41-427e-843b-e1dbbfae1263,umaryadi umaryadi,5,2026-08-28T00:38:11.699Z,Lainnya,Positif,Positif,0.9889,oke
e863d3b8-a796-4358-a5a7-c319dc248946,Ross Burke,1,2026-08-28T00:02:37.357Z,Lainnya,Negatif,Positif,0.5334,nggak sempurna
fd997a5d-9332-46d8-83ea-77d28a293b5e,pandhu fillardy,1,2026-08-28T00:02:07.762Z,Autentikasi & Akun; Kinerja & Server,Negatif,Negatif,0.9756,"eror terus pas daftar aneh, disuru isi nomor telefon pas verifikasi malah eror, diperbaiki lah"
e3fb1a64-f2ab-4e23-a4f9-76345bb85866,Mardiah,1,2026-08-27T23:53:54.519Z,Autentikasi & Akun,Negatif,Negatif,0.9931,"tidak bisa minta kode otp, APLIKASI BURUK"
8bb060fd-32ab-4c2a-bcba-848937f35683,No Valdo,1,2026-08-27T23:51:41.654Z,Autentikasi & Akun; Kinerja & Server,Negatif,Negatif,0.9809,aplikasi pemerintah GK guna udah 2 jam verifikasi nomor karena lupa password ditulis mohon maaf server sedang tidak bisa merespon
d2ec09bd-2515-4f8e-bfae-f660911ea90c,Habibah app,5,2026-08-27T23:44:54.497Z,Lainnya,Positif,Positif,0.9897,sangat membantu
e3a75213-cf29-43e2-9dfd-cc27d7a12319,sabrina situmeang,2,2026-08-27T23:40:32.161Z,Autentikasi & Akun,Negatif,Negatif,0.9556,"Lupa pass,pas dftr no hp & alamat email susahnya minta ampun,pdhl email & no hp tdk pernah ganti,tolong perbaiki layanannya"
f0f11469-34d0-4c89-b239-0f0b2f5bff7f,As Ngari,5,2026-08-27T23:38:35.930Z,Lainnya,Positif,Positif,0.9775,bagus
d3c1ab1c-2fc8-4930-9468-a437b9ec42fb,Tyo Shireen,5,2026-08-27T23:30:14.379Z,Lainnya,Positif,Positif,0.9889,ok
0325f726-9d2c-4eaa-bff3-9b195f623bfb,fredy youwe,5,2026-08-27T23:27:00.191Z,Lainnya,Positif,Positif,0.9897,sangat membantu
7bc65c5c-a4ac-4a75-9ae7-7275d344f971,Fitri Nurul Hikmah,1,2026-08-27T23:18:27.790Z,Lainnya,Negatif,Negatif,0.641,Nyawa kami ga seberharga itu ya Pak/Buk?
32beea5c-7514-44fb-b3ce-72b71c1a033a,FIKRI NURHAFIZ,1,2026-08-27T23:18:13.957Z,Autentikasi & Akun; Antrean & Faskes,Negatif,Negatif,0.8806,"aplikasi tersampah, minta kode otp aja belum dapat di proses terus, padahal pulsa banyakkk!!!"
a4f39116-5aa0-4a14-8d0f-c7a8ba7b1d10,qurrata ayunin,5,2026-08-27T23:01:52.613Z,Lainnya,Positif,Positif,0.895,sangat memudahkan administrasi
d714b7b1-0c51-4234-b47d-98330dafb60f,Alivia Ningtyas,5,2026-08-27T22:55:42.598Z,Lainnya,Positif,Positif,0.9775,aplikasi nya bagus
4192bf72-cf85-4047-a4fd-8c715241b1b2,Ogi Sing,1,2026-08-27T22:49:32.778Z,Lainnya,Negatif,Negatif,0.8545,"kode kompirmasiya g datang"" , masak iya angaranya di korupsi jugak?"
54cda84f-5d61-4b11-ada6-bca8617dfdcd,Alifa Callia,1,2026-08-27T22:23:07.610Z,Autentikasi & Akun; Iuran & Layanan,Negatif,Negatif,0.8577,"aplikasi berbayar, tapi daftar aja susah kaya mau ngambil gratisan"
f58ccc55-7335-43be-bf94-c599e5801707,Nurisnan _OS,1,2026-08-27T22:22:39.524Z,Autentikasi & Akun; Antrean & Faskes; Kinerja & Server,Negatif,Negatif,0.9763,"Anda mewajibkan online, tapi aplikasinya tidak siap, untuk verifikasi eror. Sudah dengan nomor hp, pulsa, paket data aktif tetap tidak bisa. Justru mempersulit bukan mempermudah."
c45af722-d4b7-441b-b50e-4a678084f37a,dodi s,5,2026-08-27T22:09:48.519Z,Lainnya,Positif,Positif,0.9779,bagus lengkap
ccc8fd44-6efa-4734-8a95-4d847f1fa4dc,Umar Taufiq,5,2026-08-27T20:26:31.490Z,Lainnya,Positif,Negatif,0.895,captcha nya gak muncul muncul kenapa ?
5b761dc5-a969-4183-b271-878780c558eb,Syafiqah Hanada,4,2026-08-27T18:44:38.374Z,Lainnya,Positif,Positif,0.9859,Terus Tingkatkan keamanan aplikasi ini juga dapat membantu bagi penggunanya terimakasih
420e37bb-f098-404e-b5ee-0b1a66a48bfd,Irwan Fauzi,1,2026-08-27T18:36:50.953Z,Antrean & Faskes,Negatif,Negatif,0.9029,"Apl untuk orang kalangan seperti saya mana bisa menggunakan apl ini,untuk instal/download aja GK bisa karena Hp saya tidak support untuk apl mobile JKN ini, jadi bukan mempermudah Rakyat malah mempersulit Rakyat Kecil, terus bagaimana kalau yg tidak memiliki Hp Apalah Dayaaaaaaaaa......!!!!!!!"
2fa361ab-0ef3-4c4d-aaa4-48c3a7564535,Sefty Nur,5,2026-08-27T18:36:43.257Z,Lainnya,Positif,Positif,0.9564,sangat baik
b91f8ae6-7177-43c7-831a-e29655a91970,Rasta Lica,1,2026-08-27T18:14:42.192Z,Lainnya,Negatif,Negatif,0.9342,makin ribet aja. gimana kalau ngg punya hp mau ngurus susah yg susah makin susah aja
73178005-88b9-44a4-b583-c0c3107716ba,Enes Paembonan,5,2026-08-27T17:41:05.434Z,Lainnya,Positif,Positif,0.9879,"bagiku aplikasi ini sangat bermutu segala yang tak dapat dijangkau bisa membantu lewat aplikasi ini ,dan semoga lebih baik lagi kedepannya dan dapat berkembang untuk kita yang membutuhkan🙏😇"
2532e692-c4f6-4d31-8039-dfe49e878e5b,directoralfa,1,2026-08-27T17:11:06.102Z,Autentikasi & Akun; Antrean & Faskes,Negatif,Negatif,0.987,"Ribet banget tiap daftar no. RM tidak boleh kosong, udah lapor cs RS nya suruh daftar lagi, tiap jam 00.00 selalu kehabisan, masalahnya tetep sama no. RM tidak boleh kosong. Itu staff RS nya kerja apa gak sih. Ini aplikasi juga sampah, masa sebelumnya gara-gara dibatalkan (dokter cuti) langsung keblokir dari sistem, nyusahin orang aja."
3d75d91b-a442-452e-b53b-66fcf8c14436,foreigners,1,2026-08-27T16:47:56.952Z,Lainnya,Negatif,Negatif,0.8408,busuk bgt aplikasinya klo jam 11 pdhl mo rehab krna dr siang ga sempet pegang nr bs jam 11
daf6d3b1-9d80-4c67-937f-c52fb3c180ee,Neneng Khaerunnisa,5,2026-08-27T16:26:17.485Z,Lainnya,Positif,Positif,0.9775,bagusss
9f2f35a3-2be4-4164-a7b5-4cb52b345469,Andi Wandi,5,2026-08-27T15:49:45.403Z,Lainnya,Positif,Positif,0.9791,sangat memuaskan
dc9ea0c7-512c-4b8e-9a4e-8bafc70dbbdc,Bastian Rio,1,2026-08-27T15:45:04.890Z,Autentikasi & Akun; Antrean & Faskes; Kinerja & Server,Negatif,Negatif,0.9901,"aplikasi busuk, ya kali udah daftar dapaet antrian trs dibatalin , dicoba ambil antrian baru data ngga ke save dr sistem, ditunggu 1x24 jam masih gagal trs. Blm lagi klo pas hari H mo checkin pasti eror, cape bener sama ini aplikasi. benerin deh tu sistem!!!"
66570100-f44b-4bf1-9bcc-e589fdbe6d01,Falah Rakhmatiana,5,2026-08-27T15:37:17.412Z,Lainnya,Positif,Positif,0.9883,Bermanfaat sekali mudah digunakan
8fdb7aee-89d1-41f8-93b5-a38d298b0ebe,Anggy AI,2,2026-08-27T15:12:26.620Z,Autentikasi & Akun; Kinerja & Server,Negatif,Negatif,0.8157,dikit dikit error dikit dikit relogin
2981142e-3fbb-4511-95ad-898403f9e5ae,Mimi icha,4,2026-08-27T14:34:07.705Z,Autentikasi & Akun; Kinerja & Server,Positif,Negatif,0.8915,"kadang suka eror aplikasinya pas mau daftar online , tolong di perbaiki"
4063f311-aeb5-4d2e-a57b-a2e6959b0bf7,Pray Akbar,5,2026-08-27T14:27:32.149Z,Antrean & Faskes; Iuran & Layanan,Positif,Positif,0.9889,3 anak ku lahir pake bpjs dan semua pelayanannya bagus alhamdulillah.. dokter elvira spog juga bagus rs hermina juga bagus.. top lah alhamdulillah sehat selalu kita semua yg hidup di bumi indonesia 😇🫡
6bccefc8-0cdd-43c8-a498-721473ed4f3b,Seli Indriani,5,2026-08-27T14:17:49.420Z,Kinerja & Server,Positif,Positif,0.8434,sekarang mudah digunakan meski juga ada loading atau error👍🏼
314955ae-2d98-47c8-865c-41f974181990,Ammar Damanik,5,2026-08-27T14:00:07.561Z,Lainnya,Positif,Positif,0.9889,ok
5f4e2dfc-614a-494b-8685-f6035e5067ea,Harry Ramadhan,1,2026-08-27T13:59:31.490Z,Lainnya,Negatif,Negatif,0.6746,minus bintang
3f95955f-56df-4f93-98fb-ea1d2fc56882,MFszn Succes,1,2026-08-27T13:40:32.624Z,Autentikasi & Akun,Negatif,Negatif,0.9446,"mengapa register saja sulit sekali? terutama pada bagian verifikasi nomor hp selalu muncul ""permintaan anda belum dapat diproses, silahkan coba beberapa saat lagi"". sudah dicoba berkali kali selalu keterangannya sama"
43cc7f83-628b-48ca-bd75-e64c977f3707,Rusmi Zaa,1,2026-08-27T13:29:04.917Z,Autentikasi & Akun,Negatif,Negatif,0.9788,"aplikasi nya jelek, untuk loging susah, mau verifikasi pun susah"
a4baa577-eb96-46b6-a0b6-032561139dd3,Fitrianto Dwi Purnomo,1,2026-08-27T13:16:31.117Z,Autentikasi & Akun,Negatif,Negatif,0.9888,"mau daftar aja sulit kali masukin nomor Otp ga masuk"""
373e23eb-5610-4490-b5b2-62804a176781,martia yha,1,2026-08-27T13:14:41.126Z,Lainnya,Negatif,Negatif,0.9172,gk guna setiap pencet logo setuju pasti kmbali lagi sendiri
126198b4-58e9-425d-b32b-8f8cbaccdce1,Etik Qomariyah16,5,2026-08-27T13:08:04.130Z,Lainnya,Positif,Positif,0.9686,sangan membantu
5876164e-1e0e-4f20-bc3c-8011b48b6bb2,Syarif Hidayatulloh,1,2026-08-27T13:02:30.698Z,Lainnya,Negatif,Negatif,0.9054,Gx tau kenapa kode captha ga bisa muncul selalu muter2 gx jelas
9e6faf60-c4a7-4915-9aae-4f2836baafa0,dian indra,1,2026-08-27T12:37:20.375Z,Autentikasi & Akun,Negatif,Negatif,0.8939,setiap mau dipakai selalu harus daftar ulang. sudah daftar masih harus menunggu utk daftar kembali. terlalu bnyk buang waktu. coba diperbaiki dulu ini apk utk pelayanan masyarakat.
31f4c6d8-a35a-48f3-bd3c-8fbb0a76f96c,Yunus putra,5,2026-08-27T12:32:50.294Z,Lainnya,Positif,Positif,0.6211,Proses agak lama
8bb5ee87-487c-4f6a-b50f-4daedfe21547,Pebri Sendiyansyah,5,2026-08-27T12:27:05.770Z,Lainnya,Positif,Positif,0.9749,sangat puas
67702691-306b-4197-95ff-cdfc06365ce7,Mirna Sari,1,2026-08-27T12:17:58.870Z,Autentikasi & Akun,Negatif,Negatif,0.981,aplikasi tolol verifikasi no tlp tk bisa
130e3099-b3c0-4635-baee-e974763d1dd3,Umi Rakhma,3,2026-08-27T12:16:54.109Z,Autentikasi & Akun,Negatif,Negatif,0.9497,mau daftar selalu gagal saat masukin nomor ini gimana
306a5e45-c850-47d1-bd80-60df56d4f70f,Pc Satui,1,2026-08-27T12:01:49.755Z,Lainnya,Negatif,Negatif,0.7761,aplikasi gila
5f61b504-1a87-4103-a85e-f80459512d55,angky lesmana,5,2026-08-27T11:58:54.198Z,Lainnya,Positif,Positif,0.9889,Ok
736a9a26-47ae-44c0-9684-f67cddc81ec1,Infinix Hot 11,1,2026-08-27T11:57:29.389Z,Autentikasi & Akun,Negatif,Negatif,0.9499,menyesnhsenggsengsarakan login susah
12331adb-df6f-45f8-8af2-25c12269e3f9,Dani Abdurahman,1,2026-08-27T11:44:37.641Z,Kinerja & Server,Negatif,Negatif,0.8452,eror Mulu mau benerin data juga
189b6f76-2ac5-4efc-82eb-67c304d58e87,Arda shabriawinata,1,2026-08-27T11:34:38.660Z,Autentikasi & Akun,Negatif,Negatif,0.5665,"verifikasinya susah, dulu gampang."
3efb1e2e-bc39-4bf2-9d63-082bd3e6d507,BORA ERLISNAWATY SIRAIT,5,2026-08-27T11:23:43.605Z,Lainnya,Positif,Positif,0.9539,memudahkan pelayanan kesehatan
deabb5eb-7221-4450-8a96-849d337e0099,yunifiar qushai,1,2026-08-27T11:11:42.576Z,Autentikasi & Akun; Antrean & Faskes,Negatif,Negatif,0.8196,saya daftar tanggal 22/08 baru dikonfirmasi nomer antrian 27/08 padahal mau periksa tanggal 22/08
e826bf64-368b-4e92-89ef-08fd406e27ce,Neng Arsinah (Arsy),1,2026-08-27T11:06:28.628Z,Antrean & Faskes; Kinerja & Server,Negatif,Negatif,0.8734,"makin hari makin error, mau booking antrian gak bisa-bisa"
b87197c1-556f-49ee-85ad-772296d934e7,Faradillah Akbar2011,1,2026-08-27T11:02:41.800Z,Autentikasi & Akun,Negatif,Negatif,0.8347,Ya Allah capek bangett ini verifikasinyaa💔 permudahkanlah hamba Ya Allah
19facf2a-f25f-4f7e-873f-f86ff6bb606c,anton Prabowo,5,2026-08-27T10:41:56.890Z,Antrean & Faskes,Positif,Positif,0.6286,sangat membantu sekali jika sakit langsung bisa Ambil antrian secara online
c8e25e4c-2595-4470-9ea0-f04904468e58,Anggah Irawan,5,2026-08-27T10:37:17.755Z,Lainnya,Positif,Positif,0.9897,sangat membantu
ce3b394a-eaff-4f2f-8e88-90cb184a94f3,Resti_Ifa 1204,5,2026-08-27T10:36:40.484Z,Lainnya,Positif,Positif,0.9591,"cepat&mudah, cukup dgn hp"
4dad586b-86c6-46d5-8dc9-5aae7f00a850,Choirun Nisa Alfiani Anwar,1,2026-08-27T10:26:09.525Z,Autentikasi & Akun,Negatif,Negatif,0.898,kenapa susah sekali daftarnya
d2357e11-881b-4540-a779-be4498a35118,Sasmita -,5,2026-08-27T10:24:51.190Z,Lainnya,Positif,Positif,0.9749,sangat puas
8e388620-2694-4bee-95b3-a67ef5c625eb,Nova fadliana Rahmawati,1,2026-08-27T10:19:18.795Z,Kinerja & Server; Iuran & Layanan,Negatif,Negatif,0.8136,INI GIMANA YAAA APLIKASNYA GABISA DIGUNAKAN EROR TERUS PADAHAL BPJS NYA MAU DIGUNAKAN TERUSS GUNANYA APA YA BAYAR TIAP BULAN TAPI GABISA DIGUNAKAN KAYA GINI. TOLONG DONG DIPERBAIKI
dc2892ee-8641-417c-8193-9d798696320f,Abdul Muid,5,2026-08-27T10:18:53.973Z,Lainnya,Positif,Positif,0.9749,puas
57a2a90e-bf8d-4ff5-95f5-f82c481a3e5d,Dwi yuda Pratama,5,2026-08-27T10:15:30.143Z,Lainnya,Positif,Positif,0.9781,sangat membantu sekali dalam pelayanan kesehatan
0c54a650-7908-4949-9dc8-2cc1aaca5bc0,Mar Phe la,5,2026-08-27T10:14:58.528Z,Antrean & Faskes,Positif,Positif,0.9289,"terimakasih jkn, sampai saat ini saya tidak mengalami kendala dalam penggunaan. semakin dimudahkan kalo berobat rajal maupun ranap."
0b4c25c4-8f0e-46b7-8767-2be57d1642f4,Arrofian Adi,1,2026-08-27T10:05:21.635Z,Lainnya,Negatif,Negatif,0.9655,tiba2 tdk bsa dbuka tidak kompatibel aplkasi buruk
d8407a65-6dd2-4709-bf89-e2fcc6b65cb6,Kodok Terbang,1,2026-08-27T10:02:48.725Z,Lainnya,Negatif,Negatif,0.9774,buat vertivikasi ..amat sangat susah...dari no hp sama wajah nya...buat orang emosi
1cb3a979-72e8-4174-9b28-9b7edf18097b,Hadi Widjaja,1,2026-08-27T10:02:11.225Z,Lainnya,Negatif,Negatif,0.7798,sebulan sekali sering loqout sendiri !! tidak rekomendasi !!!
b9beaf4f-5abb-4993-b0f0-682917c6620e,Melvia Annisa,4,2026-08-27T09:58:14.450Z,Autentikasi & Akun; Antrean & Faskes,Positif,Negatif,0.7061,"tolong dong ya, kalau udah login cukup 1x aja, kenapa gagal tersambung terus kalau ga login beberapa hari doang yg jadinya harus masukin sandi dan NIK lagi🤦🏻‍♀️🤦🏻‍♀️"
65774fd8-72ec-4437-b67e-bbae6f964400,SAMSUL USRIYANTO,5,2026-08-27T09:42:21.362Z,Lainnya,Positif,Positif,0.9969,ok. joss
0bba96da-1408-4999-83c4-400889882876,Indra Setiawan,5,2026-08-27T09:23:26.400Z,Lainnya,Positif,Positif,0.9775,mantap
67754c9a-b55f-4e5d-852e-89607c3481bb,Syamsiarni Arni,5,2026-08-27T09:21:30.298Z,Lainnya,Positif,Positif,0.9752,sangat bermanfaat
d749bf6e-9747-43a1-a996-37712e39fd75,Taufik Arifin,5,2026-08-27T09:14:30.554Z,Lainnya,Positif,Positif,0.6947,gratis
27fbe121-0e4e-48d1-8b48-1401d2418b77,Xenom Freaks,1,2026-08-27T09:12:03.847Z,Autentikasi & Akun,Negatif,Negatif,0.9019,gabisa login
a7a36334-e7cf-44de-9856-080b95c0f4be,Dadan Setiawan,5,2026-08-27T08:57:35.334Z,Lainnya,Positif,Positif,0.9775,good Kren
e754796c-7c0e-435c-8fac-8547d6295c9b,Donny Herry 009,4,2026-08-27T08:50:37.291Z,Lainnya,Positif,Positif,0.9889,ok
12289cef-60e6-4a56-b460-d4007e4cef73,Cucun Nurhasanah,5,2026-08-27T08:40:47.598Z,Lainnya,Positif,Positif,0.9775,bagus
555a6875-47ed-4f5b-9857-890d5703c84c,rachmad haryadi,5,2026-08-27T08:33:23.313Z,Lainnya,Positif,Positif,0.9775,mantap
6fc890c4-8f55-4d57-ab4e-d8dd9a921825,Jhon Pakaya,5,2026-08-27T08:23:05.617Z,Lainnya,Positif,Positif,0.9775,bagus
5d416b93-c592-4a1a-a785-4ef94ec2b3f1,Takperlutau,5,2026-08-27T08:19:24.408Z,Antrean & Faskes,Positif,Positif,0.6836,semoga tidak di persulit
aa1e68a9-028c-4371-aa74-1a7f60f739d0,Ade Nurul,5,2026-08-27T08:14:28.397Z,Lainnya,Positif,Positif,0.9775,bagus
64dd0488-6535-4e5e-9bab-065a1807efb2,Ninos Hariyadi,1,2026-08-27T08:13:01.688Z,Autentikasi & Akun; Kinerja & Server,Negatif,Negatif,0.9859,"OTP dari nomor HP error terus jadi ga bisa daftar, ujung ujung nya pasti disuruh kontak CS. Mau kontrol after dirawat harus pake JKN sedangkan mau bikin akun JKN aja sulit nya bukan main, bobrok banget emang aplikasi pemerintahan"
42b86f07-b0f1-40fd-a4f8-82a0ef3b4ede,Tika Tik,5,2026-08-27T07:51:34.219Z,Lainnya,Positif,Positif,0.9564,terbaik
458e8650-6ec2-4740-92e4-693464695098,R Caniago24,5,2026-08-27T07:30:07.568Z,Lainnya,Positif,Positif,0.9947,"cepat, makin rapih aplikasinya dan top"
fdd88235-2cb2-4cdd-80d4-a7862a6cd150,lukman hakim,5,2026-08-27T07:11:40.423Z,Lainnya,Positif,Positif,0.9775,mantap
370c5980-06cd-458c-8e32-d571ae59679d,Herlina Ikhwan,5,2026-08-27T06:54:40.823Z,Antrean & Faskes; Iuran & Layanan,Positif,Positif,0.9556,pelayanan BPJS di RS sekarang bagus merasa terbantu walaupun pakai BPJS kelas 3 tapi pelayanan bagus
5a48f687-26f0-4570-9ce2-f2a0bbf4dc39,aura,1,2026-08-27T06:42:43.515Z,Autentikasi & Akun; Iuran & Layanan,Negatif,Negatif,0.8936,"verifnya demi Allah menyusahkan orang yang minusnya lumayan tinggi, udah ga pake kacamata trus instruksi berubah-ubah ya mana keliatan tulisannya 😭 kalo ga ada orang yang bantu bakal susah banget. abis susah payah verif wajah ternyata sms verifnya ga masuk :)"
4afd7661-602a-4a92-9de8-4c73867992bc,Rizall,5,2026-08-27T06:40:49.980Z,Lainnya,Positif,Positif,0.9889,ok
f197fc5a-4f39-4e20-8ac0-76175e6d772c,Cahaya Sinta,1,2026-08-27T06:34:18.507Z,Lainnya,Negatif,Negatif,0.9293,aplikasi gak berguna hapus aja dari muka bumi
43f9cafe-cc8c-40ad-b8b5-5a183bacc3e4,Oppo A5s,1,2026-08-27T06:30:47.298Z,Lainnya,Negatif,Negatif,0.7061,di android 8 tidak bisa download lagu
df0a00c4-5a4c-4f7d-8131-a4997e64e894,Fita Fibriani,3,2026-08-27T06:25:09.900Z,Autentikasi & Akun; Antrean & Faskes; Iuran & Layanan,Positif,Negatif,0.9505,"Lansia 83 tahun gak punya HP harus punya Mobile JKN untuk daftar kontrol rutin ke RS, nyusahin aja sih, gak bisa pakai punya anaknya karena beda KK beda BPJSnya, ya kali gua mesti beli HP dulu supaya bisa daftar ke RS. pakai nomor baru udah buang duit 50ribu gak bisa juga verifikasi wajah, anjir daaah dikutuk jutaan manusia kagak berkah entar hidup lu"
31326ee6-9835-4520-b14b-2425b5097b21,Rhandy Arfansyah Arafat,5,2026-08-27T06:24:59.993Z,Lainnya,Positif,Positif,0.9775,"mantap,,,,,,, jos gandozzzzzz"
44f538a2-8513-450f-aed2-182dce3cf929,Sabrian Sofyan,1,2026-08-27T06:02:32.279Z,Lainnya,Negatif,Negatif,0.8826,app dongo nyusahin
5fc91b36-0366-4eae-b185-19ae0b27ab1a,Anam Anam,5,2026-08-27T05:59:26.383Z,Lainnya,Positif,Positif,0.9889,ok
74847de6-2580-4d98-8299-0bcfc36ac6b1,Ibu Rumini,1,2026-08-27T05:53:24.159Z,Kinerja & Server,Negatif,Negatif,0.9111,kirim kode lemottt
270dabe6-de34-43c8-80ce-a8b40b992109,Sriyuarsih Velik,1,2026-08-27T05:35:07.406Z,Autentikasi & Akun,Negatif,Negatif,0.7212,ribet aplikasinya harus menghadapkan kamera ke kiri kanan tp tidak ter verif
651f6e1e-8950-4e0a-8046-c4f2b9be1f10,Nur Jannah,1,2026-08-27T05:14:21.693Z,Kinerja & Server,Negatif,Positif,0.5362,informasi care center dan cabang bertolak belakang.
17ff1a69-d052-4e60-a8a0-f225732414ed,Afr Boy,5,2026-08-27T05:05:52.158Z,Lainnya,Positif,Positif,0.9925,"PUAS,SANGAT MEMBANTU."
e05c4e14-5572-421b-91ef-8c2f62a85a19,Stefanus Susanto,5,2026-08-27T05:01:35.308Z,Iuran & Layanan,Positif,Positif,0.9946,"aplikasi terbaik, Terima Kasih Mobile JKN karena mempermudah pengurusan BPJS Kesehatan sy"
4621cb5a-67ef-4670-ac04-e1619e92d57c,Rahma tari Rahma,5,2026-08-27T04:59:23.444Z,Lainnya,Positif,Positif,0.9897,sangat membantu
86c07386-fd35-40d9-aad3-3d70b56b8692,Rendy Novianto,1,2026-08-27T04:30:07.780Z,Autentikasi & Akun,Negatif,Negatif,0.9644,kok kode otp nya ga kekirim ke SMS?
e53686fb-c9ba-4d8a-a390-ac31957fd0e3,Mas Alimin,5,2026-08-27T04:27:28.140Z,Lainnya,Positif,Positif,0.9897,sangat membantu
0585ebdb-881a-49d7-9378-b408d3d32006,warda,5,2026-08-27T04:24:14.821Z,Lainnya,Positif,Positif,0.8769,Aksesnya mudah
06b9eba8-844a-4018-90e6-5fabf9888102,alraffari abudzar,5,2026-08-27T04:19:58.191Z,Lainnya,Positif,Positif,0.8222,bagus dan up to date
8dd18c4f-0b83-4dc2-a83d-4a2cbc4c967e,Bagas Agung,5,2026-08-27T04:11:01.210Z,Lainnya,Positif,Positif,0.9897,membantu sekali
dbdc444b-f4cf-405e-8b12-ff4c94e3ca04,Yenni Octora,5,2026-08-27T04:06:14.966Z,Lainnya,Positif,Positif,0.9897,sangat membantu
d4e6cc58-f13a-4ec8-8f0a-5e9e92c3711d,Maria Endah,5,2026-08-27T04:06:04.560Z,Kinerja & Server,Positif,Positif,0.841,panduan mudah dimengerti hanya saat penggunaan aplikasi sangat lambat/lemot ☺️
44aed4cd-9a15-40f5-ac8d-591b440c3978,Marselina Lina,5,2026-08-27T04:02:14.342Z,Lainnya,Positif,Positif,0.7043,Smoga tidak bermasalah lagi
5cf613fc-86ce-4b07-95ec-c6022c246dbc,Muhammad Prayoga,1,2026-08-27T03:59:00.255Z,Autentikasi & Akun,Negatif,Negatif,0.9754,"Minta Kode otp nomor telpon buat daftar masuk, masak iya harus nungguin 2jam"
42675b69-0063-4ee3-8865-aebf8b3451f4,Rizal Encang,5,2026-08-27T03:57:53.608Z,Lainnya,Positif,Positif,0.9835,cepat d bagus gak ribet sangat menuaskan
e45bbc5e-c75b-4f7d-897a-31f539251b6c,WAR`AS ENJOY,5,2026-08-27T03:48:54.198Z,Lainnya,Positif,Positif,0.9889,ok
81d67623-158c-4186-be39-fc385781ba2f,virgo sianturi,5,2026-08-27T03:46:06.859Z,Lainnya,Positif,Positif,0.9775,bagus
d43d0534-1b6b-4ed3-a8a7-f4481aa82acd,Komangariana Ariana,5,2026-08-27T03:28:39.145Z,Lainnya,Positif,Positif,0.9897,sangat membantu
76ab15a2-81a3-42a1-989a-1888401d6534,achmad rokim,5,2026-08-27T03:27:27.208Z,Iuran & Layanan,Positif,Positif,0.9885,sangat membantu sekali... mudah cepat dan efisien.. . cepat memproses aduan dari peserta BPJS kesehatan.
f912d3e0-453f-49d1-b247-e0c593b7c589,Bintang H,5,2026-08-27T03:27:12.155Z,Lainnya,Positif,Positif,0.9889,ok
69f782c0-127a-47a0-bf42-77e8234df92c,RIZAL RIYADI,5,2026-08-27T03:22:48.133Z,Lainnya,Positif,Positif,0.5334,cakep
316771a6-7d94-4e53-881f-da7a4d18252f,Adek Saputra,5,2026-08-27T03:17:06.885Z,Lainnya,Positif,Positif,0.9859,Terima kasih .. sangat memudahkan
f6bea1c2-c806-4d68-8e2c-7c45e17eb926,Imraata,5,2026-08-27T03:15:20.264Z,Lainnya,Positif,Positif,0.5334,ruar biasa
cf4bd848-e8c9-4e83-b1e8-50ccde45c291,Imron Rosadi,5,2026-08-27T03:05:07.869Z,Lainnya,Positif,Positif,0.9969,ok...bagus aplikasinya
25f6b8de-0e94-4c50-85c3-64853049c010,Muhammad Hasan,1,2026-08-27T02:55:16.970Z,Antrean & Faskes,Negatif,Negatif,0.9237,aplikasi aneh masa ambil antrean ga bisa bisa
802c6094-d649-4bdb-9c35-b71dc29efb1b,Darta,5,2026-08-27T02:55:01.147Z,Lainnya,Positif,Positif,0.992,bagus💯👍😁
44545603-e82c-42cc-bdc2-8ce6616524d3,Nani Wulandari,2,2026-08-27T02:53:33.958Z,Lainnya,Negatif,Negatif,0.7011,"sebenarnya mudah digunakan, tp skrg sudah tdk lg bisa digunakan di hp yg biasa saya pakai krn tdk kompatibel, pdhal OS HP jg tidak terlalu jadul, App lain msh bs jalan . lha kok malah mobil jkn ga bisa, inilah yg bikin jd sulit."
9a631a1b-6b5f-423a-87f6-ea524249dd97,Agus Purwanto,5,2026-08-27T02:44:10.765Z,Lainnya,Positif,Positif,0.9749,"mantap,sangat membatu sekali"
684cee2c-4559-4d20-af4b-93dc22b4fa10,Aku Ini siapa,1,2026-08-27T02:33:40.954Z,Autentikasi & Akun,Negatif,Negatif,0.9414,sulit verifikasi muka
b5d0d7b3-cc56-40a6-b074-f614e099fa8b,Pomi Ardiansyah,1,2026-08-27T02:29:50.330Z,Lainnya,Negatif,Negatif,0.8829,bobrok
adfeab4f-24c2-4fbb-9aaf-d8819edcc046,brina selvicki,5,2026-08-27T02:19:35.870Z,Lainnya,Positif,Positif,0.9807,sangat membantu dalam pelayanan
7bf2f291-ed8f-4e33-a542-3bcf392c5468,Kholi Fah,5,2026-08-27T02:17:29.891Z,Lainnya,Positif,Positif,0.963,pelayanan nya sangat baik
2a14e1f5-ca3f-496d-94ba-c18a1ebd85a6,Ronny Stevanus,5,2026-08-27T02:12:13.389Z,Lainnya,Positif,Positif,0.9897,sangat membantu
abe216bc-f16c-4be0-bdcf-fc6d953d8d50,Wawan Ajah,5,2026-08-27T02:11:43.982Z,Lainnya,Positif,Positif,0.9889,ok
75d03375-cc61-4e1f-99d5-4d97351166a7,Juli Anto,5,2026-08-27T02:07:58.957Z,Lainnya,Positif,Positif,0.9775,good aplikasi
06701d70-5666-4d03-8a34-ca02410ee435,Ajay Saputra,5,2026-08-27T02:05:13.410Z,Lainnya,Positif,Positif,0.9945,"baik , bagus membantu sekali program ini"
4a32e2e4-6147-4eb6-891b-9e855dba7697,Surya Juventini,5,2026-08-27T02:04:50.270Z,Autentikasi & Akun; Antrean & Faskes,Positif,Positif,0.9443,Sangat membantu mempermudah jika ingin periksa ke klinik atau rumah sakit 👍
86e4f6b3-e158-480b-956b-b0dbd01bb5ca,Rangga Setyo Adi,1,2026-08-27T02:03:43.600Z,Autentikasi & Akun; Kinerja & Server,Negatif,Negatif,0.9048,"aplikasi kalau server sedang lemot/eror suka logout sendiri, notifikasi nya ""anda sedang login di device yang lain"".. woyy aplikasi lu yang eror, malah nyalahin pengguna,??"
6392573c-ea09-429e-af41-7c8aa28bec4a,Rully Trisapta,5,2026-08-27T01:56:06.569Z,Lainnya,Positif,Positif,0.943,mudah di gunakan
25429a0a-9249-44a7-b5fc-32edcfb389df,Dino oktoberous,5,2026-08-27T01:54:34.130Z,Lainnya,Positif,Positif,0.9775,bagus
dd58047b-74fb-40f4-9c9b-ee7ef29e43f7,JeoparDNA,1,2026-08-27T01:52:57.192Z,Autentikasi & Akun; Antrean & Faskes; Kinerja & Server,Negatif,Negatif,0.9491,"Aplikasinya sih bagus ya, tapi kadang emang suka banget nguji kesabaran pengguna. Tiba-tiba logout sendiri, masalah koneksi jaringan padahal baik wifi maupun data seluler lancar dan bagus2 aja. Pas mau ambil nomor antrean juga ga bisa diproses, dan pas coba logout pun ditolak, akhirnya aku force close. Begitu mau login lagi, captchanya belasan kali salah, padahal udah masukin angkanya dengan benar. Duh, tolong banget ini dibenahi lagi. Aku butuh ambil nomor antrean hari ini, tapi ga bisa2 terus."
792261af-b9a0-49c3-83a3-66c31c4f226b,Dendi Rasjava,1,2026-08-27T01:52:41.841Z,Autentikasi & Akun,Negatif,Negatif,0.9303,aplikasi burik mau daftar aja kode otp gk bisa masuk2.
6076f688-ee2d-4789-aaf8-e2a5554750ca,Rennn,1,2026-08-27T01:51:44.942Z,Autentikasi & Akun; Kinerja & Server,Negatif,Negatif,0.7841,"WOYYY DARITADI MAU DAFTAR ANTRIAM ONLINE GAGAL MULU! LOADINGNYA LAMA BANGET, PADAHAL SINYAL WIFI BAGUS! TOLONG DI PERBAIKI!"
689ccef1-9f8b-43bb-9cf4-7743c5d0d0fb,yahya ghozali,1,2026-08-27T01:51:25.329Z,Lainnya,Negatif,Negatif,0.7991,"aplikasi sampah katanya membuat kemudahan dalam segala hal, eee tau nya ampas"
aae5052d-0f0d-4dd4-9388-5bf12dd3540e,Aocchi_,1,2026-08-27T01:47:29.257Z,Autentikasi & Akun; Antrean & Faskes; Kinerja & Server,Negatif,Negatif,0.9782,"aplikasi kalau belum siap luncur ya jangan di luncurkan, adek saya sudah 3 kali daftar offline untuk poli gigi dan selalu habis, akhirnya dicoba daftar secara online tapi ko malah gini. Padahal tadi daftar jam 7.10 tapi karena aplikasi terus lemot dan gagal terus akhirnya jam 8.40 baru bisa tapi antrian sudah habis. Adik saya sudah 1 bulan sakit gigi hingga bengkak parah dan berdarah tapi akhirnya tidak bisa ditangani karena aplikasi ini. Tolong di perbaiki!"
fe863d32-23e0-48a8-931f-ba63f4815132,Septian Reza,1,2026-08-27T01:44:51.995Z,Autentikasi & Akun; Antrean & Faskes,Negatif,Negatif,0.899,Di aplikasi utk daftar online tidak muncul nama dokter ...masihhhh aja bgini
625379d7-b8d0-4d5a-9853-765f592a1c0f,IKHSANUDIN NURULLOH,2,2026-08-27T01:44:42.787Z,Autentikasi & Akun; Kinerja & Server,Negatif,Negatif,0.9743,"mohon di perbaiki lagi kak punya sayaa sudah login tapi error mulu seperti tidak ada koneksi internet padahal jaringan sangat bagus dan paket internet pun masih banyak ,oh iyaa buat kalian yang ga muncul terus otp nya itu nomor hp nya harus di isi pulsa dulu . gimana ni punya sayaaa error mulu dah ribet banget apk nya ,mohon di perbaiki secepatnya!!!"
6a1d6851-a4df-4278-bbdf-cdfc6eef1473,Nanang Supriyo,1,2026-08-27T01:42:40.247Z,Autentikasi & Akun; Antrean & Faskes,Negatif,Negatif,0.6439,"Kamis 27 Agustus pagi ini kenapa JKN tidak bisa login, sedang kami sedang pengurusan pasien pulang, pihak admin RS hanya mengandalkan aplikasi pasien"
b5a3fb6b-55fd-4696-aa56-ef594a707b80,Banjar Eka Putra,1,2026-08-27T01:41:03.484Z,Autentikasi & Akun; Kinerja & Server; Iuran & Layanan,Negatif,Negatif,0.7224,"Sulit buat diakses daftar ataupun perubahan data, setelah diUpdate malah gabisa dipakek"
935d68d5-0473-4c98-b369-6d8fcd6d28ca,Intan Jannah,3,2026-08-27T01:39:12.368Z,Kinerja & Server,Positif,Negatif,0.7867,bug di benerin jangan dongo
adb183c3-72ee-40d0-ab31-6d5ab0fcf5f5,Indra Gunawan,1,2026-08-27T01:37:45.821Z,Antrean & Faskes,Negatif,Negatif,0.5793,"Ya ampun ini aplikasi, setiap mau digunakan offline terus,(padahal quota ada)akhirnya berobat mandiri, mohon diperbaiki lah, dan dipermudah"
a83db53f-627f-4688-9eb9-7e4717feeace,ryan n,1,2026-08-27T01:37:37.216Z,Autentikasi & Akun; Antrean & Faskes; Kinerja & Server,Negatif,Negatif,0.9602,"bukan nya mempermudah malah mempersulit dengan aplikasi yang selalu eror dan gangguan, dengan aplikasi yang belum siap seperti ini , kebayang daftar sama masuk aja susah gimana pasien darurat keburu mati dulua"
0c940e7c-e5c1-48a7-a312-1561c9f2548f,Drakerr,1,2026-08-27T01:36:13.941Z,Lainnya,Negatif,Negatif,0.9792,"aplikasi sampah , nyusahin org, dikit"" gangguan sampah emg"
1f885768-3c0c-486d-9d0e-95a05c46f121,Naellyn Yumikaze,1,2026-08-27T01:35:29.321Z,Autentikasi & Akun; Kinerja & Server,Negatif,Negatif,0.9084,"apasih ini aplikasi, gua daftar malah loading terus, tulisan error terus padahal sinyal bagus perbaiki lagi lahh, apalagi sekarang kalau mau periksa kemana mana harus daftar lewat aplikasi ini lagi!"
7236857a-bf4a-48df-a5e9-39b3f37929f5,yana maulana,5,2026-08-27T01:34:59.927Z,Lainnya,Positif,Positif,0.9928,Alhamdulillah sangat membantu
2272dd23-c24d-49f7-9ac9-aea92345ad82,Kukuh Iman Prabowo,2,2026-08-27T01:34:53.461Z,Lainnya,Negatif,Negatif,0.7314,"selalu gangguan terus, lama lagi gangguan nya"
fe7500b1-a263-4a42-9b3f-573d261d5ba4,Muhammad Aryodillah,1,2026-08-27T01:33:34.862Z,Kinerja & Server,Negatif,Negatif,0.738,aplikasi banyak bug ....ampasss
896f6f50-adf7-45e1-8447-34801c5b49f3,Naufal Dzaki Ibrahim,1,2026-08-27T01:33:14.264Z,Kinerja & Server,Negatif,Negatif,0.896,"aplikasinya ngelag terus dan berat, loading lama saya heran kenapa rating aplikasi ini tinggi"
0c4a1886-52c0-48c7-af47-4527de0d89a1,Teguh Varel,1,2026-08-27T01:32:42.366Z,Lainnya,Negatif,Negatif,0.5655,tolong perbaiki lagi layanan nya
660c4bcd-e94e-42f6-b3e1-73c5bea9905b,Slamet Winarto,1,2026-08-27T01:30:56.289Z,Antrean & Faskes,Negatif,Negatif,0.9147,apk tololll apa apa di persulitt!
96687108-3fcc-41d4-8d31-6c63cce37400,Cecep Permana,1,2026-08-27T01:30:49.459Z,Kinerja & Server,Negatif,Negatif,0.5775,"cukup loading, dan alasanya sinyal,"
13e0c81a-c03e-4939-b9b3-fea32b8321f8,Retno Hyuga123,1,2026-08-27T01:30:02.483Z,Lainnya,Negatif,Negatif,0.8086,kenapa tidak bisa didownload di semua handphone
a197ec18-842e-42f1-bca5-267df5c24e12,Hendi cuy,1,2026-08-27T01:28:20.327Z,Antrean & Faskes; Kinerja & Server,Negatif,Negatif,0.9462,aplikasi tolol sinyal wifi bagus. saat mau ambil antrian berobat eror Mulu ga guna
5f1d9eed-2c8c-45cf-bf39-ad6dd48b1684,Suka Nasi,1,2026-08-27T01:27:06.934Z,Autentikasi & Akun; Kinerja & Server,Negatif,Negatif,0.9584,"woy aplikasimu lemot parah gk bisa login, error mulu di HP biasa maupun di HP gaming sama aja. ini orang mau perawatan aja gk bisa bodo cepat perbaiki"
3a06f223-baab-4cc1-ba04-54fee3c83e07,danz suryadi,3,2026-08-27T01:27:01.240Z,Antrean & Faskes; Kinerja & Server,Negatif,Negatif,0.9417,"ini ada apa dengan aplikasi JKN, ko mau ambil antrian aja susah, selalu ada keterangan offline. apakah ada masalah di servernya ?"
8beaa7bf-4d9e-43f2-b485-243c8b9338ca,Imel Kristi Monita,1,2026-08-27T01:25:47.834Z,Autentikasi & Akun; Antrean & Faskes; Kinerja & Server,Negatif,Negatif,0.8666,"Aplikasi ga jelas. Mau daftar online aja susah banget. Koneksi ga ada lah, tidak dapat di proses lah, jadwal tidak tersedia lah, ngaco pokoknya"
d24bb124-7e5e-44c4-934d-7e31adef7f25,Bayu Ary Sandi,1,2026-08-27T01:25:34.386Z,Lainnya,Negatif,Negatif,0.9063,Bagusin aplikasi kau.. Susah orang mau buat Cek In Kontrol
9e9cd8b6-9116-4018-947c-c35818a5a7cc,qalmada Fam,2,2026-08-27T01:25:11.285Z,Autentikasi & Akun,Negatif,Negatif,0.9864,sering log out sendiri..menyulitkan di saat di buyuh kan dan otp di kirim ke no yg ada pulsa nya ..knp gak ke wa saja ..sekarang jarang yg isi pulsa
c4de9570-027d-4cbd-9909-1baba83edff7,ikhtarudin Mukhtar,1,2026-08-27T01:25:01.433Z,Lainnya,Negatif,Negatif,0.8623,"bahaya ni apk, giliran urgent mu di pake, malah gak bisa di akses"
e41a00f4-21e9-486d-9b59-9b47817b6832,Abon Kasef,1,2026-08-27T01:24:23.480Z,Lainnya,Negatif,Negatif,0.7633,aplikasi ladang cuan korupsi
210e973c-2a16-494b-8032-aec115d8735a,Mohammad Faisal,3,2026-08-27T01:24:03.907Z,Antrean & Faskes; Kinerja & Server,Negatif,Negatif,0.9695,selalu eror.. mau ambil antrian aja lemot banget. smpe ada notif internet offline lemot
576aca0c-3dec-4166-ba5d-a8fc9ef51df1,Plud Plom,1,2026-08-27T01:23:58.773Z,Autentikasi & Akun,Negatif,Negatif,0.9903,"kenapa layanan pemerintah kualitasnya selalu buruk, selalu kalah kalau dibanginin sm swasta. Aplikasi 1 aja ribet bngt, masa tiap masuk aplikasi harus login lg, mana loginnya susah mental terus"
44a28a98-07c7-4f34-8c65-5f46568ee96d,abdul rockman,1,2026-08-27T01:23:53.863Z,Lainnya,Negatif,Negatif,0.6571,Aplikasi nya Berat Banget
4a539a62-da3d-49d0-8b5c-6a3d98088643,Sherly Caren,3,2026-08-27T01:23:39.430Z,Kinerja & Server,Negatif,Negatif,0.7976,lemot
c5c6ef3a-157d-4f5c-a47c-64fc56a1a402,Ansavel Ansavel21,1,2026-08-27T01:23:27.834Z,Antrean & Faskes,Negatif,Negatif,0.8574,aplikasi kentut.. muter2 gak jelas.. disaat lg berebut nomor antrian..
c5c6b087-2335-48e2-ada5-05590bc7f735,Tetsu-Kun Channel,1,2026-08-27T01:22:20.143Z,Autentikasi & Akun,Negatif,Negatif,0.9415,"sering logout sendiri, ga bisa login. kedetek login di device lain padahal device 1. datanya lu jual belikan???"
649335a1-1241-4e14-a8e3-574e6f0b3a22,iwan setiawan,1,2026-08-27T01:22:18.243Z,Autentikasi & Akun; Kinerja & Server,Negatif,Negatif,0.9612,"aplikasi sampah, buat daftar saja capcha ndak kelar2 loading nya"
638a576f-2184-4cf5-bff3-954537e3df73,regdyx oppo,1,2026-08-27T01:20:56.382Z,Lainnya,Negatif,Negatif,0.957,aplikasi sampah. bisa bisanya 1 portal lewat aplikasi sampah ini..
0e24da7c-5ffc-4c08-8958-e63ba2192bc6,Heni Triana,1,2026-08-27T01:20:48.583Z,Autentikasi & Akun; Kinerja & Server,Negatif,Negatif,0.9441,tiba tiba keluar sendiri dan mau masuk nya eror terus
f5c357c4-6db8-4eb7-a318-3baa359de6bf,Shintya Octaviany,1,2026-08-27T01:20:27.491Z,Autentikasi & Akun; Antrean & Faskes; Kinerja & Server; Iuran & Layanan,Negatif,Negatif,0.8877,"Tolong di perbaiki lagi dong aplikasinya, saya mau ambil antrean tapi selalu aja gagal, bilangnya tanggal kontrolnya kadaluarsa. padahal di kartu cetak kontrol saya udah sesuai. Mau log-in lagi juga susah padahal jaringan bagus aja kuota juga masih ada."
a894bbf1-8178-45cf-bd25-0d5a6744f498,habibi hisyam,1,2026-08-27T01:20:15.773Z,Kinerja & Server,Negatif,Negatif,0.8492,"dulu lumayan bagus sistem ,skrg w jelek bgt lg error ya bintang 1 aja dulu"
1a8a689c-c3e1-4b5b-a2c3-02c681943d99,Rahmat Hidayat,1,2026-08-27T01:18:51.750Z,Autentikasi & Akun,Negatif,Negatif,0.9408,harus selalu login ulang
95904784-f67f-46b4-94be-fe813b86900c,Rohayati,4,2026-08-27T01:18:10.482Z,Autentikasi & Akun; Antrean & Faskes,Positif,Negatif,0.5405,"hari ini jkn lagi nggak bisa digunakan, mau daftar online nggak bisa, terpaksa antri manual lg. tolong diperbaiki, agar kami mudah"
3fc87e37-b50a-41a7-ad05-773b4353ba2d,Ayah Delino,1,2026-08-27T01:18:08.977Z,Autentikasi & Akun; Antrean & Faskes; Kinerja & Server,Negatif,Negatif,0.9458,"aplikasinya lelet gk bsa login , pelayanan jg buruk krna pernah di kasih infus kadaluarsa"
dc7b9fea-d990-4935-ad03-773e995c18ed,Warningsih ningsih,1,2026-08-27T01:17:52.547Z,Lainnya,Negatif,Negatif,0.7011,kenapa saat di butuhkan malah gangguan dan itu lama membuat pasien menumpuk dan menunggu
f41f81e0-ffed-4d39-ad4e-0a024bd8f6ff,IMRON NURHUDA,1,2026-08-27T01:17:50.751Z,Autentikasi & Akun; Antrean & Faskes,Negatif,Negatif,0.9287,gimana sih pembaruannya malah sering gagal daftar antrian
f97ab150-a56a-44c2-a56c-a95852108b11,Bani Ot,1,2026-08-27T01:17:30.726Z,Kinerja & Server,Negatif,Negatif,0.7605,"lelet, bikin aplikasi yang bener lah woi"
3bd08be6-aece-476c-a296-25689c4528ef,Risma Febrianti,1,2026-08-27T01:17:14.607Z,Antrean & Faskes,Negatif,Negatif,0.681,rujukan tidak bisa di buka
e7986a4a-1db2-4bf2-8ad1-b652a93328bd,arif kecil,1,2026-08-27T01:16:20.150Z,Kinerja & Server,Negatif,Negatif,0.9639,aplikasi ampas. kegagalan jaringan mulu
4217b0e6-934a-4935-b5f3-ee1fc50213bf,Syahrina Shofi Azzukhruf,3,2026-08-27T01:15:35.232Z,Antrean & Faskes; Kinerja & Server,Positif,Negatif,0.7788,"dulu Mudah banget.... suka pakek jkn,tp setelah di update jadi sering loading lamaaa dan sering muncul tulisan ""permintaan tidak dapat di proses"" padahal posisi lagi genting dan pihak RS sudah menyuruh untuk segera dan itu bisa terjadi 2 hari lebih, akhirnya harus batal pengobatan gara2 permintaan tidak dapat di proses, plis ya tolong di perbaiki lagi 🙏"
cd7faacd-19cd-45e9-9694-d9ec2479dfc0,Nur Hasanah,1,2026-08-27T01:07:24.913Z,Autentikasi & Akun,Negatif,Negatif,0.893,Muter muter aja mau daftar online hadeh udah 2hari ini
7ef88071-c4ce-4595-9087-baf55eb4695d,Singa Pura,1,2026-08-27T01:06:45.870Z,Autentikasi & Akun; Iuran & Layanan,Negatif,Negatif,0.9423,"sering gak bisa login ""silahkan coba lagi"" serumit inikah BPJS. #BPJSjugaBayarBukanGratis"
71405e6b-0bc0-4cc6-a957-ebf7e0465683,Maria Regina,1,2026-08-27T01:05:16.935Z,Kinerja & Server,Negatif,Negatif,0.8051,kenapa sering error ini mau periksa gagal mulu aplikasinya padahal sinyal bagus perbaikin tolong!!!
e7c1ef8b-2faa-4457-93ca-22766e5c9ce0,Joshi Situmorang,1,2026-08-27T01:04:41.332Z,Kinerja & Server,Negatif,Negatif,0.9372,Aplikasi sering down. Ngga guna.
756f0fc5-4c74-4c69-b399-d04628e4f89e,Muhammad Rizki ridha,1,2026-08-27T01:04:10.385Z,Autentikasi & Akun; Antrean & Faskes; Kinerja & Server; Iuran & Layanan,Negatif,Negatif,0.7679,"sering offline, kenapa gak bisa masuk antrian?? ini BPJS gak beli server yg bagus apa gimana?"
88eef42c-ca0c-44c8-b53f-ebe00e45b364,silfy hafidz,1,2026-08-27T01:03:15.923Z,Kinerja & Server,Negatif,Negatif,0.922,sering eror. seharusnya kalau pemeliharaan sistem itu tengah malam. bukan jam sibuk pas dibutuhkan
c95a927e-e8aa-4b58-b470-d16299268e92,Rangga Prawidya,1,2026-08-27T01:02:49.676Z,Autentikasi & Akun; Antrean & Faskes; Kinerja & Server,Negatif,Negatif,0.8576,"mau berobat susah padahal sudah login user email pasword dengan benar malah gak bisa berobat, jaringan bagus aneh jkn"
12394d80-eee1-48ff-8434-61c7671df454,Novita Waty,1,2026-08-27T01:02:09.637Z,Autentikasi & Akun; Antrean & Faskes; Kinerja & Server,Negatif,Negatif,0.931,"Hari ini tanggal 27 Agustus 2026, sdh datang pagi untuk antri registrasi. Pas udh. di buka antrian nya, aplikasi nya malah error (muter terus).Tolong aplikasi nya di betulin, spy ga kejadian kaya gini lagi. Karena banyak org sakit sdh antri dari subuh, tp malah terhambat gara² aplikasi nya error."
bb13affb-c392-4537-b955-8362ccd815c6,Chris Tian,2,2026-08-27T01:01:14.720Z,Antrean & Faskes,Negatif,Negatif,0.8943,"gak jelas, ambil antrian susah sekali, muter² gak jelas.."
567f29e8-0e08-432a-992f-d004613e7ab6,purwanto situr,5,2026-08-27T01:01:02.233Z,Antrean & Faskes,Positif,Positif,0.8913,"Terimakasih, , Sangat mudah di pantau, dimengerti dan di oprasikan mandiri dari rumah, , tp sangat disayangkan , aplikasinya belum maksimal di karenakan aplikasi sering susah di gunakan, susah mengambil antrian, terbaca baru OFFLINE, mohon dibperbaiki dari sisi aplikasinya, untuk pelayanan ok ok aja, TERIMAKASIH"
000034a6-f515-4795-ad32-33c4337bcfc5,Fachry Arrahman,1,2026-08-27T01:00:55.294Z,Autentikasi & Akun; Antrean & Faskes; Kinerja & Server,Negatif,Positif,0.6645,"udh di loginkan jaringan pun bagus tetap aja gabisa di buka ini jkn, gimana orng mau brobat kalau kaya gini"
253bc8d8-22a2-4ca9-88c0-297b2f81f9cb,Sinarhanjar Aminar,1,2026-08-27T01:00:35.235Z,Autentikasi & Akun; Antrean & Faskes; Kinerja & Server,Negatif,Negatif,0.7413,eror ketika ingin melakukan registrasi di RS
a783d78b-cbf1-4b0f-8848-d9243f3d2952,Mahesa Ramdani,1,2026-08-27T01:00:07.998Z,Iuran & Layanan,Negatif,Negatif,0.9686,"jkn tolol guna nya apa klau ujung"" susah buat di buka ujung"" nya bayar pribadi payah"
a29c025a-9651-4d3f-ad76-979aca914126,mnur ridho,1,2026-08-27T00:58:18.293Z,Autentikasi & Akun; Antrean & Faskes; Kinerja & Server,Negatif,Negatif,0.9555,"aplikasi sering eror,,mau daftar selalu eror,,sering offline aplikasinya,,buat susah orang kalo mau daftar ke faskes"
61ef5299-a4c9-47f5-8a0b-40ed0460d427,Ervina Maulana,1,2026-08-27T00:57:26.387Z,Antrean & Faskes,Negatif,Negatif,0.9174,"aplikask blom jadi kok udh di publikasi, nyusahin org mau berobat aja, apaan offline offline aneh kau bujang"
833bf12d-a7ce-434d-bc2b-fbae06d36060,viko aji,4,2026-08-27T00:56:40.722Z,Lainnya,Positif,Negatif,0.5992,sebebernya aplikasinya bagus tapi kalo lagi dibutuhin suka susah sinyal padahal ada sinyal
043007b0-c9d4-464f-bf5a-e02db6abb57d,Achmad Faiz Ulul Huda,1,2026-08-27T00:56:28.190Z,Kinerja & Server,Negatif,Negatif,0.7844,banyak bug bner napa
0ec54177-6231-4dcd-a073-610406f31a4b,Daus Saputra,2,2026-08-27T00:54:33.694Z,Kinerja & Server,Negatif,Negatif,0.8022,erorr lagi... lemah amat servernya
4407d142-49a4-4426-9c08-1cf68f57b59a,amsal bahtiar,4,2026-08-27T00:52:46.954Z,Kinerja & Server,Positif,Negatif,0.7745,aplikasinya loading terus ni kak admin
b66dab9b-4561-4872-a687-dea3fa9e133d,nuzurul aini,1,2026-08-27T00:51:04.568Z,Kinerja & Server,Negatif,Negatif,0.8495,min aplikasi erorr
c024db43-82ce-46f3-b5b5-759c9b658966,Indri Salon,2,2026-08-27T00:50:45.349Z,Autentikasi & Akun,Negatif,Negatif,0.8735,aplikasi kontil emang kok. masa mau login gak bisa . menyusahkan masyarakat bener ini
079e4816-7c50-47b1-be95-ea251cea6a30,Mama Riko,1,2026-08-27T00:50:17.760Z,Lainnya,Negatif,Negatif,0.7623,aplikasi apa ini cok gangguan mulu begini gimana sih
9a0f27cf-ea64-4c74-bb3c-ead50778a6a6,Desvira anggraini,1,2026-08-27T00:46:40.460Z,Kinerja & Server,Negatif,Negatif,0.9217,aplikasi tolol error terus klo lagi dibutuhin
d2a93595-4034-4198-8e87-f1a11b0dc698,ruhiirfani jindi,2,2026-08-27T00:46:26.700Z,Kinerja & Server,Negatif,Negatif,0.8495,BANYAK ERROR
af15d011-8813-40a7-9584-2615ff5a48d5,waluya jati123,1,2026-08-27T00:43:54.558Z,Autentikasi & Akun,Negatif,Negatif,0.8791,"ini kenapa aplikasinya sekarang ga bisa dipake dengan alasan tidak kompetibel dengan perangkat, bikin makin susah mau daftar, aplikasi aneh"
3ea637ba-45ad-40bd-9ef8-bb92ff896f73,Adi gortch,1,2026-08-27T00:43:49.144Z,Kinerja & Server,Negatif,Negatif,0.8495,sering error
bbb6dbf5-9338-41f2-a0ff-830a2be7a479,Almahyra salsabila,2,2026-08-27T00:43:23.155Z,Autentikasi & Akun,Negatif,Negatif,0.9359,"sering logout sendiri aplikasi nya, di saat mau login ga bisa, giliran sudah login malah logout sendiri"
0cfccc20-8036-4fff-b3e3-9fa1fb45852b,ami,3,2026-08-27T00:42:33.834Z,Kinerja & Server,Positif,Negatif,0.7976,lag
3fc44100-3cbe-4272-81a5-e172f1b21896,ACUT21 OFFICIAL,2,2026-08-27T00:41:10.747Z,Antrean & Faskes,Negatif,Negatif,0.8895,Saya mau ambil antrean tapi Offline terus
8a805291-8917-41db-ac3e-09b7e238e2a6,Alya Kujou,1,2026-08-27T00:38:31.973Z,Autentikasi & Akun,Negatif,Negatif,0.9913,"kesalahan digit nik padahal udah benar , udah lama gak buka aplikasi tiba tiba ke log out sendiri ,buruk sekali padahal hp juga spek diatas rata rata , cape saya sudah berulang login kesalahan nik terus damn"
eb3403e8-74b0-4b3d-ae37-aad6ab5e23a7,Aldi Ade Budiman,1,2026-08-27T00:38:05.222Z,Antrean & Faskes; Kinerja & Server,Negatif,Negatif,0.7013,jaringan lancar ga ada kendala tapi mau ambil antrian secara mobile malah loading terus
2722b86f-ffd4-494c-bd49-5fe1a8da0b77,Aldi Rahmad,5,2026-08-27T00:37:53.658Z,Lainnya,Positif,Positif,0.9775,mantap
f505fa90-466f-49f5-b266-21ac989a37c7,Zul Zulkipli,1,2026-08-27T00:37:42.514Z,Kinerja & Server,Negatif,Negatif,0.8468,eror muluu
486677f6-35cf-4619-a563-81f4ab73e7f8,aulia maharani,1,2026-08-27T00:32:04.756Z,Autentikasi & Akun; Antrean & Faskes,Negatif,Negatif,0.8518,"aplikasi sampah,, Mau log in ga bs terus, belum dapat di proses terus,,, Mau berobat gimana coba, Saran jkn hire IT handal deh anak anak gen millennial gen Z sekarang Pinter Pinter loh,,, perbaiki deh"
64828262-ebaa-4d8b-935f-954417b94729,Yanera Rizki Putri,4,2026-08-27T00:31:39.680Z,Autentikasi & Akun,Positif,Negatif,0.7541,buat buru2 tapi ga bisa masuk2 terus
2ac90973-d373-4695-a295-7c06fd2d479e,ahmad yuska,2,2026-08-27T00:28:00.560Z,Autentikasi & Akun; Kinerja & Server,Negatif,Negatif,0.9053,aikasi sering error saat butuh buat daftar status offline terus
08283288-4a6f-41e1-ab4f-2f25b2a4f238,Emi khairiyah,4,2026-08-27T00:26:24.801Z,Kinerja & Server,Positif,Positif,0.6033,developer kenapa ya apnya tidak bisa di buka? padahal jaringan saya baik baik saja
cb711be0-8569-4403-ab2b-b91c45b70af0,Sri Waryana,5,2026-08-27T00:25:13.447Z,Lainnya,Positif,Positif,0.8541,menyenangkan membantu aktifitas sehari hari
3ecafd46-e88d-4e04-ac16-c7ddde2f3fe6,Ahmad Firdaus,1,2026-08-27T00:22:15.978Z,Antrean & Faskes,Negatif,Negatif,0.9558,"Busuk banget mau ambil antrian keterangan dokter tidak ada jadwal Mulu, di sini ada dokter 5 masa semuanya kaga ada jadwal mulu"
c234893b-e1b8-4da5-ab49-e3f7889fa6d3,Reyhan Maulana,5,2026-08-27T00:20:39.513Z,Lainnya,Positif,Positif,0.9775,good aplikasi
e0434ec6-544a-4211-afbd-9f46035440b9,Ayo ngaji,1,2026-08-27T00:05:29.532Z,Autentikasi & Akun,Negatif,Negatif,0.9571,"NIK SAYA TELAH DISALAH GUNAKAN OLEH ORANG LAIN UNTUK MENDAFTAR DI JKN MOBILE TANPA SEPENGETAHUAN SAYA. SAYA TIDAK BISA MENGGUNAKAN NIK SAYA SENDIRI UNTUK MENDAFTAR, INI PELANGGARAN."
c9596322-ee78-4f9e-b7fa-3e0e4640e8fe,Putri nida Nurulaini,4,2026-08-26T23:29:32.639Z,Lainnya,Positif,Positif,0.9874,bagus dapat mempermudah
55357f31-133e-4363-be4e-ec031189de4f,NgErOnGrONg,1,2026-08-26T23:28:04.130Z,Autentikasi & Akun; Antrean & Faskes,Negatif,Negatif,0.6941,kenapa saya daftar onlen jam 6:00 pagi berobat d puskesmas adyasa desa cikuya.kec solear kab tanggerang banten gak bisa padahal hari kamis tdk tgl merah
3e5d117d-6b26-49fa-bf93-f9c06f692380,Dian Panca,2,2026-08-26T22:02:13.802Z,Lainnya,Negatif,Negatif,0.8888,kenapa sulit bukanya?
3c2b02d8-c3c2-4f78-b88f-bd759e3eb0d7,anime indo,1,2026-08-26T21:55:54.185Z,Autentikasi & Akun,Negatif,Negatif,0.899,"g bisa berkata"" aku. login aja susahnya amit"""
6779da89-b106-428f-a96e-4e8c91627563,Pancratio Balun,5,2026-08-26T20:13:19.171Z,Lainnya,Positif,Positif,0.9765,sekarang aplikasi mobil JKN sudah semakin mudah digunakan👌🏻
bec29422-ca69-4ae3-b503-b3656113192a,yani barus,1,2026-08-26T20:13:14.697Z,Lainnya,Negatif,Negatif,0.9622,aplikasi payah
d89b6960-38a7-47f5-b03f-37c9c75cf1b3,Vita Nurhasanah,1,2026-08-26T20:03:18.963Z,Lainnya,Negatif,Negatif,0.7547,capta cuma muter muter doang udah bbrp hari.
f3a88546-5bf6-4a09-9205-8bcf98ef8ea2,Olo Leho,5,2026-08-26T19:49:27.950Z,Autentikasi & Akun,Positif,Positif,0.9758,sangat membantu untuk pendaftaran lebih cepat
7b13cfe5-dfbb-44eb-aecd-6ec80e99e38e,Aksa Diswa,1,2026-08-26T19:25:48.991Z,Lainnya,Negatif,Negatif,0.8486,vermuk tidak jelas tolol kamera miring
89b97be0-0a06-47df-a01a-4148f4f79111,junyta anggini,1,2026-08-26T17:53:57.164Z,Autentikasi & Akun; Antrean & Faskes,Negatif,Negatif,0.9944,"tolong diperbaiki setiap mau dipake sehari sblm kontrol suka tiba tiba keluar dari apk nya, harus login ulang, giliran login pw sm nik salah, nyusahin jujur, mana kepepet waktu kontrol, hrs ngurus ini it, pw sm nik salah padahal udah bener sampe di screenshot ttep aja salah pas di loginin ulang"
9a27c97e-41e9-4c38-88cc-ae52253ca6b7,Fariz Ghaizan,1,2026-08-26T17:15:39.977Z,Autentikasi & Akun; Kinerja & Server,Negatif,Negatif,0.9595,apk eror gak bisa login
209c0daf-72a9-4cbc-a529-b35db6222e7c,Muhammad Kristanto,1,2026-08-26T16:27:46.553Z,Lainnya,Negatif,Negatif,0.9291,Verivikasi wajah susahnya ke
0b8e1c8d-9d15-4ec2-923e-688bf049265e,Hamdani Herdiana,5,2026-08-26T16:17:56.603Z,Autentikasi & Akun; Antrean & Faskes,Positif,Positif,0.8898,mobile JKN memudahkan mendaftar ke faskes
46587b8b-2801-41dd-bf01-1490c29c29d1,Luthfiana Widiya,1,2026-08-26T16:13:23.824Z,Autentikasi & Akun,Negatif,Negatif,0.7658,sumpahh ngak jelas bgt tiba2 ngak bisa di akses dan masukkk..
1cd39e41-10af-41a1-9544-ece138aaf2b4,Umar Baroar Nasution,2,2026-08-26T16:00:26.522Z,Antrean & Faskes,Negatif,Negatif,0.6735,"Selalu tidak sesuai realita antara waktu tunggu di JKN dengan di Faskes 1. Gap waktu terlalu lama untk dipanggil. periksa jam 21.00, baru dipanggil jam 22 dan ambil obat sampai 23.00."
3be58dfa-b98b-45bf-a1ac-381472fde7ba,Noviana Sandra,5,2026-08-26T15:55:47.625Z,Lainnya,Positif,Positif,0.9775,Bagus
ccde3135-adab-45d1-9239-b0386bc74e96,Mbah Kakung,1,2026-08-26T15:49:52.171Z,Autentikasi & Akun; Antrean & Faskes; Iuran & Layanan,Negatif,Negatif,0.9672,"minimal andorid harus berapa? andoid 8 , 9 gak di dukung. kasian kalau orang tua2 yang hpnya masih andorid versi di bawah 10. download di luar playstore bisa , tapi ya ribet sedangkan daftar via web tidak bisa daftar lewat aplikasi OTP gak masuk2. sampai ganti nomer ya sama ganti anggota keluarga di KK sama saja. tidak ada pilihan lain misal OTP lewat WA jam daftar nya jam berapa biar mudah ? sudah beberapa hari berulang gagal terus datang ke kantor, suruh ganti hp wkwkw."
c37b19ca-86f4-488d-bf97-6cdd4ddfba19,somplak123 pepeng,4,2026-08-26T15:31:28.190Z,Lainnya,Positif,Positif,0.9775,bagus
c6073516-9894-4c00-8c59-35c8918be5ca,Windi Sastia,1,2026-08-26T15:09:09.384Z,Lainnya,Negatif,Negatif,0.9882,jelek
a425711d-7a6c-4f13-a5a3-3578e98779c6,Atikahoki House,5,2026-08-26T14:45:55.423Z,Lainnya,Positif,Positif,0.943,mudah di gunakan
8282fcc3-0f6c-402d-a5af-f902eb320fda,Hardie One,1,2026-08-26T14:45:21.483Z,Kinerja & Server,Negatif,Negatif,0.8351,Android 7.1.1 tidak dapat update.
044414d1-a729-42c7-bb74-3b782e6663f2,dicki april,5,2026-08-26T14:12:15.700Z,Lainnya,Positif,Positif,0.9897,sangat membantu
85465d7c-645d-4a52-a613-10f5e1f49606,winddy,1,2026-08-26T14:08:36.490Z,Autentikasi & Akun; Antrean & Faskes,Negatif,Negatif,0.921,"apk apaan ini bukannya mempermudah malah dipersulit mau daftar juga,udah gausah download ni apk kesel gw"
69c96949-02d0-49c6-9b66-33eac72ff97b,M. Afriza Sheva Maulana,1,2026-08-26T14:00:11.860Z,Autentikasi & Akun,Negatif,Negatif,0.9817,"aplikasi tolol kirim kode lewat sms ga masuk"", vermuk juga gagal terus tolol, sinyal bagus kamera hp bagus ttp aja apk idiot, klo belum siap rilis gausah rilis lah nyusahin org periksa aja"
23029b53-6bd1-4a2f-acde-ba2d8368f73f,Beti Doro,5,2026-08-26T13:56:58.169Z,Lainnya,Positif,Positif,0.9892,sangat membantu dan mempermudah
139026e9-574b-4c56-a754-bcf6329af3e0,Arie Hermanto,5,2026-08-26T13:42:49.184Z,Lainnya,Positif,Positif,0.9897,sangat membantu
245f877c-d99b-46da-8301-75a01eaa4692,Hermawan Lapri,2,2026-08-26T13:42:25.300Z,Kinerja & Server,Negatif,Negatif,0.8666,"niat hati mau update appnya, tp muncul aplikasi tidak kompatibel dengan perangkat anda.😏"
c2b7e70c-1c2a-4150-a41e-461c4752f86d,ROSYID PRO,5,2026-08-26T13:41:23.276Z,Lainnya,Positif,Positif,0.9775,bagus
6659a520-cb24-4138-92b9-941f8f90d19e,Irfan Zulkarnain,5,2026-08-26T13:32:41.824Z,Lainnya,Positif,Positif,0.8849,rekomendasi
e3c32f12-e4f4-48a9-9764-5ec793fe0f6c,Mul Yati,1,2026-08-26T13:27:43.185Z,Kinerja & Server,Negatif,Negatif,0.5881,bagaimana cara update mobile jkn diplustore sedangkan diperangkat hp tidak bisa gimana solusinya tolong bantuannya aplikasi ngk bisa digunakan
4d26f41d-3f8f-4798-9951-5ce52bc9a66c,ocid ocied,5,2026-08-26T13:26:49.725Z,Lainnya,Positif,Positif,0.9897,sangat membantu
6b1b8dd0-dda7-44c3-bba2-9a85bd04f933,DAIN ANJAYATI,4,2026-08-26T13:24:11.141Z,Lainnya,Positif,Negatif,0.6695,aplikasi saya bermasalah
bbf1bf73-4c70-4b40-b3d4-221eeac3caa8,bahrul suarez,1,2026-08-26T13:21:13.107Z,Autentikasi & Akun; Kinerja & Server,Negatif,Negatif,0.9772,"apk gak mutu dan gak berguna blas... selalu error, udah login masukan nik, password dan chapca sudah benar eh.... muncul tulisan nik/ passwordnya salah ealah... yo wes lah... seng penting kau senang lah."
601ed492-0d5b-4997-92af-c6d523a4ad44,Siswanto MHum,5,2026-08-26T13:14:13.706Z,Lainnya,Positif,Positif,0.9564,baik
cfdcbe87-7e11-406d-876a-636f5780f702,Rahmad Very Hadi Kusuma,5,2026-08-26T13:13:33.342Z,Autentikasi & Akun; Antrean & Faskes; Iuran & Layanan,Positif,Negatif,0.6482,"Aplikasi udah bagus, tapi saat proses pindah faskes ada proses selfie, aplikasinya malah miror, aku noleh kanan di HP noleh kiri (arah sebaliknya), agak sepeleh ini tp jdi jelek aja aplikasinya kamera kok malah miror"
b750ae11-a299-4ef6-955c-275c76aef241,your crush,1,2026-08-26T13:12:45.359Z,Autentikasi & Akun,Negatif,Negatif,0.9239,apaan sih ribet banget cuma buat daftar doang
f207879c-2e36-42fd-a618-dcf99b57eb21,My Tv,5,2026-08-26T12:59:22.224Z,Lainnya,Positif,Positif,0.9897,sangat rekomended dan membantu sekali
80d48220-9af8-4fee-97ec-ddd922a902b0,neo rizqy,1,2026-08-26T12:47:40.240Z,Autentikasi & Akun; Antrean & Faskes,Negatif,Negatif,0.9634,"SAYA CUMA MAU DAFTARKAN KAKEK SAYA, SUMPAH RIBET BGT VERIF WAJAHNYA MANA MIRROR, SUMPAH MEMPERSULIT."
27f85381-92d5-4c5a-8f61-4612e3b9d276,Yuki Yunaedy,5,2026-08-26T12:31:25.224Z,Lainnya,Positif,Positif,0.6603,sejauh ini masih lancar.
6c79950b-9647-4d75-8dcb-b065567e99ef,Char Men,4,2026-08-26T12:28:22.213Z,Lainnya,Positif,Positif,0.9775,mantap
1347b015-299b-4572-a8b1-eb69f9b62b28,Burhan Sani,5,2026-08-26T12:11:50.214Z,Lainnya,Positif,Negatif,0.5959,semoa sehat2 ya
3fe4a26f-4699-4980-a9bc-c47410f9f827,Suryaaa,1,2026-08-26T11:56:02.661Z,Autentikasi & Akun,Negatif,Negatif,0.9867,"buat daftar aja susah banget verifikasi wajah aja aku coba berkali-kali ga bisa-bisa, udah bisa verifikasi wajah ngirim kode ga bisa-bisa mana kalau kembali ulang lagi trus aja gitu berkali-kali"
7b74e8c4-d6a3-4f6a-b606-5b82d1b2dfda,Linea Syahputri,4,2026-08-26T11:50:51.473Z,Lainnya,Positif,Negatif,0.5457,ga bisa di donlod di hv saya
c5813187-9335-40bc-aae2-cdd82bd7b0a1,MOCH ILYAS,5,2026-08-26T11:48:13.739Z,Lainnya,Positif,Positif,0.9775,bagus
3960e067-bd79-4894-91e1-0bf16d126521,Muhammad Rofiq,5,2026-08-26T11:40:46.827Z,Lainnya,Positif,Positif,0.9688,Luar biasa
4ddd37b9-50a7-4784-8217-b7971c32e60d,Trio Efendi,5,2026-08-26T11:19:57.140Z,Lainnya,Positif,Positif,0.9775,jos
1cd5541a-f66f-422b-8c6d-d9bf5ae38a9c,Dwita Febriani,5,2026-08-26T11:02:20.464Z,Lainnya,Positif,Positif,0.9897,sangat membantu
19fb9362-e4eb-443f-91d2-579afddc33fb,Firman Supriyatna,5,2026-08-26T10:59:12.147Z,Lainnya,Positif,Positif,0.9889,ok
d0a4a351-08d6-4757-a546-72bb8a28fb50,Ayep Sutrisna,5,2026-08-26T10:58:02.552Z,Lainnya,Positif,Positif,0.8224,bravo aplikasi jkn
e07bc1af-a1b5-469a-8428-e860e8d3ff06,Ma'ruf,4,2026-08-26T10:52:20.243Z,Lainnya,Positif,Positif,0.99,baik dan bagus
55d6a3d5-544a-47c2-bc4d-34a794989fbe,Yoga Saputra,4,2026-08-26T10:47:21.332Z,Lainnya,Positif,Positif,0.9157,alhamdulillah aman
ad77d403-43a0-4cf2-8e30-53239fa55861,tukang bongkar,1,2026-08-26T10:45:24.410Z,Lainnya,Negatif,Negatif,0.9003,aplikasi aneh harus pilih pilih hp kan ini apk untuk kesehatan knpa harus butuh standar compatibel hp yg lebih tinggi sedangkan rakyat menengah ke bawah tidak punya hp yg bagus hp nya yg biasa biasa aja tolong perbaiki apk nya agar bisa d instal d semua jenis perangakat tidak pilih pilih perangkat dan tidak menyusahkan.
b2334b71-6702-4786-a981-7078df72b245,Ario PPerdana,5,2026-08-26T10:45:24.167Z,Autentikasi & Akun; Antrean & Faskes,Positif,Positif,0.9217,Memudahkan dalam proses pendaftarn difaskes.
d76eded0-f48d-4618-96ab-5fb720d34c82,Anindia Pelana,5,2026-08-26T10:38:28.143Z,Lainnya,Positif,Positif,0.9775,good
bc8444db-b440-4b5e-9420-ea481f794d09,Pikri Yana,5,2026-08-26T10:34:13.122Z,Lainnya,Positif,Positif,0.9907,sangat membantu dan sangat baik
e4a526f3-cc08-43df-a3ba-424d3b3b0138,Shohib Khuzza,3,2026-08-26T10:31:36.871Z,Kinerja & Server,Negatif,Negatif,0.8495,kok sering error sekarang
57fbbcd0-0fdf-4823-8b8a-3e47285404aa,Admin Csm002,5,2026-08-26T10:30:54.110Z,Lainnya,Positif,Positif,0.9775,baguss
7cb5e747-b566-4091-85d3-1334c10c9bf8,Afda Rukawa,5,2026-08-26T10:25:00.860Z,Lainnya,Positif,Positif,0.9939,cepat mudah bagus terpercaya
e301c876-60ca-4600-9bc9-584eb28cf758,bayu arum raharja,5,2026-08-26T10:24:36.308Z,Lainnya,Positif,Positif,0.959,mantab
9341dd28-1170-4501-896b-6d8b5ffe9e32,Raden Didik,5,2026-08-26T10:23:01.781Z,Lainnya,Positif,Positif,0.9897,sangat membantu
da7df189-a6ce-4cb0-a65c-b63a28277915,Rahman Tea,5,2026-08-26T10:22:42.892Z,Lainnya,Positif,Positif,0.9941,sangat membantu makasih jkn
93541bcd-357d-448a-9abc-405a057d2862,Yusca Eunike Stefanie,5,2026-08-26T10:19:47.590Z,Lainnya,Positif,Positif,0.8224,helpfull tq
bee9b542-0540-4707-88d1-910fc410b4b1,Perdi BKL,5,2026-08-26T10:18:20.507Z,Lainnya,Positif,Positif,0.9883,mudah digunakan dan bermanfaat
9f800783-363a-4531-abc7-fc6f3197893f,Nurdin Arlanniri,5,2026-08-26T10:12:06.739Z,Lainnya,Positif,Positif,0.9775,sangat bagus
846827b8-c83f-4f5f-9323-d30d941175c7,Jamiyatul Rizdwan,5,2026-08-26T10:04:53.816Z,Kinerja & Server,Positif,Negatif,0.5909,banyak update
6531c7fc-bd6f-4159-a19c-e50261e4a583,Darman Chelsea,5,2026-08-26T09:32:27.576Z,Lainnya,Positif,Positif,0.9774,lebih cepat dan simpel
90b402f2-ebda-41e6-a8f8-4a6e964e2de6,Acep Wahyudin,5,2026-08-26T09:18:49.822Z,Iuran & Layanan,Positif,Positif,0.9548,"bagus ,,ubah paskes mudah"
396ffa78-7e7b-440d-91ca-b4a4e51db066,Anton Wiratno,1,2026-08-26T09:16:21.221Z,Autentikasi & Akun,Negatif,Negatif,0.9972,"susah login,diperangkat sudah terdaftar 3 NIK 👎"
e9f35614-b96d-49e8-8e1c-96227950a1d8,SAIFUL AE,3,2026-08-26T09:10:38.862Z,Antrean & Faskes; Iuran & Layanan,Positif,Negatif,0.8473,makin hari versi makin tinggi kasian hp yang agak lama tidak bisa instal lagi nanti kalo gak pake jkn berbayar trus gimana??
cf13dc71-4364-4fd0-b770-de32f281e830,Dinda Permata Sari,3,2026-08-26T09:06:52.454Z,Autentikasi & Akun,Negatif,Negatif,0.964,Awalnya daftarnya biasa saja sekarang sulit buat daftar apalagi saat bagian masukkan nomor hp buat dapat kode verifikasi kode nya gak datang²
994e86ea-52a4-4da2-89d5-73741e4d3c19,Farhan Sungkar,5,2026-08-26T08:36:32.858Z,Lainnya,Positif,Positif,0.9775,keren
b066cc9a-d852-45de-8974-356b129fa6d0,Deni Setio arko,1,2026-08-26T08:25:36.691Z,Autentikasi & Akun; Kinerja & Server,Negatif,Negatif,0.9373,"mau daftar malah ada fitur scan wajah, lemot coba lagi terus, ngga banget"
a9b98748-bf51-461e-8581-c59c42edd8bf,misbah munir,5,2026-08-26T08:24:07.238Z,Lainnya,Positif,Positif,0.9897,sangat membantu
283fd6ec-af01-44ea-9132-be9823d77c5c,Arip Labib Fikri,1,2026-08-26T07:57:25.997Z,Autentikasi & Akun,Negatif,Negatif,0.9487,"apalah ini masa gak ada otp,,??"
88bf5766-2b0c-480f-8492-e2cc7866f894,Fathiyah Nabila,1,2026-08-26T07:54:33.688Z,Autentikasi & Akun,Negatif,Negatif,0.9792,"tolonglah di perbaiki lagi, ini verifikasi susah tidak ada dapet kode ke no hp"
efed508f-c2c7-42b5-bd0d-ea70049d843a,Agus Trianto,5,2026-08-26T07:49:26.148Z,Lainnya,Positif,Positif,0.9897,sangat membantu
b9c71382-4b97-4066-818e-d25e76548042,Remember,1,2026-08-26T07:41:26.701Z,Lainnya,Negatif,Negatif,0.7002,"menjijikan, uang yg di setor di anggap hibah sepihak (& mengikat)"
a9bb44b1-187e-49ec-be32-2e057fe9de24,DARMADI DARMADI,1,2026-08-26T07:39:13.950Z,Lainnya,Negatif,Positif,0.8145,ini cukup mematu aku.
0c5ddfd8-d3fa-457a-9314-cc1bebd1060a,Muhamad Hadi,5,2026-08-26T07:37:00.275Z,Iuran & Layanan,Positif,Positif,0.9926,sangat membantu memudahkan perubahan data peserta BPJS kesehatan ♥️👍
2e02f375-489e-4877-b0e6-6921b18c04f7,Exa Nur,1,2026-08-26T07:36:48.957Z,Lainnya,Negatif,Negatif,0.7831,ini kok sekarang jadi susah yaaaahh
ee95dc49-a061-4687-a1cb-60726ce95a03,sifa mardyani,5,2026-08-26T07:35:13.826Z,Lainnya,Positif,Positif,0.9897,sangat membantu
4d97a6b0-3cd8-4f5b-a20c-c92a618f604f,Karina Sukmawati,4,2026-08-26T07:33:39.365Z,Autentikasi & Akun; Antrean & Faskes,Positif,Negatif,0.9857,"ini kenapa logout sendiri, giliran mau log in lagi susah nya mnta ampun, nik salah lah, pass salah lah, mau verivikasi aja susahh harus ke SMS tapi ga ada terus kode nya. gimna ini saya daftar ke RS mau kontrol."
c60a9c93-60c6-49c0-8a4b-c46c96759e01,Charles Mario,1,2026-08-26T07:18:27.419Z,Autentikasi & Akun; Antrean & Faskes; Kinerja & Server,Negatif,Negatif,0.9796,"aplikasnya buruk , sering bermasalah , error , sering logoutb , antrian kadang ga masuk ke data rumah sakit"
15829f80-c6d5-462a-a84b-769ed440f8f9,Ipoel Al fatih,5,2026-08-26T07:10:44.705Z,Lainnya,Positif,Positif,0.9889,ok
79120998-830d-4e74-8e51-555a0123b118,Manurung Plg,5,2026-08-26T07:00:51.419Z,Lainnya,Positif,Positif,0.9897,sangat membantu saya
d3725440-5bbf-4f4e-b649-422f251a0e96,Suhartini Suhartini,1,2026-08-26T06:58:46.838Z,Autentikasi & Akun,Negatif,Negatif,0.8089,kodw verifikasi gapernah masuj
5fcc09e8-985a-4d48-ae88-f7f381826f1b,Endah Retno,5,2026-08-26T06:56:04.654Z,Iuran & Layanan,Positif,Positif,0.9614,selama ini bagus dan sangat membantu keluarga saya di saat sakit dan membutuhkan perawatan
90885611-9d75-44c2-8ea0-28df8cf4e8a2,Willy Willyam Scanna,1,2026-08-26T06:32:33.231Z,Lainnya,Negatif,Negatif,0.6145,makin gaje ini aplikasi gak ke urus apa udah males ngurus apa2 harus online tapi penyediaa platform nya gak ngurus
b669916d-f4bf-453f-ae1a-86ba9df042e2,Sahrudin,5,2026-08-26T06:24:19.950Z,Iuran & Layanan,Positif,Positif,0.8716,bpjs terpercaya
6a41f8d9-2811-4c9e-8679-c0be45fecc07,Yohannes Belli,1,2026-08-26T06:06:09.441Z,Autentikasi & Akun; Antrean & Faskes,Negatif,Negatif,0.6041,"Tolong di perbaiki mau daftar gabisa padahal internet kuota masih banyak, tolong di permudah, terimakasih."
fe928c49-ba2c-467f-8f9a-e746e503ec05,siti aissyah,2,2026-08-26T06:04:54.907Z,Kinerja & Server,Negatif,Negatif,0.8384,Benerin dong applikasinya Error Mulu. Bikin Repot Jadinya
81fffb08-ee0d-4c15-99ea-9a0125f4f898,Fahrial Hamdi Ferry,4,2026-08-26T05:59:10.161Z,Lainnya,Positif,Positif,0.9775,bagus
0e7db291-67b2-4b0d-8450-baaa40459f2c,Apep Gunawan,1,2026-08-26T05:48:25.400Z,Autentikasi & Akun,Negatif,Negatif,0.8365,ga bisa masuk terus ajg
afcd3006-83bd-494d-a12d-45c8e383f4e7,rizal iks2357,1,2026-08-26T05:44:25.700Z,Kinerja & Server,Negatif,Negatif,0.9852,parah saat ngisi nomer hp eror Mulu
5663887b-86e9-4779-a913-fb7de1447758,Suweni,5,2026-08-26T05:21:14.252Z,Lainnya,Positif,Positif,0.9564,sagat baik
243c9d79-5914-40ba-ad4c-3825117d3cb3,Febriyana putri,5,2026-08-26T05:17:03.112Z,Lainnya,Positif,Positif,0.9752,sangat membantu untuk memudahkan melakukan administrasi kesehatan
54215db8-8fa3-41f4-a76f-e969150c09e6,Phutera Tarigan,1,2026-08-26T05:02:18.360Z,Autentikasi & Akun,Negatif,Negatif,0.9811,aplikasi tolol masuk nya aja susah kali
a7487c50-91c0-4e39-a3ca-ddca46d87d58,Devi Widarsih,5,2026-08-26T05:01:36.179Z,Lainnya,Positif,Positif,0.9897,Sangat membantu sekali
521ce371-e2c3-45ca-8188-b20115f7bc80,Agustus 18,5,2026-08-26T05:00:38.960Z,Lainnya,Positif,Positif,0.9692,terimakasih
680ab92e-5d74-4ff4-b3ad-96debb32c082,Putra Dollar,1,2026-08-26T05:00:19.521Z,Autentikasi & Akun,Negatif,Negatif,0.9186,apk apa ini orang mau buat akun ga bisa
474e715d-1e21-4e53-9db5-852a86d4a637,Nurmansyah. Hse,1,2026-08-26T04:56:21.897Z,Antrean & Faskes; Iuran & Layanan,Negatif,Negatif,0.8481,kenapa aplikasinya kacau terus ..tolong dong ini diperhatikan bapak ibu pemerintah...kita juga bayar tiap bulannya..mas a mau berobat aja sudah banget terkendala aplikasi...
5df14e1a-3dc1-4679-bb05-5cfea640f5d4,Much Jufrie,1,2026-08-26T04:54:57.936Z,Kinerja & Server,Negatif,Negatif,0.7559,aplikasi milik pemerintah tapi selalu ngebug sangat miris !!!!!
0df0968d-dc0f-4403-846c-2362c7ffd638,Hasan Apandi,4,2026-08-26T04:54:10.998Z,Autentikasi & Akun,Positif,Positif,0.965,sangat bagus dan mudah untuk melakukan pendaftaran
cf4120d0-4824-49e8-9438-4cb1b76af86a,Pegi Yanto,5,2026-08-26T04:52:33.318Z,Lainnya,Positif,Positif,0.9897,sangat membantu
711f211d-8a33-4934-98ee-e3eb52d8b91c,nadiya,3,2026-08-26T04:51:28.740Z,Kinerja & Server,Positif,Positif,0.5469,"mohon dilancarkan lagi, klo penggunanya banyak suka ngelag"
8091f540-2118-4d0b-a9e1-be2edbe6ca17,Adiansyah moxer,1,2026-08-26T04:45:23.620Z,Lainnya,Negatif,Negatif,0.7655,Kenapa di hp saya bisa di download sangat miris
3404673d-76c5-4323-b81f-ad5ac0e9afba,Kusyana,2,2026-08-26T04:44:55.960Z,Autentikasi & Akun,Negatif,Negatif,0.9189,tolong diperbaiki lagi🙏 sekarang sering logout akun. sering banget gangguan
3eee6012-e32b-4790-aaee-3742ce6d9ebe,Anggikurniawan,2,2026-08-26T04:44:43.683Z,Lainnya,Negatif,Positif,0.5315,Udar Ruwet Sekarang. Bukan nya makin mudah malah makin ngga jelas.
05d07422-eb2c-4a64-b7ff-b3b293ac2c53,Yas Wendi,5,2026-08-26T04:34:06.190Z,Lainnya,Positif,Positif,0.8481,No komen. Aplikasi nya bagus.
35ef25f4-42e7-4a5d-a15e-dceba1218dab,Mentari Mentari,5,2026-08-26T04:16:37.885Z,Lainnya,Positif,Positif,0.9897,aplikasi yang sangat membantu saya
1161ef41-da32-45e8-995e-5fd3492e904e,Azis Adinugraha,5,2026-08-26T04:14:14.309Z,Lainnya,Positif,Positif,0.9775,mantap
7bb91ff1-3138-4c08-837e-fe1e8fbeaf98,Albert Marlis,1,2026-08-26T04:14:00.980Z,Autentikasi & Akun; Antrean & Faskes,Negatif,Negatif,0.7918,"APLIKASI MEMPERSULIT UNTUK BEROBAT, SUSAH MENDAFTAR"
5b87e617-d6be-4f0d-91d4-fcf5eec3ac9a,Agil Setianingrum,2,2026-08-26T04:06:56.719Z,Lainnya,Negatif,Positif,0.5334,sekarang sering tobel.. mmmmmmm
a3d5161c-9e6a-4afc-92b6-657710a62a6c,Muhammad Radiansyah,5,2026-08-26T04:02:57.560Z,Lainnya,Positif,Positif,0.9752,bermanfaat sekali
acd54628-dfdc-4e3c-9128-0ddad0f32f50,Jayusman,5,2026-08-26T03:56:31.200Z,Antrean & Faskes,Positif,Positif,0.9529,pelayanan sangat bagus dokternya ramah
47a2f857-cc7e-4df1-973f-68bd514cb0c2,Rahmat Hidayat (Amath),5,2026-08-26T03:50:06.436Z,Lainnya,Positif,Positif,0.9889,ok
ae901076-5ec3-4f1c-b6a5-abc2a365f6e2,Hymey_7,1,2026-08-26T03:49:36.279Z,Lainnya,Negatif,Negatif,0.7856,Kenapa gak bisa di buka woii??;;! udah gw tekan tapi gk mau kebuka malah kembali ke home screnn pas di tekan tolong kenapa ini!???
e246441d-7f5f-4477-806c-786e7c146c46,Zessa Aprila,1,2026-08-26T03:46:31.907Z,Lainnya,Negatif,Negatif,0.9882,jelek
fbb0627b-8d3c-4676-870a-015adbcb8ba5,rizki Syareza,1,2026-08-26T03:45:26.924Z,Kinerja & Server,Negatif,Negatif,0.7976,aplikasi paling lelet
2a781700-0eaf-48e6-ae91-704f148fd9bf,pandu pandu,4,2026-08-26T03:45:22.390Z,Antrean & Faskes,Positif,Positif,0.8308,"lebih mudah ,dan tanpa antrean.."
1ee962d7-21dc-48d6-ba52-7c6d67e101aa,SC channel,1,2026-08-26T03:43:23.743Z,Lainnya,Negatif,Negatif,0.8586,kacau kacauuu lah jadi ribet
1fb7fe70-7e93-48d0-9ccd-cb9539f7c42d,Zikri Akbar Ramadhan,1,2026-08-26T03:41:16.324Z,Autentikasi & Akun,Negatif,Negatif,0.9943,"menyulitkan, setiap bulan di suruh login ulang payah lagi."
9fdce314-6ee0-4457-b780-be05070ba952,Saputra Ega,4,2026-08-26T03:39:15.145Z,Iuran & Layanan,Positif,Positif,0.9692,cukup mudah dan dimengerti sangat membantu saat kondisi keluarga sedang sakit.
50997e14-ae5a-4946-a618-1c8f6d638163,Endang Sudiyarti,1,2026-08-26T03:34:50.534Z,Autentikasi & Akun,Negatif,Negatif,0.8662,sulit sekali melakukan pendaftaran karena HP saya tidak kompatibel dengan system JKN
a6614d47-e70d-48bf-a115-bf86bd3349a5,Kila Aisyah,5,2026-08-26T03:21:52.455Z,Lainnya,Positif,Positif,0.9921,praktis dan sangat membantu
55be8212-b759-4929-96a7-1b3528243942,Syafruddin KCP sabang atas,2,2026-08-26T03:17:14.586Z,Antrean & Faskes; Iuran & Layanan,Negatif,Negatif,0.9189,kenapa antrian berikutnya setelah 1 minggu susah di ambil. no antrian sebelumnya masih muncul... tolong perbaikan. klo tdk mampu jgn sok digital...
0507ca5c-6e37-4e27-9e35-d84dfa1b71bc,ngaco bray,5,2026-08-26T03:15:42.485Z,Lainnya,Positif,Positif,0.9761,i like it cepat membantu dalam pengerjaan data pribadi secara mandiri. thanks you so much.....
9deba149-0a8d-458e-bd10-3da21a2916b6,Addar Umar,5,2026-08-26T03:15:42.310Z,Lainnya,Positif,Positif,0.9752,sangat bermanfaat
4c5b6347-bc44-478e-9cf7-75e3d1fb7d4b,dedi huri,5,2026-08-26T03:05:47.637Z,Autentikasi & Akun; Antrean & Faskes,Positif,Positif,0.95,"proses mudah tidak ribet tidak ngantri yg penting punya kuota, makasih jkn"
5c9f0a09-f243-4645-af55-cb3ac5d31531,Quen Diamond,1,2026-08-26T03:04:43.722Z,Autentikasi & Akun,Negatif,Negatif,0.9481,"kenapa setiap mau pakai selalu diminta masukkan NIK? padahal apk sudah lama didownload, terus kalau sudah pernah log in ya jangan disuruh log in terus tiap mau dipakai."
5c64ae02-d0f0-4580-ba4b-db634d438b22,resti muslimatul,5,2026-08-26T03:03:13.280Z,Autentikasi & Akun; Antrean & Faskes,Positif,Positif,0.8364,berobat jadi lebih simpel dan mudah mendaftar nya melalui online
7be2ea17-fec9-44d5-b889-f14f2bea464e,Garet Bale,5,2026-08-26T02:57:15.112Z,Lainnya,Positif,Positif,0.9564,terbaik
460182ef-b140-4a8d-9a9e-15f60d57da67,Irma Hermawati,5,2026-08-26T02:53:43.241Z,Lainnya,Positif,Positif,0.9775,good..
82ec4c7b-833b-4917-b7c2-f09301ff548a,jis,1,2026-08-26T02:49:02.824Z,Autentikasi & Akun,Negatif,Negatif,0.8457,tolong permudah verifikasi nya masa saya harus ganti nomer gara gara ini
a4934ef4-71e3-4630-b5a6-568d8fedf447,Abdul Muis Tanjung,1,2026-08-26T02:44:50.970Z,Autentikasi & Akun; Kinerja & Server,Negatif,Negatif,0.9356,"ayolah, siapa si developer burid yang ngembangin aplikasi ini? dari dulu ampe skrng mau masuk aja gabisa, udah ganti sandi pun gabisa masuk emang burid... jangan mentang mentang kerja di pemerintah ga pernah di cek ada bug nya... plis lah"
944a8206-e3ac-436f-9689-fcd14078cacc,Yudi Mvshop,1,2026-08-26T02:38:12.754Z,Lainnya,Negatif,Positif,0.5175,aplikasi g bermutu
3719ad68-745e-4c7a-834f-bf7a465185bf,Taofik Septian,5,2026-08-26T02:37:56.560Z,Lainnya,Positif,Positif,0.9688,luar biasaaaa
187880ba-cc69-4cdc-848c-6508f34b22d0,Miftah Umay,2,2026-08-26T02:36:04.718Z,Antrean & Faskes,Negatif,Negatif,0.6987,susah kali jkn ini bukan di permudah tapi di persulit
76047d83-162c-48c6-981d-90e9f7c19d0b,Deko Handoko,5,2026-08-26T02:19:23.204Z,Antrean & Faskes,Positif,Positif,0.7052,berobat
ac3713bc-19a4-406b-b142-2123a652910f,Iik Mulyana,5,2026-08-26T02:12:20.908Z,Lainnya,Positif,Positif,0.9885,Aplikasi ini sangat membantu karena sangat mudah digunakan
7c9bdeb1-95b9-46c9-aa04-267db3007918,Bima Budi 2024,5,2026-08-26T02:04:00.993Z,Lainnya,Positif,Positif,0.9248,mantap apk yang bagus
d088c6ad-f13e-4e8f-920a-557bc124065b,gandung eva,5,2026-08-26T01:59:01.965Z,Autentikasi & Akun; Antrean & Faskes; Iuran & Layanan,Positif,Positif,0.9837,baik ada layanan online sangat mmbantu sekali jika pindah faskes 👍
ee4c4422-037c-42a3-849e-f98472831ace,Arkan Ramadhan,2,2026-08-26T01:50:34.735Z,Antrean & Faskes,Negatif,Negatif,0.6012,sebenarnya mempermudah apa mempersulit?
992802e0-321d-4de2-9c7e-f18e57a6988e,Bagus Rosyidi,1,2026-08-26T01:50:20.441Z,Autentikasi & Akun,Negatif,Negatif,0.9237,aplikasi apa ini masa biar daftar gk bisa udah berkali-kaki tetap gk ke daftar
150f09a9-531a-4831-9199-ca088749e357,klinik braja pamungkas,1,2026-08-26T01:43:58.910Z,Antrean & Faskes,Negatif,Negatif,0.8962,pemerintah makin bodoh bukannya mempermudah malah mempersulit akses nya. tolol
ec21624d-81c4-409c-a4ed-d0c7bc580f45,Jasmani,1,2026-08-26T01:41:13.414Z,Autentikasi & Akun,Negatif,Negatif,0.9716,"pada saat mau login selalu captcha salah padahal udah benar, sampai berulang kali tetap salah"
24783ab8-d33a-4c7b-b472-ed552718c58a,saadsahlul fasya,5,2026-08-26T01:24:06.300Z,Lainnya,Positif,Positif,0.9897,sangat membantu sekali adanya aplikasi ini
4c53d859-101a-4183-86ca-f6626d61e7b7,Aulia Kumala,1,2026-08-26T01:14:49.123Z,Kinerja & Server,Negatif,Negatif,0.9881,"aplikasi tolol, kode nya ngga dikirim ke no hp malah disuruh isi pulsa, padahal pulsaku masih 14 ribu, giliran ganti nomor malah error mulu"
a3616b83-f919-4298-9efb-aa8fbedb91d0,wahab rajasam,5,2026-08-26T01:14:09.742Z,Lainnya,Positif,Positif,0.9564,baik
7818dd33-1ed9-48c9-82f5-abf195db2ff1,Kevin Utomo,1,2026-08-26T01:10:59.710Z,Autentikasi & Akun; Kinerja & Server,Negatif,Negatif,0.9778,"setiap mau verifikasi no hp selalu error, dari bulan Januari sampe sekarang tidak dibenahi"
5cc2dce6-5310-4556-9e89-33de74cd5327,Dayat Ban,5,2026-08-26T01:06:36.969Z,Lainnya,Positif,Positif,0.9564,sangat baik
d95856ca-3180-4971-9232-8c283903bca3,Ayi Syarma,5,2026-08-26T01:04:48.996Z,Lainnya,Positif,Positif,0.6656,"mantul banget ,no ribet tanpa ke kantornya lansung"
91bde0e6-cfc9-4543-a54a-c565faae9ac8,flero gamer,5,2026-08-26T01:02:10.979Z,Iuran & Layanan,Positif,Positif,0.8548,sangat menjamin kesehatan warga negara. God Bless BPJS Kesehatan
ba722975-7c3f-44d4-905e-661e1b1060a5,riki ramadani,5,2026-08-26T01:02:09.610Z,Lainnya,Positif,Positif,0.98,pelayanan nya sangat memuaskan ramah dn
075f9504-3254-4776-a745-35be147c5c75,Doni Saputra,4,2026-08-26T01:00:32.708Z,Lainnya,Positif,Positif,0.8984,alhamdulillah lancar bgt skrang
6a41eec5-6ba8-46f1-96c4-9b16c8fc4849,Rifqi wachid,1,2026-08-26T00:55:25.998Z,Lainnya,Negatif,Negatif,0.6317,"gak niat bikin apk , lebih baik judol sekali klik langsung bisa"
269a249f-469c-4cde-bd2c-8d2d55c65455,Jalakkontraktor Pos,5,2026-08-26T00:53:58.157Z,Lainnya,Positif,Positif,0.9725,Sangat membantu dan mudah di akses
c121c410-067d-41bd-b303-d7dd9e3dc66c,Abdul Jaya,5,2026-08-26T00:49:50.101Z,Lainnya,Positif,Positif,0.9752,bermanfaat
1f158383-73b4-453f-97cd-f55b56388655,Graciella Adiesty,1,2026-08-26T00:44:59.439Z,Autentikasi & Akun; Antrean & Faskes,Negatif,Negatif,0.842,eh pak tolong dong kalo mau verifikasi gausah di persulit. pake segala ada kendala ini itu segala macem. org yg mau nya gampang jadi susah tau ga!
7f06f5cc-d51b-48bf-a76f-f99024d2ca45,Miftahurrohman,1,2026-08-26T00:39:30.577Z,Autentikasi & Akun; Antrean & Faskes,Negatif,Negatif,0.9631,"Apk gk jelas, dh bikin akun dh lama sgala macem suruh login lagi masukin captcha dh bner disalahin terus pas buat antrian mo berobat dh ngisi data tetep gk bisa daftar gimana coba"
33861eba-60a8-4500-b0c3-d268d6fccbcb,Wahyuni Marlin,1,2026-08-26T00:35:04.800Z,Antrean & Faskes; Kinerja & Server,Negatif,Negatif,0.9646,"setiap mau buka error mulu, heran gimana orang mau ambil no antrian, ga jelas"
eca9cff6-4ec7-4461-9e5f-7ec4aa4e0b1d,Fadli Amnessia153,1,2026-08-26T00:32:50.817Z,Lainnya,Negatif,Negatif,0.9603,"apk gila . udah log in keluar sendiri , mau log in captcha nya ga muncul muncul gilaaa campahhhh."
c5e888c5-d452-4e88-9280-1bafe6367afe,Le CUK,2,2026-08-26T00:24:27.542Z,Lainnya,Negatif,Negatif,0.9683,Aplikasi pemerintah banyak yg payah
27de01bd-1ce3-4f22-89a6-a3395639e954,Julians Simanjuntak,1,2026-08-26T00:24:09.529Z,Autentikasi & Akun,Negatif,Negatif,0.9693,"aplikasi bosok, login gk bisa terus, data sesuai, selalu notif sesi habis"
37d2498f-af64-4872-8dc0-279a3e86b5a6,susanto muhammad,3,2026-08-26T00:22:54.114Z,Lainnya,Positif,Negatif,0.7646,aplikasi ampas gampang log out
513b3883-1e42-499b-92d6-361c1caddc23,Mus Takim slimin,5,2026-08-26T00:19:09.297Z,Lainnya,Positif,Positif,0.8224,sangat mebantu
d033bbfd-4dfc-4963-8e72-82f0ed6a8bd7,Diki Zian Syahreza,5,2026-08-26T00:07:54.792Z,Lainnya,Positif,Positif,0.9775,bagus
9aacd3bd-eca1-4aff-905f-f2aebb5aa4b2,Berkah Chicken,4,2026-08-26T00:07:40.473Z,Autentikasi & Akun; Antrean & Faskes; Iuran & Layanan,Positif,Positif,0.9744,"cukup bagus dan mudah digunakan walau ada bbrp term yg blm tercover di apk, seperti perubahan otomatis faskes pertama yg direkomendasikan ketika pindah alamat"
8b5ef967-5b50-4d73-b21a-449605fa6368,GreenSoft,1,2026-08-26T00:04:08.714Z,Autentikasi & Akun,Negatif,Negatif,0.933,susah bgt buat daftar
d17fad52-b79b-40ec-9a7d-4139bdae4e7a,Acho Sepolo,2,2026-08-25T23:57:41.925Z,Autentikasi & Akun,Negatif,Negatif,0.9503,"apa2 gagal, verifikasi wajah gagal, nunggu kode SMS referral gagal2. percuma gak bisa di pakai"
77a8941b-fdaf-430c-83a1-875c7cf220b9,Lasti Pustina,5,2026-08-25T23:36:40.815Z,Lainnya,Positif,Positif,0.9929,"terima kasih ,sangat terbantu dengan aplikasi ini, mempermudah segala urusan tentang kesehatan 🙏"
6b40d92d-6a35-44e5-89cf-64c2723eb589,Cucu Suparman,1,2026-08-25T23:20:16.948Z,Kinerja & Server,Negatif,Negatif,0.739,eror kadang kadang ga bisa kebuka ngebug
fd5aa7d4-f14e-4436-acfc-da3e88cced1e,Alesha Ayunindya,2,2026-08-25T23:08:06.888Z,Lainnya,Negatif,Negatif,0.6414,harusnya layanan untuk masyarat itu yang bisa kompiteble untuk hp apapun.bukan untuk hp tertentu yang spek nya harus tinggi.
95dc68b7-7ee5-4335-997d-86ba96daf5e5,sri wahyono,4,2026-08-25T22:30:27.953Z,Iuran & Layanan,Positif,Positif,0.9529,saya sbg peserta bpjs merasa sangat terbantu dalam penanganan pelayananan kesehatan yg sudah saya alamai. selama. ini
7fa8b538-aaa9-4eb4-8da6-0360e88706c3,Pur Wanti,5,2026-08-25T22:19:22.141Z,Antrean & Faskes,Positif,Negatif,0.6659,dapat antrian lebih awal
8a089c94-48ac-4adf-89e9-db5881532c79,David Son,5,2026-08-25T22:05:49.152Z,Autentikasi & Akun,Positif,Negatif,0.8208,lama nungguin kode OTP. Hilangkan pe waktu untuk menerima kode OTP ke 2
36aa0303-e65b-4ec2-90c2-5808ae53271f,Hendra Gunawan Silitonga,5,2026-08-25T20:45:48.278Z,Lainnya,Positif,Positif,0.9889,ok
8b6f0a3b-73b0-47e2-be0e-d435d9f86a53,Chyo,1,2026-08-25T18:35:08.880Z,Autentikasi & Akun,Negatif,Negatif,0.7368,Tolong di permudah masalah kode otp saat menggunakan nomer
92eafcf5-c139-419a-b33e-258f6761f821,Septi Anida,5,2026-08-25T17:42:44.268Z,Lainnya,Positif,Positif,0.9941,sangat membantu terimakasih
6048f85f-7a9c-4cc5-9e2e-c6573a446e55,Esa Alfarizy,4,2026-08-25T17:02:46.171Z,Lainnya,Positif,Positif,0.9775,josss
74acecb9-1fca-497a-9eb0-51e3f480b6ad,mas JJ,1,2026-08-25T16:54:00.173Z,Lainnya,Negatif,Negatif,0.9083,"buruk sekali,dan nggak ada respon kalau di kritik"
48085d47-132d-402f-b1bd-567e46503e40,Dera Noviandi,5,2026-08-25T16:44:40.647Z,Lainnya,Positif,Positif,0.9775,mantap
3fb6b6c0-e5e2-4d07-88b2-0d27619a4dd2,Micko,5,2026-08-25T15:39:09.462Z,Lainnya,Positif,Positif,0.9775,bagus...
0de451ec-f00c-495e-be44-af266019e2ca,AFIQ IQDAM,1,2026-08-25T15:36:10.847Z,Lainnya,Negatif,Negatif,0.8952,"aplikasi ribet , pemerintah gak jelas"
e247e255-a406-4a6e-9716-8ba83a30a3f8,Dame Natalia Sidauruk,5,2026-08-25T15:07:59.520Z,Lainnya,Positif,Positif,0.8439,aplikasi jkn mobile ini kenapa tidak bisa di download di hp saya oppo A1K ???. Katanya hp saya tidak kompetibel. Mohon di bantu admin 🙏🏻
366ed19c-ad4e-405e-bde7-d8c681756b65,Noviyadi Permanagoro,1,2026-08-25T14:59:23.720Z,Autentikasi & Akun; Antrean & Faskes,Negatif,Negatif,0.8079,"aplikasi dibuat untuk memudahkan bukan mempersulit, cuma ini aplikasi yang paling ribet gak jelas tidak ada cara untuk mengganti nomor HP yang sudah tidak aktif aplikasi yang super duper ribet mau daftar berobat aja aplikasinya begini 🤮🤮🤮🤮"
7d935b2b-84c7-4620-8516-2dd78c1c2dd2,Realme Lemon,5,2026-08-25T14:53:43.834Z,Lainnya,Positif,Positif,0.9889,ok
ab71b055-74c7-4dd8-8162-8963a276eb47,Muhammad Syauqi,1,2026-08-25T14:51:38.400Z,Autentikasi & Akun; Antrean & Faskes,Negatif,Negatif,0.983,sering log out trs ribet harus login pake nik sama pin dulu. sampah!
40801108-2ae2-497c-b426-b1d32cf05356,Eva Muis,5,2026-08-25T14:31:21.369Z,Lainnya,Positif,Positif,0.9561,cepat tidak ribet
c9ffcee0-bd84-404e-8789-46bfa3218f6d,MSKR Supriyatna,1,2026-08-25T14:12:12.754Z,Autentikasi & Akun; Kinerja & Server,Negatif,Negatif,0.702,aplikasi eror ..daftar leg terus sinyal bagus juga..
b05c6597-f78d-4967-9c8b-48620e99d37b,Ridwan Gunawan,5,2026-08-25T13:52:06.570Z,Lainnya,Positif,Positif,0.9775,bagus
54171593-3bc1-40e9-b909-473dbbccda9c,MuhHafiz Zafitrah,5,2026-08-25T13:51:31.419Z,Lainnya,Positif,Positif,0.9965,bagus sangat membantu
f6add564-b43d-4c0e-8208-cceee078f79b,Linadwi Saputri,5,2026-08-25T13:42:39.711Z,Lainnya,Positif,Positif,0.9749,selalu puas
2b6f81ac-3945-4a53-a3ba-8829291645b0,kamal rifqi 513,5,2026-08-25T13:10:17.660Z,Lainnya,Positif,Positif,0.997,mantap sangat memudahkan dan membantu
06d68d66-38be-47d7-ae19-ecdb5d81c964,Imam Shavero,5,2026-08-25T12:52:13.362Z,Lainnya,Positif,Positif,0.9775,mantap
76857813-0bcb-4845-80b2-019ce68c3cc6,Rayyan Arifianto,1,2026-08-25T12:25:43.978Z,Autentikasi & Akun; Kinerja & Server,Negatif,Negatif,0.9467,"aplikasi nya error,untuk login akun tidak bisa padahal sudah berulang-ulang kali untuk mencoba login tapi tetap tidak bisa,MOHON DI PERBAIKI APLIKASINYA!!🙏"
ca206692-a141-4780-8394-ed9165eedd90,Jainuri 878,1,2026-08-25T12:22:32.895Z,Autentikasi & Akun,Negatif,Negatif,0.9401,gak bisa login kembali keterangan lebih dari 3 nik.
db79612a-4ef1-483f-afd2-68a24b5b8ebf,Doublefour 91,1,2026-08-25T12:20:28.400Z,Lainnya,Negatif,Negatif,0.5236,aplikasi gak bisa dibuka
79880754-0cda-4fb4-ab18-91396e06a002,Muh Natsir,5,2026-08-25T12:05:28.187Z,Lainnya,Positif,Positif,0.9889,ok
99262a7d-772a-4814-b2c9-f1e02aea261b,Choco Latte ID,5,2026-08-25T12:05:06.206Z,Iuran & Layanan,Positif,Positif,0.9655,sangat bermanfaat bagi saya dan keluarga
b34cc7ad-acb5-403a-ba54-69a1cbb9b563,Andika Putra,1,2026-08-25T12:04:13.923Z,Autentikasi & Akun; Iuran & Layanan,Negatif,Negatif,0.9789,"jkn,koclok masak gak bisa dipake login lebih dari 3 ktp gak bisa. kalo ada yg minta tolong gimana,orang tua apa saudara yg gak ada hp. Apa dikira mau dipake nyolong apa aplikasi nya. Apk jelek bgt..."
bd7440f4-11e0-4366-9d98-7e35e6f65d6a,Untoro Suryadi,2,2026-08-25T11:54:55.616Z,Autentikasi & Akun; Kinerja & Server,Negatif,Negatif,0.9347,eror terus gabisa daftar
729b07da-f9da-4245-90f9-e2f188144696,Shinta Dewi,5,2026-08-25T11:26:52.733Z,Lainnya,Positif,Positif,0.9822,memudahkan praktis
cc142fc2-5251-4ff6-a91e-e03e866bf338,dimasst tv,3,2026-08-25T11:21:40.530Z,Autentikasi & Akun,Negatif,Negatif,0.9587,sangat sulit ketika ingin mendapatkan kan otp ketika mendaptar
112cc5c5-f014-405c-abbc-1188b6e18e1e,evly jeje,1,2026-08-25T11:09:13.320Z,Autentikasi & Akun,Negatif,Negatif,0.9367,"setiap mau daftar pasti di bilang no telfon nya ga sesuai format sampe ganti ganti pake 3 nomor juga tetap aja gabisa,"
a979b627-be41-440d-9db0-113333c00a1b,ari kusuma,5,2026-08-25T11:08:12.240Z,Lainnya,Positif,Positif,0.9897,sangat membantu
8daffa96-1ab9-40c7-b553-7fb5347e8670,Okki Heriana,5,2026-08-25T11:01:44.178Z,Lainnya,Positif,Positif,0.9605,aplikasi dan program yg sangat bagus dan mantap
01f1afac-2559-4695-a4cd-b9ff4246a51c,Ibnu Hajar,1,2026-08-25T11:00:50.706Z,Lainnya,Negatif,Negatif,0.7035,"aplikasi yang tidak memberikan solusi, mengurus administrasi dan aduan tetap perlu datang ke kantor apa gunanya aplikasi kalau begitu"
7ca31167-2c67-48d2-b3ee-f9d66397c3aa,Agus Hariyanto,3,2026-08-25T10:54:36.140Z,Autentikasi & Akun; Kinerja & Server,Positif,Negatif,0.8966,aplikasi dlogok. login lama bet. sering bug. mengapa produk pemerintah mesti busuk semua.
77590cbb-8d91-4a41-9a11-1d07e64dd594,anis prasetya,5,2026-08-25T10:50:54.982Z,Autentikasi & Akun; Kinerja & Server,Positif,Negatif,0.9655,"setelah update kenapa apk malah eror, gak bisa log in, akun belum terdaftar, nik tidak ditemukan"
63e695a7-e083-4892-a7f3-53b0e459a5af,es teh anget,1,2026-08-25T10:45:02.260Z,Autentikasi & Akun; Antrean & Faskes,Negatif,Negatif,0.9863,"aplikasi gajelas blokir aja udah, kode otp ga masuk padahal nomor bener, pulsa ada, kuota ada, tetep aja ga bisa aplikasi sampah"
45b5c0ec-583e-47fd-8e49-39600666f16a,Amelia Sanjaya,1,2026-08-25T10:31:18.528Z,Autentikasi & Akun,Negatif,Negatif,0.7011,"TOLONG LAH YA KALAU MEMANG WAJIB HARUS PAKE MOBILE JKN, TOLONG DIPERMUDAH BUAT VERIFIKASI MUKA PLIS SUSAH BANGET UDAH GANTI TMPT CAHAYA BAGUS TETAP AJA GABISA"
3a9a74e4-3498-4428-a3ce-1472bf8c86ad,Humairoh 27,1,2026-08-25T10:26:46.317Z,Autentikasi & Akun; Antrean & Faskes; Kinerja & Server; Iuran & Layanan,Negatif,Negatif,0.9799,"ini BPJS aneh banget giliran mau dipake ditolak terus alesan nya provider terdaftar ditempat lain, kalo gitu masa iya gua yg misal kan lagi ngerantau jauh harus balik dulu bertobat nya ketempat klinik yg terdaftar, ditambah kalo ganti klinik proses nya nunggu lagi! tiap bulan gua bayar lohh jangan dipersulit lah, orang lagi sakit ada aja cobaan nya, giliran kena kasus baru bergerak kalian!!"
c0066d83-f5d1-405e-b544-9277c12ea247,Rizki N,1,2026-08-25T10:10:55.419Z,Lainnya,Negatif,Negatif,0.9343,aplikasi gak guna
0eb85e3b-108a-4d01-ac0d-54619bf17c2e,Rahmat dano Sella,5,2026-08-25T10:10:22.443Z,Lainnya,Positif,Positif,0.9692,THANKS FOR YOUR
25be8301-adb7-4038-b41a-18eb9a355c85,Devi Yana,5,2026-08-25T09:54:59.641Z,Lainnya,Positif,Positif,0.9639,baik di gunakan
c92bebee-2b4d-45bb-a676-4f6d53bd23c9,Eva Lefly,1,2026-08-25T09:54:57.626Z,Iuran & Layanan,Negatif,Negatif,0.5988,ada fitur BPJS keliling tapi di cari wilayah bwi pake filter GK ada. gajelas
56a7bba9-b2b7-4f7f-bca7-fc2b01add232,Didin Jaeludin,5,2026-08-25T09:49:28.665Z,Lainnya,Positif,Positif,0.9068,mudah dioperasikan
de63745f-af82-4ec3-b292-d98b5068f246,Albizar Elbachry,1,2026-08-25T09:37:53.317Z,Autentikasi & Akun,Negatif,Negatif,0.9152,"aku kasih bintang 1. kalau aplikasi nya sudah bisa log lagi baru ak kasih ulasan lagi. masa baru kemarin aplikasi masih bisa di gunakan sesudah log out mau masuk lagi chapta nya selalu tidak bisa. makin kesni makin gk bener nih apk. udah masukin Nik sesuai sama sandi ,chapta bner semua tapi ttp aja gk bisa masuk. ak kasih bintang 1 lagi. kecewa sangat. makasih"
db02e1ee-c795-4c4a-936b-bb1725e8e766,Mila Sutari,3,2026-08-25T09:25:47.536Z,Autentikasi & Akun,Positif,Negatif,0.9168,ini gimana sih ko log out sendiri kluar gitu mana lupa pasword udah bilang lupa sandi udah masukin nomor HP sesuai yg di daftar ko keterangan nya ttp nomor gak sesuai bukan nya membantu yg bener ya allah mana besok mau priksa
1b2b966e-fafd-4b28-ba3f-9ef3cea4ed9c,Harni Sumatan,1,2026-08-25T09:17:07.356Z,Lainnya,Negatif,Negatif,0.8218,nggak jelas anjir
6dd959a8-4851-4512-8024-dbc4433b5839,Alena Ucrit,5,2026-08-25T09:16:36.592Z,Lainnya,Positif,Positif,0.5843,wow.. sungguh amazing aplikasinya
51354e6b-70e8-4290-b0ba-2a8583b0fed8,Yudy Cokro Birowo,5,2026-08-25T09:04:24.432Z,Lainnya,Positif,Positif,0.9889,ok
c1ec1cfb-3dd7-459b-a1ac-e1170cf649e5,Difki Putranew,1,2026-08-25T09:02:25.298Z,Autentikasi & Akun,Negatif,Negatif,0.8898,nomer hp gabisa dimasukin gmn si t4i
783a2184-383c-43b3-abb6-c68957913a43,Muhammadfatiyanakbar Akbar,5,2026-08-25T08:55:39.676Z,Lainnya,Positif,Positif,0.9825,baik gratis terimakasih
804258c1-ab70-4047-96d9-c740d6614998,Farhan Hafidh,1,2026-08-25T08:54:39.567Z,Autentikasi & Akun,Negatif,Negatif,0.9742,mau masuk aja susah bgt ada masalah terus padahal nik dan sandi sudah benar
72973b15-140e-4155-aef3-298771c6adaa,Nurnaningsih Widdiyastono,5,2026-08-25T08:28:49.330Z,Lainnya,Positif,Positif,0.5334,bagoooos
7077a41b-d9c2-4579-a0c1-df2967865fcf,Rizal 20,1,2026-08-25T08:14:37.410Z,Autentikasi & Akun,Negatif,Negatif,0.8256,GAMPANGAN DAFTAR PINJOL MEN 🤟🙏
eac8fc25-9c95-42b9-816f-b8844509ede3,Z362,1,2026-08-25T07:37:47.898Z,Autentikasi & Akun,Negatif,Negatif,0.9802,dikit dikit harus login ribet kali setiap bulan pasti harus login ulang masalahnya ortu gw gaptek dan saat tiba-tiba butuh nih app harus login ulang dan gw gak dilokasi belum lagi kalau lupa pasword
b1cbac31-94c8-494e-9214-d043e60d5407,Jessen Henry,1,2026-08-25T07:27:52.793Z,Lainnya,Negatif,Negatif,0.8038,aplikasi cacat...!!
908d14c7-9239-4770-87e6-378b7c2f9a46,Mata Kamera,5,2026-08-25T07:14:03.770Z,Lainnya,Positif,Positif,0.9668,lebih memudahkan pake apps dri pda dateng langsung ke kantornya 😁🙏
ecec795d-5706-4fc0-b332-33204a32bb67,Rayanamige Mige,5,2026-08-25T07:05:57.223Z,Lainnya,Positif,Positif,0.9636,proses cepat dan responsif
7e88f6ee-8f07-47c1-931b-eaff50a9a422,Kusman Soleh,5,2026-08-25T06:47:47.777Z,Lainnya,Positif,Positif,0.5334,Mantabzs
dc286f87-6591-4cd7-a41a-31ee7eb2eda9,Rao Datul,5,2026-08-25T06:45:24.691Z,Lainnya,Positif,Positif,0.9889,ok
027c80f5-53e2-4dae-91a6-8f2da95b56ca,moch zainuri,1,2026-08-25T06:43:32.121Z,Lainnya,Negatif,Negatif,0.8286,sekelas pelayan kesehetan rakyat tapi untuk log in gabisa parah si
aca484e9-8d6b-449b-a9f9-f8024dc4d6be,Rudi Junaedi,5,2026-08-25T06:32:17.586Z,Autentikasi & Akun,Positif,Positif,0.7128,"buat jaga2 aja,daftar nya mudah"
21320fb4-07c1-4b5f-afce-d0e546094db9,Rifki Putra,1,2026-08-25T06:30:30.403Z,Autentikasi & Akun,Negatif,Negatif,0.9882,"OTP nya manaaaaaaa????? email aman tapi otp yg lewat sms ga dikirim² padahal nomor aktif,uda ganti jg tetep ga dikirim²,emng apk dari pemerintah nih agak² semua keknya"
849cd6d5-7cde-40e6-be44-773e9cb1ee7b,Syanana Umaya,5,2026-08-25T06:30:25.723Z,Lainnya,Positif,Positif,0.9775,mantaPppp
bbce30fc-81b4-4047-9c5c-5097b942cd77,Nita Septia,1,2026-08-25T06:25:53.877Z,Autentikasi & Akun,Negatif,Negatif,0.9875,"tolonglah diperbaiki,masa minta kode otp nggak dikirim2,nmr udh bener sama masih aktif,udh minta bolak balik nggak dikirim2,bapak saya udh nahan sakit,kalau nggak daftar kalah sama yg udh daftar,giliran diminta kode otp berkali kali nggak dikirim,gimana sihh!!tolonglah diperbaiki lg sistem nya!!!!!!"
861b1409-6794-4b0a-870b-ca9aee4027aa,Bunda Annisa,5,2026-08-25T06:20:07.933Z,Iuran & Layanan,Positif,Negatif,0.6382,"BPJS sangat membantu sekali, sayang nya satu hari tidak bisa di layanan, salah satu harus bayar."
be9ecf30-10c1-4603-add2-17aca96ff212,Jagad Pangeran,5,2026-08-25T06:18:08.554Z,Lainnya,Positif,Positif,0.9889,ok
51160f01-66d4-4674-b235-cc5e96c7b91b,Agung Darmawan,1,2026-08-25T05:33:28.642Z,Autentikasi & Akun,Negatif,Negatif,0.9797,"Kode otp sms ko ga ada yaa? sdh kucoba berkali2, apa emang harus ada pulsa? klo iyaa parah si sekelas aplikasi pemerintah."
0ee44274-b9b6-4e5f-94b0-06d961776585,imron rosyadi,5,2026-08-25T05:30:24.139Z,Lainnya,Positif,Positif,0.9941,layanan memuaskan. terima kasih
b6ef2f6b-4003-4144-a3e9-517a0cea42d7,Azwar Hamid,5,2026-08-25T05:19:48.844Z,Lainnya,Positif,Positif,0.9561,perkembangan sangat bagus. semoga bisa lebih bagus lagi di masa mendatang
72c426bb-540d-4c41-84f4-bf743176f72f,Muhammad Habibi Ridhani,1,2026-08-25T05:12:09.351Z,Autentikasi & Akun,Negatif,Negatif,0.9309,"Aplikasi gak jelas , verifikasi OTP nya nunggu sampai kiamat apa ya baru dikirim"
bbb4522e-3d04-4230-b08e-7477365c2c0f,Muhamad Riski,1,2026-08-25T05:02:54.436Z,Autentikasi & Akun; Kinerja & Server,Negatif,Negatif,0.7912,aplikasi GK becus daftar aja gak bisa eror mulu
62a6f141-b906-49df-accc-c523c2756579,Bagas Yufi,5,2026-08-25T05:00:58.662Z,Lainnya,Positif,Positif,0.9752,sangat bermanfaat
5a2fa864-2fd3-42b8-a440-5e4a633625bf,Fifitriya ningsih,1,2026-08-25T04:58:19.457Z,Autentikasi & Akun; Antrean & Faskes; Iuran & Layanan,Negatif,Negatif,0.7383,"Terlalu repot aplikasinya, versi web juga gaada. Tolonglah BPJS perkara kaya gini penting loh, tapi kita sebagai pengguna direpotkan. Ketika login di tempat lain otomatis yang lainnya terlogout. Tolong juga buat versi web untuk memudahkan."
21b0a841-175f-46e2-b19c-8859352a9262,laverna hendy,1,2026-08-25T04:51:36.179Z,Autentikasi & Akun,Negatif,Negatif,0.9089,sudah dwload sudah dftar tp gqk diverifikasi. sudah chat WA. tetep yak diverifikasi. tanya di WA yg jawah robot bego. cuma minta diverifikasi nomernya malah muter2 jawabanya gak jd solusi dan gak diverifikasi. pdhal infonya cm suruh WA pandawa kl blm diverifikasi minta diverifikasi. dohhhh yaoloohhhh. esmosii deh
9629b79d-880f-4794-a34b-0b416b5ad5a1,Fransisca Margaretha,5,2026-08-25T04:39:57.244Z,Autentikasi & Akun; Antrean & Faskes,Positif,Positif,0.7885,"sangat terbantu dengan aplikasi ini, nggak perlu capek2 antri daftar manual di faskes"
087b24cf-8c9e-41b0-bb62-d973b5d09705,Vofirecaprilya,1,2026-08-25T04:38:10.174Z,Autentikasi & Akun,Negatif,Negatif,0.975,"susah bgt login,dasar apk bobrok"
68a7e564-6347-43c5-8e8d-270aede07e3e,Hendiplas23,1,2026-08-25T04:19:26.598Z,Autentikasi & Akun,Negatif,Negatif,0.9741,"mau daftar sangat sulit, kenapa gak langsung otp via WA,, sangat buruk"
3649140c-06b0-4009-b54f-25638ce3e7db,Hendro Channel Metot,4,2026-08-25T03:49:09.590Z,Lainnya,Positif,Positif,0.9858,lumayan puas dengan pelayanan nya
7309c800-a2bc-4a13-89b1-23f307bc932b,Beni Supriadi,5,2026-08-25T03:43:10.130Z,Lainnya,Positif,Positif,0.7889,berguna bgt
e9dfff21-ae10-4c87-af40-b4264e1c1386,Desta Wiguna,1,2026-08-25T03:40:50.208Z,Autentikasi & Akun; Antrean & Faskes,Negatif,Negatif,0.9306,"di persulit banget ketika lupa sandi, email dan no hp, harus hubungin call center segala.... tolong di permudah lagii untuk masalah loginnya yahh"
a9e9fb42-1287-4016-aaa0-930b0c83f552,ida Anom,5,2026-08-25T03:37:54.649Z,Lainnya,Positif,Positif,0.8508,bagua
d5605c42-304b-446f-b47e-5e6ae08cb95d,paloma paloma,2,2026-08-25T03:20:45.537Z,Autentikasi & Akun,Negatif,Negatif,0.9212,sulit Skali nggak bisa login
a6fdab43-5ac1-497d-96e3-9ce4c48db345,muhammad afrizal,5,2026-08-25T03:00:52.450Z,Lainnya,Positif,Positif,0.874,Saya sangat senang sesekali
57fb9ee6-23c1-4256-a20e-e6f736a9ea0f,YAHYA AHMAD,5,2026-08-25T02:59:32.100Z,Lainnya,Positif,Positif,0.9889,semoga amanah. fatonah. manfaat...
c5bd0e30-4e95-4899-9640-3ee81f515768,Masjid Al-Fath Seturan,1,2026-08-25T02:43:33.800Z,Autentikasi & Akun; Kinerja & Server,Negatif,Negatif,0.9592,"verifikasi kode otp lewat SMS udh kirim ulang verifikasi tp tetap gabisa.. udah 1 hari coba terus berjuang tp kodenya gapernah terkirim di SMS (slalu ada tulisan ""permintaan anda tdk dpt diproses, coba lagi nanti""), tolong sistemnya diperbaiki pdhl coba verifikasi email langsung terkirim cpt, yg SMS lambat huft kita yg butuh daftar cpt efektif malah terganggu dgn hal2 kecil sprti ini"
2d40f9e3-effb-478e-be03-44fe24cf4088,Aji Naperli,1,2026-08-25T02:22:01.888Z,Antrean & Faskes,Negatif,Negatif,0.7396,"lama lama ini aplikasi nyusahin masyarakat buat berobat,gangguan terus"
faa524f5-00d2-4baf-83d7-7aad86e6c11f,Widi Hartanto,5,2026-08-25T01:57:59.626Z,Antrean & Faskes,Positif,Positif,0.9479,"Allhamdulilah, sangat membantu untuk meningkatkan aktivitas seperti peserta melakukan antrian perobatan..."
4f3c7203-a382-432e-a8ab-89f7d1168f92,Okta Piranda Andika,1,2026-08-25T01:42:11.988Z,Lainnya,Negatif,Negatif,0.6803,"Permintaan Anda belum dapat diproses, silakan mencoba beberapa saat lagi. Mohon maaf atas ketidaknyamanan Anda. KONTOLL"
d127621a-fa42-48a3-b678-32e8e03d6414,Shanaru,5,2026-08-25T01:20:02.477Z,Lainnya,Positif,Positif,0.9969,oke bagus
9436e923-eea8-4bc4-8cf3-cf584dd5061d,MORA INDONESIA,5,2026-08-25T01:06:35.789Z,Lainnya,Positif,Positif,0.6603,lancar
6ea53203-84a3-446b-86d1-2a3ee2566dd2,Susi Siamah,5,2026-08-25T01:00:06.616Z,Lainnya,Positif,Positif,0.5227,kenapa trouble ??
ffeccbf6-0cd1-4971-b802-e25958f9515e,Meidy Asri santi Kalangi,5,2026-08-25T00:56:40.954Z,Lainnya,Positif,Positif,0.9775,bagus
22b0e69d-9df0-42cf-a229-b251e62ee316,Realme C53,2,2026-08-25T00:54:30.541Z,Antrean & Faskes; Kinerja & Server,Negatif,Negatif,0.9347,"sering terjadi eror bug hanya muter"" mempersulit ."
89508ab9-602b-45c7-a396-6ba6275460bd,Gesti Farah Anjani,1,2026-08-25T00:36:46.522Z,Autentikasi & Akun; Iuran & Layanan,Negatif,Negatif,0.977,"ini kenapa dari kemaren buka kartu peserta aja susah, saya coba install ulang malah ngga bs login. kode captcha nya ngga keluar²"
c5c7e304-c493-4d26-975a-9d30d66e5440,rudi naru,1,2026-08-25T00:11:12.837Z,Autentikasi & Akun; Iuran & Layanan,Negatif,Negatif,0.8366,"aplikasi ribet, login ulang harus masukkan no KTP, susunan menu berantakan, menu utama malah posisinya dibelakang"
94333e2f-ef0b-4b18-ab46-c2a5a0c0806f,Sri Mldia018,1,2026-08-25T00:05:58.970Z,Kinerja & Server,Negatif,Negatif,0.9036,susah pendatfarannya lemot!
237f170a-3c62-46b0-80e0-4f847c7c0dce,rositarosa roes,5,2026-08-25T00:04:46.767Z,Lainnya,Positif,Positif,0.9547,"sgt membantu,mempermudah unk mendapatkan antean dan mengetahui tentang kesehatan dan tentzng penyakit kita dgn rutin"
3832c2cc-b31f-4b11-89bc-57f5f7950f8e,Bachtiar Rifa'i,5,2026-08-24T23:41:27.287Z,Antrean & Faskes,Positif,Negatif,0.6172,tidak ada fitur pembatalan untuk yg sudah cek in tp dokter GK ada atau cuti harusnya bisa di batalin biarpun sudah cek in
20fe6354-123b-4df4-9cf8-fd5554618cc1,Salman Aziz,4,2026-08-24T23:38:53.647Z,Antrean & Faskes,Positif,Positif,0.8141,"sementara ini saya kasih rating 4 karena fast respon tapi untuk pengaduan saya atas pelayanan kesehatan faskes 1 bisa di respon atau tidak saya tidak tau karena saya benar"" butuh perawatan serius"
a48a3955-63f5-41b2-8022-67c42dabf4ef,Raisa Balqis,5,2026-08-24T22:24:20.940Z,Antrean & Faskes; Iuran & Layanan,Positif,Positif,0.9912,sangat membantu sekali dengan menggunakan mobile JKN jadi lebih mudah untuk berobat trimakasih mobile JKN kis
da611df1-3c61-4941-b38c-b7adc46a82dc,Leon Archives,5,2026-08-24T21:36:15.170Z,Lainnya,Positif,Positif,0.9897,Sangat membantu
d29073f9-409a-43ac-af5d-37e0bbb0e4c4,Fitri Rahmadayanti,5,2026-08-24T21:26:44.268Z,Lainnya,Positif,Positif,0.9892,sangat membantu dan mudah
b3cd1009-49be-4db2-bb84-8827d54b88e1,Endri Setiawan,1,2026-08-24T20:37:17.153Z,Lainnya,Negatif,Negatif,0.7566,tidak bisa log in
7bb057d1-2f31-4339-81b9-fcb4a5c48332,Choirul Azzam,1,2026-08-24T18:03:26.558Z,Autentikasi & Akun,Negatif,Negatif,0.9846,applikasi nya jelek mau masuk gak bisa pdahal nik sma pasword nya benar
fbeea0cf-16ed-4b37-b73a-c2b71af6c8e4,Lisa Jesycha,5,2026-08-24T17:53:42.662Z,Lainnya,Positif,Positif,0.9775,bagus
35e25352-c739-4d9b-b04b-cc279bf9cedb,Olom Olom,1,2026-08-24T17:32:28.822Z,Lainnya,Negatif,Negatif,0.83,"apk apa ini saat mau daftat pasti bermasalah, tolong di perbaiki dong mind."
12c30dd5-d9f2-42a7-a34a-c17e445b0e35,Miftakul Khusna,5,2026-08-24T17:23:12.478Z,Lainnya,Positif,Positif,0.9775,Good 👍
1f09f9dc-b831-42cb-a27d-746eccf4d391,Lulu Lutfia,5,2026-08-24T16:09:11.470Z,Lainnya,Positif,Positif,0.9775,mantap
50d86b8a-6563-4505-9468-2b1e9364f04e,Siti Supatini,1,2026-08-24T15:08:46.316Z,Autentikasi & Akun; Kinerja & Server,Negatif,Negatif,0.9599,"kenapa gak bisa masuk padahal nik, pass, captcha udah diisi, ketika klik tombol masuk gak terjadi apa2, tolong diperbaiki bug nya"
602ba781-a3e5-40b6-bc2f-3c0806e9bc99,Nizam K,5,2026-08-24T15:00:40.740Z,Lainnya,Positif,Positif,0.9897,sangat membantu
6aa39c9b-548d-46b9-b6df-c0f0f9172e18,Khusnul Khotimah,5,2026-08-24T14:45:39.353Z,Iuran & Layanan,Positif,Positif,0.8933,sangat membantu saya yang memiliki BPJS kiss
ac4998d8-2549-4fd8-9dcd-88cd4930cc24,MAMAH ADRY,1,2026-08-24T14:42:49.700Z,Autentikasi & Akun; Antrean & Faskes,Negatif,Negatif,0.7804,"aduh ampun,, gimana sih,, susah dapet kode otp sms nya,, parah banget pokok nya.. kenapa ga di permudah sih?? sedangkan mau ke puskesmas harus pke mobile jkn tp mau daftarnya juga malah susah.. lebih enak pas blum ada mobile jkn ini!!!ga ribet ke puskesmas nya juga!!"
2480b637-cb70-43bc-b251-6410dbeeae09,War Din,5,2026-08-24T14:33:39.120Z,Lainnya,Positif,Positif,0.9042,mudah dan sederhana
a3018b4c-987e-4e23-9e87-5af96dee763f,Deni Idm,5,2026-08-24T14:28:30.570Z,Lainnya,Positif,Positif,0.9313,sejauh ini membantu walaupun belum paham semua setiap aplikasi nya
7550af53-ee84-4e30-b69d-f0338b1ee882,Muhamad Dickykurniawan,1,2026-08-24T14:28:17.437Z,Autentikasi & Akun,Negatif,Negatif,0.9753,"ga bisa login., kode verifikasi ga pernah masuk.,"
ce4ce082-beef-472d-8895-ad9663c60bf9,Rahna Ertanto,1,2026-08-24T14:00:43.540Z,Autentikasi & Akun; Iuran & Layanan,Negatif,Negatif,0.6545,sulit di aksesnya panduan berubah trus masuk harus auto debit
306a13f3-aeff-45f0-8cca-1984707b28a2,Kusno Sakimin,5,2026-08-24T13:36:50.960Z,Lainnya,Positif,Positif,0.9775,keren jkn
fbed1fdb-25a8-4942-abca-3fd006e82b0d,Asrul Anggana putara NS,5,2026-08-24T13:32:24.836Z,Lainnya,Positif,Positif,0.9874,mempermudah mantap
e49d5147-58ed-4a1f-86f6-84b4af56bc54,シロサマヒムラ,5,2026-08-24T13:00:05.143Z,Lainnya,Positif,Positif,0.9902,terbaik alhamdulillah terima kasih banyak JKN ❤️❤️
21afbf9e-edfd-415d-80d0-3fe81b6ff497,Engkong Asa,5,2026-08-24T12:55:10.326Z,Lainnya,Positif,Positif,0.9775,mantul mantap betul
fbc3bdf8-08c0-440e-a491-d9c95135b1cb,nadir ezza,5,2026-08-24T12:44:26.951Z,Lainnya,Positif,Positif,0.9775,baguss aplikasinya
e24587ef-6d43-444e-a244-43ff6cd61b63,Altip Pratama,1,2026-08-24T12:32:08.120Z,Lainnya,Negatif,Negatif,0.957,sampah
ff0e069b-aa83-49e1-8fec-839e3ac17b7e,hamzah fansuri,5,2026-08-24T12:23:00.639Z,Lainnya,Positif,Positif,0.9775,mantap
60bcf8c5-20f1-4308-883f-916fa924bbd0,nelly wahyuni,5,2026-08-24T12:21:14.557Z,Lainnya,Positif,Positif,0.9775,Bagus sekali
8392b440-3616-483a-ba9e-d14e98d65a17,andri tazarli,5,2026-08-24T11:57:03.620Z,Lainnya,Positif,Positif,0.9775,nice
10a5b742-e845-4e8c-b0de-4f4e338fa9f9,Anisah,5,2026-08-24T11:48:11.836Z,Lainnya,Positif,Positif,0.9637,cukup baik
2dd32cf8-c03f-46f2-97ef-573403c5f3ea,Pteck Lanank,5,2026-08-24T11:38:01.585Z,Lainnya,Positif,Positif,0.9889,ok
3221c1e5-5e6f-4c87-8c97-16a95ad5e53f,caecillia rusmini,5,2026-08-24T11:07:44.937Z,Lainnya,Positif,Positif,0.912,baik lancar
11050bc1-cde9-4fe1-82c9-964e56fbff2c,noviani marista,5,2026-08-24T11:05:46.749Z,Lainnya,Positif,Positif,0.5334,niceee
2f2bb88b-b717-4f5d-af88-c397f2aa563a,Atha tiga,5,2026-08-24T10:31:59.260Z,Lainnya,Positif,Positif,0.9775,bagus
e8d6cb00-81b2-48fa-b66e-394b08801e13,jazy kretek,5,2026-08-24T10:30:10.919Z,Autentikasi & Akun; Antrean & Faskes; Iuran & Layanan,Positif,Positif,0.9973,"alhamdulillah sangat membatu sekali mudah, cepat juga ngak ribet ditambah pelayanan nya mulai dari bpjs sendiri masuk ke askes kesehatan juga semua Rs yang dirujuk sangat sopan, baik, ramah dan mudah di mengerti terima kasih jkn bpjs"
7cc3faeb-32c4-4ca4-bbb1-c230987483a2,Amirah Awaliyyin,5,2026-08-24T10:24:18.757Z,Lainnya,Positif,Positif,0.9934,bagusss banget cepat mudah
ffc16b9a-3c84-4f56-9a94-dd094bd61443,siti fani,5,2026-08-24T10:06:26.700Z,Lainnya,Positif,Positif,0.9542,pelayanan cepat
91405bdd-66c5-42fd-9d2b-5576277c343e,sopyan Sauri,5,2026-08-24T09:40:21.323Z,Antrean & Faskes,Positif,Positif,0.9349,sangat mudah di gunakan untuk berobat
53f26213-9b18-4e8a-ac1d-c315d53c7d8c,Maxxal Syah,1,2026-08-24T09:24:28.902Z,Autentikasi & Akun,Negatif,Negatif,0.981,susah banget daftar mobile jkn verifikasi wajah gagal terus.
d4cc7492-4e87-4021-82f8-199ebe81ddef,Wiwin Hamzah,5,2026-08-24T09:17:45.694Z,Lainnya,Positif,Positif,0.9775,bagus
cb5aff41-0e09-4701-aec6-d3c10dfb7d25,Asep Sumantri,5,2026-08-24T09:03:56.388Z,Antrean & Faskes,Positif,Positif,0.7788,mohon di bantu untuk pengambilan obat agar tidak terlalu lama menunggu
9c168496-4403-470d-999f-d136f350e31a,Siti Hardiyanti Sulaiman,5,2026-08-24T09:01:04.114Z,Lainnya,Positif,Positif,0.997,sangat mudah dan membantu sekali👍🏻👍🏻
f813f76d-44cf-4bf8-a1c1-a59788a14533,Bimbim Gunapi,1,2026-08-24T08:58:50.948Z,Autentikasi & Akun,Negatif,Negatif,0.9608,aplikasi gak guna . GK bisa buat daftar
1ace0842-66b6-41e6-b470-45c494ea1e99,Anisadevi Lestyowati,1,2026-08-24T08:56:48.372Z,Lainnya,Negatif,Negatif,0.858,tidak bisa di install
55755555-4b59-46e9-87c4-278b6990d9b0,Tria Gita Wahyuni,5,2026-08-24T08:37:30.663Z,Lainnya,Positif,Positif,0.9864,Terimakasih banyak... kami puas dg pelayanan hari ini
de09baf0-f496-4c74-aae4-e4d6b4c3cb9a,maulana ibra,2,2026-08-24T08:35:00.300Z,Antrean & Faskes,Negatif,Negatif,0.6777,"mau ambil antrian online malah stuck di background aplikasi,"
9956dc62-a086-45c1-8686-9dfc8b151f1f,Indra Cahyana,5,2026-08-24T08:32:12.654Z,Lainnya,Positif,Positif,0.9775,good
82c3c643-0026-46a9-858b-0086d5159b3a,Juliana Butarbutar,4,2026-08-24T08:24:09.806Z,Lainnya,Positif,Negatif,0.7561,mengganti segmen nya susah apalagi sempat salah ngetik
46d5ae1e-0aa3-4ef9-a77d-d38a90368ae2,Joya Jesi,4,2026-08-24T07:55:12.803Z,Autentikasi & Akun; Antrean & Faskes; Iuran & Layanan,Positif,Negatif,0.9206,"mohon di perbaiki makin susah mau berobat, kadang aplkasi gak bisa di buka, terus klnlinik di harus kan daftar pake online aplikasi ini, tapi susah di buka, mohon agar daftar tidak selalu online manual bisa jaga jaga kaya gini jadi menyusahkan kan yang sakit, lagi sakit tambah di susahkan giliran bayar telat langsung di blokir..."
be27247f-5257-4595-a82c-b832557ef739,jerico beltlazar,5,2026-08-24T07:50:28.416Z,Lainnya,Positif,Positif,0.9889,oke
e8be31cc-9d03-4cb8-bfdd-7483e044adc8,Dw Ora,5,2026-08-24T07:34:43.689Z,Lainnya,Positif,Positif,0.9975,ok is the best
b847965f-39b3-48c4-8631-8537e4a8022a,Sherly marchelina,1,2026-08-24T07:24:13.673Z,Antrean & Faskes; Kinerja & Server; Iuran & Layanan,Negatif,Negatif,0.9773,"makin kesini kok makin aneh apk ny..sulit di pakai..lebih sering tidak terhubung server..padahal sinyal ok.. pakai wifi pun bgtu..terus kalau udh lama ga dbka tba2 log out sndiri..giliran mau log in lgi ga bsa2 terus..jangan mempersulit donk..saya bayar bpjs, orang tua saya juga byr bpjs.masa giliran mau di pke ribet apk ny"
e7245800-2561-47b2-a071-5e93660ad221,Catur Prasetyo,1,2026-08-24T07:20:38.894Z,Autentikasi & Akun; Antrean & Faskes,Negatif,Negatif,0.9677,Aplikasi sampah..mau daftar aja susah kode captcha gx nonggol..otp gx masuk Perbaiki lah aplikasinya masyarakatnya butuh tapi dipersulit
85dd1f20-2151-4c37-a01d-eb4789ee400e,Arnas Manne,5,2026-08-24T07:15:04.237Z,Lainnya,Positif,Positif,0.8809,Makasih iya
e6d5bbfa-38b9-4154-8031-a177b2d9f4f7,Aciew Ebod,5,2026-08-24T07:12:57.374Z,Lainnya,Positif,Positif,0.9897,sangat membantu
4ec27392-3605-4f74-8a64-233a934c11c3,calo Motor,5,2026-08-24T06:55:41.537Z,Lainnya,Positif,Positif,0.9785,JkN membantu dalam kesehatan
ee78eab7-21a6-40ce-86f1-94b1fa7fe941,Yono Riana,5,2026-08-24T06:52:02.117Z,Lainnya,Positif,Positif,0.9692,trima kasih mobile jkn
e5f8fdbb-46ef-439c-b955-1a053a7dd3c0,Pengguna Google,5,2026-08-24T06:49:23.295Z,Lainnya,Positif,Positif,0.9154,proses cepat. mudah tau apa yang Qt mau
3ea54e3f-abb5-47bc-99d9-c4b710c8f6b2,Adhlin Faridz,2,2026-08-24T06:35:15.500Z,Autentikasi & Akun; Antrean & Faskes,Negatif,Negatif,0.8064,"ternyata banyak keluhan yg sama, otp tidak masuk, ngambil antrai di rs jadi ribet karena 2 kali daftar antrian, bukankah teknologi ada untuk mempermudah?, semoga pihal developnya bisa memberpaiki sistemnya, jangan jadi era kemunduran terima kasih"
56f7686f-1a94-43ce-9667-3e67cf5452ac,Norma Sirupa,5,2026-08-24T06:33:54.617Z,Lainnya,Positif,Positif,0.972,Terimakasih Atas Pelayanannya
22c41ba6-d11b-4893-ac1f-27e4698b4409,Silviah,5,2026-08-24T06:31:47.322Z,Lainnya,Positif,Positif,0.9892,sangat membantu dan memudahkan
72c896a1-f068-4307-8733-3c746ddff903,Yohanes Jamal,5,2026-08-24T06:15:25.622Z,Lainnya,Positif,Positif,0.9014,"bagus , lancar"
92b9278e-5c96-48a5-bcee-a5674adad654,D A N I A N G G A,1,2026-08-24T06:11:37.400Z,Autentikasi & Akun; Antrean & Faskes,Negatif,Negatif,0.9707,"aplikasi jelek, sekedar mau daftar online aja gagal terus. dengan alasan opsi ini tidak tersedia."
6698876e-8161-4d95-aec3-9afb9fc89eac,Yuyun,5,2026-08-24T05:59:51.732Z,Lainnya,Positif,Positif,0.9564,terbaik
17ae3222-8acb-420c-a2e5-05e2b52d9830,Andi Kurniawan,5,2026-08-24T05:56:49.800Z,Lainnya,Positif,Positif,0.9446,cepet lugas
0a565dad-7145-48fb-9ce4-df3c17b022f4,Made Arya,1,2026-08-24T05:54:10.182Z,Lainnya,Negatif,Negatif,0.9147,aplikasi trus keluar..pas log in gk bisa lagi
0d0388ed-81c6-4b20-82b2-d2d1fffa6bf9,reza pahlefi,1,2026-08-24T05:52:27.907Z,Autentikasi & Akun,Negatif,Negatif,0.9356,"pendaftaran sulit , kode verif gamasuk masuk , pulsa dan paket data banyak dan kencang tapi gamasuk masuk"
a9c1918b-ad10-4d3c-b2fd-dd2b00132310,Suleman Alkatiri,1,2026-08-24T05:49:02.677Z,Autentikasi & Akun,Negatif,Negatif,0.9261,"aplikasi terjelek sepanjang sejarah RI , setiap pasien di minta daftar di aplikasi JKN tapi di pakai di beda device gak bisa harus 1 device sekarang hampir rata rata sdh punya device masing masing dan tidak semua orang harus mengantar pasien contohnya anak sakit yang mengantar ibunya, sedang Aplikasi JKN punya device bapaknya, apa mungkin si bapak harus tukeran device sama ibu? sekarang orang kerja sdh banyak menggunakan perangkat hp seperti gojek dll tolong Admin perbaiki Layanan"
ed668f10-df31-4165-8bd2-9dfe7b4e087c,Ahmd Gunawan,3,2026-08-24T05:31:24.425Z,Autentikasi & Akun; Kinerja & Server,Negatif,Negatif,0.9512,"eror terus pas kirim kode verifikasi ga muncul muncul kode nya, jaringan dah bagus juga tetep aja"
04820a40-768c-4412-94a3-22fcb415e0e8,Dina Dima,5,2026-08-24T05:26:33.222Z,Lainnya,Positif,Positif,0.9703,cukup membantu
4a78465e-1810-44b2-b8cd-bd83d104e244,Riyyun Syah Alfarih,5,2026-08-24T05:25:21.870Z,Lainnya,Positif,Positif,0.9798,"good job easy play maker mempermudah akses,,,"
8c399670-7bee-4cfb-86df-42b87a092e11,luulluv_,1,2026-08-24T05:20:19.902Z,Lainnya,Negatif,Negatif,0.9622,aplikasi bosok
3b56db93-bb56-472b-9249-4344f0cf2c81,Lw Last War,1,2026-08-24T05:18:57.269Z,Autentikasi & Akun; Iuran & Layanan,Negatif,Negatif,0.9031,"pengalaman untuk penguna baru saat memasukan nomor telepon tidak bisa sudah ganti 3 kartu Smartfren Telkomsel dan XL semuanya gak bisa, apa memang aplikasi bikinan pemerintah bobrok semua angaran sampai miliaran kok giniamat"
40446fdd-f156-49bb-8c07-0c0b409d204c,Muhammad Faiz,2,2026-08-24T05:10:03.302Z,Autentikasi & Akun,Negatif,Negatif,0.9206,"tidak bisa daftar, berhenti di verifikasi nomer handphone, udah di tunggu cukup lama tetap tidak bisa"
a797495b-15f5-41bc-affe-a74b6aebfdef,Abimmailishak Abim,1,2026-08-24T05:02:12.604Z,Autentikasi & Akun,Negatif,Negatif,0.9894,"registrasi nya susah banget nih apk, apk buatan pemerintah gaada yg bener busuk semua"
70a56dea-0b7d-46db-b437-ac63cd3b6162,Iskar Jhon,1,2026-08-24T05:01:11.200Z,Lainnya,Negatif,Negatif,0.7399,"Untung saya baca ulasan dulu,kalok ngga ikut jadi korban nih saya ....."
a014126a-df57-4ec1-be70-fec6ecf62fe3,Jeri 007,5,2026-08-24T04:45:00.633Z,Lainnya,Positif,Positif,0.9775,bagus
5704d392-ccf5-4010-b10c-18e4482dc483,aeni cholifah,5,2026-08-24T04:23:45.680Z,Antrean & Faskes,Positif,Positif,0.9594,aplikasi ini cukup membantu untuk menganti faskes dan lainnya
b39ac875-5375-40ec-9977-b213e35a5e3a,Mulyadi,5,2026-08-24T03:52:37.338Z,Lainnya,Positif,Positif,0.9683,ok pisan
53dbae64-fe6d-4a48-81a8-993575fffc5d,Dinal Lana,1,2026-08-24T03:36:32.281Z,Lainnya,Negatif,Negatif,0.8702,definisi menyulitkan hidup apk ini mah
35bcb827-559c-4fba-8899-57e505e498cb,Be Mine,1,2026-08-24T03:25:40.916Z,Autentikasi & Akun,Negatif,Negatif,0.9051,enggak bisa login..
6ef38de0-4a31-4ab5-b14e-a554b87cb4df,Didin Jamaludin,5,2026-08-24T03:24:29.476Z,Lainnya,Positif,Positif,0.8146,okk
a2ed378c-c670-47b9-96ad-d9427104e51d,carollin ammora,1,2026-08-24T03:22:03.852Z,Antrean & Faskes; Kinerja & Server,Negatif,Negatif,0.8504,"mohon servernya di perbesar, lemot sekali..niatnya mempermudah ini malah mempersulit"
70f0505f-b30d-4072-b9bc-99bd16371577,Mas Nano,1,2026-08-24T03:15:34.181Z,Autentikasi & Akun; Kinerja & Server,Negatif,Negatif,0.9279,"perbaiki bug nya, akun sering log out sendiri. trmksih"
3585d393-6ba0-4107-afd0-b8f2f5d10e3a,juni sanjaya,5,2026-08-24T03:14:51.845Z,Lainnya,Positif,Positif,0.9897,sangat terbantukan dengan adanya jkn
0e663ddb-5350-451f-87f9-a9235c2461af,Fano Roberto,1,2026-08-24T03:02:12.159Z,Lainnya,Negatif,Positif,0.5334,rewellll
e26facc9-2362-4d29-954d-00f9fc54ba91,Abdul Halim,5,2026-08-24T03:01:03.764Z,Lainnya,Positif,Positif,0.9688,luar biyasa
2d3dd408-dde2-4229-ac32-a8d9729cd224,Soe Larno,5,2026-08-24T02:56:22.740Z,Lainnya,Positif,Positif,0.9753,pelayanan sangat bagus
bb473425-af19-4f98-aa11-856f548c46b5,Demsi Lalay,5,2026-08-24T02:51:19.791Z,Lainnya,Positif,Positif,0.9897,sangat membantu
41506e56-4795-46ca-aaac-aea3abc802d3,adi cahyadi,2,2026-08-24T02:49:49.281Z,Antrean & Faskes; Kinerja & Server; Iuran & Layanan,Negatif,Negatif,0.8317,"Saat diperlukan malah diminta bolak balik sign in..ini brhubungan dgn kesehatan, bayar tiap bulan..knpa begini?ga ada alasan krn bnyk yg pakai..ya emang bnyk yg pakai,..hrusnya kan dari awal sudah tau bakal bnyk yg pakai, persiapkan semua dgn baik donk..servernya kek di up grade, ato apa gitu..maaf..sy kesal..."
fb32f85a-974c-40b8-96f5-6cdae2f8f1fc,Raffi Candranata,1,2026-08-24T02:45:58.148Z,Autentikasi & Akun; Antrean & Faskes; Kinerja & Server,Negatif,Negatif,0.9641,"aplikasi gila, katanya ngambil nomor antrian harus dari sini tapi pas daftar kode otp gak masuk"" alesan gak bisa di proses padahal jaringan ku bagus pakek wifi pun aku di rumah tapi tetep aja gak masuk"" kode otp, perkara kode otp gak masuk jadi gak bisa kontrol aku ke RS karena gak dapet nomor antrian"
c8212af7-fd23-4bc7-90cb-b943a7a5db4f,Pandi,5,2026-08-24T02:43:17.182Z,Lainnya,Positif,Positif,0.9775,mantap
6426eada-00f8-4d52-ab44-e8e9e853201f,Demas Pahlephi,1,2026-08-24T02:42:51.252Z,Autentikasi & Akun,Negatif,Negatif,0.9582,"menyulitkan tidak dapat kode otp,gausah pakai aplikasi ini"
ae0566ce-6c3f-41e7-8862-d7f696bce5f7,Ihus Triyandi,1,2026-08-24T02:38:46.372Z,Lainnya,Negatif,Negatif,0.8426,ribet amattt
647f7feb-5e3f-4b04-ae6f-42adc70ed88b,Sifa Yoga.,1,2026-08-24T02:37:01.279Z,Autentikasi & Akun; Kinerja & Server,Negatif,Negatif,0.9823,aplikasi tidak berguna eror trus verifikasi SMS tidak pernah muncul
6a079135-54ec-4057-b4f2-4b4f922234f7,Aliyah Liyah,5,2026-08-24T02:28:49.289Z,Lainnya,Positif,Negatif,0.5103,saya ko g bisa donlod aplikasi ini
bdbdbb40-9b33-495b-b637-c50fa797a73a,Guud Chanel,1,2026-08-24T02:27:42.209Z,Kinerja & Server,Negatif,Negatif,0.7976,aplikasi lelettt
5ac53d65-19e6-4ff8-9f6e-9e52523fe5d4,Mocharive Shaleh,5,2026-08-24T02:22:50.684Z,Lainnya,Positif,Positif,0.5334,sangat membatuu
d0744b14-1218-4645-bbb2-61f32ee658aa,Dede Nadilla,5,2026-08-24T02:19:34.349Z,Lainnya,Positif,Positif,0.9915,bagus banget aplikasi nya terimakasih untuk kesekian kalinya semoga aplikasi ini bisa membantu aku
47413444-f6f1-40eb-8a30-995c99f37298,ニクマKenzy,1,2026-08-24T02:10:19.894Z,Autentikasi & Akun,Negatif,Negatif,0.9794,"tolong tingkatin lagi dong aplikasinya, udah masukin otp buat ganti password malah disuruh verifikasi ulang kan aneh"
75b8c545-cc23-43bc-a4e5-95b44aad71df,Iwan Tri prasetyo,1,2026-08-24T02:06:34.478Z,Autentikasi & Akun,Negatif,Negatif,0.9928,mau masuk login aja salah terus padahal udah bener semua bener² apk busuk cuma mau periksa malah jadi ribet grgr apk sampah
558b143d-6cfe-441d-82a3-c798755c32c7,yuly azarif,5,2026-08-24T02:04:45.623Z,Lainnya,Positif,Positif,0.9771,sangat membantu di kala sedang tidak bisa di cabang nya kita bisa menggunakan aplikasi ini di rumah maupun di mana saja terimakasih
6dee17bd-af6e-44cd-b989-1cf9d1d4d4ba,rindusurga 571,5,2026-08-24T01:50:35.624Z,Autentikasi & Akun; Iuran & Layanan,Positif,Positif,0.9419,pindah paskes gak perlu datang ke kantor nya. cukup dari aplikasinya. mantaf inimah
5689ab28-e490-4ac6-9f72-27cf03216920,Yulianto Ranova,1,2026-08-24T01:50:29.501Z,Autentikasi & Akun; Antrean & Faskes,Negatif,Negatif,0.9017,"asli ribet kasihan yg lansia di wajib kan utk verifikasi wajah mohon lah cukup verifikasi pakai nik aja,ribet kalau utk para lansia mohon bukan acuan utk kaum lansia,mau berobat aja seribet ini"
d70e21c8-2195-4e8d-8971-a26a3c5add37,Desti Nurkhalifah,5,2026-08-24T01:42:33.334Z,Lainnya,Positif,Positif,0.9775,bagus
c0948697-e79b-4d81-bba6-a960b7abdb28,Risma Fadillah,3,2026-08-24T01:38:41.965Z,Autentikasi & Akun; Kinerja & Server,Negatif,Negatif,0.7819,"aplikasinya masih banyak trouble nya, banyak erornya. untuk pendaftaran pengguna apk susah banget gak lancar banyak kendala, dislike"
16b43ce0-2590-4884-a02c-2510fcdbdccc,Thomas Heriyanto,5,2026-08-24T01:36:05.868Z,Lainnya,Positif,Positif,0.9622,mudah dan akurat
43b74ab5-20b6-4a51-b805-38e77abd3a9e,Bu Dek,1,2026-08-24T01:32:32.523Z,Lainnya,Negatif,Negatif,0.9882,aplikasi jelek sekali
f8bb7147-6f8f-4459-aa7d-2087ccfd4c49,Rehan Nuvonrfd,5,2026-08-24T01:32:23.100Z,Autentikasi & Akun; Antrean & Faskes,Positif,Negatif,0.605,"mungkin saran, agar poli infeksius di tambahkan, supaya bisa langsung daftar ke poli tersebut"
ce2d96d9-fdf9-458d-9d60-907b05311b52,Yany 76,5,2026-08-24T01:30:50.588Z,Lainnya,Positif,Positif,0.9564,baik
f95b0636-146f-4400-a755-dcd5941d6e3e,DEWA,1,2026-08-24T00:57:19.465Z,Autentikasi & Akun,Negatif,Negatif,0.9499,kode otp tidak pernah masuk
a89e0a28-048b-47fe-bdfd-d446e3171578,Perintis bukan Pewaris,5,2026-08-24T00:55:24.468Z,Lainnya,Positif,Positif,0.9775,good
29590902-0cf2-4146-a791-c74d74984fe1,Anggi Saputri,5,2026-08-24T00:54:20.588Z,Lainnya,Positif,Positif,0.9897,mantap bagus cepat
ab30ace8-2184-4c40-97ed-fb15cc79a28c,Babeh Yudi,1,2026-08-24T00:43:24.176Z,Antrean & Faskes,Negatif,Negatif,0.8275,harus nya antara antrian jkn dengan yg dateng pertama ke faskes di bedakan. sudah susah payah datang duluan ke antrian tapi di lewati oleh antrian online
9ba83317-14d1-42af-adb6-73846a74b54b,InFamous WilL,1,2026-08-24T00:24:06.270Z,Autentikasi & Akun,Negatif,Negatif,0.9898,"busuk bener appnya mau daftar mental2 mlo pdhal mau cek sms otp kocak asli, udh gitu otpnya ga masuk2 suruh nunggu teros sekelas pemerintahan bikin aplikasi busuk"
49de18e0-881b-4cfe-98da-c2f6a663bf63,PRISCHA CAHYA,5,2026-08-24T00:19:28.685Z,Lainnya,Positif,Positif,0.9775,bagus
0242d4c2-e763-45c1-b0e3-665e6949bb7b,abam lagonda,4,2026-08-24T00:19:26.411Z,Antrean & Faskes; Kinerja & Server,Positif,Negatif,0.7993,"aplikasi error, sekarang sy lagi di puskesmas, cuma planga-plongo karna aplikasi tidak jelas"
21eeadc0-1727-41d7-87c9-3751931a64ab,Menik Widiyastuti,5,2026-08-24T00:14:29.707Z,Antrean & Faskes; Iuran & Layanan,Positif,Positif,0.9153,mudah melakukan perubahan faskes dgn cara online.
f4b17726-31ae-476e-9ada-efd41311e68c,Sukiyo 731,1,2026-08-24T00:14:09.160Z,Autentikasi & Akun,Negatif,Negatif,0.9253,makin susah aja mau masuk
2f26f519-a1c1-4990-a712-57d6c1b9d2ed,Arief Fardiansyah,5,2026-08-24T00:10:24.997Z,Iuran & Layanan,Positif,Positif,0.9986,"pelayanan bagus dan cepat, terimakasih semoga bermanfaat untuk keluarga Indonesia."
6d1c7559-dc0f-49f1-860d-4a8685736ab6,Muhammad Hendriansyah,5,2026-08-24T00:08:37.297Z,Lainnya,Positif,Positif,0.9785,"Sangat membantu, sehat selalu aplikator mobile JKN"
f79fc125-aa09-45a8-9670-58a7acea5c82,gacoy kang_,1,2026-08-24T00:05:26.409Z,Kinerja & Server,Negatif,Negatif,0.921,masih banyak error jadi ribet di pake
f0af5171-2327-4955-b982-946f26f27e41,Jusmaniar Ijis,5,2026-08-24T00:03:15.226Z,Autentikasi & Akun; Antrean & Faskes,Positif,Positif,0.9039,Bisa mendaftar ke faskes dengan cepat dan tampa berlama lama menunggu
0b4354c1-dd62-4558-8ba3-6006e363ffef,Muammar Nur,5,2026-08-23T23:48:53.852Z,Lainnya,Positif,Positif,0.9775,bagus
39072032-e0fd-4a3e-8b9b-0939f1292aee,Maisa,1,2026-08-23T23:47:15.803Z,Autentikasi & Akun,Negatif,Negatif,0.9237,aplikasi bikin emosi... malah bikin susah.. nomer nik Ki yang aku masukan berharap bisa daftar antriin anak malah enggak bisa... aplikasi kureng dipaksa beroperasi.. kureng..
3381d5a2-d0ea-43b5-a354-019949c2c4c1,Oka Mukaromah,5,2026-08-23T23:31:36.842Z,Lainnya,Positif,Positif,0.9897,sangat membantu
46da9f96-242c-47cd-b8f5-e1a072292539,Edi Setiawan,4,2026-08-23T23:27:46.468Z,Antrean & Faskes,Positif,Positif,0.6691,sangat membatu saya dalam mengambil antrian
bb152e06-983c-4046-bc02-352254a3d89c,Cucu Ponakan,1,2026-08-23T23:27:01.527Z,Antrean & Faskes,Negatif,Negatif,0.6958,sering bermasalah antriannya
18f44fc9-a0e7-40bb-9d32-ed003143583e,Rahman Aidil,1,2026-08-23T23:19:51.298Z,Antrean & Faskes; Kinerja & Server,Negatif,Negatif,0.9511,"ribett, mau ambil antrian apk nya eror mulu"
bacc562e-d3d3-4a76-bd34-fd4123a8a49c,Amir Udin,5,2026-08-23T23:18:09.428Z,Lainnya,Positif,Positif,0.9775,bagus
b5ea552f-6659-4634-a588-13a8e3e0bdd1,Click Pause_-,1,2026-08-23T22:52:24.794Z,Antrean & Faskes,Negatif,Negatif,0.861,"udah 3 bulan setiap rujukan di rumah sakit pasti keterangan jadwal tidak ditemukan, ga ada perbaikan"
c0f213bc-1335-445f-9fac-889b4dfe8924,Dewi Puspita,3,2026-08-23T22:52:09.472Z,Autentikasi & Akun; Antrean & Faskes; Kinerja & Server,Negatif,Negatif,0.953,"tolong banget servernya seperti semula, masak sebulan cuma bisa daftar 1 kali aja, padahal ibu saya kontrol sebulan 2 kali, tolonglah jangan di persulitttt🥱🥱"
ab558eb7-43bb-4d01-9782-e087db5d2529,ayyip wo,1,2026-08-23T22:45:42.992Z,Antrean & Faskes,Negatif,Negatif,0.8707,mau ambil antrean aja gagal mulu
127ff234-49a4-40a3-942a-a619c6b50e97,Siti Alida,5,2026-08-23T22:17:03.725Z,Lainnya,Positif,Positif,0.9915,JKN aplikasi sangat membantu .Mantab
135302e2-f5d7-46e0-ba9d-e4940fe2e940,Ali ansyah,5,2026-08-23T21:28:53.584Z,Lainnya,Positif,Positif,0.9889,oke
e84cecab-b159-4a5c-afda-b65eb6b8fa9d,Dika Intan,5,2026-08-23T19:54:47.335Z,Autentikasi & Akun; Kinerja & Server,Positif,Positif,0.9368,"registrasi lancar, semoga semakin di-update menjadi lebih baik"
a31164bf-6d1e-4527-b293-796ff15bf1c4,Dhedhi Setiyadi,1,2026-08-23T19:52:28.573Z,Autentikasi & Akun; Kinerja & Server,Negatif,Positif,0.5501,Sudah tidak bisa di update di hp saya. Lebih mudah mengupdate aplikasi pinjol dari pada aplikasi ini.
9ac67298-78b8-49bf-897c-062bc1c4f850,wawan Rangkas,1,2026-08-23T18:14:22.416Z,Autentikasi & Akun,Negatif,Negatif,0.987,baru juga mau daftar masukin nomer nik lah masa iya malah udah terdaftar kata nya.. aplikasi apaan ini. sampah .
0bd077e6-1faf-418b-8a74-e91ece44a1c9,Basten Simarmata,5,2026-08-23T17:46:21.833Z,Lainnya,Positif,Positif,0.9889,ok
8806d9b7-8b75-4f2b-a925-e335b9e2eac4,Yadi Seliyani,5,2026-08-23T17:02:14.220Z,Lainnya,Positif,Positif,0.9775,mantap
39e8df60-ecee-47c9-a47f-a3d566b3e180,Taufik Hidayat,5,2026-08-23T16:53:07.201Z,Lainnya,Positif,Positif,0.9775,sangat bagus
10906057-b13e-4f02-87f8-9f0f70424063,Jupiter Mx,5,2026-08-23T16:37:56.799Z,Lainnya,Positif,Positif,0.9889,ok
56a11795-37ab-413a-8a07-d7cd4e54886d,Ngetik Cepat,1,2026-08-23T16:23:00.680Z,Autentikasi & Akun,Negatif,Negatif,0.9282,ini aplikasi apa sihh. kinerja seperti apa gajelas verifikasi nomor yg gak dikirim susah amat
81ed9c34-b0c3-4410-933f-d4aca8c2b09d,Nusa jaya Kabil,5,2026-08-23T15:31:43.127Z,Antrean & Faskes; Iuran & Layanan,Positif,Positif,0.9184,sangat membantu dalam hal perubahan data perobatan
8b74d26c-b76e-4011-b015-ead16d195ade,Irman Syah2,1,2026-08-23T15:30:14.470Z,Autentikasi & Akun,Negatif,Negatif,0.9621,apk tolol registrasi ga bisa bisa mau diapain ini apk tolol
5a121107-13e4-4cd9-87a3-1b7ad8644246,Dewi Apiyani,5,2026-08-23T15:12:27.600Z,Lainnya,Positif,Positif,0.9584,sangat praktis
65acfa91-217e-4508-a377-1e1c4750d8dc,Dadan Servis,5,2026-08-23T13:31:54.394Z,Autentikasi & Akun; Antrean & Faskes,Positif,Positif,0.7756,bagus buat daftar nomber antrian
891e10b3-0cd9-4578-8e20-40933145f89f,Didi Mustari,5,2026-08-23T13:31:39.968Z,Lainnya,Positif,Positif,0.9032,sangat menerik dan muda di gunakan
8fdc5467-1106-4809-9d82-1ee056dabbb4,Rizki Amalia,5,2026-08-23T13:29:22.276Z,Lainnya,Positif,Positif,0.9564,terbaik
7690699d-2230-4e88-9e01-20a445eba9ca,Herry Realbon,5,2026-08-23T13:27:25.668Z,Lainnya,Positif,Positif,0.9068,mudah di operasikan.
01aaa380-0f83-45d9-9e46-f97c573d5498,Faizal Pratama_FBS_Gunungkidul PRATAMA,1,2026-08-23T13:16:27.236Z,Autentikasi & Akun; Antrean & Faskes,Negatif,Negatif,0.9542,aplikasi apaan ga bisa daftar dipersulit internet lancar pulsa ada kodenya ga ke kirim anehh anehh
582ffa37-b1e4-4477-89a8-a101bf382a89,Ummul Laila,1,2026-08-23T13:14:50.510Z,Antrean & Faskes,Negatif,Negatif,0.6736,canggih sih canggih tapi mempersulit orang tua berobat jalan
6e4c30a1-320d-450a-a575-a102717aab08,Tri Novayani,5,2026-08-23T12:34:25.119Z,Lainnya,Positif,Positif,0.9897,Aplikasi yang sangat membantu..
5bf470f8-a545-4d4f-8cef-c796f587aaae,Suherman,5,2026-08-23T12:29:30.538Z,Lainnya,Positif,Positif,0.9897,sangat membantu sekali aplikasi ini.
620f690a-d257-4967-aebf-26087df44600,Pakde Badrun,5,2026-08-23T12:27:20.855Z,Lainnya,Positif,Positif,0.9889,oke
0d3b823c-0468-4f60-9658-9bd74f48fb00,idris Suardi,5,2026-08-23T12:27:16.628Z,Lainnya,Positif,Positif,0.9775,👍👍👍👍
76b0141d-b230-424c-b42b-34fd54ddd456,Ant Redrevolver,5,2026-08-23T12:05:43.389Z,Lainnya,Positif,Positif,0.9897,sangat membantu
eff9428a-16f2-42bc-9183-bf11b3214072,Yuda Pangestu,5,2026-08-23T11:58:00.250Z,Autentikasi & Akun,Positif,Negatif,0.6929,bagaimana cara aktifkan akun yg belum terverifikasi
c45c9db7-ca6f-4e0e-90ce-10ad6872836b,Yoon Meri,5,2026-08-23T11:54:29.541Z,Lainnya,Positif,Positif,0.9715,"sangat membantu,, proses nya gak ribet untuk ibu"" gaptek kaya saya 🙏🏻"
aebffac7-685b-49c5-a4b9-c6be0c236c72,Yantilaia Laiayanti,5,2026-08-23T11:49:47.592Z,Lainnya,Positif,Positif,0.9897,sangat membantu
884b28bf-3b70-43cd-9a16-3f31d9077ee8,Hafid Hafid,5,2026-08-23T11:29:52.696Z,Lainnya,Positif,Positif,0.9897,sangat membantu
8a568d57-cc8a-40bd-854d-8f8c00511b6e,Rohendi 27,5,2026-08-23T11:29:23.377Z,Lainnya,Positif,Positif,0.9897,sangat membantu
d3409927-2f31-4446-9480-904e33a36bb7,"Yahudi, S.Kep., Ns",5,2026-08-23T10:38:46.531Z,Lainnya,Positif,Positif,0.9775,mantap
ba72317d-aa8e-4c44-a56f-ddfc5b8b7655,Bintang Timur,1,2026-08-23T10:26:16.674Z,Autentikasi & Akun,Negatif,Negatif,0.9755,"gak bisa daftar terkendala verifikasi no HP..... gagal melulu. suekkk kenapa kali, sdh coba nomer hp yg lain juga gak bisa-bisa. hadehhhhh riwehhhh"
c2572ba7-c16e-4243-a4fe-f613c69ec2e3,Jasa Lukis Murah,1,2026-08-23T10:23:34.543Z,Kinerja & Server,Negatif,Negatif,0.9434,"lemot banget , klo ga bisa bikin apk mending ga usah,, tambah bikin susah aja"
7f8da125-612d-4ff8-833e-63397eb4d0c0,Afrizal Ahmad,1,2026-08-23T10:12:51.800Z,Lainnya,Negatif,Negatif,0.9201,aplikasi tidak guna terlalu berbelit
9731605c-bd68-401b-8918-571856c41470,Queen audio_Blitar,1,2026-08-23T09:54:45.200Z,Autentikasi & Akun,Negatif,Negatif,0.947,apl cacat isi nomor hp tidak bisa bagaimana mau verifikasi 😪
aa16debe-9cc0-4deb-909c-54f85f45078d,SALMAN GAMING,1,2026-08-23T09:51:12.870Z,Antrean & Faskes; Iuran & Layanan,Negatif,Negatif,0.799,aplikasi yang di buat pemerintah untuk mempersulit pasien anggota bpjs
f993af51-77ae-48ba-b48f-25eeb5b337a4,Satrio Nugroho,1,2026-08-23T09:31:45.633Z,Autentikasi & Akun; Antrean & Faskes,Negatif,Negatif,0.9841,susah daftar padahal sudah benar no NIK nya kenapa salah trs keterangannya
605cf1d5-3c9c-4acb-8b98-ffad47148f77,Perawat Mata,5,2026-08-23T09:30:39.794Z,Antrean & Faskes,Positif,Positif,0.8367,memudahkan pasien dalam berobat
2c559cde-fb3c-494f-bf0e-4b8e200a28e2,Nur Ayyul Hisbani,5,2026-08-23T09:23:59.526Z,Antrean & Faskes,Positif,Positif,0.9328,sangat membantu dalam pelayanan antrian di faskes
002dfcfd-797e-4989-a3fc-30971c2556c2,Fazry Rahman Maulana,5,2026-08-23T08:52:07.715Z,Lainnya,Positif,Positif,0.9897,sangat membantu
69745b27-d01f-4372-a01b-f4c581fd34c8,Aris Prihantoro,1,2026-08-23T08:48:13.591Z,Autentikasi & Akun,Negatif,Negatif,0.9702,"gimama sih ada fitur lupa password kok kirim kode otp ga bisa trus dahal pulsa ada nomer masih aktif, dari dulu loh aplikasi ini ga pernah ga bikin emosi aja"
94d9e5d9-f9b2-444a-9cbc-31e3dd9341c2,Agus Setiawan,5,2026-08-23T08:44:13.887Z,Iuran & Layanan,Positif,Positif,0.9785,saya sangat terbantu dengan bpjs kesehatan
459d80d4-123f-41cf-80ff-e3cc48450355,D.lia Flo,5,2026-08-23T08:30:12.958Z,Lainnya,Positif,Positif,0.9775,good
fa1b3a70-5881-4295-b06f-eb26e20e8732,Heriyati Yati,5,2026-08-23T07:39:29.755Z,Lainnya,Positif,Positif,0.9775,mantap
7f426f76-3e7f-4eca-8cd7-e01cbdfdd087,Jhon _dragon,5,2026-08-23T07:15:35.600Z,Lainnya,Positif,Positif,0.8969,Bagus dan proses lancar
cc0f88f4-fcc5-4863-9a1a-97cd928fd09a,Huda Dliyaulhaq,1,2026-08-23T07:06:45.526Z,Lainnya,Negatif,Negatif,0.8412,"aplikasi gajelas, tolong diperbaiki masa katanya foto, tapi ga kedetect sama sekali"
0b028248-dc2a-4569-9982-8c9178b1c9db,Indah Karimah,2,2026-08-23T06:51:04.878Z,Autentikasi & Akun; Iuran & Layanan,Negatif,Negatif,0.9441,"jngann dikitt keluar dri apk trus nama, kan udahh jelas udah pke no ktp , setiap mw di cek udah harus masuk ulang gitu aja trus"
dc294964-e311-4f95-b11c-0804a65f0635,Nursadi 123,1,2026-08-23T06:49:13.471Z,Lainnya,Negatif,Negatif,0.9732,pelayanan buruk
742ed026-6e54-499a-8af9-45f3b3fd5715,Siti Aminah,5,2026-08-23T06:23:46.657Z,Lainnya,Positif,Positif,0.8451,kereen
b79e8207-eef5-46aa-8fc3-b48c943c8e25,Cahyo,5,2026-08-23T06:14:52.261Z,Lainnya,Positif,Positif,0.9775,good
3d222b83-4325-4c76-a799-f2187d07d9f6,Herdhilla Yollandha,5,2026-08-23T06:09:34.203Z,Autentikasi & Akun; Antrean & Faskes; Iuran & Layanan,Positif,Positif,0.9023,"sempet bingung tapi ternyata gak sesulit itu, mau pindah faskes juga mudah Alhamdulillah"
ce5009e0-32bd-4000-abcc-9a4f9a450273,Risma Purba,1,2026-08-23T05:30:35.277Z,Autentikasi & Akun,Negatif,Negatif,0.9892,aplikasi keluar mulu saat masukin kode otp. KLO udah masuk tiba tiba log out sendiri . password dimasukan selalu bilang salah terus harus ganti dan gak ingat password Mulu. aplikasi yg banyakan dikorupsi begini ya . kesel bgt .
1b6ffb7b-7aae-45e1-9a76-3bd73ce02113,Nurul Barirah,5,2026-08-23T05:11:49.711Z,Lainnya,Positif,Positif,0.9775,mantap
efd5e70b-4a97-4a06-bc93-bedc7510a815,Ginanjar Adi,4,2026-08-23T04:55:24.763Z,Lainnya,Positif,Positif,0.9889,ok
738692c8-1020-4971-bf35-5def6eec46de,agil sahriyal,5,2026-08-23T04:44:14.774Z,Lainnya,Positif,Positif,0.9775,kerenn
4f28e61c-6712-48df-ac8a-df1175f10fa3,Adzin Radja,1,2026-08-23T04:23:43.663Z,Autentikasi & Akun,Negatif,Negatif,0.9855,"saya mau daftar akun baru untuk bapak saya kok GK jadi jadi, nunggu kode verifikasi lewat SMS muncul tulisan gagal gagal mlu ini gimana ini,"
9bd35ab3-0b4e-44cd-bda8-231d921213d9,RN Alfie Chameswara,1,2026-08-23T04:11:48.725Z,Lainnya,Negatif,Negatif,0.8749,"dipaksa pakai aplikasi, tapi aplikasinya menyusahkan"
bd990e60-94dd-4525-ab1f-1536c8430855,Dapur Mbak Widy,5,2026-08-23T04:10:47.943Z,Lainnya,Positif,Positif,0.9958,baik Semoga bermanfaat
6fb5b4fe-0a6a-4af5-b02c-3d1820ec6f3c,Die Iday,5,2026-08-23T03:23:21.373Z,Lainnya,Positif,Positif,0.9791,memuaskan
9908f7a7-d754-4d2a-9a08-1ae4ec6404a8,Hijau Daun,5,2026-08-23T03:23:01.244Z,Lainnya,Positif,Positif,0.9597,bagus lah applikasi ini membantu masyarakat dalam mendapat hak nya dlm kesehatan. trmnksh
70973f04-c88d-4a1e-941f-f7f8d3890811,Pengguna Google,1,2026-08-23T03:22:37.761Z,Autentikasi & Akun; Antrean & Faskes; Iuran & Layanan,Negatif,Negatif,0.8616,"Untuk apa ada apk jkn mobile kalau aku ngga pernah dapat mmr antrian di poli gigi dan mulut klinik kimia farma percuma aja aku byr iuran bpjs tiap bulan klau ngga bisa berobat di poli gigi klinik kimia farma, tambah dokter gigi dan batasi orang orang yg udh sering berobat di poli gigi lewat jkn mobile utk tidak mendaftar lagi supaya semua pasien bisa kebagian berobat di poli gigi klinik kimia farma."
d33e4433-cd22-40d5-9576-ea65bd5bf190,Kurnia Efendi,1,2026-08-23T03:17:10.110Z,Autentikasi & Akun,Negatif,Negatif,0.9665,"udah download.. saat mau di pakai,di arahkan login ulang.. alasannya data nik tidak sesuai,no hp tidak sesuai. aplikasi pembodohan.."
9b09aee7-d945-4213-be60-6751570421cd,Hesti Sugiarti,5,2026-08-23T03:17:00.865Z,Lainnya,Positif,Positif,0.9965,bagus sangat membantu
347e83e0-3fa7-420f-a170-cbf96b6b07cc,Maissy Widya Putri,1,2026-08-23T02:38:51.442Z,Autentikasi & Akun; Kinerja & Server,Negatif,Negatif,0.8665,"tolong diperbaiki, masa daftar akun aja gak bisa eror terus"
12ef8fad-d4d7-4d6f-b33d-00ea49e8ba0a,Muhammad Abyas,3,2026-08-23T02:38:04.600Z,Autentikasi & Akun,Positif,Negatif,0.945,"nomer dh bener, napa ora kekirim² dah OTP nya?"
e30f7f23-2c8a-4760-875b-c4d70ea6841a,Otniel Loiwatu,5,2026-08-23T02:24:15.186Z,Lainnya,Positif,Positif,0.9889,Ok lah
a0901f07-5e06-470e-b06d-302332fa960c,said amirudin,5,2026-08-23T02:17:42.811Z,Lainnya,Positif,Positif,0.9775,jos
8b077d6c-69b0-408f-856c-ef4efadd5693,Fakhri Fajri,5,2026-08-23T01:49:56.690Z,Lainnya,Positif,Positif,0.9725,lebih membantu n mudah aksesnya
efe5921b-685f-4a94-b462-2d7d765d2407,milda ysr,1,2026-08-23T01:45:59.664Z,Lainnya,Negatif,Negatif,0.691,APLIKASI GA JELASSSS!!!!
a5d99b1f-52c0-4bca-aaa6-313cdab11c01,Lasmini Mini,5,2026-08-23T01:34:46.978Z,Lainnya,Positif,Positif,0.9775,bagus
ea031f59-3e08-40c4-bed7-85c5de59a240,Ochi Zidan,5,2026-08-23T01:13:09.980Z,Lainnya,Positif,Positif,0.9686,"pelayanan cepat,respon cepat, aplikasi hebat"
0f83e144-2d2b-4a61-b7fd-2648e2b553a6,anggrek tiga,5,2026-08-23T01:12:43.422Z,Lainnya,Positif,Positif,0.9897,sangat membantu
b760bfc1-154b-4a97-80fc-ed35b30b93ec,Wahyu Pamungkas,5,2026-08-23T01:01:19.430Z,Lainnya,Positif,Positif,0.8606,"Excellent,keep working"
77e6e926-c051-41e4-a6ee-898cb79768da,Jamaluddin,5,2026-08-23T00:55:53.142Z,Lainnya,Positif,Positif,0.726,layar jangan cepat kembali
ae487849-e4b2-4652-b593-5e2d2cda2674,Alfarizi Alfarizi,5,2026-08-23T00:54:45.512Z,Lainnya,Positif,Positif,0.9519,cepat tanggap jelas
7d5867a3-4eeb-472f-b79e-86d918f01cda,Teguh Herianto,1,2026-08-23T00:53:35.982Z,Antrean & Faskes,Negatif,Negatif,0.8361,knapa sekarang hp saya jadi tidak kompatibel dengan mobile JKN harap disediakan juga versi resmi lamanya
9b8931a1-f8d1-4dbd-a134-5812febc33f0,Rizky bagja Wiguna,5,2026-08-23T00:37:24.613Z,Lainnya,Positif,Positif,0.5334,biak
22f1111e-6597-41b1-b662-278e1499b118,tiara shirline,1,2026-08-23T00:10:50.200Z,Autentikasi & Akun; Kinerja & Server,Negatif,Negatif,0.9823,jelek sistem pendaftaran pasien bug terus
e1cb9dd7-dd04-4792-ba23-4a62eb1ccad5,Gendowol 92,5,2026-08-23T00:03:44.250Z,Lainnya,Positif,Positif,0.9973,sangat membantu mudah dan praktis..semoga kedepan bisa ditingkatkan lagi
ce4a8ae2-7288-4bd3-804e-a682df4cd47e,henhen Gondrong,1,2026-08-22T23:21:08.183Z,Autentikasi & Akun; Antrean & Faskes,Negatif,Negatif,0.9124,"mau daftar ke faskes lanjutan kedua tidak bisa.. padahal ada di aplikasi tulisannya pasien rujukan. tp gagal trus .. waktu mau daftar offline ga boleh, harus lewat online..!! ini apl mau bikin pasien sembuh atau nggak?"
7f094ffd-4a4c-4aaa-9ac4-1abc43b51524,Mba Dian,5,2026-08-22T23:12:51.683Z,Lainnya,Positif,Positif,0.9496,sangat efektif dan memuaskan.
ece98af6-fe18-4d3b-b71e-23d9430d92dc,Neneng Riska,4,2026-08-22T23:10:04.902Z,Autentikasi & Akun; Antrean & Faskes,Positif,Negatif,0.9826,"pengalaman saya sangat sulit untuk daftar masa harus nunggu kode otp selama 300detik udah nyampe waktu segitu masih gagal salah masukin kode otp terus hp harus ada pulsa,nya udah diisi pulsa tetep nggak bisa masuk padahal anak saya harus kontrol ke RS harus online tapi sangat sulit untuk daftar tolong dong gimana sih caranya saya sudah capekkkkkk"
9c3f6569-d5c4-49f1-9a8f-c40237565cd3,Lilis Widayati,5,2026-08-22T22:48:17.372Z,Lainnya,Positif,Positif,0.7721,Tidak ada ganguan layanan....sat set JKN
476419ec-b1af-4e17-8fb8-a671508db24a,Qoez ryant Van Payton,5,2026-08-22T22:32:08.375Z,Lainnya,Positif,Positif,0.9728,best apk
08fabd9a-a69a-46b2-beb1-024c914f24a1,The Revalle,1,2026-08-22T19:09:42.769Z,Autentikasi & Akun; Kinerja & Server,Negatif,Negatif,0.6393,"Menurut Saya sebagai pekerja medis yang pendaftaran melalui aplikasi mobile JKN ada beberapa Hal yang menurut saya harus di hilangkan.. Yaitu Capcha, karna beberapa pengguna itu adalah Lansia yang bahkan login saja pun tidak banyak orang yang mengerti, ditambah Capcha angka tolong ya tim, kita juga ingin dipermudah jadi dibantu update selanjutnya hilangkan saja Capcha.. kalau ingin verifikasi cukup im not robot tinggal klik sampai centang lalu login. Terima kasih"
d48595d0-6103-4fe1-969b-853447796235,BangZay Zay,1,2026-08-22T18:24:11.114Z,Autentikasi & Akun,Negatif,Negatif,0.9423,"GAK MAO RUGI,,,DAFTAR HARUS ADA PULSA..TOLOL"
b55bc0df-ee46-4014-95d0-5ffa7c6f59a5,Wati Mila,1,2026-08-22T17:50:48.123Z,Lainnya,Negatif,Negatif,0.8924,apk ribettttt.
6838b7d6-eb60-4aba-aab4-99f6bd388619,Nad be yourself,1,2026-08-22T16:38:17.795Z,Lainnya,Negatif,Negatif,0.6997,tidak bisa di download padahal penyimpanan tidak penuh sama sekali
270d2e11-5ea5-4de1-aa4a-73a778c1d122,anton sari,5,2026-08-22T16:16:58.701Z,Lainnya,Positif,Positif,0.9889,oke
c81fc537-436a-4c42-94c8-2c41fa722d86,siti rahayu,5,2026-08-22T16:13:39.474Z,Lainnya,Positif,Positif,0.9889,ok
39de1ff4-0bf7-4091-ab4b-d9abbf786b19,jhonny frank127,5,2026-08-22T16:05:59.358Z,Antrean & Faskes,Positif,Positif,0.9761,sangat rekomendasi menggunakan aplikasi mobil jkn ini sangat memudahkan urusan berobat
8e85f04e-4780-4957-9cd1-bc36e6c0c91b,Putra Abdi,1,2026-08-22T15:44:51.522Z,Antrean & Faskes,Negatif,Negatif,0.9287,"ini aplikasinya seharusnya menolong, kok malah gak membantu sama sekali, masa aplikasinya di buat jadi lebih baru, dan membuat HP yg versi lama tidak dapat menggunakannya."
d81d67a6-0aa8-4850-8286-cdba5ad159d6,Su Yanti,5,2026-08-22T14:57:30.559Z,Lainnya,Positif,Positif,0.9761,responnya bagus dan cepat
d8d46d7a-3dc7-49ac-a21d-b72745b2a6d6,Sri Suwarni,5,2026-08-22T14:53:34.160Z,Lainnya,Positif,Positif,0.9889,ok
27efecd5-22b0-44d7-9287-799f15336323,Firla kania Kania,1,2026-08-22T14:30:04.540Z,Autentikasi & Akun,Negatif,Negatif,0.9792,"sangat sangat jelek, kode otp sudah di tunggu ber jam jam tidak juga masuk"", aplikasi apa ini"
307b54e7-9c4f-41e4-aede-fa560fb693ae,Arief Surahman,5,2026-08-22T14:25:41.979Z,Lainnya,Positif,Positif,0.9889,ok
5486e8b0-a575-4b6b-96ac-e847d18b4c8f,Iwan Setiawan,1,2026-08-22T14:25:27.559Z,Autentikasi & Akun,Negatif,Negatif,0.9582,aplikasi gak jelas buat daftar sama masuk aja susah banget
a73cabf6-c35f-48b1-80bc-07fc10578f9e,Laolee Clover,5,2026-08-22T14:24:18.208Z,Lainnya,Positif,Positif,0.9791,Apk bagus sangat membantu
ac1702be-c3fb-43d3-9bf2-3fbc4259bd71,Risqi Syaifulloh,5,2026-08-22T14:15:51.990Z,Iuran & Layanan,Positif,Positif,0.9918,mantap sangat membantu melindungi kesehatan keluarga
c03a5f4e-bf30-4c1c-bcd4-0925d0cf6eab,Hasna Masuku,5,2026-08-22T14:05:47.189Z,Lainnya,Positif,Positif,0.9775,bagus
c3c838ab-d890-4131-9ad1-767481fa0b56,Nur Aeni,5,2026-08-22T13:47:34.748Z,Lainnya,Positif,Positif,0.9897,sangat sangat membantu
7524f32e-d08b-4818-aff6-56679269f84d,ton siti,5,2026-08-22T13:28:17.577Z,Lainnya,Positif,Positif,0.8822,lumayan
e06818d0-2bfb-471a-92d8-91a8f22cf17c,Mulyana 2026,3,2026-08-22T13:00:59.509Z,Lainnya,Positif,Positif,0.9775,bagus
e8df761d-af84-4e4f-bfd7-861779c044a4,faujan fauzi,5,2026-08-22T13:00:04.657Z,Autentikasi & Akun; Iuran & Layanan,Positif,Negatif,0.9027,"ni saya kasih tau buat sodara sodara yang susah timbul kode OTP dari sms, klw mau timbul kartunya harus ada pulsanya, minimal 5000 rupiah, baru akan timbul"
4124e3c6-b6f8-4db0-a8a6-f5c89dcae1db,dini triwianda,5,2026-08-22T12:57:53.261Z,Lainnya,Positif,Positif,0.9775,good
a737e662-772c-4c25-8453-fba7dd00b3f8,Tina Tina,5,2026-08-22T12:53:59.696Z,Lainnya,Positif,Positif,0.9749,sangat puas
c9894524-4894-4c74-869d-964451bd0b5a,MoeN MediA,1,2026-08-22T12:37:54.144Z,Autentikasi & Akun,Negatif,Negatif,0.9572,"kode verifikasi no hp aja dua tahun mana bisa daftar lah, apk nggk jelas"
4e42bb26-47b6-4640-969d-8ba5df81fdef,Dede Yusuf Susilo,5,2026-08-22T12:17:04.335Z,Lainnya,Positif,Positif,0.9941,terimakasih telah banyak membantu
1eab29a3-4ab8-4736-bff9-76c5ad5ee282,sri mulyani sunarti,5,2026-08-22T12:14:40.222Z,Lainnya,Positif,Positif,0.989,pelayqnannya luar biasa terbaik sigap dan cepqt
67f16108-6f35-4a49-adad-73e4612fa4b1,Quality Time,2,2026-08-22T12:11:05.663Z,Kinerja & Server,Negatif,Negatif,0.7921,cek dulu kalian punya aplikasi. error terus.. jangan sedikit dikit suruh ke kantor. kasian yg rumahnya jauh dari kota.
22ed5f5c-d341-47a9-b122-acb5b46a1cc1,Esa putra Nainggolan,5,2026-08-22T12:06:21.529Z,Lainnya,Positif,Positif,0.9564,sangat baik
6237aeb4-0a25-4384-a61e-ac46c32f5ebd,Gareta Yoga,1,2026-08-22T11:45:31.762Z,Autentikasi & Akun; Antrean & Faskes; Kinerja & Server; Iuran & Layanan,Negatif,Negatif,0.9597,"tolong aplikasinya diperbaiki, terlalu banyak hal minusnya dibanding positifnya. positifnya, kalau mau pindah faskes tidak perlu antri, bisa melalui app ini. kita juga bisa lihat riwayat pemeriksaan dan diagnosanya. cuman minusnya banyak 1. lama engga dibuka, auto log out dan harus mulai log in kembali dengan NIK, face, dll 2. setiap dibuka minta di update terus. kalau dipencet batal update, malah keluar dari app. tapi pas sudah di update, tetep aja tulisan update itu muncul terus dan lemot"
ec591e94-5956-45c4-b2a1-0b09770eff45,adi purwanto,4,2026-08-22T11:41:10.106Z,Lainnya,Positif,Positif,0.9094,Mempermudah untuk mengakses fasilitas kesehatan
be48011c-788a-49d1-a801-cb99a0b2827e,Fariz Hidayat,5,2026-08-22T11:33:19.438Z,Lainnya,Positif,Positif,0.9897,sangat membantu
7b88bec2-e6ed-4e95-9282-4f0379e99a71,ituada apa,2,2026-08-22T11:24:29.440Z,Autentikasi & Akun; Antrean & Faskes,Negatif,Negatif,0.9301,"Saya merasa bingung dengan Aplikasi ini, saya ngontrolin ibu ke RS tiap bulan dan akhir² ini harus ambil antrian via online,tapi tiap kali masuk gak bisa dan gak ada petunjuk/penjelasan apanya yang salah/kurang padahal aplikasi ini yang daftain dari pihak RS dan saya di kasih nota akun Mobile JKN nya ,tapi saya masuk/log in mengikuti akun tertulis itu ttap saja tidak bisa,"
20a8d1ab-4edb-4b7a-887d-2e5193edb051,Ny Beti,1,2026-08-22T11:17:06.301Z,Lainnya,Negatif,Negatif,0.5311,"ini kenapa ya g bisa di install dan malah tanda merah,mohon dibantu"
10e4be1e-d2ca-46b7-8f2a-78841be12ed2,Arfa Cute,5,2026-08-22T11:07:56.965Z,Lainnya,Positif,Positif,0.9775,bagussss
f4c0ee0e-29b4-4218-b3e8-a5a31b259799,Elfira Febriyanti,3,2026-08-22T11:02:24.397Z,Autentikasi & Akun; Antrean & Faskes; Kinerja & Server,Positif,Negatif,0.7266,"daftar ke faskes tingkat lanjut slalu berbunyi server gagal, tolong perbaiki donk"
8dfea1fb-8949-41d3-bbe8-4f3a7a46ad04,Aulia PR,2,2026-08-22T10:56:09.973Z,Autentikasi & Akun; Antrean & Faskes,Negatif,Negatif,0.7597,"Cukup merepotkan. Terlalu sering log out dan ganti pin. Menghambat kegiatan saat dibutuhkan membuka Mobile JKN, terutama saat sedang di faskes dan harus membukanya. Settingannya bisa diganti tidak?"
cb9ba67f-5081-4f6c-ae1c-5b18be6d1b2e,Gian Zaky,1,2026-08-22T10:53:11.291Z,Antrean & Faskes,Negatif,Positif,0.5706,lama respon pihak rs menhubungi admin tidajmk di respon cocok bintang 1
751d54fd-2e41-4a55-aa43-839f9d7d8dbc,Surya Pass,5,2026-08-22T10:42:45.245Z,Lainnya,Positif,Positif,0.9564,sangat baik sekali
1df50922-2bc7-4ca8-9b4f-86d3f4e9303e,Harsya Forever,1,2026-08-22T10:17:01.406Z,Lainnya,Negatif,Negatif,0.9056,payah ga bisa didownload
da5fd255-cd85-465b-8dde-333a9dc31c7c,S. Heri. W 80,1,2026-08-22T10:05:33.146Z,Autentikasi & Akun,Negatif,Negatif,0.9545,"Susah loginnya, nik salah, capta salah, ya ampun"
a8fd1a23-b0bf-4a25-be59-471296a332d5,Nur Asna,1,2026-08-22T10:02:10.279Z,Lainnya,Negatif,Negatif,0.9614,aplikasi tidak mendukung hp saya. buruk
ca64bbc2-aa67-4399-ac26-9eb3405fa0ff,Winara 95,1,2026-08-22T09:55:50.289Z,Autentikasi & Akun,Negatif,Negatif,0.9778,sudah mendaftarkan nomor HP tapi saat mau dapetin kode Verifikasi gara gara lupa sandi malah dibilang maaf nomor HP belum terdaftar. Padahal nomor HP sudah didaftarkan kok dibilang belum terdaftar makin ngawur nih aplikasi
7417ca00-4f09-4dcd-83da-0fa7cdf7f70b,Yahya Hanadi Arimatea,5,2026-08-22T09:49:49.274Z,Lainnya,Positif,Positif,0.9775,mantap aplikasinya
f69ce447-5b31-4b34-95fa-6be09c19b63d,deva wu,1,2026-08-22T09:41:59.213Z,Autentikasi & Akun; Kinerja & Server,Negatif,Negatif,0.906,"gimana si mau masuk Regis aja eror terus aplikasi, nyusahinnnn"
99b4168e-0dee-4837-b02b-32c037ed66f9,Rivki Hdyt (INI RIVKI),1,2026-08-22T09:11:24.198Z,Antrean & Faskes,Negatif,Negatif,0.906,Aplikasi menyusahkan pengguna lansia buat Vermuk aja di persulit yakali orang dah tua yang lagi sakit di suruh senyum
0a5b13cf-9bf0-46d1-a0e0-1e13e7409b6b,Klesia Tampubolon,5,2026-08-22T09:02:46.467Z,Iuran & Layanan,Positif,Positif,0.9625,"sangat membantu, jadi tadak perlu kekantor bpjs"
0e05e296-058b-411d-bc4a-473e1d7fac3a,Eko Zet,1,2026-08-22T08:49:58.733Z,Autentikasi & Akun,Negatif,Negatif,0.9832,"mau daftar verifikasi ke no HP gagal terus ini bagaimana,mau daftar online jadi susah"
436b310b-ceb7-4c38-9392-c10b9b07a7bc,Restu Irfan,1,2026-08-22T07:32:07.913Z,Autentikasi & Akun,Negatif,Negatif,0.9299,apk nya gak bisa di gunakan mau daftar aja susah banget ini yang rusak apknya apa gimana sih
d20b5dbf-66bc-4f85-b6cb-327207c47cb7,Belajar Audio Bersama,5,2026-08-22T07:14:46.570Z,Autentikasi & Akun,Positif,Positif,0.9573,sangat membantu..terutama pada saat pendaftaran.. bisa online lewat aplikasi JKN.. mantabb👍
537b1d85-43be-4732-bc19-becafff9ad67,nur fangi,5,2026-08-22T06:58:56.569Z,Lainnya,Positif,Positif,0.9752,sangat bermanfaat
4fd17b0b-ad9c-4d62-99e4-665b14590676,Sugik Aja,5,2026-08-22T06:51:43.232Z,Lainnya,Positif,Positif,0.9428,sangat membantu masyarakat
48e77fd1-e562-46ea-897a-de600294ebb7,Toni Hutabarat,5,2026-08-22T06:50:06.128Z,Lainnya,Positif,Positif,0.9152,semoga aja aplikasi nya cepat loding nya dan semakin canggih
1d13a620-805d-44df-8b12-611bdf77a344,Bowyn Putra,5,2026-08-22T06:39:01.180Z,Lainnya,Positif,Positif,0.943,mudah di gunakan
c2c65608-a1ad-427b-8d2c-d7a46c7a7e71,Mangsur Firmansyah,5,2026-08-22T06:32:58.444Z,Lainnya,Positif,Positif,0.9941,"terima kasih, sangat membantu"
e30bc269-e56f-4f1c-8608-62201913edf5,Michale,1,2026-08-22T06:14:38.176Z,Autentikasi & Akun,Negatif,Negatif,0.9742,apk busuk... registrasi ngga bisa
2c905d36-cf3c-4695-aab6-a4b003a1246b,pr hamzah,5,2026-08-22T06:06:50.990Z,Lainnya,Positif,Positif,0.9897,sangat membantu sekali
4110bbcc-a15c-4140-8ded-9105f4741d99,angga w pdf,1,2026-08-22T06:04:12.288Z,Antrean & Faskes,Negatif,Positif,0.5171,"Harusnya mempermudah,bukannya mlhh mmempersulit, saja,sangat ,bubarkan saja ya, baru habis Bodrex 4"
dbb33b9d-f4e5-44c5-8f7b-5f33e2267dd7,Anak Sedeng,1,2026-08-22T05:46:34.775Z,Autentikasi & Akun,Negatif,Negatif,0.9638,"susah daftar, SMS GK dapat."
66e9e6a9-6f89-488e-a003-c88bcd325583,Afi Fah,5,2026-08-22T05:40:44.767Z,Lainnya,Positif,Positif,0.9302,mudah bangget
b0e67eb3-afbd-44c1-8a69-7c3a486119b0,Umi Savo,5,2026-08-22T05:17:20.538Z,Lainnya,Positif,Positif,0.9752,sangat bermanfaat
e0a64110-c801-470b-900a-69839c94895d,Rustika Tika,5,2026-08-22T05:15:34.719Z,Autentikasi & Akun; Antrean & Faskes,Positif,Positif,0.9715,sangat terbantu dan cepat untuk mendaftar berobat
67b56791-e49f-42f6-ba74-fb7626ac2e86,H dan R,1,2026-08-22T05:12:07.239Z,Autentikasi & Akun,Negatif,Negatif,0.9169,daftar bikin pusing. pulsa 20ribu habis buat sms gak jelas. gak bisa di gunakan juga.
22599ea3-db42-4fdf-b429-b6777a0ab30c,Endi setiawan Setiawan,5,2026-08-22T04:37:43.654Z,Lainnya,Positif,Positif,0.5276,Sangat di butuhkan
daa0cb65-6ba2-4737-a4e3-bd7ce9f22a78,m. irwan setiawan,1,2026-08-22T04:30:16.380Z,Autentikasi & Akun,Negatif,Negatif,0.9893,"APLIKASI SAMPAH, NUNGGUIN KODE OTP MELALUI SMS GAK DIKIRIM KIRIM, SAMPAI BOSEN NUNGGUIN NYA. DITAMBAH VERIVIKASI WAJAH GAK BISA BISA, APLIKASI BOBROK."
f97a3a95-3acd-434e-925c-2e19621613c1,M ZACH RI SAID,5,2026-08-22T04:24:35.843Z,Lainnya,Positif,Positif,0.9889,oke
f1f13164-f455-4b2e-921e-d08d06709ae7,abdi abdillah,5,2026-08-22T03:56:08.000Z,Lainnya,Positif,Positif,0.5334,selalu terdepan
ac564970-44c4-4335-8fbb-cfdbd453c22f,GabrieL 99,5,2026-08-22T03:43:29.352Z,Lainnya,Positif,Positif,0.8822,Lumayan
5aa058a1-3c1f-4309-b336-600e1227d55f,Adlina,1,2026-08-22T03:42:35.480Z,Autentikasi & Akun; Antrean & Faskes,Negatif,Negatif,0.8503,"aplikasinya ga jelas bangt udah dri pagi sampai siang nyoba verif wajah gagal mulu, beneren lah orng mau berobat malah jdi di persulit kalo kayak gini"
e83684be-fcec-42b5-b54f-8213e57e5de9,Ayu Setyowati,5,2026-08-22T03:41:48.679Z,Lainnya,Positif,Positif,0.9927,ok baik
c22fdd29-381d-4eca-bc49-fba506aa9de1,Hariadi A,5,2026-08-22T03:34:44.188Z,Lainnya,Positif,Positif,0.9302,sangat mudah
f6b74dea-cb1c-46f6-8f5d-a26e057887d6,nanda mahyudin,5,2026-08-22T03:32:46.489Z,Lainnya,Positif,Positif,0.9542,pelayanan cepat
379cf4f1-225b-49a2-a66f-621b343cfda0,Kadek Dipodiana,5,2026-08-22T03:32:17.461Z,Lainnya,Positif,Positif,0.9775,mantap
f0b3a54b-c7de-40d5-9bd7-53b85af94432,Kaman Sulaiman,5,2026-08-22T03:21:34.344Z,Lainnya,Positif,Positif,0.9775,bagus
4d62bbbf-7d64-415a-81db-a2189960d794,Waenoful,5,2026-08-22T03:13:20.243Z,Lainnya,Positif,Positif,0.9721,sudah banyak membantu. lebih efisien waktu
4e5b4bba-17a1-4cde-91f0-d7eed8d6f598,Hery 181,5,2026-08-22T03:07:18.644Z,Lainnya,Positif,Positif,0.9587,mantap jiwa
b3f3a1d6-8764-473f-bc21-799060edcaca,no3nk wenk,1,2026-08-22T02:38:57.630Z,Autentikasi & Akun; Kinerja & Server,Negatif,Negatif,0.9412,"apaan, abis update, tiba2 suruh login lagi.. apalagi saya lupa pass word nya.. padahal gak ganti hp .. fp tiktok aja klo abis update gk suruh login lagi"
c36bc216-1a6c-4313-8399-36a338fb3458,Chailing naa,5,2026-08-22T02:29:34.198Z,Lainnya,Positif,Positif,0.9897,Sangat membantu
7c2573ec-fdfb-45e4-acfc-132905f2a20c,syukri yusuf,1,2026-08-22T02:28:53.438Z,Lainnya,Positif,Positif,0.8365,rata2 aplikasi pemerintah sangat bagus...
2ee08df7-f4d8-4775-a590-d64d2f9e76b9,lii,1,2026-08-22T02:27:57.274Z,Kinerja & Server,Negatif,Negatif,0.7272,"aplikasi lelet, pelayanan lelet"
5a64a231-c2dd-4c00-9dc3-aa88789942b4,Nassa,5,2026-08-22T02:23:31.647Z,Autentikasi & Akun,Positif,Negatif,0.7918,tolong mode verifikasinya ga pernah terkirim gimana mau daftar kalau kaya gini
e0cee70b-1fdb-4cf7-8de9-09bc125bc38e,fra yuda,5,2026-08-22T02:01:03.319Z,Lainnya,Positif,Positif,0.9907,"semoga bagus.,"
af9a8a90-fca7-4e09-bede-6df36a002bc8,Intifadah Ummu khanifah,1,2026-08-22T02:00:53.462Z,Autentikasi & Akun,Negatif,Negatif,0.7739,"buat akun aja susah banget 1 jam an tetep gabisa terus, dari semalem cuman mau buat akun gabisa, bermasalah kok terusan"
6bf1c1f6-9b01-4a0b-9243-6a47f74dc750,hepi Sa10,5,2026-08-22T02:00:45.365Z,Lainnya,Positif,Positif,0.9564,terbaik
5b216cd8-a839-432c-9733-6e110aad97ce,Adelya Putri,5,2026-08-22T01:57:06.258Z,Lainnya,Positif,Positif,0.9941,Sangat membantu. terimakasih
f32722ca-3de6-4c64-b9a9-55453f632d47,Agus Setiadi,5,2026-08-22T01:54:37.890Z,Lainnya,Positif,Positif,0.8789,siiiip...
db7e61fd-816d-4cd1-9b2a-8dfeae8a4642,Rakata Foundation,5,2026-08-22T01:53:32.227Z,Lainnya,Positif,Positif,0.895,Memudahkan administrasi
76c41916-4da7-4db4-ab9a-55ed32399a84,RAHMAT Jobb,5,2026-08-22T01:39:45.300Z,Lainnya,Positif,Positif,0.9897,sangat membantu
54bccb96-d2ff-429f-8dcb-769cf51cc193,Ammar Nur Rahmanudin,5,2026-08-22T01:34:44.723Z,Iuran & Layanan,Positif,Positif,0.9118,"membantu, tanpa pakai kartu"
467c9e1c-3a30-4654-bba1-5fe1177b89a1,kopi hitam,5,2026-08-22T01:32:20.181Z,Lainnya,Positif,Positif,0.9775,mantap
7f17bcc0-1679-423a-a74c-915fdd1d1133,Syamsuddar,5,2026-08-22T01:21:35.298Z,Lainnya,Positif,Positif,0.7988,Bismillahirrahmanirrahim dg jkn sehat selalu
15503e8a-f362-4055-b74f-f49f65f6bee4,Dian,5,2026-08-22T00:59:49.185Z,Lainnya,Positif,Positif,0.814,mantaps
6f6e6d93-7fb9-4a12-88f9-274b07ce6dcb,Imam Faturohman,5,2026-08-22T00:54:10.324Z,Lainnya,Positif,Positif,0.9897,sangat membantu
27866e6a-bb64-42f7-8ca7-cfbc8477e98a,Aku Rela,5,2026-08-22T00:53:08.390Z,Lainnya,Positif,Positif,0.9564,sangat baik
c3f240be-fc31-4d7f-ac25-c20aac5227ca,Iin Andayani,5,2026-08-22T00:33:59.740Z,Lainnya,Positif,Positif,0.9775,mantap
512ae9f4-2415-476a-894d-0d498e1fb0cf,Pengguna Google,1,2026-08-22T00:23:20.906Z,Kinerja & Server,Negatif,Negatif,0.8706,aplikasi gila lemot
37fc8c16-9fcb-43a8-8b0b-ab71739e997e,Nur lela Anjani,5,2026-08-22T00:16:17.540Z,Lainnya,Positif,Positif,0.9564,sangat baik
0b2e5bd3-1d1a-4504-8dca-c65828099a83,Son Everth 002,5,2026-08-22T00:06:03.147Z,Lainnya,Positif,Positif,0.943,mudah penggunaannya
d093feda-ca28-45e9-8d35-a797156be885,Wahyu Hidayatullah,5,2026-08-22T00:03:14.847Z,Lainnya,Positif,Positif,0.9479,"Sangat membantu, fitur sangat lengkap"
2f93c483-5283-402b-9ac4-b57836a671c7,Upik Said,5,2026-08-21T23:59:58.469Z,Lainnya,Positif,Positif,0.9446,gercep
1d417050-0363-4fb5-89f8-79f6a26c38ee,indrajati S.S,5,2026-08-21T23:50:23.583Z,Lainnya,Positif,Positif,0.9388,Memudahkan pelayanan peserta jkn
1638ebef-2fbb-4157-b4e4-e2965fb9e8ce,Elvira Winda,5,2026-08-21T23:48:47.349Z,Lainnya,Positif,Positif,0.8724,mudah dan optimal
9a69f9cd-59ab-4a31-956b-393b2f158310,Soleh Hudin,5,2026-08-21T23:45:04.478Z,Lainnya,Positif,Positif,0.7674,pelayanan yang ramah juga kepedulian yang tinggi
f759cda6-d153-4af7-831d-8025012641c4,Heri Kurniawan,3,2026-08-21T23:29:35.974Z,Kinerja & Server,Positif,Positif,0.5199,menjengkelkan ketika harus update
069ec6e5-e596-42bf-9ba8-37be1495ea56,Galib libra,1,2026-08-21T23:24:55.791Z,Autentikasi & Akun; Kinerja & Server,Negatif,Negatif,0.9564,kita di suruh pakek aplikasi ini untuk daftar. tapi kenapa setiap buka aplikasinya selau logout. hdi kita harus login lagi ferivikasi lagi. jadi memperlambat
4b30b69c-dc3e-4832-8ed7-992d50f364f5,Ruri Mahruri,1,2026-08-21T23:22:02.435Z,Autentikasi & Akun; Antrean & Faskes,Negatif,Negatif,0.9809,sangat buruk setiap mau login susah..kode otp ga ke krim trs..rakyat malah d perbukitan dengan adanya aplikasi ini..tolong kalau masih mau di pake yg serius donk bikin aplikasinya jngan setiap saat gangguan gagal terhubung.kode otp g k kirim2..ini pke anggaran pajak rakyat kn dananya tolong d perbaiki.
8f001001-2811-4bc8-a99d-577c05874a3f,Ahmad Rizal,1,2026-08-21T23:21:16.313Z,Antrean & Faskes,Negatif,Negatif,0.869,"APLIKASI RIBET SEGALA DIBUAT VERMUK, MAU BEROBAT JUGA DI PERSULIT"
6570f0ae-d177-411f-9628-b24d44adeebb,zul kifli,1,2026-08-21T23:08:10.671Z,Autentikasi & Akun; Kinerja & Server,Negatif,Negatif,0.9811,"aplikasi gak jelas udah 2 hari nungguin SMS verifikasi gak bisa,katanya jaringan bermasalah..mending hapus aja dari playstore gak guna"
2ef4071e-34ce-4f2f-8c70-5f0f0860861d,Muhammad Taufiq,5,2026-08-21T21:57:34.351Z,Lainnya,Positif,Positif,0.9897,sangat membantu
382a2e2b-3be3-4221-ba8d-5d2fb7a312a1,Bunga Putih,1,2026-08-21T19:12:30.331Z,Kinerja & Server,Negatif,Negatif,0.8495,aplikasi eror mulu
ba6c5dd4-a5a1-4891-86b6-6afb7628f32a,Tuan Muda,1,2026-08-21T19:05:18.168Z,Lainnya,Negatif,Negatif,0.8445,"hape saya tidak diroot kenapa terdeteksi root, ini bukan aplikasi perbankan tapi ketat banget, menyulitkan saja."
05ba29ae-d297-44fe-bd71-97a1effa7c76,Aryana,5,2026-08-21T18:52:57.834Z,Lainnya,Positif,Positif,0.553,saat ini saya tidak bisa akses Mobile JKN
b61adab0-55b7-46c3-b1e6-76ce85a83449,Eko Basuki Rachmat,3,2026-08-21T18:41:40.652Z,Kinerja & Server,Positif,Negatif,0.7627,"ini kenapa app yg milik pemerintah sering crash,,,"
64af7ad7-e310-4a8b-8e86-da01481e954b,movie collection,1,2026-08-21T18:28:00.779Z,Autentikasi & Akun; Antrean & Faskes; Kinerja & Server,Negatif,Negatif,0.8506,"gw mau daftar antrian ke faskel II, koq nggak bisa, 'cek koneksi internet anda, padahal internet gw nggak ada masalah"
2fcec135-0759-404e-9395-3d8cc80221b3,Andi Pramana Hakim,1,2026-08-21T18:21:24.839Z,Antrean & Faskes; Kinerja & Server,Negatif,Negatif,0.7907,aplikasi menjekelkan. tiba waktu di perlukan untuk berobat. malah update2 segala. kalau update yg tidak penting gak usah lha update2. bukan untuk mempermudah malah menyulitkan
fd20bccd-c074-4278-a6d8-49b37987357a,ABDUL MUHLIS,5,2026-08-21T17:58:32.229Z,Lainnya,Positif,Positif,0.9889,Ok
48bfb676-a4a6-4670-9e8c-80bb1b15e7db,rengga permana,1,2026-08-21T17:42:10.390Z,Lainnya,Negatif,Negatif,0.8817,"aplikasi prematur,malah nyusahin"
a7058662-6432-497e-b25b-75ba2030d9b9,Suriyadhy Love Story,3,2026-08-21T17:42:07.102Z,Kinerja & Server,Negatif,Negatif,0.9595,aplikasi super ribet giliran gak di perluin lancar giliran di perluin bnyak bnget gangguanya yg eror lah yg koneksi gak jelas lah padahal pakek dua wifi iya data iya masa koneksi gak ada buruk bnget aplikasi kyak gini
827a70fc-bec8-4b04-9962-65dd4bb79bbf,Lucky “GolCy” N2,1,2026-08-21T17:28:23.756Z,Autentikasi & Akun; Iuran & Layanan,Negatif,Negatif,0.9902,"mo daftar tdk bisa karena ada notif internet tdk ada, padahal buka aplikasi lain bisa, emang sengaja di buat begitu ...payah.... jelek padahal saya bayar mandiri kls 1 sekeluarga 6 org.....👎👎"
6b57a1d1-a304-4224-ba4e-f615e7889363,Ranviero Baskara,1,2026-08-21T17:23:15.468Z,Autentikasi & Akun,Negatif,Negatif,0.9054,"masa capcha nya ngga nongol2, muter2 trus aja ditungguin ga keluar2, masalahnya kan kalo mau login harus pake capcha"
6c5954f0-43ac-4650-bebd-eaf09b065743,Sopi Firmansyah,1,2026-08-21T17:22:17.326Z,Autentikasi & Akun,Negatif,Negatif,0.96,aplikasi cacat! disaat urgent2nya mau login aja nyusahin! tolonglah aplikasi model bgni ga usah di bikin ribet dong!
b959c79d-509b-4dea-9af1-0e2614f47278,Vika Chairunisa,1,2026-08-21T17:21:51.761Z,Kinerja & Server,Negatif,Negatif,0.8986,Tolong diperbaiki lagi sistem nya suka error dan lemot
9ff8424e-1f1d-4bbd-bd79-680cd28d335e,Wida Muslimah,1,2026-08-21T17:14:41.905Z,Kinerja & Server,Negatif,Negatif,0.921,"aplikasi bobrok, apaan koneksi jaringan bagus juga eh aplikasinya malah bilang koneksi internet tidak aktif, tolong perbaikin yang bener"
d94b646c-955c-4f68-9ae2-834c0ff54260,Yuny Simatupang,5,2026-08-21T15:47:15.441Z,Lainnya,Positif,Positif,0.9775,keren
640a3b0a-980d-44a3-a0ce-858ecd74fdce,Yusuf Zakaria,5,2026-08-21T15:16:55.601Z,Lainnya,Positif,Positif,0.9801,"aplikasi yang sangat mudah setiap transaksi, terimakasih atas layanan yang diberikan"
7c206af1-e1c5-48e3-ae4b-4daacf1b8cd2,Maryani Yani,5,2026-08-21T14:43:47.126Z,Lainnya,Positif,Positif,0.9775,bagus
1fc4ac82-b334-4cad-b43a-ce968a79f350,Helmy Bang Bendot,5,2026-08-21T14:35:41.529Z,Lainnya,Positif,Positif,0.9825,mobile JKN mantab mempermudah
66b9b266-5a15-493d-95a3-36b09e5a158b,Sintauli Purba,1,2026-08-21T14:29:48.623Z,Antrean & Faskes; Iuran & Layanan,Negatif,Negatif,0.9739,Aplikasi sangat menyusahkan masyarakat. Masa aplikasi tidak kompatibel dengan hp keluaran 2020. Hp di rumah cuman ada hp keluaran 2018 sampe 2021. tidak ada yg bisa install aplikasi Jkn Mobile. tolong KLO buat aplikasi yg bisa mensupport semua jangkauan masyarakat ya. KLO begini gimana mau berobat! Masa setiap bulan bayar BPJS dan juga perlu beli hp baru sih!!! MENGECEWAKAN
9071de99-73c6-4022-9738-ef685ba96701,Novryan dwicahyo,5,2026-08-21T14:25:40.345Z,Lainnya,Positif,Positif,0.9564,terbaik
85071157-5eee-4fb2-b536-640a62b5e425,Senbei Norimaki,1,2026-08-21T13:53:22.198Z,Lainnya,Negatif,Negatif,0.9343,aplikasi ga guna
aed5e325-5c02-4e19-925f-fcf0f58823fb,clara mofu,5,2026-08-21T13:51:54.682Z,Lainnya,Positif,Positif,0.9775,bagus
66322724-11c0-4d5f-b47a-a9437ecccae0,Sobat Bercahaya,5,2026-08-21T13:40:52.985Z,Lainnya,Positif,Positif,0.9981,Sudak oke. Moga makin bagus
aa00d0e5-74d8-4fc4-88b6-5fa8391feaa0,Nurul Mardiah,5,2026-08-21T13:23:37.375Z,Lainnya,Positif,Positif,0.9446,gercep
9b899ece-4df3-47b7-a04e-8e7943aedb0b,Nolvy Kilanta,5,2026-08-21T13:14:12.793Z,Lainnya,Positif,Positif,0.989,top
29990023-9857-4d05-9a50-9c36bfff7e9a,Indra Lesmana,5,2026-08-21T13:07:43.748Z,Lainnya,Positif,Positif,0.9775,mantap
f8233826-d213-4d46-9e5a-fe60a07034bb,Ambrus Adithya,5,2026-08-21T13:07:31.350Z,Autentikasi & Akun; Iuran & Layanan,Positif,Positif,0.9325,memudahkan untuk pindah paskes
35a06fbd-099a-4821-8bec-f8a4f8fa0e6e,Indah Wati,5,2026-08-21T12:51:24.261Z,Lainnya,Positif,Positif,0.8138,bgus
3265e83c-d366-4c02-8d2b-053a84b98edd,Mayah,5,2026-08-21T12:05:55.482Z,Lainnya,Positif,Positif,0.9775,mantap
3bc2562c-caad-47a9-9cd1-869391d43072,Pili Firmansyah,5,2026-08-21T12:04:35.379Z,Lainnya,Positif,Positif,0.9564,terbaikkkkkk
a98fde19-1db0-48c0-9d7b-64e452c2f204,Zenzen Oke,5,2026-08-21T11:54:44.800Z,Lainnya,Positif,Positif,0.9883,aplikasi mudah digunakan dan sangat bermanfaat
97138071-55b7-4c13-9cab-6da9da549341,Syahnada Ramadhan,5,2026-08-21T11:49:58.390Z,Lainnya,Positif,Positif,0.9583,pokoknya sangat membantu
e97d594a-da05-4233-b360-40f19d3412f2,Lilik Yuliana,5,2026-08-21T11:26:44.667Z,Antrean & Faskes,Positif,Positif,0.9522,aplikasi ini sangat membantu saat berobat
0e994f12-8b9d-4841-98da-e8824718ce34,Dina Aprilya,1,2026-08-21T11:18:21.991Z,Kinerja & Server,Negatif,Negatif,0.5871,"sering bngt ngebug, bikin bingung,"
9b177aec-c999-4ec7-b8e2-a5ceee5e9165,Yuhardi Syahputra,5,2026-08-21T11:14:14.270Z,Lainnya,Positif,Positif,0.9752,sangat bermanfaat
4ac61b53-c574-44ae-aa39-14465722293b,Muhammad Arief Suryanto,1,2026-08-21T10:45:54.228Z,Autentikasi & Akun; Antrean & Faskes; Kinerja & Server,Negatif,Negatif,0.8214,dari 14 agustus sampai 21 Agustus masih error nih aplikasi. harus mendaftar langsung di dokter praktek
11f6b0f0-27aa-482c-9450-f6cfba6e94d5,Ari Fin,5,2026-08-21T10:23:03.957Z,Lainnya,Positif,Positif,0.9775,Bagus aplikasinya
5391e089-f0c0-49c8-8d23-9a9e30676510,Hasyim Gonzales,2,2026-08-21T10:18:28.688Z,Kinerja & Server,Negatif,Negatif,0.8495,sering eror
63060312-90b8-41c2-bdf2-37c6cf32155b,Wahid efendy,3,2026-08-21T10:06:22.707Z,Autentikasi & Akun; Antrean & Faskes; Kinerja & Server,Positif,Positif,0.9663,mohon diperbaiki aplikasi ini karena banyak menu yg tidak berjalan dengan baik. 1. pendaftaran antrean kadang bermasalah 2. riwayat pelayanan tidak lengkap semoga aplikasi ini mendapatkan Update sehingga dapat membantu memudahkan masyarakat untuk mendapatkan pelayanan kesehatan yang lebih baik.. terimakasih
65eee47b-2e5f-416e-9067-cc64abc566a8,Abdul Abdul,3,2026-08-21T09:20:24.370Z,Lainnya,Positif,Positif,0.9415,mempermudah pelayanan
da16c2a0-f92b-43a2-87c8-f2d02d7dc813,Dewi Christiani,2,2026-08-21T09:11:59.101Z,Autentikasi & Akun; Antrean & Faskes,Negatif,Negatif,0.7521,"mau daftar online ke faskes tingkat pertama selalu gagal , ""jadwal tidak ditemukan"" , anehh .."
ac72cba8-a32c-4619-811b-65b986867a7b,Charis Y,5,2026-08-21T08:43:45.368Z,Lainnya,Positif,Positif,0.9775,jos
30d9c013-a60b-4fb1-8790-0e8b0a41cfca,Dede lery Nurazizah,5,2026-08-21T08:39:50.600Z,Lainnya,Positif,Positif,0.5334,assalamualaikum
b1358148-6f6b-4dc6-bfa7-cf72b99d3120,Rasik B.a,1,2026-08-21T08:28:07.889Z,Autentikasi & Akun,Negatif,Negatif,0.9973,"daftar buat akun, tapi verifikasi no telpon gada sms yang masuk. alhasil setiap daftar mulai dari awal. sampai sekarang verifikasi no telpon doang yang bobrok. buat apa ada verifikasi gmail kalo daftar mesti verif no hp. gada sms masuk sama sekali payah"
6b76cdef-16a9-48a2-9dc8-eead5009aa90,Raifan Alifiyansyah,5,2026-08-21T08:18:51.488Z,Lainnya,Positif,Positif,0.9775,mantap
500d1bf4-0857-4ff3-8018-d72fbdf77585,telkomsat rri,5,2026-08-21T07:40:54.170Z,Antrean & Faskes; Iuran & Layanan,Positif,Positif,0.8,tolong obatnya dong dikasih obat mentang2 BPJS sedikit sekali
659fa9de-2726-4a43-8816-d8e597360aca,Hanifa Shol20,5,2026-08-21T07:35:37.514Z,Lainnya,Positif,Positif,0.618,iyaaaaaaaaa baaaaik
ec9b2059-8c63-41b1-ac3c-f8ff6948386f,Azy Ivanka,4,2026-08-21T07:24:31.962Z,Iuran & Layanan,Positif,Negatif,0.653,Fitur menu Tagihan kurang lengkap/detel. hanya tagihan global perbulan. rincian dari tenor Rehab tidak detail jumlah; mana belum bayar & sudah terbayar
216fa5e4-54f0-4fd8-867a-b4b2857518f8,kabar tilembur,5,2026-08-21T07:07:22.250Z,Kinerja & Server,Positif,Negatif,0.6344,"ini aplikasi sebenarnya berguna banget, cuma masih sering banyak error , server failed, tolong cepet di perbaiki, ini kan ceritanya buat ngemudahin masyarakat , eh ko malah makin ngeribetin."
ff0d6f69-1b18-4620-8452-7036bec35c10,Rana Rafsanzani,5,2026-08-21T06:53:22.769Z,Kinerja & Server,Positif,Positif,0.8071,Gak bisa register cuma loading aja. Tlong dperbaiki. Thanks
52820a3f-1da0-4b22-9776-63dbf57018b4,Ucan Cnika,2,2026-08-21T06:50:45.791Z,Antrean & Faskes,Negatif,Negatif,0.922,tidak bisa di pasang perangkat anda tidak kompatibel di versi ini
7b845a06-835e-4e1a-ab3b-8c971320c00d,Rustri Channel,1,2026-08-21T06:44:03.730Z,Autentikasi & Akun; Antrean & Faskes; Iuran & Layanan,Negatif,Positif,0.7228,"Okelah 1 NIK 1 akun, seharusnya NIK tersebut otomatis tersinkronisasi dengan KK baru atau setidaknya bisa dirubah mandiri tanpa datang ke kantor BPJS, kalau sistem seperti saat ini pasti banyak ketimpangan data dan setiap anggota keluarga harus membuat akun setiap perubahan data KK cuma sekedar memantau kepesertaan anggota keluarga."
315faec2-d30e-4a4f-8717-90c855662806,Agus Herman,1,2026-08-21T06:17:28.827Z,Autentikasi & Akun; Antrean & Faskes,Negatif,Negatif,0.995,tolong lah admin gimana ni mau verifikasi akun gak bisa2 nomer otp nya gak di kirim2 sumpah ni mau ambil antrian rs loh dari rs suruh ambil no antrian online giliran online nya apk nya gak jelas mintak nomer otp aja kek mau ngirim apa lah susah kali tolong woy d perbaiki lah ni apk orang mau berobat aja susah nya mintak ampun
c007e331-2951-494b-92bd-e45037af5eb3,Isna Ariyani,5,2026-08-21T05:36:34.597Z,Lainnya,Positif,Positif,0.9302,mudahkan
622d0b58-0707-45c2-9710-31225218ca71,Dede Irwan,5,2026-08-21T05:19:07.320Z,Lainnya,Positif,Positif,0.5334,kenapa g bisa didowlod
159c3e4b-ad09-4e93-ad6e-b6e7f9acec7c,Rustan Badaruddin,5,2026-08-21T05:16:07.338Z,Lainnya,Positif,Positif,0.943,Mudah digunakan
902eceab-25a6-476a-8753-9d5bc82c6177,Syandrawan Oke,5,2026-08-21T05:03:07.180Z,Antrean & Faskes,Positif,Positif,0.9789,segala urusan baik berobat kontrol mau pun rawat inap selalu lancar dan cepat terima kasih jkn
5b0ffd8e-e744-4b19-8316-1b440a41574e,Putro Imanuel,5,2026-08-21T05:02:11.215Z,Antrean & Faskes,Positif,Negatif,0.7361,mempersulit orang khususnya lansia.
f3cb7647-3811-4afd-b59f-21a2ad3ec0dc,Arman Dwijaya,1,2026-08-21T04:32:43.668Z,Autentikasi & Akun; Antrean & Faskes,Negatif,Negatif,0.9267,"ini Aplikasi gmana sih? Gua Mau Daftar untuk berobat Ga bisa"" dari kemaren, Padahal daftar anterin yg tertera belom penuh, tp pas daftar malah ga bisa. aneh banget org mau berobat aja susah banget ."
a174649c-a17c-4b3a-bae1-af4dcd2757f8,Hesti Mandasari,5,2026-08-21T04:24:37.109Z,Lainnya,Positif,Positif,0.9775,keren
3267ed47-425c-4ce3-9641-283d2c0bf40a,M Hilmi Suhendi,1,2026-08-21T04:07:59.928Z,Lainnya,Negatif,Negatif,0.8829,aplikasi bobrok
6ec21395-e8f0-4de2-9992-528bbc133583,hesti Akra,5,2026-08-21T04:03:22.634Z,Antrean & Faskes,Positif,Positif,0.6561,sangat membantu dalam mengambil antrian terutama di rumah sakit
b0460d7a-bc64-422b-9539-3d438e5312bc,Dede Cbbr,5,2026-08-21T03:48:21.959Z,Lainnya,Positif,Positif,0.9808,"sangat membantu dan mudah di gunakan, dengan intruksi yang mudah di fahami"
5ed66376-b7d8-476e-bcb2-d3f427bef184,mamas syifa,5,2026-08-21T03:46:24.520Z,Lainnya,Positif,Positif,0.9921,"lebih mudah, cepat dan praktis"
ac029faf-587c-4bff-ab34-63398771bfc3,Bang pebb,2,2026-08-21T03:35:32.625Z,Autentikasi & Akun,Negatif,Negatif,0.9564,Pendaftaran lama bgt verifikasi SMS ga muncul muncul kode otpnya
2a9cbf7d-926d-4d25-ac99-c61a89e2549a,Faizal Yusuf,1,2026-08-21T03:34:48.370Z,Lainnya,Negatif,Positif,0.6694,mantap aplikasi sampah
ad6dfc2b-fb66-43b2-91fe-c0e11fa7d1f6,Yana Anay,4,2026-08-21T03:27:46.973Z,Lainnya,Positif,Positif,0.9542,pelayanannya cepat
d6504bc3-1164-4ed7-b268-0c54cf271b11,TIARA APRILIA PUTRI,1,2026-08-21T03:21:52.754Z,Kinerja & Server,Negatif,Negatif,0.8495,aplikasi erorrrrr
8802f104-c426-4de2-a784-cf21c48a58fa,Eko Ari Prabowo,5,2026-08-21T03:17:30.738Z,Lainnya,Positif,Negatif,0.9234,"Tidak bisa log in, padahal sebelumnya udah log in tapi di suruh log in lagi"
6ceb4119-8608-477e-9f98-7018d28a8d48,Thurmizi Banda,5,2026-08-21T03:15:35.152Z,Lainnya,Positif,Positif,0.959,Alhamdulillah
bf1370b5-de3c-4836-a0b6-d08e241d3be8,Ansor Faturrohman,5,2026-08-21T03:06:39.361Z,Lainnya,Positif,Positif,0.8566,good apl
61724f57-44d9-40c6-9f6b-6c0845f95749,Moh Alif Alfaizar,5,2026-08-21T03:04:50.883Z,Lainnya,Positif,Positif,0.9775,sangat bagus
c8c73132-16ab-420f-a014-b1a6f100464e,susi lahuddin,5,2026-08-21T03:03:23.800Z,Lainnya,Positif,Positif,0.9302,sangat mudah
9f8ec2da-5f6f-4791-ae5e-7f9f09ba3c36,Dwi Purwanto,5,2026-08-21T02:58:05.270Z,Lainnya,Positif,Positif,0.989,top
63344cf5-464e-4e79-a687-37b3487bd796,Guil Baros,5,2026-08-21T02:55:00.384Z,Lainnya,Positif,Positif,0.9777,Mobile JKN sangat membantu dan saya sangat senang mengunakan aplikasi mobile JKN
8df92a7b-bd00-4f91-a94b-0636845c868c,Murni Asih,5,2026-08-21T02:46:01.733Z,Lainnya,Positif,Positif,0.6804,skrg lebih enak ada jkn
cbb4fe3f-3b87-49ee-998e-0031b9a157bb,Dink Nob,1,2026-08-21T02:42:34.903Z,Lainnya,Negatif,Negatif,0.7883,YANG LAIN BISA DI DOWNLOAD.. CUMA APK INI AJA KAGA BISA D DOWLOAD ANEHH.. PADHAAL GA SAMPE 100 MB TAPI KAGA BISA D DOWNLOAD
60bd5b50-caf7-4cc3-ab1b-eb99bfa53d50,AEL Junior,1,2026-08-21T02:38:36.414Z,Autentikasi & Akun; Iuran & Layanan,Negatif,Negatif,0.9698,dah 3 hari mendaftar ngk ada kode otp no hp .. susah urusan pemerintah.. padahal bayar bukan gratis
1c6f66c6-dfcb-41c2-976e-f1aa1d817140,Bima Yonda Setyawan,1,2026-08-21T02:38:05.645Z,Lainnya,Negatif,Negatif,0.9194,Susah verivikasi wajah ini gimana tooooo woiiiii
a77c9bac-2678-4d82-9a34-26edc9e9adc5,Buddhyyudha Irvansyah,5,2026-08-21T02:37:53.550Z,Lainnya,Positif,Positif,0.9765,Pelayanan cepat dan profesional Mantap
e5de7fd3-9df5-4a69-a8ba-ff7d34ad0a87,RENALDI EP,5,2026-08-21T02:28:00.898Z,Lainnya,Positif,Positif,0.9969,oke mantap
cdb0095a-d8ef-4206-8482-a670286d0f95,Rehan Alvaro,5,2026-08-21T02:27:37.858Z,Lainnya,Positif,Positif,0.9966,sangat membantu dan mudah...terimakasih banyak sudah membantu warga
0d4fc620-9523-422e-b180-7d94820d73da,Alfian Joddi,1,2026-08-21T02:22:21.540Z,Autentikasi & Akun,Negatif,Negatif,0.9556,sms kode gak muncul semua apalah coba
51484e34-9e5a-420d-b7d0-9eca6e6aa944,Siti Aisah,5,2026-08-21T02:20:44.716Z,Lainnya,Positif,Positif,0.9775,"Bagus aplikasinya , dipertahan kan di perbaiki supaya lebih mudah dan bagus"
13c74bcf-7084-4827-bfd5-2c86878be7c0,Khusaeri Azzi,1,2026-08-21T02:19:34.510Z,Autentikasi & Akun,Negatif,Negatif,0.9451,kode Verifikasi telepon sangat lama muncul
7814686d-4159-48e0-99bc-7dba7a3113c7,Beni Megi Zoni,5,2026-08-21T02:16:25.918Z,Lainnya,Positif,Positif,0.9775,mantap
184d083c-8055-43c9-a18b-a2044ff0e044,Yeni Idawati,5,2026-08-21T02:16:14.166Z,Lainnya,Positif,Positif,0.9564,terbaik
0d8bcc6d-3ac3-4410-b826-17a7deb0fa8b,Pnm Rsa,1,2026-08-21T02:13:54.203Z,Iuran & Layanan,Negatif,Negatif,0.847,apikasi kaga jelas!! cek setatus pembayar an aja ngga becus aplikasi sering ganguan lah apa lah GAK JELAS!!
69412a91-879e-41f0-b655-23f2bb029eb0,Setyadi Grab,5,2026-08-21T02:09:52.342Z,Lainnya,Positif,Positif,0.9814,mantap prosesnya cepat
cdceea59-d220-43dc-9ff6-4fb9b8e2b90d,Malika Kenzie,5,2026-08-21T02:08:04.439Z,Lainnya,Positif,Positif,0.9897,sangat membantu banget.
33f900c7-437f-4db7-8512-6cfecc267901,Ruci Wati17,5,2026-08-21T02:00:25.657Z,Lainnya,Positif,Positif,0.9855,aplikasi JKN mempermudah puas bget
74f72b46-28d4-483f-a7ed-ee17ad412afd,Azhara 11Shanum20shani,5,2026-08-21T01:52:39.859Z,Iuran & Layanan,Positif,Positif,0.9967,"sangat membantu, pelayanan BPJS kesehatan cabang lahat penyanannya di The best, smoga bisa terus di pertahan kan"
3f954484-30c5-4458-9051-112a8b21ec4e,Kristopel Pernando Marulitua Marpaung,5,2026-08-21T01:47:28.821Z,Lainnya,Positif,Positif,0.9302,mudah
81c7ba04-8f6d-43c6-9b92-59c52d02613d,Wawan Santoso,5,2026-08-21T01:39:46.400Z,Lainnya,Positif,Positif,0.9897,sangat membantu
1cf4654e-e45f-4984-924e-744c15c24b5d,Randy Brente,1,2026-08-21T01:30:53.286Z,Antrean & Faskes,Negatif,Negatif,0.9405,"aplikasi sengaja dibuat ribet biar gak banyak yg ke RS, biar sakit tambah parah terus mati."
aac867d7-eb9b-4cb0-8eab-c5d078c7c133,elia enos,5,2026-08-21T01:17:36.390Z,Lainnya,Positif,Positif,0.9775,good
8e218e80-b3ca-4da6-b115-95247af0014d,Syafrizal Bonar,2,2026-08-21T01:16:46.620Z,Autentikasi & Akun; Antrean & Faskes; Iuran & Layanan,Negatif,Negatif,0.9473,"buka apk semakin lama sekitar 3 mnt, terus ambil antrian berobat pada fases lanjutan jg susah. Jadwal dokter 2x smggu, 5 hr sebelum berobat daftar antrian ternyata kuota penuh, 5 hr berikut nya daftar lagi krn tidak dpt minggu sbelumnya dan hasilnya penuh jg, begitulh urusan seterusnya kuota penuh. Nah kalau ini kejadiannya kapan pasien bisa berobat?, harus nunggu ambil antrian tengah malam dan itupun kuotanya penuh. Fasilitas komunikasi WA di RS. Yos Sudarso tdk nerima daftar antrian BPJS."
9c762eca-18b4-413a-96f5-87345efc0328,Dina Amalia,1,2026-08-21T01:08:46.471Z,Autentikasi & Akun; Kinerja & Server,Negatif,Negatif,0.9776,"yang bener aja dong engga jelas banget nih apk, engga berfungsi, mau daftar aja ribet banget sistem eror terus pengenalan wajah juga engga jelas yang bener dong kalo bikin apk"
a1eb060f-e237-4485-856d-5590df01f187,Jelita rein,4,2026-08-21T01:04:41.405Z,Lainnya,Positif,Positif,0.9775,good
f2096b3b-cd41-434b-a4fa-4275a7750fab,Alan Welan,3,2026-08-21T00:57:02.954Z,Autentikasi & Akun; Antrean & Faskes,Positif,Negatif,0.8672,memang bagus mempermudah kita jika pingin berobat...tp kelemahannya yang cukup menjengkelkan adalah sering melakukan login kalau daftar ambil antrian. bulan lalu mau daftar ambil antian login dl skng mau ambil antrian hrs login lagi dan skng nggak bisa masuk selalu muncul perintah Nik salah pasword salah padahal nik sdh benar pasword jg benar kenapa ndak bisa login? tlng penjelasanya
1ef02555-8919-43e3-88a3-2b61ee4c5b86,Mundi Hastuti,5,2026-08-21T00:40:56.809Z,Autentikasi & Akun,Positif,Positif,0.646,ini kenapa ya JKN mobile nya tidak bisa di buka dari kmrn ? dan tidak bisa menghubungi JKN care service nya ada kendala atau gmn ? tolong dong permudah untuk komunikasi dgn care service nya jika ada masalah sprti ini
d0e633d8-f124-4165-8004-6ca0c57e35cf,Tabrani Riri,5,2026-08-21T00:34:19.497Z,Lainnya,Positif,Positif,0.9446,cepat
47ee702b-4195-4454-a60d-3165aae97739,Dzaki Fikri,1,2026-08-21T00:21:01.685Z,Autentikasi & Akun,Negatif,Negatif,0.9685,tolong kode otp sms nya gk keluar keluar
1ccc73ad-0348-4161-a200-d20167addf43,Zidan Maulana,1,2026-08-21T00:08:25.492Z,Autentikasi & Akun; Antrean & Faskes,Negatif,Negatif,0.9047,"ternyata kalo mau daftar online harus sesuai tanggal rujukan gak bisa kalo sebelum tanggal rujukan di sistem tertulis (tanggal kontrol tidak sesuai dengan tanggal rujukan) padahal saya mau kontrol lebih awal karena obat saya habis dan karena bulan sebelumnya saya tidak di beri obat bulanan karena saya kontrol lebih awal sekitar seminggu karena batas rujukan dari puskesmas mau habis eh ternyata aturan nya kalo gak sesuai tanggal kontrol gak di kasih obat,jujur saya sedih karena ini"
bb895a99-c68a-4bfe-9692-7211cddf7ac3,Tedy Priatna,5,2026-08-20T23:43:59.755Z,Lainnya,Positif,Positif,0.9775,mantap
061b30ac-fc18-4413-8521-91255a4399f2,Nurrohmah Manda,1,2026-08-20T23:39:27.528Z,Lainnya,Negatif,Positif,0.9302,aplikasi harusnya mempermudah
4022f3e6-ae69-41ba-a127-2392f7a562a1,Cici Wulan,1,2026-08-20T23:22:00.601Z,Autentikasi & Akun,Negatif,Negatif,0.9473,"sitem.nya kurang baik tolong sistem aplikasi diperbaiki saya memang sudah 3x login dengan NIK yg berbeda di HP saya karena pernah membantu saudara saya. sekarang saya malah tidak bisa log in di hp sendiri, alasannya dibatasi demi keamanan karena sudah 3x NIK berbeda saya ingin reset akun di hp saya ini saya hubungi 165 katanya tidak bisa. malah telepon langsung dimatikan. saya sudah berusaha login di hp lain tapi kendala aplikasi tidak didukung di HP tsb. harusnya sistem pusat dpt mereset."
e1350e52-78ca-4a66-86ff-a864c5580df6,Reni Evrawaty,5,2026-08-20T22:48:58.217Z,Autentikasi & Akun; Antrean & Faskes,Positif,Positif,0.8601,memudahkan saya utk mendaftar berobat tanpa harus antri panjang di lobi
2a2610cd-b77f-435e-859f-5321798572d9,Alif Putra Mahardika,1,2026-08-20T22:29:25.335Z,Autentikasi & Akun,Negatif,Negatif,0.9829,"kode otp di SMS tidak masuk, sudah coba beberapa kali padahal"
7697dbb4-5f05-4cba-a8a6-c80f5aa28098,Salviyani Syarif,5,2026-08-20T22:26:22.476Z,Lainnya,Positif,Positif,0.9705,fast respon . jkn keren
83d24629-9390-455f-8107-29261e51c80d,Suparno,5,2026-08-20T19:06:31.827Z,Lainnya,Positif,Positif,0.9775,bagusi
11b9fd60-0174-4cab-be55-ca393bb3dedc,Usek Katok,2,2026-08-20T17:24:27.407Z,Autentikasi & Akun; Antrean & Faskes,Negatif,Negatif,0.9411,"udah 1 jam lebih coba login, susah banget. padahal besok pagi mau buat kontrol anak ke rs. kenapa saya sama anak harus beda akun, padahal 1kk. agak repot kalau mau priksa barengan. kadang anak2 bapil barengan, akunnya beda2. harus login 1 per 1."
f6564643-20f3-42d7-af16-13dcb7690c5b,AW Parabubu Chanel,5,2026-08-20T17:20:39.211Z,Iuran & Layanan,Positif,Positif,0.955,"sangat puas, aplikasi ini meriang ruang secara mandiri kepada peserta BPJS untmelakukan perubahan dan dan lainnya"
d107d495-7bff-4f4f-bfe5-7960dfd73952,uswatun hasanaturrohmah,3,2026-08-20T16:48:08.130Z,Autentikasi & Akun; Kinerja & Server,Negatif,Negatif,0.9691,mengapa makin sering error sekarang? mau login aja susah banget. udah coba login berkali2 nggk bisa. 😌
bbeedf9f-583e-4db5-a32c-9de65ea0fb8b,Bambang Mauludi,5,2026-08-20T16:08:02.472Z,Lainnya,Positif,Positif,0.9446,validasi cepat
4341f896-0793-4926-aab2-356b417a2f61,Ahmad Bio,5,2026-08-20T15:59:58.402Z,Lainnya,Positif,Positif,0.9775,mantap
8ff33caa-3398-4fcc-a354-ffeadd765bff,Rio Abadi Gunawan,1,2026-08-20T15:40:45.676Z,Kinerja & Server; Iuran & Layanan,Negatif,Negatif,0.8673,"Banyak bug dan tidak stabil, sekelas platform milik pemerintah kalah sama swasta. pembayaran udah dilakukan manual eh malah tetap di potong otomatis lagi."
f73a35d5-aa9d-452b-83f8-1c7ad9f3600b,Airul am,1,2026-08-20T15:14:06.387Z,Autentikasi & Akun,Negatif,Negatif,0.9455,Nik sudah benar Pasword sudah benar Capcta Sudah benar Kog masih Gak bisa masuk yak? Perbaiki lagi yak aplikasinya untuk sementara saya bintang 1 dulu
fa11bed8-3f0a-4ec4-bc80-6b151ae6745c,Ich SW,1,2026-08-20T14:22:03.357Z,Autentikasi & Akun; Kinerja & Server,Negatif,Negatif,0.9722,setelah update gak bisa masuk. login berkali² salah padahal datanya udah bener. intinya zonk
6aae3887-8404-4910-87a9-360124b7ccff,Pepi Suhaepilah,5,2026-08-20T14:10:46.289Z,Antrean & Faskes; Iuran & Layanan,Positif,Positif,0.9653,dengan mobil jkn memudahkan peserta mengetahui kartu bpjsnya masih aktif apa gak memudahkan pencarian ruangan perawatan rs yang kita tuju serta seabrek kemudahan mendapatkan info seputar bpjs kedehatan pokoknya mobil jkn mantap dah top markotop👍👍👍👍👍
90d329c8-2c4a-4f44-b4a2-eab2be9c26e8,Darmansyah Monoarfa,5,2026-08-20T13:53:48.219Z,Lainnya,Positif,Positif,0.9775,mantap
0b5254fa-23e0-4a36-a8b8-cee85b16a80a,TRI BUDI YARTO,4,2026-08-20T13:50:42.781Z,Lainnya,Positif,Positif,0.9877,"Bagus, mudah digunakan"
412c401c-42af-436e-ba99-991a4bdef4b6,Juri Setiawan,5,2026-08-20T13:10:15.142Z,Lainnya,Positif,Negatif,0.7206,kalau bisa di cicil nya jangan banyak banyak dong.lagi sulit perekonomian saya
54bddc3e-6238-4363-bfb8-a57d6958a305,Loh Jinawi,5,2026-08-20T12:50:44.961Z,Lainnya,Positif,Positif,0.9587,Mudah dimengerti & digunakan
d4dcc017-b4eb-4250-83d1-4335ca9ab0ed,Ulin Nikmah,1,2026-08-20T12:41:12.601Z,Autentikasi & Akun,Negatif,Negatif,0.997,"susah buat daftar dan login, otp tdk terkirim susah poll jelek pokoe, nyantumin no hp keterangannya sudah pernah daftar, giliran login keteranganya blm pernah mendaftar"
ecb446cd-d6c4-4827-ac56-680b47cae55e,Akamsi Sembung,1,2026-08-20T12:33:48.132Z,Autentikasi & Akun,Negatif,Negatif,0.9172,Ganti device gak bisa login
52efce96-91d4-4a2e-bac2-9bf73d2ff777,Muhammad Ihsan,5,2026-08-20T12:29:33.975Z,Lainnya,Positif,Positif,0.9564,baik
30c5b970-5d02-49e3-a654-676172c6c6ef,Har Tony,5,2026-08-20T12:18:00.346Z,Lainnya,Positif,Positif,0.9775,bagus
c590a8f6-cc05-4352-852b-8f8f0ca51379,Remmy Noviandi Salji,1,2026-08-20T12:13:01.632Z,Autentikasi & Akun; Antrean & Faskes,Negatif,Negatif,0.874,kenapa mobile JKN saya ga bisa login ?? saya mau ambil antrian online jadi susah dan faskes minta akses mobile JKN
017452ff-79f5-4206-8a81-0c993791357f,Nuki Rahman,1,2026-08-20T11:58:58.487Z,Antrean & Faskes; Kinerja & Server,Negatif,Negatif,0.8936,error mulu udah 3 kali kadang bisa kadang engga pas mau rujuk tingkat lanjut malah ga ada buat ngambil nomor antrian padahal di rujuknya pagi tp malah ga ada pas ada udh malem udh beres kontrol nya
e22b9b4b-9722-45e8-9883-d8921a83fdb7,Gojim Mijog,1,2026-08-20T11:53:27.891Z,Autentikasi & Akun,Negatif,Negatif,0.9649,"Aplikasi apaan, setiap mau verifikasi email sama no handphone tidak bisa terus sampe di ulang ulang tetep gak bisa, kacau ini aplikasi bukannya memudahkan malah bikin ruwet"
94a8e65e-999e-4d43-b91d-eac01817d814,Mugis Al Adly,5,2026-08-20T11:29:12.834Z,Lainnya,Positif,Positif,0.9775,jos
7825a172-ce16-4824-9571-127bf6bb68c7,Ichal46 Ichal,5,2026-08-20T10:56:07.783Z,Lainnya,Positif,Positif,0.5334,mantapd
d20b19f6-4383-448e-b895-228832edcde6,ivon 63,5,2026-08-20T10:55:45.256Z,Lainnya,Positif,Positif,0.9889,ok
2fc9e711-160b-4c66-a685-11082a28b21f,Henzky Ciozi,5,2026-08-20T10:55:19.772Z,Lainnya,Positif,Positif,0.9824,"terimakasih, prosesnya sangat cepat!"
eefc25cb-8562-444b-a516-773b57317366,robbin katriansyah,5,2026-08-20T10:28:50.862Z,Lainnya,Positif,Positif,0.7889,aplikasi ini sangat berguna sekali.
aef39fee-7c22-4d53-aabf-49d0dd4bea83,Elvan Julsiyunartho,5,2026-08-20T10:28:05.888Z,Antrean & Faskes; Iuran & Layanan,Positif,Positif,0.9665,"perubahan faskes tingkat I sangat mudah di akses, mempermudah untuk kita yg sering mutasi"
16741687-d712-45f0-abe0-deca1ab0aae4,Avan Abazz,4,2026-08-20T10:13:03.244Z,Lainnya,Positif,Positif,0.8475,aplikasi in sangat membantu
c1553075-90f7-4a9c-9dec-357fb01d218b,Lionel Messiii,1,2026-08-20T10:02:05.209Z,Antrean & Faskes; Iuran & Layanan,Negatif,Negatif,0.7463,apa apa harus pakai mobil jkn.....hey BPJS sialan harusnya tuh anda mempermudah orang mau berobat bukan malah mempersulit. anda tuh harus memikirkan orang tua yang ingin berobat dgn BPJS tetapi dia gaptek. bukan malah di persulit !!!!
2a561c93-70f9-4fca-9820-9311d52d0ceb,Erwan Setiawan,5,2026-08-20T09:41:12.534Z,Lainnya,Positif,Positif,0.9775,keren gays
c9e37512-573d-404f-a62e-78c004fb37db,Pitri Yani,1,2026-08-20T09:37:12.242Z,Autentikasi & Akun; Antrean & Faskes; Iuran & Layanan,Negatif,Negatif,0.9775,otp d kirim via sms. .ga masuk2 WA WA WA KAYA JAMAN BATU AJA sok digital tapi malah nyusahin rakyat. mau kontrol ambil antrian d aplikasi aplikasi nya sampah. nyusahin masyarakat. .
3d722064-2f14-4875-8217-b63b33314877,Andiek Jaka,5,2026-08-20T09:18:41.740Z,Lainnya,Positif,Positif,0.9889,oke
dc8d6755-97dc-46d4-8c2b-3aabe67ac8b2,peter cipto,5,2026-08-20T09:03:07.271Z,Autentikasi & Akun; Iuran & Layanan,Positif,Positif,0.9025,Sangat membantu ketika pindah tugas kerja.
1dad3736-6193-405a-b86f-faa70c4ac633,Bung Al,5,2026-08-20T08:45:25.830Z,Lainnya,Positif,Positif,0.943,mudah digunakan
eb0130fb-9848-4112-ae95-1b9bdb249326,Fauzi Raja,5,2026-08-20T08:34:50.416Z,Lainnya,Positif,Positif,0.9302,sangat mempermudah
065cd2da-b16d-4fb6-9f90-2644b4516a61,Julia Rahmana,1,2026-08-20T08:27:46.190Z,Autentikasi & Akun,Negatif,Negatif,0.9822,"apk gajelas. nunggu kode otp sms ngga masuk"""
626d5375-76d6-4adb-b660-fcdcedd0f77e,Alifiah Alfatihah,1,2026-08-20T08:14:16.656Z,Autentikasi & Akun,Negatif,Negatif,0.9866,"daftar masukin nomor verifikasi gak bisa bisa terus padahal udah bener nomer nya dan kode nya gak muncul, gimana sih ini di perbaiki dong"
b70c628d-9c0c-4eb6-863f-0e87561dab78,Zainun Vyanisty,1,2026-08-20T07:59:51.924Z,Autentikasi & Akun; Kinerja & Server,Negatif,Negatif,0.9772,"aplikasi gak guna, mau dftr eror terus tinggal verifikasi nomer gk bisa bisa"
f82f184a-ef0c-4667-80ca-bf9550173d8b,Irwan Hendrawan,1,2026-08-20T07:51:52.489Z,Antrean & Faskes,Negatif,Negatif,0.9303,untuk ngisi chaptcha nya gk jelas jadi mempersulit untuk log in
7052baf0-e4be-4e7d-bee8-a243ecc353b9,Andriansyah Andriansyah,5,2026-08-20T07:49:17.600Z,Lainnya,Positif,Positif,0.9775,bagus
ce7a9ff7-e1b3-4b89-99b4-a81a63d21224,dicky ramdhanii,2,2026-08-20T07:32:51.242Z,Autentikasi & Akun,Negatif,Negatif,0.9611,"masa verifikasi wajah aja susah banget, udah puluhan kali coba tetep aja ngga bisa, aneh aplikasinya, ini niat ngga sih bikin aplikasinya, hadeuhhh capeee"
3223fee5-9be5-463f-bf6a-88c2bcee2362,Bona Silitonga,5,2026-08-20T07:32:08.716Z,Lainnya,Positif,Positif,0.9446,sangat efisien
42337dd8-b694-40fa-b5d1-65ea2e1a7942,x-man setiaOne,5,2026-08-20T07:21:48.504Z,Lainnya,Positif,Positif,0.9775,mantap
bf2157b6-23da-4e67-88b0-e23afb38b5a3,Desi Mukin,5,2026-08-20T06:50:03.822Z,Lainnya,Positif,Positif,0.9897,aplikasi ini sangat membantu
801bd400-6b21-42b6-abd1-96b34fd693ca,odan channel,1,2026-08-20T06:47:59.797Z,Lainnya,Negatif,Negatif,0.8426,ribet
8e9dfb87-00b8-42bd-a769-c45f32f567c3,Aerography Drone Kutim,5,2026-08-20T06:32:08.120Z,Lainnya,Positif,Positif,0.9564,baik
f7240fdb-fed8-469c-a648-cbd083104ce3,Laksmi Dewi,1,2026-08-20T06:27:42.986Z,Kinerja & Server,Negatif,Negatif,0.8525,sulit di-update
a674698c-8fe2-4554-9f8d-081c8ed5c6c4,hardianto bismo,1,2026-08-20T06:26:51.250Z,Autentikasi & Akun; Kinerja & Server,Negatif,Negatif,0.9769,"ini gimana servernya. nomor sudah benar tidak ada pesan verifikasi masuk ,diperbaiki lah itu sistem sama servernya lambat. blo9"
b9847680-f2f7-408d-8531-488ff8536dfa,M H,5,2026-08-20T06:18:51.299Z,Lainnya,Positif,Positif,0.9775,👍
27feb19f-9552-4b9d-854f-8be048242c0c,dafindra maulana,1,2026-08-20T06:15:31.180Z,Lainnya,Negatif,Negatif,0.6612,aplikasi yang sangat merepotkan
e4ffd8ac-2aaa-4080-937a-50f6e0b52f73,zetha007 Channel,5,2026-08-20T06:14:52.692Z,Lainnya,Positif,Positif,0.9775,bagus
494e47f2-3a70-461f-8618-5bbef8937e61,Candra Arjuna,5,2026-08-20T06:04:31.602Z,Lainnya,Positif,Positif,0.989,top
3462a76d-0308-439c-b202-9680699c654a,Bangbang gunawan,1,2026-08-20T06:04:12.819Z,Lainnya,Negatif,Negatif,0.9877,proses pembatalan ribet banget👎👎
a16ed0b8-d628-4145-a0d7-c737aefa1ea4,Limaya Pancawati,1,2026-08-20T05:51:50.110Z,Autentikasi & Akun; Kinerja & Server,Negatif,Negatif,0.9245,"Gabisa daftar, eror terus capek"
c81be85e-2264-43ab-bc17-b9d1d4ec674b,Moch Hayyin Wildan Siswanto,1,2026-08-20T05:46:20.896Z,Lainnya,Negatif,Negatif,0.8426,ribet
3e68127d-8054-4b84-a51a-871c45d1858e,iwan kurniawan,5,2026-08-20T05:20:31.925Z,Lainnya,Positif,Positif,0.9897,Sanagat membantu
87c4e8d6-7fa1-4f29-bdc3-890e78a6f20e,Agus Zindan,5,2026-08-20T05:16:39.700Z,Iuran & Layanan,Positif,Positif,0.9895,aplikasi mobile JKN memang sangat membantu dalam pelayanan nya terima ksh kk.semoga sukses selalu
d713f594-2a84-4e4c-ab6d-cd003bafb5d4,Ferry Hamdani,5,2026-08-20T05:04:46.326Z,Lainnya,Positif,Positif,0.9775,bagus
02ebc64f-9678-480e-bbad-fa80079d4291,ivan riza,5,2026-08-20T05:00:32.732Z,Lainnya,Positif,Positif,0.8224,josjisss
eec948f5-03d2-4138-8231-ed1589d522b7,Ahmad Sepiyudin,4,2026-08-20T04:42:29.750Z,Lainnya,Positif,Positif,0.9791,sangat memuaskan bagi saya
f0fcf82e-1a1f-4488-ac89-6702ba058375,hamzah haz,5,2026-08-20T04:37:53.911Z,Lainnya,Positif,Positif,0.9775,mantap
50d75eaf-661e-4b4b-bdfa-3fb04d441c0f,Desak putu Putri widati,5,2026-08-20T04:27:36.237Z,Lainnya,Positif,Positif,0.959,mantab..
178504cc-c28e-4860-aea5-921af601e5c3,Tri Haryanto,5,2026-08-20T04:17:05.956Z,Kinerja & Server,Positif,Negatif,0.753,joss 💥💥💥
ce8e2703-b21c-4052-823b-d6faa6cba715,dody hidayat,5,2026-08-20T04:14:21.382Z,Lainnya,Positif,Positif,0.9564,baik
d085b301-2b86-4685-8b84-5480aeaee41c,Putra Prawira,5,2026-08-20T04:12:23.481Z,Lainnya,Positif,Positif,0.9775,Nice
43e42150-e79f-470d-b39f-1fc8acc31d5e,Ini Bukan,1,2026-08-20T04:04:26.527Z,Autentikasi & Akun,Negatif,Negatif,0.9644,sangat buruk...login susah..cuma muter2 ga jelas..pdahal internet lancar..
73915aea-c555-40d2-a881-c1a685607754,Jejak Malam,1,2026-08-20T04:00:58.296Z,Autentikasi & Akun,Negatif,Negatif,0.962,masuk gk bisa dftar ulang gk bisa.. apk ..banyak aturan bikin ruwed....keburu mati psiyen y...mau daftar aja susah.
9186c8a4-1d42-4212-922f-d9845ddcba8b,Meriya Nara,1,2026-08-20T03:53:57.890Z,Autentikasi & Akun,Negatif,Negatif,0.9473,kenapa susah dan selalu susah untuk masuk saat login...
abfe58ac-f706-49f4-8d98-8ae1b98ac7c9,Harsza TN,5,2026-08-20T03:51:21.996Z,Lainnya,Positif,Positif,0.9752,sangat bermanfaat
669d0088-38c2-4e64-851f-ea15ed7fbd62,Axl Faris,5,2026-08-20T03:46:03.403Z,Lainnya,Positif,Positif,0.9775,nice
56a7299d-3275-46f3-a825-173e2512ed10,Keiza Gaming,5,2026-08-20T03:41:37.596Z,Lainnya,Positif,Positif,0.9791,sangat memuaskan
05de26f3-232d-4097-8017-87a15d6e4281,Imad Riswandi,5,2026-08-20T03:35:24.872Z,Lainnya,Positif,Positif,0.9534,mudah di pahami
32e00961-0a5a-41cc-b0b0-c2b40ac89769,Jefry Rondo,5,2026-08-20T03:21:38.599Z,Lainnya,Positif,Positif,0.8452,sanggat recomend
6c8f791d-9658-4f22-abfa-a28ef59ded0f,ferdi ansyah,1,2026-08-20T03:20:34.844Z,Lainnya,Negatif,Negatif,0.8979,apk belum lulus uji malah di launching malah bikin ribet
131be49b-0331-4c55-b244-2b24e3ae40e8,sri suhartini,5,2026-08-20T03:19:09.947Z,Antrean & Faskes,Positif,Positif,0.9522,sangat membantu untuk berobat
ebaed385-4bdc-4820-8544-f5cb09e9e355,Yohanes Benny,5,2026-08-20T03:01:30.544Z,Antrean & Faskes; Kinerja & Server; Iuran & Layanan,Positif,Positif,0.9308,mudah dalam melakukan update perubahan permintaan faskes
f03c1117-188d-46f7-b197-5df8472403ce,Zo Zo,1,2026-08-20T03:00:26.284Z,Antrean & Faskes,Negatif,Negatif,0.8261,ganti pasword gagal trs kmn hrs hub saya ga bs buka jkn saya!
1ba1ee7f-482a-4127-aecc-ac243abde46c,Ummul Khair,5,2026-08-20T02:56:28.798Z,Lainnya,Positif,Positif,0.9775,bagus
056b4aca-b068-4bae-95ca-84de2172fcbf,RIch Brian,1,2026-08-20T02:42:37.321Z,Autentikasi & Akun; Antrean & Faskes,Negatif,Negatif,0.8333,mempersulit daftar saat di rumahsakit
cfa60723-b543-4c85-aba1-c6df9a8fe70a,maarif senja,5,2026-08-20T02:37:55.349Z,Lainnya,Positif,Positif,0.9024,semoga lancar dan sehat Indonesia
c36c209b-8c5b-4c2e-a87f-958d7c613970,Fitri Badrusalam,1,2026-08-20T02:30:40.827Z,Kinerja & Server,Negatif,Negatif,0.7911,aplikasi error dan eDan
206df0bd-32c7-4ad4-9736-290ac16e05e4,Lanang Maulana,1,2026-08-20T02:27:15.784Z,Lainnya,Negatif,Negatif,0.9547,Apk TOLOL
806622d4-dbbc-4eb4-aa48-605a7bc5dcba,Tri Win,1,2026-08-20T02:25:20.465Z,Autentikasi & Akun; Antrean & Faskes; Iuran & Layanan,Negatif,Negatif,0.982,"kode otp SMS gak masuk², selalu di persulit pake BPJS apk dan pelayanan anda sangat buruk terima kasih!"
f1357bac-a7da-4a15-8bf2-c5e39001e9c0,Evhy Tindi,5,2026-08-20T02:17:12.154Z,Lainnya,Positif,Positif,0.9752,Aplikasi bermanfaat sekali
470ad5e7-c6f1-4d47-b873-c2d8aa942f18,Hamdi Andi,5,2026-08-20T02:16:03.636Z,Lainnya,Positif,Positif,0.9542,pelayanan cepat
01453dda-6f9b-40dd-b3a2-bf5ef4a3d2b2,irman maulana,1,2026-08-20T02:12:38.477Z,Kinerja & Server,Negatif,Negatif,0.7332,banyak bug nyah padahal ini berurusan sama orang sakit
f0578d84-43fb-4fe6-be2b-13a3161d627a,Fatin Fatin ff,5,2026-08-20T02:11:36.659Z,Lainnya,Positif,Positif,0.959,mantab
26cf0d24-438b-4498-b429-ec6405e60d68,Muhammad Adam Firdaus,1,2026-08-20T02:08:20.590Z,Autentikasi & Akun,Negatif,Negatif,0.9734,"aplikasi bodoh sama kayak yang membuat ,emang aplikasi publik pemerintah tuh ga ada yang bener, otp ke SMS ga bisa,otp ke Gmail juga lgi ga bisa,apus aja ini aplikasi sampah"
10d55f50-ffdb-4213-8266-2cbbde9522fe,Indra Rukmana,5,2026-08-20T02:02:25.785Z,Autentikasi & Akun; Kinerja & Server,Positif,Negatif,0.9462,GAK BISA LOGIN.. ERROR MULU
35b16bb6-07c6-4239-9054-5b7a59b2ffe4,kafa bihi,5,2026-08-20T01:19:22.172Z,Lainnya,Positif,Positif,0.9571,"sangat mudah, dan menyenangkan"
b0ddfe42-e820-45c1-9c56-59e051d36e2b,Iqta Roba,5,2026-08-20T01:14:57.765Z,Lainnya,Positif,Positif,0.986,baik dan sangat membantu dalam proses pelayanannya
590d01d3-22ab-42eb-8192-f35764b132f4,Shinta Dwi,5,2026-08-20T01:14:08.493Z,Lainnya,Positif,Positif,0.9819,"aplikasi nya bagus, memudahkan pengguna utk proses lewat aplikasi tidak perlu ke kantornya"
00b0005c-c610-4d9a-b491-e4154c404f7e,Dini Maulani Dai,4,2026-08-20T01:10:27.910Z,Kinerja & Server,Positif,Positif,0.9365,bagus dan mudah digunakan. sayang loadingnya lama :')
39c6ec9f-69f5-4019-9001-a472f00c0a78,Abang Semi,5,2026-08-20T01:02:44.972Z,Lainnya,Positif,Positif,0.9897,sangat membantu
e240815f-cfa4-4d88-83f7-b6e1e6d28eac,Agus Nugros,5,2026-08-20T00:59:42.288Z,Lainnya,Positif,Positif,0.9897,sangat membantu
b5fadef2-cfe6-4838-a188-652730061112,Sofyan Anang Riyanto,5,2026-08-20T00:57:08.491Z,Lainnya,Positif,Positif,0.9775,jos
70a298de-f0eb-4025-a0a8-426104c938ae,Sahabat By U,3,2026-08-20T00:52:27.599Z,Kinerja & Server,Negatif,Negatif,0.9075,mohon di perbaiki lagi sistem apikasih jagàn tiap hari eror terus
3d02bdb1-b99a-42fb-bc72-8269d5729dd5,dwikurniawan,1,2026-08-20T00:51:08.975Z,Autentikasi & Akun,Negatif,Negatif,0.9036,aneh mau login muter muter trus sampai skrng
156dcdb6-954f-4211-bbca-0733a4e993cc,Eko Wahyudi,4,2026-08-20T00:50:00.747Z,Lainnya,Positif,Positif,0.9889,ok
44ec66fa-0cbb-410c-be38-99c3b7beb9b7,Ambarwidi Wibowo,5,2026-08-20T00:14:23.170Z,Lainnya,Positif,Positif,0.943,mudah di gunakan
02076c60-0246-4df1-8f66-88d4ce6380f5,Chairul Anam,4,2026-08-20T00:13:56.903Z,Lainnya,Positif,Positif,0.9738,gampang pengoperasiannya mudah dan cepat
ff66fa0a-45d3-4172-bf4c-5f5e97a6c24f,Swan Wiralya,1,2026-08-20T00:06:50.180Z,Autentikasi & Akun; Antrean & Faskes; Kinerja & Server; Iuran & Layanan,Negatif,Negatif,0.9683,"bila aplikasi tidak siap, ini ilegal untuk di publikasi kan, bug, error, apalagi fitur kamera gimana maksudnya kamera bisa 100% mirror dari kamera hp itu sendiri? kode otp, harus banget ada pulsa? website, apk lain maupun aplikasi paling berbayar dan memakan kuota pun otp nya sangat minimalis dan tidak memakan pulsa sedikitpun, untuk pengguna baru, kalian wajib protes ke pekerja apotek atau rumah sakit, sangat ilegal dan tidak pantas untuk masuk dalam kategori aplikasi efisien untun kehidupan."
8260c73d-af79-4172-b44d-9f5e1d3e5402,Maria Sombo,5,2026-08-19T23:57:03.521Z,Lainnya,Positif,Positif,0.9897,Sangat membantu
dfe84749-5457-4199-8ad2-4763cf131a9d,Atik Kurniati,5,2026-08-19T20:38:46.158Z,Lainnya,Positif,Positif,0.9889,ok
a5f75eba-1036-492c-bfae-998abf807e31,Jepri sumanto Manalu,5,2026-08-19T19:55:48.288Z,Lainnya,Positif,Positif,0.9738,sangat bermanfaat sekali. tingkat trus pelayananya.
2bf15a2f-0370-4622-9701-c474c88f5a90,Aku suka keripik 88,1,2026-08-19T18:30:29.469Z,Autentikasi & Akun; Antrean & Faskes; Iuran & Layanan,Negatif,Negatif,0.9773,"orang berobat tuh udah jadi kondisi manusia yang lagi susah susahnya, badan nggak Nentu, pikiran nggak nentu, malah disuruh begadang nunggu jam 00.00 cuma buat daftar antrean yang nggak pasti bisa dapat. maksudnya tuh, kenapa sih harus tengah malam? nggak bisa gitu sistemnya ganti jadi jam tujuh pagi? kayak jam orang kerja normal biasanya? orang kecil mau berobat mentang-mentang pake BPJS dipersulit Mulu. tolong lah, jangan gini.."
432675f5-98a8-4720-88c5-6fe2b360937c,IBENG Valentino,5,2026-08-19T16:47:59.910Z,Lainnya,Positif,Positif,0.9752,Sangat bermanfaat sekali
b767589c-74fd-4ec0-9c7f-eb92b3b6d269,Mochamad Taufik,1,2026-08-19T15:44:34.263Z,Autentikasi & Akun,Negatif,Negatif,0.9156,"mau daftar aja ribet amat,"
6281a21b-047b-48fd-9d1b-b54b56b1c64c,anak rantau,2,2026-08-19T15:12:18.547Z,Autentikasi & Akun,Negatif,Negatif,0.7694,aplikasi apa ini mau daftar online tidak di temukan terus
8f299677-b155-48ad-8637-d6c4a28d380a,aas setiyaningrum,5,2026-08-19T15:05:52.366Z,Lainnya,Positif,Positif,0.9775,sangat bagus
f882496f-d05f-4f80-b50c-365ba4caf20d,Siska Ratnawati Lase (Sisca),1,2026-08-19T14:57:24.774Z,Autentikasi & Akun; Antrean & Faskes; Kinerja & Server,Negatif,Negatif,0.9062,Aplikasinya menyulitkan pengguna. Selalu saja ada kegagalan padahal jaringan bagus dan kuota masih banyak. Tolong diperhatikan dan di perbaharui. Kalau begini caranya orang-orang memilih memendam penyakitnya dirumah daripada terus dipersulit seperti ini!
a9ba1405-8c45-43c1-8241-1fc806ef82de,Rozak Gunung geni,1,2026-08-19T14:44:15.874Z,Kinerja & Server,Negatif,Negatif,0.7204,"apk nya lelet,hampir GK bisa diakses,sering relok"
4a860214-caef-40e0-b760-cbbc57266664,Amri Irma,5,2026-08-19T14:42:47.391Z,Lainnya,Positif,Positif,0.9892,"mudah pemakaiannya, sangat membantu.."
1be3b988-d50f-4fcb-9540-df410cfc70f2,wahyu nurwahyullah,5,2026-08-19T14:22:29.927Z,Lainnya,Positif,Positif,0.9689,Cepat dan responsif
a067c45c-1cd1-4af8-8178-43f34cd474ee,Ayu Nurjannah,4,2026-08-19T14:15:55.536Z,Autentikasi & Akun,Positif,Negatif,0.9546,gak nonstop di aplikasi setiap mau buka harus masukin LG sandi skrg malah susah gak bisa masuk
17eef749-2001-4af7-b6ff-845c6c256aed,Endang Trisnowati,5,2026-08-19T14:15:54.552Z,Lainnya,Positif,Positif,0.9218,lbih mudah dn prakts
66e9739a-ccf1-45f8-8de7-a95642d1bffb,Suhar Woko,1,2026-08-19T14:10:09.126Z,Autentikasi & Akun; Antrean & Faskes; Iuran & Layanan,Negatif,Negatif,0.9144,aplikasi jkn terjelek.... tidak bisa satu kk... setiap daftar antrian untuk anak rawat jalan tidak bisa... kendala anak tidak punya hp nomor & email... saran aplikasi JKN verifikasi nomor wa jangan nomor telpon saja.🤧
20c98f7e-2d51-4325-bb50-cae6b2dcf1a8,Thian Herawati,3,2026-08-19T14:08:14.954Z,Autentikasi & Akun,Negatif,Negatif,0.9744,"knp aplikasi skr harus ngulang""keluar masuk login pdhal dllu ga kaya gini ribet kanharus masukin no nik lagi."
fdebfb0a-65a4-4a2b-9860-7acd7f2af481,JUAN MUDA CAHYA OKTA S (Arjuna Putra Zanndar),2,2026-08-19T14:05:46.538Z,Autentikasi & Akun; Antrean & Faskes; Kinerja & Server,Negatif,Negatif,0.8525,"Daftar pelayanan atau daftar kesabaran? 😅 Mau daftar pelayanan malah lebih sering ketemu tulisan “Gagal Terhubung ke server RS.” Gangguan terus, padahal yang dibutuhkan cuma daftar, bukan ikut tes kesabaran. Tolong diperbaiki server dan sistemnya. Aplikasi sebagus apa pun percuma kalau fungsi utamanya malah tidak bisa digunakan saat dibutuhkan. 🙃"
14733ed3-1dc8-4103-bdcb-d9d0d43aa30b,Tantan Hadiansyah,5,2026-08-19T14:04:10.135Z,Lainnya,Positif,Positif,0.9766,enak dan gampang menggunakannya serta membantu banget
c47d201c-3d56-42ec-bca9-6527f6d18608,Aldy Argenta,1,2026-08-19T14:01:17.628Z,Autentikasi & Akun,Negatif,Negatif,0.9847,"apk di pemerintahan masa jelek gini sih, mau login aja tidak bisa gangguan lah hadehh"
066c3709-270f-47a6-8ff5-a372b53f3ab0,guplek rembol,1,2026-08-19T13:38:50.307Z,Autentikasi & Akun,Negatif,Negatif,0.981,kode otp tidak masuk sudah dicoba berkali-kali. pulsa ada internet lancar. aplikasi ga jelas. sistem kok jam 17.00 lebih sulit diakses. buat apa ada aplikasi jika sistem ikut jam kerja kek manusia. ANEH BIN AJAIB. DLOGOK JARAN
c0a95e4a-1f2e-4749-befa-aa651bf1b5db,Suherman Herman,5,2026-08-19T13:36:39.842Z,Lainnya,Positif,Positif,0.897,mntap
47bccafc-6b50-4118-903b-c2244fe4f245,Afif Ansori,5,2026-08-19T13:35:37.300Z,Lainnya,Positif,Positif,0.9775,bagus
79c5a62b-956c-404a-880f-de9c339795e2,Mas Agus Purnama Giri,5,2026-08-19T13:29:56.952Z,Lainnya,Positif,Positif,0.9897,sangat membantu
022c0235-3309-422e-987b-5804194f0ea1,SUTRISNO,1,2026-08-19T13:17:36.940Z,Kinerja & Server,Negatif,Positif,0.5239,"busuk, kasih swasta saja yng kelola pasti lebih baik aplikasinya"
908b22d4-34a1-4c9f-9cb6-654c202409ec,sultan Ibrahim,5,2026-08-19T13:14:09.208Z,Lainnya,Positif,Positif,0.9889,ok
4fb85edb-57c4-4d11-9bdf-3f531f320d22,arys putra,1,2026-08-19T13:06:25.850Z,Lainnya,Negatif,Negatif,0.7616,malah ga bisa log in
7efc74f6-a045-45c4-a38e-d8eb3a92f374,M.Pansyah Nazar,1,2026-08-19T13:02:08.354Z,Autentikasi & Akun,Negatif,Negatif,0.9575,gak jelas ni SMS gak masuk masuk
3be38cb4-81bf-45ce-9275-18576ada28d6,Alif Maulana,1,2026-08-19T12:50:24.793Z,Kinerja & Server,Negatif,Negatif,0.9718,"aplikasi sampah,error terus di nomor"
14d7948f-220b-4efa-9601-6ffe21aab812,Ridwan Refiadi “Ridwan Refiadi” Wikarta Dinata,5,2026-08-19T12:46:24.538Z,Lainnya,Positif,Positif,0.9345,berfungsi dengan baik🙏🇮🇩🎉
9be7222e-3267-411c-b34f-ed6040b7f620,Idris Buggih,5,2026-08-19T12:43:02.969Z,Lainnya,Positif,Positif,0.9731,bagus cepet ditanganinya 🙏
19b526ae-1035-480e-af13-a74b1f68003d,Herù S,1,2026-08-19T12:42:09.586Z,Lainnya,Negatif,Negatif,0.7448,"hilangkan itu CAPTCHA CAPTCHA. kebanyakan pengguna app ini kan para lansia yang penglihatannya udah mulai menurun, malah disuruh baca CAPTCHA CAPTCHA yang angkanya FIBET SETENGAH MATI. sederhananya app nya ! ga semua pengguna paham soal begituan"
03cfd7fd-0095-4c0e-a761-090ce4a3ca89,Aditia Dika Pratama,1,2026-08-19T12:21:42.810Z,Autentikasi & Akun,Negatif,Negatif,0.9854,ini aplikasi kenapa sih setiap kalu mau kirim kode otp gak masuk² udah berkali² ganti nomor hp tetep juga gak masuk aplikasi apaan kek gini tolong developer perbaikin ni aplikasi udah logout sendiri tiap masu kirim kode otp gak masuk².
3b3f7d34-e399-4ce1-b282-2d3117ce57ee,Melza Anggreani,5,2026-08-19T12:20:59.682Z,Lainnya,Positif,Positif,0.9775,keren
7b601223-c3f2-4402-a2c5-66d1887a3bad,Andi Nopyan,4,2026-08-19T12:16:00.623Z,Autentikasi & Akun,Positif,Positif,0.6374,aplikasi Sangat bagus tapi saya belum terlalu paham jika Daftar Online Rumah Sakit
94b1b5f8-0ebd-4e4a-b487-3f7d734a0be2,sapri ansyah,5,2026-08-19T12:15:44.390Z,Lainnya,Positif,Positif,0.9622,mudah dam cepat
c528138f-8026-4b28-b87d-e64980a39687,hubaib Sudru,5,2026-08-19T12:05:52.583Z,Lainnya,Positif,Positif,0.8849,recommended
ac30bcd2-6317-468d-a483-07b02cad73ee,Jhamie Serang,5,2026-08-19T12:01:21.134Z,Lainnya,Positif,Positif,0.9564,sangat baik
bcbcd86c-116b-475c-ab72-e864d0627610,Moh dedi Hidayatullah,5,2026-08-19T11:50:16.221Z,Lainnya,Positif,Positif,0.9846,mantap...aplikasi yg sgt membantu
8abe1f37-321d-49cb-bd4b-ee3c17a80ef8,RA Al-Awwabiin 136,5,2026-08-19T11:42:22.880Z,Lainnya,Positif,Positif,0.9897,Membantu
dc0c17a8-c461-4816-9811-9bb23c055158,Desy Tarayani,5,2026-08-19T11:35:51.254Z,Lainnya,Positif,Positif,0.9775,sangat bagus.
c1235a71-7a8e-4c38-9433-ff9fbcf692bd,Diovanty Nurul Hasanah (Ai),3,2026-08-19T11:26:37.726Z,Antrean & Faskes; Iuran & Layanan,Positif,Negatif,0.5246,"kenapa pas udah ambil antrean pertama tapi pas di RS dilayaninya paling telat, udah gitu kenapa pas ambil antrean pasti tanggal nya baru berubah setelah 1x 24jam dan gak langsung muncul stelah dapat surat rujukan."
84d08922-9c47-4d3b-af20-980820f49739,Candra Prastiyo,1,2026-08-19T11:19:05.737Z,Autentikasi & Akun,Negatif,Negatif,0.9253,minta kode otp tapi ga dikirim kirim kodenya KOCAKKKKKK
b38a281d-3ba0-465c-ad78-9802f6871315,NOOB MAKER,1,2026-08-19T11:13:09.694Z,Autentikasi & Akun; Antrean & Faskes,Negatif,Negatif,0.6829,masa satu poli satu satu hari.. sangat tidak adil. kalau yang mau kerja tapi kerumah sakit punya check up 3-4poli.. kapan dia biss kerja
22a78ab0-3c0b-4ca1-a6f3-26cfb21b787e,Sutan Zigo,5,2026-08-19T10:43:30.685Z,Lainnya,Positif,Positif,0.932,penanganan cepat
c558fb93-3c7d-4416-a2b4-6c34855b8c3f,Andi Hidayat Hidayat,5,2026-08-19T10:33:00.435Z,Lainnya,Positif,Positif,0.9889,ok
e7ebfc7c-2f9f-45ba-88a8-da34a080cf97,Habib Zaini,4,2026-08-19T10:31:25.959Z,Autentikasi & Akun,Positif,Negatif,0.977,ini krnapa saya masuk nomer hp otp ngga ada padahal nomer sudah bener
e69bd94d-7f55-4fec-b1bc-b82b48ea2828,Ivan Ru,5,2026-08-19T10:30:52.130Z,Lainnya,Positif,Positif,0.9775,bagus
830c7ce3-562b-4704-b002-a7888b0cb21a,nirina kurniawan,1,2026-08-19T10:22:30.630Z,Autentikasi & Akun,Negatif,Negatif,0.8559,"apk nya tolong perbaiki dari segi daftar akun dan scan wajah, kalo bisa jangan mirror kamera nya agar lebih mudah."
79e467a6-fae8-4b6a-a539-23668b41551e,syahril,5,2026-08-19T10:15:52.736Z,Lainnya,Positif,Positif,0.9889,ok
467e0d88-4d57-4241-81bc-3eb60083835a,Airin Novisha,1,2026-08-19T10:11:16.253Z,Antrean & Faskes; Iuran & Layanan,Negatif,Negatif,0.8872,aplikasi cara mempersulit hidup😂nomor wajib 1 pernama jadi kalau anaknya 3 ya nomor hp ya 3 wkkk😂mana sekarang peraturan bpjs mempersulit pertemuan dengan dokter yg aturannya tambah berbelit2. Harusnya setelah oprasi 5-7hari dh bisa ketemu skrg bisa 2minggu woy😂mana kalau cuma nyabut benang dipuskesmas aja pada gk mau karna nanti menyalahi kode etik dokter apalah lagi ini 😂mau gk mau wajib nunggu 2minggu yg mana benang dh bau dan mengganggu aktifitas😒
7418aefc-3fea-42b0-833a-666fa09251db,Muhammad Faiz,1,2026-08-19T09:47:33.938Z,Autentikasi & Akun,Negatif,Negatif,0.9715,"aplikasi memeg, bukannya mempermudah malah nyusahin perbaiki tuh aplikasinya, ngirim kode otp aja susah amat plerr"
6f90cbbc-3cf7-4746-ad78-a62c22d1c6c1,Dede R Mold,1,2026-08-19T09:46:36.136Z,Lainnya,Negatif,Negatif,0.6559,kenapa sekarang aplikadi mobile jkn idak cocok dengan Hp saya samsung J7 pro 2018. tolong bantuannya yah admin supaya hp saya bisa instal mobile jkn
c39a471f-08d0-472c-aa49-55c487cde336,Andi Saprol,5,2026-08-19T09:46:03.148Z,Lainnya,Positif,Positif,0.9775,bagus
2cb3702b-5e02-4ba8-91d1-1e2660357a5c,Aron Punkrose,5,2026-08-19T09:31:29.989Z,Iuran & Layanan,Positif,Positif,0.6472,"saya mengusulkan untuk info riwayat kesehatan jangan hanya satu orang saja, tapi harus yang ada diaplikasi di diberikan skrining kesehatan biar tahu riwayat penyakitnya semua anggota keluarga yang ada di aplikasi BPJS JKN"
b7640963-8835-46f3-a287-6f761061801a,Ade Bian,5,2026-08-19T09:22:48.856Z,Lainnya,Positif,Positif,0.9302,mempermudah
b101b8a7-5ce7-4b6a-98db-27b32884dce5,HOSI CHAN,3,2026-08-19T09:12:35.748Z,Autentikasi & Akun; Kinerja & Server,Positif,Negatif,0.6806,"gimana ini banyak bug, dikasih opsi verifikasi, tapi ga ada pilihannya"
4f8d8e9c-f04b-4811-9cb2-ec987856cd97,cupi indra,4,2026-08-19T09:09:14.260Z,Lainnya,Positif,Positif,0.9302,memudahkan
13c2bea5-dd4f-482a-beee-0256abead67c,Liyus Yunus,5,2026-08-19T09:09:10.397Z,Lainnya,Positif,Positif,0.9897,sangat membantu
4c618f5e-e127-4317-894f-8fdaed4c4dfb,Dade Ajrin,1,2026-08-19T09:08:19.215Z,Lainnya,Negatif,Positif,0.5117,"terlalu berbelit belit,, tidak cocok untuk darurat... pokoknya tidak puas"
2735a60d-7eac-41d3-b183-eff834985344,ifar ziady,1,2026-08-19T09:01:02.297Z,Lainnya,Negatif,Positif,0.5334,"hana jelah, aplikasi,"
3ff3f3a9-4973-4b7e-bac2-217982bf94bb,Hafni Hadijah,5,2026-08-19T08:34:15.432Z,Lainnya,Positif,Positif,0.6069,saya ingin menginstal mobile jkn tapi TDK bisa
93e64c5d-b753-45b3-a61c-1bd104ee6782,Muhammad Haris,3,2026-08-19T08:00:14.771Z,Autentikasi & Akun,Negatif,Negatif,0.9555,"rusak cok, verifikasi otp nya ga kekirim-kirim"
69bd96fc-97e3-480a-ad54-b1388f91d92e,Agus Mulyadi,5,2026-08-19T07:11:04.593Z,Lainnya,Positif,Positif,0.9446,cepat
4310081b-6e79-4701-ac5f-236714488200,Ririn Utami,1,2026-08-19T07:08:26.912Z,Autentikasi & Akun; Antrean & Faskes,Negatif,Negatif,0.853,"mempersulit wkwk, login ge gabisa terus"
a825c58b-9c3d-4b15-9ca9-2345dc792f63,Dodi Lifan Dana (DODI LIFAN DANA),1,2026-08-19T07:00:25.631Z,Autentikasi & Akun,Negatif,Negatif,0.9692,"login maksimal ke 3 Nik tapi setelah itu palah ga bisa login ke salah satu dari Nik yg pernah login, minta solusi palah dijawab login ke HP lain. kalian pikir semua orang punya hp banyak? lagian ngapain ada pembatasan seperti itu, bukannya yg penting sudah logout dari hp biar bisa login di hp lain dan hp yg sudah logout bisa buat login ke Nik yg lain? ini aplikasi gimana sih ga jelas banget dan ga da solusi atas kesulitan costumer."
0042a1d0-48e8-4a92-83a3-7c69e82f4012,Rahmat Kpr,1,2026-08-19T06:55:53.387Z,Autentikasi & Akun; Kinerja & Server,Negatif,Negatif,0.8593,Sering X sudah error aplikasi nya... yang terdaftar 5 tapi di Aplikasi bisa² error tinggal 1
a41dc878-ffae-439a-a483-5fd1ee8db47b,RAFI,1,2026-08-19T06:50:53.788Z,Lainnya,Negatif,Negatif,0.957,aplikasi bapuk
9de34edf-3abb-4efb-8fd3-5445e6672185,Jasa Printing Adi,5,2026-08-19T06:46:13.709Z,Lainnya,Positif,Positif,0.9897,Sangat membantu
c1828e00-8cfc-4b2e-83d4-7e7c73228c04,Togar Togatorop,5,2026-08-19T06:46:13.910Z,Lainnya,Positif,Positif,0.929,proses cepat
a9731e30-85fd-4ff3-b7dd-8d502111a3ed,Lia Lai,1,2026-08-19T06:43:19.790Z,Lainnya,Negatif,Negatif,0.73,aplikasi rusak
60067179-1e55-4825-9233-996c4645fb78,Nataniel yaru Nataniel yaru,5,2026-08-19T06:29:29.862Z,Iuran & Layanan,Positif,Positif,0.628,agak sulit untuk aktifkan bpjs bantuan sosial
5de32f19-1438-49db-a0cd-5117fb6bfc85,mul yadi,5,2026-08-19T06:29:10.650Z,Lainnya,Positif,Positif,0.9591,bagus pisan
62281db4-601f-4397-b30d-ee1872602711,M. Arfian,5,2026-08-19T06:26:38.301Z,Lainnya,Positif,Positif,0.9743,okee terima kasih
8e2e48a1-de74-4058-8475-d2028c910119,Yan Surya,5,2026-08-19T06:09:12.832Z,Lainnya,Positif,Positif,0.9775,mantap
dcf0183b-0945-4a6a-9b0e-c1445143fea5,Hanan Dulhanan,5,2026-08-19T06:04:19.000Z,Lainnya,Positif,Positif,0.9132,sangat membantu toling munculjan aplikasi jkn nta
02a765bf-6369-4403-af8f-157de6a94ef7,Muhamad Nuri,1,2026-08-19T05:57:01.122Z,Antrean & Faskes,Negatif,Negatif,0.9249,"apk bukan e permudah, ini persulit, nilai 10 sampai 1 gw pilih 1, apk bobrok"
238b3bf0-1429-4416-8e15-054bf733b53b,Eva Oky,5,2026-08-19T05:46:23.128Z,Lainnya,Positif,Positif,0.9874,"bagusss, memudahkan"
f9d91441-7669-494a-a1de-03a565c18303,indri,1,2026-08-19T05:33:21.519Z,Antrean & Faskes,Negatif,Negatif,0.957,"apk ga jls, ribet. ngambil antrean gagal terus smpe akhir ny g kebagian no antrean, bukannya mempermudah malah mempersulit. klo g bisa bikin apk hps aja, apk ga guna. sampahhh!!!."
0bcd4cb4-66fa-4317-b519-0b5ee4a7e822,AGUS PURBOYO,2,2026-08-19T05:26:24.988Z,Kinerja & Server,Negatif,Negatif,0.8974,eror melulu si ya..
fd58ef6b-d532-4aed-a69e-85b07c03e465,R.atminto W,5,2026-08-19T05:26:16.572Z,Lainnya,Positif,Positif,0.9897,sangat membantu
b7c85654-9410-458d-99b9-0e4f562b4bb8,Rahman N,1,2026-08-19T05:24:59.312Z,Autentikasi & Akun,Negatif,Negatif,0.9721,"kode OTP tidak muncul nggk heran sih apk pemerintah, developnya kalah sama aplikasi swasta. duitnya dikorupsi soalnya"
fa1d1b12-f5bb-465b-aa77-5fed7b4efb9b,Cahaya Put,1,2026-08-19T05:24:22.664Z,Lainnya,Negatif,Negatif,0.9001,asik asik keluar sendiri aja aplikasi dari hp 🤬 anak anak dan org tua tidak dibikin 1 aplikasi 🫥
83eb8b06-6860-48f3-83c5-3d574e4a52e5,Amanda Manda,1,2026-08-19T05:11:28.468Z,Antrean & Faskes,Negatif,Negatif,0.7709,"tau ah males selalu ga bisa di proses pakai nomor sebelumnya cepat respon katanya sudah terpakai sekalinya pake nomor blm terpkai malah ga bisa di proses pdhal sdh diisi pulsa jga,, gini gini mempersulit masyarakat"
4aa8c411-b266-46df-8d75-7ed2e1cc8e95,Alkhalifi Danianto,3,2026-08-19T05:08:15.605Z,Autentikasi & Akun,Negatif,Negatif,0.9856,mau resert pasword aja susah baget. notif udah kedaftar. giliran login dari awal lagi belom terdaftar apk aneh
4888b4d3-2e4f-49d6-bc07-6ccec5a73009,Abdullah Syafei,4,2026-08-19T05:03:14.133Z,Lainnya,Positif,Positif,0.7703,Pelayanan Prima
5e397b77-de6d-4148-8d73-2948f5ea2240,Jaelani 5769,5,2026-08-19T05:00:12.800Z,Lainnya,Positif,Positif,0.9749,Sangat puas
b91897bd-9ecb-4f40-86ea-d7c4d21c9a7b,Mochamad Idris,5,2026-08-19T04:47:34.110Z,Lainnya,Positif,Positif,0.9631,terimakasih kasih dengan adanya aplikasi ini
3df69c99-e34e-4c35-a96d-21db119a4a0d,prama irawan,5,2026-08-19T04:38:11.459Z,Lainnya,Positif,Positif,0.9877,aplikasinya bagus dan mudah digunakan
c02635fb-b0a6-4096-8e58-b29845a89434,Agus sinjaii,4,2026-08-19T04:23:57.315Z,Lainnya,Positif,Positif,0.943,sangat mudah di gunakan
9f997b7f-d626-488c-8826-4fab50f985be,Guntur Geni,5,2026-08-19T04:19:11.211Z,Lainnya,Positif,Positif,0.9897,sangat membantu
8ce0b411-3e03-49f6-8f4a-1f573f1a7cab,Refsimardiani Safitri,5,2026-08-19T03:58:25.875Z,Antrean & Faskes,Positif,Positif,0.9523,bisa membantu percepatan antrean... bisa berobat tanpa antre lama2..
216f4f72-0e50-4471-b1ca-84acba6b9afe,Nur Aqila,1,2026-08-19T03:48:02.704Z,Autentikasi & Akun,Negatif,Negatif,0.8797,tiap mau verifikasi wajah ga pernah bisa.. gimna dong ini saya butuh buat masuk ke mobile jkn.. tolong di perbaiki
120315de-4ab8-4266-9400-24fdfb63acf2,Ali Saputra,5,2026-08-19T03:42:00.900Z,Lainnya,Positif,Positif,0.8084,terimakasi banyak
bb153aae-a9b2-468a-81f4-596c6437125f,M Jamil,5,2026-08-19T03:34:36.301Z,Lainnya,Positif,Positif,0.9957,sangat membantu sekali.sangat bermanfaat
8da866a9-629d-442a-96d0-d139a03c4e95,Jelek Christ,5,2026-08-19T03:29:34.866Z,Lainnya,Positif,Positif,0.9921,mudah cepat dan praktis
09f18972-dd42-479e-980a-02aabd3cf40e,Saepul ersya,5,2026-08-19T03:27:29.698Z,Lainnya,Positif,Positif,0.9897,sangat membantu
fcc983d2-3e99-49b7-b800-ff724442eca4,Yana Setiana,5,2026-08-19T03:14:33.859Z,Kinerja & Server,Positif,Positif,0.5334,updatenya bisa tfkSekarangkan
8788ffcc-c92a-4293-9043-9deabfb26234,astara adi widijaya,1,2026-08-19T02:57:04.891Z,Autentikasi & Akun; Antrean & Faskes,Negatif,Negatif,0.9748,"aplikasi rusak, nggak jelas, mempersulit orang mau berobat, mau daftar tulisan nya ""kuota sudah penuh/kosong"", udh di ulang ulang tetep sama hasilnya begitu, aplikasi aneh"
e613847f-cd2d-4d63-9127-1a6dec9a310b,Dedi Aja,1,2026-08-19T02:48:46.936Z,Lainnya,Negatif,Negatif,0.8805,kenapa setiap buka afilikasih ini selalu offline
2106af61-7006-4cff-9562-4ae21f8b7e61,erickson lbn gaol,1,2026-08-19T02:31:20.247Z,Autentikasi & Akun; Iuran & Layanan,Negatif,Negatif,0.9771,"Aplikasi Buruk, Pulsa sudah dipotong OTP tidak masuk. Pengaduan OTP ditanggapi dengan bahasa yang baku, tidak ada solusi. Tolong Playstore untuk Takedown aplikasi ini, indikasi project Busuk."
b6657835-d205-433f-8b79-909b0fa40619,achid abdillah,5,2026-08-19T02:26:09.784Z,Lainnya,Positif,Positif,0.9907,"terimakasih sangat membantu segala administrasi. , tidak ribet. simple"
dde64d2d-6776-4eb9-a40c-de61062672a8,Copler Breet,1,2026-08-19T02:24:49.869Z,Iuran & Layanan,Negatif,Negatif,0.8426,BPJS ribetttt
a3ef6e90-4a88-476f-a9a8-995d9f32d0e4,SUTRA WIJAYA DG NGEMBA,1,2026-08-19T02:24:05.999Z,Antrean & Faskes,Negatif,Negatif,0.825,"antrian TDK jelas langsung loncat tanpa pemberitahuan, suruh ambil antrian lagi."
af871d3d-3d17-41cf-aca1-282364507a6a,Agung Channel,1,2026-08-19T02:12:14.397Z,Kinerja & Server,Negatif,Negatif,0.9096,aplikasi aneh banyak bug mending nonton bkp ketimbang buka ni apk
804537d7-9440-4264-80c7-3aa251aa9772,Haryadi Mujahidin,1,2026-08-19T02:11:05.483Z,Autentikasi & Akun; Antrean & Faskes,Negatif,Negatif,0.9554,aplikasi ini mempersulit kami untuk berobat . tdk bisa login dengan alasan capca salah
ab8f0fb6-921b-44bc-aab2-cfa104f2a9ae,Bonatua Sinaga,5,2026-08-19T02:07:58.998Z,Lainnya,Positif,Positif,0.8832,"respon cepat, sesuai harapan"
51949a53-62be-44ef-8047-dfa1040bbd1c,Galih Handoko,1,2026-08-19T02:03:17.995Z,Lainnya,Negatif,Negatif,0.9229,tidak bisa di buka...saya instal di beberapa hp juga sama saja.
02141b55-1a1d-4f91-a3e7-16e9a649197c,magical upper,1,2026-08-19T01:59:21.293Z,Antrean & Faskes; Iuran & Layanan,Negatif,Negatif,0.8102,fatal. di jebak oleh pihak call center. diarahin bisa puskesmas berbeda provinsi dengan tujuan rsud provinsi tujuan. sudah ubah puskesmas diarahin puskesmas malah tidak bisa kata puskesmas. salah di petugas bpjs kesalahan kita di suruh tanggung jawab
735b3358-74cb-4e1b-b19d-196bbcceb095,Stevanus Stev,3,2026-08-19T01:46:01.639Z,Lainnya,Positif,Positif,0.6537,kenapa hendphon saya tidak kompotibel dengan aplikasi jkn moble?
9a904f82-6ea3-40ac-8134-18b7ebf25758,Azmi Azmi,5,2026-08-19T01:34:24.968Z,Lainnya,Positif,Positif,0.9803,pelayanan cepat dan.mudah
566d6d30-f5df-4986-9fb1-9d87d7a0680c,YUU [GAMING],1,2026-08-19T01:33:09.864Z,Autentikasi & Akun,Negatif,Negatif,0.9777,gimana saya daftar dan menunggu SMS kode otp gak masuk masuk tolong diperbaiki kasihan yang lainnya yang mau daftar
179a86bf-d733-48f8-8bd2-b2de5ed0ab05,Abdul Wahid,5,2026-08-19T01:32:32.976Z,Lainnya,Positif,Positif,0.9775,good
092ed67b-20f2-4a27-bba8-8b9fde9de87a,Puspa Pratiwi,1,2026-08-19T01:30:10.465Z,Antrean & Faskes,Negatif,Negatif,0.6868,tidak bisa di install mau berobat gimana
5a4decde-a987-42d7-9622-78146df5b172,elora nadin,5,2026-08-19T01:26:41.561Z,Lainnya,Positif,Positif,0.8974,fast respon
2b206fd6-b5ef-40a7-ab02-1064958c0d8c,nunung rohmanah,3,2026-08-19T01:24:22.566Z,Autentikasi & Akun,Negatif,Negatif,0.9759,"suzah masuknya, registrasi verifikasi lewat sms tapi smsnya tidak muncul muncul. alhasil tidak bisa login karna daftar na tidak bisa"
bb77a25b-26f9-4075-a74a-ebb80155bf63,Ale Ale,1,2026-08-19T01:20:09.601Z,Lainnya,Negatif,Negatif,0.901,aplikasi GK guna.ada aplikasi knapa mau aktif kan kembali harus ke dinsos zaman Uda canggih Masi aja harus offline
07f51898-9305-4b93-b957-511ff46c0744,Alexandro Yunus,1,2026-08-19T01:18:18.260Z,Lainnya,Negatif,Negatif,0.7777,aplikasi ga layak rilis kok maksa rilis
9c78114b-857e-4e43-82b1-ce802bcad484,Sidal,3,2026-08-19T01:16:13.897Z,Lainnya,Positif,Positif,0.6131,kasih fitur kamera belakang lah woi
f9706960-4595-472a-a6be-6d8251fb8596,Fahri Ananda,5,2026-08-19T01:12:19.475Z,Lainnya,Positif,Positif,0.9564,terbaik
8ed7dda7-b28d-4aac-9628-01d3392643a7,Winand Pasaribu,5,2026-08-19T00:38:12.915Z,Lainnya,Positif,Positif,0.8566,Good Apl
f6c300aa-01e0-42b5-9a09-7e98d9c6272d,Bella,1,2026-08-19T00:30:36.266Z,Antrean & Faskes; Kinerja & Server,Negatif,Negatif,0.7342,sumpah Susah banget mu ambil antrian online error terus. semoga aplikasinya lebih powerful. sehingga sangat memudahkan bagi umat manusia
52aa95ef-bf60-41c2-af58-1b77708c5e5a,Eni Iswanti,1,2026-08-19T00:23:54.414Z,Autentikasi & Akun; Kinerja & Server; Iuran & Layanan,Negatif,Negatif,0.968,"Ini aplikasinya mau login minta nomor hp OTP ga mau di kirim error mulu nanya ke ke kantor BPJS katanya karena pake nomor smarfren, kecewa berat. Saya cuma punya 1 nomor, susah daftar2 fasilitas kesehatan karen login OTP ga bisa2, tolong dong diperpaiki."
ffb4abb3-acca-425d-acbf-8e9f39a00424,We Run,1,2026-08-19T00:12:00.564Z,Autentikasi & Akun; Antrean & Faskes,Negatif,Negatif,0.9038,"perlu di tingkatkan lagi setiap mau ambil antrian online selalu gagal padahal ada kuota dan wifi, yg salah bukan paket atau wifi nya tapi aplikasinya yg ga beres"
236f6b4e-592c-4fef-855a-f27435a292a5,Neneng Parikhatin,5,2026-08-18T23:33:52.890Z,Lainnya,Positif,Positif,0.8769,lebih mudah mengakses
ccdb9b6e-a5ab-4d82-b5c1-b8c4a9915271,Andreansss Putra (Andre putra),4,2026-08-18T23:31:06.411Z,Kinerja & Server,Positif,Negatif,0.6661,gaptcha nya loading
72a344e8-93df-4305-9cf5-9a60818048bc,Tubagus Nabil,1,2026-08-18T23:18:29.762Z,Lainnya,Positif,Positif,0.9775,APLIKASI YANG SANGAT BAGUS
18e3af21-0ea4-4226-9625-07c50d0e3570,Resdi Nur,1,2026-08-18T23:16:41.496Z,Autentikasi & Akun,Negatif,Negatif,0.9443,aplikasi aneh masa scan muka aja gak bisa bisa
7bb36bc1-3217-4a91-bea6-8812d65f64a0,Phillips wirabudhy,5,2026-08-18T23:03:29.736Z,Iuran & Layanan,Positif,Positif,0.9785,sangat membantu dlm BPJS kesehatan
7cb41405-2768-40b8-864a-25c19c8b94ee,diluc sign,1,2026-08-18T22:27:33.330Z,Autentikasi & Akun; Antrean & Faskes,Negatif,Negatif,0.9749,kode Otp nya aja sush banget gila aplikasi ini malah bikin orang repotttttt nyusain parah mau berobat aja di persulit
a6e9a2f3-a094-4a44-9de2-464c572216cb,Sachi Nuryantini,5,2026-08-18T22:24:33.800Z,Lainnya,Positif,Positif,0.9775,bagus
5d0bc5ed-e8bf-467a-9f76-b9947ff2c90a,Imam As'ary,2,2026-08-18T21:25:40.599Z,Autentikasi & Akun; Antrean & Faskes,Negatif,Negatif,0.8903,"surat rujukan masih aktif , tapi tidak bisa daftar online, aplikasinya tidak bisa ngambil antrean"
263ddcaf-1386-4ab2-ae81-0a61fa099058,Ari Gunawan,1,2026-08-18T17:43:21.339Z,Lainnya,Negatif,Positif,0.5334,aplikasi aampah
03829449-9887-443c-af05-d97006095fc4,Jhony Ridwan,5,2026-08-18T17:25:39.380Z,Lainnya,Positif,Positif,0.6603,pasti lancar
0f524c07-f406-4c5a-9ecb-dac9b1abcd89,Yoga Saputra,1,2026-08-18T16:56:19.631Z,Antrean & Faskes; Kinerja & Server,Negatif,Negatif,0.8907,"Saat mau ambil nomor antrian tidak bisa, server tiba-tiba tidak bisa terhubung dan langsung log out. Saat sudah bisa tengah malam dan nomor antrian sudah penuh"
c50c1e20-495a-4f0d-814e-56fc6625907d,Erlin Marlina,4,2026-08-18T16:36:08.694Z,Antrean & Faskes,Positif,Negatif,0.7425,knapa saya skarang gk bisa ambil antrian di aplaksi.?dan saya sudah chat tanya² sama asisten mobail jkn panjang lebar ahir nya setelah saya tanya knapa gk bisa ambil antrian sll gak ada jawaban nya .gk ngebals knpa mesti lari dari kenyataan
a8dd1bec-beb3-41ee-a7c2-f18df05d18e1,Tri S,5,2026-08-18T15:53:33.300Z,Lainnya,Positif,Positif,0.9963,"ok , bermanfaat sekali"
a9643706-5abc-4918-a8ed-2e4eaf78c4bb,Jumali Jumali,5,2026-08-18T15:52:03.260Z,Lainnya,Positif,Positif,0.9379,mantap terus berkembang
53b8667e-efcf-4709-8962-f30708c18b43,dhina devan,5,2026-08-18T15:02:10.920Z,Autentikasi & Akun,Positif,Negatif,0.8319,ko ga bisa daftar
77b72f9b-ef85-4e53-b7bc-0ef0f1fde743,Ahmad galang afian,1,2026-08-18T15:02:03.375Z,Lainnya,Negatif,Negatif,0.8883,aplikasi kok ribet amatbsi heran
f7c31075-e1f5-42e4-bc7e-d208491ab4ac,Cherryl,3,2026-08-18T14:59:40.743Z,Autentikasi & Akun,Positif,Negatif,0.7973,"masa harus masukin nik bolak balik.. ga hafal, buka catatan teruuusss"
de0885d2-6689-4daa-8146-2c5880dc3fd6,gabrll,1,2026-08-18T14:57:45.731Z,Autentikasi & Akun; Antrean & Faskes,Negatif,Negatif,0.9266,tolong perbaiki sistem daftarnya! sudah hidup susah mau apa apa dipersulit
47724460-856a-4284-be3b-82513d16ba00,Rian awan,1,2026-08-18T14:53:39.360Z,Lainnya,Negatif,Negatif,0.9434,aplikasi tolol
60127bca-f050-40b2-a647-89cca524cc83,Nadia Laila,1,2026-08-18T14:49:05.888Z,Autentikasi & Akun,Negatif,Negatif,0.9937,"aplikasi sampah, mau daftar jkn mobile selalu gk muncul SMS kode otp padahal pulsa udah di isi banyak"
7cadf83a-f261-474d-ad5c-c4d33b55a7b4,fakeh blues,1,2026-08-18T14:46:20.470Z,Autentikasi & Akun; Kinerja & Server,Negatif,Negatif,0.8742,terlalu lemot untuk masuk
f61b8d9b-5951-495d-a1cc-1303b2d2a5bc,Anisa Fitriani,2,2026-08-18T14:46:06.450Z,Autentikasi & Akun,Negatif,Negatif,0.9561,"ga jelas tiba2 keluar sendiri akunnya, giliran maasuk lagi ga bisa aneh bgt.. gaush deh bikin apk klo ttep ngeribetin"
a5c771f6-0189-4c48-ac1f-11055166375e,meylda bunga,1,2026-08-18T14:40:13.372Z,Autentikasi & Akun,Negatif,Negatif,0.9451,"GABISA LOGIN, GAGAL TERUS."
3010bd7c-3d8a-4bac-abb4-d1cc6f70e62d,Mahardika Anil,1,2026-08-18T14:37:34.721Z,Autentikasi & Akun,Negatif,Negatif,0.8784,terlalu banyak masalah setiap mau masuk aplikasi selalu terjadi kesalahan mohon untuk lebih diperbaiki lagi
2a1f7550-5e6b-4c8f-abe2-e9f12070c1ab,ujang kurniawan,1,2026-08-18T14:36:41.110Z,Autentikasi & Akun,Negatif,Negatif,0.9673,"Tiba tiba keluar trus gak bisa masuk lagi, captcha aja susah di baca, tolong di perbaiki lah min"
bc02b741-4378-466b-9b42-3fdf890af320,People Good,1,2026-08-18T14:28:08.901Z,Autentikasi & Akun; Antrean & Faskes; Kinerja & Server,Negatif,Negatif,0.9966,"aplikasi sampah tidak berguna, sering logout sendiri, ketika login ulang dipersulit eror lah password salah lah, hapus aja ga guna"
bf59a6dd-8886-404e-8701-e0f1e919d575,Marno Doanx,1,2026-08-18T14:26:01.684Z,Antrean & Faskes; Kinerja & Server,Negatif,Negatif,0.8303,"mau ambil antrian farkes satu buat bsk anak imunisasi ....eror ,binatang.....nanti bsk saya datang kefarkes di tolak mesti antri JKN ......masalahnya aplikasi ERORRRRR"
efa3e290-f3c4-4410-8d0b-7c7da6da80d7,Mega Rosneli,1,2026-08-18T14:15:33.613Z,Antrean & Faskes,Negatif,Negatif,0.6575,"kenapa aplikasi ny ga kompotibel di hp saya lagi , sebelumnya bisaaa , jangan dipersulit donk, ga semua hp yangg terbaru 😏"
8060b4e8-85f2-434b-a7e1-96dd6fa83220,Whizz Kidd,1,2026-08-18T14:09:08.300Z,Kinerja & Server,Negatif,Negatif,0.8185,"beli/pakai server yg bener tod untuk layanan publik, bikin pusing"
af4c6503-840f-4b07-a686-b2c86979d672,Aris Dwi Ariawan,1,2026-08-18T14:05:51.988Z,Autentikasi & Akun; Antrean & Faskes,Negatif,Negatif,0.9453,"aplikasi ribet,,dikit"" log out sendiri,,ketika login captcha nya muter"" Mulu,,sdh tau skarang daftar faskes online masih aja di ribetin login!!!!sistem belum bagus sdh ribetin log in Mulu!!!"
b6ddf1dd-2ef4-4465-afb9-28a8d31c038f,SPIP KANIMPONOROGO,3,2026-08-18T14:01:43.219Z,Kinerja & Server,Negatif,Negatif,0.8495,aplikasi jkn error
70437fbf-02c5-4681-9857-f7a9d2868306,Prasthio_Nugroho_90,1,2026-08-18T13:55:55.638Z,Autentikasi & Akun; Iuran & Layanan,Negatif,Negatif,0.9684,"Gaangguaaaan terooooosssa.... ..mana setiap beberapa bulan sekali akunnya keluar dan harus masuk ulang,, .pas masuk malah minta Maaf Aplikasinya... ..percuma bayar mahal² BPJS nya tapi aplikasi gangguan teroos saat mau d pake .. kecewa abis.."
c47a961e-26d5-40ce-bec2-4c396b24e67f,jami tayo,1,2026-08-18T13:55:36.467Z,Autentikasi & Akun,Negatif,Negatif,0.839,"tidak bisa login, alesan belum dapat di proses terus terusan"
ea71c7c3-e1b4-473e-813a-90d83bfccba9,yuy tuub,1,2026-08-18T13:55:07.630Z,Autentikasi & Akun; Antrean & Faskes,Negatif,Negatif,0.9559,"ribet amat mau login , lupa password pun sulit. capta mesti diulang ulang baru ketemu yang kasat mata. dasar aplikasi pemerintah. bukannya mempermudah malah mempersulit"
b2b7c31b-2af6-4583-8ed2-6b2f16c6e23f,Nelly Ekic,1,2026-08-18T13:53:26.655Z,Lainnya,Negatif,Negatif,0.8779,aplikasi kureng 🥹 pas butuh gabisa log in dan Tiba-tiba log out
256d0ade-239d-444f-adbc-d8bf3a660294,Alesha Febiianti,1,2026-08-18T13:53:20.474Z,Kinerja & Server,Negatif,Negatif,0.9308,lelet ya sumpah orang lagi sakit darurat lelet serba lelet
6a4e7465-479c-4ea8-a026-b040ed878684,Muhammad Gazali,1,2026-08-18T13:52:24.820Z,Lainnya,Negatif,Negatif,0.9699,apk tai
b18be949-017e-47a8-8b2b-12eef28fe135,Diva Chintya,2,2026-08-18T13:47:53.760Z,Autentikasi & Akun,Negatif,Negatif,0.9348,"tiba tiba ke log out sendiri, pdhal tidak login didevice lain.. konyoll"
b22741bc-3376-4e74-a51b-93982640f4dd,Wayan Suwena,1,2026-08-18T13:30:45.470Z,Autentikasi & Akun; Antrean & Faskes,Negatif,Negatif,0.9278,"Tolong ,bagi para developer dan compilier aplikasi ini untuk memperbaiki sistem login tiap bulan yang dikatakan ""verifikasi"". Tidak semua pengguna jkn itu orang di umur 20-40 tahunan. Ada juga yang sudah tua dan tertinggal jauh dari yang namanya teknologi. Nenek saya mau merujuk saja susah dikarenakan setiap bulan disuruh log in lagi untuk mendapat antrean. terimakasih🙏"
e79d4e51-a721-4def-9708-c67a0a24a332,REG4 - DC JKT2 - Tetep Riyana,5,2026-08-18T13:25:39.731Z,Lainnya,Positif,Positif,0.9775,mantap
d485253b-01a5-46ad-8fdb-4d251d986ead,Asep Samsul,5,2026-08-18T13:04:12.892Z,Lainnya,Positif,Positif,0.9775,mantap
6c0e7a48-89d7-43e9-9bc4-75787780cdb8,Yumna Origami,1,2026-08-18T13:00:24.783Z,Autentikasi & Akun,Negatif,Negatif,0.8844,"tolong dibuat rumit lagi untuk chapca nya, login angel gog"
2026aac6-46bf-4c5c-a208-b917968c6746,kerupuk kriuk,1,2026-08-18T13:00:21.505Z,Autentikasi & Akun; Kinerja & Server,Negatif,Negatif,0.9185,"payah aplikasi nya ,.lupa kata sandi masak erorr trus hasil nya,..diperbaiki dong, setingkat nasional kok gini aplikasi nya"
51eca7c3-b2d3-44e6-8c2d-9cb6596e9731,Wow Banget,1,2026-08-18T12:57:43.577Z,Autentikasi & Akun; Iuran & Layanan,Negatif,Negatif,0.8744,TERLALU RIBET. SAKIT TUH GA ADA YG DIRENCAIN INI SEGALA DOWNLOD DLU REGISTRASI DULU. KLO BELUM SIAP SAMA DIGITALISI. MENDING MANUAL SEPERTI DULU!!!
5f429f8d-1fb5-4887-951a-1fef2d795bba,Abdul Hamid,5,2026-08-18T12:56:04.380Z,Lainnya,Positif,Positif,0.9775,mantap
8ec0da2d-2360-4e4b-ac04-d3aa96671671,Daimatul Khoiriyah,1,2026-08-18T12:50:32.829Z,Lainnya,Negatif,Positif,0.5334,aplikasi nya ngga jelas banget.banyak troubel nya
2b7f29ee-6c9a-4f7a-822d-fa301d857d1c,Ayy 15,5,2026-08-18T12:37:48.156Z,Lainnya,Positif,Positif,0.9897,sangat membantu
05ad889e-1c31-4abd-b628-ff2be69d24d6,MAMAN SULAEMAN MUCHLIS,5,2026-08-18T12:28:14.713Z,Lainnya,Positif,Positif,0.9771,"Mudah digunakan dan informatif,,, makin keren tampilannya"
48ab913e-394c-403f-8940-00b24bb71058,Meri Yanti,5,2026-08-18T12:24:34.922Z,Lainnya,Positif,Positif,0.9965,bagus sekali sangat membantu
a5e83169-7c03-42f5-94eb-6b76469e358b,HEn HEn,5,2026-08-18T12:22:25.630Z,Lainnya,Positif,Positif,0.9897,sangat membantu
72700a86-e267-4f76-bcf9-143f73f50f37,Anak Kebun,5,2026-08-18T12:16:07.957Z,Lainnya,Positif,Positif,0.9707,bisa digunakan di luar domisili
c4206708-e2a7-46aa-8438-b8f190febd65,Yeni Yeni,1,2026-08-18T12:03:16.483Z,Autentikasi & Akun; Antrean & Faskes,Negatif,Negatif,0.9124,"Mendaftarkan lewat foto wajah, dipersulit"
9b692dff-5b73-4556-b021-b85339a3a591,Zakirah,1,2026-08-18T11:54:35.775Z,Autentikasi & Akun,Negatif,Negatif,0.9878,"susah daftarnya, bodoh baget aplikasi nya udah pas di kotak juga buka , tetap di bilang keser kesampaing , aplikasi tergagal , mohon ya aplikasi nya di benarin.punya aplikasi tuh yang benar Napa , ini punya apalikasi malah enggak guna"
1ea7e9f4-4414-4462-9da9-59f6e821dd23,Felici Arfana,1,2026-08-18T11:52:21.979Z,Autentikasi & Akun,Negatif,Negatif,0.9463,aplikasinya ga bisa di gunakan. gagal terus kirim otp sms
25fc5ee7-4dc7-44df-82c9-93fbde96ec76,akun baru,5,2026-08-18T11:48:38.371Z,Autentikasi & Akun; Antrean & Faskes,Positif,Positif,0.5849,"mempermudah dalam pendaftaran berobat,bisa dirumah jadi gak usah antri ambil nomor antrian"
5fbb65a4-2a2f-44ac-9612-b5850920af4b,SAIFUL BAHKRI,5,2026-08-18T11:34:51.904Z,Lainnya,Positif,Positif,0.9775,👍👍
1d9952ea-6a05-4084-ad7a-fca4ebafee8b,Lina Wahyuningrum,1,2026-08-18T10:47:32.954Z,Antrean & Faskes,Negatif,Negatif,0.5404,kenapa beberapa hari ini sudah semingguan mobile jkn tidak bisa diakses untuk ambil antrian ya mohon bantuannya
dff798c0-ee37-4fc1-8d2d-ff649514fd99,Rifa Halima,1,2026-08-18T10:30:18.279Z,Autentikasi & Akun; Kinerja & Server,Negatif,Negatif,0.9433,aplikasi eror tdk bisa login pulsa ke tarik percumah. TIDAK RECOM!!!
c36b68f0-189e-4a0a-9b78-48d956efa985,amin nur rohman,5,2026-08-18T10:09:13.554Z,Lainnya,Positif,Positif,0.9691,mntap.... mempermudah pelayanan kesehatan bagi masyarakat
61270ee6-0422-40ee-afe2-2435f5f1bcdf,Kohar udin,5,2026-08-18T10:06:21.571Z,Lainnya,Positif,Positif,0.9967,sangat mudah di gunakan.sangat membantu.bagus
a49e3066-bf14-451e-8c09-e44a98a6826e,Pak Fandil,5,2026-08-18T10:00:55.428Z,Lainnya,Positif,Positif,0.959,mantab
ac8ed225-b0b8-4894-a921-501daa03a828,Sapacircel,1,2026-08-18T09:57:39.309Z,Autentikasi & Akun; Kinerja & Server,Negatif,Negatif,0.8258,APLIKASI LAMBATTTTT VERIFIKASI LEWAT SMS GAK MUNCUL2
934c7f2d-9c7b-4d87-879d-1e2081f8c3af,Firman Ghani,1,2026-08-18T09:42:21.413Z,Antrean & Faskes,Negatif,Negatif,0.9548,"aplikasi sampah orang mau berobat aja di persulit ,captcha tidak mau keluar hahaha aneh pemerintahan indonesia ini yang miskin di susahkan betul yang kayak se enaknya"
f12cc05b-da7d-42e8-9970-658359322286,fazri ramadhan,1,2026-08-18T09:36:57.222Z,Antrean & Faskes,Negatif,Negatif,0.8244,apk tidak sesuai jadwal ketentuan jam berobat aneh.
b5802ae5-ea5d-426b-97c0-e690f411ec04,Aziz Botak,1,2026-08-18T09:33:50.276Z,Lainnya,Negatif,Negatif,0.741,apk lawak
2e413b86-6784-419f-affb-60517b351dd0,Andre Khs,5,2026-08-18T09:25:05.726Z,Lainnya,Positif,Positif,0.9944,bagus dan bermanfaat
b9e82c3c-fd51-45dc-84cd-17e061d42e37,ntha fhatra,1,2026-08-18T09:08:45.640Z,Lainnya,Negatif,Negatif,0.8692,semakin gede aja ruang penyimpanan nya .. susah buat perbaharuan ...
b54ee644-e486-4dd4-a1d0-2666015e0e81,Gandi 13,1,2026-08-18T08:57:38.466Z,Autentikasi & Akun,Negatif,Negatif,0.8952,gabisa daptar sama ka bisa veripikasi nmr g ke kirim² kode otp nya
e4a29873-e785-47e2-b141-f0c6d5b012e7,Alfinza Ray,1,2026-08-18T08:54:09.670Z,Antrean & Faskes,Negatif,Negatif,0.9239,mempersulit rakyat aja bisanya. dipikir semua orang punya hp yang mendukung? dipikir semua orang bisa mengoperasikan aplikasi sampah ini?! kembalikan ke sistem lama!
a64986d9-f173-49af-a57d-40dfe29d85e9,Hartanto Tanto,5,2026-08-18T08:47:45.663Z,Lainnya,Positif,Positif,0.9775,bagus sekali
db2d502b-e39f-4f1c-8bd5-74ee02264626,Riko Oktavian,3,2026-08-18T08:38:01.528Z,Autentikasi & Akun,Positif,Negatif,0.9127,aneh pas masuk dihp baru ga bisa2.. kata nya data nya ga ada... pas daftar baru. data nya telah ada.. ini maksudnya apa ya.. kacau
f8c09cd1-e897-4fca-a415-a5662cc73501,Magfiroh Mf,5,2026-08-18T08:24:12.765Z,Lainnya,Positif,Positif,0.9707,"apk yang sangat bagus, dan sangat bermanfaat sekali masyarakat.."
ae40acec-70ad-4b23-81d4-0d922122524f,Erwin Sntoso,5,2026-08-18T08:19:52.920Z,Lainnya,Positif,Positif,0.9889,oke
1ceafe94-e890-4a32-a5e1-6fcd828a2c0e,Liyah,1,2026-08-18T08:06:18.393Z,Autentikasi & Akun,Negatif,Negatif,0.9525,Aplikasi ngga jelas. Ribet. Setiap mau daftar pasti gagal..udah muak banget karena berkali-kali mau daftar ngga bisa.
2953e975-d4ef-426b-a095-189ecbdfa3ad,Adi Makeup artist,1,2026-08-18T07:52:46.559Z,Kinerja & Server,Negatif,Negatif,0.9357,"eror Mulu gbisa nambahin nomor hp,udh pake nomor yg lain juga sama,lol .. padahal lagi urgent"
db092a3d-ffa5-4be8-876c-513ca105c20f,miekuah,1,2026-08-18T07:47:38.142Z,Autentikasi & Akun,Negatif,Negatif,0.9822,"daftar aja susah, ga niat bikin aplikasi, masa kameranya dibikin mirror, jdi susah klo scan muka, selalu gagal"
0855fdcd-22c4-4178-bff8-7688537a03f1,Davin EQ,1,2026-08-18T07:40:15.690Z,Autentikasi & Akun,Negatif,Negatif,0.9035,Verifikasinya ribet
e0440ade-9502-407a-9e37-d81224222a75,Khalid Farhan,2,2026-08-18T07:04:36.873Z,Autentikasi & Akun,Negatif,Negatif,0.9348,"gabisa login terus, padahak udah beberapa kali dicoba reset pasword"
8fb95d68-7e17-4a6b-a0ef-92d89f0d0542,Muhammad Ghaza,1,2026-08-18T07:04:01.216Z,Kinerja & Server,Negatif,Negatif,0.8563,"aplikasi pemerintahan kayak gini? tiap hari server down terus. Buffering, padahal jaringan lancar jaya, nonton tiktok, YouTube pun jaringan lancar. Hadehhhh, lain kali kalau memaintene perbaiki servernya sebaik mungkin!"
fae0ca73-00a2-4fef-bca6-82d8ad9d8f2c,Sekartini Bahagiawati,5,2026-08-18T07:01:27.519Z,Lainnya,Positif,Positif,0.9775,Bagus
2b20d4da-7c35-46be-834c-eea5785545a8,sbr suhaili,5,2026-08-18T06:45:11.565Z,Lainnya,Positif,Positif,0.5334,mamtap
21921935-1480-4277-a96e-5fb37790d839,Teguh Suhada,5,2026-08-18T06:34:03.174Z,Lainnya,Positif,Positif,0.9752,aplikasi yang sangat bermanfaat
16fcdcf2-7769-4aa3-a9d7-fc69f2a647a8,Nur Zakiyatah Fakiroh,1,2026-08-18T06:26:34.784Z,Autentikasi & Akun; Antrean & Faskes,Negatif,Negatif,0.9291,"tidak bisa login, tolong segera perbaiki sekarang karena saya sangat butuh aplikasi ini untuk pendaftaran pengambilan nomor antrian di rumah sakit malang untuk kontrol besok dikarenakan rumah saya sangat jauh jarak nya dan menghabiskan 3 jam perjalanan"
0133a62a-7996-42c2-8c94-d26130a8917d,Har Joni,5,2026-08-18T05:16:12.137Z,Antrean & Faskes; Kinerja & Server,Positif,Negatif,0.9194,cuma jaringan lambat dan sering gagal ambil no antrian untuk berobat
9a9d138e-3a65-4632-b711-418609b92f74,Wiwi Rohmawati,5,2026-08-18T05:13:57.830Z,Lainnya,Positif,Positif,0.9954,sangat membantu sekali pelayanannya juga bagus
d62127ed-dca3-47b0-b2b3-929711f50a86,Lozzi jmz,5,2026-08-18T05:05:41.562Z,Lainnya,Positif,Positif,0.9889,ok
13cc392e-4d75-4ab5-a1ee-ab98ee37c497,Direksi Bca,3,2026-08-18T04:50:22.551Z,Kinerja & Server,Positif,Negatif,0.9081,"tolong setiap buka aplikasi selalu tulisan tidak ada koneksi ,bug nya selalu begitu"
065228f2-4da0-4faa-b46f-8c09ba225d1d,Achmada Fiqri A Rasyad,1,2026-08-18T04:47:30.999Z,Iuran & Layanan,Negatif,Negatif,0.8421,kok riwayat pembayaran iuran masih gabisa kita ketahui ya kalo programnya pemerintah ataupun pegawai swasta. Kenapa ya??
902894cd-bd06-4890-886f-ce51f9e7dcf0,cholidina safaru,5,2026-08-18T04:40:36.448Z,Lainnya,Positif,Positif,0.9889,ok banget
e65662df-2e41-4795-a157-1cd94ae9ca7b,Ujang Saepuloh,5,2026-08-18T04:25:43.662Z,Lainnya,Positif,Positif,0.9775,bagus
7080ffb3-fa1e-4655-88a9-82279f7910ba,Winarti Winarti,5,2026-08-18T04:25:34.457Z,Lainnya,Positif,Positif,0.9965,"sangat membantu, mantap"
b0e1da96-28b5-4015-b48f-a84ee1666494,Askaira Shaka Darmawan,5,2026-08-18T04:22:45.520Z,Lainnya,Positif,Positif,0.9889,sejauh ini oke
fdf8f826-6b45-4e2e-9222-4f5aa25d6f0d,Petrus Suyanto,5,2026-08-18T04:22:42.656Z,Lainnya,Positif,Positif,0.9623,Bagus 👍👍👍🙏
7e16eda7-2462-42cc-a450-5804ce562243,Dasman,5,2026-08-18T04:08:44.573Z,Lainnya,Positif,Positif,0.9892,"memudahkan, sangat membantu"
80f42123-b9e0-4606-8f04-2e811269ed2f,Fourtansius Gede,4,2026-08-18T03:59:32.684Z,Lainnya,Positif,Positif,0.9564,terbaik
f4b0e0b5-4582-4527-bee7-93efbaf1f903,FansBeratShiYan,1,2026-08-18T03:55:19.863Z,Autentikasi & Akun; Antrean & Faskes; Kinerja & Server,Negatif,Negatif,0.9373,"mau daftar susah banget, captcha nya loading Mulu padahal kuota atau wifi lancar"
f5f1dfb2-aa9e-4d79-bd50-3694e4e2995f,Adhar Saputra,5,2026-08-18T03:54:36.344Z,Lainnya,Positif,Positif,0.9775,mantap
bf602aae-7bf4-46d2-ad30-412b361bc885,yati yono,1,2026-08-18T03:53:42.450Z,Antrean & Faskes,Negatif,Negatif,0.815,"sebenarnya aplikasi ini tidak membantu,aplikasi ini cuma mempersulit aj,,,,,,, data sudah sesuai tapi tetaap saja ga bisa..... ruwet ruwet ruwet ........"
5627e84f-b761-4dea-860a-11680c81d7ed,rayhan ray,1,2026-08-18T03:50:08.162Z,Autentikasi & Akun,Negatif,Negatif,0.9881,otp nya kirim ke wa ajaaaaa... orang lagi sakit malah dibikin ribet.. mana otp nya ga masuk masuk..
5830ddd2-c65c-46fc-bc09-17c0eb904ecf,Suciawan Suciawan,5,2026-08-18T03:47:50.637Z,Lainnya,Positif,Positif,0.9564,sangat baik
37b60ecd-8d9c-4bed-bd4e-71a240e68e14,ASEP KAPRIADI,5,2026-08-18T03:46:23.655Z,Lainnya,Positif,Positif,0.989,top jkn
7318c72c-cd2e-4524-bff8-38ecef29441e,Rita Herawati,1,2026-08-18T03:43:51.633Z,Kinerja & Server,Negatif,Negatif,0.8604,terlalu sering update hp harus tipe baru tipe lama tidak support apakah rakyat Indonesia semua bisa membeli hp baru?
18d34c34-625c-4aa4-9751-7bc62d0da9ce,Ade Ayu Hani Pratiwi,5,2026-08-18T03:43:11.556Z,Autentikasi & Akun,Positif,Positif,0.996,mantap aplikasi nya terima kasih sudah dibantu pendaftaran
3ff5fc4e-6c16-495b-9cbc-dafa783777e4,Juwairiyah Rahmah,5,2026-08-18T03:41:11.950Z,Lainnya,Positif,Positif,0.9803,pelayanan cepat dan mudah
902d3fdd-b1b8-4c19-8d6c-fd8d2d4bfd6f,Nur Hafizah,3,2026-08-18T03:32:35.715Z,Autentikasi & Akun,Negatif,Negatif,0.9505,susah diverifikasi wajah
ed1fa9b4-af32-4e1b-9b95-d624a450dfcc,Aripendekar 20,1,2026-08-18T03:31:01.958Z,Autentikasi & Akun; Antrean & Faskes; Kinerja & Server; Iuran & Layanan,Negatif,Negatif,0.9555,"di apk gagal batalkan/merubah jadwal kontrol antrian online sesuai arahan pelayanan RS, sudah dicoba Batalkan tetap saja sering muncul : ""antrian tidak ditemukan"" dan ""Gagal tersambung ke server RS"". sehingga tidak bisa daftar online kembali jadinya daftar/antrian manual. tolong bug nya diperbaiki."
de4e3f2a-7a88-45d9-a8a9-f462a6eea0cc,Nurul Hidayat,5,2026-08-18T03:26:14.165Z,Lainnya,Positif,Positif,0.9885,sangat membantu dan mudah di gunakan
71de1c50-9a38-441d-b635-49dc79e96187,Bukit Panguk,1,2026-08-18T03:23:44.756Z,Lainnya,Negatif,Negatif,0.9291,untuk verivikasi wajah sangat menyusahkan..
8d847671-269f-421b-86a1-9d5faf90a913,muktar babahrot,5,2026-08-18T03:18:10.361Z,Autentikasi & Akun; Antrean & Faskes,Positif,Positif,0.5923,untuk memudahkan daftar antrian
14459dab-ef31-4bc4-bd38-22d6c1fe49a4,Pujiastuti 123,1,2026-08-18T03:16:53.286Z,Autentikasi & Akun,Negatif,Negatif,0.9956,"tinggal masukan no HP aja, giliran d masukan malah no sudah terdaftar, padahal belum pernah daftar....... sebenarnya ini aplikasi bukan membantu tapi malah memperumit.... payah"
88194106-407c-4f94-a702-5b73d2776fc9,ningie aries,1,2026-08-18T03:16:15.177Z,Antrean & Faskes; Iuran & Layanan,Negatif,Negatif,0.8828,kenapa ke faskes lanjut susah banget birokerasi nyusahin rakyat kecil yg pengen sehat.... tiap ulan bayar ...
3a5fa0df-27b2-43d9-b744-ecab975f4bfc,Ansa Bae,1,2026-08-18T03:11:49.259Z,Antrean & Faskes; Kinerja & Server,Negatif,Negatif,0.7529,"Ngga Guna Jujur Di Apk Bukan nya Mempermudah Malah Mempersulit, udh Apk Bnyak bug , Baik in lg Apk Cs ngga guna , Cs Judol aj jawab cepat dan berguna dari pada apk ini Tolol"
6d22174b-5a5c-4535-a9df-3a06018606a2,Khaira Althafia,5,2026-08-18T03:03:02.424Z,Kinerja & Server,Positif,Positif,0.5123,"lebih bagus dan tidak lambat seperti dulu, meski error beberapa kali, tapi di klik cob lagi sudah bisa jalan"
17538a60-5558-4b6f-854f-d646fd449b5d,ulil aini,1,2026-08-18T02:48:35.544Z,Kinerja & Server,Negatif,Negatif,0.8592,"sering error, loading lama."
41979750-d2e6-436e-bc9f-d1524480df02,Rudymenz Theboy,4,2026-08-18T02:48:26.437Z,Antrean & Faskes,Positif,Negatif,0.8708,"masih percobaan, hanya saja untuk ambil antrian kadang susah"
3c416666-5c8a-46a4-bdb5-d0742ea790aa,simon Lahauwang,5,2026-08-18T02:39:17.493Z,Lainnya,Positif,Positif,0.9779,bagus dan akurat
996e45de-0af7-42bb-a64d-e7a2256c34ad,Putra Iwan,5,2026-08-18T02:34:16.234Z,Lainnya,Positif,Positif,0.9775,good
c2b31751-8700-4f0b-9789-395cc6e711f1,Next Reel,1,2026-08-18T02:29:09.882Z,Autentikasi & Akun; Iuran & Layanan,Negatif,Negatif,0.5862,"Ratting bintang 1 dulu ya supaya pihak kedinasan yang menaungi juka berbenah. Karena kita masyarakat sudah cukup tau dengan banyaknya edukasi. dimana kita sangat paham anggaran kesehatan sangat mahal dan tinggi tapi kenapa sistem yg diciptakan sangat kualitasnya minim. lalu kenapa sistem meminta akses ke seluruh file? bukankah itu melanggar undang"" ITE?. lalu pengurusan perpindahan tempat sangat tidak fleksibel ada batas"" dll. padahal harusnya jika menggunakan sistem maka akan real-time."
f75e4613-fb39-4d15-8961-80366f35c2aa,umar zamzami,5,2026-08-18T02:20:08.378Z,Lainnya,Positif,Positif,0.9775,mantap
3e8976b1-5ba8-468b-bafa-db034c4d36e2,Rino Khoerudin,5,2026-08-18T02:17:23.294Z,Lainnya,Positif,Positif,0.9897,sangat membantu
93eab3b2-7c4e-4b64-8b7f-28858be18fda,Yanti Sinaga,3,2026-08-18T02:15:36.413Z,Lainnya,Negatif,Negatif,0.7751,sulit untuk mengakses
74e9e8fe-b067-4267-8559-50d59a8b8aff,budi yanto,1,2026-08-18T02:11:50.114Z,Lainnya,Negatif,Positif,0.5011,aplikasi babi susah di buka signal ok dia bilang signal tx ok
84b5b5f0-3549-401e-9dbb-7f430c4bfbba,Farit Workshop,1,2026-08-18T02:01:46.947Z,Lainnya,Negatif,Negatif,0.957,sampah
e2b773a2-7f78-415a-8bc6-3af3227ddee5,Sugi Bambang,1,2026-08-18T01:52:27.846Z,Autentikasi & Akun; Kinerja & Server,Negatif,Negatif,0.9914,aplikasi pemerintah tapi eror truss akhir akhir ini. gak bisa di buka. gak bisa login .. gak bisa buat daftar baru . recaptha tidak muncul .. parah
30581177-2af4-4abe-bdc9-a038e3d01227,Christin Ida,5,2026-08-18T01:48:05.361Z,Lainnya,Positif,Positif,0.963,Pelayanan baik
c54218fe-73a1-41b5-b33f-7b8e79039065,deo pramudia,4,2026-08-18T01:45:21.933Z,Lainnya,Positif,Positif,0.9775,👍👍👍👍
7cd183e7-6212-412e-8527-16dbbdc93382,cepi tohidin,5,2026-08-18T01:44:16.616Z,Lainnya,Positif,Positif,0.9446,cepat tangap
cafa74e8-48c4-4cd2-9a67-48016e3a3c50,yessy marthalina marbun,5,2026-08-18T01:37:37.415Z,Lainnya,Positif,Positif,0.9753,Bagus sekali pelayanannya.
ab189238-9959-47e4-b5f4-d8f278cf4e17,Ibra Magalih,1,2026-08-18T01:36:24.304Z,Autentikasi & Akun,Negatif,Negatif,0.999,Apk tolol gk guna bikin ribet doang otp gk masuk emng jelek
da5505ff-989c-4975-8548-9f81b7ae459f,To Kaili,5,2026-08-18T01:34:27.920Z,Lainnya,Positif,Positif,0.5334,sangat membnatu
836d9226-db7c-43c0-8c27-aee9faafe539,Uhiliti Junior,5,2026-08-18T01:31:34.596Z,Antrean & Faskes,Positif,Positif,0.9529,membantu bngt saat mau berobat di faskes 1
8a984cf1-9ce4-44d4-ba20-60a4e9464df6,arif setiadi,5,2026-08-18T01:30:33.369Z,Lainnya,Positif,Positif,0.8349,"dengan JKN aplikasi menghemat waktu dan biaya,MANTAP"
81a6bd2b-dc8c-40fe-aabd-18aee7407a4c,aprilina camelia putri,3,2026-08-18T01:30:16.315Z,Autentikasi & Akun,Positif,Negatif,0.7795,kalau buka aplikasi sering bgt ke logout. mana mau login jg lama bgt. udah aktifin sidik jari jg masih sama aja kalo mau login ttp gabisa. cepet diperbaiki ya
81061c34-f85e-4afc-a50e-d1891cf9219d,Metland Cibitung mawar,5,2026-08-18T01:20:32.420Z,Lainnya,Positif,Positif,0.9775,good
c7ab54a9-e7cd-42f5-8ffc-0d2eb9b46b74,Dik Aja,1,2026-08-18T01:14:48.305Z,Antrean & Faskes,Negatif,Negatif,0.7377,"percuma ada antrian oline,kalau yg di utamakan antrin offline"
5d087950-9811-4ae4-9115-a0e811d8a944,Agustina Aruan,5,2026-08-18T01:13:07.879Z,Lainnya,Positif,Positif,0.9775,bagus
5ef7ad82-7798-45d4-aaa2-95be8166e8ce,Yumma Samad,5,2026-08-18T01:01:01.312Z,Iuran & Layanan,Positif,Positif,0.9775,bpjs Keren!!
9fb38f99-2cf4-47d7-89c1-8a61a96deb5f,adii .sw_,3,2026-08-18T01:00:14.476Z,Autentikasi & Akun,Positif,Negatif,0.8488,"kenapa yaa tiap mau ganti sandi itu ""maaf sistem blablabla, mohon maaf atas ketidaknyamanannya"" kenapa sih? heran banget."
65fc6d6c-065b-4754-8dfc-e2f570f66e93,Anak Orang,1,2026-08-18T00:57:18.651Z,Autentikasi & Akun; Kinerja & Server,Negatif,Negatif,0.9204,"Ngirim kode OTP nya delay, lama, gak responsif. Error mulu, gak jelas."
4baf8508-3179-4ff9-aa0f-b7c4920022c1,Lumajang Eksotik,5,2026-08-18T00:49:40.370Z,Lainnya,Positif,Positif,0.9276,"Aplikasi simple, ringan, dan covered layanan luas"
3fa6a52c-156f-414c-8517-f19c738aa04f,Rizal Chako,5,2026-08-18T00:43:25.697Z,Lainnya,Positif,Positif,0.9302,mudah
2d9005dc-6675-41ef-b095-1176657e09e6,Zaadun A nya dua,1,2026-08-18T00:38:57.914Z,Lainnya,Negatif,Negatif,0.732,sering bad request
06b8ece1-27d4-4ca5-86b8-53cbd19a87e1,deodf,1,2026-08-18T00:36:43.824Z,Autentikasi & Akun; Kinerja & Server,Negatif,Negatif,0.9926,"aplikasinya sangat jelek sering eror tolong diperbaiki lagi,mau masuk aja gk bisa"
3dc393aa-4f35-4b24-8cfa-5a5130aa23e7,iis Linda,5,2026-08-18T00:29:11.783Z,Lainnya,Positif,Positif,0.9775,bagus
612242d6-49ae-49f5-8ea4-d7ce0c71aa78,Riki Ferdiansyah,1,2026-08-18T00:28:34.609Z,Autentikasi & Akun,Negatif,Negatif,0.9896,"otp gk masuk"" apk ga jelas emang busuk"
daf37dc6-06bf-4150-9c46-a1f001693495,Aidil Jovi,1,2026-08-18T00:17:37.933Z,Lainnya,Negatif,Negatif,0.7157,"aplikasi ini tidak ada di HP saya, tidak bisa saya download,katanya tidak kompatibel di Perangkat saya, mohon bantuannya"
61b48fbf-1208-4e42-903d-e54047391c97,supiantoro,5,2026-08-18T00:10:15.740Z,Lainnya,Positif,Positif,0.8986,mantaaap
2edfa9f4-a303-4b45-a3cf-8a6243c52380,usman sobari,5,2026-08-18T00:09:50.729Z,Lainnya,Positif,Positif,0.9874,Aplikasi nya mempermudah segala hal..mantap
47b749ad-927d-42a6-adb0-25fabb16a352,Muhammad Alamsyah,1,2026-08-18T00:06:38.462Z,Iuran & Layanan,Negatif,Negatif,0.9208,apk gratis jadi tidak berguna di negeri Konoha yg serba berbayar ini
fc82e56e-c0aa-4593-b3e4-561b170b79ec,You Never,1,2026-08-18T00:05:58.201Z,Autentikasi & Akun; Antrean & Faskes; Kinerja & Server,Negatif,Negatif,0.9182,"Aplikasi macam apa ini? gw udah verifikasi wajah malah ""Gagal"" terus,pdhl udh sesuai standar berlaku.kenapa bisa ngebug gini? tolong mohon di perbaiki aplikasinya untuk sesi wajah,pdhl muka saya sudah di dalam kotak tersebut loh.lu mintanya muka atau setengah badan?"
126b28ae-a1f0-4ccd-8985-2794a059afef,Accha Inha,5,2026-08-17T23:55:54.794Z,Antrean & Faskes,Positif,Positif,0.9837,aplikasi sangat membantu dalam pengambilan antrian 🥰
117b7827-47cc-48f7-b001-6e769e981f4c,ispana giri bay lassy,5,2026-08-17T23:33:50.985Z,Lainnya,Positif,Positif,0.9889,ok
78bcd103-79ee-4123-bb23-839d3559b8c4,Wina Winarti,5,2026-08-17T23:25:41.105Z,Lainnya,Positif,Positif,0.9889,ok
d90722e5-5b1f-417b-b9a7-4046e27e4f35,Alif Alya,1,2026-08-17T21:43:05.431Z,Lainnya,Negatif,Negatif,0.9462,"parah berapa MB DAN GB SIH memari apl nya. masak mau pembaharuan ga bisa2 katanya penyimpanan penuh,, pasahal masih ada 1GB RUANG KOSONG"
7f00331d-8173-4029-ac15-ea05c9740e95,Ummuy Salma,1,2026-08-17T20:27:29.138Z,Kinerja & Server,Negatif,Negatif,0.9848,JELEK BANGET!!!!!! UDAH PAKE WIFI MASIH GABISA BUKA DATA KEPESERTAAN👎🏻 MALAH MUNCUL PERIKSA KONEKSI INTERNET ANDA.
cdeb9b13-fa65-4c73-acf2-d69629c15312,Nana Agustin,1,2026-08-17T19:13:27.341Z,Autentikasi & Akun,Negatif,Negatif,0.9442,Ribet bgt mau daftar buka email bntr buat liat otp malah ngulang dari awal lagi daftarnya
249e795e-8e6c-4acb-8c8f-43fbee71e906,idham kholid,1,2026-08-17T19:00:58.552Z,Kinerja & Server,Negatif,Negatif,0.9532,"aplikasi pemerintah tapi menyusahkan rakyat kecil dalam mengakses layanan kesehatan , tidak semua orang mampu update beli hp OS seri terbaru sekarang aplikasi ini hanya bisa terpasang di OS Android 10 keatas , sekelas m-banking aja masih bisa dipasang di seri OS 10 kebawah"
1905f4a3-f1e2-4d6e-aab5-1f1fee83bd28,Or Gha,5,2026-08-17T17:47:06.915Z,Lainnya,Positif,Positif,0.9775,mantap
d3a3f01a-5e58-43d6-9ef3-7c9bcacf1a24,Filo Luju,4,2026-08-17T17:26:55.107Z,Lainnya,Positif,Positif,0.9872,"bagus, lebih cepat"
06aba389-7b52-45ae-a62a-c8d6f000fe63,Solihin,5,2026-08-17T16:28:54.926Z,Lainnya,Positif,Positif,0.9965,mantap bisa membantu
b4fa1382-b141-42a1-9b1d-d3ac0545ed8c,Noor Qomari,5,2026-08-17T16:10:33.105Z,Lainnya,Positif,Positif,0.9775,bagus sekali sangat membbantu
0ab716f6-76c4-47c1-b50b-6bf10f355d5f,zacky asat,1,2026-08-17T15:33:48.477Z,Autentikasi & Akun; Antrean & Faskes; Iuran & Layanan,Negatif,Negatif,0.9786,"Saya sebagai masyarakat sangat Kecewa Dengan BPJS, Khusus nya pada aplikasi JKN Sekarang Ada beberapa point 1. Login Pada Aplikasi Sangat Sulit OTP yang dikirim via email, tidak masuk masuk Sekali nya masuk Sudah kadaluarsa 2. Daftar / Mengambil Antrian pun, baru login ke menu ambil antrian dari Sore sampe ketemu malam tidak bisa bisa... Tolong donk profesional, ini aplikasi menyangkut kesehatan/nyawa orang, hati hati kalian yang menyalahgunakan jabatan & kekuasaan..🙏🙏🙏"
b0820da7-4038-4a27-99fe-f19eddf516e7,Ike Ferdiansah,3,2026-08-17T15:13:36.275Z,Autentikasi & Akun,Positif,Negatif,0.9026,kenapa masukin kode otp gak masuk bosss...kode otp sudah sesuai yang di kirim..tapi GK bisa masuk...ah...gimana sihh????
beef5f2d-51f8-4ff5-b88f-a592cc149c72,Zheptie Shefha,1,2026-08-17T15:05:00.580Z,Autentikasi & Akun; Antrean & Faskes,Negatif,Negatif,0.947,ribet ... setiap kali mau buka aplikasi koq hrs login dulu trs
db9f6d07-6f66-4c8b-845e-eb5c41641dca,Fitri yaa,5,2026-08-17T14:50:46.730Z,Lainnya,Positif,Positif,0.9034,sangat membantu dan efisiensi waktu
6dec40ff-e593-4309-b096-cf7628d3d093,Vincentius Budijanto,1,2026-08-17T14:47:19.300Z,Kinerja & Server,Negatif,Negatif,0.9225,"setiap akan dipergunakan ,sering & selalu diperintahkan log in ,pdhl app TDK pernah log out , harus dari awal lagi saat isi capcha jelas jelas angkanya benar selalu ditolak sebenarnya ini app yg error apa mmg penggunanya dibuat error supaya cepat mati ?"
9d12235a-7ea6-4326-a016-419a2ac11a6b,M. Ichwan S. Berngam,5,2026-08-17T14:19:25.233Z,Lainnya,Positif,Positif,0.9897,sangat membantu
de0cb25e-97c7-40a5-aca0-dc1210b42893,Anak Ke3,2,2026-08-17T14:09:18.214Z,Autentikasi & Akun; Antrean & Faskes; Iuran & Layanan,Negatif,Negatif,0.9026,"ini gmn sih udah selesai daftar malah disuruh verifikasi akun lagi mksdnya gmn ini tolong di perbaiki jgan buat dipersulit di permudah biar orang"" gampang pakai aplikasi ini kasian yg pake BPJS"
4eb18825-3e41-4ba1-a657-8e0190df204f,Zian Tara,5,2026-08-17T14:03:01.717Z,Lainnya,Positif,Positif,0.9889,ok
c66968e1-7c14-4f93-a755-84731f513cbf,eka harys,5,2026-08-17T14:00:34.344Z,Lainnya,Positif,Positif,0.7964,tingkatkan
239151f1-c936-4aaf-b98a-cd2deb2712ba,Hanny Anjely,5,2026-08-17T13:48:08.440Z,Lainnya,Positif,Positif,0.9916,oke lah memudahkan
33cb5d28-c263-4104-8dd8-5b3bdf9825b1,Vanilla Latte,1,2026-08-17T13:46:21.186Z,Autentikasi & Akun,Negatif,Negatif,0.9919,"Login ngga bisa, keterangannya akun belum terdaftar, padahal udah lama bikin akun dan biasanya bisa.Coba daftar ulang,masa keterangannya NIK belum terdaftar, sebelumnya juga tiap kali mau buka pasti udah ke logout"
307e5370-4c70-45b9-9564-4045796a21f4,putri nuraliza,1,2026-08-17T13:03:16.444Z,Autentikasi & Akun,Negatif,Negatif,0.9568,susah bgt mau verifikasi wajah aja susah heran !
1e9c6898-17a8-4650-8068-1c1f049d4f57,Abyfratama93@gmail.com @gmail.com,1,2026-08-17T12:52:45.973Z,Autentikasi & Akun,Negatif,Negatif,0.9629,Susah banget kalo udh keluar untuk masuk lagi apk apa bgini...
dbca5459-f4e7-496f-a209-7f3ec6ef4621,Soekardi Tuminah,1,2026-08-17T12:47:03.772Z,Antrean & Faskes; Kinerja & Server,Negatif,Negatif,0.8919,sumpahh inii apk apa sihh bukanya memudahkan eror terus pulsa udh ada kuotaa udhh ada jaringam stabil masa susah banget ini tuh menyangkut kesehatan masyarakat
05ad0e83-9236-407a-bc91-d67e2ead290b,Erdhi Saputra,5,2026-08-17T12:43:24.769Z,Lainnya,Positif,Positif,0.959,Alhamdulillah
58ecc898-ffc4-4028-bc27-db2ef14384cf,Fahmilia lia,2,2026-08-17T12:28:52.771Z,Autentikasi & Akun; Antrean & Faskes,Negatif,Negatif,0.9768,"Dari pagi mw daftar offline terus, sampe skrg sampe ke klinik disuruh daftar online udah tw apk offline"
14857c23-f454-46eb-9c79-0fd595380366,Mustamir,5,2026-08-17T12:18:28.646Z,Lainnya,Positif,Positif,0.963,pelayanan sangat baik
57645a94-7403-4403-99e8-5b2a836d7316,Giyah 17,5,2026-08-17T12:18:19.293Z,Autentikasi & Akun; Antrean & Faskes; Iuran & Layanan,Positif,Positif,0.8061,"Gampang mau rubah faskes, sangat membantu buat daftar/ambil antri an"
2c463550-944b-4255-9c31-f148fc8a86d5,Rini Banafsha22,5,2026-08-17T11:56:26.932Z,Lainnya,Positif,Positif,0.9749,puasss banget
4f3a58b1-0896-40fb-81dd-876a854972f2,Nindi Sofianti,5,2026-08-17T11:54:10.942Z,Lainnya,Positif,Positif,0.9775,bagussss
c3590e0b-c402-448d-8ab5-2fd62a8c17af,Dandy Risky,1,2026-08-17T11:45:29.541Z,Lainnya,Negatif,Negatif,0.9434,aplikasi tolol anjung
b46c6174-204e-41cc-9e65-416fa4ee260f,muzena safira,5,2026-08-17T11:45:02.472Z,Lainnya,Positif,Negatif,0.7176,anak saya yg kecil kenapa Ndak ada ya di mobile JKN saya..
3379097a-79fc-4690-b281-2ac2d43ce08b,Ai siti Adawiyah,5,2026-08-17T11:23:38.500Z,Lainnya,Positif,Positif,0.9749,puas banget
f1ede431-aa31-4879-a543-14ef482e85fe,Ayu Saja,4,2026-08-17T11:19:31.161Z,Lainnya,Positif,Positif,0.9775,good
1961b92a-e2a3-486b-a78e-9ab9cec5e4a4,Imel angel Sihotang,1,2026-08-17T11:13:22.527Z,Lainnya,Negatif,Negatif,0.892,"aplikasi bobrok, rating 1 pun tak layak ini hrusnya rating -100. sekelas aplikasi yang digunakan mengakses kesehatan aja sebobrok ini. Kerumah sakit hrus pakai ni aplikasi. tp aplikasi ini pun bobrok. kekmana mau maju klo aplikasi ginian aja sebobrok ini"
e09d9753-f609-4158-b6fa-1c58bd019bfa,Hendri Guniawan,5,2026-08-17T11:13:18.298Z,Lainnya,Positif,Positif,0.9897,aplikasi sangat membantu
6254bd10-57ff-42d8-aa32-680bccda5697,Pascal christovel Rengkuang,1,2026-08-17T11:07:23.435Z,Autentikasi & Akun,Negatif,Negatif,0.8206,"tlong di perbaiki lagi soal pendaftaran online nya dri stiap sya mau daftar online mlah gak bisa terus, percma ad aplikasi jkn in klo mau daftar online gk jdi"
5615db01-f6aa-47fd-80fb-61805669a4cf,Aa Kurniawan,1,2026-08-17T10:25:37.479Z,Kinerja & Server,Negatif,Negatif,0.9181,ko jkn jadi error gini ya mau log in kode captha ya mute terus
5ad94b64-0a08-4c4d-ab0f-fdc55a35db17,Muna Sih,2,2026-08-17T10:23:05.810Z,Autentikasi & Akun,Negatif,Negatif,0.8843,"tolong ke depannya lebih diperbaiki lagi sistem login nya, biometrik dan nomor hp sudah diinputkan dari awal tapi enggan terverifikasi. Penyelesaian masalah langsung ke CS tapi hampir no respons, bagaimana ini??"
1a940724-25c2-49a8-be19-2f96d43423ac,Chan Sante,5,2026-08-17T10:22:11.832Z,Lainnya,Positif,Positif,0.9897,Mobile JKN sangat membantu
e281662c-2ec6-4f63-83b9-93cf36d90321,Rhasya As'at,1,2026-08-17T10:21:22.956Z,Lainnya,Negatif,Negatif,0.7815,aplikasi kok sering benar ganguan.
2d6dd390-effc-411a-a08b-5634ec2f183e,Eko Istiyono,5,2026-08-17T10:08:58.358Z,Lainnya,Positif,Positif,0.9889,ok
2c46c778-7a05-4a06-ad6f-6040b27c77bc,Iyan Hidayat,5,2026-08-17T09:28:22.186Z,Lainnya,Positif,Positif,0.9775,👍👍👍👍👍
fcee554b-9675-4866-8cdd-6862fbd4949a,Friday Riski Firdausa,1,2026-08-17T09:24:46.170Z,Lainnya,Negatif,Negatif,0.8682,susah banget dah
c7a7ac47-0dcd-4d97-aeab-ea576cb6c388,Muhammad Riski,5,2026-08-17T09:08:25.279Z,Lainnya,Positif,Positif,0.9775,baguss
0659cacb-805f-418f-8544-f410547bb4b9,Gemu Gemu,2,2026-08-17T09:03:40.811Z,Autentikasi & Akun; Antrean & Faskes; Kinerja & Server,Negatif,Negatif,0.7416,kenapa sekarang g bisa diakses?? slalu dibilang offline padahal wifi baik2 aja.. udah update juga tapi g bisa dipakai.. sementara mau daftar ke faskes harus lewat aplikasi..
6ddba87d-397d-45ab-9d0a-d90894fcc5be,Anisya Safyla,1,2026-08-17T09:00:52.378Z,Autentikasi & Akun; Antrean & Faskes,Negatif,Negatif,0.9272,"plis ribet bgt cara daftarnya,mana makai no tlpn salah salah trs.dan kameranya juga aga ribet"
b66e702f-c283-4410-b49c-d2911929861a,Rira Yustina,3,2026-08-17T08:43:45.295Z,Autentikasi & Akun; Antrean & Faskes; Iuran & Layanan,Negatif,Negatif,0.9489,"ribet banget plis, dari kemaren udah nyoba daftar sampai ganti nomor, beli pulsa, tetap gak bisa, gimana sih caranya? saya gak punya kartu bpjs, jadi berobat harus lewat apk ini buat ambil antrean, saya lagi kenak penyakit jadi tertunda mau berobat"
2261f560-406f-4b43-a4f2-8ad37ecbba2c,Adm Engineering,5,2026-08-17T08:24:51.792Z,Lainnya,Positif,Positif,0.9934,"mudah cepat, aplikasi bagus"
4fb16a34-597b-48d6-a6ea-a00c36a5391a,Syahla Nadifa,1,2026-08-17T08:05:53.864Z,Autentikasi & Akun; Antrean & Faskes,Negatif,Negatif,0.9662,"ANEHHH MASA OTP DOANG HARUS ADA PULSANYA???? bikin ribet aja, aplikasi lain aja yang bukan LAYANAN MASYARAKAT ga seribet ini astagfirullah mempersulit aja"
1e1a6192-520f-4196-bfd1-df5aee494b3a,Sarah Seira,1,2026-08-17T07:59:45.279Z,Autentikasi & Akun; Kinerja & Server; Iuran & Layanan,Negatif,Negatif,0.9592,kenapa setiap pemerintah membuat aplikasi tidak ada yg beneran bagus dan bekerja maximal. tolong dong ditingkatkan lgi. login susah. lemot bukan memudahkan TPI menyulitkan. mau priksa GK bisa munujukan kartu karna mau login gk muncul capcha nya. lol
76fa23cd-304f-4144-9395-c4b062a4c7ae,M Ghinanjar,1,2026-08-17T07:50:42.643Z,Lainnya,Negatif,Negatif,0.8218,aplikasi asu
94bd622e-1982-4372-b15e-f3513ff8161c,Nana,1,2026-08-17T07:42:12.450Z,Autentikasi & Akun,Negatif,Negatif,0.9111,kode captchanya ga tampil² jadi ga bisa login
9ab3c168-0051-4d1b-b889-e6fa505f7891,Faridahayati nur,3,2026-08-17T07:25:04.623Z,Autentikasi & Akun,Positif,Negatif,0.5393,kenapa kok verivikasi nomor ga ada notifikasi masuk..... bantu dong gmn?
4859454e-3721-45ec-a4ea-bf2e5863403c,Vie3 Channel,3,2026-08-17T06:48:54.320Z,Autentikasi & Akun; Kinerja & Server,Negatif,Negatif,0.9462,"sering error, kenapa tidak bisa Login ke aplikasinya?"
bb50f3bd-f2d5-45dc-a067-d27e36931862,Tian Abdul,1,2026-08-17T06:47:20.816Z,Antrean & Faskes,Negatif,Negatif,0.897,"sekarang versi android 8 udh ga bsa download jkn ,, harus bnget pke hp terbaru ??"
27d88c69-c192-42a8-b002-75cbf8d505a2,Comon123 Iyain,1,2026-08-17T06:12:24.339Z,Autentikasi & Akun,Negatif,Positif,0.5815,"punya ku kenapa gabisa verifkasi akun ya,tolong dong secepatnya admin"
b5c0b27a-1a3d-4815-a222-80923772a89e,Alfarizqi Pratama,5,2026-08-17T06:02:37.910Z,Lainnya,Positif,Positif,0.9564,baik
9a85b49f-0143-4b43-89f1-7d1df637fb5e,M. Rizky Satria,5,2026-08-17T05:35:13.900Z,Lainnya,Positif,Positif,0.9302,Jadi lebih mudah
eb754f17-616e-465c-b7fe-d12e36ea6964,Hazura Putry,4,2026-08-17T04:19:59.293Z,Lainnya,Positif,Positif,0.9663,semoga applikasi ini membantu
f9671817-63c1-4ad6-8612-93fc6283e071,Panca Maha,5,2026-08-17T03:58:11.530Z,Lainnya,Positif,Positif,0.9775,bagus
e7ff552c-4e45-4b7a-a42b-5988a4b2aaca,Mohammad Agustsila Syamsuryadin,5,2026-08-17T03:35:55.673Z,Lainnya,Positif,Positif,0.9302,mudah
7367ade1-8c4d-4c64-83a9-249ebf06b933,Asmini,1,2026-08-17T03:32:51.521Z,Autentikasi & Akun,Negatif,Negatif,0.8789,tidak bisa daftar
f904088a-c7a2-419c-b28a-a118bb876efd,Achmad Kahfi,1,2026-08-17T03:12:43.679Z,Autentikasi & Akun; Antrean & Faskes,Negatif,Negatif,0.9791,BARU MAU MINTA KODE OTP SMS AJA UDAH DI PERSULIT. NUNGGU OTP SMS SAMPAI 3 MENIT DI TINGGAL BERAK DULU JUGA MASI KEBURU. APLIKASI BOBROK ANGGARAN DOANG GEDE. BIKIN APLIKASI GINI AJA GA NIAT BANGET. PALING SENENG KALO BIKIN RAKYAT NYA SULIT. REAL FAKTA
b3d9fdda-271e-40da-8f46-4b7bdf759665,Chelsea Aulia,5,2026-08-17T02:49:44.800Z,Lainnya,Positif,Positif,0.9775,bagus
7231301e-b962-4224-ba06-eeadb3922e6f,BuGuru Yolen,1,2026-08-17T02:46:14.968Z,Autentikasi & Akun,Negatif,Negatif,0.9281,"verifikasi wajah bapak saya gagal terus😭 kasian bapak saya padahal kondisinya sudah lansia, verifikasi wajah aplikasi bermasalah!!"
e399200f-9b5a-4cd8-8af7-36e78054d242,Ida Farida,1,2026-08-17T02:08:07.120Z,Antrean & Faskes,Negatif,Negatif,0.8861,Kenapa sekarang apknya hanya bisa di versi android terbaru? Bagaimana jika masyarakat yang hanya memiliki HP jadul? sedangkan untuk berobat wajib pakai JKN.. tolong pak jangan mempersulit masyarakat kurang mampu pak.
64f4c5ac-b288-4b36-933f-a681b344b627,elsarowing,5,2026-08-17T02:02:07.832Z,Lainnya,Positif,Positif,0.9897,sangat membantu
62aa2583-5373-42c5-a050-83164e49ac09,rosy 43,1,2026-08-17T01:55:18.241Z,Autentikasi & Akun,Negatif,Negatif,0.9266,kode otp tidak di kirim
445ea455-1f92-469d-828c-eaf9f8469c86,Misya Anggraini,5,2026-08-17T00:43:04.523Z,Lainnya,Positif,Positif,0.6104,kok gak bisa di downlod
e74bb67f-9849-47fc-977b-cf79ef164cf3,Teslafist,5,2026-08-17T00:38:05.940Z,Lainnya,Positif,Positif,0.9108,nice app👍
b40805ae-52e6-4f44-af40-f8bd0623c13a,Edi Junaedi,5,2026-08-17T00:35:11.889Z,Lainnya,Positif,Positif,0.9889,ok
caae5e5e-5795-4311-aaf4-8d736e316b59,Akhuyaa,1,2026-08-17T00:29:01.492Z,Autentikasi & Akun; Kinerja & Server,Negatif,Negatif,0.9792,"tolong dong di perbaiki bug nya saya mau daftar no hp tapi pas di verifikasi gk bisa,,layar nya tiba2 putih semua TOLONG DONG DI PERBAIKI"
d1bd97e9-95e7-4547-849a-275a5e7279e5,Tya Chinthya,5,2026-08-17T00:27:02.944Z,Lainnya,Positif,Positif,0.9775,mantap
ed4dfb06-d4c1-4e03-8877-46990a9f99eb,Fira Budi,5,2026-08-17T00:17:52.650Z,Lainnya,Positif,Positif,0.9753,pelayanannya bagus
c14e6259-e8d2-42f0-af3b-4bf151f0f8db,Krisna Saputra,5,2026-08-17T00:02:48.175Z,Lainnya,Positif,Positif,0.9013,dengan aplikasi mobil jkn memudahkan segalanya untuk periksa
ff24645b-54dd-42a1-b888-b0d997934be1,Untung Surojo,5,2026-08-16T23:52:25.850Z,Lainnya,Positif,Positif,0.963,kami senantiasa dilayani dengan baik dan tuntas.
f391c0bf-6c6d-46f8-baba-f2bb42e7bf48,retno wahyuningsih,5,2026-08-16T23:10:30.160Z,Autentikasi & Akun,Positif,Positif,0.6414,lancar untuk pendaftaran dan cek kesehatan
b2bc2e80-9e31-46ed-a352-72f91489a521,Arifatus sa'diyah,5,2026-08-16T23:05:47.835Z,Lainnya,Positif,Positif,0.929,Aplikasinya sdh bagus mohon d tingkatkan lagi
da5b45e8-ab7c-4341-9e33-4e9df53791ae,Riskatunnisa 118,2,2026-08-16T23:00:46.520Z,Kinerja & Server; Iuran & Layanan,Negatif,Negatif,0.9173,"applikasinya error-an bukannya diciptakan applikasi itu mempermudah orang orang dlm urusan ya? Masa saya sudah bayar, masih ada notif belum bayar sih 👊 terpaksa harus kekantor BPJS lg buat konfirmasi dan ngurusin pembayaran, kalo harus kekantor BPJS lg mending gausah diciptakan applikasi kalo gtuu ujung ujungnya harus gerak kekantor juga 😑"
bafe78cf-c4c0-4bc6-927e-c40b8b19c8d8,Mustika Agustini,5,2026-08-16T22:59:45.751Z,Lainnya,Positif,Positif,0.9302,alpikasi mudah
87775ff4-fdd1-4875-92d5-a5615bd8b3fb,Alii Saifullah,5,2026-08-16T22:47:38.933Z,Lainnya,Positif,Positif,0.9775,jos
99fff0e5-df83-4b07-9507-068114d84362,Agus Kunaryadi,5,2026-08-16T22:40:14.101Z,Lainnya,Positif,Positif,0.8877,jangan memberi pelayanan yg nyaman
d9266c1f-02e1-4028-a9a0-d5d478bc8cc6,Risbun Manurung,1,2026-08-16T18:09:42.461Z,Lainnya,Negatif,Negatif,0.6109,njirr
0991cd70-1aee-44de-b434-230ca9f53c9e,Icha mell,1,2026-08-16T17:16:50.903Z,Antrean & Faskes,Negatif,Negatif,0.9101,"Biasa nya tgl berapa aja bisa ambil antrian, sekarang dipersulit sudah tidak bisa, ambil atrian sesuai jadwal kunjungan. Tidak semua org bisa hadir ditanggal kunjungan yg telah dijadwalkan, kdg ditanggal tsb orang berhalangan hadir sehingga diharuskan ganti jadwal. Bener² kecewa sih"
d2db6d4a-f634-4254-9505-715ce97ad3a5,Desta Nyoll,1,2026-08-16T16:24:43.774Z,Lainnya,Negatif,Negatif,0.8971,aplikasi pemerintah pasti banyak gagalnya
d89012f9-8755-4b9b-bb78-0065cd7281a7,Yoga Ikbar,1,2026-08-16T16:19:35.522Z,Lainnya,Negatif,Negatif,0.9622,burukk
64aa2d73-d03e-487d-b6ec-74d9d80ec8db,nurul Fikri,5,2026-08-16T16:15:10.153Z,Lainnya,Positif,Positif,0.9892,Aplikasi sangat membantu dan mempermudah
73e1f48f-d55c-4b56-a925-c2210375cc5c,utaryo leksono,5,2026-08-16T16:06:40.807Z,Iuran & Layanan,Positif,Positif,0.9394,BPJS kesehatan sangat baik dan profesional
02fb6e2b-1980-4785-a312-d9919c6aa062,mpii vanessa,5,2026-08-16T15:17:47.569Z,Lainnya,Positif,Positif,0.9637,responya cukup baik
c06d7afb-96e1-454a-ae16-33fb34546475,Muhammad Ilham,1,2026-08-16T14:54:18.783Z,Lainnya,Negatif,Negatif,0.9438,aplikasi ini makin buruk hanya support android 10 sedangkan nenek saya android 9 gak bisa pakai aplikasi ini lagi sangat mengecewakan cuih
4f0abd97-6279-4d34-93f1-c0da7e018614,Fila Ramadhan,3,2026-08-16T14:48:58.613Z,Lainnya,Negatif,Negatif,0.6293,"icon dalam aplikasi nya terlalu rame, kurang fresh"
c5262d0a-62dc-47fb-8449-3f140c05e434,Hermawan Atul,5,2026-08-16T14:20:46.763Z,Lainnya,Positif,Positif,0.943,mudah di gunakan
c55ceecd-3c6a-4e4a-b886-885991b1e142,a na,1,2026-08-16T14:13:18.538Z,Autentikasi & Akun; Iuran & Layanan,Negatif,Negatif,0.9824,"setiap mau daftarin nomor hp gagal terus keterangannya ""permintaan belum bisa diproses, tunggu beberapa saat"" tapi giliran dicoba lagi tetep gabisaa, gimana ini tolong diperbaiki aplikasinya, lagi urgent banget malah gabisa masuk padahal udah bayar BPJS tiap bulan"
e95b4265-d0c0-4f44-b815-12bb8627e345,faisal jack,5,2026-08-16T14:01:13.460Z,Lainnya,Positif,Positif,0.9394,"is very good, i like it"
ea33d346-1d06-4abb-a379-3bfcd7b9b825,Dwi Aryanto,3,2026-08-16T13:58:24.630Z,Autentikasi & Akun; Antrean & Faskes,Negatif,Negatif,0.8351,Emang ada ya yang mau nipu ke faskes... sampai² mau login aja susah...
eedfbafd-03ad-4643-933d-6b11d06be750,Mulyadi Muchtar,5,2026-08-16T12:40:21.690Z,Lainnya,Positif,Positif,0.9101,pelayana lbh cepat dngn jkn mobille tdk bikin ribed
4fd735b5-d1ba-4987-bf7b-1e784e6afe9e,mugia cbs channel,5,2026-08-16T11:49:45.170Z,Lainnya,Positif,Positif,0.9897,sangat membantu
d0f0ebf1-4abf-4edb-866a-5609e6619746,Albyazka W.,5,2026-08-16T11:26:12.880Z,Lainnya,Positif,Positif,0.9775,bagus
77ee1415-c8a9-4812-8b09-3789785d2ef7,Asrul Gunawan,1,2026-08-16T11:02:36.687Z,Autentikasi & Akun,Negatif,Negatif,0.9683,sms verifikasi gk masuk masuk
ca33ffe3-3dae-4c01-a4f8-b193e6891d7c,Sri Mitria Ningsih,5,2026-08-16T10:51:58.815Z,Lainnya,Positif,Positif,0.9672,sangat membantu pengguna fasilitas kesehatan
b7b966f0-105c-4df7-9728-b75f0f6e1c52,Finna Ramadhona,1,2026-08-16T10:42:50.510Z,Antrean & Faskes; Kinerja & Server,Negatif,Negatif,0.849,"saat mau bikin surat rujukan gagal terus,karena tulisan jaringan,padahal pakai wifi"
724cb3ad-7a10-4d54-b03b-b54b6502c0b0,Zhulfikar Alhanan,5,2026-08-16T10:27:51.713Z,Lainnya,Positif,Positif,0.9015,tidak Ribet Dalam Pengurusan Lagi
0277768e-2bee-4d19-b265-a65139f52e9b,Arya Zakaria,1,2026-08-16T10:23:11.796Z,Autentikasi & Akun; Kinerja & Server,Negatif,Negatif,0.8753,"minimal sediakan server yg luas lah, bikin apk bisa nyediain server gk bisa berhari-hari gw coba daftar yg keluar gangguan server mulu"
3a76e369-b09b-46fa-8156-7fbd26dd8fff,yanie fadlian,3,2026-08-16T10:20:07.639Z,Antrean & Faskes,Positif,Negatif,0.7908,"aneh... gak bs download aplikasi jkn mobile, keterangan ny perangkat anda tidak kompatibel... emg hrs hp yg bagus doank ya yg bisa download, klo butuh aplikasi ny buat berobat gmn donk?"
e07202b4-34a1-45ea-9202-d016d6c3faa4,Ade Achdiyat,5,2026-08-16T10:18:59.802Z,Lainnya,Positif,Positif,0.9036,"Tanggapan pengaduan cepat, tapi tidak tahu kalo tindakan ke paskes nya."
160253e9-07c7-461f-86ca-7a3100c39615,Simon Meyer,5,2026-08-16T10:17:43.631Z,Lainnya,Positif,Positif,0.9775,bagus
5a6d4c54-8937-4983-bbdd-3357322bfd6f,Haes Putry,1,2026-08-16T10:09:05.314Z,Autentikasi & Akun,Negatif,Negatif,0.9693,"aplikasi paling ribet, tiap buka aplikasi harus login ulang, padahal sebelumnya udah aktifin login biometrik, tapi pas buka aplikasi lagi malah gak bisa, kembali lagi ke settingan awa. ampun daaaahhl"
979fcaf3-8d42-4a8e-be70-51d3789bb1cf,iin nurhasanah,5,2026-08-16T10:02:30.878Z,Lainnya,Positif,Positif,0.9271,pelayanan nya bagus dan sesuai
63a0787c-7079-4064-a0c0-5ba02188a66e,hesti juwita,1,2026-08-16T09:44:12.391Z,Autentikasi & Akun; Antrean & Faskes,Negatif,Negatif,0.8672,versi baru tidak semua hp bisa. harus orang kaya yang hpnya bagus yang bisa pakai? versi yang dulu lebih enak. sekarang mau login susahnya minta ampun!
b269d918-3dc9-44eb-b72c-6ffb4e67846d,Alfandri Wahyugie,5,2026-08-16T09:32:29.367Z,Lainnya,Positif,Positif,0.9302,simple
a7759ab6-2e0a-4e0e-a034-724f288f9d66,Ikhsan Heriyanto,5,2026-08-16T09:03:29.945Z,Lainnya,Positif,Positif,0.9889,ok
aa666e24-5ec6-4521-9c7d-ea60e5214a9e,Kanzania Adiba,5,2026-08-16T08:55:52.506Z,Iuran & Layanan,Positif,Positif,0.9554,trimakasih ya alloh ini sangat membantu bgt d keluargaku yg srba kurang anaku juga bnyk trimakasih admin dn smua kru jkn smoga kita smua slalu dlm lindungn alloh dn slalu d bri kesehatan amin
afaeeee6-d014-453d-8e61-fe26c2ee848d,Angga Thomas,1,2026-08-16T08:24:01.400Z,Autentikasi & Akun; Antrean & Faskes,Negatif,Negatif,0.8819,lahh ini sy mau ngambil antrian online malah gak bisa masuk2. katnya nomot sy sdh terdaftar. trs gmn sy mau ambil antrian onlinensy...sialan banget ribetttjadi nya
8c2d41fa-edee-41d9-8735-291a838cd263,siti ridloatul ulum,5,2026-08-16T06:35:02.180Z,Lainnya,Positif,Positif,0.8508,bagua
96aaa8b7-c762-4094-8ea1-a48bc8759e16,Natun Ony,5,2026-08-16T05:54:27.915Z,Lainnya,Positif,Positif,0.9872,bagus dan cepat
1f7e9797-518b-4349-935a-a744a64abdc5,Bambang Agus Rianto,5,2026-08-16T05:48:58.305Z,Lainnya,Positif,Positif,0.9479,mudah dimengerti
41a15bf2-5d9a-452c-a724-9b5a780b0fa9,Hafiz Nuraziz,1,2026-08-16T05:39:37.489Z,Autentikasi & Akun,Negatif,Negatif,0.9701,"Pulsa ada dan cukup, kemudian paket data reguler ada tetapi OTP susah masuk saat registrasi/daftar. Tolong ini banyak keluhan tentang OTP tapi kenapa belum diselesaikan masalahnya"
55efe217-e753-42e5-84ac-723d5783f323,Ultra Man,5,2026-08-16T05:27:47.759Z,Lainnya,Positif,Positif,0.9775,bagus
9f63bdc1-0275-4632-82bf-7d11074cb1f2,Silvia Desy Andriani,1,2026-08-16T04:46:00.879Z,Lainnya,Negatif,Negatif,0.8473,captha nya gak bisa keluar
fc41fdeb-7b2f-4523-bcdf-0b48b2e5c52e,Ario Seto16 channel,5,2026-08-16T03:38:49.801Z,Lainnya,Positif,Positif,0.8981,mempermudah masyarakat
4cae8e3c-648d-4c48-bb42-9c86b148ba8c,hery rizki,1,2026-08-16T03:36:35.662Z,Kinerja & Server,Negatif,Negatif,0.9519,busuk setelah update
4d9e173f-8f3a-4a50-aad0-e75297924936,Rahnia Handiarti,1,2026-08-16T03:31:55.367Z,Kinerja & Server,Negatif,Negatif,0.9862,"lag parah, gua udh hapus ruang penyimpanan masih lag, emang dari sananya kah, hp gua sampe restart ulang saking lag nya sumpah, ini yang buat apk siapa sih"
ed1bbcf6-0dfc-41fb-ab85-de668d83075b,Tiko Lius,5,2026-08-16T03:26:45.584Z,Antrean & Faskes; Iuran & Layanan,Positif,Negatif,0.5181,"saya baru menggunakan aplikasi ini ,untuk memudahkan saya berobat ke rsu ,terutama mengambil antrian online ,BPJS supaya tidak lama mengantri ke rsu kalau lagi bayak pasien jadi kita datang ke rsu sesuai jam dan hari yang sudah di tentukan untuk berobat"
e01ea376-b405-4ab7-bf68-4cfb1f2b772e,anisa f,1,2026-08-16T03:22:05.250Z,Autentikasi & Akun,Negatif,Negatif,0.9709,ga bisa kirim otp sms aneh
476c456e-680f-49b0-bde2-49a979ddf8a5,Nidi Nada,1,2026-08-16T03:01:04.936Z,Autentikasi & Akun; Antrean & Faskes,Negatif,Negatif,0.8907,"sistem belum mampu menjawab kebutuhan masyarakat. data sudah sesuai tapi nomor telepon dan email tidak sesuai. padahal email yang didaftar itu2 juga. banyak keluhan, tapi belum ada respon perbaikan. harus peserta antri panjang, sementara daftar online tidak berfungsi."
f936fda6-83a5-4a24-bdd4-a9581178b3e8,Riduan Achmad,5,2026-08-16T02:49:45.230Z,Lainnya,Positif,Positif,0.9775,bagus
23465eef-974f-4e2c-9e40-05a0b2163932,CIVREZ z,5,2026-08-16T02:36:36.420Z,Lainnya,Positif,Positif,0.9698,"mantap bisa mempermudah gak harus pergi2,bisa langsung jadi"
6fbd8a98-17e6-48e6-8769-5ea5c1883c1c,Jane Rarum,4,2026-08-16T02:09:45.336Z,Autentikasi & Akun,Positif,Negatif,0.5351,tiap mau login sllu slah pass pdhal passnya ga pernh ganti knpa y
6c6e9766-6657-4f10-80db-46a31224364a,YyHD Lucky,5,2026-08-16T02:05:26.752Z,Lainnya,Positif,Positif,0.9775,bagus
a043fe9d-21a7-47b8-8b08-7d37562b8d06,Amru Septiawan_17,5,2026-08-16T01:08:04.503Z,Lainnya,Positif,Positif,0.9925,"alhamdulillah, bagus sekalii 🤩🤩🤩👍"
342bb65a-4d1a-4106-bd56-b8969973dd2b,Haerul Alwahid,5,2026-08-16T00:36:36.479Z,Lainnya,Positif,Positif,0.9921,"sangat membantu,praktis"
7b4cd9fb-2f5b-4600-a324-30be98839f94,PAPA HITZ,5,2026-08-16T00:35:33.623Z,Antrean & Faskes; Iuran & Layanan,Positif,Positif,0.7871,asli enak bisa merubah data faskes melalui 1 gemgaman
e34706a5-b1a1-4b40-af33-ffc15c501449,Sofyan Efendi,5,2026-08-16T00:27:04.866Z,Lainnya,Positif,Positif,0.9775,Good!
c01c2709-d176-4ae5-9212-0c462113e317,Farihzal,1,2026-08-16T00:04:03.996Z,Antrean & Faskes,Negatif,Negatif,0.7339,aplikasinya mempersulit masyarakat
08885623-54d4-45c3-aa60-90ca618222cf,Saf rudin,5,2026-08-16T00:03:20.400Z,Lainnya,Positif,Positif,0.9379,Bagus dan sederhana
e7a441e6-11c7-4e69-9962-8f7cc38ca0d3,Asep Garlida Suryaman,5,2026-08-15T23:17:34.280Z,Lainnya,Positif,Negatif,0.5236,kenapa aplikasi mobiile jkn tidak bisa dibuka
4dce86a9-f4fb-464f-89d4-8550aa6de543,Rizal error,3,2026-08-15T22:13:52.838Z,Lainnya,Positif,Negatif,0.8659,ada kendala apa udah dua hari gangguan pahal sinyal banyak tapi offline mulu kak 😫
dfbc8b48-de39-437c-8edb-69d6f3dd3a02,Moch furqonal87,2,2026-08-15T20:00:04.107Z,Autentikasi & Akun; Antrean & Faskes,Negatif,Negatif,0.7991,"Ga tau harus bilang apa ? Mungkin udh jamannya Hp, Orang yg harus cepat ditindak lanjuti / awam yg gaptek.. Tertunda gara"" Apk JKN,. Iya klo Peserta itu ada Kuota / Pulsa di hpnya..? Maaf ya bisa dibilang mempercepat rakyat yg sakit ke Binasaan secara perlahan,."
ab8b67c5-5eba-41c0-b2ea-94fa8a7d7be0,Bang Ndun,5,2026-08-15T19:48:25.225Z,Lainnya,Positif,Positif,0.5547,mengapa saya tidak bisa mendownload apk ini lagi
8e33ede2-5f8a-49bf-9a2c-d7c6ced23dd4,SYARIFUDDIN,5,2026-08-15T19:31:19.265Z,Lainnya,Positif,Positif,0.9591,mantap pisan
ef253a33-923f-480c-a63f-8f492da0f2cb,Nano rachman,3,2026-08-15T18:24:50.785Z,Autentikasi & Akun,Positif,Negatif,0.9337,tolong di perbaiki lagi setiap mau masuk susah.
9bacafd9-7752-4034-9be6-6e98fb79da79,sunarto 82,5,2026-08-15T18:00:31.960Z,Lainnya,Positif,Positif,0.9988,ok bagus bermanfaat
4f74e625-ac3b-458b-a3aa-6a3015536b3b,ManadoKu Bastian,5,2026-08-15T17:28:32.186Z,Lainnya,Positif,Positif,0.8678,💯
67a98c2a-0227-4567-9324-42bd2eda3193,Wit Margo,5,2026-08-15T17:17:14.506Z,Autentikasi & Akun; Antrean & Faskes,Positif,Negatif,0.6211,daftar gampang tidak di persulit
63f93d73-9b32-4d3c-82ad-0fd7fd60df2e,Marifatul Islamiah,5,2026-08-15T17:12:58.455Z,Lainnya,Positif,Positif,0.9692,terimakasih
df46fea3-e61f-4bf5-bb8b-f2943d5d6155,laksana bisma Wisesa,5,2026-08-15T16:26:21.165Z,Lainnya,Positif,Positif,0.9494,samgat membantu
09a6a445-d67e-4c5a-916f-2a13c695e1b0,Setia Budi Budi,5,2026-08-15T16:21:47.850Z,Lainnya,Positif,Positif,0.9897,sangat membantu
9131089a-3c32-4008-85c6-2e5878010682,Sri hastuti,1,2026-08-15T15:45:33.385Z,Antrean & Faskes,Negatif,Negatif,0.8483,masa gk bisa dipake disemua versi
e4c58a93-a471-4ec3-b48e-0b687fdc9a70,Yanto Dian,5,2026-08-15T15:32:29.502Z,Lainnya,Positif,Positif,0.9775,bagus
89c4e75c-e751-4050-8ec4-cd3e53f33aa5,Yanthie,5,2026-08-15T15:28:47.781Z,Lainnya,Positif,Positif,0.7889,sangat Berguna
62bdb10b-4eba-4311-ac45-68af9f472ec8,Wanto 83,5,2026-08-15T15:15:36.193Z,Lainnya,Positif,Positif,0.9775,mantap
fb3632cd-939a-4fb9-8d84-83b19c0b2e20,Muhammad Hadi,5,2026-08-15T15:05:15.902Z,Lainnya,Positif,Positif,0.9775,good
c54c1351-9b58-4d46-aad4-c6fca89becab,badroll city 17 channel,1,2026-08-15T14:57:59.892Z,Lainnya,Negatif,Negatif,0.7788,kenapa mau daptar gk bisa erol trus
a3b0a195-23f0-40e6-947d-032346cf3ba1,Hanna Anisa,5,2026-08-15T14:28:05.442Z,Autentikasi & Akun; Iuran & Layanan,Positif,Positif,0.8456,memudahkan tentang mendaftar BPJS
28aa148b-3502-4a1f-b35a-3d2786e4d2f5,Suci Rahmawati,1,2026-08-15T14:24:36.588Z,Autentikasi & Akun; Kinerja & Server,Negatif,Negatif,0.9565,"Apk yg katanya buat mempermudah masyarakat nyatanya buat daftar aja error mulu. perbaiki lagi layanan sms ke nomer hp nya, udah dicoba berkali2 gagal terus!"
4d9d702d-08ca-4b19-8926-cf0be94a217e,Tasya Labibah,1,2026-08-15T14:08:15.295Z,Lainnya,Negatif,Negatif,0.8365,"gimana sih, padahal no baru, setiap di coba ulang gagal terus 😔😔😔😔😔😔😔😔😔😔😔😔😔😔😔😔😔😔😔😔😔😔😔😔😔😔😔😔😔😔😔😔😔 disuruh ulangi terus hufg"
b3994497-43f8-4f2a-8e09-c9f3b1b94fbc,Oppo Oppo,5,2026-08-15T13:35:30.997Z,Lainnya,Positif,Positif,0.7307,saya sangat suka dgn adanya mobile jkn
610c36c8-3fe6-4c6f-9b65-4607f55106df,Dwi Astari,5,2026-08-15T13:27:27.875Z,Lainnya,Positif,Positif,0.9889,ok
560a8cee-d1db-4f85-8624-a62d4083b7bf,Wajah Perwira,5,2026-08-15T13:10:55.870Z,Lainnya,Positif,Positif,0.9676,nice memudahkan proses administrasi
de3bf3ab-ad7f-4b9a-93e9-0934acb3e5eb,Dena Kartika Mawangi,5,2026-08-15T12:56:11.761Z,Lainnya,Positif,Positif,0.9228,Pelayanan dan aplikasi muda digunakan
bd5cefcf-e58a-4f5d-a571-27acad2c3b14,Tunas Muda,5,2026-08-15T12:47:40.114Z,Lainnya,Positif,Negatif,0.5127,"tuk sementara oc, oc aja tp kedepan blm tau"
c69daa84-c6b1-475e-b731-6dc9f86f7c1b,Kang Bruds,5,2026-08-15T12:47:33.664Z,Lainnya,Positif,Positif,0.9897,Aplikasi ini sangat membantu
14ef9d16-bd81-4ad6-a4ca-c3bbb8c3c5d9,Calief,5,2026-08-15T12:34:16.555Z,Lainnya,Positif,Positif,0.9889,ok
bd43f0e6-91cb-4cf4-afc4-731814c77234,Tasha Dwi lestari,5,2026-08-15T12:17:38.730Z,Lainnya,Positif,Positif,0.9889,ok
63a016b1-629e-4ae8-9509-5b7965d8a2e3,Putra satria Kelana,5,2026-08-15T12:16:33.158Z,Lainnya,Positif,Positif,0.5334,trimksih
ea592a0e-fbb9-49a0-bcf1-b9d974cdb9eb,Anisa Baturaja,5,2026-08-15T11:58:28.670Z,Lainnya,Positif,Positif,0.8554,Bagus.. biarlah bintang yang bicara
d4d520a3-9aad-422d-bd54-c8153fe0b763,Meirisa Liana,5,2026-08-15T11:56:27.218Z,Lainnya,Positif,Positif,0.9302,sangat mempermudah
9fe25fc3-bf0a-48f6-bdfe-a2db1658d414,Bu Putt,1,2026-08-15T11:26:37.805Z,Autentikasi & Akun,Negatif,Negatif,0.902,GA BISA MASUK APLIKASI PEMERINTAH DODOL
25ba6f69-cd63-4284-826e-6984ba65590f,Ardiansyah Saputra,5,2026-08-15T11:24:39.638Z,Lainnya,Positif,Positif,0.9874,mantappp jkn lebih permudah
0e98fb55-f7d4-4ec6-ae7e-988b1b91e6cc,Ito Karanganyar,1,2026-08-15T11:18:06.544Z,Antrean & Faskes; Kinerja & Server,Negatif,Negatif,0.5845,setelah ada update aplikasi nya tidak bisa di pake lagi tolong dong jangan mempersulit tidak semua orang punya hp bagus
27dde1b9-d76f-49d3-a3e4-a740252b70bc,Nauval M.A,2,2026-08-15T10:28:07.585Z,Autentikasi & Akun,Negatif,Negatif,0.9596,"kok stak di nomor tlpn ya pas pendaftaran, padahal pulsa ada tapi gak bisa"
4cef4269-e66f-4013-a468-28a5f7f1c01b,m. solihin,5,2026-08-15T10:15:52.100Z,Iuran & Layanan,Positif,Positif,0.9681,"aplikasi mudah digunakan sangat membantu, banyak fitur yang bisa dilakukan tanpa harus datang ke kantor BPJS"
247dfdfb-eefd-4bb6-9fcd-4c333f4f2fdc,arnold jehatu,5,2026-08-15T10:14:54.157Z,Lainnya,Positif,Positif,0.9483,mantap terimaksih
efed45bc-c30c-4159-94b3-fb2b900ac0e6,HIE SIN AN,5,2026-08-15T10:14:25.633Z,Lainnya,Positif,Positif,0.8521,hebatlah !
578fc171-af7d-48a9-a21c-60abb25fb0b8,Muslich Hidayat,5,2026-08-15T10:02:11.411Z,Lainnya,Positif,Positif,0.9775,bagus
cfd8c231-1a6a-4c48-8d81-8eb55138e198,Tuti Aryati,2,2026-08-15T09:57:53.777Z,Autentikasi & Akun,Negatif,Negatif,0.9022,"kurang praktis,pas mau daftar giliran kamera gak masuk2 aneh,gak bisa ambil foto,bikin lebih simpel aja sih"
eee06f41-0335-4f2c-b62c-3219d87a57ad,Ferr,5,2026-08-15T09:38:13.639Z,Lainnya,Positif,Positif,0.9752,sangat bermanfaat
8f77c3c9-ffd6-4e13-841f-131f1b3dc438,Muhammad Wandi Saputra,1,2026-08-15T09:29:13.416Z,Autentikasi & Akun; Antrean & Faskes,Negatif,Negatif,0.822,"ribet aman mau verifikasi lewat mana pun juga, dipersulittttttt"
e49383fd-dbcf-4ad8-a9ff-ee28502f21a4,Syifa Izayani,3,2026-08-15T09:23:08.640Z,Autentikasi & Akun; Antrean & Faskes; Kinerja & Server,Positif,Negatif,0.9879,jaringan ada kuota ada tpi kode otp ga masuk masuk aneh?
bef90fa8-14c1-4ffc-9ed8-b883b0333330,Jusman Sandy87,5,2026-08-15T09:19:22.819Z,Lainnya,Positif,Positif,0.9921,Masya Allah Mobile JKN Sangat sangat membantu terimakasih Sukses selalu untuk Mobile JKN 🤲🏻🙏🏻🥰❤️🎉🎉🎉🎉
194acae4-d83b-4c4f-8361-328a0528ab8f,Shinta Levia,1,2026-08-15T08:59:08.588Z,Autentikasi & Akun; Antrean & Faskes; Iuran & Layanan,Negatif,Negatif,0.7316,"BPJS SISTEM DIGITAL MALAH SISTEMNYA AMBURADUL.. PENDAFTARAN, CEK FAS DAN LOKASI RS ,ANTRIAN,DLL SEMUA MELALUI JKN MOBILE. TAPI DISAYANGKAN APLIKASI TIDAK USER FRIENDLY, PERANGKAT TIDAK KOMPATIBLE LAHH.....DAN BLA BLA BLA BLA... PARAAHHHH"
c46d5312-fc1d-4583-9ee2-ebf7433c7f98,Hasna Wati Has,5,2026-08-15T08:50:50.150Z,Lainnya,Positif,Positif,0.9564,baik
41ce23d2-d365-4724-9c43-d25d641345db,Nyoman Sutama,5,2026-08-15T08:45:20.449Z,Lainnya,Positif,Positif,0.9014,Bagus dan lancar sekali!
1510f62f-87bf-4c7c-b15a-c1e77ac364eb,Syarif Hidayatullah,1,2026-08-15T08:34:20.553Z,Lainnya,Negatif,Negatif,0.5163,ga bisa download
7fc91fa3-ebc3-4815-ba24-c033d4e7db95,Syavera Astika,5,2026-08-15T08:10:38.152Z,Lainnya,Positif,Positif,0.9807,apk sangat membantu bagus sekali fiturnya juga cepat
be35e394-3091-4f91-b1a1-2d4ecb084cc1,gania salon,5,2026-08-15T08:08:01.229Z,Lainnya,Positif,Positif,0.9889,ok
86947b3b-bf53-43c8-a38d-e541d59d5397,niken tiyas,1,2026-08-15T08:07:04.114Z,Autentikasi & Akun; Antrean & Faskes; Kinerja & Server,Negatif,Negatif,0.9981,"tolong di perbaiki untuk yang baru daftar tidak masuk masuk kode otp nya!! verifikasi wajah juga eror, udah ganti nomor telp semua aktif tetap tidak dapat kode otp sedangkan semua di suruh ambil antrian online tolong di perbaiki saya tidak bisa menggunakan aplikasi sangat sulit !!"
abcef9c5-af70-42ed-847b-0d4bfbbe5006,Binioon,1,2026-08-15T08:06:16.742Z,Kinerja & Server; Iuran & Layanan,Negatif,Negatif,0.8591,aplikasi ga jelas..selalu eror..padahal waktu di jam kerja dan koneksi kencang wifi tapi selalu eror gmn mau melakukan pembayaran atau cek status
bb3f9030-d34b-4fd1-9c8e-d81b421b4cd8,Nilam Batari,1,2026-08-15T07:57:40.905Z,Autentikasi & Akun,Negatif,Negatif,0.9769,"aplikasinya kenapa ngga bisa ngirim kode verifikasi buat nomer hp ya, awalnya kukira yang salah nomer hp saya, entah ngga punya pulsa apa gimana, tapi setelah isi pulsa sama aja, saya sampe ganti nomer (beli perdana baru) tapi masih aja tetep ngga bisa, tolong bantuannya dong"
27c0d6d3-cbc9-4a59-9a18-3f7f29d2e597,Kalcer Garage,1,2026-08-15T07:20:48.875Z,Lainnya,Negatif,Negatif,0.9882,buruk
4af0f40b-e546-4e07-a87a-2e719e5a5e5e,Tonny Aja,5,2026-08-15T07:17:41.974Z,Lainnya,Positif,Positif,0.9775,mantap
a180bfd7-a83b-43ec-b3d4-881f35faf0c2,KHAERUNNISA,1,2026-08-15T06:26:03.528Z,Autentikasi & Akun,Negatif,Negatif,0.9812,"ga bisa daftar, kode otp ngga muncul muncul udh coba beberapa kali tapi tetap ngga bisa"
0103577c-9408-4468-9253-2fe8f50b6727,Iskandarsyah Ramdani,5,2026-08-15T06:10:33.354Z,Lainnya,Positif,Positif,0.9508,good luck
8c3f7a28-4cf0-47e1-95ef-32551888e33b,Diky Hermawan,1,2026-08-15T06:00:28.759Z,Autentikasi & Akun; Iuran & Layanan,Negatif,Negatif,0.9192,"PARAH, NAGIH DOANG YANG DI UTAMAIN TAPI PELAYANAN BURUK. masa pembayaran saya gak terbaca??? pantas saja statusnya di aplikasi gak berubah berubah. saya di suruh ke kantor cabang buat beresin. yaelah nyusahin bae. kirain lewat aplikasi pembayaran langsung masuk, gak taunya gak kebaca. respon nih keluhan saya, jangan nagih doang bisanya"
c6d79ce9-3446-4a27-815f-1c2533ef221e,Sya Sha,3,2026-08-15T05:46:33.346Z,Lainnya,Positif,Positif,0.6862,hub.cs terputus putus terus🙈
7f626014-fdd3-4637-a515-53582ea225fc,Grace Yordani Ulag,5,2026-08-15T05:43:13.709Z,Lainnya,Positif,Positif,0.9753,layanan mantap
e6459b57-d841-4f36-942f-3e5d27243545,Belfa Lala,5,2026-08-15T05:42:15.936Z,Lainnya,Positif,Positif,0.9775,josss
7a747829-a066-494d-976c-7bfe1e3229f4,Firdaus Brajamusti,1,2026-08-15T05:39:40.484Z,Autentikasi & Akun,Negatif,Negatif,0.9562,"aplikasi nya tolol, buat verifikasi harus ngirim otp, per otp nya harus nunggu 5 menit baru bsa ngirim otp lagi, ngabisin waktu doang developer nya tolol, sok sok an ketat padahal celah nya banyak"
b3471c13-a0b0-40a0-a07d-1e4d250e2ddd,Ayu Nugraheni,5,2026-08-15T05:04:22.200Z,Lainnya,Positif,Positif,0.9897,membantu
5d7d7435-076f-4506-8b08-82c425d3e06f,Wawan Setiady S,5,2026-08-15T04:52:22.150Z,Lainnya,Positif,Positif,0.9973,Sangat Terbantu dengan adanya JKN semoga lebih di tingkatkan lagi fasilitas dan manfaatnya demi kemudahan
7850f789-24d0-4aa9-b6b0-0b4c6c3bb2a8,Teddy Amanda Halim,5,2026-08-15T04:48:07.812Z,Lainnya,Positif,Positif,0.9775,mantap
a439bd0c-2365-4df7-bcc1-c921db2c67cb,Heru bekti Santosa,5,2026-08-15T04:40:53.418Z,Lainnya,Positif,Positif,0.9775,good
9d53cf7e-b3b6-4c5d-8948-fbf8ea336219,Ade Heru M Arifin,1,2026-08-15T04:14:00.144Z,Antrean & Faskes,Negatif,Negatif,0.6836,kenapa sih aplikasi gk bs d pake setiap mau ambil antrian gk bs ktya tidak d izinkan gmna sih
c9c9f36f-54ee-4262-a9ec-800899ecad45,M. Reyhan,3,2026-08-15T03:34:33.715Z,Antrean & Faskes,Negatif,Negatif,0.8073,harusnya verivikasi wajah jangan d persulit atau d tiadakan
de9ee383-52d9-43c8-bff6-e8d27b1e485c,muara siregar,5,2026-08-15T03:34:05.913Z,Lainnya,Positif,Positif,0.9004,sangat mudah di mengerti
367d7800-2809-433f-840c-2090065babab,Risma Heriaman,5,2026-08-15T03:33:54.417Z,Lainnya,Positif,Positif,0.9965,bagus dan sangat membantu
485252fb-c746-472f-8402-88f6fc67558c,Imelda Prayitno,5,2026-08-15T03:32:47.658Z,Lainnya,Positif,Positif,0.9753,bagus pelayanan x
cf351596-3721-4a96-a55b-0528861dfdc7,gavi,1,2026-08-15T03:25:00.431Z,Lainnya,Negatif,Negatif,0.8577,aplikasi gak niat..gajelas
aa732716-64fa-49cc-ae04-cbee50a83db1,Sandi Kecik,5,2026-08-15T03:14:33.490Z,Lainnya,Positif,Positif,0.9985,Aplikasi sangat membantu.. pelayanannya cepat dan akurat..top dah
de992081-3e42-417c-b11f-bbd9b02e6b2b,WIDIYANTO WIDIYANTO,5,2026-08-15T03:10:27.730Z,Lainnya,Positif,Positif,0.9749,puas
04277d42-3405-41bb-9bb5-66c0e6cf8a9b,Yashinta Pangestu,1,2026-08-15T03:00:27.942Z,Kinerja & Server,Negatif,Negatif,0.9715,"lemotnya parah, kenapa ya apk dari pemerintahan tu busuk semua"
8cb105fe-1948-43ba-b2af-bbfbed510729,Sri Purwono,3,2026-08-15T02:42:40.290Z,Autentikasi & Akun,Negatif,Negatif,0.8195,kdng kalo daftar suka susah
54d8d7a6-2f55-4242-80a1-9346e65a423b,Nanan 234,5,2026-08-15T02:39:54.168Z,Lainnya,Positif,Positif,0.9897,sangat membantu
5cdbf737-8c7f-40f9-9b98-0d5de1adaf75,varinime,1,2026-08-15T02:31:40.270Z,Lainnya,Negatif,Negatif,0.5236,gak bisa dibuka
b1cdbca4-94e8-4321-ac79-4f32b0cbce71,Nina Herlina,5,2026-08-15T02:19:56.993Z,Lainnya,Positif,Positif,0.943,Mudah dalam penggunaan nya
960df8d8-8dfa-440d-8af3-6bb932dd3c75,malaz,1,2026-08-15T02:00:07.907Z,Autentikasi & Akun; Kinerja & Server,Negatif,Negatif,0.9435,"mohon diperbaiki aplikasinya tiap foto wajah gagal terus padahal jaringan lancar, tiap login juga gagal gagal hadeh"
c169e4ae-115b-4309-946c-9ece36707216,ahmad zaini,5,2026-08-15T01:58:19.800Z,Iuran & Layanan,Positif,Positif,0.9137,memudahkan saya dalam merubah data
97a992f3-9709-4690-a614-bfa0b83463d4,Anime Lover,1,2026-08-15T01:56:59.530Z,Autentikasi & Akun,Negatif,Negatif,0.9447,tidak bisa login aneh
4a05d392-a0c1-4cf5-9085-068ba82aff62,sari rusfa,5,2026-08-15T01:44:15.650Z,Lainnya,Positif,Positif,0.9926,the best
93729d33-e9a0-4b84-9cdb-316c1d46eeb6,dudung Abdul majid,5,2026-08-15T01:43:01.180Z,Lainnya,Positif,Positif,0.9764,bagus semakin mudah pelayanan nyaaa
ee957cbd-bc45-4088-aece-dea6d956a267,Astriekamal,3,2026-08-15T01:33:45.711Z,Lainnya,Negatif,Negatif,0.8093,"Agak Ribet, Tolong lah jangan dibikin Ribet"
36d8433f-1847-4f2f-90fb-c391d1693c89,Susi Wiharti,1,2026-08-15T01:20:23.975Z,Lainnya,Negatif,Negatif,0.869,aplikasinya bikin orang emosi
9f27355e-bc1a-43a0-8edd-721ed56ceee5,Cecep Gorbacef,4,2026-08-15T01:14:12.184Z,Lainnya,Positif,Positif,0.9751,sangat membantu lebih cepet dan efektif
f65c91eb-99ac-4a4b-8828-d17693e874c7,RR Malau,1,2026-08-15T00:32:45.561Z,Lainnya,Negatif,Positif,0.6312,mengapa hilang di play store
07483aef-9c58-43dc-8953-d7158b9f862a,Bapak Jepara,5,2026-08-15T00:15:22.720Z,Lainnya,Positif,Positif,0.9775,jos
fff1e2ad-c0cc-48db-8bdc-687078aadab5,Zulfan Yusuf,5,2026-08-15T00:11:49.408Z,Lainnya,Positif,Positif,0.9775,Bagus
c26c12f1-d53a-4cfd-b94b-daca81387884,linda rohyani,1,2026-08-15T00:07:31.437Z,Autentikasi & Akun; Kinerja & Server,Negatif,Negatif,0.9432,"logout sendiri, setiap mau login lagi selalu loading, captcha tidak mau muncul, padahal signal lancar, wifi aman"
6876c75d-d08c-45d9-99fe-6b1666305756,Fatorahman Saadu,1,2026-08-14T23:31:37.288Z,Kinerja & Server,Negatif,Negatif,0.8922,"tolong di perbaiki user experience sangat kacau, aplikasi sangat lambat, banyak bug, anak magang yang buat ya?"
c26144cf-1a17-4e26-9b03-5ac47e5203d8,Muhamad Alifun,1,2026-08-14T23:08:55.250Z,Antrean & Faskes; Iuran & Layanan,Negatif,Negatif,0.5866,aplikasi apa ini cuman bisa buat bpjs capek ngantri jembut
0dda794b-e88d-4675-a813-8c576c51ac78,Herman Minggu,5,2026-08-14T22:58:29.735Z,Antrean & Faskes; Kinerja & Server,Positif,Negatif,0.5961,sering tdk bisa terhubung dgn server RS
274e7eee-ead4-455d-8006-44a2d18b4245,Muhamad Cepi Ramdani (CurenMarvel),5,2026-08-14T22:15:10.134Z,Lainnya,Positif,Positif,0.9775,Bagus
4b0c6587-bc4b-4a7b-a1ac-eb27b2576612,Mulloh saeful,5,2026-08-14T21:21:37.896Z,Lainnya,Positif,Positif,0.9889,ok
9e37f4e1-b09f-416c-97a6-dc082c93cf7e,Jonj Poc,5,2026-08-14T21:11:13.952Z,Lainnya,Positif,Positif,0.9302,mudah dipakai
64470197-f9e5-40ea-a6c8-282ada02f9d5,Rizka Azhari,1,2026-08-14T19:56:44.575Z,Antrean & Faskes; Kinerja & Server,Negatif,Negatif,0.9825,tolong dong admin buruk banget ni aplikasi nya udah berhari hari down ngak bisa mau cek in ngak bisa. di hapus lalu di download baru malah capcah nya ngak keluar keluar kacau ni orang mau berobat sangat terhambat
e39f637a-b1c2-42e7-8af3-8978960053b5,Soim Soim,5,2026-08-14T19:01:21.319Z,Lainnya,Positif,Positif,0.6306,sangat membantukepada masarakat yang tidak mampu
27405317-c437-4349-a7f5-4a162d5b84ae,Maswid 4d,5,2026-08-14T18:43:08.874Z,Lainnya,Positif,Positif,0.959,mantab
c161a36e-4931-4a93-bf0b-013a26575a87,Bin Sahlan Bardan,3,2026-08-14T16:49:45.669Z,Lainnya,Positif,Positif,0.9897,sangat membantu
bba16408-217c-4fbc-82a0-623863294f6c,nita ramdhania,5,2026-08-14T16:42:53.715Z,Iuran & Layanan,Positif,Positif,0.9376,"sangat mudah untuk merubah data diri peserta,mksh sukses sll"
b59c5ca9-9d06-455c-9d21-f9d3264c02f9,Kakyoin Noriaki,1,2026-08-14T16:30:47.528Z,Autentikasi & Akun,Negatif,Negatif,0.9564,aplikasi dongo minta kode otp ga dikirim kirim dongoooo
b66162e8-8428-4327-9890-91877611a138,Siti Papat,2,2026-08-14T16:28:47.376Z,Kinerja & Server,Negatif,Negatif,0.7886,"kak tolong perbaiki apk ny dong, kenapa di hp ku gak bisa instal atau di update"
5aa66e1a-14bd-4fa2-90fe-e1d2c9049af1,zakaria hendra,1,2026-08-14T15:18:29.488Z,Autentikasi & Akun; Antrean & Faskes; Iuran & Layanan,Negatif,Negatif,0.9414,Aplikasi mempersulit hidup..sudah dilakukan perubahan data email & nomor telpon tetap gak bisa masuk tetap terbaca nomor telpon & email yang lama
8c931c63-15fb-4f6c-8dfd-e619ca8137cf,Ifa Rifa,1,2026-08-14T15:03:11.200Z,Autentikasi & Akun; Antrean & Faskes,Negatif,Negatif,0.9624,apk mempersulit TDK bisa login
7cb9bfb5-ab96-4b31-ae2c-005eb584f352,Chika Alvian,5,2026-08-14T14:56:40.345Z,Lainnya,Positif,Positif,0.9775,bagus mantap
8b418072-01b8-425c-a32a-ceae66fb802b,Deni Albar,5,2026-08-14T14:43:19.436Z,Lainnya,Positif,Positif,0.9897,sangat membantu
32d5ef31-1eae-48c1-a09a-34966a97ec88,Wasis Setiono,1,2026-08-14T14:37:56.546Z,Lainnya,Negatif,Negatif,0.8753,layanan terburuk yang pernah diciptakan.
2e75c70e-7fbe-439c-99fc-1a78e6b12826,Mas Maman,5,2026-08-14T14:08:04.238Z,Autentikasi & Akun; Iuran & Layanan,Positif,Negatif,0.7276,untuk developer mohon untuk di sediakan menu reset password ATW mode lain untuk log in..saya mau lo in menggunakan NIK saya sendiri lupa paswordnya..dan sampai sekarang belum bisa melihat kelas BPJS saya..apakah sudah terdaftar di dalam satu KK ataw saya sendiri..
e20e4ddd-bdb9-46b2-a3ea-4ccf661a58d7,fhiand USA,1,2026-08-14T14:03:12.397Z,Lainnya,Negatif,Positif,0.5334,aplikasi tulul yang bikin GK sekalah
7e801d4f-4af6-45eb-9c41-f5fd204a6e61,nggothings,1,2026-08-14T13:55:44.500Z,Autentikasi & Akun,Negatif,Negatif,0.8258,"TIDAK BISA MENDAFTAR ONLINE, KETERANGANNYA NO REKAM MEDIS TIDAJ TERDAFTAR PADAHAL SAYA SUDAH TERDAFTAR. TOLONG DIPERBAIKI SECEPATNYA"
75af9072-a63a-4307-a5bd-c63aa43f8e26,Kaito,1,2026-08-14T13:49:23.731Z,Autentikasi & Akun,Negatif,Negatif,0.9764,kode otp ga masuk masuk padahal udah nunggu lama
52d2675e-6bc5-4968-9de5-696635d2f22a,raden rasyid,5,2026-08-14T13:46:08.420Z,Lainnya,Positif,Positif,0.9897,sangat membantu
ce262790-b03f-4348-b551-f085bf40bdfa,Aditya Dwi Rahman,1,2026-08-14T13:45:40.633Z,Autentikasi & Akun; Antrean & Faskes; Iuran & Layanan,Negatif,Negatif,0.8826,"tidak bisa dpakai daftar faskes pertama walau masih ada antrian dengan alasan sudah mencapai batas maksimal. percuma tiap bulan dpotong gaji klo tidak bisa dipakai, sedangkanpndaftaran offline full terus"
dfb4a09a-2e46-4db1-8dcc-3743b210d3e5,Lisna Affy,1,2026-08-14T13:37:39.380Z,Autentikasi & Akun; Iuran & Layanan,Negatif,Negatif,0.9279,terlalu ribet.. mending pake kartu lagi daftar gagal terus padahal internet lancar
5ca09bf7-1cb6-4947-be16-bc89d78ca252,Leny Selvianti,5,2026-08-14T13:30:18.480Z,Lainnya,Positif,Positif,0.9752,bermanfaat
0aea6ec1-8619-4746-a02b-32cfe70625bf,Ita Rosita,5,2026-08-14T13:09:45.177Z,Lainnya,Positif,Positif,0.9302,mudah dgunakan
2a739fb8-a893-496a-966e-066d4f0f5968,Nanik Faujiyanti,5,2026-08-14T13:09:04.100Z,Lainnya,Positif,Positif,0.9775,bagus
424f5413-0b48-40a3-9389-e229edc2e263,Noer Haetun,5,2026-08-14T12:40:11.132Z,Lainnya,Positif,Positif,0.5334,bagis
1d2928f0-fa2f-413d-83fc-932f9e168ee5,Sky agent,5,2026-08-14T12:37:22.864Z,Lainnya,Positif,Positif,0.9775,Good
4083063c-d72c-4223-8a89-4ea85c3d0932,Neneng Ariani,5,2026-08-14T12:31:21.990Z,Lainnya,Positif,Positif,0.9889,oke
478ddec6-e346-43d5-a4dc-a11ebcce48fe,MD chenel,5,2026-08-14T12:28:23.401Z,Autentikasi & Akun,Positif,Positif,0.9536,best pokokx dahh.... daftarin lewat aplikasi /online
b6bdad76-ec0a-4241-8f26-5739459ae318,Citra Niaga Celebes,5,2026-08-14T12:12:56.199Z,Lainnya,Positif,Positif,0.9801,Semoga semua smakin dipermudah
f966cebf-b402-4670-8185-2fa4a453a60e,arjuna khatulistiwa,5,2026-08-14T11:56:02.808Z,Lainnya,Positif,Positif,0.9775,mantap
2b510007-4425-4872-b9fc-dc693125af66,Abida Cantik,1,2026-08-14T11:51:40.156Z,Autentikasi & Akun,Negatif,Negatif,0.9521,terlalu rumit untuk wajah. kayak di buat susah. pendaftaranya
b07d0e75-f2c1-4571-8db9-6e4d0742c60b,Arofi ali Maskur,5,2026-08-14T11:50:24.119Z,Lainnya,Positif,Positif,0.9775,bagus
9c0105b6-a0c4-464e-9e4a-a5081b880639,unik Betha,1,2026-08-14T11:18:26.139Z,Autentikasi & Akun,Negatif,Negatif,0.8447,Ya Allah tolong aplikasinya susah bgt masuk tolong kupasrahkan padaMu ya Allah
cafd50d8-87a9-4516-820e-b707262de530,Andrie Darajat,5,2026-08-14T10:55:01.502Z,Lainnya,Positif,Positif,0.997,"mantap, mudah dan sangat membantu"
842c7d6f-4ed2-4265-812d-8bf622621570,Indah Yuli Marjati,1,2026-08-14T10:09:00.960Z,Autentikasi & Akun; Antrean & Faskes,Negatif,Negatif,0.9876,"aplikasinya sangat jelek sekali. susah sekali proses loginnya. setelah bisa masuk, mau ambil antrean muncul notif belum dapat diproses, gitu terus berulang-ulang."
0d840181-421c-43c7-b643-a614f9e50c3e,Gaming Newbie,1,2026-08-14T09:54:09.250Z,Autentikasi & Akun,Negatif,Negatif,0.9543,"apk ga jelas bolak balik minta kode verifikasi login ga bisa"" aneh"
006020aa-5cc7-4654-9621-28573d91cb14,Ade Fatih,5,2026-08-14T09:50:04.463Z,Lainnya,Positif,Positif,0.7947,efektifitas mantaf
f8bc6e9c-2d44-425c-aed2-30930fb8e2fb,Apil Gaul,5,2026-08-14T09:42:21.593Z,Lainnya,Positif,Positif,0.9897,sangat membantu
182c3c33-cb01-44eb-bb9a-51c886aa43d8,andi tana,5,2026-08-14T09:13:46.750Z,Lainnya,Positif,Positif,0.9941,trims kas uda bantu saya
8846ef84-d89e-4403-b777-6fec44f2f05d,Riswanto rm,2,2026-08-14T08:38:44.207Z,Autentikasi & Akun; Antrean & Faskes,Negatif,Negatif,0.7253,"agak rumit aplikasi y, klu yang gaptek, gak jadi berobat karena tidak tahu daftar secara online"
1d5db0cd-5049-4ef8-b8a7-a67fee796ecf,k ikot,5,2026-08-14T08:35:04.554Z,Lainnya,Positif,Positif,0.5334,bagitulah
94330c74-873a-40a4-a996-f25c52b0b005,mamang sugi,4,2026-08-14T08:32:55.248Z,Lainnya,Positif,Positif,0.943,mudah di gunakan
aac5a447-5dfd-4aca-9cbd-63e6b452148f,17 Farhan Assidiqi,1,2026-08-14T08:26:56.380Z,Autentikasi & Akun,Negatif,Negatif,0.8954,"aplikasi gjls ga bisa menerima kode verifikasi nomor, alesan tidak bisa di proses"
1591618c-b648-4474-8135-c99edcc1ead6,Sigit Pamungkas,1,2026-08-14T08:18:40.743Z,Lainnya,Negatif,Negatif,0.907,gagal terus. malah bikin ribet
58bd57a1-072c-41fb-a889-80f5b8fe2726,Yadi Ucil,1,2026-08-14T08:07:59.410Z,Autentikasi & Akun,Negatif,Negatif,0.9534,aplikasi sampah minta kode verifikasi aja ga bisa bisa aneh
e585cb19-4754-4e27-a096-97373970f938,Hardi Saputra,4,2026-08-14T08:02:52.249Z,Kinerja & Server,Positif,Negatif,0.8071,kenapa ngelag ya
9c3c2bae-4854-4c71-a6d5-11c307ea93d0,sasa,1,2026-08-14T07:57:25.276Z,Antrean & Faskes; Kinerja & Server,Negatif,Negatif,0.6753,"aplikasi dari pemerintah tapi error trs, uang banyak seharusnya bisa buat server berjalan dengan baik."
6dcb4ed8-5e49-491e-bf76-d2d89291cdc2,Rayhan Gilbran,1,2026-08-14T07:36:00.638Z,Lainnya,Negatif,Negatif,0.9772,"Aplikasi bodoh, buat apa pake captcha? kok jadi ngalahin aplikasi bank? sangat menyusahkan orang orang berumur."
3475260e-1b4c-41d5-8611-1e63e4b66765,Jehoova Jireh,5,2026-08-14T07:22:50.378Z,Lainnya,Positif,Positif,0.9897,sangat membantu
a1318133-33e1-4f06-8bf2-07b7fefe1180,Nikken Netya Ratri,1,2026-08-14T07:11:34.229Z,Autentikasi & Akun; Antrean & Faskes,Negatif,Negatif,0.9426,setiap mau daftar ke klinik atau rs harus menggunakan apk ini tp susah masuk susah kebuka
60e78a77-41c4-424a-8f5f-56a1ca4c4f28,Abd Haris Nasution,5,2026-08-14T07:04:44.552Z,Lainnya,Positif,Positif,0.997,Terbaik🔥
b2a9f1d4-4b8d-4839-a33b-d9ced0d7d633,Kriswandi,5,2026-08-14T06:58:04.716Z,Lainnya,Positif,Positif,0.9775,Bagus
537bfe8e-5445-4213-bc9f-5c21b460c4c5,sabrie madani,5,2026-08-14T06:51:21.506Z,Lainnya,Positif,Positif,0.9564,baik
da6b9e3b-29c7-4f0a-a899-97a24c768b5f,Adry,1,2026-08-14T06:50:50.767Z,Autentikasi & Akun,Negatif,Negatif,0.887,"setiap buka apk hatus login lagi, apk prematur"
664b9469-f0b0-4e7d-95eb-bf3ba93dee84,Black Cikhuy,1,2026-08-14T06:25:26.188Z,Autentikasi & Akun; Antrean & Faskes; Iuran & Layanan,Negatif,Negatif,0.9089,menyulitkan orang mau brobat blum lagi kendala sinyal saat pendaftaran ulang d RS ny dan aplikasi MOBILE JKN harus login ulang trus padahal password ny udah benar tapi selalu salah di aplikasi nya Tolong lah BPJS KESEHATAN di tingkatkan lagi kualitas Aplikasi ini sudah berapa tahun ini kyak gini trus. Apakah sengaja aplikasi nya di buat sperti ini saja?......
592bfaba-d594-4eae-94d3-b1d059f32fb1,Jafar,5,2026-08-14T06:14:47.599Z,Lainnya,Positif,Positif,0.99,baik dan bagus
c54747c2-22b8-4ac4-a9ca-75dcb86de006,Jaenal Abidin,5,2026-08-14T06:14:36.381Z,Lainnya,Positif,Positif,0.9302,pake mobile jkn segala nya jadi mudah
e03705ae-fc61-4f5f-9dcb-6bff1bf04b96,Metro Bukan,5,2026-08-14T06:03:55.313Z,Lainnya,Positif,Positif,0.9752,sangat bermanfaat
5f95612f-2000-44ee-b747-52f68f286aa9,Novi Lestari,5,2026-08-14T05:42:32.765Z,Lainnya,Positif,Positif,0.9692,Terima kasih
7c06450c-e278-42af-876e-3c05a6fd3679,Juandaajr Ajr,5,2026-08-14T05:36:17.282Z,Lainnya,Positif,Positif,0.9971,aplikasinya mudah/praktis gak ribet di oprasikannya.terimakasih...ok
4f731ba6-975e-4ec1-bbbb-5b21fb13e607,I'm Jarvis,1,2026-08-14T05:14:38.836Z,Autentikasi & Akun; Antrean & Faskes,Negatif,Negatif,0.8674,"Tlol kalau dari awal penambahan peserta harus dilakukan sama NIK yg udah nikah sampaikan dari awal dong, jangan terlanjur gw resgistrasi pakek Nik sendiri buat keperluan ortu malah dipersulit kek gini."
0d05fd61-3de5-4000-931e-5493831f10f4,Salma Maulidina,1,2026-08-14T05:08:34.917Z,Autentikasi & Akun,Negatif,Negatif,0.9839,nungguin hampir 1 jam buat kode verifikasi dri sms gk muncul² ribet bgt verifikasi kamera wajah juga gk bner
23f23ca2-ce6a-4325-990b-b7652bc13218,Mk,5,2026-08-14T05:05:11.750Z,Lainnya,Positif,Positif,0.9564,Baik
4c09100b-0a30-4b53-99b1-e39c521577ce,Sabar Sabarudin,1,2026-08-14T05:04:46.656Z,Autentikasi & Akun,Negatif,Negatif,0.9437,nungguin kode verifikasi SMS lama bgt
588c7c71-4cff-46be-9987-e49a50c0305b,Zul Afriandi Batubara,5,2026-08-14T04:40:07.646Z,Lainnya,Positif,Positif,0.9775,bagus
7b3f3aa2-3dd5-4e3c-bbc9-3d41120489b4,Rina Utamiwki,2,2026-08-14T04:38:35.930Z,Autentikasi & Akun; Iuran & Layanan,Negatif,Negatif,0.9009,"aplikasi bini capek,,,udah sakit malah di bikin susah,,,login berkali dg data yg sama gak kunjung bisa masuk padahal gak adayg berubah,,ini aplikasi di buat cuma buat menyulitkan pasien"
9be7c7be-f41b-473f-ab94-0ac0ca416ee6,Titin Tandini,5,2026-08-14T04:21:55.812Z,Lainnya,Positif,Positif,0.9396,bagus penanganan Nya
9af79504-5638-4781-96c6-d7cd13ebae83,Tauhiduluhiyah Tauhid,5,2026-08-14T04:21:25.466Z,Lainnya,Positif,Positif,0.9775,mantap......
559eb898-7ab4-4023-a8f3-bf124d56f477,Simon Umboh,5,2026-08-14T04:12:29.875Z,Lainnya,Positif,Positif,0.524,"iklan sangat sangat sangat mengganggu saya tidak suka,apalagi ditawarkan penghapus ini dan itu ,saya sangat tidak suka jengkel"
bea75f5e-f9df-4865-b7ac-4c414bb9b6a3,Asep Polesdetaeling,5,2026-08-14T03:59:54.694Z,Autentikasi & Akun,Positif,Positif,0.9261,asallamualaikum alhamdulilah sudah daftar di aplikasi mobile jkn bisa mudah Terima kasih🙏
469bc03f-1541-4c28-a23c-f09e395e5488,Vita Nata,5,2026-08-14T03:56:34.620Z,Lainnya,Positif,Positif,0.9889,oke banget
d9b61659-99e6-4e45-8a44-63e8a506845a,indar,1,2026-08-14T03:54:04.436Z,Autentikasi & Akun,Negatif,Negatif,0.9294,terlalu menyusahkan bagi yang masyarakat yang tidak mampu membeli gadget...harusnya nik tidak dibatasi dalam satu perangkat soalnya tidak semua org punya handphone yg support aplikasi ini..
0b296b52-2b57-47fc-bffc-c72db58eae36,Siti Arofa,1,2026-08-14T03:36:24.824Z,Autentikasi & Akun; Antrean & Faskes,Negatif,Negatif,0.8429,lucu kali zaman sekarang orang tiba tiba sakit disuruh daftar online dulu dah gitu dah lewat batas waktu Maslaah mana lah tau kapan orang sakit kalo tau kapan sakit gk perlu berobat langsung jaga kesehatan ini teruntuk puskesmas pengalihan
799f1fd3-804e-4273-8843-239f44eebc45,Yandhi Yana,5,2026-08-14T03:13:45.372Z,Kinerja & Server,Positif,Positif,0.8924,"aplikasi ini berjalan andal tanpa error, cepat dan responsif"
16faff94-2466-4bbf-b5e5-5831ea17f6c8,Ahmad Shafarullah,1,2026-08-14T03:01:39.141Z,Autentikasi & Akun,Negatif,Negatif,0.9011,"parah, mau login ga bisa di klik masuk nya wkwkwkwk Ampe miliaran padahal budget aplikasi nya"
6b536309-0ae7-41a9-86a1-a40161c7281b,"Febriansyah., A. Md",5,2026-08-14T02:30:40.296Z,Lainnya,Positif,Positif,0.9753,pelayanan mantap
00356a04-967f-47e3-9e57-b72446066332,Nasrul Irul,5,2026-08-14T02:16:17.951Z,Lainnya,Positif,Positif,0.9874,"mantap , dan mudah memakai aplikasi jkn"
e300524f-0679-4870-8fcf-db33ac6a2be0,Ricky Haryadi,1,2026-08-14T02:09:55.735Z,Autentikasi & Akun,Negatif,Negatif,0.9521,"kenapa selalu menyulitkan rakyat, kenapa selalu di bikin ribet, sekarang daftar di mobile jkn no hp harus terdaftar dulu, padahal dulu daftar di mobile jkn no hp dan email langsung terdaftar otomatis, klo sekarang harus di daftarin dulu di kantor. ribet banget harusnya sistemnya dibikin seperti NPWP setelah bikin di kasih soft file gk harus daftar mobile jln segala."
78d4496c-8cb3-400e-83ee-eba0c9c42115,"Eko Dayu Anggara, S. Kom",5,2026-08-14T01:58:05.121Z,Lainnya,Positif,Positif,0.601,"saran min Di tambahkan estimasi jam Di layani, agar peserta datang sesuai jam"
8458bbc6-0ef0-4a3b-8d84-6fe3791215ce,Hilman Hilcullers10,5,2026-08-14T01:53:21.381Z,Lainnya,Positif,Positif,0.9836,mantap memudahkan masyarakat mendapatkan pelayanan kesehatan
f21568ce-5624-418e-b6ed-18a84f3c039a,Nursiah 57,1,2026-08-14T01:30:14.338Z,Autentikasi & Akun,Negatif,Negatif,0.9383,"apk apa ini, mau login suruh masukin captha tapi capthanya muter"" terus tolong dibenerin dong saya butuh soalnya"
2d21c778-97c4-48d2-ab8a-402ee81ca910,Yogi Pratama,5,2026-08-14T01:26:39.826Z,Lainnya,Positif,Positif,0.5334,trimaksih JKN mobile
471274f8-ca11-4913-912f-1654ad7cb89c,Septia Yuliana,5,2026-08-14T01:21:42.177Z,Lainnya,Positif,Positif,0.8986,mantaap
840e20d1-7340-459c-a0cd-4ab4cc365c3a,Yaaro Ndruru,5,2026-08-14T00:43:39.566Z,Autentikasi & Akun,Positif,Positif,0.6707,apk ini mudah kita mendaftar
520e5eca-616c-4701-a71a-54b8641a9dc2,Jonet56 Jonet56,2,2026-08-14T00:41:16.404Z,Autentikasi & Akun,Negatif,Negatif,0.8724,login usname password udah benar semua tapi gak bisa masuk mohon pencerahannya
8cfca232-00aa-4bdb-bff8-60a1b9abd17f,suanda hana,1,2026-08-14T00:36:51.838Z,Autentikasi & Akun,Negatif,Negatif,0.9733,"pelayanan sampah, otp SMS gak muncul-muncul"
7aac6a2f-bb5c-41fb-8e2b-f45e5e4e7cf9,Marlina Ollsop,1,2026-08-14T00:31:14.731Z,Lainnya,Negatif,Negatif,0.5163,tidak bisa D unduh
10a924fc-56c2-4f5a-9369-46fb1f3eba79,Ari Udi,5,2026-08-14T00:18:14.997Z,Lainnya,Positif,Positif,0.9791,sangat memuaskan
53e7f9ca-500f-4254-bb0a-f7a198572b2f,Hendi Rohendi,5,2026-08-14T00:14:34.971Z,Autentikasi & Akun,Positif,Negatif,0.7041,tdk bs masuk
60d3ee3f-8952-44ff-ae0c-cafdcd77001d,Komar Sky,5,2026-08-14T00:11:35.751Z,Lainnya,Positif,Positif,0.9803,pelayanannya cepat dan mudah
c852838d-8baf-4dae-b6d6-233784522c74,Arsya Maoza,5,2026-08-13T23:57:59.819Z,Lainnya,Positif,Positif,0.9785,sangat membantu untuk kesehatan
b7545bc7-1e8f-4ae6-a55d-cf189d55c790,Mega Ayu Sugiono,5,2026-08-13T23:53:50.996Z,Lainnya,Positif,Positif,0.9216,so far so good. thq
3fd0b5d2-ce67-45d2-95d1-639271f43b76,Herry stiawan,5,2026-08-13T23:49:49.256Z,Lainnya,Positif,Positif,0.9769,bagus dan menyenangkan
4f2baa8b-283e-4a9c-8101-8e2f1ac3ed39,Handy Tan,5,2026-08-13T23:45:38.739Z,Lainnya,Positif,Positif,0.9889,ok
ea5c1755-676b-4f6c-81e1-4414936a3a13,Subkhan Messi,5,2026-08-13T23:27:21.520Z,Lainnya,Positif,Positif,0.9129,Sangat membantu masalah kesehatan
ea203790-9397-4e40-b183-18b6629fe960,Dini Mayasari,5,2026-08-13T23:03:06.673Z,Lainnya,Positif,Positif,0.9889,ok
bc10cf16-2ef2-4eac-9431-f31bb05db0cc,Arie Aiko,5,2026-08-13T21:48:26.220Z,Antrean & Faskes,Positif,Positif,0.5896,ku njok stars sepuluh lah kalo ada
28d83365-8dce-4310-9266-13d727bd2e41,tri nuryana,1,2026-08-13T20:41:58.162Z,Autentikasi & Akun,Negatif,Negatif,0.9797,"Aplikasi ini sangat buruk, bisa bisanya NIK saya terdaftar atas nama orang lain. HEIII HARUSNYA PENGAWASANNYA KETAT DONG. APALAGI SAMPE NIK DIPAKAI SAMA ORANG LAIN??? JUJUR GA NGERTI SAMA APLIKASI INI"
e6142429-1295-48a6-9f26-6f3944cd6a8b,Dedy Wahyudi,5,2026-08-13T19:47:29.757Z,Lainnya,Positif,Positif,0.9749,puas
889be2b5-2360-4aef-b776-718cfc654ac2,Rosita Dewi,1,2026-08-13T16:23:43.384Z,Kinerja & Server,Negatif,Negatif,0.7976,lemot banget
2276d94e-319a-4dc9-92ff-07a408389683,Ria Tristati,5,2026-08-13T16:01:47.650Z,Lainnya,Positif,Positif,0.9967,mantap sangat membantu dah mudah di gunakan
505bca1e-76b5-4655-a3c8-95c4f5eb9bc3,Pantau 39,5,2026-08-13T15:26:48.887Z,Lainnya,Positif,Positif,0.9775,semakin bagus
1a1e6381-3918-4053-af1f-61c3b878ddda,alfirudin,1,2026-08-13T15:25:40.524Z,Lainnya,Negatif,Negatif,0.835,ga jelas sumpah
53f90e60-e05c-4d8c-acdb-58d4cf8d911f,Guru Honorer,5,2026-08-13T14:58:35.535Z,Lainnya,Positif,Positif,0.9889,oke
823de95a-4de6-4b67-992d-8a96c3909daf,Setyono Riyanto,1,2026-08-13T14:44:42.787Z,Autentikasi & Akun; Antrean & Faskes,Negatif,Negatif,0.8338,"sudah di rujuk tgl 15 oleh dokternya, mau ambil daftar antrian sudah masukin sesuai tgl malah ket dokter tidak praktek,jelas2 praktek hari sabtu di jadwal"
4ebe5dd9-29c9-404d-8f41-caab5489ed30,Adrian Silitonga,1,2026-08-13T14:37:50.866Z,Lainnya,Negatif,Negatif,0.7791,aplikasi pemerintah ga ada yang betul
d70f4333-c240-4bb5-a004-ebe5e7dd6fdc,M Aji,5,2026-08-13T14:27:53.512Z,Lainnya,Positif,Positif,0.9932,aplikasi yg sangat membantu dan gampang di pahami. terimakasih😍
d9107cc9-bd41-4de0-bdba-c61996e7a326,Meisna Wati,1,2026-08-13T13:52:31.609Z,Autentikasi & Akun; Antrean & Faskes; Kinerja & Server; Iuran & Layanan,Negatif,Negatif,0.8712,"klo gbsa bikin aplikasi yg bagus gausah lah pake gini2an buat akses ke fasilitas kesehatan , mempersulit rakyat ini. toh kmi juga bayar tp kmi jg yg dipersulit. mau registrasi saja error lah yg gd koneksilah . aplikasi rusakk!!!"
0219260b-cc0b-47e2-9428-a6e8f82a32a0,Riki Ramadhan,5,2026-08-13T13:28:45.752Z,Lainnya,Positif,Positif,0.9775,mantul
41d4e84d-187e-499f-a1cf-ba1221a54057,Rizka Aulia,5,2026-08-13T13:22:06.842Z,Lainnya,Positif,Positif,0.9775,bagus
5aacc830-7ad7-4154-94e4-0913f4b81aa6,Heru Andesco,5,2026-08-13T13:20:44.520Z,Lainnya,Positif,Positif,0.9889,ok
03d76345-eb57-4831-98a2-ac3912f3f96c,Nabillah Sauraya,1,2026-08-13T13:04:27.923Z,Autentikasi & Akun; Kinerja & Server,Negatif,Negatif,0.9401,eror mulu kalo mau login
1a270a2e-1e81-4e1e-9f00-fe20c284200c,pankgih pangestu,5,2026-08-13T12:57:34.430Z,Lainnya,Positif,Positif,0.9965,"bagus, sangat membantu"
47f40dd8-7603-4f4c-b023-55d414aa82e1,Alfi nur Afizah,5,2026-08-13T12:51:43.925Z,Lainnya,Positif,Positif,0.9775,keren bgt
b737967d-4537-4815-8977-7476480f6874,Duta Sport,5,2026-08-13T12:22:22.473Z,Lainnya,Positif,Positif,0.9775,bagus
36fd7c72-4ce4-4030-abf6-ddc048cdde95,izzatul abidah,5,2026-08-13T11:53:14.136Z,Lainnya,Positif,Positif,0.9843,mudah dan praktis di gunakan
53dc0641-cc71-4aef-9f3f-5603a39c179e,Risdi Yantoo,5,2026-08-13T11:52:13.245Z,Lainnya,Positif,Positif,0.6488,mobile JKN fitur komplit dan lebih jelas secara detail menyampaikan info info
e52d0ea0-10d9-4043-89d3-2a0b55596b4a,Zx• yun,1,2026-08-13T11:16:50.437Z,Iuran & Layanan,Negatif,Negatif,0.9533,"aplikasi bodong, ribet tiap bulan suruh bayar, padahal ga pernah kepakek, mau nonaktifkan juga susah ribet"
0004fd45-09d6-43e8-b85b-1bf24d82656d,Dwiyanto Ari Nugroho,1,2026-08-13T11:08:36.460Z,Autentikasi & Akun,Negatif,Negatif,0.95,kabanyakan verifikasi email bisa lewat sms gak bisa terus tolong diperbaiki lah
a56877c1-b2b8-448a-ba69-46b96357720a,chanelboi indonesia,1,2026-08-13T11:08:31.348Z,Iuran & Layanan,Negatif,Positif,0.5251,bpjs mandiri telat iuran baru 3hr. udh kena denda 45hr gk bisa rawat inap. mengatasnamakan layanan kesehatan pelayanan kaya iblis laknatullah.
7665b1e7-c8b6-4b05-bac2-2f5508d0ccec,Amrina Amin,4,2026-08-13T11:03:16.760Z,Lainnya,Positif,Positif,0.9054,aplikasi berjalan dengan baik
eda2bebc-79d7-4b4f-a93b-bb951ff7604e,Rini Aja,1,2026-08-13T10:41:24.841Z,Autentikasi & Akun,Negatif,Negatif,0.8843,"tolong dong nik kok bisa salah padahal biasa pakai nik ini, salahnya dmna kan nik ini yg d gunakan."
146f7bd0-21e5-4545-905d-f3c361f5c9a7,Ddy Srhn,5,2026-08-13T10:28:08.188Z,Lainnya,Positif,Positif,0.9599,mobile jkn sangat membantu dalam utusan kesehatan
ea37b62e-acdf-4dc7-b5bf-36c0c7d3ed69,sian Diartha,5,2026-08-13T10:08:50.248Z,Lainnya,Positif,Positif,0.9266,sangat bagus bagi orang awam seperti saya..semoga JKN semakin ke depan
fa7a9c16-c7d6-499e-bbc8-b528d119a6ae,Sugiono Kangmas Jamboel,5,2026-08-13T10:07:36.672Z,Antrean & Faskes,Positif,Positif,0.8959,"Pelayanan dan proses dari faskes pertama sampai dengan faskes selanjutnya mudah, lancar tanpa kendala yg berarti asal semua perlengkapan persyaratan sudah sesuai"
1b78f1f4-e822-4c97-882e-9c77bb2f6777,Muhamad Ilham,5,2026-08-13T10:03:54.444Z,Lainnya,Positif,Positif,0.9752,Sangat bermanfaat sekali
6243581a-924e-4029-b697-56aa7da4d9f7,Asep Kurniadi,5,2026-08-13T10:00:25.190Z,Lainnya,Positif,Positif,0.9775,bagus
35ab1300-a03a-43b4-860b-57625f693280,Ade Wibowo,1,2026-08-13T09:57:59.938Z,Kinerja & Server,Negatif,Negatif,0.8781,"apk minta update terus.. macam ada pembaharuan patch aj.. g pelayanan, apk sama-sama ribet"
643c01e1-b425-49c0-9ff5-3c64b2cd640d,Wa Sutini,1,2026-08-13T09:57:23.290Z,Autentikasi & Akun,Negatif,Negatif,0.9786,"Aplikasinya aneh, suka keluar sendiri dari akun yg katanya log in di device lain. Padahal hanya di akun ini aja. Lalu saat mau log in, sudah sesuai NIK dan password, tp selalu salah dan ga bisa log in. Akhirnya ganti password. Hal kyk gini sudah terjadi berkali-kali, tiap bulan malah."
51250e5c-91e6-4c20-81be-f29aecc34753,Qmonx Syalala Rastaman,1,2026-08-13T09:49:30.308Z,Lainnya,Negatif,Negatif,0.9168,aplikasi tolol keluar reset sendiri
2044a69d-a5d6-45e0-8449-486f73e4539b,ismono ory,3,2026-08-13T09:37:59.160Z,Lainnya,Positif,Negatif,0.831,kenapa ga kompatibel dengan perangkat saya
fa30a21f-2ffd-4af2-8b36-dbe5df1f3e67,Dian Arjuna,5,2026-08-13T09:19:49.377Z,Autentikasi & Akun,Positif,Positif,0.8456,memudahkan pendaftaran
58b2cf06-569c-4990-b0c6-6324c6e72fea,meilan anggraini9,1,2026-08-13T08:59:28.692Z,Autentikasi & Akun,Negatif,Negatif,0.9,ganguan trus susah banget mau daftar dari jkn
bb0c8daf-5e4b-44ce-b225-824e08e33e04,Jackson Gray,1,2026-08-13T08:47:41.868Z,Autentikasi & Akun; Antrean & Faskes; Iuran & Layanan,Negatif,Negatif,0.9834,"aplikasi apaan, mempersulit saja, kalau sudah ada kartu kenapa harus daftar sini lagi, udah gitu sms verifikasi no hp ga masuk"", aplikasi sampah, tujuan nya hanya untuk mempersulit orang untuk berobat"
6ad44acf-9a92-43a4-98cc-a3e7245aa13d,ekopurwanto damkar,5,2026-08-13T08:34:32.597Z,Lainnya,Positif,Positif,0.9302,mudah
5e8b59fe-3074-436e-b46f-0020dabec566,Rusman Panggalo,5,2026-08-13T08:12:49.836Z,Lainnya,Positif,Positif,0.9903,Aplikasi cepat dipelajari dan sangat bermanfaat. Terima kasih
fe82a834-fb45-48a4-aeae-6ba6b184d3d9,Supri Yatna,5,2026-08-13T08:08:02.924Z,Lainnya,Positif,Positif,0.9897,sangat membantu
d6ce41c5-5e00-4ec8-be06-e229556a6e8d,Saminem Mulia,1,2026-08-13T08:01:09.643Z,Lainnya,Negatif,Negatif,0.957,sampah
6fb8660e-c4fb-4502-b5f8-84cf8250a161,aziza khusna,1,2026-08-13T07:54:09.472Z,Autentikasi & Akun; Kinerja & Server,Negatif,Negatif,0.9462,tiba2 ke log out.. sdh update tp login lg gak bisa..
47f61436-7e75-4801-b4f2-722209f9cbc8,Wahyu Di (Yudi),5,2026-08-13T07:44:00.661Z,Lainnya,Positif,Positif,0.9775,mantap
6383f43a-3b01-4cb5-a02e-cd4fff3fd23e,Pieeilaa,1,2026-08-13T07:42:00.142Z,Autentikasi & Akun; Antrean & Faskes,Negatif,Negatif,0.9801,ini yang bener aja saya mau daftar VERVIKASI nomer susah banget. maksimal 200detik dan melebihi itu kode katanya kadaluarsa. nunggu nya 1 jam an lebih. tolong di perbaiki dong astaga. susah banget dari kemarin
1b0c14cb-a774-4023-ab29-e3b20cf750ee,Eko Sugeng Winarno,1,2026-08-13T07:25:01.755Z,Iuran & Layanan,Negatif,Negatif,0.9212,benar benar menyusahkan bpjs
d89305d8-7bc1-4d0f-9c80-8f3137e02aa8,yun anto,5,2026-08-13T06:59:06.754Z,Lainnya,Positif,Positif,0.9935,semoga pelayanannya semakin okey
57b524ca-6028-4d45-82c0-48b2891f9fcd,Qurniawati,1,2026-08-13T06:56:16.745Z,Autentikasi & Akun; Antrean & Faskes,Negatif,Negatif,0.8275,HP oppo F9 lama udh gk bisa pake mobile JKN versiy udh terlalu berat..buat daftar online berobat aj ko susah amat..
d41799f9-112a-4586-81ab-1e46d95a2336,Kaysia Smith,3,2026-08-13T06:48:14.150Z,Autentikasi & Akun; Iuran & Layanan,Positif,Negatif,0.9113,"Bantu kak ,pas saya masukan nomor telepon untuk verifikasi tapi tidak ada pesan masuk kak,pas saya tanya ke pihak BPJS katanya harus diisi pulsa dulu, setelah saya isi dan coba lagi tetap ga bisa itu gimana caranya lagi ya kak mohon bantuannya kak 🙏"
bdaf14b7-aa77-40c4-9b3a-7f87958ca1b4,Hay ani,5,2026-08-13T06:46:27.384Z,Lainnya,Positif,Positif,0.8096,memudahkan pasien
bfada805-5f30-4f2e-8467-1137616a7d79,imam hamdi,5,2026-08-13T06:45:31.759Z,Lainnya,Positif,Positif,0.9892,sangat mudah dan membantu
c524fbf2-44c7-495c-828e-8fc2ff88ecf4,Andika putra,5,2026-08-13T06:44:08.367Z,Lainnya,Positif,Positif,0.9633,sangat membantu aplikasi berfungsi dengan baik
0cab0785-1b83-4f5f-bff9-fa1282268fe8,Dapoer Nino,1,2026-08-13T06:31:51.436Z,Autentikasi & Akun; Antrean & Faskes; Iuran & Layanan,Negatif,Negatif,0.8851,"buruuuk banget aplikasi ini, maaf. dari kemarin masuk ke aplikasi gak bisa. ambil nomer antrian untuk ke faskes lanjutan saja lewat jkn gagal terus. sudah 3 hari... bpjs maksudnya gimana? koq semakin sulit, bukanya semakin mudah"
66578351-7388-40fd-8c81-305c0366c8e5,Ahmad Kursidin,5,2026-08-13T06:24:08.366Z,Lainnya,Positif,Positif,0.9775,bagus
d391ba8b-35c1-4515-9d81-65d868a3585c,Hamdika “Mansyur” Mansur,5,2026-08-13T06:20:33.976Z,Lainnya,Positif,Positif,0.9952,sangat membantu dan praktis mudah di pahami
4b900354-3393-4670-b16f-888f794c309b,Enik Kusumadewi,5,2026-08-13T06:17:08.120Z,Lainnya,Positif,Positif,0.9539,Dipermudah dalam hal layanan kesehatan
5494a31e-4eb2-4744-aff5-871f8b08e6ce,Sabransyah Amd,1,2026-08-13T06:16:22.745Z,Autentikasi & Akun,Negatif,Negatif,0.9764,"sudah di tuliskqn no hp namun menunggu sms untuk dapatkan otp gak dikirim kirim kode otpnya sangat mengecewakan, pemberitahuannya tidak dapat di proses silakam coba lagi udah berkali kali..."
c8e47c57-f324-49a1-9be7-7ba9e8230fac,SEFTIAN RAHMADANI,2,2026-08-13T06:15:56.987Z,Autentikasi & Akun,Negatif,Negatif,0.9279,"mau bikin akun kok ribet banget ya, udah mana verifikasi wajah mirror miring gitu gabisa simetris, trus kode OTP lewat telepon juga nggak masuk2 padahal udah bener. semoga cepat berbenah"
e00750eb-7dd4-4ad6-9026-18f9d5d7957f,family kania,1,2026-08-13T06:12:24.940Z,Lainnya,Negatif,Positif,0.5334,runtah
4f1fe9c8-3e69-41d5-bb3a-71276f25bd52,Canggih Jaya Perkasa,5,2026-08-13T06:05:13.495Z,Lainnya,Positif,Positif,0.9775,josss gandhossss
ef30a49e-0f65-4718-922c-aa61f0f0baeb,Chery Boi,1,2026-08-13T06:03:30.599Z,Lainnya,Negatif,Negatif,0.7063,tida rekomen
3a5719a0-4cbc-4ca3-b73c-253e6e5d8b04,Roni Alfrando,1,2026-08-13T06:00:07.477Z,Autentikasi & Akun,Negatif,Negatif,0.9911,"aplikasi aneh, tiap mau daftar harus isi pulsa dulu buat dapat kode otp, belum lagi kode otp GK masuk masuk, padahal pulsa udah kesedot"
00aa4f05-cf26-4f74-a5e3-7a757504e0af,Amir. M,1,2026-08-13T05:45:28.481Z,Autentikasi & Akun; Antrean & Faskes,Negatif,Negatif,0.9175,"ribet ruibettt tenan. saya sdh perna unduh jkn dan menggunakan nomer hp yg sdh lama gak kepakai, tp memang benar benar sdh tidak bisa. sekarang saya harus memdaftarkan ibu saya yg sebelumnya berobat dan mendaftar sekarang harus pakai jkn. saat sy harus mendaftarkan dengan nomer saya tidak bisa karna nomer sdh perna digunakan. sedang ibu saya tidak punya nomer hp. apakah ibu saya mulai sekarang tidak lagi bisa berobat?? setiap hari mengeluh pusing karna sdh lama kena stroke dan hrs berobat jalan"
a1b0120c-6272-41c5-8a62-585a927a9984,Ali Andhra,5,2026-08-13T05:41:24.180Z,Lainnya,Positif,Positif,0.9974,"terima kasih buwat jkn pokonya,,the best"
7f2fb07e-d95b-4c14-a1b3-6c6a74eaa80b,Sutino Oo,5,2026-08-13T05:37:12.758Z,Autentikasi & Akun,Negatif,Negatif,0.7414,"mau daftar online ke paskes, gagal terus"
a40510ef-5264-4699-beb5-5cd37c9ba3b5,Arif Arif,5,2026-08-13T05:34:04.317Z,Antrean & Faskes,Positif,Positif,0.9522,Membantu berobat
fe4c7d30-ff2a-4fac-82aa-28092811cca6,syaepul bahri,5,2026-08-13T05:24:10.816Z,Lainnya,Positif,Positif,0.9762,ok pokonya
bcc26f20-9794-41a9-9c4b-0c99197c527c,Wisnu Wiranto,1,2026-08-13T04:51:03.233Z,Lainnya,Negatif,Negatif,0.957,Aplikasi sampah.
90fecc8f-fe5d-42b9-a19e-67baaca1259c,Septiana sri rizqi,5,2026-08-13T04:49:47.494Z,Lainnya,Positif,Positif,0.9897,sangat di perlukan dan sangat membantu
ffff6881-265e-4f16-8d68-7945ea727960,Yahman,5,2026-08-13T04:45:13.127Z,Lainnya,Positif,Positif,0.9732,mudah diakses 👍
a612405c-158f-41c2-803c-6490e4b731b9,Nadya Stiara bella,2,2026-08-13T04:38:03.390Z,Lainnya,Negatif,Negatif,0.9584,kenapa si apk nya aneh banget pas buka offline Mulu ga ada data katanya padahal pake wifi buka apk lain aman aman aja buka apk ini ga bisa terus heran
c17b5ee4-d269-4a12-8b28-b3add9bbbe29,Julhairi 03,5,2026-08-13T04:37:56.851Z,Lainnya,Positif,Positif,0.9775,bagus
49ee4e13-605f-46ed-a865-02f15a72e6f4,Muhammad habil,1,2026-08-13T04:34:35.277Z,Autentikasi & Akun,Negatif,Negatif,0.8702,"Jkn tolol, mau daftar malah offline jelas-jelas sinyal ku lancar"
6b3ef661-fbb8-45a7-94c2-bf163ad33572,Herlin Aimee,5,2026-08-13T04:05:15.224Z,Lainnya,Positif,Positif,0.8224,helpfull
cf953156-672d-4d92-aa3d-41dab8fb7c32,danang dian permana,5,2026-08-13T03:55:41.446Z,Lainnya,Positif,Positif,0.9889,oke
fefe7bc4-a203-4661-b92c-65abddc6a2a5,Randi Ahmad,1,2026-08-13T03:50:28.244Z,Autentikasi & Akun,Negatif,Negatif,0.9615,"ini saya mau verif wajah susah bener, benerin lah"
002fafbe-9ffd-4d54-b94b-72b72598fb4b,Dila Adilaksitrini,5,2026-08-13T03:45:41.973Z,Lainnya,Positif,Positif,0.943,mudah digunakan
68ab2546-733e-4e5a-8dc1-cc353ebbf67a,Toddy Sidharta,5,2026-08-13T03:43:57.149Z,Lainnya,Positif,Positif,0.9897,sangat membantu
016c0607-766b-4e11-b9f0-7d9b69331d39,Silfa Mobile,5,2026-08-13T03:25:10.839Z,Autentikasi & Akun; Antrean & Faskes; Iuran & Layanan,Positif,Negatif,0.7174,"login pun susah, minta supaya di permudah cara login dan perubahan kata sandi agar tidak di persulit"
79410055-e380-4248-bf57-1f2d1accd08d,Candra Idm,1,2026-08-13T03:20:43.390Z,Kinerja & Server,Negatif,Negatif,0.7801,error mulu ah...
2d0db8bc-e854-485f-8a16-53fd334028c6,Akbar sulsel,5,2026-08-13T03:11:59.337Z,Lainnya,Positif,Positif,0.9451,semoga lebih baik pagi
588094b2-2421-4be6-a3b4-7dec1f09ba5b,Khomariyah,2,2026-08-13T03:10:55.216Z,Kinerja & Server,Negatif,Negatif,0.7675,"permintaan gk bsa diproses terus,aplikasi sering eror"
b20fe378-051b-46a4-b49c-83a1060c3287,Edy ATas Awan,1,2026-08-13T03:06:06.332Z,Autentikasi & Akun,Negatif,Negatif,0.9705,"APLIKASINYA ANEH, DIBATASI 3 NIK DLM 1 HP CAPCA NYA SUSAH DIBACA & MENYULITKAN SEKALI"
81e4a957-3def-47a0-9dd8-8235ddb22720,Wahyu Wahyu,5,2026-08-13T03:01:43.479Z,Antrean & Faskes,Positif,Positif,0.6584,"bismilah rakyak harus gratis berobat, pemerintah bisa, takbir..."
35e0d46b-9e6e-4e9e-9067-afa954948616,Pipit Girikarto,5,2026-08-13T02:58:16.539Z,Iuran & Layanan,Positif,Positif,0.865,memuaskan. menurut saya walpun menggunakan BPJS harus pelayanan jg harus optimal jangan di beda bedakan
ae92a729-f307-486b-9c26-fca97e5ab37c,nurhayati berasa,5,2026-08-13T02:54:49.376Z,Lainnya,Positif,Positif,0.9775,bagus
870f8e5b-68bb-4a3b-8309-b5ecbd643760,Aloysia N,1,2026-08-13T02:41:43.421Z,Autentikasi & Akun,Negatif,Negatif,0.9657,"kacau, kode otp udah 2 jam ga masuk masuk"
ef5a3b13-0ed3-4a54-89eb-f9a46c3a6b15,rio hentiriansyah,1,2026-08-13T02:40:20.189Z,Autentikasi & Akun; Kinerja & Server; Iuran & Layanan,Negatif,Negatif,0.9723,"daftar ribet,harus pake verifikasi SMS dan potong pulsa dan verifikasi email lambat tidak dapat no verifikasi,,ribet pokoknya"
f12168a3-ecc9-4a0b-bcd5-982c7a27f889,Syahdila 2003,5,2026-08-13T02:23:00.481Z,Lainnya,Positif,Positif,0.9599,mantap sangat membantu warga yg sedang membutuhkangoood🙏🙏🙏
5a83edfc-419b-4857-8af7-30f9db52ebdc,Perkasa Power,5,2026-08-13T02:18:36.423Z,Autentikasi & Akun; Antrean & Faskes,Positif,Positif,0.9964,"Bagus dan sangat membantu untuk melakukan reg apabila ingin berobat, terima kasih Mobile JKN pertahankan layanan baik ini"
a9f9e3d7-edaf-4544-bc07-2e09676425fe,Saputra,4,2026-08-13T02:11:39.463Z,Lainnya,Positif,Positif,0.8105,Lumanyan
d58e2eb5-065f-43f2-8285-3ce5a589242e,MurdY Hafiz9,5,2026-08-13T02:10:50.974Z,Lainnya,Positif,Positif,0.9775,good
00d9d9c4-b5f4-483e-896e-ac2f93662422,Delima Sitohang,4,2026-08-13T02:02:59.406Z,Lainnya,Positif,Positif,0.932,penanganan cepat
81414689-a1c2-4014-8cbc-aba3eca3023b,zahra kabil,5,2026-08-13T02:02:43.650Z,Lainnya,Positif,Positif,0.9775,bagus sekali
36e923a4-f8d5-4cf9-9019-bbb8ec165e5d,Siska Tri Wulandari,5,2026-08-13T01:58:57.763Z,Lainnya,Positif,Positif,0.9797,pelayanan memuaskan
3dfc6930-35cf-4ef2-a83b-002b3b81f741,CowBoys Channel,5,2026-08-13T01:57:00.410Z,Lainnya,Positif,Negatif,0.6422,belum pernah mengalami kendala
98df99c9-4aa5-420b-a0f9-a0f179d88ded,Putri Qoyyim,4,2026-08-13T01:50:50.651Z,Autentikasi & Akun; Antrean & Faskes,Positif,Positif,0.5489,kenapa di jkn tidak bisa terdaftar poli lebih dari 2 jika hanya rujuan 1 memudahkan pasien daftar online kan bagus
6f284d66-f1ca-40a8-a000-63b962d05d4b,Franciska Kristi,5,2026-08-13T01:48:56.785Z,Lainnya,Positif,Positif,0.8765,berharap aplikasi ini bisa mempermudah masyarakat luas dan bisa lancar dalam penggunaan nya
a098f4ae-dd52-4af6-a4b0-9bafaa1f3779,Andri Sarwono,5,2026-08-13T01:45:35.297Z,Lainnya,Positif,Positif,0.9874,good dan mudah
7e6ef9ee-c9f1-4ac4-9a8b-12569b69f13d,TASYA KIRANA GEMOY,5,2026-08-13T01:44:25.470Z,Lainnya,Positif,Positif,0.9897,sangat membantu
b0f18c3b-49c7-4fe7-bcd5-fce7958e089a,Nana,4,2026-08-13T01:33:30.660Z,Autentikasi & Akun,Positif,Negatif,0.8324,verifikasi lamban..
cc8b41f4-a0e4-49ad-86bd-f22d63392036,Eko Hari Prasetyo,1,2026-08-13T01:30:45.564Z,Antrean & Faskes,Negatif,Negatif,0.6173,Aplikasi sering gangguan. Apalagi ketika ngambil nomor antrean secara online. Sering tidak terlihat sisa nomor antreannya. Mohon diperbaiki lagi aplikasinya agar mempermudah masyarakat yang ingin berobat
6f42a77e-897e-4caa-8aeb-90af1697541c,Eni Flavyou,1,2026-08-13T01:29:12.231Z,Autentikasi & Akun,Negatif,Negatif,0.9928,"jelek bgt njirrrr, mau daftar nungguin kode verifikasi ga muncul² stressss apk jelekkk bintang 1"
a8b4d160-5ea2-491d-8854-79aba49731e9,Bram Widyatmoko,1,2026-08-13T01:25:25.458Z,Lainnya,Negatif,Negatif,0.8426,ribet
ffe01a81-ce4a-4ce6-b169-38fc1e562e3d,Aidha Adi,5,2026-08-13T01:17:18.235Z,Lainnya,Positif,Positif,0.9749,puas banget
7703581b-4211-46b0-aca7-dd2be16c08cc,Erna Santika,5,2026-08-13T01:17:02.929Z,Lainnya,Positif,Positif,0.9775,mantap
14819e55-af99-4858-b3dd-2c6825b670c1,Riyan Iksandar winata,1,2026-08-13T01:14:44.787Z,Autentikasi & Akun,Negatif,Negatif,0.9741,"sampah, gak bisa masuk ,offline ,"
4d5279b5-1984-4253-be98-e2a85a7d8b12,thenmust NT,5,2026-08-13T01:12:03.112Z,Lainnya,Positif,Positif,0.7551,"awesome, it's quite friendly application"
38329758-5fee-4a43-b622-897d11e2c8d5,Santi Laraswati,1,2026-08-13T01:08:51.234Z,Antrean & Faskes; Kinerja & Server,Negatif,Negatif,0.9814,gak jelas aplikasi nya malah nyusahin gak bantu sama sekali padahal baru buka jadwal ambil antrian masa langsung penuh terus eror terus
bd066c26-1d52-42a2-9097-5842b3e32480,Nayla Farrellyne,1,2026-08-13T00:57:22.830Z,Lainnya,Negatif,Negatif,0.8736,"tolong ditingkatkan lagi sistem nya, saya hari ini ada kontrol tetapi jkn dari kemarin selalu bermasalah, entah transaksi gagal atau offline dll. menyulitkan"
e377bbe5-ca0a-4183-a8cc-316d274dbf58,sari setyowati,1,2026-08-13T00:47:25.437Z,Autentikasi & Akun; Antrean & Faskes; Kinerja & Server,Negatif,Negatif,0.9935,"Kode otp gak masuk padahal ada kuota dan pulsa diatas 25k. Pas mau daftar tulisannya eror offline padahal wifi lancar aja, bahkan buat main MLBB pun gak nge lag. Eror terus-terusan. Yang maintenance nya kayaknya gak bener, jadi kesel tiap mau daftar. Mana rumah sakit biasanya harus daftar di mobile jkn dulu"
6932db82-276d-4448-b8f2-595f4bdbf000,Sofyan Ruhana,5,2026-08-13T00:39:17.175Z,Lainnya,Positif,Positif,0.9982,"Alhamdulillah, bagus dan sangat membantu... Makasih 🙏"
21503ffe-93d3-42ed-9ae7-e2e2ab7e0267,Luki Lukman Hakim,5,2026-08-13T00:26:31.264Z,Lainnya,Positif,Positif,0.9405,sangat membantu sekali pokonamah love you sakebon
b0d69719-6cfa-4842-80b4-6b40b1d79f05,Ani 992,1,2026-08-13T00:25:39.721Z,Autentikasi & Akun,Negatif,Negatif,0.95,"kode otp knpa nggk msuk2 si, udh coba sring daftar ttep aj mslah di kode otp, gmna solusinya ini"
f46179ea-02cc-404a-b2e1-6f817f47ff0c,Muhammad ikmal,1,2026-08-13T00:23:24.325Z,Lainnya,Negatif,Negatif,0.7926,nazis aplikasi nya kehapus eh pas mau download LG g bisa katanya perangkat tidak kompitibel
d369dc12-7417-45cd-bf74-4f7e1ed6185d,Faiz nadhim,1,2026-08-13T00:19:43.986Z,Lainnya,Negatif,Negatif,0.9378,jelek ga bisa scaning wajah butuh lebih dari 5x DANN SEKARANG BELUM BISAB
218fca4e-12ca-42f7-87e1-6d8fb936204e,virgiawan listanto,2,2026-08-13T00:05:04.649Z,Antrean & Faskes; Kinerja & Server,Negatif,Negatif,0.9263,bener2 error.. gw udah resetvasi tapi no antrianya ga keluar
aa835df0-b440-4eff-93ce-70edd1da8c60,Umi Koriyah,5,2026-08-13T00:03:30.131Z,Iuran & Layanan,Positif,Positif,0.7915,sangat membantu buat keluarga yang kurang mampu👍
35e834aa-f5f5-4a2d-b482-a87806200879,andi wawantt,1,2026-08-12T23:45:41.487Z,Kinerja & Server,Negatif,Negatif,0.8841,"PERBAIKI, ERROR MULI"
09b331fb-402d-44f1-b069-8a0c17b01c41,Dani Dani,1,2026-08-12T23:32:33.221Z,Lainnya,Negatif,Negatif,0.7759,"apalah ini aplikasi gk jelas,malah gk bisa vermuk aneh"
cb900fa8-632d-40c5-9a7e-df5bbc393325,Resti Rosita,5,2026-08-12T23:31:26.487Z,Lainnya,Positif,Positif,0.9584,praktis
870b3833-a7aa-49ea-b360-56f159d7f4a2,Ansel Tangi,5,2026-08-12T23:29:35.959Z,Lainnya,Positif,Positif,0.9775,bagus
272fd997-47c8-41b9-8059-b9968adb644f,Feb,1,2026-08-12T23:25:03.660Z,Autentikasi & Akun,Negatif,Negatif,0.9527,"verifikasi no HP ditolak mulu pdhl udah ada pulsa,GJ bgt asli"
11dba0dd-6317-484a-8a92-d2c86875cbae,Indra Acm,5,2026-08-12T23:22:52.735Z,Lainnya,Positif,Positif,0.9897,Sangat membantu
b7c86b2c-4bf1-41e1-8af8-8df0b3057649,Fesbuk Anyar,1,2026-08-12T23:12:12.610Z,Kinerja & Server,Negatif,Negatif,0.9428,aplikasi sampah. gagal terhubung ke server mulu
0c72d193-a726-4b21-8213-e57edf9f14ab,M.alihanafiah Ali,5,2026-08-12T22:55:13.688Z,Lainnya,Positif,Positif,0.972,trimakasih yg banyak atas pelayanan nya
96584fbd-3aff-4aaf-94e6-e3ddc50b7282,Akramayanti 87,5,2026-08-12T22:29:24.426Z,Lainnya,Positif,Positif,0.5334,sangat memmudahkn
b1c57c92-36c2-4c79-b258-346235fa5088,Indra Dermawan,5,2026-08-12T22:23:11.172Z,Lainnya,Positif,Positif,0.8974,fast respon
82824a47-b524-4d38-b305-92abefca9ca7,Yani Alwi,5,2026-08-12T22:16:47.538Z,Lainnya,Positif,Positif,0.9446,cepat
41c5b077-c85a-479b-8469-278d6beef897,umar a yunani,1,2026-08-12T21:19:26.828Z,Lainnya,Negatif,Positif,0.7889,tidak bisa di gunakan
b21d8e10-7fde-429e-94af-37d9dddae84a,Jeanne Sopia,5,2026-08-12T18:01:58.626Z,Lainnya,Positif,Positif,0.9897,sangat membantu
e225c192-a4a1-43db-96fb-498cffdb1c14,Aji Dzikrillah,1,2026-08-12T18:01:30.229Z,Lainnya,Negatif,Negatif,0.8838,"baru instal malah gk bisa dibuka, apk aneh"
00f3d7f4-4b77-4fd8-9cbf-a3d7650487b1,Haris mahessa,1,2026-08-12T17:00:44.260Z,Iuran & Layanan,Negatif,Positif,0.5683,saya anggota bpjs kesehatan aktif.kenapa bpjs kesehatan kalau di gunakan di luar paskes malah jadi bayar.padahal saya tiap bulannya bayar..trus data yang di gunakan juga malah data bpjs.tapi bayar
b765d374-dda4-49da-ab1f-55a285c1e896,Ade Ramdani,5,2026-08-12T15:57:36.958Z,Iuran & Layanan,Positif,Positif,0.9909,"Terima Kasih & Sangat Membantu Sekali, Terutama Untuk Saya & Keluarga Saya 🤓👍🙏"
24095223-a6de-4a1b-b1a0-bd6049cbf407,Mujiburrahman Viking,5,2026-08-12T15:16:51.220Z,Lainnya,Positif,Positif,0.9291,keren berapa anggaran terliyun nya gampang saya berbca saja ini
2e05f498-6186-4ded-9139-4717d4925a51,Lutfi Ramdhani,5,2026-08-12T14:49:07.186Z,Lainnya,Positif,Positif,0.9775,Bagus sekali
cd11a32a-8d08-4b06-9729-48d26a4c55bc,Juminto Cakep,2,2026-08-12T14:37:35.121Z,Lainnya,Negatif,Positif,0.6919,Tidak bisa melihat riwayat pelayanan
480c956c-e829-4ee7-ab89-cd98592ad140,Hobiku Hokiku,1,2026-08-12T14:21:20.860Z,Kinerja & Server,Negatif,Negatif,0.9468,"disuruh update apk ,eh di PS sudah tidak kompatible dg perangkat anda, nasip hp jadul, malah disuruh beli hp baru ...."
e537979b-9fb8-4e87-bd25-64aeafba34c6,Sadih Imron,5,2026-08-12T14:06:53.129Z,Lainnya,Positif,Positif,0.9808,sangat membantu dan proses cepat
09717021-0099-45d8-aba4-24c84def19e1,intan permata,5,2026-08-12T13:34:52.901Z,Lainnya,Positif,Positif,0.7553,sangat berguna tapi sya tidak bisa mendownload nyaaaa
9ba5d505-8eec-4fa9-9d3f-f0b94c0d93ea,Minak Ngabihi,5,2026-08-12T13:21:51.500Z,Lainnya,Positif,Positif,0.9605,ok.. 💪
f96023ec-b552-4c11-ab3d-93c2e31a7bb1,trisna arter,5,2026-08-12T13:08:43.200Z,Lainnya,Positif,Positif,0.9775,bagus
bec995f9-3f03-4249-bfe2-53fdb6ee9337,Hali Abdiyansyah,5,2026-08-12T13:03:28.630Z,Lainnya,Positif,Positif,0.9931,terima kasih pelayanan mantap banget
88644513-104e-454a-b791-eb75d47da721,Nida Fauziyah,1,2026-08-12T12:51:06.674Z,Autentikasi & Akun,Negatif,Negatif,0.97,"GABISA DAFTAR LOL, SMS GA MASUK MASUK"
db579235-066a-4e3c-90b7-b8901ca7ce15,Hanum,1,2026-08-12T12:44:16.988Z,Lainnya,Negatif,Negatif,0.5882,"aplikasi sering tidak stabil dan sll ada kendala,,"
3bf971b6-0935-4122-b442-7b4f54f0975b,yenz kinan,5,2026-08-12T12:34:29.341Z,Antrean & Faskes; Iuran & Layanan,Positif,Positif,0.8905,mempermudah pengobatan bpjs
3e196ef3-1f9b-4c0c-b078-c1fa30937fa2,Danu Bogle,1,2026-08-12T12:17:05.176Z,Autentikasi & Akun,Negatif,Negatif,0.9479,KECEWA SAAT PENDAFTARAN NOMOR SUDAH BENAR TAPI SELALU GAGAL!!! KACAU !!
2199ca0a-3d65-46d9-a986-ec4bb1f797a3,Saipul Pajri,5,2026-08-12T12:16:33.635Z,Lainnya,Positif,Positif,0.9797,pelayanan memuaskan
00eb338c-966f-4dc5-8813-9ceb18fef3cb,Febby Camelia,5,2026-08-12T12:01:58.644Z,Lainnya,Positif,Positif,0.9897,sangat membantu
b828c12f-124f-4fb0-9fa3-903c1efc3959,Dapoer Kulit,1,2026-08-12T12:00:29.617Z,Kinerja & Server; Iuran & Layanan,Negatif,Negatif,0.657,"anda memaksa untuk autodebet, tetapi anda gagal dalam segala hal, baik dari administrasi, layanan, respon yang tanpa solusi. mengambil hak orang lain tetapi minim tanggung jawab. Di ketentuan Autodebet disebutkan bahwa ""jika ada keterlambatan pembayaran (denda) tetap ada. meskipun kesalahan dari bank"" lucu dengan kebijakan yang anda buat"
a709a9e6-bde4-4c58-a084-370afbcbd79b,Mawarni Barasa,5,2026-08-12T11:40:25.448Z,Lainnya,Positif,Positif,0.985,layanan oke
756e7651-885b-444b-ac3c-55e7b4c3278f,Akbar Wildan,5,2026-08-12T11:38:25.219Z,Lainnya,Positif,Positif,0.8886,memudahkan check kesehatan
dff15649-cdb2-49bc-bbba-93647ef71f59,Khazhée,1,2026-08-12T11:07:49.700Z,Autentikasi & Akun; Iuran & Layanan,Negatif,Negatif,0.9839,"jujur sistem lupa sandinya busuk banget, gue lupa sandi dan gk tau cara loginnya sekarang. mana perbulan gua udah bayar tapi endingnya disuruh login"
2d425eff-3929-43a6-8bbf-42a9ddc1aca1,Imas S R,1,2026-08-12T11:03:50.829Z,Autentikasi & Akun,Negatif,Negatif,0.9752,"makin kesini makin buruk aja ,susah bgt mau daftar online juga makin gak ngerti sama aplikasi ini tolong lah untuk di perbaiki ,kasian yg mau kontrol ke rumah sakit susah dftarnya"
a7b2d189-9771-4023-bdac-2e902fec5476,Sjamsuddin Lubis,5,2026-08-12T11:03:14.894Z,Autentikasi & Akun; Antrean & Faskes; Iuran & Layanan,Positif,Positif,0.9211,memudahkan utk pendaftaran dan pindah faskes
a6445e98-536c-49ee-b16a-b6c860eacc9a,Reni Hungkul,5,2026-08-12T11:02:00.240Z,Lainnya,Positif,Positif,0.5334,JKN Mantaappp
8b7c195e-18dd-4bf2-9c03-9ee377efa378,Feri saputra,1,2026-08-12T11:01:26.229Z,Antrean & Faskes; Kinerja & Server,Negatif,Negatif,0.8815,eror terus kalo ambil antrean.
cb438ff5-7c84-4336-ac94-bdf8861bafce,Oji Rojidin,5,2026-08-12T10:35:29.379Z,Lainnya,Positif,Positif,0.9897,sangat membantu
efab146a-72ff-4708-ba91-f571205b871f,Ziyad Akbar,5,2026-08-12T10:35:25.793Z,Lainnya,Positif,Positif,0.9775,bagus
75fde9b2-8f8e-43bb-b11e-6a9de27a83e4,Nur Komari,5,2026-08-12T10:26:57.492Z,Iuran & Layanan,Positif,Positif,0.9609,"sejalk dapat jkn alkhamdulillah sangat membantu kami sekeluarga,trimakasih pemerintah indonesia"
85451e35-e6e3-458b-aa70-d68ae86ebf88,Ardanu Ash,1,2026-08-12T10:21:42.305Z,Autentikasi & Akun,Negatif,Negatif,0.9076,OTP kok pulsa sendiri? Aku pakai Gojek ataupun aplikasi lainnya ga pake pulsa deh
4a70416b-2cc6-4325-b668-071325a6c6db,Thoriq Ijlal panuju,1,2026-08-12T09:55:57.991Z,Autentikasi & Akun,Negatif,Negatif,0.9639,aplikasi tolol bikin ribet daftar jg ribet lama lagi
da2b2115-3986-41cf-ad8f-0ed1cb29291b,Djon Ardjuna Potto,5,2026-08-12T09:45:06.646Z,Lainnya,Positif,Positif,0.9718,Mudah di pahami terimakasih 🙏🙏
d9718294-b981-45d6-a09d-4c0c74210aef,Dendi Ridwan,5,2026-08-12T09:44:31.880Z,Lainnya,Positif,Positif,0.9878,sangat membantu dan mudah di pahami
80ce1d6e-03b5-4348-819e-caabf02b2b03,Lukman Hakim,5,2026-08-12T09:22:01.783Z,Lainnya,Positif,Positif,0.9302,sangat mudah
2d16dd5d-c87a-4488-a3a9-94bf58fbc947,siti embar juharianti,5,2026-08-12T09:06:25.687Z,Lainnya,Positif,Positif,0.9752,aplikasi sangat bermanfaat
42497b61-c806-4e32-af8b-79febcc9e44c,Tia Yupita sari,5,2026-08-12T08:12:40.112Z,Autentikasi & Akun,Positif,Negatif,0.6751,saaayaaa gak bisaa login ini gimna cb
ce712726-e59b-4212-a89b-1ed544c13da6,naura anjani,5,2026-08-12T08:11:40.540Z,Lainnya,Positif,Positif,0.959,alhamdulillah
7c4667df-ba3f-4e02-80b1-77c177020c07,Dinda Larasati,3,2026-08-12T08:09:50.214Z,Iuran & Layanan,Positif,Negatif,0.9002,"BENERIN DLU DEH APLIKASI LU, BPJS JUGA BAYAR YAA, MASA KAYA BEGINI ANJIR"
a53a00d0-837f-4ea1-9e65-f1ca0d03072a,Infinix Infinix,5,2026-08-12T07:29:46.320Z,Lainnya,Positif,Positif,0.9872,mantap cepat
21cd927f-e567-4614-b14d-0acf81e35321,Muhammad,5,2026-08-12T07:26:11.900Z,Lainnya,Positif,Positif,0.9541,lumanyan baik
7d227d65-9097-4954-8694-19572e928fab,Daeeenk Zahin,5,2026-08-12T07:26:00.638Z,Lainnya,Positif,Positif,0.9889,ok mi
dcd641d0-7932-4c59-a57f-8e097334ea49,Shushui,3,2026-08-12T07:22:08.372Z,Iuran & Layanan,Positif,Negatif,0.7824,kenapa telat bayar BPJS untuk denda tidak dimunculkan melainkan pada saat setelah bayar BPJS dan mau rawat inap baru diminta rumah sakit.
e580c46d-cae2-48d4-9cfe-17b76f5a7a29,vergil dmc,3,2026-08-12T07:17:22.806Z,Autentikasi & Akun,Positif,Negatif,0.856,ketika saya mendaftar saat masukan nomer hp. knpa . ada keterangan permintaan anda belum dapat di proses silahkan mencoba lagi. sudah di coba 5x dapet keterangan yg sama. tanpa ada penjelasan penyebabnya apa.
bbaaea92-3e2a-4eb1-b536-55d3340be492,Wisnu Uu,5,2026-08-12T07:16:19.520Z,Lainnya,Positif,Positif,0.8981,proses nya mudah
97f54069-9115-4e3b-a722-a3c4e2e0b300,Nur Hidayat,5,2026-08-12T07:07:14.460Z,Lainnya,Positif,Positif,0.9941,sangat membantu saya terimakasih
a62dd6e4-8db2-475f-8c01-a47c48bb8fe9,Mustahidin,4,2026-08-12T06:59:35.627Z,Lainnya,Positif,Positif,0.9291,cukup gampang dalam setiap proses nya
7bb7ef90-58ba-4738-87d8-4abc8acf8dbc,Adilah Mentari,5,2026-08-12T06:59:31.749Z,Lainnya,Positif,Positif,0.8929,Semoga semakin maju dan berkembang
f75dc671-76a2-427c-9b68-15dee29bf0a4,Alvin Aprilio,5,2026-08-12T06:57:45.980Z,Lainnya,Positif,Positif,0.9775,sangat bagus
a822fd65-26ef-4716-9642-c9eb04eb37fa,Dapur Omay,5,2026-08-12T06:41:53.107Z,Lainnya,Positif,Positif,0.9924,"selalu puas dengan aplikasi ini, good bgt"
f20f3530-069a-49c3-a85d-d7fb2a7a1b5f,Abi Pkp,1,2026-08-12T06:39:47.000Z,Autentikasi & Akun,Negatif,Negatif,0.9457,"aplikasi sampah menyusahkan masyarakat,masa udh daftar ga bisa masuk hanya karna auto debit kan aneh emang hidup di Indonesia ini memang Sengsara"
b81587fa-a71c-42b5-a48c-6b6e79895524,Deni Sopiyan,5,2026-08-12T06:29:15.970Z,Lainnya,Positif,Positif,0.9795,Terima kasih atas kecepatan pelayanan dan informasinya
11581015-97d2-4640-98cd-52cd2614327c,Oman Haikal,1,2026-08-12T06:20:51.931Z,Autentikasi & Akun,Negatif,Negatif,0.9484,nih aplikasi ribet bnget cuma mau masuk juga
6a45e111-1900-4d3d-8579-9a8938a83de1,Lukhi Muristha,1,2026-08-12T06:16:22.757Z,Kinerja & Server,Negatif,Negatif,0.8493,"diminta update tetapi tidak compatible, minimal android 8, ini android 9 tidak bisa."
431d00d0-5260-4a41-9947-0e63bf6c9e24,Teten Santana,2,2026-08-12T06:14:31.729Z,Lainnya,Negatif,Negatif,0.8488,knp aplikasi jkn mobil sy tdk bisa di gunakan lagi di hp sy..tp pas di coba hp yg lain bisa log in...?
42a2a67c-0fc6-442b-ab99-caf2999da85c,Melinda Gustina Prj,5,2026-08-12T05:55:59.791Z,Lainnya,Positif,Positif,0.9688,luar biasa
5b87b203-c882-4504-a14e-4c7836f71713,Muhamad Ilham,4,2026-08-12T05:50:47.903Z,Lainnya,Positif,Negatif,0.7316,"min tolong dong, terkendala engga bisa verivikasi nomer, jadi engga bisa ngajuin perawatan lanjut"
0d4f6054-e947-493a-b8af-981241a2cfac,Rudi Hairudin,1,2026-08-12T05:34:20.179Z,Lainnya,Negatif,Negatif,0.6847,knapa kok saat sy mau buka apl jkn kok layar nya jadi gelap begini ga bisa kebuka sy kira di semua apl ga tau nya cuma apl jkn aja yg gelap ga bisa ke buka
5c8fff8e-c2b9-4578-ac8c-da1d091f2193,riyadi ahmad,5,2026-08-12T05:20:37.255Z,Lainnya,Positif,Positif,0.9865,sangat membantu terimakasih 🙏
8167fff5-011f-41f1-8cda-f91a3473645b,Ridho Atel,5,2026-08-12T05:18:00.990Z,Iuran & Layanan,Positif,Positif,0.9719,terima kasih jkn sangat mudah sekali untuk melakukan perubaha data peserta
a6606421-d0c2-4d3c-86e6-1910da1ca7d2,nur pais,4,2026-08-12T04:54:48.758Z,Lainnya,Positif,Positif,0.875,sangat mudah dan aman
016cd0f5-24af-4a8a-a306-12f68a385a2f,Muhammad Affan Akbar,5,2026-08-12T04:43:56.315Z,Lainnya,Positif,Positif,0.9564,Terbaik
eea39516-9f55-4a5b-8961-e1505eebe9c7,Azka Ardan,5,2026-08-12T04:35:28.430Z,Lainnya,Positif,Positif,0.9897,sangat membantu
e65a61f3-a8eb-47ae-95a1-75d3ae879d1b,Ignasius Mmboja,5,2026-08-12T04:27:18.602Z,Lainnya,Positif,Positif,0.9531,goood ku suka semua bisa d akses dngan mudah
1051ab50-f07b-4d95-b13c-31fcc7a27a5c,bayu prasetiyo,1,2026-08-12T04:11:51.813Z,Autentikasi & Akun; Iuran & Layanan,Negatif,Negatif,0.9772,"mau daftar akun, tapigk bisa2.. suruh kirim kode verifikasi tapi gk ada kiriman kode dari BPJS di SMS maupun email. gimana siiiii?"
d29c8b15-5b00-4766-a852-d4831adc564e,Agung Suryana,2,2026-08-12T04:04:19.709Z,Lainnya,Negatif,Negatif,0.9588,apk sampah
46bf8e70-07bf-4b7e-8e80-6b2b908ef7a1,Chanra Ihsan,1,2026-08-12T04:02:00.800Z,Autentikasi & Akun,Negatif,Negatif,0.8786,katanya aplikasi layanan tapi mau verifikasi doang susah
fa4ba95e-81a5-48ed-929d-76c842d92daf,Samidi Prabu,5,2026-08-12T03:55:44.820Z,Lainnya,Positif,Positif,0.9897,Sangat membantu
6435db37-ca35-491e-a7d5-6495c32fb103,Pio yuharistian HSB,5,2026-08-12T03:50:33.703Z,Lainnya,Positif,Positif,0.9938,bagus mudah dan praktis....lebih baik lg
38046f31-af71-4d13-a9e8-f3b2d071fb9c,Yohanes Mh,5,2026-08-12T03:44:59.595Z,Lainnya,Positif,Positif,0.9564,baik
6c6574af-5467-4253-8dd5-7b2062189ecf,Karnali,1,2026-08-12T03:43:32.404Z,Antrean & Faskes,Negatif,Negatif,0.8372,"aplikasi yang sangat menyusahkan, aplikasi segala offline buat berobat, giliran cicilan nunggak grecep banget"
7d7466ec-6883-4d05-a510-0ef8724e5a07,eva mutia,5,2026-08-12T03:41:57.363Z,Lainnya,Positif,Positif,0.9774,mudah dan cepat
0c4015f2-f9e0-464f-9db3-49c571957362,Alawiyah Alawiyah,5,2026-08-12T03:37:31.506Z,Lainnya,Positif,Positif,0.9775,mantap
2a349ecd-a3dd-4cd4-8869-d4fa15221be2,Yoike dhaniel Sunaga,5,2026-08-12T03:33:17.694Z,Lainnya,Positif,Positif,0.9302,lebih simple
0d4426c0-c903-4683-a635-8b05c0de47f0,Muhammad Zaky,1,2026-08-12T03:29:37.973Z,Autentikasi & Akun,Negatif,Negatif,0.9898,"aplikasi cacat, saya mau daftar jkn terlalu lama kali menunggu kode otp nomor hp, terlalu sudah ada 2 jam lebih menunggu kode otp muncul tapi tidak ada padahal no nya betul, jadi kedepannya apk di perbaiki masalah kode otp nya jangan terlalu lama kasian orang yg mau mendaftar"
7bd0d727-4335-4314-8dfd-de7a16042d6c,Vina Zahrotur,1,2026-08-12T03:25:29.700Z,Autentikasi & Akun,Negatif,Negatif,0.9089,"aplikasi ga jelas. sudah masuk aplikasi, tulisannya ""anda sedang offline"" terus. percuma download"
e2158b17-721e-4b61-9064-7da217409bad,Muhlis Dj,5,2026-08-12T03:24:46.462Z,Lainnya,Positif,Positif,0.9802,good job
2362262a-e9f5-4e93-9df3-0d734e09c551,Alvin Septian Lubis,1,2026-08-12T03:22:08.801Z,Autentikasi & Akun,Negatif,Negatif,0.97,kode OTP verifikasi ga masuk masuk
1f180ed4-caca-4b45-8693-f7a3578a05b4,Engkos Kusnandar,1,2026-08-12T03:10:05.590Z,Autentikasi & Akun; Antrean & Faskes,Negatif,Negatif,0.9536,"app ga guna, daftar online ga bisa trs"
6dd8ae64-0876-4d5a-a175-fea98b2f1898,Kopi Legit,5,2026-08-12T03:01:14.960Z,Lainnya,Positif,Positif,0.9775,bagus
c12760cb-c721-4664-8228-ebec3edf064b,Ronalia Maria,1,2026-08-12T02:53:43.351Z,Autentikasi & Akun,Negatif,Negatif,0.9381,aplikasi nya gangguan terus sudah 1bulan lbh ini setiap mau masuk engga bisa... sudah coba di uninstall dan download lg masih saja sama ga bisa masuk. mohon di perbaiki
c1f11770-a650-412c-9802-df2aaf5e2038,Zainal Nurul,5,2026-08-12T02:33:21.292Z,Lainnya,Positif,Positif,0.968,sangat membantu masyarakat trimakasih apk mobile jkn
76dac289-a0fd-4ff0-8928-05f66973186e,Ekadoell id,5,2026-08-12T02:23:49.290Z,Lainnya,Positif,Positif,0.9897,sangat membantu
326c1abf-d754-4345-b6cc-f726d4386376,erikrafa,5,2026-08-12T02:19:16.558Z,Lainnya,Positif,Positif,0.9461,membantu😍
ef81538e-79e6-462e-85fb-6a8409b73c27,Deni Alamsyah,5,2026-08-12T02:04:30.200Z,Lainnya,Positif,Positif,0.8809,okee
c6c3c900-abec-443b-b80a-c2a69dc360b1,Sri Harsasih,5,2026-08-12T02:03:54.194Z,Lainnya,Positif,Positif,0.9774,mudah dan cepat
7faa646f-9caa-45a1-a756-b8c353302e0c,Joni Mawardi,5,2026-08-12T02:00:22.958Z,Lainnya,Positif,Positif,0.9302,aplikasi mudah dan simpel
ef50f695-0217-4a2c-b7a6-98af9c7e4942,Ay Loeges,1,2026-08-12T01:58:51.244Z,Autentikasi & Akun; Antrean & Faskes,Negatif,Negatif,0.9354,dari kemarin gak bisa login mau daftar antrian paskek woooyyy
ba0d152a-1c89-453d-8193-a40a12dbf0a2,Hartatik Hartatik,1,2026-08-12T01:54:06.432Z,Autentikasi & Akun,Negatif,Negatif,0.9253,"Aplikasi blom layak,, masak verifikasi bisa nyampe 300 detik, dan ga ada notifikasi pesan muncul, YAKIN LADANG KORUPSI UJUNG UJUNGNYA"
0353231f-4c4f-4bb3-b0e8-b98f70c077f6,Ghosts Riders88,5,2026-08-12T01:53:33.329Z,Lainnya,Positif,Positif,0.8659,"mempermudah untuk kita yg sibuk,terus tingkatkan"
fb16d47c-d830-4261-a755-2eceb67a699e,Rah Ma Wan,1,2026-08-12T01:48:16.271Z,Autentikasi & Akun; Antrean & Faskes,Negatif,Negatif,0.8424,"mau daftar antrian online ke faskes pertama, trus ada bacaan belum ada riwayat medis yg terdaftar intinya apakah mau daftar, klik setuju, udah d klikk, balik lagi kesituu, trus aja muter disitu teruss.. jadi gmana mau ambil antrian online ini"
9d69bbaa-eed1-458c-9175-6a67e5b48f67,Emmanuella Clarissa,5,2026-08-12T01:43:59.281Z,Iuran & Layanan,Positif,Positif,0.8806,sangat membantu dalam mengurus data-data bpjs
6da242d5-1789-425f-bc72-aaba3324efe8,Nothing 01,1,2026-08-12T01:33:26.281Z,Autentikasi & Akun; Antrean & Faskes,Negatif,Positif,0.554,"Selalu tidak dapat memproses permintaan untuk memverifikasi no handphone untuk mengganti password, padahal saya lupa password tapi malah dipersulit seperti ini. Kepada Pihak Mobile JKN mohon segera diperbaiki karena ini bisa saja menyulitkan pengguna mobile JKN yang lain :)"
5415b095-3b2a-42d3-b2eb-bf0192c33d17,alifudin,5,2026-08-12T01:31:23.985Z,Lainnya,Positif,Positif,0.9775,good
bae179bf-3199-4284-bcb2-a6cbaa5e6a08,Arsad 354,5,2026-08-12T01:23:59.171Z,Autentikasi & Akun; Antrean & Faskes; Kinerja & Server; Iuran & Layanan,Positif,Negatif,0.5664,"MOHON SISTEM NYA SEGERAH DI BENAHI, PADAHAL RUJUKAN BELUM HABIS MASA BERLAKU DAN TANGGAL KONTROL PUN SUDAH DI TENTUKAN DARI PIHAK RUMAHSAKIT TAPI KENAPA DI SAAT SAYA MENGAMBIL ANTRIAN SELALU ""SURAT KONTROL TIDAK DI TEMUKAN"" KARENA DARI PIHAK RUMAHSAKIT JUGA MENGELUHKAN APLIKASI INI SERING EROR SAMPAI SAYA DI ANJURKAN UNTUK MENDAFTAR MENGGUNAKAN APLIKASI DARI RUMAHSAKIT TOLONG SEGERA ADA PENINJAUAN DAN PERUBAHAN, INI APLIKASI UNTUK LAYANAN KESEHATAN BUKAN APLIKASI UNTUK HIBURAN !!!"
70c34ccd-6bea-45f8-9809-3a2dea262fd0,jouli aurel,1,2026-08-12T01:20:23.755Z,Autentikasi & Akun,Negatif,Negatif,0.9532,"jahat sumpah aplikasi gajelas, kalau udah verif di awal kenapa harus ganti nomor dan email? disaat urgent malah ngerepotin."
9e076d07-8e10-4dbd-b2b5-76db145d974e,Agus Nugroho,5,2026-08-12T01:17:47.143Z,Lainnya,Positif,Positif,0.9774,mudah cepat
e20f731e-a027-4d05-a688-bc7d03b4ab27,Nur Insan,1,2026-08-12T01:00:07.960Z,Lainnya,Negatif,Positif,0.5334,aplikasi bodol
c7196d9b-9c82-4883-ac89-8cfe8ac0a135,laode asrajudin,5,2026-08-12T00:59:01.253Z,Lainnya,Positif,Positif,0.9688,sangat luar biasa
d38c0c0d-fe0a-48be-846f-cf8e5bf931f0,Sayyidah Libra,1,2026-08-12T00:58:24.514Z,Lainnya,Negatif,Negatif,0.6437,kurang bagus apk nya
fe185238-23b0-4b1e-b842-d0a7037ff122,NUR KHOLIFAH,1,2026-08-12T00:51:31.740Z,Antrean & Faskes,Negatif,Negatif,0.6384,hp lama nggak bisa buat download aplikasi ini. padahal kalau berobat harus pakai aplikasi ini.
3172e583-c58f-429b-b0fa-7d5fd23ed46a,Guntur Utomo Putro,3,2026-08-12T00:25:14.744Z,Autentikasi & Akun; Antrean & Faskes; Kinerja & Server,Negatif,Negatif,0.9135,"mempersulit pendaftaran, dibuka loading terus"
2e6d8bb1-12ee-4e39-bbc0-9c2ac92a72bb,Rahma Jamaluddin,1,2026-08-12T00:17:13.506Z,Iuran & Layanan,Negatif,Negatif,0.6956,aplikasi ini nyusahin pasien dan keluarga
af779bae-3ca2-406d-bbc8-629294c55886,sri wahyuni,5,2026-08-12T00:16:06.909Z,Lainnya,Positif,Positif,0.8334,tingkatkam lgi pelayanan biar lebih bagus
fb0585e2-ae4c-4572-82e6-79d66830d248,gun faiz,5,2026-08-12T00:13:59.567Z,Lainnya,Positif,Positif,0.9775,Mobile JKN mantap 👍
2b460292-b160-46f6-bc63-6a6d0d63b907,Beni Apriadi,5,2026-08-12T00:04:47.372Z,Lainnya,Positif,Positif,0.9889,oke
db981313-c38d-47dd-a01c-f34705c1f2a7,friska abelia,5,2026-08-11T23:51:07.190Z,Lainnya,Positif,Positif,0.9775,mantap
dba1605b-6d03-4e6d-8f9b-6b065b69f2a8,Dafit Russel,4,2026-08-11T23:44:34.609Z,Lainnya,Positif,Positif,0.9714,semoga aplikasi kesehatan ini lebih mudah di akses
02130ab1-a8ba-4dab-b9b3-e161ed7c8f63,Air Studio,1,2026-08-11T23:43:03.769Z,Autentikasi & Akun; Antrean & Faskes; Kinerja & Server; Iuran & Layanan,Negatif,Negatif,0.9313,"padahal banyak yang kasih rating buruk tapi gak ada perbaikan?? saran/kritik tolong direspon bijak : 1) keluhan umum, tolong perbaikin sistem login/logout agar lebih mudah dan cepat. 2) aturan BPJS tidak memperbolehkan seorang pasien mengaktifkan dua surat rujukan online karena resiko berobat di hari yg sama kenapa membuat pasien jadi harus daftar manual..!? kedua kendala tsb diatas tidak bisa diatasi karena tenaga programer apk masih lemot, jadi tolong diperbaiki, rekrut programer yang handal."
1535e61a-e955-4684-a9b1-0eadbd0d2eb5,Saya Ogik,5,2026-08-11T23:21:22.976Z,Lainnya,Positif,Positif,0.9775,mantap
02d5dd71-789c-4f17-a9f7-40cea4a935a5,asferry irawan,1,2026-08-11T23:17:06.525Z,Autentikasi & Akun; Iuran & Layanan,Negatif,Negatif,0.5946,"Iuran telat dikejar kejar harus bayar denda, skrg mau daftar aja gak bisa bisa, bagaimana jadinya buat yang sakit butuh penanganan cepat"
8508e3ae-1409-48a9-9424-22b3541e3ca8,Irvan Dianto,5,2026-08-11T23:15:46.615Z,Lainnya,Positif,Positif,0.9832,sangat membantu mempermudah urusan
98960f4d-1be1-4cb8-bad8-7da66c5e438f,Kacong Ge oge,2,2026-08-11T23:07:50.377Z,Autentikasi & Akun,Negatif,Negatif,0.9123,"data nyala, tapi ternyata tidaj masuk ada notif kalo offline"
b5edc6c1-1b18-469c-9a6b-04d701edc7f2,Dani Setiawan,3,2026-08-11T23:02:29.796Z,Lainnya,Positif,Positif,0.5459,setelah priksa info riwayat pelayanan tidak langsung keluar padahal sangat dibutuhkan untuk surat ijin kerja
90813456-38e5-456e-86c6-bcf0cfb9d092,bengak nian,5,2026-08-11T22:37:39.718Z,Iuran & Layanan,Positif,Positif,0.8743,akhirnya data perubahan terkirim.terima kasih Mobile JKN.
774e784b-57c9-4537-83c3-5a36e90a55c7,ADra 77,4,2026-08-11T22:36:37.990Z,Lainnya,Positif,Positif,0.8822,lumayan
7f9eabda-26a0-4382-9295-00a36262bf25,Budi Santoso,5,2026-08-11T22:24:59.555Z,Lainnya,Positif,Positif,0.9775,bagus
dd8604c7-ca78-4b10-9ea7-5950d9095372,deni aliansyah,5,2026-08-11T22:22:58.710Z,Lainnya,Positif,Positif,0.5334,tdk bisa di upgrd
712395e8-255b-4d25-908e-405232f38c4f,Mimi Ratnawati,3,2026-08-11T22:10:56.264Z,Lainnya,Positif,Positif,0.9796,"saya merasa terbantu,dan mempermudah juga efesien waktu tunggu. terimakasih"
cb8a5654-aaca-489e-bec2-a0f925177a34,MARSHALL D. TEACH,1,2026-08-11T21:15:57.512Z,Autentikasi & Akun,Negatif,Negatif,0.9927,makin oncom nih aplikasi perintah??? nik udah bener nggak bisa masuk masuk login.. nyusahin
376c124f-c9fb-4db4-9595-006625e40180,cakmif gresik,1,2026-08-11T20:28:12.479Z,Antrean & Faskes,Negatif,Negatif,0.8185,Tolong aplikasi mobil JKN Kenapa Tidak bisa di instal di android versi 8.1.0 ???
196f411f-212c-4d52-9e9f-07675201b50c,Siti Nurjanah,1,2026-08-11T19:45:55.765Z,Lainnya,Negatif,Negatif,0.8428,TIDAK BISA DI INSTAL DI ANDROID 8.1.0 😭😭😭😭
6e0f1550-e83d-4bb3-9639-19c99572c616,RAMA FERIDANSYAH,1,2026-08-11T18:12:05.364Z,Lainnya,Negatif,Negatif,0.5959,gak jelas aplikasi ya
c31f64bb-d96b-4e6f-8ca9-ddca27063c8c,Azizah Pratama,1,2026-08-11T17:35:41.877Z,Autentikasi & Akun,Negatif,Negatif,0.9499,login aj susah suwek
1a41b38f-ce74-4ff6-a734-4dc895ea1981,Irham Nayra,5,2026-08-11T16:59:32.690Z,Lainnya,Positif,Positif,0.8764,samgat membantu dari pemerintah
935f2b53-e846-4765-af83-9b4cc2e0b19a,Muhammad Yunus,5,2026-08-11T16:44:49.504Z,Lainnya,Positif,Positif,0.9692,terimakasih jkn
97d4ef71-51cf-43df-a356-8c72a35f489e,Candra Kirana Siahaan,1,2026-08-11T16:27:04.242Z,Autentikasi & Akun,Negatif,Negatif,0.9633,"kode otp tidak diberikan, padahal nomor sudah benar"
2926b826-c9e2-4285-9fe4-05da2420e8f6,Yanti Yanti,1,2026-08-11T15:42:34.438Z,Autentikasi & Akun,Negatif,Negatif,0.9804,perbaiki sms kode otp no hp nya
e53c789b-be3c-4034-abb8-50272a654cca,Muthoharoh Mut29,5,2026-08-11T15:34:01.448Z,Lainnya,Positif,Positif,0.9796,sejauh ini puas dengan pelayananya
b00234f1-1fc9-4e08-b52c-291250f0cbba,Alwan Sujatmiko,5,2026-08-11T15:05:33.312Z,Lainnya,Positif,Positif,0.9897,sangat membantu
2196d062-ecd9-4c06-a974-4b8059aebeb6,Rian seleksi,5,2026-08-11T14:00:59.381Z,Lainnya,Positif,Positif,0.9499,bermanfaat program jokowi ini
798bc1a2-7d75-4bc2-99c3-36e8d7418a65,Abu Syamil,5,2026-08-11T13:48:58.430Z,Lainnya,Positif,Positif,0.9584,praktis
7b02baaf-1b4d-405e-b53c-181dc6867d22,Marhan Erwansyah,1,2026-08-11T13:33:43.903Z,Autentikasi & Akun,Negatif,Negatif,0.9003,"masa baru bekas operasi diwajah disuruh senyum buat verifikasi foto , tolong difikir lagi kalo cuma minta foto real time bisa tapi kalo buat yg sakit wajah atau yg wajah nya ga bisa digerakin gimana , kalo bikin verifikasi lebih dipikir kan kondisi pasien yg habis operasi dong!"
91053364-fd91-4c07-9911-3dbef56c03d5,Uwes,1,2026-08-11T13:26:37.731Z,Lainnya,Negatif,Negatif,0.9085,"aplikasi bodong bodong g bisa daptar, cuma sampah."
3ce0b1c4-953a-44bd-9372-64295e7bbf13,Muh. Taufiq,5,2026-08-11T13:21:57.165Z,Lainnya,Positif,Positif,0.9775,mantap
c9ba3140-6eb0-471e-805e-09b7d34df56e,Glenn Nugroz,1,2026-08-11T13:11:31.882Z,Autentikasi & Akun; Kinerja & Server,Negatif,Negatif,0.9886,Ini saya daritadi mau log-in aja susah banget. Error-error aja. Udah mah sekarang kalo kontrol kudu pake aplikasi ini buat daftarnya. Saya harus gimana coba? Minimal perbaiki sistemnya dulu sebelum di implementasikan. Bobrok banget.
70340c24-ee12-4486-9003-2ca77f047a09,Lonelly Game,1,2026-08-11T13:09:54.439Z,Autentikasi & Akun,Negatif,Negatif,0.9892,"aplikasinya ribet, gagal mulu verifikasi, ngurangin pulsa terus tapi gagal mulu, sangat jelek dan tidak praktis, lupa pasword mau ganti juga harus pakai pulsa, tapi gagal mulu, sangat kecewa"
d6de1e45-0166-462f-9c13-a516bc05ad8b,Fandi Aja,1,2026-08-11T12:57:23.800Z,Autentikasi & Akun,Negatif,Negatif,0.9972,"buruk apk gak guna apaan dah sandi dah bener masak kagak bisa masuk, padahal sandi dll semua dah ku foto masih saja kagak bisa masuk 👎👎👎👎👎👎"
1da2c1b1-1727-4559-a444-77aef035fc88,Tommy Widasmara,5,2026-08-11T12:54:42.993Z,Lainnya,Positif,Positif,0.9531,mudah digunakan dan tidak rumit
ef1684a1-a69e-43fd-897d-bb3b1b90f252,Min Yati,5,2026-08-11T12:46:22.870Z,Lainnya,Positif,Positif,0.9775,👍👍👍
619205c1-3f0e-4778-943d-fc6c8364184e,Abdaul Unsha Amanah98,5,2026-08-11T12:43:52.484Z,Lainnya,Positif,Positif,0.9941,terimakasih sangat membantu
702bbda1-05d2-4d50-ab54-7253830335f7,mori shima,1,2026-08-11T12:39:22.830Z,Autentikasi & Akun,Negatif,Negatif,0.9662,login aja susah bener
7b7cb234-bf80-4ad1-8688-b0d52e980fb0,Yusup Komarudin,5,2026-08-11T12:26:17.197Z,Lainnya,Positif,Positif,0.9775,nice
4a0561a6-d08c-47a0-ac1c-dd90f7936854,Rais Septiana,1,2026-08-11T12:22:42.544Z,Lainnya,Negatif,Negatif,0.9781,tidak bisa menggunakan kamera blakan harusnya ada karena kalau anak kecil mau daptar susah kalau suruh selvi
df611574-181d-47a0-9d18-d06d53c7925c,Diva Alvionita,1,2026-08-11T12:14:05.601Z,Autentikasi & Akun; Antrean & Faskes,Negatif,Negatif,0.9144,"aplikasi rusak, tiap mao daftar antrian gabisa, niat mao mempermudah malah mempersulit"
a8086b95-2d02-421c-b346-d729224b3078,Muhamad Aswin,4,2026-08-11T11:54:05.742Z,Lainnya,Positif,Positif,0.9944,bagus dan bermanfaat
38e0cf68-c57d-495b-9a58-f6eeb144b996,anisah sahaja,5,2026-08-11T11:49:28.525Z,Lainnya,Positif,Positif,0.8938,"aplikasi lancar, mudah digunakan"
c5bead47-ea6e-4f9f-b2bb-2c91979336a2,Keysha Putrikudriah,5,2026-08-11T11:39:53.791Z,Iuran & Layanan,Positif,Positif,0.9768,"mudah di gunakan ,semoga kedepan nya untuk perubahan data di permudah"
4d9f7277-1b31-42da-9425-be7ab000d8f3,Ridul Ridul,1,2026-08-11T11:38:39.184Z,Autentikasi & Akun; Iuran & Layanan,Negatif,Negatif,0.9786,kode otp SMS GK masuk² padahal kartunya masih aktif...tolong di perbaiki sistemnya
f85583fe-6502-4330-989e-0bc263da2872,Ajik Pratama,5,2026-08-11T11:37:16.968Z,Lainnya,Positif,Positif,0.9775,bagus
d8d8c410-35bb-450b-aed3-d95a4ec07bec,Aziz Munif,5,2026-08-11T11:33:31.646Z,Lainnya,Positif,Positif,0.9855,Moga tambah baik
35b4ae88-a56f-446a-931a-6be54153fd6e,Putri Wulandari,5,2026-08-11T11:15:31.392Z,Lainnya,Positif,Positif,0.9775,bagus
79259ec6-147a-453b-9adf-4f08b61355ee,Imas Imas,5,2026-08-11T11:15:20.873Z,Lainnya,Positif,Positif,0.9688,sangat luar bisa
beda72e6-8072-492a-9005-8fbff71bdaad,Sigit Yoga,5,2026-08-11T11:01:34.212Z,Lainnya,Positif,Positif,0.9775,good
45ae2490-10c1-4da7-8fdf-950ff51934ea,Turzyin Zyin,5,2026-08-11T10:54:03.559Z,Lainnya,Positif,Positif,0.9889,ok
650e0bdc-62a6-4991-8c57-ac6b2e61c8d4,Fakhrur Rozi,5,2026-08-11T10:25:31.540Z,Lainnya,Positif,Positif,0.9388,Memudahkan Pelayanan Peserta JKN.
ce39bba8-b8ed-425a-b982-9279f7bfe008,Joko Budi,5,2026-08-11T09:42:57.709Z,Lainnya,Positif,Positif,0.5334,siippp
dcc3394c-8c38-4b09-8cfd-8b8ac36d1bb7,shakila zalfa02,2,2026-08-11T09:34:25.708Z,Autentikasi & Akun; Antrean & Faskes,Negatif,Negatif,0.9639,"susah nya minta ampun mau daftar faskes 1 aja, padahal sudah jelas jadwal dokter nya tp ga bisa"" ambil antrian online..payah"
c9b46d1f-57a7-44dd-9352-e3ecb94eea2f,Febri Nggir pramono,5,2026-08-11T09:33:44.857Z,Lainnya,Positif,Positif,0.7889,sangat berguna dlm memgantri
77765871-ebc5-42ab-b28c-f8f3bdccb273,Tuan Shelby,5,2026-08-11T09:22:04.145Z,Kinerja & Server,Positif,Negatif,0.8841,Mungkin bisa di perbaiki karena sering eror
a768fedc-2986-485a-8ef1-c0a3e39c47f1,Dewi Fatmawati,3,2026-08-11T09:21:29.750Z,Lainnya,Negatif,Negatif,0.919,kenapa sih tiap mau log in gagal terus tolong dong perbaiki!!!
e306091e-4ef0-4475-9ebd-b4a6b594b67f,Heru Koesnady,5,2026-08-11T09:14:23.396Z,Lainnya,Positif,Positif,0.9949,"aplikasi mudah dibaca dan dimengerti, pelayanan juga lengkap, sangat membantu 😊👍"
a8b4caed-4987-494a-a7fe-9952b59d5c31,Kent Abim (Kenz),1,2026-08-11T09:09:30.881Z,Autentikasi & Akun,Negatif,Negatif,0.9646,useless app. kode otp sampah
312707c5-a8a1-4caf-a7f2-d3a93541fdfa,Mr Ryan,5,2026-08-11T09:06:21.820Z,Lainnya,Positif,Positif,0.7497,mempermudah perbaikan data
6c1e0faf-fab2-45a2-ae86-67695cc5c896,Armansah,1,2026-08-11T09:02:50.683Z,Autentikasi & Akun; Iuran & Layanan,Negatif,Negatif,0.6494,gara gara gak ada RT/RW gak bisa rekam medis aplikasi apaan ini emang kan gak ada RT /RW di KTP terus gimana kocaklah
e9d53173-3cfc-4136-a84d-429980ffc984,IsOne Doyo,1,2026-08-11T08:47:22.357Z,Antrean & Faskes,Negatif,Negatif,0.7823,"jika semua layanan Pemerintah pakai aplikasi JEBOL HP BORO BORO BUAT BELI HP BUAT BEROBAT SAJA NGK ADA DUWIT , UDAH GITU HARUS UP DATE PULA"
40fb2f8e-316c-42f5-a2e5-6d094425d1e4,Nos Nos,5,2026-08-11T08:39:41.632Z,Lainnya,Positif,Positif,0.976,semoga selalu membantu masyarakat miskin indonesia dengan pelayanan yg baik dari pihak2 yang terkait
8bffb97a-6243-4b5a-a092-39381e3fa61c,Jan Nuar,1,2026-08-11T08:38:35.636Z,Autentikasi & Akun; Kinerja & Server,Negatif,Negatif,0.9918,"ampas, mau daftar kudu isi pulsa ud di isi no otp, balik ke aplikasi ulang lg dari awal emg aplikasi pemerintah ga ada yg bener eror mulu"
e65939d0-c032-4434-b316-e3c86e116e96,Nara Balawa,1,2026-08-11T08:36:40.565Z,Iuran & Layanan,Negatif,Positif,0.7651,kalau aplikasi ini memang tidak sanggup membantu . lebih baik berbesar hati lah untuk dihapus atau segeralah berubah jadi lebih baik . kenapa gak ada apliksi kita yang agak lumayan berguna .tolong lah ... kalian ..ada untuk membantu atau bikin ribet sih ???
2be46731-13ab-410b-947d-66ea152e2606,Hadi Brata,5,2026-08-11T08:06:50.912Z,Lainnya,Positif,Positif,0.9855,"pelayanan cepat dan baik, tetapi harus lebih baik lagi"
96d3d362-a16b-435b-b262-3527fb88843c,Thobibah 73,5,2026-08-11T08:06:09.723Z,Lainnya,Positif,Positif,0.9841,Alhamdulillah bisa lebih mudah menggunakan nya
8313437e-11fa-4163-b930-b492fde1e5ae,Lia Yuniar,5,2026-08-11T07:51:35.418Z,Lainnya,Positif,Positif,0.5334,yahudd
9f14cdf5-9a3c-4390-91b1-18d9f194f677,Aknes Damastanti,3,2026-08-11T07:49:35.898Z,Lainnya,Positif,Negatif,0.8434,Bikin geram banget .. sering log out sendiri !!
e0657d43-30bb-4b6f-b8b3-c8e805951838,hendra irawan,5,2026-08-11T07:44:12.526Z,Lainnya,Positif,Positif,0.993,terimakasih sangat bermanfaat
7e56293d-1486-4db1-81ae-ee83e2397f40,Bank Semesta,5,2026-08-11T07:37:52.505Z,Lainnya,Positif,Positif,0.9564,terbaik
5cb42aa6-5b7b-49ab-b69e-df909f5e2694,DEDY EKO CAHYONO,1,2026-08-11T07:34:25.930Z,Lainnya,Negatif,Negatif,0.9343,aplikasi tidak berguna
b19e60da-9be6-4a65-a59b-128f11b20101,sudarto unair,5,2026-08-11T07:34:00.740Z,Lainnya,Positif,Positif,0.9656,"Cepat, mudah mengakses"
b621c9f7-45e4-488c-a862-a354022b7759,Ega Dwi Adytia,1,2026-08-11T07:04:33.664Z,Autentikasi & Akun,Negatif,Negatif,0.9171,frista face recognition apalah verifikasi wajah gabisa bisa udah mah ga mirror jadi susah gagal terus
c78955fd-4246-4641-b20e-2d8d0b3fe684,I Wayan Purta,5,2026-08-11T06:50:25.332Z,Lainnya,Positif,Positif,0.684,proses lancar dgn mobile jkn
154367f4-591f-4e3f-b095-749a96eadfa4,Khiranaputri Putri,1,2026-08-11T06:44:59.652Z,Autentikasi & Akun,Negatif,Negatif,0.948,kenapa susah nya mintak ampun mau login
bf9383ba-1dd0-4aeb-9ae3-03d5759a52e9,Meiva Kaeng,5,2026-08-11T06:44:27.233Z,Lainnya,Positif,Positif,0.9057,Sejak pakai JKN mau urus apapun dengan 1KK gampang banget
aa260dcf-fcad-4b0e-801a-26a4ef1e52ff,Irna Putri,1,2026-08-11T06:38:03.979Z,Kinerja & Server,Negatif,Negatif,0.7622,jujur malah ngeribetin karena aplikasinya banyak crash
b3a8a7e4-9e99-4add-ad06-a670bf86adcf,Nathan Gultom,1,2026-08-11T06:17:30.281Z,Lainnya,Negatif,Negatif,0.9339,"payah,.. ribet ,..berbelit-belit"
788fe5e7-cabe-476b-a01c-6230410334f8,siti derliyan utami,1,2026-08-11T06:12:00.988Z,Autentikasi & Akun,Negatif,Negatif,0.967,"susah banget daftarnya, sudah dua hp masalahnya tetap sama di bagian login no hp, remed lagi bikin apknya ya kak, yang kaya gini di jadiin tempat buat masyarakat, tolong perbaiki lagi.."
2ca42587-0912-42f5-bc70-b3dd947e28fd,HOBBI PARGAULAN,5,2026-08-11T05:54:41.910Z,Lainnya,Positif,Positif,0.9897,sangat membantu
6e965811-bee4-4cd3-994f-ed51acfc7d64,Dasep Saepurohman,1,2026-08-11T05:53:13.201Z,Autentikasi & Akun; Kinerja & Server,Negatif,Negatif,0.9917,susah untuk daftar masukan kode otp tapi gak masuk masuk gimana mau login coba aplikasi erorr
4db2d6a3-c26f-4bcc-86ca-2e9650cdaacf,Palahudin Abdidesa,5,2026-08-11T05:51:08.642Z,Lainnya,Positif,Positif,0.9967,"mantap sangat mudah penggunaan nya dapat membantu,"
3293a9a5-c696-4aa8-a4fb-d47ef76a389c,Pku 2021,1,2026-08-11T05:50:18.986Z,Kinerja & Server,Negatif,Negatif,0.7978,"Aplikasi rusak, banyak Bug nya, Responnya lambat."
f1edffa2-5d6f-4213-993b-c5276855b33e,Dinda dwi aryanti dinda,5,2026-08-11T05:38:23.652Z,Lainnya,Positif,Positif,0.9302,sangat memudahkan
dab055e4-7abf-468d-a32b-2959961cb1ed,Chriz Kounang,5,2026-08-11T05:33:57.729Z,Lainnya,Positif,Positif,0.943,aplikasi sangat mudah di gunakan
1feb2770-dff1-4a0c-aed3-0f9fe8b6f815,Acah Rasminah,5,2026-08-11T05:22:33.920Z,Lainnya,Positif,Positif,0.9802,Alhamdulillah dengan JKN permudah urusan nya
cbd21280-d7e2-4985-939b-99f10b17bdd0,Erawathy Buton,5,2026-08-11T05:15:57.682Z,Lainnya,Positif,Positif,0.9775,sangat bagus
9a6e2b1a-d937-4449-b567-e675239a37bc,Alif Abdillah,5,2026-08-11T05:02:08.250Z,Lainnya,Positif,Positif,0.9969,ok bagus
8480ae4e-e61d-4e15-a6cb-123667509a31,Hairul Indra,5,2026-08-11T05:00:10.433Z,Lainnya,Positif,Negatif,0.5122,"Sangat bagus, tapi agak rumit."
2756812a-6b5a-4048-85c9-0843350989df,Nuralisa Nur,5,2026-08-11T04:56:09.641Z,Lainnya,Positif,Positif,0.9491,sangat puas dan bisa membantu tanpa ribet
5c88c4ec-e2ce-45e4-b51f-aa0867537ebd,Mahfur Hidayat,4,2026-08-11T04:53:14.665Z,Autentikasi & Akun; Iuran & Layanan,Positif,Negatif,0.5679,"Bagus, tapi pendaftarannya kok pake otp berbayar... bikin bingung aka.. 🤦‍♂️"
ee51292f-7abb-4c88-9b62-079195286374,Ahmad Nasrulloh,5,2026-08-11T04:27:00.489Z,Lainnya,Positif,Positif,0.9775,bagus
5779507e-64a2-4937-b600-825ab03d21c6,Achmad Rochman,5,2026-08-11T04:23:13.758Z,Autentikasi & Akun,Positif,Positif,0.7213,"layanan baik,walau terkadang trobel saat verifikasi wajah"
126471cd-b63e-43c7-bd9a-a9aea791baa4,SRI WARDIAWAN,1,2026-08-11T04:22:58.747Z,Autentikasi & Akun,Negatif,Negatif,0.9594,gak jelas gak bisa menerima kode otp SMS aneh
d96fd773-9b22-4df0-a0ec-d315a493ba92,PejuangSubuh _Arif SN,5,2026-08-11T04:21:17.389Z,Lainnya,Positif,Positif,0.9775,bagus
59217cec-6797-4fa7-9f9a-770102d89522,Nurul Qudratullah,5,2026-08-11T04:17:29.278Z,Lainnya,Positif,Positif,0.9775,mantap
9462215e-fdf3-4e2f-a697-6103378c9d59,Syarifuddin Hafiz,5,2026-08-11T04:16:14.503Z,Lainnya,Positif,Positif,0.8986,mantaaaaap
3fbe61c0-2b56-4082-a6a5-172ba704dd3c,Erlangga Pku,1,2026-08-11T04:15:01.394Z,Autentikasi & Akun,Negatif,Negatif,0.9326,knapa saya daftar no verifikasi tidak keluar
4820e351-2f7c-4a23-b37f-f2f3c3b47630,Mexci Fernando,1,2026-08-11T04:04:53.710Z,Autentikasi & Akun; Antrean & Faskes,Negatif,Negatif,0.9548,Aplikasi cacat yg selalu minta nomor verivikasi lewat sms tp nomornya tidak pernah dikirim tiap ambil antrean selalu minta nomor verivikasi
7352fddc-d601-4b2b-b35a-fa0718a49665,Anisa F,5,2026-08-11T03:57:52.976Z,Lainnya,Positif,Positif,0.9852,🫶🏻terrrrr debest pokonya
d1926140-6b4a-4388-a104-3d93a029cfb7,bakhtiar saputra,5,2026-08-11T03:38:14.846Z,Lainnya,Positif,Positif,0.959,Alhamdulillah
0f02f610-4678-4dd4-be94-b3a0935b6f25,Lucky Syahbahri,5,2026-08-11T03:22:38.435Z,Lainnya,Positif,Positif,0.9775,bagus
cc8a9cb5-af5f-4ff8-a038-d7dbaf744c44,Erik Afandy,5,2026-08-11T03:19:50.764Z,Lainnya,Positif,Positif,0.9785,aplikasi ini sangat membantu saya dalam hal kesehatan
af8cbb85-8722-4b57-a1e8-273ab27c1a13,H. Ismail,3,2026-08-11T03:03:49.641Z,Kinerja & Server,Positif,Negatif,0.8781,Kebanyakan bug aplikasi sering log out sdri
44eee731-b866-461e-b8f8-e026f8daea67,Aziz Manting,1,2026-08-11T02:40:41.101Z,Autentikasi & Akun,Negatif,Negatif,0.9885,"susah banget buat daftar, kode verifikasi nya ga ada yang masuk. udah minta dikirim ulang berkali kali"
641837fe-933d-4fe4-bb92-30721dcbcf3c,Irene Farah,1,2026-08-11T02:35:38.159Z,Antrean & Faskes; Kinerja & Server,Negatif,Negatif,0.6819,ngambil nmor antrian faskes selalu error
e3125dc0-3346-442c-9fb3-4027e6fe3eb4,Sandi Snd,3,2026-08-11T02:18:58.548Z,Kinerja & Server,Negatif,Negatif,0.7876,"aplikasi nya sering mogok sendiri, kadang eror sendiri"
8bf9d7b0-35e1-48ef-bae8-fb7b964e3b9b,Isti Komah,5,2026-08-11T02:09:49.543Z,Lainnya,Positif,Positif,0.97,Alhamdulillah dengan ada nya aplikasi mobil jln dapat memudahkan kami
b42957fa-8e31-4604-bb4f-5a18411f0787,Tigor Hutabarat,1,2026-08-11T02:06:50.261Z,Autentikasi & Akun; Kinerja & Server,Negatif,Negatif,0.9449,"bnyak BUG tolong perbaiki . kode otp gk masuk"""
2f657b6d-2cd0-430b-a1cf-1906fcc14c7d,arkan aja,5,2026-08-11T02:06:46.899Z,Lainnya,Positif,Positif,0.9775,mantap
f4435459-dce5-4274-b4d4-46e1f7e728a1,Tri Rahayu,5,2026-08-11T02:02:52.960Z,Lainnya,Positif,Positif,0.9926,the best aplikasi
3088378a-3c47-461a-b313-05b90bb86a59,surya di,5,2026-08-11T02:00:05.359Z,Lainnya,Positif,Positif,0.9775,bagus
17f7abaa-af31-46fb-abba-68bcdcee7e55,travel ponorogo ae,1,2026-08-11T01:39:52.154Z,Autentikasi & Akun,Negatif,Negatif,0.9845,apk sampah daftar/login gagal terus apk gak jelas
c0e4b875-c897-4781-a46b-2632174e5042,Tralala Trilili,2,2026-08-11T01:22:13.945Z,Antrean & Faskes; Kinerja & Server,Negatif,Negatif,0.8983,Ga jelas banget! Makin di update makin harus pakai device terbaru kah? Apakah yang boleh mengakses app ini hanya segelintir kalangan atas yang punya device terbaru? Kalangan menengah ke bawah yang punya device pas-pasan ga boleh akses app ini kah? Baru aja mau update app di HP Ibu (device versi lama) malah ga bisa (device tidak kompatibel ceunah). Gimana nih? Bukankah app ini diperuntukkan untuk masyarakat umum yang berkaitan dengan masalah kesehatan?
d041e55b-3566-4741-942a-446bac637b40,Kadek Budi Adnyana,5,2026-08-11T01:03:12.378Z,Lainnya,Positif,Positif,0.9897,sangat membantu
4c12a8bf-552b-4b65-9df5-2a50c2798da4,Jaka Sparo,5,2026-08-11T01:00:44.308Z,Kinerja & Server,Positif,Negatif,0.8446,"Error mulu,mending ga usah nyediain aplikasi kalo dikit dikit error"
b457453c-f261-4ecc-b218-3212112877d8,Ujang Dinyar,5,2026-08-11T00:55:50.216Z,Lainnya,Positif,Positif,0.9889,Ok
c29f91be-53e6-47be-bb06-2faeb5e2d4ce,Murcahyo Koes Hermawan Adhy,1,2026-08-11T00:48:41.488Z,Autentikasi & Akun; Antrean & Faskes,Negatif,Negatif,0.5691,apaan saya daftar antrean faskes 1 gak bisa bisa
b8a79edb-c038-4a9e-ba5f-2cfbd7ad1e24,Siska Daromes,5,2026-08-11T00:37:41.632Z,Lainnya,Positif,Positif,0.9864,"pelayanannya bagus, cepat, dan ramah🙏"
53429816-7641-4a11-a530-aea5e34cd0a4,roben baricelo,5,2026-08-11T00:25:00.640Z,Lainnya,Positif,Positif,0.9775,sipp dah
3c791dde-4c3a-4db3-a9ed-c281c8b1df26,Eka Febriyani,5,2026-08-11T00:24:10.621Z,Iuran & Layanan,Positif,Positif,0.7482,sangat berguna untuk mengurus BPJS lewat online tidak perlu langsung ke tempat BPJS nya
4a833e98-59aa-4db1-9334-f1cd5b30625e,Lipina Tanata,5,2026-08-11T00:22:15.322Z,Lainnya,Positif,Positif,0.9775,bagus
2ccc5293-a7a9-4cb9-8bea-079cc462ab13,Rahma Sintya,2,2026-08-10T23:41:59.259Z,Lainnya,Negatif,Negatif,0.9253,"susah, ribet"
e8910f5b-0946-431b-bd2b-6302a9819f59,Enon Indira19,5,2026-08-10T23:39:54.858Z,Lainnya,Positif,Positif,0.9302,semakin memudahkan
789bb4ad-a641-4be7-9657-9eadcdfd67b7,Stevan Mandagi,1,2026-08-10T23:14:11.204Z,Autentikasi & Akun,Negatif,Negatif,0.9806,nomor pendaftaran benar tapi otp tidak pernah masuk
71611531-ac8b-4ecc-a356-035fd560eb90,Edy bun,5,2026-08-10T23:09:16.633Z,Lainnya,Positif,Positif,0.7697,aplikasi nya berjalan normal dan sangat membantu.
ae170eef-c66d-4997-8d4d-e8caa6d63175,laode Muhamad,1,2026-08-10T23:01:16.747Z,Autentikasi & Akun,Negatif,Negatif,0.9798,"PENGURUSANYA Ribet, kode otp tdk masuk sdh berkali kali di minta tdk pernah dikirim"
c0e90e6d-e169-420e-8bec-eefafc70ade3,Maryadi Raharjo,2,2026-08-10T22:56:46.949Z,Autentikasi & Akun,Negatif,Negatif,0.944,ruwet susah masuk menyusahkan masyarakat yang sudah sakit jadi tambah sakit
69780695-723e-4f97-9f2c-e3ceba4495d2,R ama,1,2026-08-10T22:51:17.361Z,Autentikasi & Akun,Negatif,Negatif,0.9615,untuk mendapat kan kode verifikasi nya susah tidak muncul muncul
7e7e39ab-2001-40e9-817f-4fa085607585,Esti Dwi,1,2026-08-10T18:23:03.548Z,Lainnya,Negatif,Negatif,0.6424,"Tidak ada pengganti untuk android verai 8.1.0, terlalu memaksakan, tidak semua rakyat indonesia punya hp bagus."
96369680-3285-44f9-9c37-c21d8221b762,Nengliyah Fadillah,2,2026-08-10T17:07:18.940Z,Autentikasi & Akun; Kinerja & Server,Negatif,Negatif,0.9447,"sebelum aplikasinya di update lancar2 saja utk log in jika akunnya log out sendiri, tpi setelah di update knpa malah gak bisa masuk sama sekali, captca nya gak muncul2, tak pikir cuma lg error, tpi ko dicoba2 trus ttp gak muncul2. tolong perbaikilah."
1bc41d3f-6366-4e9a-9c41-2c787a046125,Sami Ae,5,2026-08-10T16:54:10.924Z,Autentikasi & Akun; Antrean & Faskes,Positif,Negatif,0.7727,"Maaf saya kasih bintang 1 karena kode chapta nya bikin pusing. Makin kesini bukan nya makin gampang buat masuk ini makin sulit, mana anak masih berobat jalan di RS, mau daftar buat besok ini malah gak bisa."
8ab360ba-1558-4583-bd43-3e2409cf1e7e,Bobby RnT,1,2026-08-10T16:44:13.305Z,Autentikasi & Akun,Negatif,Negatif,0.8103,"ini developer tolong di cek sistemnya , KODE OTP TIDAK MASUK MASUK , semua pengguna mengeluh , kalian dengarkan inii baik baik , hal sekecil ini aja tidak peduli , bagaimana peduli dengan rakyat"
6f0271ab-dd06-4d8d-971f-cccae93c9b4e,Triyo Wahyudi,5,2026-08-10T16:39:41.112Z,Antrean & Faskes,Positif,Positif,0.7401,terimakasi banyak atas mobile jkn mempermuat berobat di mana²
0b67fde9-431b-40a3-bd08-c6e956eb0146,Muhamad Ali (Mamat),5,2026-08-10T15:25:38.337Z,Lainnya,Positif,Positif,0.5334,bakk sekali
c0a0db3f-fe12-466c-86cb-04543910a6e5,Tri Bangun Wibowo,5,2026-08-10T15:15:16.719Z,Lainnya,Positif,Positif,0.9775,bagus
474eb955-57dd-4122-ad74-9b9186225e1f,Heri supri,1,2026-08-10T15:13:01.688Z,Lainnya,Negatif,Negatif,0.7968,kenapa sekarang tidak kompatibel di henpon saya padahal dulu bisa saya akses lewat hape saya tapi sekarang tidak bisa
f1685393-724b-4789-99f0-6357f77916c2,koni leoaditia,3,2026-08-10T15:07:49.825Z,Lainnya,Positif,Positif,0.5276,sangat membutuhkan
ecff4d5c-a858-406a-8876-5d0cfa3edbc9,Sribulan M zakir Bulan,5,2026-08-10T14:58:14.387Z,Lainnya,Positif,Positif,0.9981,"sangat bagus dan memuaskan,pelayanan lebih cepat dan mudah dengan adanya aplikasi ini"
09ab24b2-eed3-4feb-94ac-b9df695ef5eb,Paala Paala,1,2026-08-10T14:50:22.390Z,Autentikasi & Akun; Antrean & Faskes; Kinerja & Server,Negatif,Negatif,0.769,"Ini udh ganti klinik 5 hari yg lalu belum update² yaaa, mau ambil antrian malah ke klinik yang sebelumnya. sedangkan status udah di klinik baru"
5b0ebb72-6f76-4975-9c7c-19a98e91b7b9,Yanto Azzahra,1,2026-08-10T14:36:08.867Z,Autentikasi & Akun; Antrean & Faskes; Iuran & Layanan,Negatif,Negatif,0.966,"meman sengaja di persulit sepertinya oleh BPJS,sbb setiap bln hrs login ulang, kebanyakan pemakaian nya lansia yg gk ngerti aplikasi.. JKN mohon lh jngn di persulit lgi para lansia ini..masa log-in ulang trs setiap daftar antrian,mna semuanya sdh bnar tpi selalu dan selalu ggl.. masarakat sdh susah jgn lgi di tambah aplikasi JKN yg tdk berpihak kepada para orang sakit..masa sekelas aplikasi pemerintah gk bisa bkin yg mudah jg proper.. jika sdh login sekali ya jngn di buat log out atomatis tolong"
fb85cfbe-b7ea-40e7-937f-1e6632f6138e,farid ahmad,5,2026-08-10T13:48:43.895Z,Lainnya,Positif,Positif,0.9775,mantap
57dfea13-439b-4aca-a779-5a29904f39bc,Alexhaha,1,2026-08-10T13:41:51.680Z,Autentikasi & Akun,Negatif,Negatif,0.9817,"aplikasi yang benar sedikit masa ia baru saja minta kode ,kode masuk buka Gmail mau masukin kode di ulang lagi yang benar sedikit apk ngk jelasss!!!!!!!!!!!!!!!!!!! 2026"
fe5410fa-ff77-4c84-a948-f67b31b118da,Herri Saputra,5,2026-08-10T13:40:36.748Z,Lainnya,Positif,Positif,0.9889,ok
d3cc8a40-f5fe-45f5-a083-eca517cd97c5,fik Yo,1,2026-08-10T13:27:52.358Z,Autentikasi & Akun,Negatif,Negatif,0.9726,"dicoba berapa kali ga muncul' kode otp nya, apk apaan ini"
baae9d9a-6a08-4efb-aa04-a6ceb0214555,Angelika Loran,1,2026-08-10T13:23:55.479Z,Autentikasi & Akun,Negatif,Negatif,0.9606,"aplikasi menyusahkan, tidak mendapat kode otp."
f9093032-6d07-4744-8682-73610bd8b7b7,Isar Ngandro,5,2026-08-10T13:18:01.681Z,Lainnya,Positif,Positif,0.9564,Baik
bca637b0-27fe-4d37-bada-31774aef0681,Febri Ansyah.N,1,2026-08-10T13:02:12.516Z,Antrean & Faskes; Kinerja & Server,Negatif,Negatif,0.9091,"apasih gak bisa di gunakan padhal jaringan oke sinyal wifi oke semua tapi capcha gak keluar keluar gak jelas, mempersulit rakyat aja"
a03ddd1b-fcc3-4765-8961-fb929ed45543,cucun cunarsih,1,2026-08-10T12:59:17.779Z,Lainnya,Negatif,Negatif,0.957,sampah
b9533a8c-2cbe-43aa-8204-0209ee2af50d,Gus Tafin,3,2026-08-10T12:59:00.367Z,Lainnya,Positif,Negatif,0.6362,harus nya cocok untuk semua androd.. ini sudah gak cocok di android 9 punya saya. gimana mau bukak..? tolong di perbaiki.trimakasi
ecec497c-ea0e-4f41-ab6c-4f21b7aeb370,Mi Mi,5,2026-08-10T12:50:05.633Z,Lainnya,Positif,Negatif,0.7313,kenapa jkn mobile egk bisa dibuka ya
57b890e0-0422-4562-a607-71035d526723,Ayu Nda,1,2026-08-10T12:44:09.931Z,Lainnya,Negatif,Positif,0.5865,menjengkelkan aplikasi nya
bc36d03e-5dfd-461a-bf84-b984ad3df9d7,Adelia Absyah,5,2026-08-10T12:33:32.710Z,Lainnya,Positif,Positif,0.9897,sangat membantu
6d29f156-1e49-4442-938f-ce83fc1ad619,Efrin Riyadi,5,2026-08-10T12:27:13.745Z,Lainnya,Positif,Positif,0.9775,Mantap
fcd5db65-4766-4a14-a783-29389abf1ad7,M Nurul Hidayat (Dayat),1,2026-08-10T12:23:49.805Z,Autentikasi & Akun,Negatif,Negatif,0.9935,mau daftar pake masukin no hp. giliran OTP sms gak masuk-masuk
28941fab-4c8d-4806-9f70-2701e0a74899,Milan Honny,1,2026-08-10T12:16:18.401Z,Lainnya,Negatif,Positif,0.5334,aplikasi gilaaaaaak
8ee122a0-de81-4992-9d8e-9b7c91efdc73,Erna Wati,5,2026-08-10T12:06:44.792Z,Lainnya,Positif,Positif,0.9889,ok
09da6cfc-1630-4db2-b814-42eed16bd7be,Mrizal Fauzi,5,2026-08-10T11:52:33.323Z,Lainnya,Positif,Positif,0.9802,good job
6027f36f-a40d-467c-9741-8db75416f69d,Metro Cafe,5,2026-08-10T11:49:37.316Z,Lainnya,Positif,Positif,0.8437,aplikasi luarbiasa sangat membantu rakyat indonesia
af6e13c2-a504-4690-9aa7-e8c7ea530900,Ila Ubay,5,2026-08-10T11:43:00.446Z,Antrean & Faskes,Positif,Positif,0.763,ruangan mawar merah ruangan nya nyaman dan bersih
65aa0627-e08f-4284-801e-28a307159cd6,uswatun hasanah,5,2026-08-10T11:42:20.174Z,Iuran & Layanan,Positif,Positif,0.962,untuk menu perubahan data peserta mudah dan cepat
fea29405-3106-4047-a779-bfce002beec9,Arif Lestari,1,2026-08-10T11:35:05.628Z,Lainnya,Negatif,Negatif,0.879,sangat tidak membantu
1492b5ca-c79c-4d10-aa9e-58c7e4e04005,ais amanah,1,2026-08-10T11:33:22.770Z,Autentikasi & Akun,Negatif,Negatif,0.8021,"bapak/ibu ijin aplikasi saya tidak bisa digunakan karena sudah login lebih dari 3 nik yang berbeda, gimana solusinya???"
0081227b-5f4b-4f7b-8bda-acb3d217d39f,dudung didim,5,2026-08-10T11:25:12.542Z,Antrean & Faskes; Iuran & Layanan,Positif,Positif,0.8601,"sangat membantu saya , bisa melihat keaktifan bpjs satu kelurga saya dan bisa mempermudah saya untuk merubah faskes anak saya dari pkm jaram jauh sampe jarak dekat"
860f890f-fd34-431b-80e7-c9d0c79a636b,Heldi Kurniawan,5,2026-08-10T11:20:07.799Z,Lainnya,Positif,Positif,0.9775,bagus
ce1bcefb-b775-4c15-a3b2-4194178b7c1f,Yoga Manna,5,2026-08-10T11:19:42.717Z,Lainnya,Positif,Positif,0.9775,mantap
3b299afe-6915-4359-9379-25a6540babbc,Steven Ven,1,2026-08-10T11:00:43.193Z,Autentikasi & Akun,Negatif,Negatif,0.8235,aplikasi yg merepotkan masyarakat mau daftar tiba tiba loq out
e89712c5-1b73-4b7f-9312-a0817b4e69b1,Liza,1,2026-08-10T10:57:36.478Z,Autentikasi & Akun; Antrean & Faskes; Kinerja & Server,Negatif,Negatif,0.9969,"jelek gabisa daftar eror trs,tolong dong di benerin dulu apknya sampe bener"" gaada yg eror lagi.. mau berobat aja susahh disuruh daftar jkn.. eh pas daftar gabisa eror apknya.. kan aneh.. menyusahkan rakyat haha🤔🤔"
73c9cbd0-b41a-42db-82de-6d1852e65325,Renaldi Ariandy,5,2026-08-10T10:54:15.600Z,Lainnya,Positif,Positif,0.9797,layanan memuaskan.
87fcdd7a-814f-4fd3-a0ba-ee3a7ee2ef31,Adam Kusuma,1,2026-08-10T10:51:54.435Z,Autentikasi & Akun,Negatif,Negatif,0.9758,aplikasi sakit minta kirim kode otp nomor telepon ga keluar keluar udah 10x
e9267779-38e3-4709-9356-8f5a359ad6a2,Saya Adalah,1,2026-08-10T10:51:18.307Z,Autentikasi & Akun,Negatif,Negatif,0.9498,aplikasi susah banget buat verifikasi nomor .
fca2d1a8-2ea6-40f9-8eb1-1dcb0910a35a,Nur Asih,5,2026-08-10T10:42:28.538Z,Lainnya,Positif,Positif,0.9797,pelayanan memuaskan
af61d9d9-4771-4c1c-b472-accf6457ce47,Syifa Nurfadilah,5,2026-08-10T10:41:18.785Z,Lainnya,Positif,Positif,0.9897,sangat membantu
8d9bccde-e148-4db2-af50-251e25143228,Pulut 18,1,2026-08-10T10:33:27.564Z,Autentikasi & Akun,Negatif,Negatif,0.9935,"pengguna disulitkan, alasan internet jelek, padahal lancar, sms otp gak masuk padahal nomor benar."
e042e24e-bc64-4d10-9575-a904ba9d500b,Alwi Ahmad,5,2026-08-10T10:24:10.227Z,Lainnya,Positif,Positif,0.9775,mantap
83c54cd0-c3bc-4963-8ffc-97498f6ff138,Yanti Hayanti,3,2026-08-10T10:20:34.587Z,Lainnya,Positif,Positif,0.9775,bagus
ef0946c0-0e57-4c26-ba61-231dc429824c,Indra Diran,5,2026-08-10T10:15:38.492Z,Lainnya,Positif,Positif,0.9775,sangat bagus
f632c60b-76e5-4b38-bc6b-671dd999e9c7,Desi Herawati,5,2026-08-10T10:13:54.104Z,Lainnya,Positif,Positif,0.9797,pelayanan memuaskan
cc43f29f-b5bd-425a-8fac-fc554b270db0,Yusran Buamona,5,2026-08-10T09:46:58.732Z,Lainnya,Positif,Positif,0.9775,sangat bagus
bb52623c-de6b-456a-ba0a-a5af29856864,Panglima Kumbang,5,2026-08-10T09:39:43.729Z,Lainnya,Positif,Positif,0.9302,mempermudah dan sangat penting
7b6fd661-819c-4cbe-8b3e-514a26b58219,Wagito Ito,1,2026-08-10T09:32:04.387Z,Lainnya,Negatif,Positif,0.9564,sangat baik
10bb9a56-47a5-40c1-bde6-6534f762f465,Dika Pratama,5,2026-08-10T09:23:35.510Z,Iuran & Layanan,Positif,Negatif,0.53,cek BPJS yahdisini
90329b28-5531-42b9-93b3-6002190949f5,Muhammad Junaidi,5,2026-08-10T09:09:32.987Z,Lainnya,Positif,Positif,0.9749,puas ketika semua pertanyaan d jawab
66db0928-3801-450a-b828-13f12dce6227,Yudi H,1,2026-08-10T09:04:45.746Z,Antrean & Faskes,Negatif,Negatif,0.884,"saya booking utk 2 minggu kedepan sesuai jdwal kontrol selanjutnya, pas sudah jadwalnya ada notif dibatalkan, seenaknya ngomong karena sistem, undur lebih dari seminggu lagi"
a2dd0c45-905e-46f7-b290-2af175001ab4,Eriska Nuryani,5,2026-08-10T08:53:20.346Z,Lainnya,Positif,Positif,0.8081,JKN mobile sangat membntu
9d422de7-3dc9-4af0-9728-e906a4b34cd8,Nurjannah Harahap,5,2026-08-10T08:50:42.910Z,Lainnya,Positif,Positif,0.9775,bagus
65611e7c-c4fb-427f-972e-9b297e6db393,elvan gaipsy,5,2026-08-10T08:48:06.561Z,Lainnya,Positif,Positif,0.5334,sangat mwmbantu
2ec40857-4842-4bce-80b6-b3ec246baeb5,Siti Innasya,1,2026-08-10T08:27:09.935Z,Antrean & Faskes; Kinerja & Server,Negatif,Negatif,0.9696,sangat buruk berhari hari selalu eror terus tidak ada perbaikan atau bagaimana. mau ambil antrian jdi susah ujung ujung nya ngantri manual dan dapet antrian paling belakang!!
0ec68baa-df46-4c7c-8bf8-7a7c74ee51e5,Agus Efendi,5,2026-08-10T08:23:37.907Z,Lainnya,Positif,Positif,0.9945,Luar biasa membantu
bc97d36d-c5c9-43ad-99c2-2310f8b007b8,Iwan Setiawan,5,2026-08-10T08:12:50.572Z,Lainnya,Positif,Positif,0.9692,terimakasih
5031f53f-99d7-4a97-9dc0-a4f773a43325,Rembulan 07,1,2026-08-10T08:08:48.787Z,Lainnya,Negatif,Negatif,0.9882,Aplikasi jelek.
2db03b65-51e0-45b6-a15f-e330c446b6a4,Sarip udin,5,2026-08-10T08:06:41.733Z,Lainnya,Positif,Positif,0.9897,membantu
eeea994d-0ba4-4f3a-8daa-c3385eb06d5c,Iwan Rombe,5,2026-08-10T07:58:29.653Z,Lainnya,Positif,Positif,0.9892,sangat mudah dan membantu
f8a105fa-edc4-4d0b-bbb7-1c63a31cf2db,Yusma Rini (Yus),5,2026-08-10T07:40:41.360Z,Iuran & Layanan,Positif,Positif,0.9808,terimakasih semoga sehat sekeluarga aamiin ya rabbal alamiin
dd5e2c7a-f5f7-4160-ba58-dd612db43fa8,rizky wahyudi,1,2026-08-10T07:38:26.625Z,Autentikasi & Akun,Negatif,Negatif,0.9779,aplikasi tolol. ga bisa masukkan nomor hp
10071193-288c-43cf-af41-a97348b20e14,Derma Sintike Gultom,5,2026-08-10T07:34:59.600Z,Lainnya,Positif,Positif,0.9564,sangat baik
156cf295-48e6-4742-989c-a002568b8e39,Anugrahbijak musyafa,2,2026-08-10T07:32:58.270Z,Autentikasi & Akun; Kinerja & Server,Negatif,Negatif,0.9876,"verifikasi nomor telepon error, tidak ada pesan yang terkirim, scan wajah selalu gagal."
80c756f9-0e22-4c8a-91e7-a3e0f8fadb9a,Muhamad Rizal,1,2026-08-10T07:29:31.971Z,Lainnya,Negatif,Negatif,0.922,sulit memperipikasi wajah
5993163c-a08c-4856-a5c8-74d926b64e73,Dewi Alim astuti,5,2026-08-10T07:25:53.460Z,Lainnya,Positif,Positif,0.9775,bagus
758d87ea-72d7-4fb8-82a7-49e28c323b2e,al gazhali,1,2026-08-10T07:21:43.524Z,Lainnya,Negatif,Negatif,0.9734,loggin gagal² terus apk sampah
aac3f8e5-87ec-4136-8c97-eee35af76aac,Diky Saputra,5,2026-08-10T07:19:22.332Z,Lainnya,Positif,Positif,0.9897,sangat membantu sekali
1ecdf181-7fb3-4903-892d-c140d75b92a1,M Ali Sofwan Sofwan,5,2026-08-10T07:12:48.935Z,Lainnya,Positif,Positif,0.9775,sangat bagus👍
ee6786bd-0e31-4a5a-af12-0ee54377cf33,demian chaniago,1,2026-08-10T06:57:36.246Z,Autentikasi & Akun; Iuran & Layanan,Negatif,Negatif,0.9901,apk jelek gabisa daftar BPJS
a0e54996-61b5-42eb-93b2-83730699603d,Herma Rahmawati,3,2026-08-10T06:46:44.284Z,Autentikasi & Akun; Kinerja & Server,Negatif,Negatif,0.8884,"sering logout secara tiba-tiba padahal baru sehari di daftarin, terus sering eror kalo udah Deket ke waktunya kontrol menyebalkan"
4a3cb3a3-dd45-4061-8240-4a9fe8b49b42,Siti Maryam,5,2026-08-10T06:46:29.177Z,Autentikasi & Akun; Kinerja & Server,Positif,Negatif,0.8988,suka error harus login beberapa kali
357e800c-ed19-41e9-adad-29fed4e66bff,adder_ yaqin1,1,2026-08-10T06:40:41.391Z,Autentikasi & Akun,Negatif,Negatif,0.9644,kode OTP sms tidak bisa terkirim
c94facb0-8754-4994-ab29-0ea90d28bbb9,Eni Susanti,5,2026-08-10T06:14:25.491Z,Lainnya,Positif,Positif,0.9797,layanannya memuaskan
db3cbee8-e480-4157-9c54-000fd6b8d781,Lex bensel,1,2026-08-10T06:12:38.847Z,Antrean & Faskes; Iuran & Layanan,Negatif,Negatif,0.7857,Percuma pakai aplikasi ini.. ga ada pengaruh nya sma sekali yg ada sebaliknya. jd AUTO RIBET . MASA DI MBIL. JKN TIAP DI CEK KEPESERTAAN KELUARGA SELALU GA AKTIF TRS. DAN ADA TANDA X.. TP DI CEK PANDAWA KETERANGAN SUDAH AKTIF 😂😂😂😂 gimana ini cerita nya suhu...
e1787706-5e32-4c66-ac04-64df2e28d3d4,Surya maimun,5,2026-08-10T06:08:21.449Z,Lainnya,Positif,Positif,0.9775,mantap
cd43f5b0-47d6-4cbe-a504-462232725111,akhmad fahriza,1,2026-08-10T05:54:24.366Z,Lainnya,Negatif,Positif,0.5611,info kurang
c2c3b127-6386-479c-9b42-cbdc862d6261,Jimmy Page One,4,2026-08-10T05:47:57.823Z,Autentikasi & Akun,Positif,Negatif,0.9284,"kenapa saya mau daftar ga bisa ya, tolong dong, mau verifikasi kode otp ga dikirim kirim kodenya gimana mau daftarnya"
ba7143fe-f28c-4e3d-bbd0-514902118d69,Suyanto Edy,5,2026-08-10T05:36:40.550Z,Iuran & Layanan,Positif,Positif,0.9692,terima kasih BPJS
dba7c694-b66f-45b3-8591-48281a892d01,RickGrims21,5,2026-08-10T05:32:14.993Z,Kinerja & Server,Positif,Negatif,0.9066,"kebanyakan korpusi, server ga di urus tolol, mending instal judol"
33c9b556-407c-4b07-ae75-84360eeaaafe,Ahmad Rusmanto99,5,2026-08-10T05:28:08.540Z,Lainnya,Positif,Positif,0.9297,okk gampang
1c4d2e15-6303-4411-9599-7f80dca59bd4,Danial Raid,5,2026-08-10T05:16:35.821Z,Lainnya,Positif,Positif,0.9609,terimakasih untuk peserta jkn
17f88268-5510-430e-9e38-cf5f6cc7601a,Ita Wahyu,1,2026-08-10T04:52:21.652Z,Kinerja & Server,Negatif,Negatif,0.6814,"aplikasi oon, ngebug mulu"
92621c35-0f72-4b3e-a821-ab194bee0502,Husen Albizayn,5,2026-08-10T04:47:29.243Z,Lainnya,Positif,Positif,0.9775,mantap
0f1c154c-f1ec-47aa-b165-2253b69ff7c4,Abdul Gani,5,2026-08-10T04:35:32.324Z,Lainnya,Positif,Positif,0.8224,sangat baikkk
f60cee7d-824e-49b5-9ed8-0c4c7c682d1c,gunturtrias prasetyo,5,2026-08-10T04:32:21.112Z,Antrean & Faskes; Iuran & Layanan,Positif,Positif,0.7619,aplikasi ini sangat bagus ketika kita tidak membawa kartu BPJS dan ambil antrian dari jkn
54cbc6f0-a362-4f25-92a0-e28ad105bbc5,Johan harum Black johan,1,2026-08-10T04:32:15.486Z,Autentikasi & Akun,Negatif,Negatif,0.9723,"terlalu lama untuk mendapatkan no verifikasi,,,busuk app nya"
2d3c55bf-ee5f-4758-bf1b-1a7b0c7833cf,Intiqurota Ayun,2,2026-08-10T04:25:07.661Z,Autentikasi & Akun; Kinerja & Server,Negatif,Negatif,0.9651,"aplikasi susah untuk buat daftar, disuruh nunggu dpt kode otp SMS tp gak masuk pdhl pulsa ada jaringan oke.... trus ini bagaimana kelanjutannya"
3a0ac3ae-2b82-42d4-8231-33802373b452,Lely RizaU,1,2026-08-10T04:06:40.312Z,Kinerja & Server,Negatif,Negatif,0.9505,"tolong perbaiki sistem aplikasi ini, karena sering kali eror/gagal diakses. ntah keluar sendiri, ntah katanya server gagal. padahal sinyal bagus!"
b7f73153-1a3c-40ff-8832-f2c4d91d10b9,Agustri Alife,5,2026-08-10T04:03:10.999Z,Lainnya,Positif,Positif,0.9774,Mudah dan cepat
4346f758-1aee-42cb-ae5a-fffb66a5b514,Bidar yanda putra,1,2026-08-10T04:03:07.203Z,Autentikasi & Akun; Iuran & Layanan,Negatif,Negatif,0.9134,"gunanya nik dan ktp untuk apa ??. aplikasi memperibet bukan mempercepat masalah otp susah masuk, nik belum terdaptar, pake foto susah. aplikasi aneh"
43891420-a4fc-4fac-8b02-81180ee29930,Deden Permana,5,2026-08-10T03:59:11.846Z,Lainnya,Positif,Positif,0.9965,mantap sangat membantu
26afe8fa-adf8-476c-944e-f63ed81e92b4,Tommy K Lubis,5,2026-08-10T03:52:10.897Z,Lainnya,Positif,Positif,0.9692,terimakasih banyak !
221052dc-0ee2-4abb-aa9f-658ab49c7d75,Suworo Woro,1,2026-08-10T03:52:05.953Z,Autentikasi & Akun; Antrean & Faskes,Negatif,Negatif,0.7511,"tidak bisa memilih dokter, selalu terdaftar ke dokter yang sebelumnya, padahal dirujuk ke dokter lain meskipun masih 1 poli"
2935d416-ffee-4bd7-86b0-c82228cc7fd7,Klaten Bersinar,5,2026-08-10T03:49:33.624Z,Lainnya,Positif,Positif,0.9775,aplikasi bagus
9d5fb0ee-bec2-4673-8914-2005b88854eb,Nur Rizal,1,2026-08-10T03:35:31.850Z,Autentikasi & Akun,Negatif,Negatif,0.995,apk jelek otp sudahnya minta ampun
8c6bf842-8e50-4c86-98e9-e70e6238755c,yohadi singawijaya,3,2026-08-10T03:30:11.641Z,Autentikasi & Akun; Antrean & Faskes,Negatif,Negatif,0.8372,susah mendaftar antrian. rumah sakit / puskesmas pasennya banyak sekali. harus nahan sakit seminggu dulu baru dapat antrian.
534cb56f-929d-4ce1-b795-7e9a82629850,Indro Wahyudi,5,2026-08-10T03:09:37.894Z,Iuran & Layanan,Positif,Positif,0.9692,terimakasih bpjs
613fce50-d325-424f-a03c-7025b6c8259f,Sobirin,5,2026-08-10T03:05:23.730Z,Autentikasi & Akun; Antrean & Faskes; Iuran & Layanan,Positif,Positif,0.8604,"BPJS Cibinong buka jam 8.00 Alhamdulillah jam 7.30 sdh dilayani petugas pra-pendaftaran. Sekitar 30 menit pendaftaran selesai. Tapi tadi saya lupa nanya kalau bayar lewat Gopay gmn, karena no. VA beda² dalam 1 KK. Mbak Fitri / yang lain bisa bantu? Petugas ramah² (pertahankan/tingkatkan). Semoga semua sehat selalu. Saya niatkan dari awal iuran sebagai sedekah (baik dipakai/tidak dipakai untuk berobat. ""Indonesia Sehat Jangan Neko². Terimakasih."
fbdccb08-da9e-4a10-a3f4-492d8947fbab,Muhamad Yunus,1,2026-08-10T02:43:26.552Z,Autentikasi & Akun,Negatif,Negatif,0.9582,aplikasi ga jelas minta kode OTP aja susah
59a14258-574c-4a15-b2e9-4d2e531704fc,Mas Mihun,1,2026-08-10T02:42:10.880Z,Autentikasi & Akun,Negatif,Negatif,0.729,"tambah ruwet bos , kalau upgrade itu tambah enak , ini upgrade tambah gbisa masuk"
0a99893d-4c3f-4c3d-8788-6c3273a3a837,Rony Ap,1,2026-08-10T02:40:55.900Z,Autentikasi & Akun,Negatif,Negatif,0.9589,"aplikasi tempekkk, kode verifikasi pake 3 hp 3 nomor gaada yg bisa masuk"
03103430-95a2-4083-b7d2-84d7c33a0cfc,Hery Kiswanto,1,2026-08-10T02:36:42.254Z,Lainnya,Negatif,Negatif,0.6352,"perampok berkedok asuransi kesehatan, proses ruwet"
55db9745-0073-4f52-b094-c26f6bb9fd14,Nasution,1,2026-08-10T02:32:09.675Z,Autentikasi & Akun,Negatif,Negatif,0.9832,"sistem aplikasi sekarang malah bapuk, dulu masih bisa login 3 akun NIK yg berbeda, sekarang malah gak bisa login 1 pun, karna di blokir mungkin. sudah melakukan pengaduan malah disuruh ganti HP kan bodoh kaya gtu, itu bukan solusi. kalo punya banyak HP ngapain saya login 3 akun. karna akun yg lain adalah akun orang tua yg gak ngerti teknologi gak punya HP. tolong di perbarui lagi sistemnya."
01bd60f5-cf9a-48fb-a9b3-b98e86da9d75,Hxm,1,2026-08-10T02:25:25.931Z,Autentikasi & Akun,Negatif,Negatif,0.8885,"chapta yang anda masukan salah, padahal sudah benar. tolong diperbaiki."
380ecef4-0e42-4ad4-906a-66491214006e,Nia rahmadani,1,2026-08-10T02:22:35.805Z,Autentikasi & Akun; Iuran & Layanan,Negatif,Negatif,0.9614,aplikasi sampah! udah ngejukan perubahan nomer ponsel masih aja yg dikirim kode otp nomer lama (yg tdk aktif). bener bener tidak layak !!!
308c1071-3150-4c22-b6b9-c848ed650b44,Andri Ardian,1,2026-08-10T02:20:47.479Z,Autentikasi & Akun,Negatif,Negatif,0.7916,SMS GK nongol2 anehhhhhh
afbccd56-09ae-42ee-80ba-6c46d80aab35,DEHAM12,5,2026-08-10T02:09:36.901Z,Lainnya,Positif,Positif,0.9775,mantap
4bf32b3f-7c07-4eac-8ebd-5bd201589ffd,Lukman Oembah,5,2026-08-10T01:57:57.112Z,Lainnya,Positif,Positif,0.9775,bagus
1244187d-1583-461e-a350-ace22f4153b8,Dwy Purwanty,1,2026-08-10T01:54:45.197Z,Lainnya,Negatif,Negatif,0.9305,selalu log out sndri .ribet bayangin hrus log in terus tiap buka
e9e4a3fc-88ab-41ea-aa1e-1e0c80d6509d,Gio Satria,5,2026-08-10T01:49:48.291Z,Lainnya,Positif,Positif,0.9929,"Bagus, puas, amanah"
ec8c891c-ed4a-4c53-9cda-f4435e5717d2,Heni Suprianti,5,2026-08-10T01:48:34.309Z,Iuran & Layanan,Positif,Positif,0.7336,enak bgt kalau pakai aplikasi bisa ngapain anggota tanpa harus ke kantor BPJS
217e02e2-f03f-4075-9d0a-1475f4ae0fcf,Endi Pratama,5,2026-08-10T01:37:14.361Z,Lainnya,Positif,Positif,0.9775,Mantap
5bace924-d71d-41be-afb5-29ce1d163de0,Dadang Darmawan,5,2026-08-10T01:35:12.320Z,Lainnya,Positif,Positif,0.9965,Bagus sangat membantu
4b4f8638-78ad-4180-8113-1fd6f2127331,Nur Dolla,5,2026-08-10T01:28:59.321Z,Lainnya,Positif,Positif,0.897,mntap
d0b6624b-c1ad-4eed-9c5b-632a0509f9a9,S Y,1,2026-08-10T01:23:24.810Z,Antrean & Faskes; Iuran & Layanan,Negatif,Negatif,0.7811,"sangat keberatan jika anak yg di dftr kan hrs menunggu 45 hr kelamaan n bila rawat inap kena denda sesuai diagnosa rsu yg menentu kan bila blm melewati 45 hr 453rb , ini saya alami di rsu, mana pelayanan nya GK ramah, security persulit kluarga pasien"
d639276a-1b64-45ae-914c-67772c07ee35,Anicetus Vergiliano Kaman 18 129,5,2026-08-10T01:20:09.526Z,Lainnya,Positif,Positif,0.9775,mantap
3356dcef-51a2-419e-9c53-941c7ed7b68b,nur yati,4,2026-08-10T00:55:21.498Z,Kinerja & Server,Positif,Negatif,0.6272,"aplikasi nya sebenarnya bagus tapi kenapa saat ini saya membukanya GK bisa trus muncul tulisan untuk mengupdate padahal saya udah mengupdate nya tapi tetap aja GK bisa dibuka, kenapa iya?"
2e0d9197-7114-4b2b-83a2-49342cc2c09c,Didik Purnomo,2,2026-08-10T00:50:12.505Z,Autentikasi & Akun; Kinerja & Server,Negatif,Negatif,0.9743,lelet susah untuk login selalu gangguan aplikasi yang ribet
6e20eb7b-7004-4798-99fb-a97b99bb0ddb,Asadul Syam,5,2026-08-10T00:45:05.269Z,Lainnya,Positif,Positif,0.9897,sangat membantu
8c9f3a4d-6307-4573-8b3b-f247e5c3ad2b,Ugi Ramadhai,5,2026-08-10T00:43:12.976Z,Lainnya,Positif,Positif,0.9941,sangat membantu sekali terima kasih..
9995fce4-4220-4b18-8a87-948297854c76,Atik,1,2026-08-10T00:41:51.464Z,Autentikasi & Akun,Negatif,Negatif,0.9951,"saat proses daftar dan dimintai kode otp dari nomor telpon, tapi ga masuk masuk pesan otp nya ditungguin lama pun ga masuk. dicoba lagi pake nomor telpon yang beda tetep ga masuk otp nya. dicoba di hari lain tetep gabisa. diperbaiki lagi deh, sekelas aplikasi pemerintah jelek gini."
abc4e4e1-6aab-44f2-92a3-ff402288a525,Toya Pw,1,2026-08-10T00:39:47.556Z,Kinerja & Server; Iuran & Layanan,Negatif,Negatif,0.7471,"aplikasi eror, pembayaran sudah sukses tapi diaplikasi masih belum terbayar aneh"
5146a07e-35b5-4e04-b90a-a9ba6e9a7a3b,Detro,1,2026-08-10T00:32:07.901Z,Lainnya,Negatif,Negatif,0.896,apk aneh
a8f936c3-ca5a-4387-ae64-3c1c90d7680a,M SarGO,4,2026-08-10T00:30:20.415Z,Lainnya,Positif,Positif,0.93,"Lebih Baik Dan Baik lagi Segala Pelayanannya, baik Kelas 1 2 3 .. terlebih untuk kategori BPI Mandiri ataupun Lainnya.."
3f5e5c87-2579-49b9-bed9-2ba71990ed26,Taranip Taranip,3,2026-08-10T00:14:00.177Z,Kinerja & Server,Positif,Negatif,0.8615,"aplikasi massih sering error, mohon diperbaiki lagi ya"
9561ddb0-a668-4008-bd7b-e09ddbb46a93,penggemar anime,1,2026-08-10T00:13:49.184Z,Lainnya,Negatif,Negatif,0.9434,aplikasi ora jelas tolol
bdb830e7-b102-4a1e-9946-b465927923b4,Nurkholis Tauchid,1,2026-08-10T00:05:21.647Z,Autentikasi & Akun; Antrean & Faskes; Kinerja & Server,Negatif,Negatif,0.9701,"1. Saat LOGIN aja captcha muter2 terus gmn mau login?? 2. Saat mau ambil ANTREAN, ERROR terus kagak bisa bolo"
765ad78e-6c90-49c1-9b0e-4e9e7b664510,Oshii Ragawa,2,2026-08-10T00:00:45.829Z,Autentikasi & Akun; Antrean & Faskes; Iuran & Layanan,Negatif,Negatif,0.9852,"aplikasi ini cuma mempersulit kita doank, seminggu gak di buka log out sndiri. emang ngeselin. mau masuk sllu dibilang sandi slahlah, nik salah lah pdhal udh jelas2 smuanya benar. tolonglah di perbaiki! mending kalo gak buang2 pulsa trus mah kalo log in. nyusahin aja! percuma bayar BPJS tiap bulan kalo mau berobat di persulit gini."
8358f77c-8f82-43ff-beae-1930a50646f8,Muhamad Atfan,5,2026-08-09T23:22:44.564Z,Lainnya,Positif,Positif,0.9897,sangat membantu
3a670503-2e7c-4fc6-a23b-2e98fb3d5a26,Umiyati,5,2026-08-09T23:05:17.626Z,Lainnya,Positif,Positif,0.9302,sangat memudahkan untuk pendsftaran
75ee2f79-6e01-4750-828b-7e2126bee7e3,Tri Astuti,5,2026-08-09T20:58:08.724Z,Lainnya,Positif,Positif,0.9774,mudah dah cepat
e49653e3-6448-4f01-88f7-d79526b9948e,ratna kusumawati,2,2026-08-09T20:01:00.198Z,Autentikasi & Akun; Antrean & Faskes,Negatif,Negatif,0.6905,"saat aplikasi digunakan untuk mendaftar ke faskes pertama selalu gagal,dokter tidak ditemukan,coba lagi,dll. padahal di faskes tersebut kalau tidak mendaftar online tidak dilayani,terutama yg poli gigi. Sehari mencoba berkali kali hanya untuk mendaftar online. Akhirnya terlewat beberapa hari untuk periksa gigi. semoga bisa diperbarui lagi."
00909726-a0e8-4c2f-bff8-aeb1c6eb25de,Suci Kage,1,2026-08-09T18:23:31.334Z,Autentikasi & Akun,Negatif,Negatif,0.9385,aplikasi ga jelas ngirim kode otp ga bisa bisa
dce3ce58-cb22-4d9a-b4e6-b55e7faf1725,rrobyad Vpi,1,2026-08-09T17:31:30.701Z,Antrean & Faskes,Negatif,Negatif,0.8255,kenapa harus dibatasi untuk versi android tertentu. harusnya semua versi bisa download.
c0d5f33c-c220-4e59-8cb6-a5416ade3a9a,Rei,1,2026-08-09T17:12:43.404Z,Autentikasi & Akun; Antrean & Faskes,Negatif,Negatif,0.8973,kenapa dipersulit untuk berobat wajib daftar online
f7f2a31d-2235-4159-a3c3-0a56e58bae84,Uchil .95,1,2026-08-09T16:47:21.986Z,Lainnya,Negatif,Negatif,0.9682,buruk sekali apk nya bukanya mempermudah malah makin sulit
4e1b6d0f-af47-4fa9-a855-3e350db2b8a9,Sely Nurfatwa,1,2026-08-09T16:25:32.263Z,Autentikasi & Akun,Negatif,Negatif,0.8612,"harus nya gak gampang log out, jadi kalo aga lama ga di buka lupa password, pas buka lupa password selalu ""belum dapat kami proses"". susah deh masuk lagi. sush mau gunakan lagi. harap di perbaiki, supaya kita jga gampang buat pake nya, jgn mlah jd gampang² susah."
25ad4170-dfa9-4903-9ba0-236dc6022a01,EKO WAHYUDI,5,2026-08-09T15:51:49.529Z,Lainnya,Positif,Positif,0.9695,bagus mempermuda
45b86d6d-0624-4cfe-b855-46c06d0a165b,Anto Sigap,5,2026-08-09T15:45:55.453Z,Lainnya,Positif,Positif,0.9897,sangat membantu sekali
c3d0dd00-4ea3-424c-95cf-7ada82901f0b,Wkwkwk lanjutkan etik,1,2026-08-09T14:56:29.690Z,Lainnya,Negatif,Negatif,0.7316,ini gimn orang hp saya sudah gk bisa digunakan gimn ini
ffa78608-8ed7-40c8-ac2d-64d6ca3cd7e3,Intantarnasari17 01,1,2026-08-09T14:36:43.380Z,Autentikasi & Akun; Antrean & Faskes,Negatif,Negatif,0.9724,kenapa sih kode otp harus banget pake pulsa. ga bisa dipersimple pake wa kek apa kek ah ga bisa login gegera ini. mana lupa pasword
fbe17c6d-bdb1-45e5-b4c2-8344907efbe9,Me Me,5,2026-08-09T14:31:23.653Z,Lainnya,Positif,Positif,0.9703,oke deh pokoknya
9c3c9e8a-1a3c-42f6-829c-127230235eb3,Aisyah Nur,1,2026-08-09T14:15:15.994Z,Lainnya,Negatif,Negatif,0.868,aplikasinya tidak bisa di instal di perangkat saya padahal kalo mau priksa butuh benget aplikasi ini
6b0f6d4f-1f1b-49d1-87db-9058f8241307,Irma Fatimah,4,2026-08-09T13:45:49.217Z,Lainnya,Positif,Negatif,0.6922,kenapa aplikasi jkn mobile d hp saya sekarang tdk bisa di download?bagaimana ini solusinya?
1626fd6b-84ad-4194-8462-0f4c53601937,Mayat,5,2026-08-09T13:15:50.280Z,Lainnya,Positif,Positif,0.9889,ok
b0577b49-ca10-47df-9620-f91759f5bfb2,Derispa Maulana,5,2026-08-09T13:13:06.293Z,Lainnya,Positif,Positif,0.9775,nice bagus
77747fdf-bd65-4076-a180-59af37ec3464,Asep Saprudin,5,2026-08-09T13:12:34.211Z,Antrean & Faskes,Positif,Positif,0.9811,Terima kasih karena dengan ini memudahkan untuk berobat kapan saja
33db4749-8f84-40ca-b658-96d1fcd5da22,Alan Prabana,1,2026-08-09T12:59:40.103Z,Lainnya,Negatif,Negatif,0.7942,"aplikasi apaan, punya negara kok gini apknya"
3477eebb-6631-4016-a932-899669e4ce31,dede arifin,5,2026-08-09T12:54:13.832Z,Lainnya,Positif,Positif,0.9703,Cukup membantu
e0c45277-df4a-41a6-96a7-3843ee841caa,Nia Febiyanti,1,2026-08-09T12:40:15.811Z,Autentikasi & Akun; Antrean & Faskes,Negatif,Negatif,0.8867,"aplikasi ga berfaedah,ambil antrian suruh online tapi setiap verifikasi akun ga bisa Mulu."
72cfde03-3366-4604-929c-f9aeb932ea99,Muhammad Kevin Harka Saputra,1,2026-08-09T12:15:58.996Z,Autentikasi & Akun; Antrean & Faskes,Negatif,Negatif,0.9794,"SMS OTP kok gk masuk? ada kendala mulu sistem nya gimana? dri dulu udh mau login tpi kode OTP gk masuk2 masalahnya kendala, sekarang coba lagi kok sama aja? sistem nya tolong diperbaiki jangan mempersulit dong"
4152fc85-07fc-41c5-ab8c-a7f53b2ab99d,Boby Mahendra,5,2026-08-09T11:42:29.371Z,Lainnya,Positif,Positif,0.989,top
99b49474-e3c5-4750-9462-32cb1549fe1e,Zayd Abisatya,5,2026-08-09T11:34:18.100Z,Lainnya,Positif,Positif,0.9897,"sangat membantu,okbanget"
ef27f01f-3d89-49c0-8e36-1a0a5be320e4,Lilik Yuliani,1,2026-08-09T11:11:27.486Z,Autentikasi & Akun; Iuran & Layanan,Negatif,Negatif,0.9653,"Aplikasibtidak bisa di pakai, baru di buka langsung suruh daftar autodebet, udah daftar pas masukan kode Verifikasi malah kata aplikasi format email salah. Kan aneh. Mintanya nomer, dikasih nomer minta format email."
71c89052-cd9b-436e-86ed-7f1c038374cd,Mochammad Noer,5,2026-08-09T10:57:19.417Z,Lainnya,Positif,Positif,0.9907,Kreen! Sangat terbantu! Haturnuhun Lur! jkn Terbaik memang
e89a8a9d-30bb-4d8c-88f9-58e7fee6e922,Suko Biono,5,2026-08-09T10:13:08.922Z,Lainnya,Positif,Positif,0.9692,terima kasih
900e4729-0768-403c-bcbf-dae4e173b8f0,mark lee,1,2026-08-09T09:50:26.452Z,Kinerja & Server,Negatif,Negatif,0.9073,"error terus, sering loh out gak jelas"
60caf584-b0b0-4566-a4b1-1ffbbcd19f15,rossandi andes,5,2026-08-09T09:47:50.265Z,Lainnya,Positif,Positif,0.9897,sangat membantu
92b7fd3d-5a77-4301-b333-5ec88a2ae716,Daus Firdaus,1,2026-08-09T09:28:12.667Z,Autentikasi & Akun; Antrean & Faskes,Negatif,Negatif,0.9991,"aplikasi jelek, susah banget untuk login selalu gagal padahal kuota pulsa ada.ngirim ulang kode otp aja nunggu pakai pulsa"
59ed27ce-421b-4138-ae01-e6c80c68baa6,Anwar Afandi,5,2026-08-09T09:23:27.359Z,Iuran & Layanan,Positif,Positif,0.8969,"Untuk penambahan anggota bpjs dalam satu KK mohon dipermudah, soalnya kami orang pekerja yang bisa di rumah nya hanya Sabtu-Minggu, selebihnya di kantor. terimakasih."
427518f4-440c-4b7f-996e-515cde05f928,Asu Teles,5,2026-08-09T09:20:38.134Z,Lainnya,Positif,Positif,0.9762,lumayan bisa membantu
f913120d-012f-40c8-9d55-47a739e39b1a,Ely Fitriani,1,2026-08-09T08:39:49.209Z,Autentikasi & Akun,Negatif,Negatif,0.9252,"menguras emosii, tplong diperbaiki aplikasi nya ini, saya mau daftar masukin nomor hp, tapi tidak bisa"
1d1c87e0-3bb7-43c2-ac44-29f165b2d4e0,Ardi Utama,1,2026-08-09T08:13:26.314Z,Lainnya,Negatif,Negatif,0.9759,"aplikasi busuk.. tiap kali buka harus log in, padahal gak pernah log out"
7aad490a-ac3f-41dc-9b74-4ee77125b9c5,Casini Casini,5,2026-08-09T08:03:17.129Z,Lainnya,Positif,Positif,0.9775,good
f2ad30fa-574b-4d21-a994-d06d2a3ee876,Blue ice one,1,2026-08-09T07:24:56.470Z,Autentikasi & Akun; Iuran & Layanan,Negatif,Negatif,0.8466,selalu gagal dalam mengubungkan applikasi pembayaran i-saku sebagai opsi pembayaran JKN di awal daftar
0f75240d-b55b-4008-8da2-a2b1eb76ce24,Nasrullah Salim,1,2026-08-09T07:18:38.496Z,Kinerja & Server,Negatif,Negatif,0.6661,LOADING APLIKASI LOADING
be944b64-b45b-4df3-8d17-845d081bc3a5,Hayati Nufus,5,2026-08-09T07:15:17.443Z,Lainnya,Positif,Positif,0.9775,mantap
dbaaaf95-c4a4-4daa-bfce-1ce5281428d9,Barika Afar (BARIKA AFAR),5,2026-08-09T07:09:17.388Z,Lainnya,Positif,Positif,0.8871,aga Membantu
84c22e8b-c7b0-4c7a-8e39-2c97e13293c0,Ikbal Ruswandi,5,2026-08-09T06:46:41.598Z,Lainnya,Positif,Positif,0.9775,sangat keren
c8ca1f08-0d7e-410b-a1bc-72b00a61ff14,Agus Wiyatno,5,2026-08-09T06:27:23.900Z,Lainnya,Positif,Positif,0.943,semudah itu menggunakan aplikasinya
697435e4-2d48-48ad-b71c-26547c361527,Wuwu Wawa,1,2026-08-09T05:55:53.661Z,Autentikasi & Akun; Kinerja & Server,Negatif,Negatif,0.9757,banyak sekali bug di aplikasi ini mau daftar registrasi aja susahnya minta ampun. tolong lebih diperbaiki lagi servernya. aplikasi tiba tiba berhenti berjalan dan semua data log out
1bb2c333-69f6-46bf-81c1-e93981825a72,Ridho Tegar,1,2026-08-09T05:42:12.443Z,Autentikasi & Akun; Antrean & Faskes,Negatif,Negatif,0.8757,"PAS LOGIN BUAT IBU GUWA MALAH HARUS INI ITU, BUKAN MEMPERMUDAH MALAH MEMPERSULIT PASIEN, BUAT APLIKASI SESIMPEL MUNGKIN LAH BIAR SEMUA KALANGAN BISA MUDAH MENGGUNAKAN APLIKASI YANG CACAT INI, TOLONG SEGERA DIBUAT MUDAH SU DI PERBAIKI, DI BUAT ULANG JUGA"
4f3eac9f-7154-4c1c-9cdf-26f3bf2eb53a,Rumah Sederhana,1,2026-08-09T05:16:04.544Z,Autentikasi & Akun,Negatif,Negatif,0.9509,"40 juta pengguna menunginstal karna aplikasi ribet pada otp sms, ribet uninstal lagi"
97a9c0f4-5d27-494a-93d2-6c1c2294198f,Allyna Ayushita,1,2026-08-09T04:28:03.903Z,Lainnya,Negatif,Negatif,0.8448,kenapa butuh memori gede sih? udah ngehapus apapun tetep ga bisa! bahkan tugas sekolah yang penting udah tak hapus loh gara gara download ini. TOLONG YA DI BENERIN LAGI PLIS KURANGIN MB NYA BUAT DOWNLOAD
3df77dd0-cb46-47e3-a618-8ea87d9a0501,Akmadi Maulana,5,2026-08-09T03:52:14.546Z,Lainnya,Positif,Positif,0.9889,ok
a3054162-e671-4f7f-99e0-45e1ed3d9879,Yopi Candra,1,2026-08-09T03:48:06.947Z,Autentikasi & Akun; Kinerja & Server,Negatif,Negatif,0.9958,daftar susah sekali. aplikasi pemerintahan selalu buruk sering kali eror. vertifikasi nomor telepon tidak masuk2 di inbox pesan atau whatsapp
032588d8-13a3-42f2-8e48-3ce5e0291555,Moh Hadi,1,2026-08-09T03:44:02.408Z,Autentikasi & Akun,Negatif,Negatif,0.9463,nomer sudah benar tapi tidak menerima kode otp sama sekali
ec5db454-f760-4906-b034-09617ae27b98,Rahmat Ali,1,2026-08-09T03:37:55.877Z,Lainnya,Negatif,Negatif,0.6699,mengecewakan
792d26e2-b4a1-4d82-b92e-51bc4e5a398c,Aang Hapiadi,5,2026-08-09T03:30:19.676Z,Iuran & Layanan,Positif,Positif,0.9283,baik untuk memfasilitasi bpjs dengan konsumen nya.
172c4666-64e4-4d63-943c-b79965ed2e55,Padila Padila,3,2026-08-09T03:29:18.865Z,Autentikasi & Akun; Antrean & Faskes,Negatif,Negatif,0.9206,tolong buat developer versi android turunin dong gua kesusahan buat daftar ke rumah sakit secara online mohon pengertiannya
7fa4d829-5893-4dcf-8928-d3a451ef34be,Uus Kusnandar,5,2026-08-09T03:16:38.440Z,Lainnya,Positif,Positif,0.9302,sangat memudahkan
c4d941fa-241f-4df6-852d-0ab537dc58de,Mohamad Ziaul,5,2026-08-09T03:05:54.461Z,Lainnya,Positif,Positif,0.8585,josjis
c27e3492-44d2-41d1-81a9-58e19d9ac0ec,Anita Wati,5,2026-08-09T02:42:04.818Z,Lainnya,Positif,Positif,0.9872,mantap dan cepat
516f24cd-7256-4178-ae98-f832bd111ef2,Willona Azzahra,1,2026-08-09T02:27:55.698Z,Lainnya,Negatif,Negatif,0.9882,makin buruk
bc64c3f9-ff27-45e9-82e3-33521a6c0793,Nurul Afifah,5,2026-08-09T02:09:11.873Z,Lainnya,Positif,Positif,0.9897,sangat membantu
51caf0a4-1f97-4e0d-8868-479afecabe05,Airoon Dasya akanza,1,2026-08-09T02:07:07.416Z,Autentikasi & Akun; Antrean & Faskes; Iuran & Layanan,Negatif,Negatif,0.8497,"kalo mau ambil antrian di puskesmas masa harus buat asuransi BPJS dulu, aku mau lewat jalur umum. tapi ambil antrian nya online jadi gak bisa. coba aja ambil antrian nya bisa semua orang mau itu BPJS atau umum. yang lewat jalur umum harus daftar offline, kurang praktis soal nya. pliiss yang jalur umum bisa ambil antrian online juga dong. pilih kasih amat."
ac89a560-f50d-4004-abe6-446c89374626,Pupu 06,5,2026-08-09T01:22:55.665Z,Lainnya,Positif,Positif,0.9791,sangat memuaskan sekali
e7074ab0-78f5-4fdc-8061-f7f8838bd338,Talibalituankotta84 Albot84,5,2026-08-09T00:48:05.343Z,Lainnya,Positif,Positif,0.9267,memudahkan dan memutuskan
a803d67b-4e23-45af-94b4-65a35cad370f,handi arianto,5,2026-08-09T00:28:57.888Z,Lainnya,Positif,Positif,0.9692,makasih
1a2b30d3-f2dd-40b6-91c4-8c8ddc0b5bab,Anton Din,5,2026-08-09T00:25:04.289Z,Lainnya,Positif,Positif,0.9584,praktis
b04caa5f-e332-4178-ad6e-9c4d78b522f9,Jack Linklunk,3,2026-08-08T23:40:59.527Z,Lainnya,Positif,Positif,0.9907,Aplikasi bagus pelayanan sudah mulai membaik
9fcd86f8-9500-4216-bcd4-6883e51053d5,gagan daryana,1,2026-08-08T23:06:26.905Z,Kinerja & Server; Iuran & Layanan,Negatif,Positif,0.5754,4 peserta udah update kk jadi 3 peserta sudah update kk Poto norek tetap aja bayar 4
29fb9f40-0964-418f-b32c-dfaad5a1d383,Maxim Susanto,5,2026-08-08T21:14:22.955Z,Lainnya,Positif,Positif,0.9992,"oke mantap, sangat membantu..."
70862bd5-72ba-4d18-95e7-4f224c58b170,Ai Sitiwatisah,2,2026-08-08T19:30:49.320Z,Autentikasi & Akun,Negatif,Negatif,0.8542,kenapa jln of susah mau daftar online dari kemaren ya
fb244233-f4de-418d-8b88-a6ba107f3489,Arinaldi Siregar,5,2026-08-08T18:15:30.738Z,Lainnya,Positif,Positif,0.9897,sangat membantu
c55a194b-5772-46aa-892a-fc8942523b80,irul syah reza,5,2026-08-08T18:02:36.836Z,Lainnya,Positif,Positif,0.8224,Bravo
39c2d43f-84c4-4a51-bb16-f078fcd522f9,Wida Apriani,3,2026-08-08T17:18:48.548Z,Autentikasi & Akun; Antrean & Faskes,Negatif,Negatif,0.9133,"apk ini cukup memudahkan buat pendaftaran tapi hanya untuk sebagian orang yang memiliki smartphone, untuk orang tua yang sudah sepuh tapi harus ttp berobat tentunya tidak membantu malah makin repot, apalagi mereka yg jauh dari anak untuk hal² semacam ini tuh susah, ini udh terjadi di bbrapa kerabat aku🙏🏻 trs tolong bgt ini buat org pelupa seperti saya hrs bgt di tulisin kata sandinya soalnya sering bgt ke log out sendiri, lagi antri udh mau check in pendaftaran tbtb ke log out, sedikit gaje🙏."
ba6d023e-b553-4af7-950b-deac19b92b09,Maulana aman Dk (Aman),5,2026-08-08T16:48:55.875Z,Lainnya,Positif,Positif,0.9969,oke 👍
5fad28b8-2477-4311-9016-26815332b608,Dwi Rubiatul,1,2026-08-08T15:51:32.298Z,Autentikasi & Akun; Antrean & Faskes,Negatif,Negatif,0.986,"Apknya tidak jelas kode otp sms nya ga masuk masuk pdhl no aktif, kuota ada, sinyal bagus tolong adminn diperbaiki lagii"
8abffe53-ee0d-4e88-add1-830e6ac86815,Crew Thb,1,2026-08-08T15:40:29.990Z,Lainnya,Negatif,Negatif,0.6359,"ya Allah,, berilah kemudahan kepada Hamba2 yang sedang Sakit , kenapa Aplikasinya jadi ribet gini ya?"
f0424bfc-cc91-4c7b-be0a-5ef71b3af92e,Heri Fun,2,2026-08-08T15:21:10.488Z,Antrean & Faskes,Negatif,Negatif,0.9056,ribet susah trs banyak kendala
32db36f9-c38e-4547-950c-ae18369d6511,Akhmad Zaeni,5,2026-08-08T15:07:19.479Z,Lainnya,Positif,Positif,0.5334,siiiplah
f8edd760-2748-4d6b-bd47-8eccc0aac137,Kusworo Kusworo,4,2026-08-08T14:28:19.715Z,Lainnya,Positif,Positif,0.9398,standart ok
f6424648-31c2-4172-9b7d-bc61a07eac39,Ninie Ernia,5,2026-08-08T14:17:59.325Z,Lainnya,Positif,Positif,0.9897,sangat membantu
788f5bd4-380e-439e-a03d-581f9f0e239f,As Asmauun,5,2026-08-08T14:07:48.540Z,Lainnya,Positif,Positif,0.8054,sangat luarbiasa
12c7aa20-b0cb-45d3-b7e9-4a9af85ddd2b,Abrori Sari,5,2026-08-08T13:41:20.842Z,Lainnya,Positif,Positif,0.9889,ok
595e12c3-b413-45bd-af4f-c51c2787e783,dandi malik erlangga,1,2026-08-08T13:37:30.858Z,Autentikasi & Akun,Negatif,Negatif,0.9931,"inibginana dari dulu gapernah bisa kirim otp,udah ganti hp 3 kali gw.. sekelas aplikasi pemerintah jelek banget,gajelas"
b13ee69d-f77a-46ad-a3c4-707fa6bcf525,zainal abidin,5,2026-08-08T13:22:48.421Z,Lainnya,Positif,Positif,0.9775,bagus
b22b2e24-84b1-45fb-ac51-ba0dad99f13e,abu marwan,5,2026-08-08T13:12:36.604Z,Lainnya,Positif,Positif,0.7889,sangat berguna
edb2f6be-6136-4bdf-84e8-85d9d8bff864,imam suryadi,5,2026-08-08T13:08:21.438Z,Lainnya,Positif,Positif,0.8809,okeee
2977ccc2-a9a8-4849-808c-d088306257ed,CherryRess,1,2026-08-08T13:07:01.859Z,Autentikasi & Akun; Iuran & Layanan,Negatif,Negatif,0.977,lah gimana mau cek keaktifan BPJS kalo minta kode verifikasi nomor telepon ga masuk-masuk.
447bfc3d-44da-4ce8-ae26-c00c84a23c13,Ade Rangga,1,2026-08-08T12:52:00.260Z,Autentikasi & Akun; Kinerja & Server,Negatif,Negatif,0.9443,server kocak gak bisa log in mulu ke akun server eror mulu makanya dana server jga jngan d korupsi kocak
08905d14-7c9d-4425-af69-cdaace6b247e,Ade Hendri,5,2026-08-08T12:51:31.886Z,Lainnya,Positif,Positif,0.9775,bagus
fb9bdee5-1c77-4450-b870-bcbc4915b084,Momo Anser,1,2026-08-08T12:17:25.304Z,Autentikasi & Akun,Negatif,Negatif,0.828,riset sandi aja ga bisa wkwk udh 2026 masih susah apknya
a669f54b-f3cf-4d5e-80b3-6da675e5450c,Qudsjatin Ervina,5,2026-08-08T12:15:12.467Z,Lainnya,Positif,Positif,0.9534,Sangat mudah dipahami
d750ceac-5f9d-4d75-b8af-ec653830dffe,Akrom,1,2026-08-08T12:00:44.811Z,Lainnya,Negatif,Negatif,0.9882,buruk
2f418d3b-c857-416c-ac92-459dfcf7ddf4,Russambodo Sambodo,5,2026-08-08T11:52:34.828Z,Lainnya,Positif,Positif,0.9894,mantap jkn.. semakin mudah dan lengkap
f1278d7c-2184-4f17-81b7-d803ff405c86,Muhammad Ashad,1,2026-08-08T11:40:19.668Z,Autentikasi & Akun,Negatif,Negatif,0.9727,"apk bobrok, gak bisa ngirim otp"
f9b2b6f3-c772-43f9-bbc1-87a431d85864,Jabal Nur,5,2026-08-08T11:36:04.197Z,Lainnya,Positif,Positif,0.9775,bagus
8f38eab1-2555-47ae-8950-4d203de50ce2,Daniel Landeoni,5,2026-08-08T11:13:44.650Z,Lainnya,Positif,Positif,0.5334,Sangat menarik
400dde03-04ed-444d-a73c-7fad29ddb401,Nash rullah,1,2026-08-08T10:13:26.736Z,Autentikasi & Akun,Negatif,Negatif,0.9345,"otpnya ga masuk masuk, ni org niat ga sih bikin aplikasi"
219464f6-140d-4303-ab21-31764e3e04c4,Irfan Ar Rifai,1,2026-08-08T09:32:56.140Z,Autentikasi & Akun; Antrean & Faskes,Negatif,Negatif,0.843,"sudah mendaftar antrian, dan sudah mendapat jadwal , pas sesampainya di rumah sakit dokternya cuti"
d55bbe98-7763-4edc-9138-8306669a4605,Calista Zahra khoerunisa,5,2026-08-08T09:27:14.990Z,Lainnya,Positif,Positif,0.9897,sangat membantu
42090add-972c-40d7-bb57-7b0957675ce3,Daffamy 1123,5,2026-08-08T09:17:41.171Z,Lainnya,Positif,Positif,0.9897,sangat membantu
1e10376d-5f11-4928-bbd8-6a7de9f4d0b6,Abdulah Abdulah,5,2026-08-08T09:15:04.773Z,Lainnya,Positif,Positif,0.6201,kenapa dihp saya nggak bisa mengakses ke mobile JKN
7cb5d3da-b9c6-4da4-9b6c-e0b60859b025,sarmih emi,5,2026-08-08T09:11:34.330Z,Lainnya,Positif,Positif,0.9948,bermanfaat dan bagus semoga sukses
e029c136-a0d0-409c-85d6-021a56d31d2d,Pc방탄소년단,1,2026-08-08T08:59:10.114Z,Autentikasi & Akun,Negatif,Negatif,0.9507,"mau masuk padahal pw nya dan nik nua udah tepat tpi malah dibikon salah, kenapa sya bilang trpat krna sdh saya catat. Lalu saat sya ingin lupa pw kan harus krm no hp, eh udah lama sya tunggu gk ada sis yg masuk. tolong lah di perbaiki apk nya, susah sekali kalu mau di akses"
77f72ac6-03c1-4d9e-a2dc-1be646075064,sandi thew,1,2026-08-08T08:16:12.837Z,Lainnya,Negatif,Negatif,0.8577,ga niat bikin aplikasi
736a460c-bf48-4e69-8043-7ac777a23c1b,Jerry Jordan,1,2026-08-08T07:49:53.420Z,Autentikasi & Akun,Negatif,Negatif,0.9895,"aplikasi sampah mau daftar saja susah, pulsa ku di kuras, tapi kode OTP nya ga di kirim kirim, parahhh"
48f3d244-7758-4265-bcd2-85665b81ef77,Pii,1,2026-08-08T07:48:05.275Z,Lainnya,Negatif,Negatif,0.6768,Kok tbtb jadi tidak kompatibel? padahal dihp satunya punya ayahku dengan kesamaan yang sama dengan hpku malah bisa???
9d8eb984-ff53-4e76-8f36-82dd0a99d3da,Sidiq Amrillah,1,2026-08-08T07:26:18.456Z,Autentikasi & Akun,Negatif,Negatif,0.9957,"jelek.. susah bikin akun baru , yang tambah bikin buruk daftar kontrol harus pakai apk jelek ini"
1b72862c-6c04-47a3-ac29-ca61e7770238,Chanciel 17,2,2026-08-08T07:19:45.930Z,Autentikasi & Akun,Negatif,Negatif,0.9693,"INI KENAPA YA NOMOR YANG DI PAKE REGIS GA MASUK""PESAN KODE NYA??? DI NIK SUAMI G BISA DI NIK KU JUGA ENGGA?? TERUS PAKE ACARA GA BISA NGIRIM PESAN KALO G ADA PULSA????"
a358cb21-a38f-4878-878b-779536aae274,Zona Frys,4,2026-08-08T06:53:11.760Z,Lainnya,Positif,Positif,0.9252,"Dengan Hadirnya Mobile JKN, Pelayanan Kesehatan jadi Semakin Mudah."
d10834f0-48bd-4c5d-ba97-7af0a31d7bdf,Tina Karen,5,2026-08-08T06:34:00.800Z,Lainnya,Positif,Positif,0.9889,ok
d0aa33b4-10a7-4688-befa-dc77c5f96581,Isti Komah,5,2026-08-08T06:29:43.389Z,Lainnya,Positif,Positif,0.9775,bagus
782070dd-7b37-406a-877f-52392e383f52,Curve Line,5,2026-08-08T06:26:38.747Z,Antrean & Faskes; Iuran & Layanan,Positif,Positif,0.9004,Tadi saya ubah lokasi faskes BPJS saya dan berhasil di aplikasi mobile JKNnya. Tapi belum dicoba untuk berobat ke lokasi faskesnya karena sekarang lagi tidak sakit. Mudah-mudahan berhasil
75fdf4aa-03d2-48b9-8851-2c3410556d3b,ubaidi iz,5,2026-08-08T06:24:25.585Z,Lainnya,Positif,Positif,0.9775,mantap
54e66ea5-b364-4dc3-bc0c-f57d4b71d95b,Karsandi Andi,5,2026-08-08T05:51:13.170Z,Lainnya,Positif,Positif,0.9695,mantap 😍👍🏻👍🏻
4b9066dd-86f1-4650-83a6-a126f7756dfb,Sunarsih Aci,5,2026-08-08T05:39:23.138Z,Lainnya,Positif,Positif,0.8178,memudhkan pelayanan
2a5e6cf7-fa5a-410f-bf0a-b405e1ec1791,Chi Ci,5,2026-08-08T05:26:37.225Z,Antrean & Faskes,Positif,Positif,0.8163,lebih praktis saat ambil antrean
acd41372-4dab-499e-a3c8-c714c40ddd71,ridho Ali,1,2026-08-08T05:08:11.939Z,Autentikasi & Akun; Antrean & Faskes,Negatif,Negatif,0.9788,"pas daftar pake nomor saya... giliran mau ambil antrean suruh verifikasi lagi ke nomor lain, gatau nomor siapa itu, ada opsi verifikasi lewat email, pas di klik malah gabisa.."
04067dab-c30d-43b8-b8dc-c8c9c531e046,Siti nurhasanah Siti nurhasanah,5,2026-08-08T04:13:48.314Z,Lainnya,Positif,Positif,0.9965,mantep sangat membantu
31a1f3c2-49fe-4298-8979-595d711d91af,Ragil Komardi,5,2026-08-08T04:02:22.858Z,Lainnya,Positif,Positif,0.7926,sebenernya bagus tapi kenapa klau mau cicil program rehab selalu ga bisa
8d62db35-79a9-4d14-901f-810f4653859b,Kebob B,1,2026-08-08T03:59:00.650Z,Antrean & Faskes,Negatif,Negatif,0.8522,antrian nya tidak muncul
c1c53835-ea68-4f5a-9731-032b8f8c72c2,Ligar Ardhani,5,2026-08-08T03:56:15.882Z,Lainnya,Positif,Positif,0.9775,good
40fa5695-60b4-4d51-9d17-0855e128e480,Kadek Wijana,5,2026-08-08T03:49:45.373Z,Lainnya,Positif,Positif,0.9775,Bagus
8234f4b0-8e72-42ec-aed3-fee47390e66b,Yudha Huda,1,2026-08-08T03:42:15.513Z,Autentikasi & Akun,Negatif,Negatif,0.9019,ga bisa login
b911ab5e-d833-49c8-93cc-1207c22e8b96,Ilham efendi,1,2026-08-08T03:27:26.898Z,Autentikasi & Akun,Negatif,Negatif,0.9786,busuk busukk bnget otp kagak ke kirim kirim yang nomor telpon
f72216fd-9436-4b72-bfee-e8ea78994282,Angely Saisab,5,2026-08-08T03:21:53.464Z,Lainnya,Positif,Positif,0.9943,sangat membantu😇
389ff92f-06e8-441d-83b8-cd2f0eff20d0,Purwo Indra Irawan,5,2026-08-08T03:11:36.360Z,Lainnya,Positif,Positif,0.8846,Sangat membantu dalam waktu & administrasi
93db1556-8628-4d4f-9c2d-0bc079bfbd83,Abiyu Kelvin hibrizy,5,2026-08-08T03:07:01.195Z,Lainnya,Positif,Positif,0.9897,sangat membantu
2b6cec47-80e1-4845-a149-50065dbfdbcd,RAsni Channel,5,2026-08-08T02:34:22.732Z,Lainnya,Positif,Positif,0.9847,Lumayan cepat dan mudah
67416506-a776-46ee-8449-57e78ba7de64,akun pribadi bang iky,3,2026-08-08T02:18:44.409Z,Autentikasi & Akun,Positif,Negatif,0.9361,pas mau daftar verivikasi wajah tidak bisa
63afccd6-5705-47d3-b9f9-5f96f4877abc,Anto Bagus,4,2026-08-08T01:48:07.444Z,Lainnya,Positif,Positif,0.8791,aplikasi bagus ngak susah gampang pemakaian
162858ed-712e-4efc-92ed-012e329b135e,Muhammad Syahrul,1,2026-08-08T01:24:30.966Z,Autentikasi & Akun; Antrean & Faskes,Negatif,Negatif,0.9112,aplikasi ga jelas daftar online kuota terpenuhi padahal daftar nya pagi
9fe2239d-ba9a-4ba4-9b75-60d49ed2f145,Muhammad Aqil Kahar,1,2026-08-08T01:05:23.712Z,Autentikasi & Akun; Antrean & Faskes,Negatif,Negatif,0.8886,"kalo bikin aplikasi kasih tolong dikasih jalan alternatif, pikirin, jangan Nomor telepon yang dijadikan primary key karena gak semua nomor telepon bakal permanen aktif, alhasil orang yang mau berobat lewat aplikasi inipun kesusahaan untuk login karena sistemnya pake NIK juga bukan username atau email, dan tolong juga sebisa mungkin alihkan ke Google account sebagai kunci utama untuk login bukan Nomor telepon."
dbdb4cf0-580a-4770-85da-e46ee2532fc3,inar rif,5,2026-08-08T00:49:32.700Z,Lainnya,Positif,Positif,0.9897,sangat sangat membantu sekali
41837b1e-73b4-45fe-a6e3-80e9612a7de1,Handi Ristanto,5,2026-08-08T00:48:58.155Z,Lainnya,Positif,Positif,0.9775,mantap
3ee1f5de-9493-4c1a-b4f4-30a27f0c42b8,Ahmad Humam AHARK,1,2026-08-08T00:42:33.251Z,Lainnya,Negatif,Negatif,0.7218,MAKSUDNYA APAAN YAAH? NGURAS UANG SAYA TERUS 5K SECARA BERTURUT TURUT.
54289598-cf30-410b-90fb-8b3906dcafff,Mubarak Harmain,1,2026-08-08T00:29:50.834Z,Autentikasi & Akun,Negatif,Negatif,0.9715,sulit verivikasi SMS nya dan ga ada kode SMS nya padahal udah nunggu 1 jam
e85c900b-f278-4445-8b6c-200286e345fe,Bintangfirdaus 01,1,2026-08-08T00:12:08.554Z,Autentikasi & Akun; Antrean & Faskes,Negatif,Negatif,0.9862,"susah banget mau dapetin kode OTP SMS, ga muncul muncul, padahal kuota dan SMS ada. jangan mempersulit rakyat kecil dong! susah bgt mau login doang."
0520abbb-91f1-4611-a1b6-78af171c0437,Dhiq Assiddiqhi,5,2026-08-07T23:56:27.308Z,Lainnya,Positif,Positif,0.884,Alhamdulillah pelayanan JKN sekarang lebih baik di banding tahun tahun sebelumnya.
fd063ae2-3a25-42c0-be2c-7acb283181a0,PAHE SPORT CHANNEL,5,2026-08-07T23:47:45.934Z,Lainnya,Positif,Positif,0.9962,Terimakasih sangat terbantu semoga terus ditingkatkan
c313cbf3-eab9-4277-8c6b-b6cd6b9d4d3b,dinarsyi putri,1,2026-08-07T23:09:27.500Z,Autentikasi & Akun,Negatif,Negatif,0.6095,gak bisa digunakan buat daftar onlen tungu beberapa saat dr mlem ssmpe pagi.ala sih yg berjalan lncarr aplisi buat masarakat itu
1d2efb4c-d6d0-47e3-95b6-c5fcec819003,Muhammad Wahyudi,2,2026-08-07T23:05:26.100Z,Kinerja & Server,Negatif,Negatif,0.8676,"bug nya tolong diatasin doong,ni setiap verivikasi bug muluu"
cf552293-3833-42be-83c6-0847eda06077,Fany Chriscella,2,2026-08-07T22:54:15.926Z,Autentikasi & Akun; Antrean & Faskes; Kinerja & Server,Negatif,Negatif,0.953,"captcha tidak muncul padahal lg perlu aplikasi jkn , jelek bgt padahal sinyal udah bagus , mau daftar faskes aja susah amat gara2 captcha ngeloading terus dr kemarin ! tolong ini solusinya gmna supaya captcha jkn muncul??"
756d55c9-1037-48d1-be83-8b5ceab4828b,Rais Gg,5,2026-08-07T22:44:11.893Z,Lainnya,Positif,Positif,0.9965,mantap dan sangat membantu
e9c66261-bbe5-4580-81e7-2b5844d15374,Asep Lesmana,5,2026-08-07T22:40:42.904Z,Lainnya,Positif,Positif,0.9889,oke
44af5753-94e1-451d-917b-dc5a5865dddc,Irma Permatasari,5,2026-08-07T22:35:03.810Z,Lainnya,Positif,Positif,0.9495,sangat membantu dan bermafaat
efa8291a-dc10-4684-9279-f64dd586a425,Nazril Salaslaki,3,2026-08-07T22:06:31.351Z,Autentikasi & Akun,Negatif,Negatif,0.9564,verifikasi muka aja susah kali
a533f98e-681d-4006-a45d-5069cb717582,Anjar Farell,5,2026-08-07T17:36:42.791Z,Lainnya,Positif,Positif,0.9889,oke
a4afda86-b780-4563-ae29-15c1763c54cb,Gunawan Pkp,5,2026-08-07T17:25:12.456Z,Lainnya,Positif,Positif,0.9775,mantap
2fad7b2d-3c7b-42ad-bca7-ac2575320162,Fitranson,3,2026-08-07T17:14:30.770Z,Kinerja & Server,Negatif,Negatif,0.7252,"aplikasi JKN susah dibuka sekarang bug terus, dibenahi dong kita jadi terkendala, kemaren sudah ok sekarang kambuh lagi ya"
640d2d87-e2d6-4625-a482-98b94dc8d8be,Supri Yatna,5,2026-08-07T16:49:31.775Z,Lainnya,Positif,Positif,0.9302,sangat memudahkan
468d1b94-3a22-4133-948e-603691bf96ce,Herman,5,2026-08-07T16:02:31.545Z,Lainnya,Positif,Positif,0.9612,sangat membantu pengurusan dokumen
6db45e25-db17-4e86-8c40-675ceccea672,AQEELA PUTRI,5,2026-08-07T15:08:55.510Z,Lainnya,Positif,Positif,0.9434,Allhamdulilah dengan adanya aplikasi JKN sangat membantu sekali
289ab018-0a2c-4b51-a936-c58e3d5850a3,Usep Saepul,1,2026-08-07T14:44:47.392Z,Antrean & Faskes,Negatif,Negatif,0.924,kenapa aplikasi JKN tidak kompatibel di hp Android realme c2 mohon penjelasan padahal versi android 9
e0da6306-bba9-4a72-9581-7a01933cd8a3,Sabda Alam,5,2026-08-07T14:11:30.892Z,Lainnya,Positif,Positif,0.9897,sejauh ini sangat membantu
af8f33cb-f16d-47ac-a50a-d2920702f7d4,Hesty Dinamara,5,2026-08-07T14:10:08.660Z,Autentikasi & Akun,Positif,Positif,0.9821,"sangat memuaskan sekali, Alhamdulillah saya telah berhasil dioperasi bonggol tulang pinggul"
1dea6fec-1f7d-4ca8-abad-71f4ec92f1bf,Ety Hariati,5,2026-08-07T13:46:47.577Z,Lainnya,Positif,Positif,0.7889,sangat berguna
1b4b49e6-abbe-4729-a18c-d978572ff063,Nils Andrew,5,2026-08-07T13:44:49.968Z,Antrean & Faskes,Positif,Positif,0.9522,sangat membantu ketika berobat
44d984ff-0391-46ea-8478-31250154512b,Moh Hatta,5,2026-08-07T13:32:33.233Z,Lainnya,Positif,Positif,0.5334,bismillah
f81f35a8-41d3-4198-bf97-33390d773bcf,Dina Risnawati,5,2026-08-07T13:32:10.846Z,Lainnya,Positif,Positif,0.9752,sangat bermanfaat
2402e44d-87c0-44fa-ac76-4e4489d717cb,Apud Sablon,4,2026-08-07T13:25:23.594Z,Lainnya,Positif,Positif,0.5157,rt rw salah pdhal sya udh ganti
7a5b7624-1dd0-4b32-ba26-b2f328a5bbed,Sandi Ramadhan,1,2026-08-07T13:17:38.921Z,Autentikasi & Akun,Negatif,Negatif,0.8683,sekarang saya ngak bisa masuk aplikasi katanya perangkat ngak konsibel ngak jelas baget
8a6b092f-7437-4669-b23c-77cf48f60238,Tati Lukman,1,2026-08-07T13:05:59.459Z,Autentikasi & Akun,Negatif,Negatif,0.7923,ga bisa login2 gimana sih aplikasinya. sampah!
53d789cb-47df-4f43-815e-cc7d98b99127,BAGRIE _INST,1,2026-08-07T13:05:40.834Z,Lainnya,Negatif,Negatif,0.9193,"sejadul itukah hp saya sampe system nya ga suport, sedih amat yg punya hp jadul kudu beli hp baru ,ga merakyat amat ni aplikasi"
8b3feb1d-c351-429c-ab88-6bb9a95145e1,Mutia Purwaning,5,2026-08-07T12:47:20.653Z,Lainnya,Positif,Positif,0.9479,mantab pelayanan nyaa
30fd74d2-ee4d-4314-a33c-772645711f38,Asnanton Budiratno,5,2026-08-07T12:34:54.414Z,Lainnya,Positif,Positif,0.9897,sangat membantu
fa5a58e7-c9f1-4e1a-87e0-5801b950191b,RIMAN TAHALA,1,2026-08-07T12:26:58.457Z,Autentikasi & Akun,Negatif,Negatif,0.9023,aplikasi sampah. gini amat aplikasi untuk pelayanan masyarakat. ga bisa login
ee49b390-1b1c-4ca8-b75c-2c8f54454bd2,Minhatul Maula,5,2026-08-07T12:24:59.548Z,Lainnya,Positif,Positif,0.9897,sangat membantu
245de49e-f1f9-4254-a1e7-f4d840cbfb4f,Wulandari,1,2026-08-07T12:24:16.886Z,Autentikasi & Akun,Negatif,Negatif,0.9812,"mau daftar gak bisa bisa anjir,ini apk pemerintah kok parah gini ya"
2599f77c-95a6-4a3a-bf31-8b3153255fab,Juan Molo,1,2026-08-07T11:56:15.638Z,Autentikasi & Akun,Negatif,Negatif,0.9861,"gak guna ini apk, buatt streess ajh, masaa kode OTP nya gak kekirim"" udah nyoba 3 nomor sama ajah gak masukkk, tolong di perbaiki"
eff2fca4-6cba-4b60-a199-e5d151812576,Akku 2802,1,2026-08-07T11:55:45.940Z,Autentikasi & Akun,Negatif,Negatif,0.9962,"APLIKASI SAMPAH. MASA NIK KATANYA TIDAK TERDAFTAR, MANA SUDAH RESET PASWORD LEWAT OTP TETAP GAK BISA LOGIN PADAHAL JELAS NIK KU SUDAH TERDAFTAR DAN SEMPAT DIGUNAKAN SEBELUMNYA, EH TIBA-TIBA LOG OUT SENDIRI. MEMANG APLIKASI TDK BERGUNA"
ff9626dc-aedb-445d-a8a8-b86ade00da90,Kentang Uy Official,1,2026-08-07T11:52:30.809Z,Autentikasi & Akun; Antrean & Faskes,Negatif,Negatif,0.8432,"kalau bisa buatkan fitur countdown saat daftar online minimal 1 jam lah sebelum di konfirmasi di web ksatria, biar ga ada pasien daftar jam 8 pagi dan malah datang jam 11 siang, masih mending kalau pasiennya sepi nah kalo rame gimana tu, sempat dapet khasus gini, jadi aku serahin ke dokter untuk dipanggil setelah lewat 2-3 nomor, sayangnya antrean lama protes. sebaliknya jika saya urutkan sesuai kedatangn, yang online malah protes :v khusus yg umum, yg gigi ga perlu"
8bdc0488-8a85-41bc-8d25-7f339fa48b61,R D Prasetyo,1,2026-08-07T11:46:52.300Z,Iuran & Layanan,Negatif,Negatif,0.8947,aplikasi menyulitkan pasien percuma bayar iuran fasilitas kaya gini
e2a524ce-1789-402a-8a74-5d660a5851b9,Maria matrona Nalu,1,2026-08-07T11:39:06.435Z,Lainnya,Negatif,Negatif,0.8322,pusingg suda beberapa kali gagal
b58edf01-4d70-4708-8cf0-73aae4f42cc1,Ari Ri,5,2026-08-07T11:28:14.300Z,Lainnya,Positif,Negatif,0.7216,mohon info kenapa apk mobile jkn susah di akses yah
cf688046-40d9-4750-bf06-c35352789d0b,Ahmad Maidy,5,2026-08-07T11:14:50.110Z,Iuran & Layanan,Positif,Positif,0.9931,bagus..... terimakasih bpjs.....
7e1bb355-f86d-4a7b-9649-4634fe217051,Oppai Daisuki,1,2026-08-07T11:12:17.320Z,Lainnya,Negatif,Negatif,0.9434,tolol
0cff16f8-4f52-430d-9e99-668e69b2f0cc,Bang Ajo,5,2026-08-07T10:49:48.140Z,Autentikasi & Akun; Antrean & Faskes,Positif,Negatif,0.7862,"aplikasi ini sangat membantu dan mempermudah dan mempercepat dalam pengambilan antrean namun di setiap kita login masuk ke aplikasi selalu harus memasukan nik, password dan capcha, itu juga login membutuhkan waktu lama baru di konfirmasi"
98899512-db11-40a0-bced-ad53d3449f84,Su_ benno,5,2026-08-07T10:43:42.850Z,Lainnya,Positif,Positif,0.964,jos jis jus aplikasi nya
61e7f19f-46fa-4f04-9887-60f92c0e34c3,Darma Suita,5,2026-08-07T10:38:58.700Z,Lainnya,Positif,Positif,0.976,"Saya pengguna gagap teknologi,namun masih bisa mengikuti instruksi yang diberikan,semoga pelayanan kedepannya semakin memuaskan."
29ecb96f-0215-484f-8fca-82bfc38a990c,oik mandala,1,2026-08-07T10:31:42.191Z,Autentikasi & Akun; Antrean & Faskes; Iuran & Layanan,Negatif,Negatif,0.674,"Padahal iklan mlulu nyuruh orang daftar bpjs agar dimudahkan layanan kesehatannya. Udah daftar dan bayar tiap bulan BPJS. eh ketika kita sakit faskes (RS/Puskesmas) dapatnya kita cuma dianak tirikan layanannya. di judge yang pake bpjs miskin lah nggak punya otak lah, dinyinyirinlah dll. saya tanya BPJS itu fungsi nya apa, kita bayar tiap bulan ke BPJS masyrakat tu dapat manfaat apa. atau kita bayar BPJS tu wat pejabat aja????"
917da4f7-03d4-4f22-bf73-66cf5fc3cafb,Andri Andrika,5,2026-08-07T09:56:54.629Z,Lainnya,Positif,Positif,0.9889,ok
9b3b6bdf-072b-4693-bdd8-79abfac04172,iqbal mahmud,5,2026-08-07T09:45:23.373Z,Lainnya,Positif,Positif,0.9889,ok
f92dc5f5-b7b2-452d-8770-133f5deeb6e1,Andik Pratama,1,2026-08-07T09:45:08.491Z,Lainnya,Negatif,Negatif,0.6331,aplikasi jembut
95090b24-1ad4-426d-b484-cac440e13df4,Ali Amran,1,2026-08-07T09:35:17.632Z,Kinerja & Server,Negatif,Negatif,0.9611,"aplikasi sampah, tiap mau dibuka selalu disuruh update, instal ulanglah... banyak bacot..tudak kompatibel dengan perangkat yang digunakanlah, kemaren kemaren bisa sekarang kok tidak kompatibel? jangan nyusahin klo bikin aplikasi napa? ."
22377c3a-12f6-4b2f-8d65-c87436e5a003,YuwanCuan,1,2026-08-07T09:29:05.437Z,Autentikasi & Akun; Kinerja & Server,Negatif,Negatif,0.9766,"saya harap di update lagi aplikasinya masa daftar masuk susah banget kendala di saat verifikasi no HP dengan tulisan yang membosankan, ( Permintaan Anda belum dapat di proses, silakan mencoba beberapa saat lagi ) nah yang jadi pertanyaan gangguan sampe tiap hari? tiap menit? tiap detik?"
7f2c0a00-ecb0-4547-b05a-baf1ebe8048c,imam azis1923,5,2026-08-07T09:16:38.369Z,Lainnya,Positif,Positif,0.9775,sangat bagus
27584536-598a-4b3c-bdcf-39b6b7b82ec2,aci aprianto,5,2026-08-07T09:14:36.208Z,Lainnya,Positif,Positif,0.9523,mudah terpercaya
fb348969-2b30-4841-a8e0-3198d830406d,Geaaa viki,1,2026-08-07T09:12:51.470Z,Autentikasi & Akun; Kinerja & Server,Negatif,Negatif,0.964,aplikasi belum berjalan maksimal saat pengirimann kode OTP nomor tlvn gagal terus dan sering offline padahal jaringan tidak bermasalah PERHATIKAN DAN SEGERA PERBAIKI APK BOSOKMU INI! BIKIN EMOSI AJA
45591bb3-3440-4ad2-93c3-fb50dfc01f93,Riz4l Denk,5,2026-08-07T09:09:20.270Z,Autentikasi & Akun; Antrean & Faskes; Iuran & Layanan,Positif,Positif,0.9748,simpel dan proses cepat tampa ngantri dan bisa pindah pindah faskes
0dfd9140-4ad5-496a-a622-108714da340a,Wayan simpen Simpen,5,2026-08-07T08:55:45.219Z,Lainnya,Positif,Positif,0.9032,sangat senang dengan pelayanan jkn
fc11f165-d292-4dbc-962f-7174adca194e,Gio Vanni,5,2026-08-07T08:54:02.942Z,Lainnya,Positif,Positif,0.9643,Good Mobil JKn
4d6fb364-2f05-4dfe-b541-c23f0ced5041,Jaga Pagi,5,2026-08-07T08:53:40.933Z,Lainnya,Positif,Positif,0.9897,sangat membantu
48fde943-908e-46cd-a1a3-a17ad9b11c8e,Santa Hedika,4,2026-08-07T08:50:44.772Z,Lainnya,Positif,Positif,0.9555,respon sangat baik
3dff58d6-866f-4170-924f-e98f359115e6,Miharti Eming,1,2026-08-07T08:29:18.611Z,Autentikasi & Akun; Antrean & Faskes,Negatif,Negatif,0.8964,mau verifikasi no tlp tidak bisa di klik padahal hp dalam kondisi normal. padahal mau ngambil no antrian buat berobat besok malah tidak bisa
563cfd71-a6dc-44f4-8d49-2125d315b1f7,Oppo a17k,5,2026-08-07T08:23:21.940Z,Lainnya,Positif,Positif,0.9897,saya sangat terbantu
838a03dd-ae94-4d1f-a147-98b6e4a57591,Salbianti,1,2026-08-07T08:01:48.759Z,Autentikasi & Akun,Negatif,Negatif,0.933,susah bgt mau daftar nya
553b8daf-55c9-4059-b061-bbff8ed1c5bf,Ohar Setiawan,1,2026-08-07T08:01:44.336Z,Lainnya,Negatif,Positif,0.8732,jkn sangat membatu
f8b4b954-bf69-4608-b2ae-1f36d2be470f,VANTZY 0701,5,2026-08-07T07:59:44.650Z,Lainnya,Positif,Positif,0.9775,bagus
60310707-8aee-490f-8780-400e544c2962,Skiddy Liy,1,2026-08-07T07:57:45.545Z,Kinerja & Server,Negatif,Negatif,0.7374,update terbaru hp sya tidak bisa
f2f25610-2fe5-4bbf-90b1-39d7c0bb2b0b,Iwan Ciwong,2,2026-08-07T07:53:31.563Z,Iuran & Layanan,Negatif,Negatif,0.6769,"ini gimana sih niat bikin aplikasi atau engga, niat mempermudah tapi malah bikin sulit. ada menu Rehab tapi gak bisa digunakan pembayaran, tolong diperbaiki kembali."
c4a15624-cb62-4efe-9834-0cc0d5cde82d,Useng Saefullah,5,2026-08-07T07:18:37.117Z,Lainnya,Positif,Positif,0.9874,bagus lebih memudahkan
6520ab78-ed4b-4e39-9d66-3030c7c7d436,Ahmad Prayoga,1,2026-08-07T07:14:32.138Z,Lainnya,Negatif,Negatif,0.9882,jelek
32912044-f55b-49ba-915f-af614e913dec,MHD ABD RAFI,5,2026-08-07T07:09:59.186Z,Lainnya,Positif,Positif,0.5334,bedebest
94065b29-234c-4725-8b78-047a479b77d3,Amira Saffa,1,2026-08-07T07:06:24.793Z,Lainnya,Negatif,Negatif,0.9304,aku kira komentar jelek mereka cuma hoax. ternyata benar.
66708846-e2be-4789-a5b7-51b964071ede,Yayan Sinatra,5,2026-08-07T07:02:08.160Z,Antrean & Faskes,Positif,Positif,0.9936,"Terimakasih buat Mobile JKN,mau berobat ke faskes jadi lebih mudah...mantap"
208a822d-2ff9-4539-a6f1-2f047037d915,Bin Sanan,1,2026-08-07T07:00:08.102Z,Autentikasi & Akun,Negatif,Negatif,0.9253,sulit untuk masuk aplikasi lagi
60c81f44-0c25-4440-be47-12644a6a356a,Xinamonroll,2,2026-08-07T06:55:34.311Z,Lainnya,Negatif,Negatif,0.8134,"optimasi untuk aplikasi kurang, terkadang terjadi log out secara mendadak padahal posisi user sedang terburu-buru, tolong optimasi aplikasi dong. Jangan asal buat aplikasi tapi optimasinya kurang"
99b5f0a0-99dc-44b2-8555-6be2ce5699e9,Ibnu Soleh,1,2026-08-07T06:40:59.154Z,Autentikasi & Akun,Negatif,Negatif,0.9956,"aplikasi sangat buruk, verifikasi nomor telepon ga bisa bisa, udah di coba sampe berkali kali tetep ga bisa... kenapa sih harus di buat ribet gini.... ya Allah"
054d4300-6160-47ba-8077-675740975a28,abhai 66,1,2026-08-07T06:35:27.786Z,Antrean & Faskes,Negatif,Negatif,0.8265,"demi keamanan aplikasi tidak bisa berjalan diperangkat yg di root, apa sih maksudnya. hp gw gak pernah di root bjirr. gak jelas bgt aplikasinya. bukannya mempermudah malah makin mempersulit"
5031fb9f-558f-40c9-96ff-a13509cde555,Library Gaaa,5,2026-08-07T06:12:00.633Z,Lainnya,Positif,Positif,0.9704,proses mudah dan cepat
00aaea6c-ce95-4550-b1a4-d2af71784c44,Venisha Indri,5,2026-08-07T06:10:00.695Z,Lainnya,Positif,Positif,0.8278,memudahkan mengakses Data
ae33aec5-c09c-4b5a-b5f0-968606b6cad0,Bubun Bunyamin,5,2026-08-07T06:09:29.148Z,Lainnya,Positif,Positif,0.9897,sangat membantu
a756b28f-071c-4e3e-a430-fa3f3d437958,Santi Nah,4,2026-08-07T06:07:37.548Z,Iuran & Layanan,Positif,Positif,0.9552,"puas dengan aplikasi ini awalnya susah buat gabung 1 kk di 1 aplikasi sekarNg udah bisa,Alhamdulillah cukup dengan 1 hp"
ba2e3a6e-f778-43f5-bbae-cdd47e3146df,PUNGKAS PRAMBUDI SANTOSA,5,2026-08-07T05:52:21.787Z,Lainnya,Positif,Positif,0.9752,sangat bermanfaat
a4176f9c-332a-4bb3-99f3-27bd348f5ca0,VICKY Semprul,1,2026-08-07T05:48:04.902Z,Lainnya,Negatif,Negatif,0.7158,kenpa tidak bisa di buka
34a0afa6-1be0-4d0b-89bd-0ec288cc32d6,Murni Kamariyah,5,2026-08-07T05:47:13.570Z,Lainnya,Positif,Positif,0.9929,Alhamdulillah pelayanan memuaskan
26c1ba71-f098-4cc0-ba04-b11c8194369f,Siswanto Sherin,1,2026-08-07T05:45:12.443Z,Lainnya,Negatif,Negatif,0.9345,apk gajelas padahal nih aplikasi penting coba la diperbaikin lagi ini mode veripikasi ga muncul muncul sampah
66a58c2b-682d-4513-9913-cb94de719c9d,tatik rahman,5,2026-08-07T05:27:54.280Z,Lainnya,Positif,Negatif,0.5422,suka keluar otomatis
b51f4bae-2cd9-4658-9e2f-eba211f1f66e,mhoe firman,2,2026-08-07T05:09:59.530Z,Lainnya,Negatif,Negatif,0.8896,"knapa setiap nunggu kode perivikasi, slalu tdk muncul"
0174c0e9-6ef7-4b18-b640-7754406df2bb,Almira Rahma,1,2026-08-07T05:00:54.951Z,Lainnya,Negatif,Positif,0.5334,kenapa gabisa diinstal terus
b64d9a5d-dc3d-4dd6-8ae3-b50fe9eaeee0,Arini Parfum,5,2026-08-07T04:56:37.481Z,Lainnya,Positif,Positif,0.9889,ok
f37689bf-b18b-44c5-978a-55988f9f4a42,Sandi Hasan Anugrah,5,2026-08-07T04:56:05.358Z,Lainnya,Positif,Positif,0.9775,baguss
72b612a2-94a7-4991-9513-e3c674e8a1e2,Margareth Palupi,5,2026-08-07T04:54:10.713Z,Lainnya,Positif,Positif,0.9892,sangat memudahkan dan membantu
f4b372b1-61a0-40b1-9925-2a2ec82cc380,Dede Yusuf,5,2026-08-07T04:19:22.294Z,Lainnya,Positif,Positif,0.9808,cepat mudah digunakan
123ac6eb-dafb-482e-9160-6d02b32a6002,Aretha Dhira,1,2026-08-07T04:15:46.375Z,Lainnya,Negatif,Negatif,0.8993,makin kesini makin bobrok.
f95f42e9-ef54-40c1-93ee-5a70a4576270,Rebecca Becha,1,2026-08-07T04:09:51.635Z,Kinerja & Server,Negatif,Negatif,0.8495,aplikasi eror terus gakjelas !
259f6b01-a295-4250-8fb9-4574df639324,Yayan Sutrisna,5,2026-08-07T03:56:06.479Z,Autentikasi & Akun; Iuran & Layanan,Positif,Positif,0.8682,Proses layanan pindah paskes..
b55ba191-3c11-4bf3-b8fd-3891df0b8872,Abid Azka,5,2026-08-07T03:54:05.752Z,Lainnya,Positif,Positif,0.9775,bagus
4edd98e8-c58d-40ab-9a7e-095d37434014,Kiageng Alapalap,1,2026-08-07T03:49:52.471Z,Antrean & Faskes; Iuran & Layanan,Negatif,Negatif,0.7515,tolonglahh mobile jkn.. gak semua peserta bpjs dari kalangan mampu. hp saya android 9 sudah gak suport. jadi uda tidak bisa pakai mobile jkn lagi. padahal ibu saya harus kontrol rutin ke rs.. tolong buat lebih ramah ke hp jadul.. TOOOLLLOOOONGGGG!!!!!!
fdef0864-7ba2-4185-9ff5-31fb2b2de741,imaaa,1,2026-08-07T03:48:45.806Z,Kinerja & Server,Negatif,Negatif,0.8495,eror mulu
3735f0cf-c638-4d84-ad62-9d017e9387d3,Dwi Syafrizal,1,2026-08-07T03:47:50.954Z,Iuran & Layanan,Negatif,Negatif,0.9265,habis bayar kok masih tertulis ada tagihan ? nyusahin.
3cc1704e-cac7-4ceb-9208-bdfce7060f78,Siti Khatijah,1,2026-08-07T03:45:40.257Z,Lainnya,Negatif,Negatif,0.7751,susah diakses.
af271afe-787b-4118-8106-bb98ad0073ac,Alfa Faruq,1,2026-08-07T03:43:36.922Z,Antrean & Faskes; Kinerja & Server,Negatif,Negatif,0.9063,"mau ambil antrean faskes pertama susah bgt, ini engineer nya gmn? masa gagal trs, koneksi stabil masih aja gabisa"
88e13e0e-52cc-4218-b150-eecbf4bcec8d,Siti Komariah,5,2026-08-07T03:34:25.501Z,Autentikasi & Akun; Iuran & Layanan,Positif,Positif,0.6259,Saya kasih bintang 1 dulu karena saya masuk untuk penambahan peserta ga bisa2 kenapa ya?katanya bisa lewat aplikasi ini...bagaimna coba tanggapannya...saya ad perubahan data dikeluarga dan mau tmbh ank saya kenapa g bisa masuk
0c1ef18c-175e-423c-846a-20b1f25f6d89,Mitra Sejati,5,2026-08-07T03:29:19.377Z,Lainnya,Positif,Positif,0.9775,mantap
5aa86cd4-2eb6-4e86-bcf3-dfd017a22194,ainun njwa,1,2026-08-07T03:28:54.969Z,Autentikasi & Akun; Antrean & Faskes; Kinerja & Server,Negatif,Negatif,0.8251,"kenapa ya suka lag atau offline di dalam aplikasi padahal jatingan bagus dan kuota ada, serasa dipersulit."
b148b663-ccea-44d9-8d3c-15a038a1f7a8,Nia Azda Oktavia,1,2026-08-07T03:28:44.334Z,Autentikasi & Akun; Antrean & Faskes; Kinerja & Server,Negatif,Negatif,0.9558,"aplikasi sampah,buka aplikasinya saja muter2,jaringan lancar,kuota ada,pas bukak aplikasi sampah ini aja yg ribet,udah 2jam dibukak untuk ambil nomor antri GK bisa2"
952aec8f-5988-4183-ac3d-4082c12ea170,Surya Ningsih,1,2026-08-07T03:28:15.340Z,Autentikasi & Akun; Antrean & Faskes,Negatif,Negatif,0.9742,kenapa keluar lagi baru gak bisa masuk lagi berpa kali saya ulang trus saya data tidak di temukan terus saya di suruh ke capil apa sih tolong di perbaiki lagi sya mau pergi berobat gak bisa daftar
d84371bf-f70f-4e6f-85e4-26a42a1ab079,Freddy Tks,5,2026-08-07T03:24:31.590Z,Lainnya,Positif,Positif,0.9775,good
6cabac3b-9f5c-4384-90f6-d0d2475f67d3,Sandra Ziva,5,2026-08-07T03:23:21.811Z,Autentikasi & Akun,Positif,Positif,0.8886,sangat membantu buat masyarakat umum dalam melakukan registrasi
10392af7-555f-4aa4-a730-b2c9963f906f,cho_ Samalinggai,1,2026-08-07T03:23:19.430Z,Autentikasi & Akun; Kinerja & Server,Negatif,Negatif,0.8972,tidak bisa Login lagi setelah Update..!!
b09bc991-ae54-4996-ab8a-bad444287693,Fahri Zal,1,2026-08-07T03:22:34.358Z,Kinerja & Server,Negatif,Negatif,0.8983,apk sering error gak jelas ini
c2ccb46b-2cf5-4f06-845d-6c8a0a160383,Agung Dwi Cahyo,5,2026-08-07T03:16:55.742Z,Lainnya,Positif,Positif,0.9775,jos
a26bc358-df46-4cdd-b12e-d7ac2f8f989c,Fia Surabaya,1,2026-08-07T03:16:49.367Z,Autentikasi & Akun; Antrean & Faskes,Negatif,Negatif,0.9594,susah untuk login padahal mau di pakek buat ambil antrian mohon di perbaiki
44d4fe5c-4fe7-4fe0-8657-05f869a89e6e,Edy Sari,5,2026-08-07T03:15:41.911Z,Lainnya,Positif,Positif,0.9692,terimakasih
d36048bd-88c0-4b21-8693-2904a682b89d,Wayan Widiantara,5,2026-08-07T03:15:31.546Z,Lainnya,Positif,Positif,0.947,Mudah dan Nyaman
fa16867e-6b8d-43f4-8bca-79a34dc1a76a,arif sarimo,5,2026-08-07T03:13:56.980Z,Lainnya,Positif,Positif,0.9362,akses mudah dan terpercaya
cd2e6886-2118-4c2a-b4ea-283b3b1df25d,War kita,1,2026-08-07T03:13:12.459Z,Autentikasi & Akun; Antrean & Faskes; Kinerja & Server,Negatif,Negatif,0.9637,eror gak bisa masuk daftar ulang ke rs
18d1a0da-3c33-45fa-ae8c-69bc761313a8,Ning tyas,5,2026-08-07T03:12:57.671Z,Lainnya,Positif,Positif,0.9551,ok tks
719cdb8c-0e84-4d9b-86d5-5d5e129bf328,Muhammad Farhan,1,2026-08-07T03:12:43.731Z,Antrean & Faskes; Kinerja & Server,Negatif,Negatif,0.9663,"Aplikasi jelek, sering gangguan, tolong lah diperbaiki, diperbarui, masa sekelas aplikasi buatan negeri begini kualitas nya, sering gangguan, ambil antrian ga bisa, kadang nge bug🫩 nanti KLO improve baru naik bintangnya"
51b5e28d-048c-4a3f-bce5-b6f1bf45f1eb,Deni Doang,1,2026-08-07T03:11:44.756Z,Autentikasi & Akun; Kinerja & Server,Negatif,Negatif,0.8775,"malah d bikin ribet pas login gegara capsta,,kemarenan enak enak aj pake JKN. pas update malah d bikin dongo"
dbcc02af-a2af-45d5-81fa-15e7f380a388,Asmita Harahap,1,2026-08-07T03:11:07.332Z,Autentikasi & Akun; Kinerja & Server,Negatif,Negatif,0.8759,"cacat weeeee jkn niii,memperlambat org,yah kode nya salah lah,pin salah lah,nik salah,sampai2 apl ini tidak bisa di proses,org butuh cepat,"
f36586c9-5c16-4e06-8f99-780eadf4d520,Siti Dahlia,1,2026-08-07T03:09:45.245Z,Kinerja & Server,Negatif,Negatif,0.9395,Makin lemott dan makin ancur sistemnya
3499af70-6639-4067-8b7c-d4fd161a14ac,Achmad Fauzi,5,2026-08-07T03:09:07.178Z,Antrean & Faskes,Positif,Positif,0.9804,bagus mudah untuk berobat di mana pun
89bb33b2-2a20-4532-90a0-21be3a54ab9a,Aben BM Situmorang,5,2026-08-07T03:07:38.499Z,Lainnya,Positif,Positif,0.9775,keren
38bb1b65-946c-466e-89a6-348db58e51d9,Ingin Tahu,3,2026-08-07T03:04:30.219Z,Autentikasi & Akun; Antrean & Faskes,Positif,Negatif,0.8424,"kenapa ya aplikasi JKN itu selalu dibuat logout ketika akun dipakai untuk berobat.. jadi seakan akun JKN di login ke sistem RS sedangkna akun di aplikasi dipaksa logout, kenapa di sistem RS tidak di anggap akun pengunjung atau kenapa harus logout in di RS, padahal kan data sudah tersmabhng langsung, gunanya RS logout in akun pasien apa??? saya selalu lupa passwordnya dan sangat tidak efisien tiap mau periksa harus login ulang ulang dan ulang terus"
2909b648-835f-4b15-adb1-56309d6b6e29,naif channel,1,2026-08-07T03:04:25.504Z,Antrean & Faskes; Kinerja & Server,Negatif,Negatif,0.9659,pas di butuhkan kan Malah eror.. terus.. parah sih. mempersulit masyarakat kecil
948a99c5-94d2-49c8-b252-c8619d902c00,Ronggolawe Storys,2,2026-08-07T03:02:58.409Z,Kinerja & Server; Iuran & Layanan,Negatif,Negatif,0.9071,"apk dri pemerintah tpi sering eror, ini hari jumat baru punya uang buat bayar, tpi lagi eror, besok hari sbtu minggu libur gk bisa bayar, besoknya hari senin dpt sanksi krna telat bayar, nyusahin msyarakat"
807bd66e-a0e4-4690-8278-54376502c5ca,Aisyahtus Zahroh,1,2026-08-07T03:00:30.404Z,Kinerja & Server,Negatif,Negatif,0.8535,"kenapa lemot sekali, bintang 1 , aplikasi pemerintah kok kayak gini"
f1e2ffad-ca71-463e-95ce-3fc1e2f5c1c7,RA12,2,2026-08-07T02:59:06.516Z,Autentikasi & Akun,Negatif,Negatif,0.926,"Akun sering keluar sendiri, jadi repot harus login lagi"
cfc22a38-f625-4fcb-a974-9a1b824b9a99,Teguh,5,2026-08-07T02:58:39.136Z,Iuran & Layanan,Positif,Positif,0.8369,sosialisasikan ke pengguna jkn oleh BPJS....
b799a0b5-05f5-4cdf-a9f2-4050aa698c21,atep YS,1,2026-08-07T02:58:04.930Z,Kinerja & Server,Negatif,Negatif,0.939,sering pas mau dipake sering down servernya gak bisa checkin
26145310-777d-4f31-96fc-72bb3c8d1cec,Muhammad Hilmi,1,2026-08-07T02:53:34.933Z,Kinerja & Server,Negatif,Negatif,0.8519,"kenapa lemot sekali, mohon di update, jgn menyusahkan orang"
6e409aad-617d-4a18-aa25-8d947822596c,Melinda Swastika,1,2026-08-07T02:53:23.823Z,Autentikasi & Akun,Negatif,Negatif,0.6341,"aplikasi gak jelas harusnya pasien saat proses registrasi itu dipermudah, ini malah ruwet."
eb99056d-2bb7-4e00-a48c-84ddffbdb044,Giw Selow,1,2026-08-07T02:51:52.219Z,Autentikasi & Akun,Negatif,Negatif,0.9743,aplikasi tolol mau login juga susah. hari-hari gangguan
49289e88-53cc-4582-ad3b-b692d75224a0,Tolib Ibin,1,2026-08-07T02:49:13.260Z,Lainnya,Negatif,Negatif,0.5696,"Sy coba donlod, ternyata terlalu ribed, Sy mengakses rehab cicilan gak bs!"
b7bb1a16-dd4b-4944-84be-ff1514d8948d,shafia salsabila,1,2026-08-07T02:48:55.474Z,Autentikasi & Akun; Antrean & Faskes; Kinerja & Server,Negatif,Negatif,0.9774,"login udh lama trs logout karna memori hp, tpi udh login ke hp lain nik pun sama ttp aja nggk bsa masuk ""nik atau password salah"" pdhl niknya sama kyk yg dulu, password pun ku tulis di note hp..kok bsa gtuuu???TT apa memng akunya yg salah atau gmna? udh coba lupa sandi trs ganti bru ttp aja nggk bsa log in, masa hrus ganti pke nik yg lain gtu? maaf yaahh jdi nulis bgni🙏🏼 - update udh pke nik yg lain tpi masih nggk bisa login? ini gmna siii?!?!? susah bener mau logon doang ah elah! berbenah pls"
72dd437f-118b-41d3-b153-8b1d9bc15625,Muhamad Lomri,5,2026-08-07T02:43:44.575Z,Lainnya,Positif,Positif,0.9775,bagus
47ca7875-0597-45d8-9bd4-225cb1e79275,al dafah,1,2026-08-07T02:41:31.130Z,Autentikasi & Akun; Kinerja & Server,Negatif,Negatif,0.9035,mau daftar aja ngebug trua apknya
f7c69d0e-8852-4dfe-abed-3ef9cb6a3ff4,Aku Kamu,1,2026-08-07T02:40:46.360Z,Kinerja & Server,Negatif,Negatif,0.7976,lemot
71d8727a-c1ac-4e95-b848-2e2640bbdde1,Angga Rizky,5,2026-08-07T02:40:38.472Z,Lainnya,Positif,Positif,0.9564,baik sekali
35112719-b28c-45c8-93dc-d1589ec16192,Muhammad Restu,2,2026-08-07T02:39:12.177Z,Autentikasi & Akun; Antrean & Faskes,Negatif,Negatif,0.8515,"Tolong kalo maintenance di infokan, saya jadi gabisa berobat di faskes .. ini login gabisa kenapa ? capcha sudah sesuai malah diganti .."
b6d6c771-38fd-4eae-83e8-94a27d5fdea9,Kuswaya Hardy,1,2026-08-07T02:38:37.332Z,Kinerja & Server,Negatif,Negatif,0.8146,kalau misal semuanya harus pake aplikasi minimal kalau rame benerin biar gak ngeleg sedang offline Mulu yang bener lah orang mau pake
e77e89b8-0b08-408f-a623-9e0410af0b27,Annur Manggala,1,2026-08-07T02:37:46.115Z,Autentikasi & Akun,Negatif,Negatif,0.9733,"aplikasi gajelas anjir registrasi aja susah banget, no hp gaada kode verifikasi terus aneh, harap coba lagi harap coba lagi, gajelas bgt"
f826520f-4dd4-4968-9bd4-d9582e7bc3fb,Dhia Fauzi Azhar,1,2026-08-07T02:35:38.569Z,Autentikasi & Akun,Negatif,Negatif,0.9923,"aplikasi gk jelas, kode otp harus pake pulsa eh giliran udh diisi malah gk bisa login"" karna gangguan. aplikasi sampah.."
1534b0a2-ee70-475b-9660-284b329a529e,Asmaniar As,1,2026-08-07T02:31:20.976Z,Lainnya,Negatif,Negatif,0.696,makin kesini makin gak jelas aplikasinya
085e6680-8a70-45be-a260-65f847c06a00,Devi Aswita,5,2026-08-07T02:28:12.514Z,Lainnya,Positif,Positif,0.9775,mantap
d72a718d-9a6b-45ca-8a6c-7df9d6f51b07,yoyo s2,5,2026-08-07T02:16:38.375Z,Lainnya,Positif,Positif,0.9609,"Mudah,gampang cepat dibantos ku pk REQI"
62e7ebb0-54ca-40bb-bc9b-9094745c7e0a,afifah yulis tia,1,2026-08-07T02:00:35.629Z,Lainnya,Negatif,Negatif,0.9042,jelekkkkk bgttt aplikasi nya gua udh coba instal dari bulan2 kmrn ttp gabisa tolong segara di perbaikiiiiiiiiiiiiii
c6a780e0-5774-4b51-9b9e-6367a343fafc,Ohim Arrohima,5,2026-08-07T01:55:50.232Z,Lainnya,Positif,Positif,0.9775,good
c5699465-6b80-4ee4-a261-a38c6b3b330f,Laraswho,1,2026-08-07T01:50:34.700Z,Autentikasi & Akun; Kinerja & Server,Negatif,Negatif,0.9389,apk eror mulu padahal penting banget buat daftar online
35428071-0498-4784-9ad1-90298b9ab691,guntu 04,2,2026-08-07T01:45:07.207Z,Lainnya,Negatif,Negatif,0.8154,"bisa lebih bermasyarakat tidak, ini aplikasi jujur menyusahkan sekali. tidak semua pasien memiliki hp yang support untuknpkaai aplikasi ini. lagilagi masyarakat kalangan bawah yang kena imbas."
386cb039-5aa9-4401-aecf-43fa489aa6a9,ell Saaa,1,2026-08-07T01:30:16.430Z,Autentikasi & Akun; Antrean & Faskes; Iuran & Layanan,Negatif,Negatif,0.9276,"ini apaan si aplikasi ga jelas, mo daftar antrian aja smpe Seminggu ga aktif, giliran pembayaran aktif terus 24 jam"
734333d7-12bc-49f5-b04d-b8935e265220,Cho Lish,5,2026-08-07T01:29:02.629Z,Lainnya,Positif,Positif,0.7988,sehat selalu..
e2794fb7-2386-41cd-b818-a21950bc479b,Aa Faqih,5,2026-08-07T01:28:31.962Z,Lainnya,Positif,Positif,0.9889,ok
e8ad9753-f5f3-414e-95a1-00446116df17,Darmin,5,2026-08-07T00:44:34.210Z,Lainnya,Positif,Positif,0.9302,mudah digunankan
0ddce7a3-0cd5-47a1-b54f-8b665c75d9ce,Abdi Dadan,5,2026-08-07T00:43:19.613Z,Lainnya,Positif,Positif,0.9786,bagus sekali aplikasi ringan dan di gunakan sangat lancar terimakasih jkn
d7b0ac5a-f8e3-473f-a6c1-3d8b48bc4ccb,Rio Andika,1,2026-08-07T00:38:56.418Z,Autentikasi & Akun,Negatif,Negatif,0.9376,"mau daftar online susah bgt aplikasi ini ga masuk"" mepermudah dr mana lebih susah ad"
aacc4739-73ff-4bd2-ae70-9aa684ac4c36,Asep Suryana,1,2026-08-07T00:22:12.837Z,Autentikasi & Akun,Negatif,Negatif,0.9327,"HALLO, INI SMS VERIFIKASI NYA KMNA ? Saya daftar sudah lebih dari 10x tidak ada sms sama sekali"
710c97c2-be85-4cbf-bed1-72883467ddbe,Albert Orlando,1,2026-08-07T00:04:10.972Z,Autentikasi & Akun; Kinerja & Server,Negatif,Negatif,0.915,"aplikasi banyak bugnya, daftar pake nomor baru tapi dibilang nomornya udah pernah dipake peserta lain, jadi yang make nomornya orang konter hape gitu?"
c986eebc-43b7-4116-933c-de1573233a45,latifa tulaila,1,2026-08-06T23:41:58.324Z,Autentikasi & Akun; Antrean & Faskes,Negatif,Negatif,0.9845,"apk gaje, mau login di persulit bgt. apalagi pas mindai wajah, paan bgt ya ud mah mirror. ribet, updet lh. masa apk pemerintah kaya gini sih"
78b27253-1af4-43a0-b83b-6bbca1ba97aa,Nuraini Azhar,5,2026-08-06T23:41:52.334Z,Lainnya,Positif,Positif,0.9775,good
e174550c-74b2-4be4-898e-ba5e618636a1,Risa Latih,1,2026-08-06T23:33:38.646Z,Autentikasi & Akun,Negatif,Negatif,0.9911,padahal udh daftar setiap masuk harus tulis nik ulang ribet sumpah ni apk gajelas
a20ac046-7373-4000-9d98-13c83cbec495,Aline Arifin,5,2026-08-06T23:11:47.588Z,Autentikasi & Akun; Antrean & Faskes,Positif,Positif,0.6246,saya baru pertama akan menggunakan JKN ini untuk berobat ke POLI GIGI
b411b473-557a-450b-b17c-724ee5755fe4,anton chaniago,1,2026-08-06T23:08:57.400Z,Antrean & Faskes,Negatif,Negatif,0.7605,tidak bisa digunakan di android versi 8.1.0
c9f5fd54-4bcc-4452-85e0-3af77684ca97,Bayu Mahesa,1,2026-08-06T22:38:26.743Z,Autentikasi & Akun,Negatif,Negatif,0.8564,TOLONG DIBAIKIN VERTIFIKASINYA GA ADA SMS TERKIIRIM
709a8dcb-6a34-469b-8c98-ece3b7c268c9,Dwiyuyun Wulan,1,2026-08-06T22:34:44.626Z,Lainnya,Negatif,Negatif,0.9278,verivikasi nomor nya sangat lama tidak dikirim kirim
e3a9eaae-f126-4988-8a80-54ee433e9a50,Qin qin,1,2026-08-06T19:48:42.137Z,Autentikasi & Akun; Antrean & Faskes,Negatif,Negatif,0.9234,"Tidak berguna, verifikasi wajah aja sangat sulit. Apalagi ke tahap berikutnya. Kalo bisa DIPERSULIT kenapa harus Dipermudah"
fa610d7b-1c3e-4018-9c16-34f6ebe3b028,John Lie,2,2026-08-06T19:40:43.813Z,Lainnya,Negatif,Positif,0.7889,tidak bisa di gunakan
e60f564e-1613-4ba7-a5be-42127f86d472,Papahsah Papahsah,5,2026-08-06T18:27:41.743Z,Lainnya,Positif,Positif,0.9923,semoga membantu
496a9680-7dfa-48e7-b150-b80e24171e04,Rohim,5,2026-08-06T18:15:17.762Z,Lainnya,Positif,Positif,0.9941,terimakasih sudah sangat membantu
549c42f5-5a01-4e37-99c8-f0a8bca044d8,Rizky Supri,5,2026-08-06T17:47:54.517Z,Lainnya,Positif,Positif,0.9526,ok bos
9b532426-3b19-4cbe-b1eb-86319ad7de35,Aisyah_ Kayra,5,2026-08-06T17:23:46.176Z,Iuran & Layanan,Positif,Positif,0.9914,Bagus membantu sekali untuk saya dan keluarga
7c1de0c9-bd85-4c47-b7ff-d51152678ef7,Eko Priyo Poerwanto,5,2026-08-06T16:10:05.442Z,Lainnya,Positif,Positif,0.9864,Semoga sehat dan berkah
47de6a00-c292-4657-a04a-22df33960941,Pamungkas Aji prasetya,1,2026-08-06T16:05:55.404Z,Antrean & Faskes,Negatif,Negatif,0.8486,apl ga jelas ga guna kirim code aja susah mempersulit rakyat bodong malah lebih bagus apl judol
67a6052b-95e5-45ba-ab01-c1a6d05222df,Winarto Rahman,5,2026-08-06T16:00:18.542Z,Lainnya,Positif,Positif,0.9775,jos
7a55b189-1438-45c5-b3e8-45522fa35a85,ian rk,5,2026-08-06T15:00:58.664Z,Lainnya,Positif,Positif,0.9953,ok cukup memuaskan
37a3466e-c096-411f-86a7-37b96d99adac,Ita Rahmawati,1,2026-08-06T14:49:15.883Z,Lainnya,Negatif,Positif,0.9508,aplikasi apaaa iniiii🙂🙂
be3035ea-529d-479b-ae47-06e1d1529172,robbi wiriya,1,2026-08-06T14:37:45.470Z,Autentikasi & Akun,Negatif,Negatif,0.9565,gabisa kirim nomor otp. tolong perbaiki dong
2d13ebc3-3b2d-4130-b4aa-78a9a68267f6,Rima Windi Nadillah,4,2026-08-06T14:22:06.800Z,Autentikasi & Akun; Kinerja & Server,Positif,Negatif,0.9554,seriing sekali gagal daftar. sering sekali juga error. ga jelas banget
38f16f1d-a950-46fc-874c-2814c6bd136b,Muslih Nursandy,4,2026-08-06T14:13:01.376Z,Lainnya,Positif,Positif,0.9927,ok baik
ae1c7eaa-a391-4ac4-9dd0-598c284d6cac,Ana Fitriyani,5,2026-08-06T14:12:59.663Z,Lainnya,Positif,Positif,0.9975,ok memudahkan 👍👍
7d262017-5eb7-4b04-9966-c1874fd09b54,idha gatjong,5,2026-08-06T14:10:46.597Z,Lainnya,Positif,Positif,0.9279,layanan aplikasi cepat ketika dibutuhkan
547d32fd-2be3-484e-afb3-1034e7e7d3d2,Yohana Wulandari,1,2026-08-06T13:50:48.977Z,Autentikasi & Akun; Kinerja & Server,Negatif,Negatif,0.7127,"aplikasi error tidak bisa dibuka, cerita nya saya mau periksa karena sakit, dan petugas meminta saya untuk daftar melalui aplikasi mobile jkn, lah gimana mau daftar aplikasi dibuka sj gak bisa,sedangkan petugas nya nuntut untuk menggunakan aplikasi. mohon diperbaiki lagi"
429dad99-efb4-4da9-be86-f9cc0d0f2605,Mey Lanagt,2,2026-08-06T13:47:54.281Z,Autentikasi & Akun,Negatif,Negatif,0.938,"tolong, saya lupa kata sandi dan diarahkan untuk memasukkan NIK dan gapca serta mencantumkan nomor untuk notif kode dari pesan, namun tak kunjung keluar kode nya. mohon bantuannya, saya sudah usaha beberapa kali"
69cef371-7b26-4747-8ee8-93a7d4a0d68a,Joko Santoso,5,2026-08-06T13:27:10.719Z,Lainnya,Positif,Positif,0.9889,OK
4712b64c-5650-4d0e-a4a5-375af67c7ebd,Nasyia bunga,1,2026-08-06T13:06:27.489Z,Autentikasi & Akun,Negatif,Negatif,0.9726,"kode otp ga masuk masuk, tolong diperbaiki lagi aplikasinya"
72d07f6e-3c50-4fd2-943b-c71a0c0b7dec,Juariyah,1,2026-08-06T12:59:18.330Z,Lainnya,Negatif,Negatif,0.8367,aplikasi ruwet kek negara kita
c27366ef-78f5-466d-bc85-5efdc105fe18,Fajar Rahayu,2,2026-08-06T12:56:45.146Z,Kinerja & Server,Negatif,Negatif,0.7351,cara mengatasinya gimna ini gan update aplikasi tapi tidak kompatibel dengan ponsel
b74bd5a6-b656-40bb-84c3-0f09441b82e8,Al Akbar,2,2026-08-06T12:56:03.960Z,Autentikasi & Akun,Negatif,Negatif,0.9243,"terlalu lama untuk kode verifikasi, dan tidak mendapatkan kode verifikasi"
137cfc35-ad57-4e6c-a876-50173c3336a1,Mochtar Supriyanto,5,2026-08-06T12:38:25.660Z,Lainnya,Positif,Positif,0.6327,th 2026 aplikasi siap digunakan
9a78cf16-855d-48c8-b021-eb9968236aa2,Burhanuddin Bur,5,2026-08-06T12:32:49.835Z,Lainnya,Positif,Positif,0.9123,Aplikasi ini sangat membantu saat kita sakit
d36d7b51-6f43-416e-a36d-5787e46675c7,Yusuf Maulana,5,2026-08-06T12:19:57.708Z,Lainnya,Positif,Positif,0.9775,Aplikasi sudah bagus
7963aacc-5eef-48f9-a00c-d9ce8e9c91d1,Ahmad Wahid Fastabiq,1,2026-08-06T11:53:04.325Z,Autentikasi & Akun,Negatif,Negatif,0.971,"OTP SMS ngak MASUK-MASUK, bikin aplikasi ngak memudahkan palah membuat ribet"
b7925071-16ba-405a-bffd-766a3e30246b,Muhammad Ridwan,1,2026-08-06T11:37:50.630Z,Lainnya,Negatif,Negatif,0.7314,sering banget gangguan
4a26ac39-1450-4c31-8fea-7f4e1aafd4cb,von klinger,1,2026-08-06T11:34:07.853Z,Autentikasi & Akun; Kinerja & Server,Negatif,Negatif,0.9888,"Bukankah ini perusahaan negara ? lalu kenapa membangun server yang jelek ,slow respon / bad conection.. regis nomor hp gagal terus, regis email telat notice terus ? jangan jangan tukang IT nya korupsi kah ? atau korupsi berjamaah ?"
a237ff4d-64b5-43bd-b0e3-1bb522d655f3,Anggi Mehakati,5,2026-08-06T11:30:55.138Z,Antrean & Faskes,Positif,Positif,0.7375,sangat membantu dalam pengambilan no antrian dan layanan kesehatan lainnya
ec59191f-308d-452b-a683-8cfa61d43416,Idris Hidayat,4,2026-08-06T11:16:11.525Z,Autentikasi & Akun,Positif,Negatif,0.9376,Mau log in kok captcha nya salah mulu sih padahal dah bnr masukin nya
1ae31fb4-7ffc-43b5-b385-084659573ae8,Sudrajat Nur,5,2026-08-06T11:06:37.666Z,Lainnya,Positif,Positif,0.9264,mantap dan mendukung
66e1d74b-2287-415e-a9dc-cbc44b7b88ee,Nasri,1,2026-08-06T11:04:36.142Z,Lainnya,Negatif,Negatif,0.7302,tidak bisa di download di hp saya
5e188eed-fba0-425a-9c42-a4ed9da8f68b,Abu Ammar adi,5,2026-08-06T10:51:51.686Z,Lainnya,Positif,Positif,0.9032,pelayanannya menyenangkan
0156a3b9-9e33-42cf-b465-dfb4242a991a,E. S. R,5,2026-08-06T10:50:54.176Z,Lainnya,Positif,Positif,0.9302,bikin makin mudah
7fa36fc7-ae2a-4222-a483-da6756af69ff,bram B,5,2026-08-06T10:24:31.353Z,Autentikasi & Akun,Positif,Positif,0.6055,lebih mudah daftar online
ddf28269-de17-461c-bf32-876beaf7ed62,Soga Lawe,1,2026-08-06T10:24:02.306Z,Autentikasi & Akun,Negatif,Negatif,0.8633,"aplikasi macam apa ini,susah sekali mau daptar masuk aja.tanggapi dong keluhan konsumen.mau masuk aja lho daftar susah banget ."
111f9b94-2779-40b0-8e66-7b72010ea5e1,fikri monsxy,1,2026-08-06T09:55:07.188Z,Autentikasi & Akun; Kinerja & Server,Negatif,Negatif,0.9703,"udah update malah gabisa masuk akun, kode captcha gamuncul terus anyingg"
72441f98-bbef-4da2-bd53-e6f2d79d955a,Karisma Muharomah,1,2026-08-06T09:44:39.367Z,Antrean & Faskes,Negatif,Negatif,0.8906,"ini gimana gada nomor rujukan padahal ada , jadi susah ambil antrian online"
a6b3f893-141d-436e-b2d6-610f989918ca,Jainal Efendi,5,2026-08-06T09:22:09.892Z,Lainnya,Positif,Positif,0.9941,"sedikit membantu, terimakasih"
e00760ee-84d4-47b4-aaac-6e6fb10d4f78,bobi sugandi Gultom,5,2026-08-06T09:21:52.930Z,Lainnya,Positif,Positif,0.9824,Terimakasih Proses nya sangat Cepat
1567549a-94b9-4449-a9fb-e839380776c1,Hendra Zukash,5,2026-08-06T09:02:38.338Z,Lainnya,Positif,Positif,0.9954,"keren,bagus dan sangat membantu"
76f62406-b199-43d1-97af-7e2225216968,Bejo channel,5,2026-08-06T09:00:40.398Z,Lainnya,Positif,Positif,0.964,jos jis
135a86eb-55fb-42b8-b8b4-21dd21b8d19b,San_SNP,3,2026-08-06T08:52:04.148Z,Kinerja & Server,Positif,Negatif,0.7789,kenapa suka kendala gak ada jaringan alias offline sih? padahal jaringan aman udah pakai wifi atau data tetep kaya gitu
ad6162f0-b592-4ccf-9253-15629fb2b089,Citra N028,5,2026-08-06T08:29:05.552Z,Lainnya,Positif,Positif,0.9897,sangat membantu
a770e36b-7627-42b6-b050-64c92e520eca,Rhy,1,2026-08-06T08:25:19.766Z,Autentikasi & Akun,Negatif,Negatif,0.8883,"payah ada kendala lewat wa pandawa bbjs pun tidak secara jelas dan detail apa yg kita keluhkan, sering terjadi masalag login pdhl internet udah conect stabil"
4735efdf-5cce-4d0c-a9c7-197923f838ee,Iwan Riduwan tanjung,1,2026-08-06T08:24:17.200Z,Autentikasi & Akun,Negatif,Negatif,0.9691,"kode otp gk masuk"" gila!!! stres aku gara"" aplikasi mobile jkn."
d9fe2ab3-58e7-4732-802a-5f383982d904,novie tania,5,2026-08-06T08:14:05.880Z,Lainnya,Positif,Positif,0.8494,sudah bagus sistemnya
0c0855ab-086c-45c2-b178-44ab22b9a03b,Nur asiyah Nur,5,2026-08-06T08:10:28.373Z,Lainnya,Positif,Positif,0.9897,sangat membantu
35722d15-61c9-4ec5-b11a-e1c0f39f4bec,Name Azima,1,2026-08-06T08:08:38.180Z,Autentikasi & Akun,Negatif,Negatif,0.9914,aplikasi rusak seharuanya sekali login tidak perlu berkali² login. menyusahkan. giliran lupa pin/password harus verifikasi lagi kode otp gak mau masuk
a5a49e7f-8af0-475a-b7a9-075bc5ce9099,deni Tok,1,2026-08-06T08:05:36.950Z,Lainnya,Negatif,Negatif,0.5765,"harus nya bisa menyeluruh Indonesia si jangan cuma ceda provinsi, kota ga bisa di pake"
c5353b3d-60ae-4671-8901-f6a2ca3df0d8,Suparman Lihawa,1,2026-08-06T07:55:18.186Z,Antrean & Faskes,Negatif,Positif,0.6473,Penanganan keluhan peserta terhadap pelayanan faskes terkesan di sepelekan
1581708d-085a-4a3a-902f-ed17781b04c3,Muklasin,5,2026-08-06T07:53:33.983Z,Lainnya,Positif,Positif,0.9856,Bagus dan cepat tanggap
783e0d79-78be-4933-ae40-5095104d35d1,Adar Darussalam,5,2026-08-06T07:48:31.569Z,Lainnya,Positif,Positif,0.9892,sangat membantu dan memudahkan
b014e7c4-543d-4621-8310-0c1828d22761,baraya.sadaya,1,2026-08-06T07:47:03.359Z,Lainnya,Negatif,Positif,0.8122,ini sih agar rakyat harus pakai hp baru.. biar aplikasinya kompatibel😁
f3034679-0587-4ac4-ae3b-87ab76ce0cee,Denia Siska Putri,5,2026-08-06T07:39:06.866Z,Autentikasi & Akun; Antrean & Faskes; Kinerja & Server,Positif,Negatif,0.7863,"Bagus berguna bgt buat ambil no antrian rs atau puskesmas. Tapiii tolong di perbaiki lagi kadang suka bugg akun nya, keluar sendiri jadi agak repot buat masukin ulang."
903e2667-e075-4e71-ae99-6259054be192,Joko Pitono,1,2026-08-06T07:37:20.977Z,Autentikasi & Akun; Antrean & Faskes,Negatif,Negatif,0.9251,"login di device sama dianggap login di device yang lain, di logout secara paksa, orang mau berobat dibuat susah"
f900b7c5-d081-4de1-8f68-6cb57d0f32ac,Dulin Dulin,5,2026-08-06T07:31:01.658Z,Lainnya,Positif,Positif,0.9775,mantul
48a16bc9-a6ff-43ae-835d-b6845bf407f7,Galih Muji Putra,1,2026-08-06T07:23:11.116Z,Antrean & Faskes; Iuran & Layanan,Negatif,Negatif,0.5585,PERCUMA BAYAR TIAP BULAN KALO SEKALINYA BEROBAT DI KASIH OBAT MURAH!!!
c2e78fc9-0d6f-4062-b397-f250ddf91227,Junjung Drajat,2,2026-08-06T07:07:33.742Z,Autentikasi & Akun,Negatif,Negatif,0.9894,aplikasi gk berfungsi.. ketika mau daftar gak bisa dpt kode OTP dari sms. coba lewat email ada sih tapi telat.. giliran sudah dapat.. tetep aja hrus dapat OTP lagi dari sms... GK GUNA...
5a12c10c-7809-4370-85ac-3b8d120dd015,Muhammad Shofiyullah,1,2026-08-06T07:04:01.988Z,Iuran & Layanan,Negatif,Negatif,0.7097,perbaiki dulu layanan kesehatan di negeri ini baru boleh mengingatkan untuk bayar bpjs
27259754-56c6-42ca-a841-ccf28b62aa38,Dori Marlince,5,2026-08-06T06:57:34.996Z,Lainnya,Positif,Positif,0.9302,semakin di permudah
8ffca32e-f131-481e-b2fc-572562ac5de8,Aidan Mursyid,5,2026-08-06T06:51:18.564Z,Antrean & Faskes,Positif,Positif,0.9523,sangat membantu dan memudahkan antrian tak perlu datang pagi2
990809da-a3b7-4ebe-806b-efedc90ef1b7,Chu dori,5,2026-08-06T06:49:50.698Z,Lainnya,Positif,Positif,0.9775,mantap
541399fe-ce7f-4202-9eb3-30cd582c40bd,Jessica Nandarto,1,2026-08-06T06:33:36.920Z,Autentikasi & Akun,Negatif,Negatif,0.9869,"gabisa login karna lupa password. cuma bisa verifikasi lewat nomor hp karna email belum terdaftar. nik sesuai, nomor sesuai dan masih aktif, pulsa ada 100.000. verifikasi selalu gagal. 2 kali isi form pengaduan tapi ngga ada solusi."
ad5f61d1-92f7-4d91-9a5b-a71fb0413310,Siti Rohani,2,2026-08-06T06:31:06.297Z,Lainnya,Negatif,Negatif,0.7371,app yang menyebalkan dan membagongkan.
2d8730a8-47ce-405b-8bf3-ade2a5039f9d,Ahus Wiryanto,5,2026-08-06T06:25:20.922Z,Lainnya,Positif,Positif,0.9775,mantap number one
8232208e-7037-4e65-b96b-d2e26e148d2c,Dani Cule,5,2026-08-06T06:17:14.726Z,Lainnya,Positif,Positif,0.9686,sangan membantu banget
ada09ea9-8f6e-455d-814c-aed145b1bf60,Abdul Karim Saepulloh,5,2026-08-06T06:04:56.139Z,Iuran & Layanan,Positif,Positif,0.9236,alhamdulillah semenjak ada aplikasi jkn keluarga terkafer bpjs
34b0daa3-c244-4d32-92c7-3845e88248c4,Sutiatul Kamila,5,2026-08-06T05:54:07.629Z,Lainnya,Positif,Positif,0.9911,memuaskan cukup mudah d pahami
e8ac431e-a5f2-4d1f-bd04-adf038005038,Dodi Saputra,5,2026-08-06T05:54:00.346Z,Lainnya,Positif,Positif,0.8451,kereen
f3f85b98-8be6-48b9-81a2-cbecbd3fc3e2,Dema Dema lase,5,2026-08-06T05:49:49.384Z,Lainnya,Positif,Positif,0.9775,MANTAP
f161a9a3-695e-41ff-8c2b-9a0f68c05fd0,Ramli Timumun,1,2026-08-06T05:29:46.718Z,Lainnya,Negatif,Negatif,0.9175,"aplikasi anjingg, ribet gak jelas"
94481070-ab95-43ae-b564-cc8e4be32dac,Nurhayati Simanjuntak,4,2026-08-06T05:22:29.832Z,Lainnya,Positif,Positif,0.9564,baik
7ee62ae5-de84-49be-a92a-16c091480ea5,Talijaya mild,5,2026-08-06T05:02:05.841Z,Lainnya,Positif,Positif,0.9897,sangat membantu
89df7f58-56b8-4b4e-b12b-efae99faf997,Angga Widyanto,5,2026-08-06T04:57:36.780Z,Lainnya,Positif,Positif,0.7889,aplikasi yang sangat berguna
f1a72d17-e9e8-427d-b932-143debec44e6,Muhamad Syarif Hidayat,2,2026-08-06T04:56:14.586Z,Autentikasi & Akun,Negatif,Negatif,0.9818,mau daftar gk bisa mulu macet di nomer verifikasi selalu gagal gk ada sms yang masuk juga padahal nomor bener dan juga masih aktif
849e02ec-715e-4751-be23-81583d0412fc,Didin Afipudin,5,2026-08-06T04:54:50.310Z,Autentikasi & Akun; Antrean & Faskes,Positif,Positif,0.8527,"selama menggunakan aplikasi ini, benar benar terbantu, karna bisa daftar lebih awal, dan tahu jadwal dokter nya lebih spesifik. pokoknya best"
74d3da04-0adf-410d-b544-f924a6fea054,astutifransiska Sihombing,1,2026-08-06T04:52:05.403Z,Autentikasi & Akun; Antrean & Faskes; Kinerja & Server,Negatif,Negatif,0.9335,"Awalnya lancar saat mendaftar,tapi pas permintaan kode otp via sms malah gak ada masuk smsnya..buang buang waktu dan kuota aja,,padahal jaringan nya bagus🤪"
380a670c-d902-4728-809d-42bdf421cb55,Mpong Sari,3,2026-08-06T04:51:41.577Z,Autentikasi & Akun,Positif,Negatif,0.9523,tolong diperbaiki lagi untuk verifikasi wajah nya gagal trus
16fefae6-f01e-443e-a5cd-08659884d5ab,Fitrianti Fitrianti,3,2026-08-06T04:41:10.291Z,Lainnya,Positif,Negatif,0.578,knp diponsel saya tidak bisa ter Download ya pak..
b7629161-88d4-4a65-b4bc-71ccd87dbc8e,Fiskarit Nayeldi,5,2026-08-06T04:37:20.874Z,Autentikasi & Akun; Iuran & Layanan,Positif,Positif,0.9406,"aplikasi bagus, sangat membantu. tidak perlu lagi datang ktp untuk perubahan data."
7c3aa342-10f2-4c97-a2a6-b01f9314c4d5,Hadi Suwardi,5,2026-08-06T04:11:57.473Z,Lainnya,Positif,Positif,0.9775,keren
8f943b35-e3db-4bbf-ac5f-231bda71dd4a,Agus SWT,1,2026-08-06T03:53:20.917Z,Antrean & Faskes; Iuran & Layanan,Negatif,Negatif,0.924,"ribet bgt bpjs untuk kontrol, semakin kesini semakin dipersulit kalo mau dipakai. seolah seolah biar ga dipake tu fasilitas bpjsnya"
385fc12e-d360-4b8f-ac9d-4b0f90dc6080,Roby Kartobi,5,2026-08-06T03:43:15.400Z,Lainnya,Positif,Positif,0.8224,jkn sangat mebantu
305ab253-f134-4725-9263-7e3c65667c56,Suharsiyo harsiyo,5,2026-08-06T03:41:34.952Z,Lainnya,Positif,Negatif,0.5518,"lancar, nya man, tidal pernah gagal tidak"
479a513c-1600-4da6-bdfe-07fdd142d9b9,DESI FEBRIATI,5,2026-08-06T03:28:57.820Z,Lainnya,Positif,Positif,0.7703,"mempermudahhh, pelayanan cepatt"
8d3b26c8-3ff5-4427-8466-fc2ff6f7e297,Prof. Dr. Yasmirah Mandasari Saragih SH MH,5,2026-08-06T03:26:23.416Z,Lainnya,Positif,Positif,0.9926,The best
0ebfa982-e8aa-401b-9afb-2133832da970,Meli Della dika,1,2026-08-06T03:22:42.299Z,Lainnya,Negatif,Positif,0.6521,aplikasi gak bisa di gunakan..delete ajah
092315a6-8d4a-4564-b451-eab5fc74577b,Yopi Sia,5,2026-08-06T03:21:15.951Z,Lainnya,Positif,Positif,0.963,pelayanan sangat baik
6ddaa5cc-0a74-4eb2-8f5c-96fa6a9d5dee,Widodo Gege,5,2026-08-06T03:16:37.794Z,Lainnya,Positif,Positif,0.9428,sangat membantu masyarakat
b27909e8-e3b4-42a4-a9aa-bd82ea608bef,D'Gubuk,1,2026-08-06T03:16:34.244Z,Antrean & Faskes,Negatif,Negatif,0.8678,percuma instal aplikasi kalau ambil antrian masih pakai manual
9129a902-8170-4a4e-9d7c-1f603c4e3e02,Nur Hayati,5,2026-08-06T02:55:31.412Z,Lainnya,Positif,Positif,0.9775,keren bisa dari aplikasi
c6d9979a-eedf-494a-b962-0d796d1e6b45,nadhif al kautsar,1,2026-08-06T02:41:45.570Z,Autentikasi & Akun; Iuran & Layanan,Negatif,Negatif,0.632,"aplikasi ga jelas, mau login akun dipaksa aktifin autodebet, giliran gua ikutin buat aktifin autodebet malah dapet notif gagal aktifin, padahal udah dapet sms berhasil dari bank, hebat ni aplikasi, beneran maksa aktifin autodebet, kalo ga aktifin gabisa ke beranda aplikasi harus nyelesain pendaftaran autodebet, yang berarti lo gabisa make ni aplikasi kalo ga aktifn autodebet, dikasus gua malah gabisa diaktifin autodebetnya ngebuat gua gabisa make ni aplikasi, mantap🫡 maju terus Indonesia 🇮🇩"
2eb6f665-913b-4423-a01d-8a15d5f0e059,aira Surya,5,2026-08-06T02:39:10.179Z,Lainnya,Positif,Positif,0.9865,Cepat tanggap.. Terima kasih
2470d26a-9a83-4db6-a0da-7547e29b2398,Ujang Ahmad,1,2026-08-06T02:36:10.318Z,Lainnya,Negatif,Positif,0.5334,aplikasi ccat njih
aeadcede-8e72-4b7e-b8a3-27cb6a7c8395,Khian Menggana,5,2026-08-06T02:31:42.878Z,Lainnya,Positif,Positif,0.9564,baik
b1d80dd7-bb12-4591-a6b9-820134afb4ac,Siska Purwasih,5,2026-08-06T02:24:04.490Z,Lainnya,Positif,Positif,0.9775,good
d78480ef-7f03-4edf-8f4f-d53237a0242a,Dion Azhari,5,2026-08-06T02:21:29.188Z,Lainnya,Positif,Positif,0.9478,"Respon cepat, aktual"
0c324fd3-db65-4fda-abd3-a11e1df83596,Raffa sya,1,2026-08-06T02:17:32.126Z,Lainnya,Negatif,Negatif,0.8506,APLIKASI GAGAL
c1558a74-5eb1-4614-8376-664f45e07ffc,Otto Silaen,1,2026-08-06T02:17:18.191Z,Lainnya,Negatif,Negatif,0.9174,Bobrok semua aplikasi pemerintah
87a56f63-e627-4ac3-abeb-db210748868e,Agus Nurdin saepuloh,5,2026-08-06T02:10:25.720Z,Lainnya,Positif,Positif,0.9564,baik
29dd14f6-4f76-46e2-af9f-1aff5a96ac67,ilham ahmad,5,2026-08-06T02:10:06.981Z,Lainnya,Positif,Positif,0.9897,sangat membantu
13cfb85c-6732-4903-891d-dcadb939c71f,jumat efendi,1,2026-08-06T02:08:42.660Z,Autentikasi & Akun; Iuran & Layanan,Negatif,Negatif,0.865,"Gini aja deh, balikin duit gua yg udah masuk bpjs selama 10 tahun. Ribet amat. Gua bayar rutin. Pake baru sekali doang. pengguna bpjs malah dihina. viral tuh di fb"
e8fdf947-8c22-49fb-8115-572b303c69e6,Adelyne Diza,3,2026-08-06T01:59:09.900Z,Autentikasi & Akun; Antrean & Faskes; Kinerja & Server,Negatif,Negatif,0.9541,"kalo jarang pakai aplikasinya sering keluar sendiri dari akun jknnya, jadi agak repot bolak-balik harus login lagi, lalu untuk mendaftar ambil antrean sangat lemot sering tidak dapat diproses tolong dibenahi bagian ini ya!"
8708cad2-e071-4648-b50c-aa3a715797ec,Sudirman Sudirman,5,2026-08-06T01:59:08.172Z,Lainnya,Positif,Positif,0.9775,good
6e1f77f6-4844-4a43-94cb-5ec29f34c7a7,Ilham Amir,1,2026-08-06T01:58:35.466Z,Kinerja & Server,Negatif,Negatif,0.9832,"jelek sekali aplikasinya, padahal jaringan sudah maksimal... melapor ke admin rumah sakit juga tidak bisa dibantu karena aplikasinya bermasalah, tolong di perhatikan pengembang aplikasinya"
929ca6ad-ac8a-403b-9e09-34a1f16f3c0b,Akhirulanam Anam,5,2026-08-06T01:58:18.395Z,Lainnya,Positif,Positif,0.9302,membuat lebih mudah
8b9b8951-58a1-48fc-b491-2a05f178c6f4,Dimas Farezi,3,2026-08-06T01:55:20.516Z,Antrean & Faskes,Positif,Positif,0.5524,"buat data tolong di perbaiki lagi, ini punya saya sudah ada surat rujukan, mau ngambil antrian surat rujukannya tidak keditek (Faskes tingkat lanjut)"
39d2bf06-5ecb-42d5-a763-147804050a97,Acil gaming,1,2026-08-06T01:54:23.537Z,Antrean & Faskes; Kinerja & Server,Negatif,Negatif,0.9421,"makin kesini makin susah di akses mau ambil antrian aja payahnya minta ampun, selalu gagal, padahal jaringan aman aja, tolong la di perbaiki, ingat ini app untuk masyarakat umum"
97cafd1e-a2a6-4f7c-ad83-6a7c644eca28,Ardi Wijaya,5,2026-08-06T01:52:36.756Z,Lainnya,Positif,Positif,0.9889,ok
a1df18cc-73f6-487a-b974-3d0dfb761b2c,Ibu Aty,1,2026-08-06T01:36:25.385Z,Antrean & Faskes,Negatif,Negatif,0.7632,"jkn sekarang kenapa ya, mau ambil antrian buat rujukan mingggu depan gak bisa terus udh 3x periksa gak bisa terus"
2eb46ff6-10ea-4e6b-b2db-302e98c30742,Chintya Mega Utari,5,2026-08-06T01:31:34.561Z,Lainnya,Positif,Positif,0.9897,sangat membantu
cd2be63d-087e-40ab-a578-ea395e2590b5,Mafika Ayu,1,2026-08-06T01:30:28.440Z,Autentikasi & Akun; Antrean & Faskes; Kinerja & Server,Negatif,Negatif,0.9349,"aplikasi apasih ini gangguan terus,mau masuk aja loading nya lama banget,,mau daftar antrian pun gak bisa,tolong di perbaiki!!!"
ab61747e-9c21-4735-a577-ada1fb9d0204,Mela Julianti,5,2026-08-06T01:28:41.773Z,Lainnya,Positif,Positif,0.9965,bagus dan sangat membantu
c00e9df9-51ac-449a-a6c0-37f0f8e5a211,roby Ayuby,4,2026-08-06T01:26:20.408Z,Lainnya,Positif,Negatif,0.6325,ko saya ga bisa download apk ini kenapa ya..
b82d30a2-2451-4cac-bb43-bf791d3ba39b,Hi Tam,5,2026-08-06T01:19:13.897Z,Lainnya,Positif,Positif,0.9965,"sangat bagus, karena ada aplikasi ini saya menjadi sangat terbantu"
a4c78951-37e5-42bc-9b9a-286ef11d2534,Rini Fidyas,4,2026-08-06T01:17:46.878Z,Lainnya,Positif,Positif,0.9564,baik
cea6166d-ee06-4924-bc63-79cf9cf92f55,Zulkarnain Zul,5,2026-08-06T01:14:59.408Z,Lainnya,Positif,Positif,0.9564,baik
4fc0a810-4134-4049-bee2-6ab59ed0c847,primaran dewi,5,2026-08-06T01:03:37.309Z,Lainnya,Positif,Positif,0.9897,sangat membantu
650ca257-5edb-42b3-b99f-94aca29c828f,Bayu Hidayat,1,2026-08-06T01:03:25.601Z,Lainnya,Negatif,Negatif,0.6612,merepotkan
34fa8476-e1cc-4c93-850c-66c97ecbb79f,Rizki Muhamad,1,2026-08-06T00:58:06.726Z,Autentikasi & Akun; Kinerja & Server,Negatif,Negatif,0.976,"memang aplikasi pemerintah gada yang bener, mau daftar aja selalu eror aplikasinya, ANEH!!"
042c6a3f-1318-4cc3-b273-fea964d3ed98,Nur Piyanti Agustina,2,2026-08-06T00:53:38.846Z,Lainnya,Negatif,Negatif,0.5562,tidak bisa di download di seri vivo y81
aedf21cd-515e-4b99-a3e2-f490be817a63,Nani Syahrul,5,2026-08-06T00:52:56.366Z,Autentikasi & Akun,Positif,Positif,0.9886,jkn mobile bagus sangat membantu di pelayanan pendaftaran kesehatan online. terimakasih 🙏 JKN
f88818f5-e51f-4237-9483-88930682a46e,Solleh Solleh,5,2026-08-06T00:49:53.655Z,Lainnya,Positif,Positif,0.9775,sipppppp
614ac03d-3b3e-4456-8886-098a66d98711,Agew aza,5,2026-08-06T00:27:04.747Z,Lainnya,Positif,Positif,0.9897,sangat membantu
bd7907a9-d8fc-4548-a34f-137c12ec189b,Diandra Kusuma,5,2026-08-06T00:25:42.192Z,Lainnya,Positif,Positif,0.9775,keren
4bfa00e8-d58a-44bb-8817-d5d471fbb3a7,Muchammad hisa Gemilang,5,2026-08-06T00:24:30.194Z,Lainnya,Positif,Positif,0.9775,bagus
80c5aadc-5c36-46c9-a8f1-93d4b8e8818e,Dewa Ardika (Dika),1,2026-08-06T00:21:32.550Z,Lainnya,Negatif,Negatif,0.5502,lokasi kalian diakses diam-diam loh... jadi setelah pakai matikan izin akses lokasinya
5ca1beec-025b-46d5-a052-55b544bab50b,Sopian Pian,1,2026-08-06T00:20:34.695Z,Kinerja & Server,Negatif,Negatif,0.743,uplikasi nya lagi eror yah sudah 2 Minggu belum bisa kebuka
6d2f90d0-29ee-4451-bf82-6b6777cb1a64,Subehki Waeng,5,2026-08-06T00:19:34.743Z,Lainnya,Positif,Positif,0.9775,mantap
f435c143-98fb-4e50-8ec3-b78f33896ae0,Dewi Ernawati,5,2026-08-06T00:10:55.730Z,Lainnya,Positif,Positif,0.9637,cukup baik
23fb9896-9731-44f5-9c08-367be9fefe8d,Rohman Chehey,5,2026-08-05T23:56:57.208Z,Lainnya,Positif,Positif,0.9571,Menyenangkan dan mudah
195a24bd-47d3-4015-9e88-40d24f8d3739,D Samsudin nur,1,2026-08-05T23:48:18.614Z,Antrean & Faskes,Negatif,Negatif,0.911,"masih saja ambil antrian,pendataptaran ke RS manual,"" jadwal dokter belum tersedia""....untuk daptar by aplikasi,hadehhh"
4e44e9d1-a37a-4a30-9eb1-b8d7e33aa80f,tuslam sp,4,2026-08-05T23:42:31.848Z,Autentikasi & Akun; Antrean & Faskes,Positif,Positif,0.7867,mudahan saja menjadi solusi mempermudah pendaftaran online. pada saat berobat atau yang lainnya.
29f89269-a5b2-4c3e-b951-fdda88bd2990,Asmanah,5,2026-08-05T23:32:05.503Z,Lainnya,Positif,Positif,0.9691,lbh mudah dan praktis
2ad48c2b-f2dd-41a8-9374-29d0fb04320d,Erwin Gunawan,1,2026-08-05T23:29:29.798Z,Kinerja & Server,Negatif,Negatif,0.9924,"aplikasi jelek, lemot, sering gangguan 👎"
fe244e0f-9272-49e5-88c1-fe8939b76a34,farid hidayat,5,2026-08-05T23:29:18.706Z,Lainnya,Positif,Positif,0.9775,mantap
6aa0dbba-8f5c-4175-acaa-ad27bd432ef0,Khoirul Febriansyah,1,2026-08-05T23:25:17.915Z,Autentikasi & Akun; Antrean & Faskes; Kinerja & Server,Negatif,Negatif,0.8291,semenjak update hp kentang gk bisa install jkn sedang kan daftar antrian hrus pakai jkn sedang hp cuma punya hp kentang menyusahkan masyarakat
ed779657-950f-4033-bccc-74fa51b9d90a,Firhan WP,1,2026-08-05T23:23:02.442Z,Antrean & Faskes; Iuran & Layanan,Negatif,Negatif,0.7875,"sitemnya gak jelas ,saya bayar auto debit selalu gak pernah nunggak ,tapi ketika mau berobat non aktif heran mau duitnya doang ini mah"
0d7eedaa-3099-466d-9cf8-8025eea94213,By-you Permana,2,2026-08-05T23:22:20.756Z,Autentikasi & Akun; Antrean & Faskes; Kinerja & Server,Negatif,Negatif,0.8544,"Jadi sering error aplikasinya...udah terdaftar jauh"" hari kontrol rutin bulanan ke RS malah ilang..."
5b8aaf34-9540-4e4f-a8e9-028e588436d7,Jukim Tea,1,2026-08-05T23:19:02.140Z,Autentikasi & Akun; Antrean & Faskes; Kinerja & Server,Negatif,Negatif,0.5995,maaf sy kasih bintang 1 karna sering eror saat akan daftar ke faskes tingkat lanjut
34154d3c-87cf-44af-a2eb-2da31d0b55a9,Misriwan Riwan,3,2026-08-05T23:17:51.588Z,Autentikasi & Akun; Antrean & Faskes,Positif,Negatif,0.9818,"Pdhal wifi sma seluler saya gk buruk eh seketika mau daftar nmor antrean malah d bilang buruk aneh dh, tolong di perbaiki ni aplikasi"
b8c70681-7a87-4fd1-a9f3-53cdd39ed0ee,Luthfi Haru,1,2026-08-05T23:09:27.976Z,Kinerja & Server,Negatif,Negatif,0.9625,Payah aplikasi yang hubungannya dengan pemerintah selalu lambat banyak dosanya
5b7e2c7c-4777-4265-b3a2-1d24c2fba6b7,Irfhant,2,2026-08-05T23:08:48.621Z,Kinerja & Server,Negatif,Negatif,0.863,"tolong diperbaiki lagi bugnya, masak udah aktifin data seluler malah offline di aplikasinya"
02ffe233-1386-4952-8fce-df45d9e2887b,Ang Sonic,1,2026-08-05T23:08:30.800Z,Lainnya,Negatif,Negatif,0.6116,aneh gbsa d buka. dlu sh lancar
27e50ac2-1cc7-494d-9ea3-91b215a9d44f,Kurniawan Dedy,1,2026-08-05T23:06:08.740Z,Kinerja & Server,Negatif,Negatif,0.8225,"kenapa sekarang sering eror, apa fungsi nya kalo aplikasi sering eror seperti ini !!! aplikasi 4n7ing !!!"
044d8a28-497f-4b04-bb1c-0d65d07bea9b,Andi Lestian,3,2026-08-05T23:04:18.944Z,Autentikasi & Akun; Kinerja & Server,Positif,Negatif,0.5211,error mulu tiap buka halaman Info Riwayat Pelayanan & riwayat pelayanan yg sedang berlangsung tolong di sediakan di halaman depan aja (floating) biar setiap ingin lihat pendaftaran atw pengambilan nomor itu bs di liat dengan mudah.
d8f6385c-02f5-481a-bb26-6b7fb92e3196,Asti Mustika,1,2026-08-05T23:04:07.695Z,Autentikasi & Akun; Antrean & Faskes,Negatif,Negatif,0.8694,"seringkali tiap daftar online untuk faskes satu itu permintaan tidak dapat di proses, begitu refsresh, malah tidak dapat mengambil antrean karena sudah daftar. aneh banget"
164cd15e-9742-479c-925a-56fe4142f50b,isma,1,2026-08-05T23:02:21.521Z,Autentikasi & Akun; Antrean & Faskes; Kinerja & Server,Negatif,Negatif,0.9902,"sumpah demi apapun apknya jelek, untuk apa apknya kalo daftar online udah bisa, pas hari h mau dipake apknya eror dong, parah,,, jadi gak mempermudah malah ngeribetin. gak mempersingkat waktu malah jd kerja 2 x, udah ambil no antrian malem,paginya di cek gak bisa terpaksa ambil pagi banget perbaiki lagi deh kalo ke gini terus mending di uninstall dr pd ga berfungsi"
329b55bc-3142-4dd8-8c63-9189534cdeaf,Yeremia Septianingsih,2,2026-08-05T23:00:49.000Z,Lainnya,Negatif,Negatif,0.9883,apk jelek sering gangguan
a3a3e83f-1c4b-4a37-ab54-7536335af3b6,Ika Lisnawati,1,2026-08-05T22:59:19.518Z,Kinerja & Server,Negatif,Negatif,0.8381,aplikasi lemot n sering tidak bisa buat dftr
75c11a8e-cbe8-4c91-bc46-12531ee4dfa0,Rhyo Pernando,3,2026-08-05T22:57:40.934Z,Kinerja & Server,Negatif,Negatif,0.8197,"dari awal pake sistem tidak ada kendala,,,tapi makin kesini-sini sistem error terus.... jadi bintang saya kurangi 2"
3524ea12-6792-4f77-a13c-66f8132889e8,Pardi supardi Pardi,3,2026-08-05T22:47:19.165Z,Autentikasi & Akun; Antrean & Faskes,Negatif,Negatif,0.7224,"susah bngt selalu aja ada kendala ketika login atau ambil antrian, mohon di perbaiki aplikasinya, terimakasih"
f6b9814a-feb5-41df-9c9c-9e36c81d5841,Andi Setiyawan,1,2026-08-05T22:37:58.456Z,Kinerja & Server,Negatif,Negatif,0.8495,error trus
25457a75-2cd0-458b-92a7-d1fa7e73ac30,Asfa Muhammad Hatta,1,2026-08-05T22:36:35.436Z,Autentikasi & Akun; Kinerja & Server,Negatif,Negatif,0.9147,"pliss banget ini mah perbaiki lagi servernya, ga jelas banget ga bisa masuk padahal lagi urgent"
35df71a3-5206-437a-a77f-aa3d08750647,Adha Nur,1,2026-08-05T22:36:33.586Z,Lainnya,Negatif,Negatif,0.957,Aplikasi sampah
b3c3dfcf-dd35-4135-929e-6b0202637e86,Sari Bowo,4,2026-08-05T22:35:18.845Z,Kinerja & Server,Positif,Negatif,0.8841,"setiap update pasti log out sendiri, tolong diperbaiki"
91cf7720-dd35-4381-ae91-beea7152853b,Riskiani Ani,5,2026-08-05T22:28:59.279Z,Antrean & Faskes,Negatif,Negatif,0.9673,"tolong perbaiki lagi,,karne kami kesusahan untk ambl no antrian... kepaskes tingkt lanjut,, knape skrg beroobt dipersulit,,"
ab610efd-e278-42e6-9757-a7c4ece4d577,Nur Puji,1,2026-08-05T22:26:04.214Z,Antrean & Faskes; Kinerja & Server,Negatif,Negatif,0.8116,ini kenapa mau ambil antrian onlie sll gagal terus pdhl jaringan ful
5d82977c-847d-42a8-849d-e600f4939cc6,Adhy Adam,1,2026-08-05T22:18:22.651Z,Autentikasi & Akun; Antrean & Faskes; Kinerja & Server; Iuran & Layanan,Negatif,Negatif,0.6433,"pengen daftar faskes tingkat lanjut selalu naek ""permintaan tidak dapat diproses"" ato klo ngga ""mohon dapat cek kembali koneksi internetanda"" pindah HP pun sama aja. mana ngga ada yang bisa kepencet."
9730aee0-c407-4bc2-a4d8-098a760b3025,Hasrif Nova Syahputra,1,2026-08-05T22:04:26.358Z,Autentikasi & Akun; Kinerja & Server; Iuran & Layanan,Negatif,Negatif,0.9808,aplikasi ini ribet dan sangat susah untuk melakukan pendaftaran padahal jaringan stabil tapi tetap tidak bisa mengakses data di aplikasi ini. bikin repot penggunaannya. sudah bayar BPJS tapi tetap dibikin repot dengan aplikasi ini👎
249e6e84-0b3f-43fa-8fec-84f78b5d05bb,Askari,1,2026-08-05T22:03:02.985Z,Lainnya,Negatif,Negatif,0.8426,ribet
5d3c1724-9127-4602-abc2-0963d075ed6c,Uto Denis,5,2026-08-05T22:00:40.768Z,Lainnya,Positif,Positif,0.9775,good
